news_id,author_id,text,likes_count,retweets_count,comments_count,quote_count,mentioned_user_ids,mentions_raw,urls_raw,mentions_count,topic,subtopic,created_at,sentiment_score,diversity_score,context_score,recency_score_oracle,oracle_social_capital_score
1369343506939019269,759251,"As first lady of the United States, and the first Black person to serve in the role, Obama ""has emerged as one of the most influential and iconic women of the 21st century,"" a statement from the National Women's Hall of Fame says. https://t.co/o8uJq4MNrt",3941,450,271,55,,,{'https://t.co/o8ujq4mnrt'},0,Notícias,Do Mundo,2021-03-09T17:45:07.0000000+00:00,-0.0952694714069366,0.9166666666666666,0.0888368969102924,0.5596239587541866,2898.855215360583
1151160990995746816,180463340,"DRACARYS!
#GameofThrones is the most nominated series at this year’s #Emmys, with 32 nominations. https://t.co/cmPM3XonUE",58339,13354,1156,3324,,,{'https://t.co/cmpm3xonue'},0,Entretenimento,Séries de TV,2019-07-16T16:05:42.0000000+00:00,-0.1916708052158355,1.0,0.1977167368444619,0.5524744952677909,49465.915255567365
1343240225129168898,1060978099146260480,Relive every step of the journey. All episodes of #TheMandalorian are now streaming on @DisneyPlus. https://t.co/aceayr6vdX,8265,617,103,42,985916593065476096,{'985916593065476096'},{'https://t.co/aceayr6vdx'},1,Entretenimento,Séries de TV,2020-12-27T17:00:00.0000000+00:00,-0.1788420379161834,1.0,0.1848810915589094,0.5585275396063395,5391.017369792038
1312476369830338561,1141417774201184257,"Scream Fortress XII –⁠ the annual Team Fortress 2 Halloween Event –⁠ has begun! Play on four new Halloween themed community maps, get tons of new community unlocks, and check out improvements to the Mannpower game mode. https://t.co/1PBcS8e3D1 https://t.co/VSGJKWZaxw",11406,1708,511,196,,,"{'https://t.co/vsgjkwzaxw', 'https://t.co/1pbcs8e3d1'}",0,Entretenimento,Games,2020-10-03T19:35:25.0000000+00:00,-0.1308510601520538,0.8666666666666667,0.2157386750889793,0.5573445706797516,8663.967279386572
1369271796499947520,759251,"Harry and Meghan's seismic interview, and its aftermath, are still being met with a wall of silence from Buckingham Palace. https://t.co/bspAefQYKM https://t.co/bKhJphDvmk",967,110,287,36,,,"{'https://t.co/bkhjphdvmk', 'https://t.co/bspaefqykm'}",0,Notícias,Do Mundo,2021-03-09T13:00:10.0000000+00:00,-0.2019323110580444,0.9090909090909092,0.1555697790757284,0.559620816075679,852.3387174380292
1281615412459782145,2412917082,We are not uncertain. #SHOemmyFYC https://t.co/r0y136EFRk,1430,168,44,37,,,{'https://t.co/r0y136efrk'},0,Entretenimento,Séries de TV,2020-07-10T15:45:00.0000000+00:00,-0.1716744601726532,1.0,0.2855815033388837,0.5562579853012715,1030.90622139765
1324784149241147394,1288485038,Relax this weekend with the official #PeakyBlinders cocktail book. Take a sneak peek at some of the recipes here: https://t.co/Yw1onGfk84 https://t.co/Hj8hFqaU4y,2342,158,28,50,,,"{'https://t.co/hj8hfqau4y', 'https://t.co/yw1ongfk84'}",0,Entretenimento,Séries de TV,2020-11-06T18:42:09.0000000+00:00,-0.1674118936061859,1.0,0.1566597870987047,0.5578049044838386,1533.501202278386
1338474408743215106,1288485038,"How it started vs how it's going

? Robert Viglasky https://t.co/1XQl5YwXfq",13928,1494,75,277,,,{'https://t.co/1xql5ywxfq'},0,Entretenimento,Séries de TV,2020-12-14T13:22:21.0000000+00:00,-0.2249409258365631,1.0,0.1994758333039532,0.5583370308044142,9644.275049843687
1298591876963078146,1288485038,A behind the scenes moment on the set of #PeakyBlinders season 3! https://t.co/rfFb6IwfPG,8880,838,62,159,,,{'https://t.co/rffb6iwfpg'},0,Entretenimento,Séries de TV,2020-08-26T12:03:24.0000000+00:00,-0.2227567434310913,1.0,0.0,0.5568443016783988,6004.460225244818
1189330936300756992,180463340,"#HouseOfTheDragon, a #GameofThrones prequel is coming to @HBO.

The series is co-created by @GRRMSpeaking and Ryan Condal. Miguel Sapochnik will partner with Condal as showrunner and will direct the pilot and additional episodes. Condal will be writing the series. https://t.co/9ttMzElgXm",164212,69054,4655,25430,2557037323|15635604,"{'2557037323', '15635604'}",{'https://t.co/9ttmzelgxm'},2,Entretenimento,Séries de TV,2019-10-29T23:59:26.0000000+00:00,-0.1907608211040496,0.6470588235294118,0.2642596361521476,0.5534700056979411,183984.45230361127
1369281593693646851,1367531,"Vanita Gupta, associate AG nominee who faces hearing Tuesday, is Biden's wealthiest nominee

https://t.co/YEUggotDY7",72,20,40,1,,,{'https://t.co/yeuggotdy7'},0,Notícias,Do Mundo,2021-03-09T13:39:06.0000000+00:00,-0.1264989376068115,0.875,0.205737830726729,0.559621211239313,90.70381909881844
1369388544003895298,5988062,Women’s participation in America's labour force has not been this low since 1987 https://t.co/u1XA8K5FgQ,85,40,8,4,,,{'https://t.co/u1xa8k5fgq'},0,Notícias,Do Mundo,2021-03-09T20:44:05.0000000+00:00,-0.1305131018161773,1.0,0.220297309481476,0.5596259300596713,105.33295701016152
1369253885932617735,1367531,"Locked up? Thief brings stolen $200G McLaren to get new locks, gets caught instead

https://t.co/XOPEdInp5Z",209,40,22,5,,,{'https://t.co/xopedinp5z'},0,Notícias,Do Mundo,2021-03-09T11:49:00.0000000+00:00,-0.191228449344635,0.9,0.2106758343181941,0.5596199971269015,183.05767574600503
1369010885075812352,1367531,Timeline of Cuomo scandals reveals CNN’s involvement in pushing glowing narrative of embattled governor https://t.co/7kEEm043Tv,487,136,149,20,,,{'https://t.co/7keem043tv'},0,Notícias,Do Mundo,2021-03-08T19:43:24.0000000+00:00,-0.2237928807735443,1.0,0.20190493117288,0.5596093539327034,526.1457808602514
1369523963974549504,87818409,It’s been a year since lockdown devastated the arts. Here’s what the industry needs now | Esther Anatolitis https://t.co/6XAhy3v1Ty,58,22,6,0,,,{'https://t.co/6xahy3v1ty'},0,Notícias,Do Mundo,2021-03-10T05:42:12.0000000+00:00,-0.2275257408618927,0.9090909090909092,0.191023168234983,0.5596318733573249,67.2118563148972
1369483207935225856,14173315,"Opinion | Judi Ketteler: I'm a die-hard Democrat, but Republicans are the only ones listening to me now. - @NBCNewsTHINK https://t.co/vYFrQmRyW1",34,10,31,4,905416143313219584,{'905416143313219584'},{'https://t.co/vyfrqmryw1'},1,Notícias,Do Mundo,2021-03-10T03:00:15.0000000+00:00,-0.1469333469867706,1.0,0.1917285543466312,0.5596300498379493,54.95105545052567
1369439516679942144,87818409,Coronavirus live news: Brazil sees record deaths; Japan may stage Olympics without overseas spectators https://t.co/5uhzeoWxjD,48,31,6,1,,,{'https://t.co/5uhzeowxjd'},0,Notícias,Do Mundo,2021-03-10T00:06:38.0000000+00:00,-0.2010569274425506,1.0,0.2070875086304436,0.55962817025065,70.06941776821338
1370144518100684802,28785486,"As Americans prepare to ""spring forward"" one hour on Sunday for daylight saving time, some senators are hoping to make the switch permanent. https://t.co/SzMxGwm26D",131,33,22,10,,,{'https://t.co/szmxgwm26d'},0,Notícias,Do Mundo,2021-03-11T22:48:03.0000000+00:00,-0.1675083339214325,1.0,0.1558826683471759,0.5596590996745001,132.16677820015363
1368604102989541376,1367531,"'West Side Story' star George Chakiris recalls working with Marilyn Monroe, Natalie Wood: 'I'm very lucky' https://t.co/WBgE9oNM0u",173,22,18,3,,,{'https://t.co/wbge9onm0u'},0,Notícias,Do Mundo,2021-03-07T16:47:00.0000000+00:00,0.0284115374088287,1.0,0.2026263663705222,0.5595915569055147,138.33250283490057
1369460811760988160,28785486,"RT @ABCWorldNews: RELIEF BILL VOTE: Pres. Biden’s $1.9 trillion COVID-19 relief bill has made it back to the House, where it is expected to…",0,50,0,0,86141342,{'86141342'},,1,Notícias,Do Mundo,2021-03-10T01:31:15.0000000+00:00,-0.1342864036560058,1.0,0.1472379088724544,0.5596290862246279,59.40307127992188
1369325020258983936,24742040,"""Thank you to all our players for joining us on this incredible journey and to the millions of Bethesda fans around the world. Now that we’re one team, we can start working together on the future ahead.” - @XboxP3",2253,78,39,1,532406707,{'532406707'},,1,Entretenimento,Games,2021-03-09T16:31:40.0000000+00:00,-0.1157717406749725,0.9090909090909092,0.1205682985453541,0.5596231297026976,1376.689711504115
1365315820080009221,821102114,"Congrats to all! We’ll be contacting all winners via DMs, so make sure to check your inboxes.
We hope you’ll keep showcasing your skillful use of our in-game photo mode and taking our breaths away!",1898,38,55,2,,,,0,Entretenimento,Games,2021-02-26T15:00:32.0000000+00:00,-0.1081195175647735,0.9090909090909092,0.1227497294409011,0.5594486161521587,1142.4186097450954
1344689933978656771,1060978099146260480,#MoffGideon https://t.co/3MVNIEXa8F,2611,225,42,25,,,{'https://t.co/3mvniexa8f'},0,Entretenimento,Séries de TV,2020-12-31T17:00:38.0000000+00:00,0.0,0.0,0.0,0.5585860533280429,1748.380643906859
1369375444793954323,807095,"If the economic recovery continues to be lopsided, people who were already at a disadvantage when the crisis began are in danger of being left even further behind. https://t.co/oFv3dWtbcb https://t.co/8f34V70pNU",70,39,8,4,,,"{'https://t.co/ofv3dwtbcb', 'https://t.co/8f34v70pnu'}",0,Notícias,Do Mundo,2021-03-09T19:52:02.0000000+00:00,-0.1550205051898956,0.7272727272727273,0.1389294145906989,0.5596253598795106,95.62109285362546
1317842770816602114,715177919438577664,Change will challenge tradition. https://t.co/o7tcxGluYV,4559,1069,43,420,,,{'https://t.co/o7tcxgluyv'},0,Entretenimento,Séries de TV,2020-10-18T14:59:35.0000000+00:00,-0.2131175994873047,1.0,0.0,0.5575432950211788,3994.2540167986576
1336964656792035329,821102114,@discord @GOGcom @Steam @EpicGames ?,2904,15,27,0,121258930|18334111|3065618342|36803580,"{'36803580', '18334111', '121258930', '3065618342'}",,4,Entretenimento,Games,2020-12-10T09:23:08.0000000+00:00,0.0,0.0,0.0,0.5582772938390531,1653.0657753439968
1369441796925886465,807095,"Schumer faces formidable hurdles in keeping together his ideologically diverse caucus in the face of a more determined than ever Republican opposition. He told @lukebroadwater how he plans to handle this role. “I do my job well, and everything works out.” https://t.co/iYAZlxtyFG",128,32,12,5,26756955,{'26756955'},{'https://t.co/iyazlxtyfg'},1,Notícias,Do Mundo,2021-03-10T00:15:42.0000000+00:00,-0.1751487553119659,1.0,0.1290281554463294,0.5596282688067585,125.42897300488512
1336810117057179649,821102114,@assassinscreed @CDPROJEKTRED @doubleleaf &lt;3 https://t.co/rIkYWdNAcX,6084,111,32,5,38232487|1171755060|110616795,"{'110616795', '38232487', '1171755060'}",{'https://t.co/rikywdnacx'},3,Entretenimento,Games,2020-12-09T23:09:03.0000000+00:00,-0.1430124342441558,1.0,0.2789425453258252,0.5582711912513336,3542.9514134812634
1369400194513723396,807095,Read more about what Americans can expect from the stimulus bill should it become law. https://t.co/kJuXBJHmfH,54,16,6,2,,,{'https://t.co/kjuxbjhmfh'},0,Notícias,Do Mundo,2021-03-09T21:30:23.0000000+00:00,-0.2184539437294006,1.0,0.1950623149643585,0.5596264448553054,56.63146594903869
1365327872643260420,821102114,@memecity0 @tostspender @bixbyknows1 Sending love ❤️,36,2,2,0,1236695563342659589|3152101881|1327811881143205888,"{'1327811881143205888', '1236695563342659589', '3152101881'}",,3,Entretenimento,Games,2021-02-26T15:48:26.0000000+00:00,0.0,0.0,0.0,0.5594491374125309,23.50358613881069
1364607745270423556,821102114,"It’s not the news we enjoy sharing, but we want to make sure we launch this update properly. Stay tuned for more information as the time draws closer. Thank you for your continued patience and support. 3/3",21759,563,1156,53,,,,0,Entretenimento,Games,2021-02-24T16:06:54.0000000+00:00,-0.1324534714221954,1.0,0.1228052680573061,0.5594180339744235,13482.60945829298
1337077938076979205,821102114,@DeusEx @CDPROJEKTRED @Tholia_Bentz Thanks! Right back at ya! https://t.co/LipziY1zHV,1011,23,26,2,31137807|1171755060|858646142,"{'31137807', '858646142', '1171755060'}",{'https://t.co/lipziy1zhv'},3,Entretenimento,Games,2020-12-10T16:53:16.0000000+00:00,-0.1557211875915527,1.0,0.2195109508086083,0.558281768973651,607.5398219455894
1354118501653483523,273181052,@darveyismarried @sarahgrafferty @AmandaSchull @KatieHeigl @GabrielMacht @akorsh9 @ginatorres @halfadams @DuleHill Happy Belated! ❤️,7,0,1,1,348224496|164596794|1001950930697240576|245229537|40342628|262388975|326020899|87239242|894130670603309056,"{'164596794', '348224496', '262388975', '40342628', '245229537', '1001950930697240576', '894130670603309056', '326020899', '87239242'}",,9,Entretenimento,Séries de TV,2021-01-26T17:26:23.0000000+00:00,-0.1235638558864593,1.0,0.2195109508086083,0.5589732372765226,6.271929585337063
1369383214062665731,24742040,"@Mach5W We've been enjoying it too! Sort of a lower-stakes ""venture outside"" simulator.",22,0,1,1,1360998579234570249,{'1360998579234570249'},,1,Entretenimento,Games,2021-03-09T20:22:54.0000000+00:00,-0.1598248779773712,1.0,0.2217678970983253,0.5596256803351365,16.91309187819651
1336793663792406530,821102114,@ruinergame @CDPROJEKTRED Thank you! https://t.co/zKZqNwcip1,351,9,9,0,2785993288|1171755060,"{'2785993288', '1171755060'}",{'https://t.co/zkzqnwcip1'},2,Entretenimento,Games,2020-12-09T22:03:40.0000000+00:00,0.0,0.0,0.0,0.5582705416624172,211.591243495478
1369386818169372680,24742040,@MissDeusGeek They are going to be SO epic. Can't wait.,34,4,0,0,561659754,{'561659754'},,1,Entretenimento,Games,2021-03-09T20:37:14.0000000+00:00,-0.2193705141544342,0.6666666666666666,0.0,0.5596258384567762,24.99683524231556
1339525827118194689,1038082275689340928,"Just admiring the pure beauty and artistry on display. (Remember, YOU chose surprise.) #Witchmas https://t.co/wgCey8hP2P",5666,722,164,212,,,{'https://t.co/wgcey8hp2p'},0,Entretenimento,Séries de TV,2020-12-17T11:00:19.0000000+00:00,-0.1523327529430389,1.0,0.0,0.5583788158852765,4185.050972296273
1369372321736232963,24742040,@Undead7774 Thanks! We're so excited for the future.,2,0,0,0,407337082,{'407337082'},,1,Entretenimento,Games,2021-03-09T19:39:37.0000000+00:00,-0.1429913341999054,1.0,0.0,0.559625202857077,2.238715269097588
1367882927384768524,10671602,"Next week, in honor of International Women's Day we're spotlighting inspiring women in gaming, with a twist! Alongside the share of your favorite heroine (or villain!), share the story of how or why the character inspired you in using #PSshare #PSBlog for a chance to be featured! https://t.co/tyyB8rzNlf",477,46,13,10,,,{'https://t.co/tyyb8rznlf'},0,Entretenimento,Games,2021-03-05T17:01:18.0000000+00:00,-0.1350269913673401,0.8333333333333334,0.103161471706573,0.5595600585490903,341.8555844972305
1363551492486008834,15234657,@Aaron2Shoes @jsnmiller314 @josef_fares @HazelightGames @goodietooshoe We're excited for you to play it!,8,1,1,0,2916921081|240695163|2892152997|1170868047474831360|960521571562598401,"{'1170868047474831360', '2892152997', '240695163', '2916921081', '960521571562598401'}",,5,Entretenimento,Games,2021-02-21T18:09:44.0000000+00:00,-0.1511211097240448,1.0,0.0,0.5593725148178101,7.831248841025886
1363564146948665347,34992644,"? King of Melbourne ?

Novak Djokovic wins NINTH #AusOpen title, taking grand slam tally to 18.

? https://t.co/Jf8zfiMt5D https://t.co/iJPXdksYWm",21,0,0,0,,,"{'https://t.co/jf8zfimt5d', 'https://t.co/ijpxdksywm'}",0,Notícias,Esportes,2021-02-21T19:00:01.0000000+00:00,-0.2391892671585083,1.0,0.1613891161800418,0.5593730804654439,15.753376025711775
1369498799673065473,2557521,"Gonzaga beats BYU to become WCC champions ?

Jalen Suggs:
? 23 Pts
? 5 Reb
? 5 Ast https://t.co/pP8JOuPBp6",2000,116,64,24,,,{'https://t.co/pp8joupbp6'},0,Notícias,Esportes,2021-03-10T04:02:12.0000000+00:00,-0.2118859887123108,1.0,0.2246557413454132,0.5596307492007341,1303.5049821452544
1367766039254163458,368276033,"???? ???? ??????? ? ???????? ?

What race are you looking forward to most? ?

Watch them all live with us!

#SkyF1 | #F1 https://t.co/YL1F7zeZ65",1549,237,156,52,,,{'https://t.co/yl1f7zez65'},0,Notícias,Esportes,2021-03-05T09:16:50.0000000+00:00,-0.1449298560619354,1.0,0.0,0.559554992645402,1252.8442485383337
1369453291936088064,14173315,"LIVE: @WatchSavannah and @joefryer host 'Beyond Covid: Life After Lockdown,' a special focusing on health, business, education, and how the country moves toward a post-pandemic future.

Watch on NBC TV, @NBCNewsNOW or @peacockTV. https://t.co/uQYxKsZmYg",76,32,4,1,8036392|1171155332917321730|287724263|27242124,"{'1171155332917321730', '287724263', '8036392', '27242124'}",{'https://t.co/uqyxkszmyg'},4,Notícias,Do Mundo,2021-03-10T01:01:22.0000000+00:00,-0.1649264991283416,0.9090909090909092,0.1394089660894499,0.5596287379891771,87.8888672941914
1369600439239458820,14173315,"Organ transplants shouldn't be denied to people with disabilities like Down syndrome or autism, legislation proposes. https://t.co/hiuZgZ7Rkf",172,46,17,5,,,{'https://t.co/hiuzgz7rkf'},0,Notícias,Do Mundo,2021-03-10T10:46:05.0000000+00:00,-0.1803047358989715,1.0,0.1914539727961682,0.5596351915059774,164.08026899808826
1368785659066941440,2557521,LeBron couldn't get enough of playing with Steph at #NBAAllStar https://t.co/3jUfItT6DM,17087,1563,129,213,,,{'https://t.co/3jufitt6dm'},0,Notícias,Esportes,2021-03-08T04:48:26.0000000+00:00,-0.1486797332763672,1.0,0.2359371306297459,0.5595995132876236,11507.735664588328
1369579853612281860,28785486,"Tyson Foods says it will offer free, on-site COVID-19 vaccinations to thousands of its front-line workers in Arkansas, Kansas, North Carolina and Iowa. https://t.co/8B5su9Cb5W",108,25,20,0,,,{'https://t.co/8b5su9cb5w'},0,Notícias,Do Mundo,2021-03-10T09:24:17.0000000+00:00,-0.1699835062026977,1.0,0.1549761967208895,0.5596343069878381,104.1787006198032
1369587331691208706,87818409,Tell us: were you affected by the 1981 riots?  https://t.co/kPUnO9OeRl,20,6,10,2,,,{'https://t.co/kpuno9oerl'},0,Notícias,Do Mundo,2021-03-10T09:54:00.0000000+00:00,-0.2108437418937683,1.0,0.2400163965974335,0.5596346527369779,28.67569326574397
1369601403686182915,16973333,Who could replace Piers Morgan on Good Morning Britain? https://t.co/Lo5JCjrrHg,18,8,113,20,,,{'https://t.co/lo5jcjrrhg'},0,Notícias,Do Mundo,2021-03-10T10:49:55.0000000+00:00,-0.1388311088085174,1.0,0.2363646161726315,0.5596352387186345,96.94917609900162
1364144723590578176,368276033,"A ""highly motivated"" Sebastian Vettel has been tipped to be back on his ""A game"" in F1 2021

McLaren's Zak Brown has been sizing up his team's major rivals... ?

#SkyF1 | #F1",536,27,6,7,,,,0,Notícias,Esportes,2021-02-23T09:27:01.0000000+00:00,-0.1725291013717651,0.8666666666666667,0.2951444974578714,0.5593980644909325,346.3585386033077
1369985018878169089,28785486,Pres. Biden has gone longer without facing extended questions from reporters than any of his 15 predecessors over the past 100 years. https://t.co/1bC0O0TFNQ,1571,474,1834,340,,,{'https://t.co/1bc0o0tfnq'},0,Notícias,Do Mundo,2021-03-11T12:14:16.0000000+00:00,-0.2085326611995697,1.0,0.173784630647107,0.5596520918787706,2633.26034074498
1370003953598013450,28785486,Residents of this senior living community in Virginia smashed a virus-shaped piñata to celebrate being vaccinated. https://t.co/40DYF6a9tz https://t.co/zJ68hyRScw,574,100,15,21,,,"{'https://t.co/40dyf6a9tz', 'https://t.co/zj68hyrscw'}",0,Notícias,Do Mundo,2021-03-11T13:29:30.0000000+00:00,-0.2046608924865722,1.0,0.1647758653557618,0.5596529235423234,458.447951199204
1369610663547518978,16973333,Fake heiress jailed for fraud who has Netflix series coming out says ‘in a way’ crime pays https://t.co/n877zcUVWF,13,5,3,2,,,{'https://t.co/n877zcuvwf'},0,Notícias,Do Mundo,2021-03-10T11:26:42.0000000+00:00,-0.1864847540855407,1.0,0.1868152890333796,0.5596356447938625,19.13216225000952
1369471231448158208,5988062,Last year China’s defence budget grew by $12bn. Now American commanders want to splash the cash https://t.co/sYnR0DVXB7,67,22,12,5,,,{'https://t.co/synr0dvxb7'},0,Notícias,Do Mundo,2021-03-10T02:12:39.0000000+00:00,-0.1596662402153015,1.0,0.1936301119622487,0.5596295552784519,76.21797872353798
1369578871478235143,16973333,Jeff Bezos plans to spend $10 billion on climate change by 2030 https://t.co/fuR4KbcXIw,55,10,23,11,,,{'https://t.co/fur4kbcxiw'},0,Notícias,Do Mundo,2021-03-10T09:20:23.0000000+00:00,-0.2207013666629791,1.0,0.2269234840206733,0.5596342503428298,66.72347177693999
1369382859534897161,28785486,"MORE: A reward for information leading to the arrest of a suspect stands at $100,000. https://t.co/OGO53O23Uw",61,26,4,0,,,{'https://t.co/ogo53o23uw'},0,Notícias,Do Mundo,2021-03-09T20:21:30.0000000+00:00,-0.1216708421707153,1.0,0.0,0.5596256687275353,67.7146954398071
1370128693662785544,28785486,"The federal government announced that its rules for visiting nursing homes are being relaxed, citing a rise in vaccination numbers among the population. https://t.co/qmhxKRZ7GC",47,10,6,0,,,{'https://t.co/qmhxkrz7gc'},0,Notícias,Do Mundo,2021-03-11T21:45:10.0000000+00:00,-0.2143415212631225,0.8333333333333334,0.1616223411205797,0.5596584041995364,44.76983875993999
1369037711324119046,1367531,Arizona police slap charges on women involved in Bath &amp; Body Works brawl https://t.co/KDXTTAz5rf,162,25,68,11,,,{'https://t.co/kdxttaz5rf'},0,Notícias,Do Mundo,2021-03-08T21:30:00.0000000+00:00,-0.2206763327121734,1.0,0.2095679211864677,0.559610528484776,167.4408247074973
1369271770960850949,5988062,"America’s $1.9trn covid-relief bill looks set to pass through the House. “The Intelligence” asks @imkahloon what is in it, and what its passage portends https://t.co/XmEw1oFTbP",33,18,5,2,869308903,{'869308903'},{'https://t.co/xmew1oftbp'},1,Notícias,Do Mundo,2021-03-09T13:00:04.0000000+00:00,-0.1553539931774139,1.0,0.0,0.5596208120921112,45.88890466380583
1369511733975515142,14173315,"JUST IN: Alaska has become the first state to drop eligibility requirements for Covid-19 vaccines and allow anyone 16 or older who lives or works in the state to get a vaccine, Gov. Dunleavy says. https://t.co/3DvMdFKK4u",577,103,12,10,,,{'https://t.co/3dvmdfkk4u'},0,Notícias,Do Mundo,2021-03-10T04:53:36.0000000+00:00,-0.1698968708515167,0.9230769230769232,0.1265911712473686,0.5596313007577396,458.3658446468348
1362776603047165957,621583,@qayyumabro @dazchild @scottishwildcat @BrianBarilla Happy to help out here! Nvidia says it will deliberately reduce the efficiency of its latest card by 50% when it is used to mine the crypto-currency Ethereum - but it will also sell a bespoke crypto-currency mining processor,2,0,1,1,172724148|266908809|6269352|2464301418,"{'2464301418', '6269352', '266908809', '172724148'}",,4,Notícias,Tecnologia,2021-02-19T14:50:35.0000000+00:00,0.0311402976512908,0.9444444444444444,0.1153372589630211,0.5593392748879188,12.338907803817056
1369048387815899139,14293310,"Whether such sentiments will spread beyond the protests is unclear, but for now, female farmers are being seen, heard and acknowledged—offering a new vision of what gender equality might look like for the country.

Read the full story by @nilanjanab https://t.co/0ADKRcFArw",51,14,7,4,23984477,{'23984477'},{'https://t.co/0adkrcfarw'},1,Notícias,Do Mundo,2021-03-08T22:12:26.0000000+00:00,-0.1492411196231842,0.875,0.1228434907103266,0.5596109969125626,59.31757780298455
1369355243406954501,807095,Read more about the race that tests teenagers’ survivor skills in Alaska: https://t.co/sIOSOYPcc4,88,13,0,0,,,{'https://t.co/siosoypcc4'},0,Notícias,Do Mundo,2021-03-09T18:31:46.0000000+00:00,-0.1764643490314483,1.0,0.0,0.5596244744606392,68.27421887288567
1362074171832958980,11856342,".@A_kamara6 is getting into @NASCAR, now!

Kamara's @bigsqueezynola will sponsor @NASCAR_Xfinity series driver @RyanVargas_23 in this weekend's race at @Daytona. https://t.co/ntkB3rygnF",1044,125,13,18,39814938|1652035698|560350106|1343659229106876416|20847350|49153854,"{'1343659229106876416', '560350106', '20847350', '39814938', '1652035698', '49153854'}",{'https://t.co/ntkb3rygnf'},6,Notícias,Esportes,2021-02-17T16:19:23.0000000+00:00,-0.1389772295951843,1.0,0.1783512149021876,0.5593091565721834,746.777897503588
1369614175048249346,25562270,A House Judiciary panel focused on antitrust will hear from three witnesses on Friday who represent a range of news organizations with concerns about how big tech platforms like Facebook and Google increasingly dominate their industry https://t.co/9dkhqgEVLe https://t.co/VLCMRiDgSP,31,12,6,1,,,"{'https://t.co/vlcmridgsp', 'https://t.co/9dkhqgevle'}",0,Notícias,Tecnologia,2021-03-10T11:40:40.0000000+00:00,-0.1257069408893585,0.9333333333333332,0.1294269410579646,0.5596358096649898,44.246354291937415
1359577321695547392,11856342,"@BizballMaury @flula 'There are some pillows on the dirt, and then after 7 times of going back and forth they sing about popcorn.'

Honestly, not wrong.",246,12,1,0,32817728|14593090,"{'14593090', '32817728'}",,2,Notícias,Esportes,2021-02-10T18:57:47.0000000+00:00,-0.079100102186203,0.9090909090909092,0.0,0.5592027821298808,157.64476787632887
1362085735063572482,11856342,"@playofffinale @AdamSandler You know we’re giving the retweet button a little tappy, Happy. https://t.co/BZvqX5tPfR",431,18,0,1,316756361|27445405,"{'316756361', '27445405'}",{'https://t.co/bzvqx5tpfr'},2,Notícias,Esportes,2021-02-17T17:05:20.0000000+00:00,-0.1003587543964386,1.0,0.2062484926083756,0.5593096512604333,265.2285514824327
1369292125641269258,46403451,"Football Weekly is here, with @maxrushden, @larssivertsen, @sidlowe and @NickyBandini https://t.co/WhoQkYPZgI",22,2,1,2,107136246|20374935|108957853|19939667,"{'107136246', '108957853', '19939667', '20374935'}",{'https://t.co/whoqkypzgi'},4,Notícias,Esportes,2021-03-09T14:20:57.0000000+00:00,-0.147245854139328,1.0,0.0,0.5596217010628798,19.0271504143376
1369458171467591683,1344951,Want to support more journalism like this? Subscribe to WIRED for just $5 a year and get full access to our website and magazine https://t.co/l9FUptKwgd https://t.co/iaCexurIpK,4,0,0,0,,,"{'https://t.co/l9fuptkwgd', 'https://t.co/iacexuripk'}",0,Notícias,Tecnologia,2021-03-10T01:20:46.0000000+00:00,-0.1568154692649841,1.0,0.0,0.559628951034775,6.155923256917273
1365007905318133766,11856342,".@AdamSandler and @ShooterMcGavin_ greenlit ""Happy Gilmore 2"" on the @dpshow ?
https://t.co/fF91cfXq7D",1058,185,21,45,279321785|316756361|65414320,"{'279321785', '65414320', '316756361'}",{'https://t.co/ff91cfxq7d'},3,Notícias,Esportes,2021-02-25T18:36:59.0000000+00:00,-0.1399295330047607,1.0,0.2399871970833481,0.5594352697813502,839.2875820812162
1361388306106318857,368276033,"We're live from the @McLarenF1 Technology Centre at 7pm to see the brand new MCL35M​ unveiled! ?

We'll also be speaking to @LandoNorris and @DanielRicciardo! ? https://t.co/22hRArCHxU",540,48,4,7,516464106|24871896|214413743,"{'24871896', '516464106', '214413743'}",{'https://t.co/22hrarchxu'},3,Notícias,Esportes,2021-02-15T18:54:00.0000000+00:00,-0.1370042860507965,1.0,0.1392609423656672,0.559279877059152,365.84754513985166
1361701236395958278,368276033,"The calendar is filling up! ?

@AlpineF1Team and @AstonMartinF1 reveal their launch dates.

#SkyF1 | #F1 https://t.co/Qwwnqkd8fg",1016,121,23,19,16143542|28297965,"{'28297965', '16143542'}",{'https://t.co/qwwnqkd8fg'},2,Notícias,Esportes,2021-02-16T15:37:28.0000000+00:00,-0.1298592686653137,1.0,0.193382257202877,0.5592932404381012,731.1050423571209
1366932843067277314,11856342,"Now that's a TEAM.

@S10Bird, @alexmorgan13, @ChloeKim &amp; @swimone join forces to launch @togethxr, a brand that elevates women's voices and tells their stories.  https://t.co/ZroOYjN9GO",32,11,1,2,1258091656093417472|1638756846|1228176728|741696985|28665877,"{'1228176728', '28665877', '1258091656093417472', '1638756846', '741696985'}",{'https://t.co/zrooyjn9go'},5,Notícias,Esportes,2021-03-03T02:06:00.0000000+00:00,-0.1436134874820709,1.0,0.0,0.5595186894351898,35.25009760390647
1369030160943611907,2557521,"It's Monday which means @JoeFortenbaugh and @Tyler_Fulghum are back with more Bet.

They dive into the futures of Dak Prescott, Deshaun Watson and Russell Wilson, welcome in @NickFriedell to talk NBA playoffs, and then a special karaoke segment! https://t.co/IStW3u4ukZ",70,11,4,1,175580488|16402282|85375262,"{'175580488', '16402282', '85375262'}",{'https://t.co/istw3u4ukz'},3,Notícias,Esportes,2021-03-08T21:00:00.0000000+00:00,-0.0944357514381408,1.0,0.1279146215302297,0.5596102141573309,61.06833869557613
1366709656974942211,368276033,"Hear from 7-time World Champion @LewisHamilton as @MercedesAMGF1 launch their W12 ?

Can he seal an unprecedented eighth crown this year? ?

#SkyF1 | #F1",1738,155,24,9,213969309|26235265,"{'213969309', '26235265'}",,2,Notícias,Esportes,2021-03-02T11:19:09.0000000+00:00,-0.1663877367973327,1.0,0.1774904156634041,0.5595090182495226,1168.9142665658076
1364579317964034050,368276033,"You love to see it ?

Watch and hear from @RGrosjean after he completed 83 laps on his IndyCar testing debut, his first cockpit return since his #BahrainGP crash.

Don't forget, The 2021 @IndyCar season will be live on Sky Sports F1! ?

#SkyF1 | #INDYCAR",906,73,14,15,21302878|68674747,"{'21302878', '68674747'}",,2,Notícias,Esportes,2021-02-24T14:13:56.0000000+00:00,-0.1817208528518676,0.9285714285714286,0.3551466047919228,0.5594167973745271,614.3989800029656
1369441382973272064,759251,"What is the right way to safely and quickly reopen our schools? Join @JakeTapper for a live CNN special. Hear from students, teachers, parents and unions, @DrSanjayGupta and many more. Friday at 9 p.m. ET https://t.co/zSHsm3YCKJ",142,38,83,9,18170896|14529929,"{'14529929', '18170896'}",{'https://t.co/zshsm3yckj'},2,Notícias,Do Mundo,2021-03-10T00:14:03.0000000+00:00,-0.210676223039627,1.0,0.1372779013551364,0.5596282494843435,181.3964065126312
1369362392749121542,17602896,"On this IMDbrief, we break down what to expect from the upcoming biopic and how Lucille Ball broke barriers for generations of women to come. https://t.co/mX1rDTmK6h",102,19,4,6,,,{'https://t.co/mx1rdtmk6h'},0,Entretenimento,Filmes,2021-03-09T19:00:10.0000000+00:00,-0.1541054248809814,1.0,0.1564636778510136,0.5596247585755857,89.62765352004034
1369030162298400778,15635604,"“You’ve got an open wound. We’ve got to take care of it or it’ll get infected and you’ll get a scar.”

A new episode of Beartown premieres tonight on @hbomax. https://t.co/TNMxd9UTX8",75,10,0,1,89090040,{'89090040'},{'https://t.co/tnmxd9utx8'},1,Entretenimento,Filmes,2021-03-08T21:00:00.0000000+00:00,-0.0179913938045501,0.7272727272727273,0.1230172544961832,0.5596102011269322,59.235079448044125
1363896507242598402,15234657,"Thanks to the Black EA Team (BEAT!) for organizing a month long series of events focused on leaning in, listening, healing, &amp; uplifting our Black/African-American community at EA.

Learn more: https://t.co/WzRdxyhF2q #WeAreEA https://t.co/gKQe8i3AwN",186,10,31,0,,,"{'https://t.co/gkqe8i3awn', 'https://t.co/wzrdxyhf2q'}",0,Entretenimento,Games,2021-02-22T17:00:41.0000000+00:00,-0.2074637115001678,0.875,0.2210261716304874,0.5593873548078847,138.78181345296517
1367883861271613441,15234657,Which ability would you rather have?,98,9,28,1,,,,0,Entretenimento,Games,2021-03-05T17:05:01.0000000+00:00,-0.1800084114074707,1.0,0.3349067026613031,0.5595601077031117,83.00233001552891
1366963364975452162,82652901,@avocalienaw What is the most interesting thing you learned about Billie?,1,0,1,0,4273987822,{'4273987822'},,1,Entretenimento,Filmes,2021-03-03T04:07:17.0000000+00:00,-0.1366936564445495,1.0,0.2472116986421516,0.5595200553608511,4.055249410296871
1369048640111570951,17220817,"@Film_Diva If you're like us and can't get enough of Olivia Cooke, we recommend giving Vanity Fair a try.  https://t.co/A6bX0bJeNq",0,0,0,0,76665437,{'76665437'},{'https://t.co/a6bx0bjenq'},1,Entretenimento,Filmes,2021-03-08T22:13:26.0000000+00:00,-0.1748673021793365,1.0,0.1811462665205822,0.5596110127970302,5.137955414348717
1166395659500568579,115093611,Thanks to the guys at @exoticsracing for letting me know I’m in the #michelintimetrialchallenge Hall of Fame! See you guys at the track next time I’m in Vegas. https://t.co/WzMFz4W4Yc,176,17,10,0,76788525,{'76788525'},{'https://t.co/wzmfz4w4yc'},1,Esportes,MMA,2019-08-27T17:02:50.0000000+00:00,-0.0776997804641723,0.6666666666666666,0.0,0.5528624962399683,124.2103180417785
1367559613005004800,18256664,We can’t argue with that! Happy Women's History Month! Catch an all-new episode of #CallMeKat tonight at 9/8c on @FOXTV! @CallMeKatFOX https://t.co/10pt0GMTsk,27,5,0,0,16537989|1227725047369887744,"{'1227725047369887744', '16537989'}",{'https://t.co/10pt0gmtsk'},2,Entretenimento,Filmes,2021-03-04T19:36:34.0000000+00:00,-0.07310751080513,1.0,0.0,0.5595459779207054,25.73930953790876
1353812372331220992,23119425,@illegalElbowMMA @SuperBowl Haha.  Love it!,3,0,1,0,19425947|728254626538082305,"{'19425947', '728254626538082305'}",,2,Esportes,MMA,2021-01-25T21:09:56.0000000+00:00,-0.2034326195716858,1.0,0.335175743327926,0.5589604782692806,3.541436938272001
1321186362171666432,140845817,Bout to go down first cod tourney and celebrating 5 years on @twitch. Going live at 2pm pst https://t.co/ixGRxgNEdq https://t.co/cMT1D53vII,75,7,3,0,309366491,{'309366491'},"{'https://t.co/cmt1d53vii', 'https://t.co/ixgrxgnedq'}",1,Esportes,MMA,2020-10-27T20:25:49.0000000+00:00,-0.119113028049469,1.0,0.1606780412853813,0.5576686326436869,56.414559059650855
1342995722761695232,56518880,https://t.co/6ZzYinl0Oz,1158,64,87,13,,,{'https://t.co/6zzyinl0oz'},0,Esportes,MMA,2020-12-27T00:48:26.0000000+00:00,0.0,0.0,0.0,0.5585177309398868,774.6658483253022
1323456695725625344,232010910,Back at it! @Twitch https://t.co/zra8e4sQOD,129,5,4,0,309366491,{'309366491'},{'https://t.co/zra8e4sqod'},1,Esportes,MMA,2020-11-03T02:47:19.0000000+00:00,0.0,0.0,0.0,0.5577544693313273,80.31770313294936
1240704016046116865,115093611,Family is everything. Please take care of your loved ones. #QuarantineLife https://t.co/XZiKW2sbqS,319,18,13,1,,,{'https://t.co/xzikw2sbqs'},0,Esportes,MMA,2020-03-19T18:17:43.0000000+00:00,-0.1633689105510711,1.0,0.2183642818849641,0.5549463521570417,208.7815548092772
1306742315667529729,232010910,In good company on this fine Thursday evening! #gobrowns https://t.co/bt2QzPFAmv,303,5,14,2,,,{'https://t.co/bt2qzpfamv'},0,Esportes,MMA,2020-09-17T23:50:20.0000000+00:00,-0.1796269416809082,1.0,0.2363646161726315,0.5571356170671549,187.3303128544716
1153306430100910080,23119425,Nice. RT @IanChase007: @danhendo just got these in the mail today. Let’s goooo!!!!!! https://t.co/Ad9bGH8wTd,39,5,1,0,23119425|266837161,"{'23119425', '266837161'}",{'https://t.co/ad9bgh8wtd'},2,Esportes,MMA,2019-07-22T14:10:54.0000000+00:00,-0.1208260953426361,1.0,0.2135291354190238,0.55252842598654,32.71747839597872
1324916905954652168,232010910,Late start! Let’s go! @Twitch https://t.co/zra8e4sQOD,119,7,4,1,309366491,{'309366491'},{'https://t.co/zra8e4sqod'},1,Esportes,MMA,2020-11-07T03:29:40.0000000+00:00,-0.1635925769805908,1.0,0.0,0.5578099733501113,79.76788584374337
1368659881260032001,90057442,"#teamcruz I appreciate all your support &amp; energy. I could definitely feel it. ??

Thank you @EricDelFierro, Alliance team, and all my coaches and trainers.

#UFC259 #dominickcruz #cruzcontrol #mma #ufc https://t.co/wGl4nyuH5F",527,13,25,0,214362445,{'214362445'},{'https://t.co/wgl4nyuh5f'},1,Esportes,MMA,2021-03-07T20:28:38.0000000+00:00,-0.2252090573310852,0.8,0.1413136915113982,0.5595940327642533,330.12794103749843
1256258912866766851,115093611,Great work being done by this Luchador to produce masks. Check out this article and his Facebook page. #VivaMexico https://t.co/tyv6g5fzf9  https://t.co/HlGCmvvBIk,165,20,4,0,,,"{'https://t.co/tyv6g5fzf9', 'https://t.co/hlgcmvvbik'}",0,Esportes,MMA,2020-05-01T16:27:19.0000000+00:00,-0.2400866448879242,1.0,0.1527389584750874,0.555429324651432,122.279833531556
1318297870315839488,140845817,Loving the new update from @bstategames escape from tarkov https://t.co/ixGRxgNEdq,12,1,1,0,4096365088,{'4096365088'},{'https://t.co/ixgrxgnedq'},1,Esportes,MMA,2020-10-19T21:07:59.0000000+00:00,-0.188304454088211,1.0,0.2166490126633014,0.5575602589576665,11.272422035795554
1180250671905263616,23119425,"Throwback to the old Ultimate Fighter days.
#FBF https://t.co/1esxUHEuzz",193,7,9,2,,,{'https://t.co/1esxuheuzz'},0,Esportes,MMA,2019-10-04T22:37:42.0000000+00:00,-0.2221037745475769,1.0,0.2386357525755203,0.5532260023815659,123.50173878463144
1367521202042933249,16573941,"In 2020, The Old Guard made Gina Prince-Bythewood the first Black woman to direct a superhero movie. https://t.co/Lygi2vWknf",643,55,16,4,,,{'https://t.co/lygi2vwknf'},0,Entretenimento,Filmes,2021-03-04T17:03:56.0000000+00:00,-0.1771949827671051,1.0,0.1788682562083679,0.5595443024233534,436.5449957356642
1367300793485828097,26585095,@accessonline @theJackMessina @HollyTaylor97 @Misspkc @jeff_rake @JR8Ramirez @lunablaise @JoshDallas @melissaroxburgh There's more to be revealed. #Manifest Season 3 premieres April 1 on NBC. https://t.co/5LAIY78d0k,96,29,3,9,33758417|1133136553|235213254|3350930423|2727707875|1119327458816348160|763109683238363136|133154993|21217034,"{'1119327458816348160', '33758417', '133154993', '3350930423', '21217034', '235213254', '2727707875', '1133136553', '763109683238363136'}",{'https://t.co/5laiy78d0k'},9,Entretenimento,Filmes,2021-03-04T02:28:07.0000000+00:00,-0.1615345776081085,1.0,0.173473338611074,0.5595347167864098,97.45617016423112
1369075493753020420,17602896,"@ava @luluwang @PattyJenks @Martha_Coolidge @BarbraStreisand @TheMaryLambert
@MiraPagliNair @JulieDash @big_pix @IamDeepaMehta @cdunye @emeraldfennell @ReginaKing @CathyYan @kasi_lemmons",23,2,0,0,36169080|478000821|916985559234502656|342327238|1093641243903459329|14982804|35990109|404158121|1058111600622735360|21334022|3223401234|265178794|822375565181132805|19543385|16196031,"{'1093641243903459329', '3223401234', '822375565181132805', '404158121', '36169080', '16196031', '14982804', '265178794', '35990109', '478000821', '916985559234502656', '342327238', '19543385', '21334022', '1058111600622735360'}",,15,Entretenimento,Filmes,2021-03-09T00:00:08.0000000+00:00,0.0,0.0,0.0,0.5596121890223404,15.109660300659652
1369075561981566976,17602896,"@joanchenchong @GPBmadeit @C_Hardwicke @lenadunham @Miranda_July @VeraFarmiga @DirSusanneBier @PhyllidaLloyd @AmmaAsante
@mimi_leder @Almaharel @oliviawilde",19,1,0,0,89503894|1881225786|2748245196|303757814|602252919|202151736|706835253009186816|31080039|37868953|271248939|957060706494369792|1569791546,"{'706835253009186816', '202151736', '1569791546', '602252919', '31080039', '303757814', '89503894', '271248939', '957060706494369792', '1881225786', '37868953', '2748245196'}",,12,Entretenimento,Filmes,2021-03-09T00:00:24.0000000+00:00,0.0,0.0,0.0,0.5596121919602386,11.751987228222156
1303249708169613313,65468720,@MichaelRapaport @ColbyCovMMA @NBA @MLB @KingJames @USMAN84kg Easy key board warrior. You don’t want to get your panties in a bunch ?,70,10,8,0,19923144|182662505|23083404|442456291|18479513|241204643,"{'182662505', '19923144', '241204643', '442456291', '18479513', '23083404'}",,6,Esportes,MMA,2020-09-08T08:31:58.0000000+00:00,-0.1796121001243591,1.0,0.1897671716514676,0.557009995031725,58.03487233754159
1364666742916583427,985916593065476096,"Go nuts! #ChipNDaleParkLife, an Original Series, starts streaming July 23 on #DisneyPlus. https://t.co/epMXyYt6ve",1200,198,29,74,,,{'https://t.co/epmxyyt6ve'},0,Entretenimento,Filmes,2021-02-24T20:01:20.0000000+00:00,-0.1898131966590881,1.0,0.2107803444058925,0.5594205826911525,955.0497036348422
1366443197166096385,26585095,@NBCTheVoice @blakeshelton @kellyclarkson @johnlegend @nickjonas We're so excited! https://t.co/unCsBKXhhO,15,0,0,0,23690344|18228898|216444984|56783491|14920785,"{'56783491', '18228898', '216444984', '14920785', '23690344'}",{'https://t.co/uncsbkxhho'},5,Entretenimento,Filmes,2021-03-01T17:40:20.0000000+00:00,-0.1655877828598022,1.0,0.0,0.5594974394683193,10.071018994099411
1367237010608431106,16573941,@Jul_Worthington @kraftmacncheese @malcolmariefilm @Zendaya @NetflixFilm i have to admit: a plate would have never occurred to me....,10,1,1,0,1341069360249544704|2651482512|156038456|154280902|976604963743842304,"{'154280902', '1341069360249544704', '976604963743842304', '156038456', '2651482512'}",,5,Entretenimento,Filmes,2021-03-03T22:14:40.0000000+00:00,-0.1578358709812164,1.0,0.1764451760379411,0.5595319285006259,9.051592689581826
1367894335233142789,43192807,"Consume movies and books like you would a nutritious meal and reflect on what you liked about them or what you’d change about them. Use all these things to develop your own artistic voice and perspective. Oh and draw A LOT!” –Sunmee Joh, Story Artist⠀",233,30,4,1,,,,0,Entretenimento,Filmes,2021-03-05T17:46:38.0000000+00:00,-0.1470266580581665,0.8947368421052632,0.1077550485985041,0.5595605894558529,176.822620925462
1324374402750767104,140845817,@Gabry4K @mistermv @PixelSword94 @Neweegee @zaebucca Amazing,14,0,1,1,845614875606953984|628327650|888862902614204416|1074519289|544902207,"{'628327650', '888862902614204416', '1074519289', '544902207', '845614875606953984'}",,5,Esportes,MMA,2020-11-05T15:33:57.0000000+00:00,-0.1962483525276184,1.0,0.0,0.5577893131828968,10.040629787685464
1363941648812675075,43192807,"It's also a time to broaden the awareness of our history and our accomplishments.” - John LeGrande, Animation Technical Supervisor (Animation Department)",198,19,1,1,,,,0,Entretenimento,Filmes,2021-02-22T20:00:04.0000000+00:00,-0.0914771556854248,0.875,0.1755805412175805,0.5593893224539107,137.63814780734856
1367315410106736640,82652901,@ciarabow99 @billieeilish @finneas Dynamic duo ? ?,1,0,0,0,1171535373283016704|1573265498|2150327072,"{'1171535373283016704', '2150327072', '1573265498'}",,3,Entretenimento,Filmes,2021-03-04T03:26:11.0000000+00:00,-0.1836122572422027,1.0,0.0,0.5595353714930295,1.6788952418541478
1368286394792046596,82652901,@phoebe_fara @billieeilish @rjcutler @RottenTomatoes What moment inspired you the most from the film? ?,0,0,1,0,16892452|1273619850804551680|20108560|2150327072,"{'2150327072', '1273619850804551680', '20108560', '16892452'}",,4,Entretenimento,Filmes,2021-03-06T19:44:32.0000000+00:00,-0.1865390837192535,1.0,0.0,0.5595777094301385,1.6790222775426598
1369959855692337152,28785486,Federal prosecutors appear to hone in on Oath Keepers founder for alleged role in Capitol attack. https://t.co/pEX07kxoZ6,132,45,6,2,,,{'https://t.co/pex07kxoz6'},0,Notícias,Do Mundo,2021-03-11T10:34:16.0000000+00:00,-0.1818747818470001,1.0,0.0,0.559650986510308,132.6372733262444
1352325551621595136,19110632,@WanderingMonke3 Correct continent! The country in question is a similar size to Slovenia ?,1,0,0,0,1258100405915070465,{'1258100405915070465'},,1,Notícias,Viagens,2021-01-21T18:41:51.0000000+00:00,-0.2147885262966156,1.0,0.2363646161726315,0.5588987069840595,3.485498702912896
1369598009084887043,15808647,Transhumanists are united in their belief that technology can unlock a new way of being. https://t.co/SB0M3eMfX0,52,20,1,2,,,{'https://t.co/sb0m3emfx0'},0,Notícias,Tecnologia,2021-03-10T10:36:25.0000000+00:00,-0.1913164854049682,0.8571428571428571,0.2069186615050532,0.5596350878523204,57.67828685806133
1368835740529000449,15808647,"When I got a call saying there was one available, I had to do some ethical gymnastics and decide whether to take it.
https://t.co/uuIk8KlNWo",12,7,0,1,,,{'https://t.co/uuik8klnwo'},0,Notícias,Tecnologia,2021-03-08T08:07:26.0000000+00:00,-0.1240891814231872,1.0,0.1686223393288853,0.5596016917650848,20.24004398425961
1369397597421645834,807095,"In Opinion

“Any nation that still has a monarchy in 2021 is proving itself to have a mortifying lack of revolutionary gumption,” writes Hamilton Nolan, who has been calling for an end to the British monarchy since 2013.
https://t.co/6lKnf49FEf",693,128,187,32,,,{'https://t.co/6lknf49fef'},0,Notícias,Do Mundo,2021-03-09T21:20:04.0000000+00:00,-0.1077903807163238,0.8461538461538461,0.2312252260210806,0.5596263310445126,660.9620333186281
1369242094217404419,14293310,"""I don't think any of us wants to be the only woman in the room,"" Cate Blanchett says at TIME's ""Voices of the Future"" Women's Summit https://t.co/7EsB1lwtET",561,100,7,7,,,{'https://t.co/7esb1lwtet'},0,Notícias,Do Mundo,2021-03-09T11:02:09.0000000+00:00,-0.0227483212947845,0.8888888888888888,0.1427861911205107,0.55961948136158,439.3190377975421
1369552733536219138,1344951,"""I realized, OK, so this is the first detection of such an unusual shape in the sky. That is definitely the first time, and it will imply we found some invisible thing. So at that moment I started to understand this exciting result.” https://t.co/4zpTnBrY8p",97,27,2,2,,,{'https://t.co/4zptnbry8p'},0,Notícias,Tecnologia,2021-03-10T07:36:31.0000000+00:00,-0.1175675094127655,0.8666666666666667,0.0,0.5596330979108306,95.0630136940236
1369113689845022721,14293310,"The FBI has searched for a fabled cache of Civil War-era gold in Pennsylvania, records show
https://t.co/MDnWtC9MVr",66,13,8,2,,,{'https://t.co/mdnwtc9mvr'},0,Notícias,Do Mundo,2021-03-09T02:31:55.0000000+00:00,-0.1258845031261444,1.0,0.0,0.5596138565286601,59.87870158522968
1369456737070313476,807095,"Gov. Andrew Cuomo was accused of inappropriately touching a female aide late last year, according to a published report. The governor said on Tuesday he was unaware of the new allegation, but repeated that he “never touched anybody inappropriately.” https://t.co/NcscRYKEYu",182,49,63,19,,,{'https://t.co/ncscrykeyu'},0,Notícias,Do Mundo,2021-03-10T01:15:04.0000000+00:00,-0.1813961565494537,0.9,0.2312068853267157,0.5596289238659312,213.85170907377508
1369525973302079490,28785486,“Waffles was a favorite with our visitors and our team. We are heartbroken.” https://t.co/nMi3Ijxnm5,102,40,18,8,,,{'https://t.co/nmi3ijxnm5'},0,Notícias,Do Mundo,2021-03-10T05:50:11.0000000+00:00,-0.1279129981994629,0.8,0.0,0.5596319437496643,119.64929909733742
1369563595978252291,15012486,"Roger Mudd, legendary political reporter for CBS News, has died at 93 https://t.co/IMk2L3EaoU",113,21,10,1,,,{'https://t.co/imk2l3eaou'},0,Notícias,Do Mundo,2021-03-10T08:19:41.0000000+00:00,-0.1893507540225982,1.0,0.2263805889154072,0.5596335766963345,97.50295976508944
1369337073463885828,15012486,House readies final vote on $1.9 trillion COVID relief package https://t.co/8Dh7VoWHo7,99,26,9,0,,,{'https://t.co/8dh7vowho7'},0,Notícias,Do Mundo,2021-03-09T17:19:34.0000000+00:00,-0.1852836608886718,1.0,0.2235062506454222,0.5596236446744587,91.90338434997932
1370053184589299724,28785486,Warren Buffett joins just five other people in the world whose wealth tops $100 billion. https://t.co/4xOtVf7I1K,74,21,30,5,,,{'https://t.co/4xotvf7i1k'},0,Notícias,Do Mundo,2021-03-11T16:45:08.0000000+00:00,-0.0786763429641723,1.0,0.1968956825010166,0.5596550864088295,88.53568684602332
1369275546044162051,5988062,"“Mass sequencing is going to be part of the way that we think in science and diagnostics in the future.”

Professor Sharon Peacock of @CovidGenomicsUK talks to @kncukier about the importance of genome sequencing for covid-19 and beyond, on “Babbage” https://t.co/tzcSNJ2jG4",41,14,3,0,250103509|1241813862170726400,"{'250103509', '1241813862170726400'}",{'https://t.co/tzcsnj2jg4'},2,Notícias,Do Mundo,2021-03-09T13:15:04.0000000+00:00,-0.0870153903961181,0.9090909090909092,0.1089261792845795,0.5596209775063273,47.018242923392044
1369049581208670208,14293310,"Watch: Director Alma Har'el (@Almaharel) announces TIME's upcoming ""Women of the Year"" scripted series.

See the full 100 Women of the Year project here: https://t.co/1SBI9g5h4B https://t.co/3wctquju4H",77,29,5,5,271248939,{'271248939'},"{'https://t.co/3wctquju4h', 'https://t.co/1sbi9g5h4b'}",1,Notícias,Do Mundo,2021-03-08T22:17:10.0000000+00:00,-0.1762366592884063,0.8,0.1250389280485246,0.5596110490693338,87.25739354727024
1369506070989836290,759251,"Take a look inside the $1.9 trillion stimulus bill, which includes $1,400 direct payments, massive child tax credits, and expanded unemployment benefits https://t.co/EF33aqChYe https://t.co/QwnBRSHeVL",273,73,41,8,,,"{'https://t.co/qwnbrshevl', 'https://t.co/ef33aqchye'}",0,Notícias,Do Mundo,2021-03-10T04:31:06.0000000+00:00,-0.2550681531429291,1.0,0.153776112103121,0.5596310860481305,267.5897461118539
1349380288783253504,19110632,@KeithRobo1984 @TeletextHoliday @WaynePerks_ @PSQB_travfraud @MartinSLewis @_alicebeer @piersmorgan @pip_says @englandtravell Email the support group. There is a contact form you can use here  https://t.co/yOdr1oeoGm,0,1,0,0,279934920|921041952681885696|216299334|252569527|164690458|75282109|882920744317005825|26475485|1344387445350084608,"{'26475485', '1344387445350084608', '279934920', '216299334', '75282109', '921041952681885696', '252569527', '882920744317005825', '164690458'}",{'https://t.co/yodr1oeogm'},9,Notícias,Viagens,2021-01-13T15:38:25.0000000+00:00,-0.1156885027885437,1.0,0.0,0.5587772159529981,3.911443093762454
1349377838722519040,19110632,@KeithRobo1984 @TeletextHoliday @WaynePerks_ @PSQB_travfraud @MartinSLewis @_alicebeer @piersmorgan @pip_says @englandtravell Teletext are TTA protected. You should be able to get a refund. Check out https://t.co/ljDb4G7Leg,1,1,1,0,279934920|921041952681885696|216299334|252569527|164690458|75282109|882920744317005825|26475485|1344387445350084608,"{'26475485', '1344387445350084608', '279934920', '216299334', '75282109', '921041952681885696', '252569527', '882920744317005825', '164690458'}",{'https://t.co/ljdb4g7leg'},9,Notícias,Viagens,2021-01-13T15:28:41.0000000+00:00,-0.1387466192245483,0.8333333333333334,0.1681214904065563,0.5587771153874296,6.147363773565503
1354011094751260673,19110632,"@benjaminjtking @NomadKeith @Livingstonsworl It will open some hotels next to airports and ports. Sadly he pandemic has been harsh on the travel, leisure and hospitality industry with many closing down.",1,0,0,0,746418888|961457448|51496169,"{'51496169', '961457448', '746418888'}",,3,Notícias,Viagens,2021-01-26T10:19:35.0000000+00:00,-0.0410803258419036,1.0,0.153078517886056,0.5589687515831465,7.352162461594421
1353672852747284480,19110632,@NomadKeith @Livingstonsworl It's harsh on the hospitality industry for sure.,0,0,0,0,961457448|51496169,"{'51496169', '961457448'}",,2,Notícias,Viagens,2021-01-25T11:55:32.0000000+00:00,-0.0844877958297729,1.0,0.0,0.5589546651243117,2.2358212434086977
1368622654870192131,15808647,"[SPONSORED] Iceland tops the Green Future Index, with its pledge to be carbon neutral by 2040 and grand designs for green hydrogen and carbon capture and storage. Learn more: https://t.co/h7daDtW6VZ. (With @Citrix @MorganStanley @Salesforce) https://t.co/B9ae0WRiuG",19,11,0,0,426159377|12492842|33612317,"{'426159377', '33612317', '12492842'}","{'https://t.co/h7dadtw6vz', 'https://t.co/b9ae0wriug'}",3,Notícias,Tecnologia,2021-03-07T18:00:43.0000000+00:00,-0.1526657938957214,1.0,0.1133134266739185,0.5595923716258231,28.60264201608325
1352554075657801732,19110632,"@Vanshika_223 No, although interesting guess. Try somewhere in the UK...",1,0,0,0,1351189846820319232,{'1351189846820319232'},,1,Notícias,Viagens,2021-01-22T09:49:55.0000000+00:00,-0.2030002176761627,1.0,0.245735253378738,0.5589081813050236,2.372978751465189
1369226601972563972,15808647,[SPONSORED] New Zealand has Asia-Pacific’s greenest future. It tops the climate policy pillar based on the scale of its ambitions to decarbonize and build a sustainable agricultural sector. Learn more: https://t.co/h7daDtW6VZ. (With @Citrix @MorganStanley @Salesforce) https://t.co/Ga0FSly0UQ,17,9,0,1,426159377|12492842|33612317,"{'426159377', '33612317', '12492842'}","{'https://t.co/ga0fsly0uq', 'https://t.co/h7dadtw6vz'}",3,Notícias,Tecnologia,2021-03-09T10:00:35.0000000+00:00,-0.1317897140979766,1.0,0.1285897211996489,0.5596188052953694,28.61254203123832
1364851499042537474,19110632,@dianeford25 @RosieWybrant Children under 12 years of age do not need a PCR test. Those 12 and older will need one.,0,0,1,0,615500723|719862259518992384,"{'615500723', '719862259518992384'}",,2,Notícias,Viagens,2021-02-25T08:15:29.0000000+00:00,-0.1600821912288665,0.8181818181818182,0.1762706054079204,0.5594285264130853,6.150612903148742
1369438033892806663,15808647,"[SPONSORED] “Using a geographic perspective, you can allocate resources, which are always limited, in ways that do the most good,” says Esri's @EsteGeraghty. Read more on location intelligence for improved health outcomes. (With @Esri) https://t.co/GOrg3iYU9V",9,5,0,1,16132791|2578071749,"{'16132791', '2578071749'}",{'https://t.co/gorg3iyu9v'},2,Notícias,Tecnologia,2021-03-10T00:00:44.0000000+00:00,-0.0826205015182495,0.9411764705882352,0.287543265576456,0.5596280719824238,21.39388645568959
1369619124318580736,15808647,[SPONSORED] Location intelligence can identify shortfalls in getting underserved communities vaccinated. “That geographic perspective will help find gaps. Who is left out? Who isn't in the range of identified facilities?” says @EsteGeraghty. (With @Esri) https://t.co/5n6aLJCb8s,11,4,0,1,16132791|2578071749,"{'16132791', '2578071749'}",{'https://t.co/5n6aljcb8s'},2,Notícias,Tecnologia,2021-03-10T12:00:20.0000000+00:00,-0.0275972187519073,0.9285714285714286,0.1360192863360957,0.5596360143000196,19.62342952644409
1369495249417101312,28785486,".@sunny asks @osopepatrisse, co-founder of the Black Lives Matter movement, what was the moment that she knew she was Black: “We were learning about slavery in elementary school and two boys who I thought were my best friends came up to me and called me the N-word” #SoulOfANation https://t.co/HBEIQGubqU",260,74,44,7,84801794|139847909,"{'139847909', '84801794'}",{'https://t.co/hbeiqgubqu'},2,Notícias,Do Mundo,2021-03-10T03:48:06.0000000+00:00,-0.1974662542343139,0.8,0.0,0.5596305963871407,265.15296609191154
1352937076669476864,19110632,@thetraveltrunk @Livingstonsworl So true.,1,0,0,0,961457448|211681056,"{'211681056', '961457448'}",,2,Notícias,Viagens,2021-01-23T11:11:50.0000000+00:00,-0.218279480934143,1.0,0.0,0.5589240758269944,1.676774810251081
1368856158010810369,15808647,"Google boasts that it knows you better than you know yourself. Google can’t read your mind, of course. But it can read your search history.
https://t.co/DviUGsCpS4",74,42,3,4,,,{'https://t.co/dviugscps4'},0,Notícias,Tecnologia,2021-03-08T09:28:34.0000000+00:00,-0.0564111769199371,0.75,0.247004544030419,0.559602585182498,98.48840046160878
1369590734672760836,15808647,"As President Biden forges ahead with his promise to reopen most schools within his first 100 days, the debates sound as complicated as ever—and offer a glimpse into many of the difficulties of reopening society at large. https://t.co/o9DztZGN2T",7,4,0,2,,,{'https://t.co/o9dztzgn2t'},0,Notícias,Tecnologia,2021-03-10T10:07:31.0000000+00:00,-0.1746666729450225,0.9166666666666666,0.1206697359044081,0.5596347688086801,16.80995954892483
1368975418741624833,1367531,"US hit record high single-day 2.9M COVID-19 vaccinations, White House says https://t.co/i2qbzThk4m",357,50,144,24,,,{'https://t.co/i2qbzthk4m'},0,Notícias,Do Mundo,2021-03-08T17:22:28.0000000+00:00,-0.1719673871994018,1.0,0.0,0.559607801245958,351.993307259127
1369382939289587718,28785486,"Tyson Foods says it will offer free, on-site COVID-19 vaccinations to thousands of its front-line workers in Arkansas, Kansas, North Carolina and Iowa. https://t.co/d3jxaksfIJ",157,50,17,4,,,{'https://t.co/d3jxaksfij'},0,Notícias,Do Mundo,2021-03-09T20:21:49.0000000+00:00,-0.1800864338874817,1.0,0.1549761967208895,0.5596256722199466,160.13966043694896
1369517501248372738,14293310,"Arkansas Gov. Asa Hutchinson signs near-total abortion ban into law
https://t.co/MIrCgIq0YW",78,27,64,20,,,{'https://t.co/mircgiq0yw'},0,Notícias,Do Mundo,2021-03-10T05:16:31.0000000+00:00,-0.2236018776893615,1.0,0.2166490126633014,0.5596315539327521,123.7998359800151
1369543002385956865,87818409,Birdwatch: white-tailed eagle causes stir in my quiet Somerset village https://t.co/EyfUJ5ez1d,68,17,6,1,,,{'https://t.co/eyfuj5ez1d'},0,Notícias,Do Mundo,2021-03-10T06:57:51.0000000+00:00,-0.1737906634807586,1.0,0.0,0.559632708324255,63.23850052402236
1369612914982846469,87818409,Can red wolves come back from the brink of extinction again? https://t.co/JO03Se7k9o,73,23,4,2,,,{'https://t.co/jo03se7k9o'},0,Notícias,Do Mundo,2021-03-10T11:35:39.0000000+00:00,-0.1900458633899688,1.0,0.0,0.5596357749210187,72.75265522313856
1369480643315462144,14173315,"WATCH: India’s Covid-19 infection rate plummeted, but experts still don’t know why. @JanisFrayer explains the factors scientists are looking at in India’s comeback. - @NBCNewsNOW https://t.co/V2Vd2Q8TKv",70,17,21,1,8036392|137223549,"{'137223549', '8036392'}",{'https://t.co/v2vd2q8tkv'},2,Notícias,Do Mundo,2021-03-10T02:50:03.0000000+00:00,-0.1317988932132721,0.9230769230769232,0.0,0.5596299372777359,78.3051562681489
1369351763355201542,14293310,"Norton Juster, celebrated children’s author who wrote ""The Phantom Tollbooth,"" dies at 91
https://t.co/u5UCkTPQLo",68,13,5,7,,,{'https://t.co/u5ucktpqlo'},0,Notícias,Do Mundo,2021-03-09T18:17:56.0000000+00:00,-0.1521887183189392,1.0,0.2150413673723912,0.5596242873858466,65.03677864574838
1370004858464534529,28785486,"Pres. Biden's first primetime speech to reflect on one year since pandemic shutdowns, challenges ahead. https://t.co/dShfO9SHlB",136,36,32,3,,,{'https://t.co/dshfo9shlb'},0,Notícias,Do Mundo,2021-03-11T13:33:06.0000000+00:00,-0.1677317023277282,1.0,0.2075099360739257,0.5596529633383365,141.7083227985097
1369468594891948038,28785486,"To mark Ochsner Medical Center's 10,000th successful COVID-19 recovery, Miriam Bertrand, 72, was escorted out by cheerful staff members—and a spirited brass band. https://t.co/p3grubwVc4 https://t.co/xQ8iRkfdkY",252,32,11,1,,,"{'https://t.co/xq8irkfdky', 'https://t.co/p3grubwvc4'}",0,Notícias,Do Mundo,2021-03-10T02:02:11.0000000+00:00,-0.1901761591434478,1.0,0.1467581400292101,0.559629427564089,190.91575449695475
1369336610681159680,5988062,A study from Scotland found the two jabs had similar potency against hospital admissions https://t.co/vje0sKTt3n,15,1,1,0,,,{'https://t.co/vje0sktt3n'},0,Notícias,Do Mundo,2021-03-09T17:17:43.0000000+00:00,-0.1592399775981903,1.0,0.2114958226059556,0.5596236536462827,15.22819478567011
1369503478880612357,759251,"""Democrats across the board seem to realize they have to sell this bill to Americans and make them trust that the government can help fix what ails the country, literally and figuratively,"" @zbyronwolf writes about the $1.9 trillion relief plan | Analysis https://t.co/qha8qaRaMA",319,64,72,9,59130623,{'59130623'},{'https://t.co/qha8qarama'},1,Notícias,Do Mundo,2021-03-10T04:20:48.0000000+00:00,-0.1310149133205413,1.0,0.106899061682264,0.5596309723759368,301.14131625230647
1369611245616250880,87818409,Teachers and parents in England: share your thoughts on the return to school https://t.co/jg7SfhcsYK,8,4,1,1,,,{'https://t.co/jg7sfhcsyk'},0,Notícias,Do Mundo,2021-03-10T11:29:01.0000000+00:00,-0.1866524219512939,1.0,0.2071349338454278,0.5596357016879855,14.106817129651809
1369430816389033988,14293310,Breaking down what COVID-19 vaccine effectiveness means https://t.co/jOdcG5LKMu,82,36,14,4,,,{'https://t.co/jodcg5lkmu'},0,Notícias,Do Mundo,2021-03-09T23:32:04.0000000+00:00,-0.2131904363632202,1.0,0.0,0.5596277529005104,98.49450344762307
1368685627303223297,1367531,"Queen takes last-minute swipe at Meghan and Prince Harry hours before bombshell Oprah interview
https://t.co/nj4nhYcilX",487,76,184,18,,,{'https://t.co/nj4nhycilx'},0,Notícias,Do Mundo,2021-03-07T22:10:57.0000000+00:00,-0.2513072490692138,1.0,0.2026263663705222,0.5595951217313826,475.7692424732437
1369377514930507782,28785486,"Twitter files lawsuit against Texas attorney general, accusing him of ""abusing his authority"" by allegedly targeting the social media giant in retaliation for its suspension of former Pres. Trump's account. https://t.co/jdOU4VmViK",170,50,24,3,,,{'https://t.co/jdou4vmvik'},0,Notícias,Do Mundo,2021-03-09T20:00:16.0000000+00:00,-0.2174221277236938,1.0,0.1466257266937118,0.5596254344922822,172.446678833412
1369438777127624709,87818409,UK set to cut air passenger duty on domestic flights https://t.co/PKLeYbKqGr,21,6,7,4,,,{'https://t.co/pkleybkqgr'},0,Notícias,Do Mundo,2021-03-10T00:03:42.0000000+00:00,-0.2246562242507934,1.0,0.2219197030378226,0.5596281378857543,27.545975749918068
1339526482142654466,1038082275689340928,@MILKL0VER69 @NXOnNetflix ???,6,0,0,0,999720386014019584|791651689036075008,"{'999720386014019584', '791651689036075008'}",,2,Entretenimento,Séries de TV,2020-12-17T11:02:55.0000000+00:00,0.0,0.0,0.0,0.5583788419312417,3.352020287790324
1326208392923410432,715177919438577664,"The engagement of Charles and Diana. A moment that changed everything.

The Crown Season Four. Sunday 15th November. https://t.co/Em8q6QGaC7",10726,1748,158,1382,,,{'https://t.co/em8q6qgac7'},0,Entretenimento,Séries de TV,2020-11-10T17:01:35.0000000+00:00,-0.2430257797241211,1.0,0.1795306589672365,0.5578592817790392,8797.554885617063
1356659266732650498,273181052,@peacockTV ??,24,1,1,0,1171155332917321730,{'1171155332917321730'},,1,Entretenimento,Séries de TV,2021-02-02T17:42:29.0000000+00:00,0.0,0.0,0.0,0.559079580534056,15.0956720024666
1357425371721965589,273181052,@MooMooHippos @peacockTV So maybe you should. ?,6,0,0,0,1171155332917321730|1682061769,"{'1171155332917321730', '1682061769'}",,2,Entretenimento,Séries de TV,2021-02-04T20:26:43.0000000+00:00,-0.2030304074287414,1.0,0.0,0.5591118179298639,4.473417901661894
1274054340517527552,2412917082,There's more to this meal than meets the eye. https://t.co/ZQ7DLAIZnw,139,30,8,4,,,{'https://t.co/zq7dlaiznw'},0,Entretenimento,Séries de TV,2020-06-19T19:00:00.0000000+00:00,-0.1628017127513885,1.0,0.0,0.556005229975726,119.54244148876975
1362794394848538628,1288485038,"We are thrilled to welcome Amber Anderson to the cast of #PeakyBlinders series 6
 
? Anthony Byrne https://t.co/pGvXh3Mhqj",10787,946,122,328,,,{'https://t.co/pgvxh3mhqj'},0,Entretenimento,Séries de TV,2021-02-19T16:01:17.0000000+00:00,-0.2116542160511016,1.0,0.1779859884640966,0.5593400049675934,7347.038676573531
1357736029067874305,1288485038,"? #PeakyBlinders series 6

Photo taken by Anthony Byrne https://t.co/7kYWSo9jiT",18777,2302,214,637,,,{'https://t.co/7kywso9jit'},0,Entretenimento,Séries de TV,2021-02-05T17:01:09.0000000+00:00,-0.2107128798961639,1.0,0.2541730258936733,0.5591248942274909,13552.2194542558
1367608643596783616,1232061287301074945,@IvetMpb Intense in quite a few ways I should gather.,20,0,0,0,1331024358656061442,{'1331024358656061442'},,1,Entretenimento,Séries de TV,2021-03-04T22:51:24.0000000+00:00,-0.2367424964904785,1.0,0.2596979932401624,0.5595481046847841,12.462654491537284
1368667864803213318,14800270,"71% of employees in a survey of 1,000 companies said that their performance evaluations had fairness problems. https://t.co/rjqJzJNeVt",90,37,3,6,,,{'https://t.co/rjqjzjnevt'},0,Notícias,Negócios,2021-03-07T21:00:22.0000000+00:00,-0.2029713094234466,1.0,0.0,0.5595943464254172,100.72699122583715
1368867018854830081,715177919438577664,"Best Drama Series, Best Actor for Josh O'Connor, Best Actress for Emma Corrin, and Best Supporting Actress for Gillian Anderson. Congratulations to everyone involved in these four @CriticsChoice wins. https://t.co/0xbR8PbCAQ",3449,489,33,85,83266010,{'83266010'},{'https://t.co/0xbr8pbcaq'},1,Entretenimento,Séries de TV,2021-03-08T10:11:44.0000000+00:00,-0.17166268825531,0.6666666666666666,0.2177919203087494,0.5596030901411739,2548.94132070051
1349775316366090242,79293791,"Photographic collage: #LornaSimpson
Writer: #ZoraSimpsonCasebere
Creative direction and fashion styling: @illjahjah
Hair: @yusefhairnyc
Makeup: @raisaflowers using @fentybeauty @fentyskin
Manicure: #MariaSalandra
Tailor: #GraceRKim",5393,345,161,27,24734713|925391732753223681|1116089461480153088|704881118000971777|57227772,"{'57227772', '1116089461480153088', '925391732753223681', '704881118000971777', '24734713'}",,5,Música,Pop,2021-01-14T17:48:07.0000000+00:00,-0.1727737486362457,1.0,0.1824189402430902,0.5587934698169819,3511.0067971557864
1219085119971000320,180463340,"Rally the realm.
Congratulations to Peter Dinklage who has won “Oustanding Performance by a Male Actor in a Drama Series"" at this year's #SAGAwards for #GameofThrones https://t.co/zDKVBYjtpr",29109,3071,340,389,,,{'https://t.co/zdkvbyjtpr'},0,Entretenimento,Séries de TV,2020-01-20T02:31:56.0000000+00:00,-0.1489217579364776,1.0,0.1616223411205797,0.5543040920044925,19949.49595439373
1339894034781880323,1038082275689340928,@Tissaiadeyeet You'll have to take that up with Santa Claus at this point.,41,1,1,1,1323604582543597571,{'1323604582543597571'},,1,Entretenimento,Séries de TV,2020-12-18T11:23:26.0000000+00:00,-0.1787678301334381,1.0,0.2063904733987656,0.5583934824848756,26.919881536481867
1368199950169997314,16184358,Twitter said it is testing an undo option that would potentially let users retract or correct a tweet before it's officially posted on the platform. https://t.co/Dt9kYdc2Kw,30,7,5,6,,,{'https://t.co/dt9kydc2kw'},0,Notícias,Negócios,2021-03-06T14:01:02.0000000+00:00,-0.107096642255783,1.0,0.1616872590063271,0.5595739029317233,38.14150943185405
1369559926629167104,34713362,"After a strong pickup in February, most major advanced economies made a lackluster start to March – with activity moving sideways or slightly down in some cases, according to Bloomberg Economics gauges https://t.co/QfjdUxwLEI",30,13,4,2,,,{'https://t.co/qfjduxwlei'},0,Notícias,Negócios,2021-03-10T08:05:06.0000000+00:00,-0.0138188600540161,1.0,0.1433481118844941,0.559633438122874,40.93346932474827
1204026434739691520,180463340,"For the North!
Congratulations to Kit Harington on his “Best Actor - Drama” nomination at this year’s #GoldenGlobes https://t.co/9Ut4FqeMM9",47685,5173,917,2030,,,{'https://t.co/9ut4fqemm9'},0,Entretenimento,Séries de TV,2019-12-09T13:14:06.0000000+00:00,-0.1905678510665893,1.0,0.1870728347019116,0.5538751214107941,33779.28773807466
1369586848163586051,34713362,"Epic Games filed a lawsuit against Google in Australia, widening a fight against the tech giant over the commissions charged in its app store https://t.co/BEiSO7dyhi",17,5,1,0,,,{'https://t.co/beiso7dyhi'},0,Notícias,Negócios,2021-03-10T09:52:04.0000000+00:00,-0.2603916823863983,1.0,0.153846179584332,0.5596346188960563,21.35221911121909
1369418972509179912,15110357,"GameStop shares were up again a day after the company tasked Chewy co-founder Ryan Cohen, a major GameStop shareholder and board member, with spearheading the company’s online sales efforts https://t.co/GjZNMyVs5Z https://t.co/pImOMFja4S",8,3,2,0,,,"{'https://t.co/pimomfja4s', 'https://t.co/gjznmyvs5z'}",0,Notícias,Negócios,2021-03-09T22:45:00.0000000+00:00,-0.1340255141258239,0.9285714285714286,0.2293481853321427,0.5596272349112678,17.996448257914768
1340053176150614025,1038082275689340928,@LHissrich ??,344,10,21,5,853075242,{'853075242'},,1,Entretenimento,Séries de TV,2020-12-18T21:55:48.0000000+00:00,0.0,0.0,0.0,0.5583998266288275,217.7776796871095
1197158580333535232,180463340,"Music is here.
Congratulations to @Djawadi_Ramin on his Best Score Soundtrack for Visual Media #GRAMMYs nomination for #GameofThrones https://t.co/k4VrCu3gHh",24503,3140,334,585,728662277696552960,{'728662277696552960'},{'https://t.co/k4vrcu3ghh'},1,Entretenimento,Séries de TV,2019-11-20T14:23:42.0000000+00:00,-0.2349558472633361,1.0,0.1772223200426438,0.5536841838385648,17559.64042433569
1369311531360518146,2735591,#FCMostInnovative company @Hipcamp offers travelers a variety of options that inspire people to get outside and become stewards of the land. https://t.co/lEvrC9ebVq,8,1,0,0,1581318708,{'1581318708'},{'https://t.co/levrc9ebvq'},1,Notícias,Negócios,2021-03-09T15:38:04.0000000+00:00,-0.2003986537456512,1.0,0.167059394061911,0.5596225412451679,10.726322814487986
1362083047785439239,34507480,https://t.co/Xv2Uu0fzkv,70847,12043,2468,5203,,,{'https://t.co/xv2uu0fzkv'},0,Música,Pop,2021-02-17T16:54:39.0000000+00:00,0.0,0.0,0.0,0.5593095628175904,57387.9186795958
1337020338916499463,17919972,"And I loved creating these songs with Aaron Dessner, Jack Antonoff, WB, and Justin Vernon. We’ve also welcomed some new (and longtime) friends to our musical kitchen table this time around...",143975,9658,1038,2624,,,,0,Música,Pop,2020-12-10T13:04:24.0000000+00:00,-0.1460030078887939,0.9090909090909092,0.144291540384699,0.5582794670426955,93212.64841831617
1369405604595400711,2735591,.@RebeccaMinkoff's prediction on retail after the pandemic. #FCMostInnovative https://t.co/gtTOp5SHtR https://t.co/12eYt04qjm,4,0,0,0,16271952,{'16271952'},"{'https://t.co/gttop5shtr', 'https://t.co/12eyt04qjm'}",1,Notícias,Negócios,2021-03-09T21:51:53.0000000+00:00,-0.210040807723999,1.0,0.1968956825010166,0.5596266647212228,7.385339043689812
1331748997124534274,17919972,@luvyoutosaturn @taylornation13 @cinnamn13 Wowwwwww thank you so much. I’m so glad you like that one. #folkloreOnDisneyPlus,11819,931,563,97,80144576|1121571811915911171|788364008915083264,"{'788364008915083264', '1121571811915911171', '80144576'}",,3,Música,Pop,2020-11-25T23:57:58.0000000+00:00,-0.1132431626319885,1.0,0.1764451760379412,0.5580728848783839,8005.699666619467
1369298875719311360,2735591,"Today's #FCMostInnovative agenda includes @Snapchat's @evanspiegel, @MatthewACherry, @terencecarter, @HOOKED'S @prernagupta, @Shopify's @harleyf, and @RebeccaMinkoff: https://t.co/11bHHokKEY https://t.co/vIGei2QsIW",6,3,0,0,376502929|22532755|15140962|17136315|38985282|16271952|230287527|27384718|14445453,"{'27384718', '22532755', '38985282', '230287527', '376502929', '15140962', '17136315', '16271952', '14445453'}","{'https://t.co/11bhhokkey', 'https://t.co/vigei2qsiw'}",9,Notícias,Negócios,2021-03-09T14:47:46.0000000+00:00,-0.1803368031978607,1.0,0.0,0.5596219865082,10.07320008532929
1355167587638906880,23375688,@myrarestyles @SelenaFanClub ♥️,2399,281,363,48,1227776432480407552|3286004797,"{'3286004797', '1227776432480407552'}",,2,Música,Pop,2021-01-29T14:55:05.0000000+00:00,0.0,0.0,0.0,0.5590170364614898,1885.0046577298465
1294010972055592962,79293791,"@preemptivelove: https://t.co/TBXP33fI1d

@impactlebanon: https://t.co/MYCtxrKBl6

Sadalsuud Foundation: https://t.co/j7l2PInSgY

@SaveTheChildren: https://t.co/NKREaT4gAg https://t.co/lKxDwRtSdn",20560,5907,219,93,14055301|16043238|1250391570110709762,"{'1250391570110709762', '14055301', '16043238'}","{'https://t.co/tbxp33fi1d', 'https://t.co/nkreat4gag', 'https://t.co/lkxdwrtsdn', 'https://t.co/j7l2pinsgy', 'https://t.co/myctxrkbl6'}",3,Música,Pop,2020-08-13T20:40:31.0000000+00:00,-0.1527755260467529,1.0,0.0922356180913893,0.5566834593780454,18199.709154535485
1337022746824499203,17919972,I’ll see you guys in the YouTube premiere page chat before midnight to answer some questions ?‍♀️,118429,8165,2041,1841,,,,0,Música,Pop,2020-12-10T13:13:58.0000000+00:00,-0.1654532551765442,1.0,0.2138492795692188,0.5582795621464807,77404.50980084931
1353502767352926208,23375688,@mytexaselly @SelenaFanClub you are so talented!!,4023,349,221,45,757660068489924608|3286004797,"{'3286004797', '757660068489924608'}",,2,Música,Pop,2021-01-25T00:39:41.0000000+00:00,-0.2090920209884643,1.0,0.3220024178194947,0.558947592661887,2789.327680738832
1351920546011893761,14230524,"My intention is to acknowledge our past, be healing for our present, and passionate for a future where we work together lovingly. I will sing to the hearts of all people who live on this land. Respectfully and kindly, Lady Gaga. ❤️????",112780,8208,2781,475,,,,0,Música,Pop,2021-01-20T15:52:30.0000000+00:00,-0.2179072499275207,0.9375,0.1286740693519196,0.5588819258076854,74033.96127895347
1365416645624143873,14230524,"If you bought or found them unknowingly, the reward is the same. I continue to love you Ryan Fischer, you risked your life to fight for our family. You’re forever a hero.",114560,10398,1962,337,,,,0,Música,Pop,2021-02-26T21:41:11.0000000+00:00,-0.1947230398654937,1.0,0.1214830094602094,0.5594529422476414,77015.43219962646
1337463904566456320,17919972,"@yelyahwilliams This made my heart race/double in size/turn into a confetti cloud of petals, thank you so much. You’re incredible. And this was so nice to read ??",65565,5177,2781,2813,40981798,{'40981798'},,1,Música,Pop,2020-12-11T18:26:58.0000000+00:00,-0.1458854675292968,1.0,0.1422672266470633,0.558297001938499,45513.055004503374
1331744604891344896,17919972,"@elincomprendid @taylornation13 Yeah, talking to Jack about life is one of my all time favorite hobbies. He’s always curious, always wondering how to keep learning and growing. He’s the best ? #folkloreOnDisneyPlus",14695,1326,880,370,80144576|1183816599595298816,"{'1183816599595298816', '80144576'}",,2,Música,Pop,2020-11-25T23:40:31.0000000+00:00,0.0119057297706604,0.8333333333333334,0.1422653176189824,0.5580727141515966,10385.207183676635
1357375687967997959,25365536,"Matte Mauve &amp; Matte Honey Collection launching next Friday, 02.12 at 12PM PT only at https://t.co/DFrKfpnba2 #KKWBEAUTY https://t.co/7EJLEHWp12",2712,126,42,10,,,"{'https://t.co/dfrkfpnba2', 'https://t.co/7ejlehwp12'}",0,Música,Pop,2021-02-04T17:09:17.0000000+00:00,-0.1560315191745758,0.875,0.153846179584332,0.5591097229311631,1692.4404501847732
1358843515149504514,34507480,@imhregina @arianassnasty the cutest surprise ??? thank YOU,9959,1013,1335,450,304533565|1196097742478757893,"{'1196097742478757893', '304533565'}",,2,Música,Pop,2021-02-08T18:21:54.0000000+00:00,-0.1926604509353637,1.0,0.0,0.5591717111554099,7700.873802344679
1359820217090768896,621583,"Pigs can play video games with their snouts, scientists find https://t.co/ZWfrckiiJj",74,32,11,27,,,{'https://t.co/zwfrckiijj'},0,Notícias,Tecnologia,2021-02-11T11:02:58.0000000+00:00,-0.1480714082717895,1.0,0.0,0.5592131261035892,101.7767944512599
1364974104491798530,14434070,"Michael Saylor, the chief executive of the business intelligence software firm MicroStrategy, believes deeply in Bitcoin and has urged other companies to shift their corporate cash into the cryptocurrency. https://t.co/dwSd7yTXJG",2,0,0,0,,,{'https://t.co/dwsd7ytxjg'},0,Notícias,Tecnologia,2021-02-25T16:22:41.0000000+00:00,-0.1968644559383392,1.0,0.1417872411526026,0.5594338141880526,8.47083717619866
969126955193962496,42703075,China's new richest man has chat apps and video games to thank for his massive wealth. https://t.co/0MyhbjAj0E,4,9,0,2,,,{'https://t.co/0myhbjaj0e'},0,Notícias,Tecnologia,2018-03-01T08:27:26.0000000+00:00,-0.1146440804004669,1.0,0.1868152890333796,0.5485787555816201,16.559878536674546
1367244704526393349,14434070,".@bxchen experimented with how to minimize the costs of doing video-instructed workouts at home, talking to tinkerers and assessing the pros and cons. Here’s what he learned. https://t.co/HUXcGQzr1b",3,2,1,0,14366976,{'14366976'},{'https://t.co/huxcgqzr1b'},1,Notícias,Tecnologia,2021-03-03T22:45:14.0000000+00:00,-0.0786895155906677,1.0,0.0,0.5595322593959803,8.392993278848083
1369342862656221187,15808647,Upgrades to satellites in orbit and systems down below will bring centimeter-level accuracy to the masses. That's why we named hyper-accurate positioning to our annual list of 10 Breakthrough Technologies. https://t.co/IFpex1gqq7,22,8,1,2,,,{'https://t.co/ifpex1gqq7'},0,Notícias,Tecnologia,2021-03-09T17:42:34.0000000+00:00,-0.2088862657546997,1.0,0.1328387675424399,0.5596239000602642,28.61518038746605
1363849575279316998,621583,Entire school board resigns after accidental public livestream https://t.co/suWgDPX47T,19,12,1,5,,,{'https://t.co/suwgdpx47t'},0,Notícias,Tecnologia,2021-02-22T13:54:12.0000000+00:00,-0.2943759858608246,1.0,0.2538946927732447,0.5593853641360513,32.02699623302479
1365618942501285888,7905122,What Facebook's Australia news ban could mean for its future in the US https://t.co/vJEaTX8n7P,23,8,0,0,,,{'https://t.co/vjeatx8n7p'},0,Notícias,Tecnologia,2021-02-27T11:05:02.0000000+00:00,-0.1831123232841491,1.0,0.1953485505621897,0.5594617295279019,24.166147412973377
1365376371376205838,14434070,"Cracking the best ways to discover new things in our online abundance is a technology challenge — but also a human one, writes @shiraovide in On Tech. https://t.co/W2ZVVBct2Q",2,0,0,0,14115912,{'14115912'},{'https://t.co/w2zvvbct2q'},1,Notícias,Tecnologia,2021-02-26T19:01:09.0000000+00:00,-0.0938072502613067,1.0,0.0,0.5594512006830876,6.1539725940623375
1368972324301602816,25562270,"Malala teams up with Apple to produce new dramas, documentaries https://t.co/T2cgpXVsat https://t.co/8sn2LkwF1E",4,4,0,1,,,"{'https://t.co/t2cgpxvsat', 'https://t.co/8sn2lkwf1e'}",0,Notícias,Tecnologia,2021-03-08T17:10:11.0000000+00:00,-0.1473554372787475,1.0,0.1779859884640966,0.5596076819746089,10.732150715253091
1368969473651261440,14885549,"Sign up for ""Midas Touch,"" a new weekly Forbes-exclusive premium newsletter by @alexrkonrad and @rebecca_szkutak covering venture capital and startup fundraising, chock full of exclusive insights, interviews, scoops and more. https://t.co/RfytkFPmwb",6,2,0,0,23409407|4885952657,"{'23409407', '4885952657'}",{'https://t.co/rfytkfpmwb'},2,Notícias,Tecnologia,2021-03-08T16:58:51.0000000+00:00,-0.180402934551239,1.0,0.2745558027102729,0.5596075427413565,13.584228150836882
1369087867939659782,24742040,@FortniteGame This song is pretty... sweet ?,1883,43,41,0,425871040,{'425871040'},,1,Entretenimento,Games,2021-03-09T00:49:18.0000000+00:00,-0.130576342344284,1.0,0.0,0.5596127400126596,1127.0602728383917
1368234120082554894,773069256,"Der Countdown läuft! Liveticker, Webradio, Toralarm – mit der FCB App nichts mehr verpassen!

??  https://t.co/AyyUQZ4c2y

#PackMas #FCBBVB #MiaSanMia https://t.co/tAPT3gmWC8",372,37,5,2,,,"{'https://t.co/ayyuqz4c2y', 'https://t.co/tapt3gmwc8'}",0,Esportes,UEFA Futebol,2021-03-06T16:16:49.0000000+00:00,-0.1580582857131958,1.0,0.1699152974607702,0.5595754253577362,262.5362374849607
1368487188724350976,558797310,"Kick-off times across the world for #MCIMUN... ?️

? #MUFC
✈️ @Aeroflot_World
? #WeBringTheWorldTogether https://t.co/vwAX6F8vIJ",4938,618,182,82,1552819440,{'1552819440'},{'https://t.co/vwax6f8vij'},1,Esportes,UEFA Futebol,2021-03-07T09:02:25.0000000+00:00,-0.1616165041923523,1.0,0.0,0.5595864767343366,3605.974512459957
1367862841907294209,34613288,"Here comes the weekend! ?

? #BURARS https://t.co/7006gpdFhf",13728,816,151,49,,,{'https://t.co/7006gpdfhf'},0,Esportes,UEFA Futebol,2021-03-05T15:41:29.0000000+00:00,-0.1650856137275695,1.0,0.2762645695949752,0.5595592125285915,8709.694039791539
1368174374247923712,34613288,"? ""Emile had some discomfort still in the week and he wasn't ready. Hopefully it's not too much.""

? Hear from the boss ahead of #BURARS ? https://t.co/ibQPTDXZ4i",1614,127,41,10,,,{'https://t.co/ibqptdxz4i'},0,Esportes,UEFA Futebol,2021-03-06T12:19:24.0000000+00:00,-0.2239220142364502,1.0,0.1593897031301471,0.559572806196156,1080.6245893147652
1368501683219693570,34613288,"Good luck today, @ArsenalWFC

? @sportsbetio https://t.co/SNDYByKi8N",2280,117,35,2,727759996822392832|256551011,"{'727759996822392832', '256551011'}",{'https://t.co/sndybyki8n'},2,Esportes,UEFA Futebol,2021-03-07T10:00:01.0000000+00:00,-0.2133636772632599,1.0,0.0,0.5595871037345314,1430.3049475599228
1368632782042333188,96951800,"? ?????? ! @acollado_ ?
@FCBarcelonaB ? https://t.co/nffaxEDpUY",5215,369,72,54,869855519435091968|1026469052515065856,"{'1026469052515065856', '869855519435091968'}",{'https://t.co/nffaxedpuy'},2,Esportes,UEFA Futebol,2021-03-07T18:40:57.0000000+00:00,0.0,0.0,0.0,0.5595928493095331,3402.323690908708
1364237278516830212,14434070,"Many of us already live with artificial intelligence now, but researchers say interactions with the technology will become increasingly personalized. https://t.co/Xwrd5ZkZWN",3,2,0,2,,,{'https://t.co/xwrd5zkzwn'},0,Notícias,Tecnologia,2021-02-23T15:34:48.0000000+00:00,-0.1641541123390197,1.0,0.17548624036839,0.5594020280006805,12.405021360486607
1368519774955798529,773069256,"ℹ Entwarnung bei @JeromeBoateng: Der Innenverteidiger hat sich bei #FCBBVB eine Kapselzerrung im linken Knie zugezogen.

? https://t.co/c7skpt4tRY",988,45,20,3,493278212,{'493278212'},{'https://t.co/c7skpt4try'},1,Esportes,UEFA Futebol,2021-03-07T11:11:54.0000000+00:00,-0.1575311422348022,0.9166666666666666,0.3819707233886551,0.5595879048191772,624.1079103184176
1368216046616768513,2941994339,"? Score predictions for #ElcheSevillaFC? ?

#WeareSevilla #NeverSurrender",36,1,6,0,,,,0,Esportes,UEFA Futebol,2021-03-06T15:05:00.0000000+00:00,-0.2266421616077423,1.0,0.0,0.5595746212966001,27.419415616538043
1368932010971004931,1638021792,"?? That's all from our #JuveFCP presser!

? More #JuveUCL build-up to follow ⭐️⚪️⚫️",108,4,1,0,,,,0,Esportes,UEFA Futebol,2021-03-08T14:29:59.0000000+00:00,-0.1436672210693359,1.0,0.2235062506454222,0.5596059059254057,68.39716763288784
1368909409775149064,96951800,"? Hello, Estadi Johan Cruyff! https://t.co/OHtmopLePj",5170,155,12,1,,,{'https://t.co/ohtmoplepj'},0,Esportes,UEFA Futebol,2021-03-08T13:00:11.0000000+00:00,-0.2119884192943573,1.0,0.325557086749779,0.5596049507267769,3076.8893695420475
1367462925250818061,34613288,"@NBAUK @dallasmavs @LacazetteAlex Represent, @J_Rich1! ?",792,26,3,1,793861356|543582873|61288678|22185437,"{'793861356', '543582873', '61288678', '22185437'}",,4,Esportes,UEFA Futebol,2021-03-04T13:12:22.0000000+00:00,0.0,0.0,0.0,0.5595417831577582,474.4917425070956
1337318168277241857,821102114,@eugenioadm87 @ForzaHorizon @CDPROJEKTRED We're looking into it!,637,1,107,3,534903006|1171755060|805433768915959808,"{'534903006', '805433768915959808', '1171755060'}",,3,Entretenimento,Games,2020-12-11T08:47:52.0000000+00:00,0.0,0.0,0.0,0.5582912645488156,418.1668656014921
1369337343270862853,24742040,@DCpierson Aaron is definitely employee of the month ?,20,0,1,0,23421193,{'23421193'},,1,Entretenimento,Games,2021-03-09T17:20:38.0000000+00:00,-0.1437228918075561,1.0,0.2855815033388837,0.5596236697873727,14.150624370688012
1336596712857743361,821102114,@Cynicalzinho @Suhail10311 @Marcin360 Team is happy and very excited. Thanks for asking. ?,122,0,7,0,1282422679237271553|44099213|1262507858605805569,"{'1262507858605805569', '44099213', '1282422679237271553'}",,3,Entretenimento,Games,2020-12-09T09:01:03.0000000+00:00,-0.2056196928024292,1.0,0.0,0.558262768808569,74.81391913237101
1368703131652005888,100220864,#LetSilkSonicThrive @RecordingAcad https://t.co/Ze5nuZQnvi,52776,8973,1538,5715,17243213,{'17243213'},{'https://t.co/ze5nuzqnvi'},1,Música,Pop,2021-03-07T23:20:30.0000000+00:00,0.0,0.0,0.0,0.559595880060528,43635.62540732772
1363548342832218116,314792669,"It's rare for concert adverts to have the full names of band members; in this instance, for a 1969 show in Bordeaux, France, they've got David's middle name AND surname incorrect! https://t.co/1Qa0yLWk50",792,94,25,3,,,{'https://t.co/1qa0ylwk50'},0,Música,Rock,2021-02-21T17:57:13.0000000+00:00,-0.1554064452648162,1.0,0.1394380192296737,0.5593723979376904,570.0786985110948
1360637255132434433,34507480,https://t.co/888mYIJbNp https://t.co/TLHKilREVO,289402,25827,10665,2714,,,"{'https://t.co/tlhkilrevo', 'https://t.co/888myijbnp'}",0,Música,Pop,2021-02-13T17:09:35.0000000+00:00,0.0,0.0,0.0,0.5592478587325556,198218.09429659252
1359964129532862464,34507480,? #3435RemixVideo tonight ?? https://t.co/ysWbhBWvBd,294889,28670,19609,5034,,,{'https://t.co/yswbhbwvbd'},0,Música,Pop,2021-02-11T20:34:50.0000000+00:00,0.0,0.0,0.0,0.5592192309297999,210755.14943043533
1349748316901310464,14230524,I am deeply honored to be joining @BidenInaugural on January 20 to sing the National Anthem and celebrate the historic inauguration of @JoeBiden and @KamalaHarris! ? https://t.co/MfgcG3j4Aa,265718,24743,7258,4546,30354991|1333168873860984832|939091,"{'1333168873860984832', '30354991', '939091'}",{'https://t.co/mfgcg3j4aa'},3,Música,Pop,2021-01-14T16:00:50.0000000+00:00,-0.1033495068550109,0.9166666666666666,0.1525060903250711,0.5587923278105205,182736.81784117912
1296750375114964992,100220864,❤️,86548,6757,2995,1188,,,,0,Música,Pop,2020-08-21T10:05:56.0000000+00:00,0.0,0.0,0.0,0.5567793853800177,58041.48440887069
1337245958787244033,17919972,The #willowMusicVideo premieres in 1 hour! About to answer some questions in the premiere page chat so follow me there: https://t.co/HLEnRDk21i https://t.co/llb1iL2bQl,139328,16260,5151,3760,,,"{'https://t.co/hlenrdk21i', 'https://t.co/llb1il2bql'}",0,Música,Pop,2020-12-11T04:00:56.0000000+00:00,-0.1667897999286651,0.6,0.1214783312956192,0.5582883832277592,100919.44806854067
1361140319002103813,21447363,? #AmericanIdol https://t.co/TJoAZHcTG0,3109,236,99,7,,,{'https://t.co/tjoazhctg0'},0,Música,Pop,2021-02-15T02:28:35.0000000+00:00,0.0,0.0,0.0,0.5592692829899933,2063.144204861549
1369095591607865347,18228898,?Welcome to Team Legend Pia? I can’t wait to work with you! @BujuBanton @BlakeShelton??‍♂️ have @GwenStefani give you a lesson,593,42,18,2,28208983|14920785|4194500772,"{'28208983', '4194500772', '14920785'}",,3,Música,Pop,2021-03-09T01:20:00.0000000+00:00,-0.0740825235843658,1.0,0.1812573333411298,0.5596130699629498,395.18847125048
1363673526096470017,21447363,"Turns out…being a mom doesn’t make @lukebryanonline’s dad jokes any better ? HALP ME
#AmericanIdol https://t.co/RyyBRkx6V2",3097,255,137,16,17074714,{'17074714'},{'https://t.co/ryybrkx6v2'},1,Música,Pop,2021-02-22T02:14:39.0000000+00:00,-0.1197731792926788,1.0,0.2031923321053491,0.559377770558737,2108.4082983861363
1365178104310763520,100220864,@AndersonPaak @Bootsy_Collins ANDYYYYYYYYY!!!!!!,2839,274,211,76,97737655|21771224,"{'21771224', '97737655'}",,2,Música,Pop,2021-02-26T05:53:18.0000000+00:00,-0.2214930057525634,1.0,0.4494364165239821,0.5594426202984107,2056.7799691673385
1322209256611852294,14230524,https://t.co/UnJeKoCx1v https://t.co/Ph2iFxNOEE,238459,59667,7119,29107,,,"{'https://t.co/unjekocx1v', 'https://t.co/ph2ifxnoee'}",0,Música,Pop,2020-10-30T16:10:26.0000000+00:00,0.0,0.0,0.0,0.5577072307843816,219748.31422651967
1318996052049973248,14230524,"I want to highlight the importance of voter protection at the polls. @WeTheAction is deploying lawyers to polling places across the country to ensure our votes are protected. If you’re a lawyer or know a lawyer, please sign up for or share We The Action. https://t.co/tQpENn91yN",35356,4059,1325,780,849722985153912832,{'849722985153912832'},{'https://t.co/tqpenn91yn'},1,Música,Pop,2020-10-21T19:22:19.0000000+00:00,-0.0493775606155395,0.8,0.105797045450756,0.5575863711132147,25421.936347596707
1354658220585922565,17919972,the “forever is the sweetest con” chapter is out now ??  https://t.co/pUCyQgU5Sg https://t.co/krn2QT4ooX,206801,22633,9708,3505,,,"{'https://t.co/krn2qt4oox', 'https://t.co/pucyqgu5sg'}",0,Música,Pop,2021-01-28T05:11:02.0000000+00:00,-0.1869506239891052,0.75,0.1658969939216042,0.5589957431732595,148293.74344952172
1268243264156524544,100220864,~Muhammad Ali https://t.co/TubTtSmdFL,19639,3640,328,136,,,{'https://t.co/tubttsmdfl'},0,Música,Pop,2020-06-03T18:08:51.0000000+00:00,0.0,0.0,0.0,0.555814292265283,15220.435929197723
1363674987626856448,21447363,.@ChayceBeckham How ‘bout THEM apples? ???? #AmericanIdol,2582,180,95,8,1334734095616626690,{'1334734095616626690'},,1,Música,Pop,2021-02-22T02:20:27.0000000+00:00,0.0,0.0,0.0,0.5593778333302665,1703.8647002005048
1334706123971162115,26565946,"RT @fairfightaction: Join us this Thursday for our Rock The Runoff virtual concert. Hosted by @KerryWashington, this is sure to be a night…",0,656,0,0,205302299|879771304316071938,"{'205302299', '879771304316071938'}",,2,Música,Pop,2020-12-04T03:48:32.0000000+00:00,-0.1268700361251831,0.8888888888888888,0.1766125857378087,0.5581883757356705,737.403665145
1334724211689074688,34507480,oh santa the remix ! by @mariahcarey feat me &amp; the incredible @iamjhud out now ??☁️ and i am no longer in my body https://t.co/ruQUKmy4j0 https://t.co/wanmfNDcic,126484,17808,4907,3841,33990291|19248106,"{'19248106', '33990291'}","{'https://t.co/wanmfndcic', 'https://t.co/ruqukmy4j0'}",2,Música,Pop,2020-12-04T05:00:24.0000000+00:00,-0.1377735435962677,1.0,0.1476714639511195,0.558189091457147,95371.67347072987
1290389884927000582,79293791,cheers to a sunny Cali afternoon... skin protected Of course! @fentyskin #HyDRAViZoR #SPF #CoralReefFriendly #vegan #glutenfree #crueltyfree #clean ... get into it https://t.co/FIIzyxXKmX https://t.co/wf6P1a22zr,27206,1474,727,295,1116089461480153088,{'1116089461480153088'},"{'https://t.co/fiizyxxkmx', 'https://t.co/wf6p1a22zr'}",1,Música,Pop,2020-08-03T20:51:37.0000000+00:00,-0.1785984337329864,1.0,0.1523438510862065,0.556557705699575,17360.238214135577
1316909183225286657,79293791,savage show lip combo vibes! all from the new  @fentybeauty limited edition minis!! #STUNNA &amp; #GLOSSBOMB ??? https://t.co/ISDrPBqMAD,69886,4156,1970,594,704881118000971777,{'704881118000971777'},{'https://t.co/isdrpbqmad'},1,Música,Pop,2020-10-16T01:09:50.0000000+00:00,-0.1710858941078186,1.0,0.0,0.5575085088953128,45031.08275964687
1337021907464499204,17919972,"All *digital downloads* of the album will include an exclusive, digital booklet with 16 brand new photos. You can pre-order evermore now at https://t.co/QYMUTL0IAj",106010,7555,482,549,,,{'https://t.co/qymutl0iaj'},0,Música,Pop,2020-12-10T13:10:38.0000000+00:00,-0.2071564495563507,0.9285714285714286,0.2987621655834839,0.5582795290100802,68202.94953741648
1350483251291451392,19373710,"I remember being nervous &amp; concerned about what I should wear. After much deliberation, I settled on a t-shirt &amp; oversized green pants. The black Project 86 t-shirt I would wear today if I still had it, but the choice in pants gets me teased by my daughters ? @phoenixlp https://t.co/ZQW3Wku6OM",1314,120,25,12,67220892,{'67220892'},{'https://t.co/zqw3wku6om'},1,Música,Rock,2021-01-16T16:41:12.0000000+00:00,-0.1104547381401062,0.9473684210526316,0.1179431273520209,0.5588225796326866,900.2999202715545
1334726779903168512,14230524,? “911” REMIXES OUT NOW ? @brunomartini https://t.co/JvytLrMVAI https://t.co/UmwN7IbVcW,8723,1232,246,190,725361022303883265,{'725361022303883265'},"{'https://t.co/umwn7ibvcw', 'https://t.co/jvytlrmvai'}",1,Música,Pop,2020-12-04T05:10:37.0000000+00:00,-0.204522430896759,1.0,0.2089052622836532,0.55818917141543,6491.251888442244
1334711453211889665,34507480,@MariahCarey @IAMJHUD !!! https://t.co/HxOQqFR6r2,21237,2447,2081,608,33990291|19248106,"{'19248106', '33990291'}",{'https://t.co/hxoqqfr6r2'},2,Música,Pop,2020-12-04T04:09:42.0000000+00:00,0.0,0.0,0.0,0.558188590939317,16087.514444349676
1331741612402237443,17919972,@thinkzakkIknows @taylornation13 I take that as the highest compliment in existence. ?????? #folkloreOnDisneyPlus,15886,1416,1380,559,80144576|1088210252464570368,"{'80144576', '1088210252464570368'}",,2,Música,Pop,2020-11-25T23:28:37.0000000+00:00,-0.0412364304065704,1.0,0.0,0.5580725977262856,11529.825532772204
1358843677582401536,34507480,@gwshclland love u all more always,16815,2043,5362,1444,950763348,{'950763348'},,1,Música,Pop,2021-02-08T18:22:33.0000000+00:00,-0.136091947555542,1.0,0.0,0.5591717180783465,15494.609304262896
1290659734639521798,79293791,"Photographer: Gray Sorrenti
Creative Director: Jen Brill
Profile Written By: @kahlanabarfield
Hair: @UrsulaStephen
Makeup: @PriscillaOno
Nails: @kimmiekyees",5077,341,131,25,302068984|32508937|30409468|155128025,"{'155128025', '30409468', '302068984', '32508937'}",,4,Música,Pop,2020-08-04T14:43:54.0000000+00:00,-0.2380613684654235,1.0,0.2070875086304437,0.5565670346871066,3296.1107073995104
1292597118763319296,108361327,Have you seen our 360 Virtual Pop Up store yet? Join the experience + get exclusive items here: https://t.co/ZAjFrJxdqa https://t.co/jP41j4wQDf,1399,182,11,4,,,"{'https://t.co/jp41j4wqdf', 'https://t.co/zajfrjxdqa'}",0,Música,Heavy Metal,2020-08-09T23:02:23.0000000+00:00,-0.1506675779819488,1.0,0.1651982365752294,0.5566341799794544,995.9113125289612
1362841895030968326,55365711,#FreeMichonne https://t.co/qM5PK2IBVJ,28,4,1,0,,,{'https://t.co/qm5pk2ibvj'},0,Música,Rap,2021-02-19T19:10:02.0000000+00:00,0.0,0.0,0.0,0.5593420734575669,21.8145900126117
1322221808913928193,18847632,"Standing or seated? It's almost show time. 60 minutes out. #ATYCLB
https://t.co/g0i4z2B00C https://t.co/yhQTMfmzgB",624,86,29,22,,,"{'https://t.co/g0i4z2b00c', 'https://t.co/yhqtmfmzgb'}",0,Música,Rock,2020-10-30T17:00:19.0000000+00:00,-0.1780163645744323,1.0,0.0,0.557707711176647,476.2824485855055
1322191082235506689,337789021,"Who's ready to rock the weekend?! ???

#FanFriday

? @rock_ndoll

https://t.co/pfuTPm62GN",125,12,6,0,,,{'https://t.co/pfutpm62gn'},0,Música,Rock,2020-10-30T14:58:13.0000000+00:00,-0.0965771675109863,1.0,0.2195109508086083,0.5577065636839059,88.79845811831738
1365001111946420226,15155074,What one Pearl Jam performance would you go back in time to see?,2665,101,2620,293,,,,0,Música,Rock,2021-02-25T18:10:00.0000000+00:00,-0.1805997192859649,1.0,0.2011946755849157,0.5594349818655376,3234.76580409691
1341790679945670656,15155074,"Happy birthday, Eddie!

?: Karen Loria https://t.co/mRHDzQDYPB",14175,2293,328,469,,,{'https://t.co/mrhdzqdypb'},0,Música,Rock,2020-12-23T17:00:02.0000000+00:00,-0.1303762793540954,1.0,0.2929463853187067,0.5584693041471589,10925.49878188861
1322229311718494210,18847632,"Are you joining us for the Elevation Watch Party? Tweet along with us using #ATYCLB
https://t.co/g0i4z2B00C",584,74,63,21,,,{'https://t.co/g0i4z2b00c'},0,Música,Rock,2020-10-30T17:30:08.0000000+00:00,-0.1376844644546508,1.0,0.1779859884640966,0.5577079947545195,458.53529913761616
1337774207971684352,2836755090,#PWRUP #DEMONFIRE https://t.co/RPrvr4eRDJ https://t.co/XOMkB2SVbx,1482,220,6,43,,,"{'https://t.co/xomkb2svbx', 'https://t.co/rprvr4erdj'}",0,Música,Rock,2020-12-12T15:00:00.0000000+00:00,0.0,0.0,0.0,0.5583092940361183,1102.6623875302746
1275492317013479424,110783489,".@DJKilmore getting @ShavoOdadjian in the zone – backstage at The Forum in Los Angeles, 2014.

#SOAD #Incubus ?: @GregWatermann https://t.co/hqkOWEZWwP",959,67,13,4,3147892626|40101983|53919756,"{'3147892626', '40101983', '53919756'}",{'https://t.co/hqkowezwwp'},3,Música,Heavy Metal,2020-06-23T18:14:00.0000000+00:00,-0.2059761583805084,1.0,0.1709206434338983,0.5560529019246537,622.3187274263001
1319321276171759617,19373710,Here are some long lost interview outtakes from the Hybrid Theory days #HybridTheory20 https://t.co/730oDpV1Qy https://t.co/woJgFzxerN,5060,784,79,138,,,"{'https://t.co/730odpv1qy', 'https://t.co/wojgfzxern'}",0,Música,Rock,2020-10-22T16:54:38.0000000+00:00,-0.2504077851772308,1.0,0.0,0.5575985591051981,3822.895967599745
1263620338790944769,297047872,"⚠️ TUNE IN NOW ⚠️ Watch the broadcast from @Lollapalooza 2006 now!

#RHCP #Lolla #StayHome
https://t.co/L8CK03LrOy",845,216,26,72,15429316,{'15429316'},{'https://t.co/l8ck03lroy'},1,Música,Rock,2020-05-21T23:59:00.0000000+00:00,-0.1438592672348022,0.6666666666666666,0.1878150385186143,0.5556644353823089,767.8479848570878
1338573100921794560,15155074,"This Saturday, December 19, finish out the #10DaysofPJ and relive the June 26, 2018 Rome show, including ""Daughter,"" on @Nugsnet: https://t.co/TC5Q3kLIZ0 https://t.co/zwcVeYsMTO",549,59,9,26,309870370,{'309870370'},"{'https://t.co/tc5q3kliz0', 'https://t.co/zwcveysmto'}",1,Música,Rock,2020-12-14T19:54:31.0000000+00:00,-0.1716494262218475,1.0,0.1529509858769996,0.5583409512344738,399.299362183207
1333878541398798338,2836755090,#PWRUP ?? @JBHiFi https://t.co/WYRBDAQT2k https://t.co/rKhQqJ9NUf,1065,74,8,6,341142617,{'341142617'},"{'https://t.co/rkhqqj9nuf', 'https://t.co/wyrbdaqt2k'}",1,Música,Rock,2020-12-01T21:00:01.0000000+00:00,0.0,0.0,0.0,0.5581559542639908,686.5333551329379
1327308553418272768,6207392,Stream it here: https://t.co/99zfYGir58 https://t.co/fIUeOSD2Vs,641,61,14,5,,,"{'https://t.co/fiueosd2vs', 'https://t.co/99zfygir58'}",0,Música,Heavy Metal,2020-11-13T17:53:13.0000000+00:00,-0.1342231035232544,1.0,0.0,0.5579014180706907,438.51099121538704
1312391963241398272,337789021,"Today we’re celebrating the 30th anniversary of German Reunification, which followed the fall of the Berlin Wall. We’re also celebrating the 30th anniversary of “Wind of Change” and we want to hear from you!

What does “Wind of Change” mean to you?

? https://t.co/FueUob4BMe https://t.co/4bc2ngE4V5",1027,204,122,23,,,"{'https://t.co/4bc2nge4v5', 'https://t.co/fueuob4bme'}",0,Música,Rock,2020-10-03T14:00:01.0000000+00:00,-0.1675007343292236,0.6,0.0823524332817577,0.5573414931938449,885.4392858575427
1361732521428275201,20322929,You know I’m up once you hear my jar open and my grinder clink together,19938,3557,249,346,,,,0,Música,Rap,2021-02-16T17:41:47.0000000+00:00,-0.0982286930084228,1.0,0.1920343302549423,0.5592945622319649,15465.720050625683
1164279406057201665,19028953,EARTHGANG,85713,15778,741,595,,,,0,Música,Rap,2019-08-21T20:53:36.0000000+00:00,-0.1580245494842529,1.0,1.0,0.5528078884775738,65567.44170241844
1351540224560668673,18222378,"i’m gonna raise the bar with this one, good is not good enough. It has to be great ! #bransoncognac #lecheminduroi #bottlerover https://t.co/1a3eQZgr0z",5877,539,280,87,,,{'https://t.co/1a3eqzgr0z'},0,Música,Rap,2021-01-19T14:41:14.0000000+00:00,-0.1878761947154998,0.75,0.0,0.5588661996178429,4098.026243558668
1330972658612150272,238475531,"Coming #BlackFriday at 9AM PST to the Met Store: The latest poster in our series featuring art by @Munk_One! This poster is limited to 500 prints, so don’t wait to grab yours - they won’t last long!

Met Store ➡️ https://t.co/KNrZOMRXE7
Probity/UK Store ➡️ https://t.co/7GW38ZjzAL https://t.co/HdgdmGx2BH",1535,153,19,12,19507251,{'19507251'},"{'https://t.co/7gw38zjzal', 'https://t.co/hdgdmgx2bh', 'https://t.co/knrzomrxe7'}",1,Música,Heavy Metal,2020-11-23T20:33:04.0000000+00:00,-0.1725247800350189,0.7857142857142857,0.097232034898049,0.5580427445580408,1053.5196330244307
1273231711908872193,19028953,We may not agree with each other but we gotta be gentle with each other.  ✌?,106021,29231,1202,3614,,,,0,Música,Rap,2020-06-17T12:31:10.0000000+00:00,-0.2481963634490966,0.875,0.0,0.5559780238553459,94130.90547451684
1182112257708306433,19028953,@JIDsv @Bas @EarthGang What the fuckkkkkkkkkkkkk. ???????,8728,916,118,38,128418853|18829050|108314159,"{'128418853', '108314159', '18829050'}",,3,Música,Rap,2019-10-10T01:54:59.0000000+00:00,-0.2183079421520233,1.0,0.3032160644503863,0.5532756433320215,5930.179776267918
1359597695548153864,15155074,This just in: @MikeMcCreadyPJ and Eddie will be dialing into @PJRadio's Faithfull Forum on @SiriusXM. Call 1-855-9-PEARLJAM to join the conversation at 5pm ET.,102,10,5,1,189258194|140943126|270193608,"{'189258194', '140943126', '270193608'}",,3,Música,Rock,2021-02-10T20:18:45.0000000+00:00,-0.058534026145935,1.0,0.1749393364868245,0.5592036519802457,77.26811422386801
1364683920965578753,55365711,@fromthedeskoflo @TIDAL @ChannelTh1rt3en @darujones @Marcus__Machado ??,2,0,0,0,15339207|1172526179175358466|1003006213800394753|2679055230|30745797,"{'30745797', '15339207', '1172526179175358466', '2679055230', '1003006213800394753'}",,5,Música,Rap,2021-02-24T21:09:36.0000000+00:00,0.0,0.0,0.0,0.5594213154735878,1.1190918140104762
1095067826061262848,19028953,https://t.co/CqzHNipGWa,202548,97947,1005,5203,,,{'https://t.co/cqzhnipgwa'},0,Música,Rap,2019-02-11T21:11:29.0000000+00:00,0.0,0.0,0.0,0.5511405527992128,223019.579485568
1365320876510560258,19114743,@Tim_Burgess @robbiesbrewery Enjoy  ?,74,0,5,0,429754799|19429176,"{'429754799', '19429176'}",,2,Música,Heavy Metal,2021-02-26T15:20:38.0000000+00:00,0.0,0.0,0.0,0.5594488077077168,44.196741970596506
1338584496489172992,3004231,@ChuckDizzle @DJRTistic Put it together ??,25,4,8,2,25518162|18690565,"{'25518162', '18690565'}",,2,Música,Rap,2020-12-14T20:39:48.0000000+00:00,0.0,0.0,0.0,0.5583414199538591,24.00880073777774
1336059119174897665,15155074,Excited to join @Lin_Manuel &amp; Georgia's own @WayneBrady for an arts &amp; activism event to #GetOutTheVote for the #Georgia runoff elections. Join us on Dec 16 at 5:30pm PT with a $10 donation to support the work of @LCFGeorgia @HispanicFed &amp; @LatinoVictoryUS! https://t.co/U56mO1zfOs https://t.co/Su6wrFUuCc,411,43,16,15,79923701|2302481323|2580672806|600402500|26127836,"{'79923701', '2580672806', '26127836', '600402500', '2302481323'}","{'https://t.co/su6wrfuucc', 'https://t.co/u56mo1zfos'}",5,Música,Rock,2020-12-07T21:24:51.0000000+00:00,-0.1672480106353759,1.0,0.1016347637916433,0.5582415460214943,303.1820794563258
1366561763962073092,55365711,"A Magnificent Dave For An Exorcism.

th1rt3en is @Marcus__Machado @darujones @pharoahemonch

@davechappelle @channelth1rt3en ?@candytman https://t.co/YPDm5DGEkj",256,49,6,4,15339207|1172526179175358466|55365711|26672310|526316060|30745797,"{'30745797', '15339207', '526316060', '55365711', '1172526179175358466', '26672310'}",{'https://t.co/ypdm5dgekj'},6,Música,Rap,2021-03-02T01:31:28.0000000+00:00,-0.1145490109920501,1.0,0.2062484926083756,0.5595025998387207,207.131607727424
1362872757109809152,55365711,@CHINOXL @ImmortalTech Legends salute! Happy birthday @ImmortalTech,19,3,1,0,17354377|16879416,"{'16879416', '17354377'}",,2,Música,Rap,2021-02-19T21:12:40.0000000+00:00,-0.133320927619934,1.0,0.0,0.5593433971076557,16.221207664478158
1360346403873181707,19114743,@Tim_Burgess Thanks for having us!,203,6,17,0,19429176,{'19429176'},,1,Música,Heavy Metal,2021-02-12T21:53:51.0000000+00:00,0.0,0.0,0.0,0.5592354657956569,129.74291411715356
1333873034114064385,19373710,"Benefitting @MusicForRelief, the @GlobalOdeToJoy is an international video project launched by @YouTube and @googlearts celebrating Beethoven’s 250th birthday. We asked @BradDelson on his birthday what brings him joy. Join us and share videos that inspire #joy. #globalodetojoy https://t.co/yJyPqUrycy",2743,314,92,85,3227527560|16458319|10228272|1314686071960154114|248965136,"{'3227527560', '10228272', '1314686071960154114', '16458319', '248965136'}",{'https://t.co/yjypqurycy'},5,Música,Rock,2020-12-01T20:38:08.0000000+00:00,-0.1221235692501068,1.0,0.1255841781230718,0.558155729699463,1989.895518527856
1366115959623331844,55365711,"Watch us perform songs off of the debut album, A Magnificent Day For An Exorcism, in this special @tidal session.

You can catch the live #session in the @tidal app and on our YouTube page. Link in bio!

@channelth1rt3en is @pharoahemonch @Marcus__Machado &amp; @darujones. https://t.co/NcxHgMGaqG",173,54,4,5,15339207|1172526179175358466|55365711|2679055230|30745797,"{'30745797', '15339207', '55365711', '1172526179175358466', '2679055230'}",{'https://t.co/ncxhgmgaqg'},5,Música,Rap,2021-02-28T20:00:00.0000000+00:00,-0.1117308139801025,1.0,0.1097683764413073,0.5594832565308266,170.14457276474073
1359932980974657536,19373710,"For Mike’s birthday, take 20% off storewide in the Official Mike Shinoda Store.

Shop Now: https://t.co/wBnCeNFyMe https://t.co/SSeyH1ZWKq",668,54,5,1,,,"{'https://t.co/sseyh1zwkq', 'https://t.co/wbncenfyme'}",0,Música,Rock,2021-02-11T18:31:03.0000000+00:00,-0.2047877013683319,0.875,0.1642999260293116,0.5592178926287884,442.9227952738201
1362069293790162946,15155074,"Tonight at 8pm ET, Eddie will perform at the 34th Annual Benefit Concert for @TibetHouseUS with @PhilipGlass, @Phoebe_Bridgers, @BlkfootWhtfoot, &amp; more.

Last chance for tickets to this virtual event: https://t.co/BEW7AiQFrQ https://t.co/AXDaV1VUZO",276,40,4,1,574631672|75932644|386021243|423211359,"{'423211359', '574631672', '386021243', '75932644'}","{'https://t.co/axdav1vuzo', 'https://t.co/bew7aiqfrq'}",4,Música,Rock,2021-02-17T16:00:00.0000000+00:00,-0.1793293058872223,1.0,0.1320147681617935,0.5593089532428583,209.25556912393927
1364624807220948994,55365711,Shout out to @tidal We back at it with another live performance. A Magnificent Day For An Exorcism @ChannelTh1rt3en is @Marcus__Machado @darujones &amp; @pharoahemonch Watch th1rt3en rock this @TIDAL #SESSION in the app today! ???????? https://t.co/6cOD9ZE484 https://t.co/QeGQ8UdRE9,58,19,1,2,15339207|1172526179175358466|55365711|2679055230|30745797,"{'30745797', '15339207', '55365711', '1172526179175358466', '2679055230'}","{'https://t.co/6cod9ze484', 'https://t.co/qegq8udre9'}",5,Música,Rap,2021-02-24T17:14:42.0000000+00:00,-0.1074938178062439,1.0,0.1257678830233893,0.5594187648950639,61.606670234168725
1343729046891347968,3004231,"Join me and the hosts @DavidDobrik and @KekePalmer to say PEACE OUT 2020 ???? !! its goin down tomorrow 12/29 @ 12pm PT for our end of the year streaming event, check it only on @FacebookWatch !
You can share what got you through 202 with the tag #GotMeThrough2020Challenge https://t.co/aQ9ENiGhbc",734,85,65,6,325306055|29860364|899733078641225728,"{'325306055', '29860364', '899733078641225728'}",{'https://t.co/aq9enighbc'},3,Música,Rap,2020-12-29T01:22:24.0000000+00:00,-0.0884099602699279,1.0,0.1145568125182901,0.5585472644109144,554.7015386781767
1321455751567532032,19373710,"Continue the #HybridTheory celebration with two new @Spotify Singles: @grandson’s cover of “One Step Closer” and @fever333’s take on “In The End.” Available now, only on Spotify: https://t.co/YdzDq9Oblu https://t.co/UaIjka4vTa",3984,698,95,202,880552945430831104|728020310964895744|17230018,"{'17230018', '728020310964895744', '880552945430831104'}","{'https://t.co/ydzdq9oblu', 'https://t.co/uaijka4vta'}",3,Música,Rock,2020-10-28T14:16:17.0000000+00:00,-0.1633721590042114,0.9,0.2640295363235871,0.5576787937426377,3173.284058599524
1347619092417548288,238475531,"P.S. - Follow the @AWMHFoundation to be the first to know when a new auction begins, and be sure to keep an eye out on the first Tuesday of every month!",421,31,8,0,886959980254871552,{'886959980254871552'},,1,Música,Heavy Metal,2021-01-08T19:00:03.0000000+00:00,-0.1497829854488372,0.875,0.1281682895453034,0.5587051143310162,278.7958747455198
1368317364287180801,3001704118,❤? https://t.co/9BNBBWmMjl,415,28,3,0,,,{'https://t.co/9bnbbwmmjl'},0,Esportes,UEFA Futebol,2021-03-06T21:47:36.0000000+00:00,0.0,0.0,0.0,0.5595790464980286,265.80019777265903
1368157353695121412,22910295,"Goal for Spurs, Lusala the scorer.

? 0-1 ⚪ [6'] #CFCU18",1709,61,45,7,,,,0,Esportes,UEFA Futebol,2021-03-06T11:11:46.0000000+00:00,-0.2379698455333709,1.0,0.3063879719831814,0.5595720517028461,1056.643837112412
1369007428696743936,22910295,"Spot on! ?

#CHEEVE https://t.co/wMmoAcGvFl",8698,681,60,19,,,{'https://t.co/wmmoacgvfl'},0,Esportes,UEFA Futebol,2021-03-08T19:29:40.0000000+00:00,-0.1817889213562011,1.0,0.0,0.5596092151724291,5676.116626869026
1368241591299760129,2941994339,"? @ennesyri9 comes on for Papu Gómez.

@Elchecf_en 1-0 #SevillaFC (76')

#WeareSevilla | #ElcheSevillaFC https://t.co/Mi7GgEvJNm",7,0,6,0,713287663483224064|1324006941060964353,"{'713287663483224064', '1324006941060964353'}",{'https://t.co/mi7ggevjnm'},2,Esportes,UEFA Futebol,2021-03-06T16:46:30.0000000+00:00,-0.1172559857368469,1.0,0.2212110251113209,0.5595757366557507,12.43470970228076
1368173264602869761,452155423,"? ''It is a special match. It is the Madrid derby and they are always special matches, we know what it is, the fans too and we are ready to play this match tomorrow. We were very good all week and we are very happy to be able to play tomorrow's game.''
#AtletiRealMadrid https://t.co/HUOILbIsjL",774,64,12,0,,,{'https://t.co/huoilbisjl'},0,Esportes,UEFA Futebol,2021-03-06T12:15:00.0000000+00:00,-0.1442108750343322,0.4583333333333333,0.1560490802464219,0.5595727616762662,519.0678178340279
1368550065502121985,19583545,"? ? ? ? ? ??

#LIVFUL https://t.co/1yGBGVUj1u",7638,436,100,21,,,{'https://t.co/1ygbgvuj1u'},0,Esportes,UEFA Futebol,2021-03-07T13:12:16.0000000+00:00,0.0,0.0,0.0,0.559589203340078,4830.933901467241
1369382325633638404,1638021792,"19’ | Oliveira scores from the spot.

#JuveFCP [0-1] #JuveUCL",582,68,175,61,,,,0,Esportes,UEFA Futebol,2021-03-09T20:19:22.0000000+00:00,-0.1985342800617218,1.0,0.2762645695949752,0.5596256308009028,536.8357563702615
1368645394348077067,96951800,"? 2021 ELECTION

Voter participation with &lt; 1️⃣ hour before the polls close https://t.co/HQfWLAlBnH",4127,213,36,11,,,{'https://t.co/hqfwlalbnh'},0,Esportes,UEFA Futebol,2021-03-07T19:31:04.0000000+00:00,-0.2055630683898925,1.0,0.2301949843169061,0.5595934007954074,2578.1747801644906
1368982192194519043,22910295,"Chelsea fans, how are ??? feeling?

#CHEEVE",2272,208,188,22,,,,0,Esportes,UEFA Futebol,2021-03-08T17:49:23.0000000+00:00,-0.208873450756073,1.0,0.3220024178194947,0.5596081103374295,1624.1632887381472
1369259792892633089,96951800,"❝He's a president who gives a lot of confidence to his players.❞
      — @RonaldKoeman on Joan Laporta https://t.co/3d8XBdm7Jj",2431,152,21,4,620398542,{'620398542'},{'https://t.co/3d8xbdm7jj'},1,Esportes,UEFA Futebol,2021-03-09T12:12:28.0000000+00:00,-0.2277902364730835,1.0,0.1998224554965685,0.5596202945499293,1548.0207264924022
1320726746329743363,113696373,yoink https://t.co/jL0tUYik2C,4239,209,91,15,,,{'https://t.co/jl0tuyik2c'},0,Entretenimento,Games,2020-10-26T13:59:28.0000000+00:00,-0.2545112073421478,1.0,0.3799783615910078,0.5576513231516823,2657.985403765417
1351594764056088577,29758446,"Bonuses in Red Dead Online this week include Double RDO$ and Role XP on all Moonshine Story and Bootlegger Missions.

Naturalist Free Roam Events are awarding Double Role XP, and paying back Double RDO$.

Plus Rewards for Club Members, and more: https://t.co/Aho7S64aDE https://t.co/v7aP77axMr",2845,284,257,10,,,"{'https://t.co/v7ap77axmr', 'https://t.co/aho7s64ade'}",0,Entretenimento,Games,2021-01-19T18:17:57.0000000+00:00,-0.1851593852043151,0.7894736842105263,0.1875030467775403,0.558868466753856,2066.6828703481383
1365731424322478084,10671602,Visit Deathloop’s Blackreef and enjoy its four uniquely defined districts (when you’re not being shot at). New trailer from State of Play: https://t.co/kbJ8Tj3zrH https://t.co/VEJOHxafxr,2005,140,71,6,,,"{'https://t.co/kbj8tj3zrh', 'https://t.co/vejohxafxr'}",0,Entretenimento,Games,2021-02-27T18:32:00.0000000+00:00,-0.2199318706989288,1.0,0.1492415097913734,0.5594665589191429,1328.257030215074
1337102280059834370,821102114,"Reminder: @Nvidia and @AMD have released their new drivers updates. For the best experience with #Cyberpunk2077, make sure to download and install them before jumping into the game!

⚙ https://t.co/om2n2LRX9n (v460.79)
⚙ https://t.co/lTugpJFzP2 (v20.12.1) https://t.co/9if9VnHHFG",11253,615,1145,113,61559439|14861876,"{'61559439', '14861876'}","{'https://t.co/om2n2lrx9n', 'https://t.co/ltugpjfzp2', 'https://t.co/9if9vnhhfg'}",2,Entretenimento,Games,2020-12-10T18:30:00.0000000+00:00,-0.1188716292381286,1.0,0.1112970976957798,0.5582827308783217,7678.131241369096
1352017720578105346,821102114,"@S_Wanchu No, you’re good.",61,1,7,0,232552469,{'232552469'},,1,Entretenimento,Games,2021-01-20T22:18:38.0000000+00:00,-0.2154444456100464,1.0,0.0,0.5588859815548451,40.24650627252569
1350865539091066881,252882791,"We’ve got a healthy amount of reveals to toss your way during the #REShowcase.
4 days left: ? https://t.co/e4wOPFi45Z https://t.co/SX2L8rYPn5",5093,647,274,380,,,"{'https://t.co/e4wopfi45z', 'https://t.co/sx2l8rypn5'}",0,Entretenimento,Games,2021-01-17T18:00:17.0000000+00:00,-0.1026555001735687,1.0,0.0,0.5588383467267175,3938.699242944672
1330948472992776193,612782611,"RT @CallofDuty: Nuketown '84 drops tomorrow in #BlackOpsColdWar.

Check in with @Treyarch's Creative Specialist, Miles Leslie, on what's co…",0,483,0,0,46423291|290097288,"{'290097288', '46423291'}",,2,Entretenimento,Games,2020-11-23T18:56:58.0000000+00:00,-0.2124251425266266,1.0,0.1867547453522282,0.5580418221343735,543.6371166878351
1360638198573981696,79293791,"I’m just here to brag about the best eye cream on the block! I’m always tired, y’all would never know. Lol! Get into this @fentyskin #FLASHNAP Instant Revival Eye Gel-Cream ???‍♀️ available now on https://t.co/yH0c5ksLob &amp; @Sephora @HarveyNichols @BootsUK https://t.co/B8y4c5jHlZ",20171,1671,968,310,1116089461480153088|46186400|23760251|545087869,"{'545087869', '46186400', '1116089461480153088', '23760251'}","{'https://t.co/yh0c5kslob', 'https://t.co/b8y4c5jhlz'}",4,Música,Pop,2021-02-13T17:13:20.0000000+00:00,-0.1172529757022857,0.875,0.1193512430150281,0.5592479096091766,13874.383726687853
1269640838205902849,297047872,????they have a lot of love for every living creature https://t.co/9s7K1Jk4Xs,4918,774,76,78,,,{'https://t.co/9s7k1jk4xs'},0,Música,Rock,2020-06-07T14:42:19.0000000+00:00,-0.2075610756874084,1.0,0.2235062506454222,0.5558599698831279,3682.141273392657
1366709249137643523,314792669,"Another Tuesday Teaser for you: which song on A Saucerful Of Secrets had a working title of The Most Boring Song I've Heard, Bar Two?

https://t.co/8zmqaYPzZS",1003,111,31,9,,,{'https://t.co/8zmqaypzzs'},0,Música,Rock,2021-03-02T11:17:31.0000000+00:00,-0.0944733023643493,1.0,0.1531479837625373,0.5595089964501552,712.3408674446492
1367946423736537089,100220864,@IAMANITABAKER I love you Anita. Thank you so much.,1529,132,41,30,204995942,{'204995942'},,1,Música,Pop,2021-03-05T21:13:37.0000000+00:00,-0.2242390811443328,1.0,0.2307679296112306,0.559562827222748,1044.2908315689067
1327659608903733249,95955871,Dave Grohl ? Paradise City https://t.co/97U9sIr7LP,16432,2665,204,581,,,{'https://t.co/97u9sir7lp'},0,Música,Rock,2020-11-14T17:08:12.0000000+00:00,-0.2471726238727569,1.0,0.3065042162415877,0.5579148989248022,12581.710500125817
1338944728969035776,34507480,? @netflix https://t.co/lLHIqfxrOm https://t.co/tjg1Dbm3OB,178076,12806,7937,1639,16573941,{'16573941'},"{'https://t.co/llhiqfxrom', 'https://t.co/tjg1dbm3ob'}",1,Música,Pop,2020-12-15T20:31:14.0000000+00:00,0.0,0.0,0.0,0.5583557306277012,119078.25430127692
1366208806535892995,21447363,"I ? your name, voice, sincerity and of COURSE your relationship with your mom @AlanisSophia. And while we’re at it I love @alanis too! #AmericanIdol https://t.co/BajGywTSSV",2191,175,111,11,1088037493|17399269,"{'1088037493', '17399269'}",{'https://t.co/bajgywtssv'},2,Música,Pop,2021-03-01T02:08:57.0000000+00:00,-0.1575867831707,1.0,0.0,0.55948726383123,1492.7118397429929
1364598637163126785,2836755090,#PWRUP @BBCNews https://t.co/3eJQgtOHp7,1368,155,17,10,612473,{'612473'},{'https://t.co/3ejqgtohp7'},1,Música,Rock,2021-02-24T15:30:42.0000000+00:00,0.0,0.0,0.0,0.5594176242237315,954.927419399728
1345405481628684289,18645813,Jumping into 2021 like ? https://t.co/WHVxU2O1R2,608,70,11,5,,,{'https://t.co/whvxu2o1r2'},0,Música,Electrônica,2021-01-02T16:23:57.0000000+00:00,-0.1797956228256225,1.0,0.2965198808538455,0.5586150448312489,429.18272056728017
1354547483083329538,26565946,See you Friday @jimmyfallon ?? @FallonTonight https://t.co/NDhW8CDAsq,12667,708,1139,182,15485441|19777398,"{'19777398', '15485441'}",{'https://t.co/ndhw8cdasq'},2,Música,Pop,2021-01-27T21:51:00.0000000+00:00,-0.170431762933731,1.0,0.2596979932401624,0.5589911301676607,8612.521770376305
1327687747117740035,238475531,"We'll be getting good use out of these today! #HelpingHands2020 kicks off in three hours.

Get Your Ticket ➡️️ https://t.co/5SUGsKDjCL https://t.co/tChg2AhyNz",1473,135,24,16,,,"{'https://t.co/5sugskdjcl', 'https://t.co/tchg2ahynz'}",0,Música,Heavy Metal,2020-11-14T19:00:00.0000000+00:00,-0.1678338646888733,0.8333333333333334,0.0,0.5579159582470742,999.6926633837594
1333406580927303682,21001379,Check out my latest episode of I Need R3HAB with new music from @SHOWTEK @dimitrivegas @likemike @SunneryJames @RyanMarciano @bingoplayers @fafaqmusic @Firebeatz @alekgaloski https://t.co/5Z42xSvgmY ??,92,10,8,1,72387047|31299618|263481817|45788610|45777849|34914032|32351549|59399268,"{'32351549', '72387047', '263481817', '45777849', '31299618', '34914032', '59399268', '45788610'}",{'https://t.co/5z42xsvgmy'},8,Música,Electrônica,2020-11-30T13:44:37.0000000+00:00,-0.1537420451641082,1.0,0.1685388662889863,0.558137493077474,71.53596268945142
1359185296382779393,18228898,"Inspired by @chrissyteigen, designed by Winterstone. I teamed up with @getinkbox for some semi-permanent #oohlaa tattoos!  Get yours, check out Valentine's Day merch bundles, and take 15% off select items here: https://t.co/dvqPufbbNC https://t.co/CSlr0SoZfL",581,37,17,4,2823088888|39364684,"{'39364684', '2823088888'}","{'https://t.co/cslr0sozfl', 'https://t.co/dvqpufbbnc'}",2,Música,Pop,2021-02-09T17:00:01.0000000+00:00,-0.1298575401306152,0.9230769230769232,0.1331600482068953,0.5591861694660178,386.9884859308023
1363926533652574218,238475531,"New to the @PUCKHCKY x Metallica collaboration: The Sniper Messiah, available exclusively at https://t.co/Y2ivhfZ8Xm!

Shop the entire collection at https://t.co/22eYhGNPnK.
Partial collection also available at https://t.co/Bc9QfY59qW. https://t.co/gzOZ9DLysw",1321,156,33,29,2344289012,{'2344289012'},"{'https://t.co/y2ivhfz8xm', 'https://t.co/gzoz9dlysw', 'https://t.co/bc9qfy59qw', 'https://t.co/22eyhgnpnk'}",1,Música,Heavy Metal,2021-02-22T19:00:00.0000000+00:00,-0.2383532524108886,0.8181818181818182,0.1005505796492333,0.5593886585710711,955.9500101867554
1365207153359917058,18776605,Much love to @c895radio for the early support on my brand new single 'Leave A Little Love' with @alesso on @planetdance895!,355,35,13,4,130151627|715467420543033344|26150404,"{'715467420543033344', '26150404', '130151627'}",,3,Música,Electrônica,2021-02-26T07:48:44.0000000+00:00,-0.0892885625362396,0.8,0.0,0.559443890267287,249.95976186260552
1324713186436796417,118483749,"40 years ago today Motörhead made the first of two Top Of The Pops appearances playing #aceofspades40!
https://t.co/Yr3xIpPNCF",397,88,8,3,,,{'https://t.co/yr3xippncf'},0,Música,Heavy Metal,2020-11-06T14:00:10.0000000+00:00,-0.1725975573062896,1.0,0.1721426692408691,0.5578022011950705,331.43103477241795
1353719280022343683,337789021,"Scorpions Today - 1992: ""Send Me An Angel"" Peaks at #44 on the @Billboard Hot 100 ? ?

https://t.co/Qh5O5sCg4B",408,82,11,8,9695312,{'9695312'},{'https://t.co/qh5o5scg4b'},1,Música,Rock,2021-01-25T15:00:01.0000000+00:00,-0.14469575881958,1.0,0.1950623149643585,0.5589566123780856,334.36577891797515
1360341869478223872,19114743,"SH: The artwork has definitely stood the test of time without a doubt. But it's such massive subject matter - Derek had to do it well, because if he didn’t it ends up being cheesy. It could be a fine line perhaps, but I think the artwork's fantastic #TimsTwitterListeningParty",678,45,19,2,,,,0,Música,Heavy Metal,2021-02-12T21:35:50.0000000+00:00,-0.1743026375770568,0.8888888888888888,0.1081041443823273,0.559235272954847,451.3014697251657
1309555054295355394,95955871,What’s the song? ? https://t.co/pUFyF3xCGz,6694,612,452,132,,,{'https://t.co/pufyf3xcgz'},0,Música,Rock,2020-09-25T18:07:09.0000000+00:00,-0.1834250390529632,1.0,0.0,0.5572377194488727,4739.307414374583
1341035699970011136,2836755090,#PWRUP @AMAZONMUSIC https://t.co/BmPCkFDkv1 https://t.co/kVotzrKoQU,992,138,15,17,14740219,{'14740219'},"{'https://t.co/kvotzrkoqu', 'https://t.co/bmpckfdkv1'}",1,Música,Rock,2020-12-21T15:00:00.0000000+00:00,0.0,0.0,0.0,0.5584390872771416,727.6476628871642
1360046105170485249,34507480,three hours! ? join the live countdown here: https://t.co/itsDkio2mI ✨ i’ll see you there ? https://t.co/wJM9CmGvhS,77731,11705,7976,1746,,,"{'https://t.co/itsdkio2mi', 'https://t.co/wjm9cmgvhs'}",0,Música,Pop,2021-02-12T02:00:34.0000000+00:00,-0.1705864071846008,1.0,0.173616837320484,0.5592227138661705,62000.52114686225
1316844403797889024,238475531,"Check out the @MVFilmFest's screening of ""Sound Of Metal"" - available today through Sunday morning - including a bonus conversation featuring our resident movie buff, @LarsUlrich! #MVFF43

Get your ticket ➡️ https://t.co/Y7g0VFnHLb https://t.co/KhKq2Vjxc1",692,91,10,1,348754193|171641072,"{'348754193', '171641072'}","{'https://t.co/y7g0vfnhlb', 'https://t.co/khkq2vjxc1'}",2,Música,Heavy Metal,2020-10-15T20:52:26.0000000+00:00,-0.1608835160732269,1.0,0.1357465310676573,0.5575060808744935,500.1588860737128
1310618458925740032,18645813,New Music. This Friday ? #Future https://t.co/N3h8FTM1PO,1093,152,26,18,,,{'https://t.co/n3h8ftm1po'},0,Música,Electrônica,2020-09-28T16:32:45.0000000+00:00,-0.2128529250621795,1.0,0.2855815033388837,0.5572764994993454,806.5389665675593
1366833859829108738,100220864,"Lacoste: “Bruno, if you want the clothes to sell we need to hire ridiculously good looking models.”

Me: “BET!” https://t.co/4otNoqEmEr",10830,933,534,130,,,{'https://t.co/4otnoqemer'},0,Música,Pop,2021-03-02T19:32:41.0000000+00:00,-0.0174726247787475,1.0,0.1721426692408691,0.5595143830562749,7480.2615686826675
1330164072227094528,337789021,"On Black Friday our ""Wind of Change"" Box Set including the sheet music for Wind of Change will be released! Have you tried singing or playing the song? Comment below and send your videos!

https://t.co/678WUXT9hw https://t.co/ncYkDqKagE",309,35,11,3,,,"{'https://t.co/ncykdqkage', 'https://t.co/678wuxt9hw'}",0,Música,Rock,2020-11-21T15:00:02.0000000+00:00,-0.1671759784221649,0.8461538461538461,0.1203156624548953,0.5580114284516018,227.0926331550768
1351669168987226112,236956880,"“Supernaut” (2021 Remaster)
https://t.co/NKrRgDJRNx",698,95,5,4,,,{'https://t.co/nkrrgdjrnx'},0,Música,Heavy Metal,2021-01-19T23:13:37.0000000+00:00,-0.1610640287399292,1.0,0.3574550433419527,0.5588715378074963,504.3025103364936
1334601400836354048,15155074,"Gigaton producer Josh Evans talked with Nick Rives about mixing Gigaton in Dolby Atmos on @Dolby Inside the Mix.

Tune into part one on Capitol Royale: https://t.co/JK30IO2zAV https://t.co/qnc8TizKTd",202,14,2,1,15851618,{'15851618'},"{'https://t.co/jk30io2zav', 'https://t.co/qnc8tizktd'}",1,Música,Rock,2020-12-03T20:52:24.0000000+00:00,-0.0968563556671142,0.7272727272727273,0.2405728680287015,0.5581842551646894,136.17919337792944
1347589799947984902,18847632,"'Shake, Shake'. You may not have seen this video. A Celebration. From today on @youtube in 4k. #U2
https://t.co/2Z7COlVid4 https://t.co/pGdxWdAjh9",2341,380,100,93,10228272,{'10228272'},"{'https://t.co/2z7colvid4', 'https://t.co/pgdxwdajh9'}",1,Música,Rock,2021-01-08T17:03:39.0000000+00:00,-0.1832527220249176,1.0,0.1549761967208895,0.5587039124259505,1846.044375816396
1333492114408296449,15155074,"It’s the United Nation’s 75th Anniversary! Join @MikeMcCreadyPJ tomorrow at 12pm PT along with @BrandiCarlile, @ItsPeterGabriel, &amp; over 200 artists for #PeaceThroughMusic.

Watch exclusively on Facebook Live, as we call for social justice &amp; global access to human rights. #UN75 https://t.co/3nJNLOgawQ",358,35,4,3,107544554|522538187|270193608,"{'270193608', '522538187', '107544554'}",{'https://t.co/3njnlogawq'},3,Música,Rock,2020-11-30T19:24:29.0000000+00:00,-0.1971685290336609,0.8333333333333334,0.1277617980366226,0.5581408279590456,250.58370054395212
1358058477785120769,79293791,jade in da shade. https://t.co/NkC6I1iEmP,875094,87788,12126,11898,,,{'https://t.co/nkc6i1iemp'},0,Música,Pop,2021-02-06T14:22:27.0000000+00:00,-0.2040751576423645,1.0,0.2789425453258252,0.559138535884022,600904.6685616527
1363238923879653379,55010030,"Thanks @JimmyKimmelLive for having us on!  If you missed it, you can watch it here now https://t.co/Bblb6pGOhs https://t.co/zGaJ4PTjIK",1774,341,59,24,34036028,{'34036028'},"{'https://t.co/bblb6pgohs', 'https://t.co/zgaj4ptjik'}",1,Música,Rock,2021-02-20T21:27:41.0000000+00:00,-0.1838316023349762,1.0,0.0,0.5593591120920434,1424.128722280952
1086268959492468742,202222127,"""Electrico Romantico"" is OUT NOW!! ?
Thanks @Spotify for including the track in New Music Friday!!
https://t.co/gCMj381RSy https://t.co/L2riCvD7Ol",53,16,3,2,17230018,{'17230018'},"{'https://t.co/gcmj381rsy', 'https://t.co/l2ricvd7ol'}",1,Música,Electrônica,2019-01-18T14:27:56.0000000+00:00,-0.1634969711303711,1.0,0.1719053835320473,0.5509435472272465,55.7400898398482
1316501262704144384,19373710,"“It's amazing that we're here 20 years later talking about this album…The reality in terms of the way the music has connected globally has exceeded what any of us could’ve imagined.” - Brad #HybridTheory20

Stream/Download: https://t.co/7ZTm0Sf3OA https://t.co/uqN4ahFXkJ",2706,405,50,18,,,"{'https://t.co/7ztm0sf3oa', 'https://t.co/uqn4ahfxkj'}",0,Música,Rock,2020-10-14T22:08:55.0000000+00:00,-0.1598974168300628,1.0,0.1135407591871743,0.5574933160801524,2006.4819891148247
1362769948691472385,236956880,Happy Birthday Tony! https://t.co/62X2qv41yE,8969,1550,167,184,,,{'https://t.co/62x2qv41ye'},0,Música,Heavy Metal,2021-02-19T14:24:09.0000000+00:00,-0.1996957063674926,1.0,0.3032160644503863,0.5593389719191568,6948.838261009508
1327642451427864577,238475531,"Today is the day we've been waiting for! #HelpingHands2020 is finally here &amp; we're psyched to get to play LIVE for you in just a handful of hours at 2PM PST. Get your ticket now &amp; join us as we take the stage from HQ.

Get Your Ticket ➡️ https://t.co/5SUGsKDjCL https://t.co/OQD9lkvdN0",1744,195,29,36,,,"{'https://t.co/5sugskdjcl', 'https://t.co/oqd9lkvdn0'}",0,Música,Heavy Metal,2020-11-14T16:00:01.0000000+00:00,-0.1461051404476165,0.7647058823529411,0.0952009400262841,0.5579142187277942,1236.2600009223083
1330692631551234050,95955871,"The pre-sale tickets have landed ⚡
https://t.co/h6944iWjQJ https://t.co/etgqcBtnrL",3387,265,90,60,,,"{'https://t.co/etgqcbtnrl', 'https://t.co/h6944iwjqj'}",0,Música,Rock,2020-11-23T02:00:21.0000000+00:00,0.0,0.0,0.0,0.5580319092950274,2270.632450253423
1367500382717546499,23976386,"The music video of 'BED' is coming tomorrow together with @raye @joelcorry!
GET READY!!!!! https://t.co/FXJpghzvoS https://t.co/GjDj6LkbFh",426,73,15,5,36987016|1037251922,"{'36987016', '1037251922'}","{'https://t.co/gjdj6lkbfh', 'https://t.co/fxjpghzvos'}",2,Música,Electrônica,2021-03-04T15:41:12.0000000+00:00,-0.1523705720901489,1.0,0.1685388662889863,0.559543404719413,335.8203639399392
1364533279261679619,118483749,"Episode 10 of #themotorcast features one of Lemmy’s closest and most long standing friends, Simon Sessler. Subscribe now to hear his stories about the great man and all things Motörhead here https://t.co/q37LFpYOhk  . Hosted by @TalkingBollockz https://t.co/pGuSlEmtxT",344,49,2,2,2425303842,{'2425303842'},"{'https://t.co/q37lfpyohk', 'https://t.co/pguslemtxt'}",1,Música,Heavy Metal,2021-02-24T11:11:00.0000000+00:00,-0.1733493506908416,1.0,0.1259171676886794,0.5594147835110195,259.07999185539376
1349370619616378880,2836755090,#REALIZE VIDEO OUT NOW #PWRUP https://t.co/6wcxL4N2mM https://t.co/Dyy70idElf,4002,989,102,156,,,"{'https://t.co/6wcxl4n2mm', 'https://t.co/dyy70idelf'}",0,Música,Rock,2021-01-13T15:00:00.0000000+00:00,-0.1460028886795044,1.0,0.0,0.5587768289354741,3489.0040529647986
1361376289475682307,621583,Parler app back online after month-long gap https://t.co/YxJnH9M4NH,31,11,11,1,,,{'https://t.co/yxjnh9m4nh'},0,Notícias,Tecnologia,2021-02-15T18:06:15.0000000+00:00,-0.194591075181961,1.0,0.2513652654754977,0.5592793705741355,39.84942421928111
1319686215642214401,19373710,NEW #HybridTheory20 merch available in the Official Linkin Park Store: https://t.co/tgYZCswSOj https://t.co/7rBtkGnpRl,2535,289,46,89,,,"{'https://t.co/7rbtkgnprl', 'https://t.co/tgyzcswsoj'}",0,Música,Rock,2020-10-23T17:04:47.0000000+00:00,-0.1775285899639129,1.0,0.1885678269485264,0.5576122418487389,1816.806078052468
1238490684384071686,297047872,"Must have been a hundred miles
Any of a hundred styles
It's not about the smile you wear
But the way we make out
* * * *
On this day in 2007, the music video for “Hump de Bump” was released. Directed by @chrisrock https://t.co/oUqqkwMLYw",2381,401,23,26,238319766,{'238319766'},{'https://t.co/ouqqkwmlyw'},1,Música,Rock,2020-03-13T15:42:43.0000000+00:00,-0.1388137638568878,0.9285714285714286,0.1231038431569519,0.5548791068789279,1801.721727224152
1352347607855726594,95955871,"#onthisday in 2017 we rocked Osaka, Japan https://t.co/qsPK9BnF6y",6474,977,95,112,,,{'https://t.co/qspk9bnf6y'},0,Música,Rock,2021-01-21T20:09:29.0000000+00:00,-0.1994078159332275,1.0,0.2513287082708997,0.5588996495368121,4829.034051807616
1315698359718551552,18645813,WE are INVINCIBLE ? https://t.co/733IPDbCHj,1025,163,11,8,,,{'https://t.co/733ipdbchj'},0,Música,Electrônica,2020-10-12T16:58:28.0000000+00:00,-0.217478722333908,1.0,0.0,0.557463507264888,765.9555831563935
1336325009367678977,2836755090,#DEMONFIRE IS ALL YOU DESIRE. OFFICIAL VIDEO TOMORROW. #PWRUP https://t.co/RPrvr4eRDJ https://t.co/VcXIvsa6y9,1627,258,25,48,,,"{'https://t.co/vcxivsa6y9', 'https://t.co/rprvr4erdj'}",0,Música,Rock,2020-12-08T15:01:24.0000000+00:00,-0.2206234633922577,1.0,0.1914539727961682,0.5582520381939092,1242.777448242029
1304866700794363905,6207392,"09.12.19 ?  Preparing for #TheNothing album release event.

?: @stvthrasher https://t.co/DI9KjAxCXx",1098,137,10,10,560591381,{'560591381'},{'https://t.co/di9kjaxcxx'},1,Música,Heavy Metal,2020-09-12T19:37:19.0000000+00:00,-0.1461684107780456,1.0,0.0,0.5570680091342254,777.6674166512255
1310693744056950787,95955871,A little slide guitar ? https://t.co/1eGWLnLhTI,7809,932,91,66,,,{'https://t.co/1egwlnlhti'},0,Música,Rock,2020-09-28T21:31:54.0000000+00:00,-0.190686821937561,1.0,0.3220024178194947,0.5572792770121774,5480.464465919799
1359547910619344904,25365536,"Our @KKWFRAGRANCE Valentine’s Sale starts now! Shop 25% off select red &amp; pink fragrances — Kylie Jenner Red &amp; Pink Lips, Kourtney Ruby Diamond and Crystal Rose. No code needed. ❤️? Offer ends Sunday, 02.14 at 12PM PT only at https://t.co/Dn34NWYXIO https://t.co/tW95Gz03Aw",2020,104,87,4,822288284202070016,{'822288284202070016'},"{'https://t.co/dn34nwyxio', 'https://t.co/tw95gz03aw'}",1,Música,Pop,2021-02-10T17:00:55.0000000+00:00,-0.1565853357315063,1.0,0.1156627112207846,0.5592015529254741,1305.7994954084577
1334534887664209922,2836755090,#PWRUP @MetalHammer https://t.co/vHWr26nw9r,1488,123,7,9,19773713,{'19773713'},{'https://t.co/vhwr26nw9r'},1,Música,Rock,2020-12-03T16:28:06.0000000+00:00,0.0,0.0,0.0,0.5581816618310971,977.935802986845
1366167129754537984,17019152,@niftygateway @AdamPriesterArt @jpierce_art @TedsLittleDream @troubleandrew @toomuchlag_ @jonburgerman @nottjmiller @rhymezlikedimez @fewocious @itsparrott @JonathanWWolfe @todayodious @smeccea @_dotpigeon @rhett let's gooooooooooo!!!!,69,5,7,1,2367459205|2274106722|358404000|728543419547701248|1053795166199238656|20035593|973862838551961605|1287057962155094018|3286606657|14572884|743940594540613632|2836258729|17791626|163504733|1280326578405163009|6903232,"{'1053795166199238656', '17791626', '3286606657', '728543419547701248', '1287057962155094018', '2836258729', '1280326578405163009', '358404000', '6903232', '2274106722', '20035593', '14572884', '973862838551961605', '163504733', '743940594540613632', '2367459205'}",,16,Música,Electrônica,2021-02-28T23:23:20.0000000+00:00,-0.1868279576301574,1.0,0.1700526653733452,0.5594854507547448,49.88953905393404
1365113385658970113,155705264,@Ninja @Froste @Nadeshot @marshmellomusic @DillonFrancis done my part. Sorry @Nadeshot,19659,149,64,20,161418822|2987922767|19520983|1040361509396905987|214201922,"{'2987922767', '19520983', '1040361509396905987', '161418822', '214201922'}",,5,Música,Electrônica,2021-02-26T01:36:08.0000000+00:00,-0.1842041611671447,1.0,0.0,0.5594398333282397,11212.852992835707
1342062601535164416,18847632,"Extended Christmas episode of XTRACTS with some of the special guests who’ve joined the band on U2-X Radio in 2020. https://t.co/RceWtAuoBN
@rockyoriordan @ava @st_vincent @ElvisCostello @kendricklamar @howiebpoems @NoelGallagher @talldanhegarty @johnkellytweets https://t.co/2jy2zUI6vZ",680,91,17,12,7957702|18518096|1357204375|216388381|14982804|23561980|41700449|20117923|113613920,"{'113613920', '20117923', '41700449', '23561980', '7957702', '1357204375', '14982804', '18518096', '216388381'}","{'https://t.co/2jy2zui6vz', 'https://t.co/rcewtauobn'}",9,Música,Rock,2020-12-24T11:00:33.0000000+00:00,-0.2233822643756866,1.0,0.1272084133843503,0.5584802149394037,503.2617803706973
1240464261366919171,89366493,"In addition we will be CLOSING A7X World for now. We encourage you to support your favorite independent artists, brands, and businesses during this time of uncertainty.",520,57,17,3,,,,0,Música,Heavy Metal,2020-03-19T02:25:01.0000000+00:00,-0.2050492167472839,1.0,0.1572493941371175,0.5549390775035025,367.4574161891251
1369042864316026881,15808647,"Not yet a subscriber? For $50 per year, you’ll get unlimited access to our journalism and our award-nominated newsletter on artificial intelligence, The Algorithm. Your support also helps sustain our mission-driven journalism.
https://t.co/JmdZJSohAO",2,1,0,0,,,{'https://t.co/jmdzjsohao'},0,Notícias,Tecnologia,2021-03-08T21:50:29.0000000+00:00,-0.1716266572475433,1.0,0.1285804273187075,0.5596107578060211,9.025748849978008
1354565152939544576,155705264,@fvckrender @AxieInfinity Amazing stuff!! Keep up the amazing work! ♥️,74,1,3,0,701756115118333952|957716432430641152,"{'701756115118333952', '957716432430641152'}",,2,Música,Electrônica,2021-01-27T23:01:13.0000000+00:00,-0.1256862878799438,0.75,0.0,0.5589918544718914,46.25698906426267
1320142365038817281,19373710,"In 2016, we designed the #00 @MercedesAMG GT3 to compete at the @24HoursofSpa.

Can you spot the #HybridTheory reference on the car?
#MercedesAMG #HybridTheory20 https://t.co/Mw47Zc9pjF",3386,348,53,41,161711473|38170974,"{'161711473', '38170974'}",{'https://t.co/mw47zc9pjf'},2,Música,Rock,2020-10-24T23:17:21.0000000+00:00,-0.1740022897720337,1.0,0.1291003419979445,0.5576293645980894,2334.3087567374
1338592930022363139,22720074,"Tomorrow night don't miss PLAY ON: Celebrating the Power of Music to Make Change. We'll be raising money for two important charities, @NAACP_LDF and @WhyHunger, so make sure to tune in to CBS at 8/7c. Learn more at https://t.co/bLHCPZ4re4 #PlayOnLive https://t.co/HImkpNG7AD",822,123,22,11,17465796|126062842,"{'126062842', '17465796'}","{'https://t.co/blhcpz4re4', 'https://t.co/himkpng7ad'}",2,Música,Rock,2020-12-14T21:13:19.0000000+00:00,-0.1165080964565277,1.0,0.11205099866943,0.558341747559641,623.7305594934622
1365155419564351490,250887629,imagine if Mr Potato Head had a dick piece you could pop on and off https://t.co/cuyYEPZ0iH,4681,126,48,6,,,{'https://t.co/cuyyepz0ih'},0,Celebridades,Comediantes,2021-02-26T04:23:10.0000000+00:00,-0.0792838931083679,1.0,0.1977167368444619,0.5594416623646126,2793.409120946653
1361396964227772419,2559865245,@GMHikaru @DanielRensch @xQc @chesscom @hiimmikelee @TSM @chessbae94 @jaroniscaring W,377,4,4,1,20745074|785651770697523200|117653650|64324543|21346496|286505380|972587909307023360|1002318882714112000,"{'286505380', '21346496', '117653650', '20745074', '785651770697523200', '64324543', '972587909307023360', '1002318882714112000'}",,8,Celebridades,Youtubers,2021-02-15T19:28:24.0000000+00:00,0.0,0.0,0.0,0.5592802378768622,218.12028419173052
1272637078401097731,291428614,"Breonna saved lives. The officers who stole hers, still walk free. There is nothing to discuss, only justice to demand, period. Go to https://t.co/MtKWE4dJ8o to learn &amp; lead now. https://t.co/4l6gH3wVhs",24803,12462,44,52,,,"{'https://t.co/4l6gh3wvhs', 'https://t.co/mtkwe4dj8o'}",0,Celebridades,Youtubers,2020-06-15T21:08:18.0000000+00:00,-0.1382036805152893,1.0,0.1201373994183533,0.5559584064015967,27705.704233207256
1321919226341306368,517077573,"Want a chance to win a limited edition Unus Annus Youtooz? RT + follow @Youtooz and reply with your favorite moment from the past year. Winners will be picked before drop on November 6th.

Better hurry... only 15 days left before Unus Annus is deleted forever.

Memento mori. https://t.co/xJtZrrE6Ey",55193,16567,17872,5515,1080924673758527489,{'1080924673758527489'},{'https://t.co/xjtzrre6ey'},1,Celebridades,Youtubers,2020-10-29T20:57:58.0000000+00:00,-0.0976459085941314,0.8636363636363636,0.2460288848681721,0.557696299996043,62314.26022204456
1364415183607586825,35999306,"@WritingNerd23 It was a little bit of both! All in all, it took about a full day to film, accounting for all the times we would pause to choreograph the next part. Glad you enjoyed!",6,0,0,0,1321592012026617857,{'1321592012026617857'},,1,Celebridades,Youtubers,2021-02-24T03:21:44.0000000+00:00,-0.1111479997634887,0.7777777777777778,0.127512461431259,0.5594097189875178,7.779412103587755
1365372438578667526,214201922,@iPurrple LOL,206,0,4,1,230303764,{'230303764'},,1,Celebridades,Youtubers,2021-02-26T18:45:31.0000000+00:00,-0.0876753628253936,1.0,0.5797386715376657,0.5594510403422721,119.4880854056284
1359318229735251977,43815496,not very skillful but sooooo satisfying ? https://t.co/ZN0ZV0Hq2P,10899,473,74,63,,,{'https://t.co/zn0zv0hq2p'},0,Celebridades,Youtubers,2021-02-10T01:48:15.0000000+00:00,-0.160639226436615,1.0,0.2784525445656445,0.559191823800772,6704.307205451654
1366804263385501696,19604744,March 2020            March 2021 https://t.co/8kOs8qFCdD,2638,66,22,4,,,{'https://t.co/8kos8qfcdd'},0,Celebridades,Youtubers,2021-03-02T17:35:05.0000000+00:00,-0.2480976581573486,1.0,0.2662895107233706,0.5595131128972313,1566.7858614235577
1343974143646044160,310072711,23✨ https://t.co/wNaq65dMA6,20673,864,214,137,,,{'https://t.co/wnaq65dma6'},0,Celebridades,Youtubers,2020-12-29T17:36:20.0000000+00:00,0.0,0.0,0.0,0.5585571542193112,12708.85148667308
1339746480014254081,310072711,@2belovedbyou It’s true ?‍♂️,11,0,8,1,3291135910,{'3291135910'},,1,Celebridades,Youtubers,2020-12-18T01:37:06.0000000+00:00,-0.1403847932815551,1.0,0.0,0.5583876279343939,12.285084366668146
1370069387974119426,43815496,@peacesaiwong @poopikkuni @Natsumiii @BaboAbe @edisonparklive Stitches,41,0,1,0,707620657945645056|614333791|1360234484667473921|262341591|1243592532128399360,"{'707620657945645056', '614333791', '1360234484667473921', '1243592532128399360', '262341591'}",,5,Celebridades,Youtubers,2021-03-11T17:49:31.0000000+00:00,0.0,0.0,0.0,0.5596558069574636,23.50626600883696
1366121589478154243,77596200,@peachkkuno @Corpse_Husband @Sykkuno @KarlJacobs_ @DisguisedToast @peterparkTV @LudwigAhgren Next time you won't be so lucky next time,9574,84,33,3,69460994|430177205|2653325339|2344209337|1324268492674260993|3409123967|337337691,"{'69460994', '2653325339', '3409123967', '1324268492674260993', '337337691', '430177205', '2344209337'}",,7,Celebridades,Youtubers,2021-02-28T20:22:22.0000000+00:00,-0.1676043272018432,1.0,0.0,0.5594835048305494,5472.86957601595
1359370632350208003,43815496,what is throttling? @CoxComm,2273,20,33,1,103637045,{'103637045'},,1,Celebridades,Youtubers,2021-02-10T05:16:29.0000000+00:00,-0.0060733556747436,1.0,0.0,0.5591940455400967,1313.547534494507
1358529006967033856,43815496,@xChocoBars @Valkyrae ?,1524,7,4,0,2708191476|67291370,"{'67291370', '2708191476'}",,2,Celebridades,Youtubers,2021-02-07T21:32:10.0000000+00:00,0.0,0.0,0.0,0.5591584094276112,862.2229888122151
1359319030587293696,43815496,@JamesKenobi25 @KeeLoker im growing up,23,0,0,0,956288390932045824|935568464487514114,"{'956288390932045824', '935568464487514114'}",,2,Celebridades,Youtubers,2021-02-10T01:51:26.0000000+00:00,-0.0736097693443298,1.0,0.3554324678504174,0.5591918577609025,14.738464761785131
1331282297014743042,517077573,@GreenGiant ...I’m listening.,39166,506,253,67,195763277,{'195763277'},,1,Celebridades,Youtubers,2020-11-24T17:03:28.0000000+00:00,0.0,0.0,0.0,0.558054773873389,22600.10521632457
1369832253816246274,77596200,@LilyPichu @Corpse_Husband @Natsumiii 4cast gang! ❤️,14250,167,47,2,3409123967|614333791|74274804,"{'74274804', '614333791', '3409123967'}",,3,Celebridades,Youtubers,2021-03-11T02:07:14.0000000+00:00,-0.1485177874565124,1.0,0.335175743327926,0.5596453990011239,8190.59992626656
1366380504736534529,77596200,@Nibellion Dont mind waiting for a good game. Just wish we could see more of it to know what we’re waiting for.,2736,24,22,0,591672691,{'591672691'},,1,Celebridades,Youtubers,2021-03-01T13:31:13.0000000+00:00,-0.1775145530700683,0.8333333333333334,0.1586432108880159,0.5594947359301377,1573.296640156562
1336435104172765184,26389359,"We’re teaming up w/ @BMWGroup to develop cloud-enabled solutions for the #auto industry &amp; to upskill up to 5,000 #BMWGroup employees &amp; affiliated software engineers in #cloud tech to help them make better use of #data #machinelearning. https://t.co/7Y6mrDHZFk #AWS #reInvent",320,80,8,6,107122128,{'107122128'},{'https://t.co/7y6mrdhzfk'},1,Celebridades,Personalidades de Negócios,2020-12-08T22:18:53.0000000+00:00,-0.1109280586242675,0.875,0.1066544972682939,0.5582563774298251,284.70316469985823
1344852533122981888,517077573,2020 - A Comprehensive Review https://t.co/2a84HxlGFa,139027,22583,1675,1022,,,{'https://t.co/2a84hxlgfa'},0,Celebridades,Youtubers,2021-01-01T03:46:44.0000000+00:00,-0.2280147075653076,1.0,0.3349067026613031,0.558592665677341,104397.80772240506
1349749578095075328,35999306,@reallyrabah @MKBHD @whatsinside @RickShielsPGA @Casey @PhillyD @DavidDobrik Needs to happen!,121,1,2,1,325306055|154221292|6351572|3239203002|933693225436631040|117786848|29873662,"{'29873662', '933693225436631040', '325306055', '154221292', '3239203002', '117786848', '6351572'}",,7,Celebridades,Youtubers,2021-01-14T16:05:51.0000000+00:00,-0.2269887924194336,1.0,0.0,0.5587924024498648,72.08487678879546
1361511252103729153,214201922,@amboyes @dreamwastaken @GeorgeNotFound @tommyinnit @KarlJacobs_ @MrBeastYT @SypherPK @WilburSoot @TubboLive https://t.co/gZy0vkpUqr,1179,25,37,10,2174576629|1032978119370723329|387262364|20659225|996365064667123713|2653325339|1269132220725411842|2941088926,"{'996365064667123713', '2653325339', '387262364', '2941088926', '20659225', '2174576629', '1032978119370723329', '1269132220725411842'}",{'https://t.co/gzy0vkpuqr'},8,Celebridades,Youtubers,2021-02-16T03:02:32.0000000+00:00,0.0,0.0,0.0,0.5592851117323335,714.2077658907871
1361857937518465025,19604744,@AlyssaBug711 @comicgirle @SmoshGames @SmoshIan @Co_Mill @DamienHaas @supershayne @OliviaSui same,16,0,0,0,2309285994|716901834|48924387|332736023|38811911|1098092507102150657|307527529|20188930,"{'38811911', '1098092507102150657', '2309285994', '716901834', '48924387', '332736023', '20188930', '307527529'}",,8,Celebridades,Youtubers,2021-02-17T02:00:09.0000000+00:00,-0.2091027498245239,1.0,0.0,0.5592999217182554,10.067551370923994
1361586402484514816,214201922,@amboyes @dreamwastaken @GeorgeNotFound @tommyinnit @KarlJacobs_ @MrBeastYT @SypherPK @WilburSoot @TubboLive Snow days are the best ^_^,71,0,0,1,2174576629|1032978119370723329|387262364|20659225|996365064667123713|2653325339|1269132220725411842|2941088926,"{'996365064667123713', '2653325339', '387262364', '2941088926', '20659225', '2174576629', '1032978119370723329', '1269132220725411842'}",,8,Celebridades,Youtubers,2021-02-16T08:01:10.0000000+00:00,-0.0507318079471588,1.0,0.0,0.5592883211472065,41.94730229852738
1361853779025403905,19604744,@comicgirle @SmoshGames @SmoshIan @Co_Mill @DamienHaas @supershayne @OliviaSui just enough into smosh,41,0,1,0,716901834|48924387|332736023|38811911|1098092507102150657|307527529|20188930,"{'38811911', '1098092507102150657', '716901834', '48924387', '332736023', '20188930', '307527529'}",,7,Celebridades,Youtubers,2021-02-17T01:43:37.0000000+00:00,-0.1170185506343841,1.0,0.2338320064840948,0.5592997438551649,25.29942343476095
1365037827298238464,234270825,"@ElliottKalan @kitchenlattice @JesseThorn @Michaelnono @Jeopardy ""Now I don't AVOID Ken Jennings, Mandrake. But I do deny him my essence.""",15,0,0,0,52554306|85917438|48517976|104297367|5611152,"{'104297367', '5611152', '52554306', '85917438', '48517976'}",,5,Celebridades,Comediantes,2021-02-25T20:35:53.0000000+00:00,-0.0517696440219879,1.0,0.1977167368444619,0.5594365789566048,11.29996611266621
1301164188136431616,517077573,"Too be absolutely clear I don't blame the moistest man on the internet @MoistCr1TiKaL at all for this. Fair is fair and if this is the game that @TeamYouTube wants to play, I've got my Spongebob costume on and am ready to throw hands.",103803,3537,589,179,559229566|3031071234,"{'559229566', '3031071234'}",,2,Celebridades,Youtubers,2020-09-02T14:24:51.0000000+00:00,-0.095510333776474,0.7058823529411765,0.1125016839896877,0.5569355523609202,62186.21173514445
1366910062711685124,24008967,@Bamber4510 @sashaspielberg @RobbieBarstool @JoeyMulinaro @JeffDLowe @JackKennedy @DavidAGoodman I understood.,1,0,1,0,324511199|233777204|258528134|66814204|1075135057285779456|28273857|1255832742,"{'28273857', '1255832742', '66814204', '233777204', '1075135057285779456', '258528134', '324511199'}",,7,Celebridades,Comediantes,2021-03-03T00:35:29.0000000+00:00,-0.1958605945110321,1.0,0.0,0.5595177166302276,2.238196216652315
1365109273240473600,214201922,@DrLupo @Froste @Nadeshot @timthetatman @CouRageJD Handled,24974,169,64,11,995979576|161418822|4140881832|1040361509396905987|246596682,"{'995979576', '4140881832', '246596682', '1040361509396905987', '161418822'}",,5,Celebridades,Youtubers,2021-02-26T01:19:47.0000000+00:00,-0.1576670408248901,1.0,0.0,0.5594396634205939,14203.614292981489
1366197120064192513,24008967,@StudioCityCat @sashaspielberg @RobbieBarstool @JoeyMulinaro @JeffDLowe @JackKennedy Clemens had a great speed ball.,0,0,2,0,324511199|97518322|233777204|258528134|1075135057285779456|28273857,"{'28273857', '233777204', '1075135057285779456', '97518322', '258528134', '324511199'}",,6,Celebridades,Comediantes,2021-03-01T01:22:30.0000000+00:00,-0.0737530887126922,1.0,0.0,0.5594867600063527,2.238072383221528
1334873913210380298,3339261074,@goodall_jeff @MichaelDell @DellTech @VMware @Secureworks @boomi Hope you had a great holiday Jeff.,3,0,1,0,14934774|58560480|12092012|593256821|715901816857358336|15166390,"{'58560480', '593256821', '14934774', '715901816857358336', '12092012', '15166390'}",,6,Celebridades,Personalidades de Negócios,2020-12-04T14:55:16.0000000+00:00,-0.2198173105716705,1.0,0.231270435354581,0.5581949648208105,4.598825005309924
1360286991011639302,43815496,@ItzMasayoshi @QuarterJaded @Sydeon @h7une @TheRay_C My dream Jett,1498,6,2,0,783459397464825856|2364897541|4721481919|999560561972006912|953863929763020800,"{'999560561972006912', '4721481919', '2364897541', '953863929763020800', '783459397464825856'}",,5,Celebridades,Youtubers,2021-02-12T17:57:46.0000000+00:00,-0.147612988948822,1.0,0.2596979932401624,0.5592329578760036,846.8246514722138
1354807067232489475,3339261074,"@steveathanas @VMware @intel @MyVMUG Was always great working with you Steve, thank you for everything.",2,0,0,0,167583967|15493558|12092012|2803191,"{'12092012', '2803191', '15493558', '167583967'}",,4,Celebridades,Personalidades de Negócios,2021-01-28T15:02:30.0000000+00:00,-0.2246294021606445,1.0,0.2051121863660668,0.5590019759062034,5.149853225487453
1367532398825648130,58560480,"@sakacc @DellTech @VMware Enjoy the very well-deserved break! Grateful for all you have brought (especially your passion) to @DellTech and @VMware, our customers, and community, and looking forward to your return. We'll miss you! Stay safe and well my friend! ?",52,1,1,0,715901816857358336|12092012|18146496,"{'715901816857358336', '12092012', '18146496'}",,3,Celebridades,Personalidades de Negócios,2021-03-04T17:48:26.0000000+00:00,-0.2557044327259063,1.0,0.0,0.5595448161986647,35.81171080115889
1356255352145272832,3339261074,"@xyIT @VMware @intel Thank you very much, good luck to you as well!",1,0,0,0,524381955|12092012|2803191,"{'12092012', '2803191', '524381955'}",,3,Celebridades,Personalidades de Negócios,2021-02-01T14:57:28.0000000+00:00,-0.203690767288208,0.75,0.0,0.5590626212732587,2.6597252291108453
1326033569555181568,772493970,@EvanKirstel @jmj Thank you so much Evan!  We will make the waiting room a fun place?,19,1,3,0,35203319|11922492,"{'35203319', '11922492'}",,2,Celebridades,Personalidades de Negócios,2020-11-10T05:26:54.0000000+00:00,-0.1745535433292389,1.0,0.2107803444058925,0.5578525994594798,16.304986513283723
1365812811721543685,24008967,@RobbieBarstool @JeffDLowe @JoeyMulinaro @sashaspielberg @JackKennedy Great preview. Movie could’ve been much better.,3,0,1,0,324511199|233777204|258528134|1075135057285779456|28273857,"{'28273857', '233777204', '1075135057285779456', '258528134', '324511199'}",,5,Celebridades,Comediantes,2021-02-27T23:55:24.0000000+00:00,-0.115505576133728,1.0,0.2333880278858304,0.5594701036664953,5.725400000285316
1365784358217523201,24008967,@StudioCityCat @RobbieBarstool @JoeyMulinaro @sashaspielberg @JeffDLowe Your vote counts twice. #electionfraud,0,0,0,0,97518322|233777204|258528134|324511199|28273857,"{'28273857', '233777204', '97518322', '258528134', '324511199'}",,5,Celebridades,Comediantes,2021-02-27T22:02:20.0000000+00:00,-0.0303497016429901,1.0,0.0,0.5594688712842502,2.238000824325462
1365811680815554560,24008967,@JeffDLowe @RobbieBarstool @JoeyMulinaro @sashaspielberg @JackKennedy Great category!!,5,0,1,0,324511199|233777204|258528134|1075135057285779456|28273857,"{'28273857', '233777204', '1075135057285779456', '258528134', '324511199'}",,5,Celebridades,Comediantes,2021-02-27T23:50:54.0000000+00:00,-0.2046659290790558,1.0,0.0,0.5594700546183297,4.475885776400206
1334130051554668547,58560480,@SmashDawg @ouraring @redbullracing @Mariners @ufc @DigitalTrends Agree,1,0,0,0,41488578|3050707454|6446742|226087776|2306403086|14763734,"{'41488578', '6446742', '2306403086', '3050707454', '14763734', '226087776'}",,6,Celebridades,Personalidades de Negócios,2020-12-02T13:39:25.0000000+00:00,-0.1656294763088226,1.0,0.0,0.5581658102060952,1.6753379185506894
1285952748484083712,14464766,Helping Bagel with her first screenplay.  Not surprisingly it’s about sticks. https://t.co/82jPstqW8g,179,12,17,1,,,{'https://t.co/82jpstqw8g'},0,Música,Electrônica,2020-07-22T15:00:01.0000000+00:00,-0.1522326469421386,1.0,0.2243553804162471,0.5564052472389059,127.54178348813636
1354081977062850561,29758446,"This week Red Dead Online celebrates the makers who aren’t afraid to experiment and improvise.

Craft any item at a Campfire to get 3 Collectibles. Craft anything in Gus’ Store, meanwhile, to bag Rewards and Offers good for a free hat and more.

https://t.co/CVZMciiVun https://t.co/wStyTofe3r",3459,276,374,17,,,"{'https://t.co/wstytofe3r', 'https://t.co/cvzmciivun'}",0,Entretenimento,Games,2021-01-26T15:01:15.0000000+00:00,-0.101480633020401,1.0,0.1104670688673062,0.5589717168572594,2472.952770642301
1362949278365143050,155705264,@chetporter Turned out better than I thought it would ?,27,1,1,0,837078331,{'837078331'},,1,Música,Electrônica,2021-02-20T02:16:44.0000000+00:00,-0.2295641899108886,1.0,0.2762645695949752,0.5593466528076868,18.61338057386302
1365346314956005378,15234657,"You don’t need a library card to check out Dr. Hakim’s dance moves. ? #ItTakesTwoGame is just ONE MONTH away!

Pre-order here: https://t.co/SiCyWUT98b https://t.co/fuEq5b6br7",182,6,23,6,,,"{'https://t.co/sicywut98b', 'https://t.co/fueq5b6br7'}",0,Entretenimento,Games,2021-02-26T17:01:43.0000000+00:00,-0.1694587171077728,1.0,0.0,0.5594499021011043,132.03021053409043
1336808991792525325,821102114,@Fernand69572826 Stay strong!,327,6,20,3,854838283892908033,{'854838283892908033'},,1,Entretenimento,Games,2020-12-09T23:04:35.0000000+00:00,-0.2082997262477874,1.0,0.0,0.5582711468741621,203.2174056748892
1337102429532217345,612782611,"RT @CallofDuty: From operators to weapons and more, get all the intel on the massive updates arriving in #Warzone with Season One:

https:…",0,203,0,0,290097288,{'290097288'},,1,Entretenimento,Games,2020-12-10T18:30:36.0000000+00:00,-0.2040754556655883,1.0,0.1696474301934095,0.5582827331597413,231.7822105340803
1357343495132880897,29758446,"Get a 50% bonus payout on The Cayo Perico Heist Finale this week, plus all setup costs are waived.

And if you haven’t taken on the latest GTA Online Heist yet, get started with 25% off the Kosatka Submarine, which doubles as your Heist planning HQ.

https://t.co/0kv2jpLdfh https://t.co/LPARF5XcVD",4614,588,301,70,,,"{'https://t.co/lparf5xcvd', 'https://t.co/0kv2jpldfh'}",0,Entretenimento,Games,2021-02-04T15:01:22.0000000+00:00,-0.1579024195671081,0.8260869565217391,0.1058409589495673,0.5591083707180674,3456.929143812188
1327673915829866501,252882791,"For the latest UNDER THE UMBRELLA, the spotlight is on Resident Evil creatures! Share your own favorites with #REBHFun!

▶️ https://t.co/BAJuewXIpc https://t.co/TyRrZTzGxC",551,55,30,12,,,"{'https://t.co/tyrrztzgxc', 'https://t.co/bajuewxipc'}",0,Entretenimento,Games,2020-11-14T18:05:03.0000000+00:00,-0.2038065493106842,1.0,0.1442643879462621,0.5579154287316784,399.55449865557074
1369324832702296067,816653,"TC Sessions: Mobility 2021 is coming, save the date! https://t.co/c6agYKmu4d by @kirstenkorosec",12,7,0,0,20009841,{'20009841'},{'https://t.co/c6agykmu4d'},1,Notícias,Tecnologia,2021-03-09T16:30:55.0000000+00:00,-0.0838864743709564,1.0,0.2244732686522057,0.5596231417147549,18.59319015964775
1363172378843389952,331908924,@AustinCreedWins that helm tho ?,13,0,1,0,41284429,{'41284429'},,1,Entretenimento,Games,2021-02-20T17:03:16.0000000+00:00,0.0147657394409179,1.0,0.4280460350631185,0.5593562477138445,9.748865328148304
1358898413136396288,331908924,"Adventure is better in pairs.

Which duo from the last 30 years has given you the most FOMO?

#Blizz30 https://t.co/Auxq2cJbYt",1628,98,126,23,,,{'https://t.co/auxq2cjbyt'},0,Entretenimento,Games,2021-02-08T22:00:03.0000000+00:00,-0.1490581631660461,1.0,0.1705490371564934,0.5591740342233199,1108.3786811933269
1337104278398382087,821102114,@Porsche It was certainly at the top of our wish list. Let’s do this!,653,5,27,0,57016932,{'57016932'},,1,Entretenimento,Games,2020-12-10T18:37:56.0000000+00:00,-0.2122626304626464,1.0,0.0,0.5582828097689285,387.4549783324728
1362902698585071617,331908924,@ElGranFaravahar Find the schedule here! Currently broadcasting on the strategy channel. https://t.co/wJ2TxthXSN,2,0,1,0,1852347560,{'1852347560'},{'https://t.co/wj2txthxsn'},1,Entretenimento,Games,2021-02-19T23:11:39.0000000+00:00,-0.1594050526618957,1.0,0.2093341814606174,0.559344674251624,5.710915587206755
1360653537781321732,43815496,@itsraeload @fuslie @Valkyrae @Sykkuno @edisonparklive This clip doesn’t show it but @Valkyrae stole my knife kill.. js,2732,15,6,0,3013777044|430177205|2708191476|262341591|1351456233392279553,"{'1351456233392279553', '262341591', '430177205', '2708191476', '3013777044'}",,5,Celebridades,Youtubers,2021-02-13T18:14:17.0000000+00:00,-0.1726313233375549,1.0,0.1868152890333796,0.5592485556380832,1550.901442556122
1331266330176196608,14464766,As all l.a restaurants are sadly going on pandemic hiatus 2.0 my weekly ‘get dressed up and go out to dinner’ will consist of putting on a suit and eating spaghetti with my friend bagel. https://t.co/k6Y5tSMBmW,165,5,11,2,,,{'https://t.co/k6y5tsmbmw'},0,Música,Electrônica,2020-11-24T16:00:01.0000000+00:00,-0.008573293685913,0.9285714285714286,0.1364316755773022,0.5580541288079246,113.32141320080127
1330905143416659975,21001379,I wanna come closer..... https://t.co/ME64c0BOrr,384,32,16,3,,,{'https://t.co/me64c0borr'},0,Música,Electrônica,2020-11-23T16:04:47.0000000+00:00,-0.2372595369815826,1.0,0.0,0.5580401231171193,262.2791535286753
1362920758872133634,155705264,@PezRadar @Filthierich @The_Hooley I’m already counting second until Diablo 4 comes out ?,24,0,1,0,83533045|40717768|148998835,"{'148998835', '40717768', '83533045'}",,3,Música,Electrônica,2021-02-20T00:23:25.0000000+00:00,-0.1425339579582214,1.0,0.2682472837063445,0.559345429405153,17.490164571664156
1365788765957083149,18645813,When u have your BIRTHDAY in the middle of a PANDEMIC and there is no one around to SING for you ? https://t.co/3PoBDjwxPO,548,46,30,8,,,{'https://t.co/3pobdjwxpo'},0,Música,Electrônica,2021-02-27T22:19:51.0000000+00:00,-0.2114574015140533,1.0,0.1761439332555454,0.5594690551884419,383.3355766637473
1354353736580124673,155705264,@AliceKaneWolf ???,49,3,1,0,2790875190,{'2790875190'},,1,Música,Electrônica,2021-01-27T09:01:08.0000000+00:00,0.0,0.0,0.0,0.5589830323623158,31.3034629124836
1258809129218564098,202222127,"J’me voyais déjà sur l’Arc de triomphe ??? passer du bon et collecter des fonds pour ceux qui en ont besoin... Nous sommes toujours en attente de l’autorisation M. Bélaval, Responsable des monuments de France, pour réaliser notre action de solidarité... Bob Sinclar https://t.co/KopcFTkI3x",317,62,28,12,,,{'https://t.co/kopcftki3x'},0,Música,Electrônica,2020-05-08T17:20:58.0000000+00:00,-0.1888146102428436,0.9615384615384616,0.1168865293551245,0.5555102893909085,282.2428749828618
1303727847966674944,38633321,TUNE IN TOMORROW 8PM CEST. @tomorrowland https://t.co/93MUxKda55,97,13,0,0,69542069,{'69542069'},{'https://t.co/93muxkda55'},1,Música,Electrônica,2020-09-09T16:11:55.0000000+00:00,-0.117586612701416,1.0,0.2662895107233706,0.5570271171605718,70.89092026363596
1301536924067393537,14464766,"I really enjoyed making the ‘making of’ for ‘my only love’, so i’ve made another one, here’s the making of ‘morningside’. I hope you like it!

Premiering tomorrow 8am PDT here: https://t.co/LYHkEboVSO https://t.co/p6gZ6nhCpp",144,17,5,1,,,"{'https://t.co/p6gz6nhcpp', 'https://t.co/lyhkebovso'}",0,Música,Electrônica,2020-09-03T15:05:58.0000000+00:00,-0.1064303815364837,0.9,0.1209756397096016,0.5569488020039733,109.1737970556134
1351560050725294082,14464766,"As today is Trump’s last day in office it seemed somehow appropriate to post this video.. This is a song i wrote a few years ago with @skylargrey, and in an odd way it reminds me of sad, broken Trump.

https://t.co/PbkeUk46Z1",94,17,19,2,154677827,{'154677827'},{'https://t.co/pbkeuk46z1'},1,Música,Electrônica,2021-01-19T16:00:01.0000000+00:00,-0.1140415370464325,0.9090909090909092,0.1217743116582748,0.5588670138208537,89.9949887992536
1355549351603531783,21001379,"Fendi, Gucci, Prada, Louis? https://t.co/GD9t1jbFiZ",178,19,9,1,,,{'https://t.co/gd9t1jbfiz'},0,Música,Electrônica,2021-01-30T16:12:04.0000000+00:00,-0.1928037106990814,1.0,0.3255570867497791,0.5590330107014516,129.31891882008213
1318667750408036352,72915722,"@ReginaKing @hollyrpeete @itsgabrielleu @glamourmag Love you so much. You ARE changing the world, and I’m so grateful for it ❤️",158,14,6,4,342327238|19247844|30274144|256881576,"{'30274144', '342327238', '256881576', '19247844'}",,4,Celebridades,Artistas de TV,2020-10-20T21:37:46.0000000+00:00,-0.2004184126853943,1.0,0.0,0.5575741142213984,111.52064698544704
1364664823984779267,47786101,Stronger. https://t.co/jCjmuWoSS3,7691,302,96,16,,,{'https://t.co/jcjmuwoss3'},0,Celebridades,Artistas de TV,2021-02-24T19:53:42.0000000+00:00,-0.2122625410556793,1.0,0.0,0.5594204895204145,4704.727892562896
1317810926133874689,27042513,@EatDrinkRunFun Enjoy the show!  ?,3094,36,89,5,135944259,{'135944259'},,1,Celebridades,Artistas de TV,2020-10-18T12:53:03.0000000+00:00,0.0,0.0,0.0,0.5575420934859515,1817.5879058987216
1359941706951524353,43815496,@KristoferYee @peterparkTV @starsmitten_ actually thanks to @starsmitten_,614,3,4,0,2439488023|69460994|2372600622,"{'69460994', '2372600622', '2439488023'}",,3,Celebridades,Youtubers,2021-02-11T19:05:44.0000000+00:00,0.0,0.0,0.0,0.5592182820023028,348.9529295215282
1349743109832372225,35999306,@MKBHD @RickShielsPGA @Casey @PhillyD @DavidDobrik We dabble https://t.co/SXEUCi6EhQ,84,1,2,0,325306055|154221292|6351572|117786848|29873662,"{'29873662', '325306055', '154221292', '117786848', '6351572'}",{'https://t.co/sxeuci6ehq'},5,Celebridades,Youtubers,2021-01-14T15:40:09.0000000+00:00,0.0,0.0,0.0,0.5587921366038023,49.73315703018872
1368297763524448256,77596200,@JackManifoldTV @tommyinnit Thank you Jack Manifold,10087,59,41,10,731186310552158208|1032978119370723329,"{'1032978119370723329', '731186310552158208'}",,2,Celebridades,Youtubers,2021-03-06T20:29:43.0000000+00:00,-0.25098317861557,1.0,0.0,0.5595782048514513,5740.155157456686
1283518830950510593,72915722,@KristinDavis @GPBmadeit @netflix Ahh thanks Kristin!! xx,34,3,3,0,16573941|1569791546|92372285,"{'1569791546', '16573941', '92372285'}",,3,Celebridades,Artistas de TV,2020-07-15T21:48:30.0000000+00:00,-0.207419604063034,1.0,0.3155366632994909,0.5563224214971854,26.3285049975749
1367629682439454722,19263978,"This is our home. This is our community. We're all in this together!
Education | Voting | Law Enforcement Relations
#CL3Alliance https://t.co/cejHHYsuDD",121,10,2,2,,,{'https://t.co/cejhhysudd'},0,Esportes,Basquete,2021-03-05T00:15:00.0000000+00:00,-0.1183080971240997,0.75,0.1411935360448026,0.559549032400498,84.43112874903437
1346230432036233218,65468720,Just posted a photo https://t.co/sg53tcIImj,18,0,8,0,,,{'https://t.co/sg53tciimj'},0,Esportes,MMA,2021-01-04T23:02:01.0000000+00:00,-0.2282100319862365,1.0,0.0,0.55864855910616,17.3182363595084
1367491019277799427,19583545,A special brace from El Niño ⚽️ #LIVCHE https://t.co/UKdj9dVncj,5000,539,81,177,,,{'https://t.co/ukdj9dvncj'},0,Esportes,UEFA Futebol,2021-03-04T15:04:00.0000000+00:00,-0.2381215989589691,1.0,0.2596634391575384,0.5595429917224017,3548.207712376164
1368144516558041088,3001704118,"? MATCHDAY @coupedefrance ?

? @SB29
? #SB29PSG
⌚️ 9:10pm (CET)

?? #AllezParis https://t.co/6wLnGjmOW1",100,13,1,0,606345615|748864710339076096,"{'606345615', '748864710339076096'}",{'https://t.co/6wlngjmow1'},2,Esportes,UEFA Futebol,2021-03-06T10:20:46.0000000+00:00,-0.159074991941452,1.0,0.2513287082708997,0.5595714989579813,74.56379642749256
1369378396216692740,1638021792,"3’ | ? | ALMOST THE DREAM START FROM @ALVAROMORATA!!! Marchesin somehow keeps out his header!

#JuveFCP [0-0] #JuveUCL",415,23,18,9,171840420,{'171840420'},,1,Esportes,UEFA Futebol,2021-03-09T20:03:46.0000000+00:00,-0.0459824502468109,1.0,0.2183642818849641,0.55962545870936,277.13697597066465
1333807391079428096,140845817,Brand New @YouTube vid out! The rage and joy of demon souls link in bio. #ps5 #demonsouls #youtube https://t.co/ja9ZgoPdJg,101,3,6,0,10228272,{'10228272'},{'https://t.co/ja9zgopdjg'},1,Esportes,MMA,2020-12-01T16:17:17.0000000+00:00,-0.2223331332206726,1.0,0.1754735107471749,0.5581531540088488,69.30935461632411
1369400158912475136,1638021792,"???? lad! ?⚽️⚽️

? @federicochiesa ?

#JuveFCP #JuveUCL #ForzaJuve https://t.co/jtfOvRCwYv",2104,197,53,31,2230170215,{'2230170215'},{'https://t.co/jtfovrcwyv'},1,Esportes,UEFA Futebol,2021-03-09T21:30:14.0000000+00:00,0.0,0.0,0.0,0.5596264125970103,1447.194074674278
1367269369521266691,16727749,Bang Bang! @WayneEllington https://t.co/SS44XMrvT9,41,8,0,1,372439064,{'372439064'},{'https://t.co/ss44xmrvt9'},1,Esportes,Basquete,2021-03-04T00:23:14.0000000+00:00,0.0,0.0,0.0,0.5595333368532057,33.01255564072287
1367300479739441155,16201775,"Joel Embiid.

That's the tweet.",17179,2743,258,189,,,,0,Esportes,Basquete,2021-03-04T02:26:52.0000000+00:00,-0.1799933910369873,1.0,0.3554324678504174,0.559534690204703,12933.843628797464
1367625056570990592,11026952,"#MIAvsNOP INJURY UPDATE: Jimmy Butler (knee) will be available for tonight’s games vs the Pelicans.

Bam Adebayo (knee) has been ruled out.",1073,99,93,148,,,,0,Esportes,Basquete,2021-03-04T23:56:37.0000000+00:00,-0.2303139567375183,0.8181818181818182,0.1772531850629015,0.5595488173296308,852.1904580978212
1352019602151100416,232010910,Got to hangout with some cool people today! @Marcusacts314 @Hoganfilm @eugcordero Tacoma FD https://t.co/oKW4jitz33,632,17,31,2,1119818046070112256|463829352|21696770,"{'21696770', '1119818046070112256', '463829352'}",{'https://t.co/okw4jitz33'},3,Esportes,MMA,2021-01-20T22:26:07.0000000+00:00,-0.1259753406047821,1.0,0.2116761342845192,0.5588860381805831,395.2517935285854
1346143996431646720,310463188,"The wait is over and my new @mizunonorthamerica collection is finally here and available to buy! Check the link below for the baddest apparel on the planet - Someone has to be the best, why not you? https://t.co/LoPiCGpPsl https://t.co/QVxOMTPlr8",2060,220,229,41,,,"{'https://t.co/lopicgppsl', 'https://t.co/qvxomtplr8'}",0,Esportes,MMA,2021-01-04T17:18:33.0000000+00:00,-0.0986718237400055,0.875,0.1030756863391566,0.5586450352271222,1556.9316246928995
1271896411257241600,310463188,Me and @travisbrowneMMA were catching up on @LetterkennyProb last night and heard my name come out of the mouth of squirrely Dan! No joke I actually screamed ? fucking love that show,1671,85,56,7,154216795|1483679244,"{'154216795', '1483679244'}",,2,Esportes,MMA,2020-06-13T20:05:09.0000000+00:00,-0.0692792832851409,1.0,0.1477661612826905,0.5559340036947275,1064.6959239592793
1317201419384975365,140845817,more tarkov on @twitch https://t.co/ixGRxgNEdq chill afternoon stream,24,2,2,0,309366491,{'309366491'},{'https://t.co/ixgrxgnedq'},1,Esportes,MMA,2020-10-16T20:31:05.0000000+00:00,-0.1658441424369812,1.0,0.245735253378738,0.5575193587312209,19.093082303827256
1326554237053054977,19798578,"On November 11, remember those who served and sacrificed for freedom. Retweet to remember. #CanadaRemembers
 
Le 11 novembre, souvenons-nous de ceux et celles qui ont consenti des sacrifices et ont servi pour liberté. Retweet pour vous souvenir. #LeCanadaSeSouvient https://t.co/kCYOfIgqvx",574,90,10,5,,,{'https://t.co/kcyofigqvx'},0,Esportes,MMA,2020-11-11T15:55:50.0000000+00:00,-0.1188832521438598,0.8,0.2313363944910441,0.557872492230372,440.1789068485812
1275840045761441792,310463188,"We hit 1 million subscribers on @youtube!! We’ve been through so much together in the last year and a half since the channel’s humble beginnings☺️check the link below to reminisce on the good times and subscribe!

https://t.co/HUl3SamXuq",573,51,37,6,10228272,{'10228272'},{'https://t.co/hul3samxuq'},1,Esportes,MMA,2020-06-24T17:15:45.0000000+00:00,-0.126780480146408,0.9230769230769232,0.1151479515822801,0.5560644799772692,407.06061352586806
1316239353505480704,140845817,4 straight hours of pvp in shadowlands pre-patch damn i cant wait till the game drops @Warcraft,141,2,5,1,61033129,{'61033129'},,1,Esportes,MMA,2020-10-14T04:48:11.0000000+00:00,-0.2015133500099182,1.0,0.2093341814606174,0.5574835781103542,87.64204405083181
1173620799997186051,115093611,Thanks to everyone at Nick and Stef’s NYC for hosting us after the match last night. Check it out when you’re in #NYC. @Patina_Group https://t.co/ayoBd6FVkg,190,8,6,0,1525395258,{'1525395258'},{'https://t.co/ayobd6fvkg'},1,Esportes,MMA,2019-09-16T15:32:58.0000000+00:00,-0.1820048689842224,1.0,0.3176490701105482,0.5530507516905926,123.506537755732
1318907390922788866,232010910,"Sometimes you have to let the pain visit for a minute, but keep digging, keep going, keep pushing forward.                   #SM https://t.co/PWvPF0KSdH",260,14,9,2,,,{'https://t.co/pwvpf0ksdh'},0,Esportes,MMA,2020-10-21T13:30:00.0000000+00:00,-0.2258395254611969,1.0,0.1500128922998265,0.5575830627951398,170.1475380240875
1368447074019270656,6446742,"THE LEGEND GROWS!

??? @JanBlachowicz defends his LHW strap. #UFC259 https://t.co/2CdNbJYzAn",12172,2732,435,746,1026536822,{'1026536822'},{'https://t.co/2cdnbjyzan'},1,Esportes,MMA,2021-03-07T06:23:01.0000000+00:00,-0.2027162909507751,1.0,0.2235062506454222,0.5595847253204734,10532.629033779667
1368245651046207493,20346956,https://t.co/SqnayQRQKW,2620,376,24,65,,,{'https://t.co/sqnayqrqkw'},0,Esportes,Basquete,2021-03-06T17:02:38.0000000+00:00,0.0,0.0,0.0,0.5595759043535569,1937.2520757185048
1319402828285108225,140845817,@Matt51320665 @TheNotoriousMMA @joerogan @ONEChampionship If khabib would of kneed him I would say it legal in @ONEChampionship maybe you should read the full context before making a statement.,25,1,0,0,1228542159982223361|289256940|369583954|18208354,"{'369583954', '1228542159982223361', '18208354', '289256940'}",,4,Esportes,MMA,2020-10-22T22:18:42.0000000+00:00,-0.1549494862556457,0.875,0.2796509137680824,0.5576016084756609,19.6027119032507
1367113993815547906,34613288,"⚡️ Nicolas Pepe
?? @CaitlinFoord
? @Aubameyang7
? @HectorBellerin
??????? @KieranTierney1
?? @Katie_McCabe11
? @DavidLuiz_4

February Goal of the Month ?",7865,644,295,98,344801362|371112966|610060498|486003719|191985864|847238528,"{'344801362', '610060498', '486003719', '191985864', '847238528', '371112966'}",,6,Esportes,UEFA Futebol,2021-03-03T14:05:50.0000000+00:00,-0.2325217723846435,1.0,0.233361181060957,0.5595265948246646,5344.16938933829
1366499073671454725,452155423,"@vinijr @isco_alarcon @RodrygoGoes @marcoasensio10 @hugoduro14 ↔ @marianodiaz7

#HankookTire https://t.co/mj9LuDPgzu",295,22,8,2,253116441|2329070186|304596944|1296277046|215039104|815671379202887684,"{'304596944', '2329070186', '1296277046', '815671379202887684', '215039104', '253116441'}",{'https://t.co/mj9ludpgzu'},6,Esportes,UEFA Futebol,2021-03-01T21:22:22.0000000+00:00,0.0,0.0,0.0,0.5594998756872254,196.3845324525408
1368580185642110982,34613288,@ArsenalWFC @CaitlinFoord @BarclaysFAWSL ?,558,20,11,0,371112966|273665871|256551011,"{'371112966', '256551011', '273665871'}",,3,Esportes,UEFA Futebol,2021-03-07T15:11:57.0000000+00:00,0.0,0.0,0.0,0.5595905351312541,340.79094631129425
1368933410085945345,19263978,"Alongside our wine &amp; gold, the 3 stars represent the 3 times NBA All-Star festivities were held in Cleveland - 1981, 1997 &amp; now, 2022. The star icon is completed by the Terminal Tower; a landmark that has been at the epicenter of Cleveland’s downtown since its opening in 1928.",317,21,4,1,,,,0,Esportes,Basquete,2021-03-08T14:35:33.0000000+00:00,-0.0189888775348663,0.8823529411764706,0.1021913490422758,0.5596059708911654,212.641727250279
1319343716801236992,140845817,@TheNotoriousMMA @joerogan Its legal in @ONEChampionship,1455,49,26,6,289256940|369583954|18208354,"{'369583954', '18208354', '289256940'}",,3,Esportes,MMA,2020-10-22T18:23:48.0000000+00:00,-0.102405309677124,1.0,0.0,0.5575993929447876,884.910658610036
1367170047081402380,16727749,@DrDoumbouya @Cheurlin1788 It's a whole vibe for sure. ??,2,0,0,0,1334575086074998784|826126131212480513,"{'1334575086074998784', '826126131212480513'}",,2,Esportes,Basquete,2021-03-03T17:48:34.0000000+00:00,-0.1877968609333038,1.0,0.0,0.5595290146149087,2.7977338387725483
1345510484213075968,65468720,"@ReyesTheR00f @MichaelRapaport @ColbyCovMMA @NBA @MLB @KingJames @USMAN84kg I wasn’t commenting on colby’s post but thought it was funny how aggressive the response from an actor to a fighter was A and B I’ve been a construction worker, landscaper, roofer, bartender, security I worked plenty of jobs prior to making it as a fighter have a nice day",3,3,1,0,19923144|182662505|23083404|442456291|1240831700|18479513|241204643,"{'182662505', '1240831700', '19923144', '241204643', '442456291', '18479513', '23083404'}",,7,Esportes,MMA,2021-01-02T23:21:12.0000000+00:00,-0.1186937093734741,0.8823529411764706,0.1164137532997064,0.558619326317792,14.523544556322811
1368584215403655171,20265254,@McNuttMonica @Kazeem It’s always love ??,19,1,1,0,103341208|27528134,"{'103341208', '27528134'}",,2,Esportes,Basquete,2021-03-07T15:27:58.0000000+00:00,-0.1820347309112548,1.0,0.0,0.5595906970254214,13.990082214546506
1368561200754270210,19583545,@RangersFC Congratulations from all of us at #LFC to Steven Gerrard and his team on winning the Scottish Premier League title,33593,4483,439,419,351838853,{'351838853'},,1,Esportes,UEFA Futebol,2021-03-07T13:56:31.0000000+00:00,-0.2536278069019317,1.0,0.1838828981353245,0.5595896901289817,24300.28550185768
1326736922199257089,140845817,@Morales7Leo @EASPORTSUFC @ufc It was pretty clean,124,0,2,0,608732656|1113999850855641088|6446742,"{'1113999850855641088', '608732656', '6446742'}",,3,Esportes,MMA,2020-11-12T04:01:46.0000000+00:00,-0.0235981047153472,1.0,0.0,0.5578794791428083,71.96687502805578
1367649223601238016,16212685,@nbacares @NBA @tmcf_hbcu @UNCF Let’s get it Zach!,14,2,0,0,19923144|126383762|29277803|989397451,"{'29277803', '126383762', '989397451', '19923144'}",,4,Esportes,Basquete,2021-03-05T01:32:39.0000000+00:00,-0.1592613756656646,1.0,0.2855815033388837,0.5595498799636583,12.470200494076842
1367531774012751878,16201775,"To commemorate this partnership, Matisse teamed up with @glossblack to design a mural in Fishtown. ? https://t.co/kFLcCGKBB9",437,43,5,10,28405973,{'28405973'},{'https://t.co/kflccgkbb9'},1,Esportes,Basquete,2021-03-04T17:45:57.0000000+00:00,-0.2177985310554504,1.0,0.1904131904428199,0.5595447622911055,304.49928331667815
1366232555037462531,20346956,"Total Team Effort #LakeShow

@KingJames: 19 pts, 6 reb, 2 blk
@Keefmorris: 13 pts, 8 reb, 4 ast
@ACFresh21: 13 pts, 4 reb, 4 ast
@kylekuzma: 12 pts, 11 reb
Dennis Schröder: 12 pts, 6 ast
@Thortontucker: 11 pts https://t.co/VmMiLXCtKZ",13744,2796,213,532,272616327|23083404|2272672902|167821244|255792011,"{'2272672902', '272616327', '23083404', '255792011', '167821244'}",{'https://t.co/vmmilxctkz'},5,Esportes,Basquete,2021-03-01T03:43:19.0000000+00:00,-0.2144858837127685,0.6428571428571429,0.2303381141749133,0.5594882927506748,11241.727615270493
1354993740562137089,155705264,@fl0mtv Same,38,0,0,0,2282608831,{'2282608831'},,1,Música,Electrônica,2021-01-29T03:24:16.0000000+00:00,-0.1053339540958404,1.0,0.0,0.5590097574684032,22.36080341868044
1358414579328561153,18776605,"Playing 'Now I Can Breathe Again' by @SiPatterson feat. Lucy Pullin live at #ASOT750 Miami. It's included on the 'A State Of Trance 1000 - Celebration Mix', check it out here ? -&gt; https://t.co/mS79xHoPul #ASOT1000 https://t.co/l7VQ4MrBcb",349,47,10,6,33623812,{'33623812'},"{'https://t.co/l7vq4mrbcb', 'https://t.co/ms79xhopul'}",1,Música,Electrônica,2021-02-07T13:57:28.0000000+00:00,-0.1383753418922424,1.0,0.1359517877724012,0.5591535522959548,267.9108010457757
1316030943174422528,14464766,"I love old recording studios for many reasons, but one of the best things about them is the way they smell...that combination of old wood, warm analog tubes and circuit boards.. i don’t wear cologne but i think i’d make an exception if someone released ‘old recording studio’. https://t.co/cur8V3jKVt",244,15,11,2,,,{'https://t.co/cur8v3jkvt'},0,Música,Electrônica,2020-10-13T15:00:02.0000000+00:00,-0.2004280090332031,0.9375,0.1111073035001362,0.5574758407832747,169.49990264240628
1367507656269791241,21001379,Sorry I missed your call ☎️☎️ https://t.co/Y3aCeYPhNB,169,27,3,1,,,{'https://t.co/y3aceyphnb'},0,Música,Electrônica,2021-03-04T16:10:06.0000000+00:00,-0.2095375955104828,1.0,0.0,0.5595437179052115,128.69535157847
1367474157626290181,18776605,"This week on A State of Trance #ASOT1006 our monthly resident @FerryCorsten, my single with @Alesso, @Josedemara, the new @SpadaMusic and @XiJaroAndPitch",452,76,6,6,52034979|130151627|151252468|2918423207|19388771,"{'19388771', '151252468', '52034979', '2918423207', '130151627'}",,5,Música,Electrônica,2021-03-04T13:57:00.0000000+00:00,-0.1393106281757354,1.0,0.1824957813209222,0.5595422557748577,349.25671343658024
1365629350721249281,18776605,"Tonight we’ll be taking a trip down memory lane by rebroadcasting #ASOT650 Yekaterinburg, Russia in full! Tune in at 6 p.m. CET via
@ASOT’s YouTube or Twitch channel to enjoy this 8-hour broadcast, including sets from @RubendeRonde, @Popovmusic, @AlyandFila and more! https://t.co/h7XNN2LTZE",711,133,12,6,37508790|252962731|26482350|500010484,"{'252962731', '26482350', '37508790', '500010484'}",{'https://t.co/h7xnn2ltze'},4,Música,Electrônica,2021-02-27T11:46:24.0000000+00:00,-0.1468618512153625,1.0,0.1319419982578576,0.5594621530342101,565.1308228177188
1362674074732748803,155705264,@DerrekOW @AceOFSpadesOW ?,7,0,0,1,873479744414773251|821640277823750144,"{'873479744414773251', '821640277823750144'}",,2,Música,Electrônica,2021-02-19T08:03:11.0000000+00:00,0.0,0.0,0.0,0.5593348513019607,4.475092170611152
1316722494255099904,38633321,Then &amp; now ? https://t.co/Yh8JqSVB3J,85,4,0,0,,,{'https://t.co/yh8jqsvb3j'},0,Música,Electrônica,2020-10-15T12:48:00.0000000+00:00,-0.176506370306015,1.0,0.0,0.5575015561330126,53.52029541879708
1369000930809581570,17019152,"4 hours left on this auction!!!! let's goooo!! get on @niftygateway to bid for this 1/1 piece - visual art by @antonitudisco

https://t.co/Dxut3ucJ4B https://t.co/iFhVuXAgJK",281,34,7,2,1053795166199238656|366926669,"{'1053795166199238656', '366926669'}","{'https://t.co/dxut3ucj4b', 'https://t.co/ifhvuxagjk'}",2,Música,Electrônica,2021-03-08T19:03:51.0000000+00:00,-0.133279800415039,0.8571428571428571,0.146553035299542,0.5596089236638114,205.3787352259944
1366841911357620225,17019152,Random Brain Flips.. Be curious! Learn to love learning. Ask questions. In order to be ahead of the curve u need to have want and desire to learn and be curious in general. Plus it’s fun to learn especially when it’s outside of ur area of expertise.,452,56,8,0,,,,0,Música,Electrônica,2021-03-02T20:04:41.0000000+00:00,-0.0739198923110961,0.7777777777777778,0.0918029538750163,0.5595147456119977,328.3623761251644
1336739324658929667,14464766,... video is of course available far and wide for any/all who might want to watch me dj’ing in bed while wearing a suit.  Spoiler alert; at the very end i played some very quiet music and fell asleep.,43,2,3,0,,,,0,Música,Electrônica,2020-12-09T18:27:45.0000000+00:00,-0.1137026846408844,0.9230769230769232,0.1339522446218186,0.5582683655636914,35.20289447039908
1357403552470212608,18776605,We are live with a new episode of A State of Trance Radio! Let's turn the world into a dance floor! #ASOT1002 https://t.co/l96Szx0Sru,337,67,12,4,,,{'https://t.co/l96szx0sru'},0,Música,Electrônica,2021-02-04T19:00:00.0000000+00:00,-0.141135573387146,1.0,0.0,0.5591108885191993,276.76012137027413
1334527822971490308,14464766,"One of my favorite pieces of music, Sarabande, or the keyboard suite in d minor(hwv 437), by Handel. In the 17th c. Sarabandes were said to be so degenerate that they had been created in hell…personally i just think it’s really beautiful.. https://t.co/HlC4dVmpe6",220,23,22,5,,,{'https://t.co/hlc4dvmpe6'},0,Música,Electrônica,2020-12-03T16:00:01.0000000+00:00,-0.153311401605606,0.8888888888888888,0.1209340810435099,0.5581813690065722,173.60003859614193
1063403538636816385,202222127,@ODelamarche MP possible ?,0,0,0,0,1366538004,{'1366538004'},,1,Música,Electrônica,2018-11-16T12:08:55.0000000+00:00,0.0,0.0,0.0,0.5504455705790837,8.13345239922e-05
1320374052847013893,38633321,Winter Is Coming ❄ @steveaoki https://t.co/Dsw4smfQZU,984,44,12,3,17019152,{'17019152'},{'https://t.co/dsw4smfqzu'},1,Música,Electrônica,2020-10-25T14:38:00.0000000+00:00,-0.2553236484527588,1.0,0.0,0.5576380854081736,608.3832972461078
1330058761323614209,21001379,"Am I The Only One official music video is Out Now ?? @HRVY @astridsofficial
https://t.co/0WfYJd8wZZ",125,12,6,2,1370583313|89812222,"{'89812222', '1370583313'}",{'https://t.co/0wfyjd8wzz'},2,Música,Electrônica,2020-11-21T08:01:34.0000000+00:00,-0.179689735174179,0.8333333333333334,0.0,0.5580073429737779,91.42049867013198
1358772405536194562,35727881,Get ready for a brand new episode of Jacked Radio ?: https://t.co/4IaVWgYBuj #jackedradio485 https://t.co/48cnR4ZCET,129,17,3,1,,,"{'https://t.co/4iavwgybuj', 'https://t.co/48cnr4zcet'}",0,Música,Electrônica,2021-02-08T13:39:20.0000000+00:00,-0.1466924548149109,1.0,0.0,0.5591687023335045,97.85456023544032
1350151000267632641,18645813,So this happened! Don Diablo x @TravisBarker and it’s HUGE! Experience the full ? here: https://t.co/7mvTRyRNg5 SUPER hyped! CC: @RealImanbek @IamTrevorDaniel,228,26,6,4,2164133202|1331391767216857089|21705931,"{'1331391767216857089', '2164133202', '21705931'}",{'https://t.co/7mvtryrng5'},3,Música,Electrônica,2021-01-15T18:40:57.0000000+00:00,-0.1208208203315734,1.0,0.1855811315318221,0.5588088966807806,167.74709931375844
1364970509700595717,21001379,I am all imagination... https://t.co/fVYeMya4UG,240,14,11,2,,,{'https://t.co/fvyemya4ug'},0,Música,Electrônica,2021-02-25T16:08:24.0000000+00:00,-0.2130557894706726,1.0,0.0,0.5594336683281599,159.99832554381837
1366743775192752129,35727881,1 year ago ? @UltraSA https://t.co/eehC6DvznN,707,57,12,0,1548989149,{'1548989149'},{'https://t.co/eehc6dvznn'},1,Música,Electrônica,2021-03-02T13:34:43.0000000+00:00,-0.1700142621994018,1.0,0.0,0.5595104999344308,468.3103257950127
1344784297316786177,23976386,DONATE NOW on https://t.co/K0b8EAHZfz,569,118,39,14,,,{'https://t.co/k0b8eahzfz'},0,Música,Electrônica,2020-12-31T23:15:36.0000000+00:00,-0.2442369759082794,1.0,0.3325241986862672,0.558589890202884,482.2488361701718
1363561378552958976,1232061287301074945,@nbcsnl Quite scandalous indeed.,171,1,0,1,28221296,{'28221296'},,1,Entretenimento,Séries de TV,2021-02-21T18:49:01.0000000+00:00,-0.240626186132431,1.0,0.4020402441612698,0.5593729349419962,99.24118030475766
1365319660405678081,273181052,@darvey4ever Of course!,10,0,0,0,1341539442063011844,{'1341539442063011844'},,1,Entretenimento,Séries de TV,2021-02-26T15:15:48.0000000+00:00,0.0,0.0,0.0,0.5594487646873537,5.595011320496495
1331689113494446085,1060978099146260480,A very important question. Chapter 12 of #TheMandalorian is now streaming on #DisneyPlus. https://t.co/JA0bPk2MLI,16791,1172,124,161,,,{'https://t.co/ja0bpk2mli'},0,Entretenimento,Séries de TV,2020-11-25T20:00:00.0000000+00:00,-0.0550732910633087,1.0,0.2185700836663615,0.5580705456486278,10843.997041203102
1368640454028386304,65184105,"The Dog, Daryl, and Carol action you didn’t know you needed on a new episode of #TWD tonight at 9/8c. https://t.co/RFWXttPpTO",1312,197,51,29,,,{'https://t.co/rfwxttppto'},0,Entretenimento,Séries de TV,2021-03-07T19:11:27.0000000+00:00,-0.1250430643558502,1.0,0.1705490371564934,0.5595931786275228,1004.5652463503912
1368245620344029188,1232061287301074945,@worstwonder @nicolacoughlan This author finds such a sentiment quite agreeable.,24,0,0,0,32184345|1192636082476789760,"{'32184345', '1192636082476789760'}",,2,Entretenimento,Séries de TV,2021-03-06T17:02:31.0000000+00:00,-0.1619002223014831,1.0,0.0,0.5595758905096346,15.11583207396416
1333425556659064833,1060978099146260480,The Jedi. Chapter 13 of #TheMandalorian is now streaming on #DisneyPlus. https://t.co/cJ93WKxCe5,24968,2554,325,761,,,{'https://t.co/cj93wkxce5'},0,Entretenimento,Séries de TV,2020-11-30T15:00:01.0000000+00:00,-0.1507758498191833,1.0,0.2244732686522057,0.5581382194957891,17397.858018955365
1188118588290469890,180463340,"With fire and blood.
Reveal your #GoTHalloween look for recognition in the realm. https://t.co/vVWAO32Z6O",6275,444,212,65,,,{'https://t.co/vvwao32z6o'},0,Entretenimento,Séries de TV,2019-10-26T15:42:00.0000000+00:00,-0.1200493276119232,1.0,0.0,0.5534371545251415,4120.341707389704
1327053570794008577,1205974434,Everyone has...vanished. A new episode of #Supernatural starts NOW on The CW! https://t.co/MH7gCtP7SL,10001,906,301,277,,,{'https://t.co/mh7gctp7sl'},0,Entretenimento,Séries de TV,2020-11-13T01:00:01.0000000+00:00,-0.1987662613391876,1.0,0.2208165430743916,0.5578916093431342,6918.538114212748
1330556651716243456,1060978099146260480,"The journey continues in the new season of #TheMandalorian, now streaming on #DisneyPlus. https://t.co/W51mkrdPzh",8095,538,96,91,,,{'https://t.co/w51mkrdpzh'},0,Entretenimento,Séries de TV,2020-11-22T17:00:00.0000000+00:00,-0.1766121387481689,1.0,0.0,0.5580266011258272,5225.925410226712
1339195127986794498,1038082275689340928,@spacecheetos Happy holidays from your Witcher family but also your cat!,16,0,1,0,103015259,{'103015259'},,1,Entretenimento,Séries de TV,2020-12-16T13:06:14.0000000+00:00,-0.0658422410488128,1.0,0.2219197030378226,0.5583656573979717,11.851338341180542
1340325978170646535,1060978099146260480,The final episode of the season has arrived. Chapter 16 of #TheMandalorian is now streaming on #DisneyPlus. https://t.co/ZTLaFgukAQ,31562,1926,633,353,,,{'https://t.co/ztlafgukaq'},0,Entretenimento,Séries de TV,2020-12-19T15:59:49.0000000+00:00,-0.214223176240921,1.0,0.1685388662889863,0.5584107094670901,20331.275929908632
1337819421973344256,715177919438577664,"Go behind the scenes with the makers of The Crown as they share illuminating insights about the production of Season Four. All 10 episodes of The Official Podcast, hosted by @edibow, are available now:
https://t.co/ieAECvlIJj https://t.co/uZ63fbqryQ",1015,101,11,11,18725026,{'18725026'},"{'https://t.co/ieaecvlijj', 'https://t.co/uz63fbqryq'}",1,Entretenimento,Séries de TV,2020-12-12T17:59:40.0000000+00:00,-0.1632140576839447,1.0,0.1044504127562629,0.5583110977005945,701.8692359760014
1359592867380031494,273181052,We'll start. https://t.co/LyYL7IiPcX,693,54,47,8,,,{'https://t.co/lyyl7iipcx'},0,Entretenimento,Séries de TV,2021-02-10T19:59:34.0000000+00:00,-0.2107396721839904,1.0,0.0,0.5592034622740624,480.3562975374271
1362475666504040451,273181052,@tramonmozingo YES.,1,0,1,0,1265706848507887616,{'1265706848507887616'},,1,Entretenimento,Séries de TV,2021-02-18T18:54:47.0000000+00:00,-0.2835879921913147,1.0,0.5797386715376657,0.5593263640984542,2.562092138721782
1354527098354819077,273181052,Just thinking about young Mike Ross. ? https://t.co/3QU6Za8h3F,1712,134,27,44,,,{'https://t.co/3qu6za8h3f'},0,Entretenimento,Séries de TV,2021-01-27T20:30:00.0000000+00:00,-0.1935365200042724,1.0,0.0,0.5589902801476841,1149.284539228098
1339377333728391169,1038082275689340928,@pijamiestt ?,10,0,1,0,,,,0,Entretenimento,Séries de TV,2020-12-17T01:10:15.0000000+00:00,0.0,0.0,0.0,0.5583729056320558,6.143849179580077
1366528818454822914,1060978099146260480,"Congratulations to #TheMandalorian sound team on their Motion Picture Sound Editors nominations for Outstanding Achievement in Sound Editing – Episodic Short Form, Dialogue/ADR and Outstanding Achievement in Sound Editing – Episodic Short Form, Effects/Foley. https://t.co/RLw6XUFfZ6",12295,944,171,46,,,{'https://t.co/rlw6xuffz6'},0,Entretenimento,Séries de TV,2021-03-01T23:20:33.0000000+00:00,-0.2377924025058746,0.5333333333333333,0.0,0.5595011330159454,8062.716034669927
1362127981234188288,30599331,@Harjas_Sohal @Mythical @rhettmc @LinkNeal @RhettandLink That sounds like a fun class!,1,0,1,1,14163722|1199023873213100033|10505322|1231349745983074306|14163748,"{'10505322', '14163722', '14163748', '1231349745983074306', '1199023873213100033'}",,5,Celebridades,Youtubers,2021-02-17T19:53:12.0000000+00:00,-0.0779653489589691,1.0,0.0,0.5593114819273467,3.917075144297712
1358569998885785609,2559865245,@KarlJacobs_ You look perfect for a bucs fan,5727,15,14,3,2653325339,{'2653325339'},,1,Celebridades,Youtubers,2021-02-08T00:15:03.0000000+00:00,-0.1380073428153991,1.0,0.2789425453258252,0.559160131863026,3229.865886398115
1369038985188831234,19407053,My Company Helps Women Get Jobs. Here's What the Past Year Taught Me. | by @fairygodboss https://t.co/zKha9f5BkS,14,5,0,1,2473963118,{'2473963118'},{'https://t.co/zkha9f5bks'},1,Notícias,Negócios,2021-03-08T21:35:04.0000000+00:00,-0.1862892210483551,1.0,0.0,0.5596105929820732,18.467157972846344
1368923387532369922,19407053,"Female Business Owners Share Successes, Challenges, and Advice for Entrepreneurs | by @yelpforbusiness #internationalwomensday https://t.co/wDdY5MSeky https://t.co/ZyxUFKMQ9a",28,13,0,0,3288553378,{'3288553378'},"{'https://t.co/wddy5mseky', 'https://t.co/zyxufkmq9a'}",1,Notícias,Negócios,2021-03-08T13:55:43.0000000+00:00,-0.2065739333629608,1.0,0.1742669142239181,0.5596055324605401,35.912283211161046
1329983375621435392,9676212,"Appreciation: My lunch with Jan Morris, writer, traveler, transgender pioneer https://t.co/H1cdf5WQ8a",3,0,0,0,,,{'https://t.co/h1cdf5wq8a'},0,Notícias,Viagens,2020-11-21T03:02:01.0000000+00:00,-0.2130191624164581,1.0,0.2379526042037009,0.5580044519724929,6.828836019730792
1354908861572935681,53372965,"More than half of all trained pilots no longer working
https://t.co/F288Sqeg1N",1,3,0,0,,,{'https://t.co/f288sqeg1n'},0,Notícias,Viagens,2021-01-28T21:47:00.0000000+00:00,-0.2008342444896698,1.0,0.0,0.5590062356611664,6.708085149393479
1328394654375698433,9676212,Turkey trots are going virtual. These nine raise money for charity https://t.co/WAfpplV62U,0,0,0,0,,,{'https://t.co/wafpplv62u'},0,Notícias,Viagens,2020-11-16T17:49:00.0000000+00:00,-0.1939469575881958,1.0,0.2183642818849641,0.5579431589042626,3.469497793771525
1366588589191147526,36184220,"From parrots to dogs to chickens, domestic animals are alleviating some of the stress and boredom of quarantine life. https://t.co/ZAV8TJ1Rp5",158,13,4,4,,,{'https://t.co/zav8tj1rp5'},0,Notícias,Viagens,2021-03-02T03:18:04.0000000+00:00,-0.1518969237804412,1.0,0.1647758653557618,0.5595037594443047,111.9929697724915
1369207595785977860,20562637,The decision not to winterize left Texans to pay the price https://t.co/GvDc5GisOR,41,23,3,2,,,{'https://t.co/gvdc5gisor'},0,Notícias,Negócios,2021-03-09T08:45:04.0000000+00:00,-0.2079209685325622,1.0,0.1920343302549423,0.5596179793187205,54.95004053038201
1369559628183445504,16973333,"Unforgotten, series 4 episode 3 recap: Will Cassie and Sunny get the truth out of the suspects, who are already lying to them? https://t.co/vCHYVJlt8C",15,0,2,1,,,{'https://t.co/vchyvjlt8c'},0,Notícias,Do Mundo,2021-03-10T08:03:55.0000000+00:00,-0.2275458574295044,1.0,0.1674996172008225,0.5596334062794853,15.763475589425504
1369617901678964736,16973333,Jameela Jamil calls out Piers Morgan and says his ‘hatred’ made her consider suicide https://t.co/WApiGGtDum,25,5,10,0,,,{'https://t.co/wapiggtdum'},0,Notícias,Do Mundo,2021-03-10T11:55:28.0000000+00:00,-0.1253933608531952,1.0,0.2051121863660668,0.5596359623761213,29.77549599403017
1369425009303822344,759251,Arkansas has become the first state in 2021 to enact a near-total abortion ban https://t.co/JNWGvoIIzB,143,46,121,26,,,{'https://t.co/jnwgvoiizb'},0,Notícias,Do Mundo,2021-03-09T23:08:59.0000000+00:00,-0.1677426993846893,1.0,0.1956218414900476,0.5596275315668433,216.68535917268065
1369266567423397891,1367531,"Arizona, Montana sue to block DHS rules that would limit ICE arrests

https://t.co/0JepOT1N0f",544,124,37,10,,,{'https://t.co/0jepot1n0f'},0,Notícias,Do Mundo,2021-03-09T12:39:24.0000000+00:00,-0.1543713808059692,1.0,0.2021302932127583,0.5596205528919473,471.8732426297813
1369596898127077379,14293310,"""We have the same pain and the same joy."" #Minari director Lee Isaac Chung on the universality of his Golden-Globe winning film https://t.co/H6aYBNPkta",57,14,6,0,,,{'https://t.co/h6aybnpkta'},0,Notícias,Do Mundo,2021-03-10T10:32:01.0000000+00:00,-0.2045875191688537,0.8571428571428571,0.145654441748229,0.5596350364782231,55.96508805166897
1369469059427893249,759251,"House Republicans are engaged in an internal struggle over how to assert their power with their robust minority, with a small contingent of conservative hardliners taking extreme measures to disrupt routine business of the chamber https://t.co/C2F8Aw0hgB",129,29,38,2,,,{'https://t.co/c2f8aw0hgb'},0,Notícias,Do Mundo,2021-03-10T02:04:01.0000000+00:00,-0.1785764694213867,1.0,0.1253485070618332,0.5596294628990577,132.1427310499983
1369424518092120064,5988062,"Kandapara, a Bangladeshi brothel-village, is home to 600 women and under-age girls. It receives 3,000 customers a day. @1843mag meets the madam trying to save it from extinction https://t.co/1ZrP4x3BnX",33,19,2,2,60959527,{'60959527'},{'https://t.co/1zrp4x3bnx'},1,Notícias,Do Mundo,2021-03-09T23:07:02.0000000+00:00,-0.1686309278011322,1.0,0.1415735703565951,0.5596275071631954,46.528309631033686
1369569992732250114,16973333,Piers Morgan mocked by golfer Eddie Pepperell after storming off Good Morning Britain https://t.co/oJfoNhuHiv,22,3,13,0,,,{'https://t.co/ojfonhuhiv'},0,Notícias,Do Mundo,2021-03-10T08:45:06.0000000+00:00,-0.2084971964359283,1.0,0.2135291354190238,0.5596338608658835,28.10119301003289
1369189230489001991,14293310,".@aliciakeys on the art of creating: ""to put pen to paper and to create that didn't exist—it's the ultimate alchemy. It's the ultimate turning metal to gold"" https://t.co/qiJUFlvYAF",262,37,5,3,35094637,{'35094637'},{'https://t.co/qijuflvyaf'},1,Notícias,Do Mundo,2021-03-09T07:32:05.0000000+00:00,-0.1728826761245727,0.75,0.1879366195323714,0.5596171652822607,195.27167788723904
1368697794417065992,1367531,"On Sunday's show, @CNN's left-wing pundit @brianstelter  ignored biggest media and political story of the week about @NYGovCuomo... and spells 'reliable' wrong.
https://t.co/P9S1D3XvXU https://t.co/lKNI1YbkCM",853,179,437,38,232268199|759251|14515799,"{'14515799', '759251', '232268199'}","{'https://t.co/lkni1ybkcm', 'https://t.co/p9s1d3xvxu'}",3,Notícias,Do Mundo,2021-03-07T22:59:18.0000000+00:00,-0.0772678256034851,1.0,0.1422672266470633,0.5595956538696264,949.1538413600202
1369326799709212680,2735591,"""What we see (at @HOOKED) is the types of stories that really work are ones where you're able to evoke a very strong emotion in a very short amount of time…that need is so much stronger now because of our isolation."" — @prernagupta #FCMostInnovative https://t.co/gtTOp5SHtR",6,2,0,0,22532755|14445453,"{'22532755', '14445453'}",{'https://t.co/gttop5shtr'},2,Notícias,Negócios,2021-03-09T16:38:44.0000000+00:00,-0.1259036660194397,0.6428571428571429,0.1142600942143016,0.5596232103503535,12.175792124370089
1369315042236174343,2735591,"Spiegel: ""As a society, we have historically been very pessimistic about new technology…we shouldn't shame them because they're new, but seek to understand them. I think AR can have tremendous benefits to education."" #FCMostInnovative https://t.co/1YczMXz5Fa",2,0,0,0,,,{'https://t.co/1yczmxz5fa'},0,Notícias,Negócios,2021-03-09T15:52:01.0000000+00:00,-0.1829885244369506,0.9230769230769232,0.1269274136037473,0.5596226950980678,9.54157370651416
1369395335769038849,14800270,And what does it look like to create sustainable jobs across the supply chain? We look forward to welcoming @MarvinREllison of @Lowes to the virtual stage. https://t.co/Dre79kVy4P,9,5,0,0,19336500|2413051784,"{'19336500', '2413051784'}",{'https://t.co/dre79kvy4p'},2,Notícias,Negócios,2021-03-09T21:11:04.0000000+00:00,-0.1221435070037841,1.0,0.1357465310676573,0.5596261979313153,16.305135924838666
1369015794248671233,19407053,"Entrepreneurs know that it's important to build a community—but how? On today's episode of #ProblemSolvers with @heyfeifer, Smart Passive Income's @jayclouse explains how he developed a premium community from a small slice of the site's overall user base. https://t.co/GSzwLDL14n",17,5,2,2,268944886|45851500,"{'268944886', '45851500'}",{'https://t.co/gszwldl14n'},2,Notícias,Negócios,2021-03-08T20:02:55.0000000+00:00,-0.0618963539600372,1.0,0.1253485070618332,0.5596095776354374,23.01414731256972
1368788336333176833,1344951,"So ... not very far then?

By Brooke Bourgeois with @CollectCartoons
https://t.co/SmEXx0rGJs https://t.co/Krk2PJyLwg",552,76,9,8,1026870945372229632,{'1026870945372229632'},"{'https://t.co/krk2pjylwg', 'https://t.co/smexx0rgjs'}",1,Notícias,Tecnologia,2021-03-08T04:59:04.0000000+00:00,-0.1870324611663818,1.0,0.0,0.5595996137419852,407.3885235994491
1363915655720939521,14434070,"In On Tech, @shiraovide explores what happens when Amazon becomes a fixture in America’s towns and cities. https://t.co/G4gUCnL4a9",2,1,2,0,14115912,{'14115912'},{'https://t.co/g4gucnl4a9'},1,Notícias,Tecnologia,2021-02-22T18:16:47.0000000+00:00,-0.1399500072002411,1.0,0.0,0.5593881777810247,8.390832052206331
1368096530268323842,25562270,Twitter's Dorsey auctions first ever tweet as digital memorabilia https://t.co/B8xlOpQLNy https://t.co/red9WgIS9j,4,1,0,2,,,"{'https://t.co/red9wgis9j', 'https://t.co/b8xlopqlny'}",0,Notícias,Tecnologia,2021-03-06T07:10:05.0000000+00:00,-0.1836470663547516,1.0,0.1931865695701677,0.5595694002404417,9.061214127856807
1369633104269357056,15808647,Our 2021 list of 10 Breakthrough Technologies is a glimpse into our collective future.  https://t.co/TpoFPifIVj,25,14,1,1,,,{'https://t.co/tpofpifivj'},0,Notícias,Tecnologia,2021-03-10T12:55:53.0000000+00:00,-0.1651040315628051,1.0,0.1987817360180544,0.5596366276131728,34.80873818810856
1359371849965199360,1124816718,"Twitter has revealed that changes to the platform designed to combat misinformation ahead of the US election had resulted in a ""small but measurable"" hit to user numbers https://t.co/AHsJlolVPK",0,0,0,0,,,{'https://t.co/ahsjlolvpk'},0,Notícias,Tecnologia,2021-02-10T05:21:19.0000000+00:00,-0.1039285957813263,1.0,0.1385918092552121,0.5591940658331497,5.669492894479487
1366925854421495812,14434070,"“It’s a massive data vacuum,” said one infectious-disease epidemiologist and assistant professor. “The moral of the story is you can’t just invest in this tech without having a validation process behind it.” https://t.co/GSK76kxhxF",5,2,0,0,,,{'https://t.co/gsk76kxhxf'},0,Notícias,Tecnologia,2021-03-03T01:38:14.0000000+00:00,-0.0413514971733093,1.0,0.1429960846640001,0.5595183899401073,15.187014855117528
1368604247760244742,558797310,"So far, so good for #MUFC.

Keep pressing, keep pushing ?

#️⃣ #MCIMUN https://t.co/mRK9IX6NBZ",4744,469,103,20,,,{'https://t.co/mrk9ix6nbz'},0,Esportes,UEFA Futebol,2021-03-07T16:47:34.0000000+00:00,-0.235039621591568,1.0,0.0,0.5595915936531823,3252.345598689393
1359943267148845058,1232061287301074945,@bara_spacesolns Indeed this Mama knows a love match when she sees one.,19,0,0,0,824591297465946112,{'824591297465946112'},,1,Entretenimento,Séries de TV,2021-02-11T19:11:56.0000000+00:00,-0.192529946565628,1.0,0.2419123951879956,0.559218318971221,13.004581555628022
1364970371716423682,14434070,"“They are very much a force for good and protection and normalization,” the CEO of Barnes &amp; Noble said of PRH. “I’m spending much more time talking about Amazon than I am talking about Penguin Random House, or Penguin Random House plus Simon &amp; Schuster.” https://t.co/EGpuO4FGl6",3,2,0,0,,,{'https://t.co/egpuo4fgl6'},0,Notícias,Tecnologia,2021-02-25T16:07:51.0000000+00:00,-0.0462009608745574,0.7647058823529411,0.2044332312295783,0.5594336529561577,12.290285132867451
1369112711032881153,3001704118,The Daily News for Monday ?? https://t.co/FaIPLk73pH,125,7,5,1,,,{'https://t.co/faiplk73ph'},0,Esportes,UEFA Futebol,2021-03-09T02:28:01.0000000+00:00,-0.1929575502872467,1.0,0.2596979932401624,0.5596138328349506,82.96832854441193
1364622367499157504,14434070,"HP said on Wednesday that it would buy HyperX, the maker of computer accessories like headsets that are popular among gamers. https://t.co/OmeH6oHpGr",0,0,1,0,,,{'https://t.co/omeh6ohpgr'},0,Notícias,Tecnologia,2021-02-24T17:05:00.0000000+00:00,-0.1951882243156433,1.0,0.1739902615177183,0.559418630695026,9.048040870974845
1368272500086476805,3001704118,"?? The locker room for tonight!

#SB29PSG https://t.co/X6C0WheMdX",184,15,3,1,,,{'https://t.co/x6c0whemdx'},0,Esportes,UEFA Futebol,2021-03-06T18:49:19.0000000+00:00,0.0,0.0,0.0,0.5595770869520056,123.1071098150092
1369573389845880832,14885549,Losing touch with reality - a GameStop lesson https://t.co/mFvSsOQVyX by @esayegh,11,4,0,0,16258699,{'16258699'},{'https://t.co/mfvssoqvyx'},1,Notícias,Tecnologia,2021-03-10T08:58:36.0000000+00:00,-0.1931259036064148,1.0,0.2463402780253761,0.5596340060651326,13.569080169324698
1368950916024532995,96951800,"?? Make the symbol and join the movement!

#WomensDay | #WeAreAllDifferent8M https://t.co/lBIAFCb0Zr",10551,605,67,18,,,{'https://t.co/lbiafcb0zr'},0,Esportes,UEFA Futebol,2021-03-08T15:45:06.0000000+00:00,0.0,0.0,0.0,0.5596067672635477,6630.779752391821
1369193501875970048,1344951,"After a year of wanting everything to just go away, we’ve become experts, for good and ill, at mass cancellation. https://t.co/HGlgeeby5d",30,8,2,0,,,{'https://t.co/hglgeeby5d'},0,Notícias,Tecnologia,2021-03-09T07:49:03.0000000+00:00,-0.1115195751190185,1.0,0.1805521561925009,0.5596173510709017,33.11846862799717
1369415901964034052,1638021792,"115' | Oliveira scores from a long-range free-kick.

#JuveFCP [2-2] #JuveUCL",822,85,167,52,,,,0,Esportes,UEFA Futebol,2021-03-09T22:32:48.0000000+00:00,-0.2509730160236358,1.0,0.2307679296112306,0.5596271028656509,680.0762456682686
1369146187358539781,816653,PayPal to acquire cryptocurrency custody startup Curv https://t.co/KCGZFozdRs,175,59,4,9,,,{'https://t.co/kcgzfozdrs'},0,Notícias,Tecnologia,2021-03-09T04:41:03.0000000+00:00,-0.1401591598987579,1.0,0.2696399973646011,0.5596153145874718,174.75087887038413
1366181019829686277,7905122,Uber accused of using 'loaded questions' in drivers survey https://t.co/RzPafiMbDN,6,3,0,1,,,{'https://t.co/rzpafimbdn'},0,Notícias,Tecnologia,2021-03-01T00:18:32.0000000+00:00,-0.1983770132064819,1.0,0.2235062506454222,0.5594860821941008,9.636315039265329
1368276753244913665,773069256,"Letzter Wechsel beim BVB.

Reus geht und Reinier kommt.

#FCBBVB",249,5,4,0,,,,0,Esportes,UEFA Futebol,2021-03-06T19:06:13.0000000+00:00,-0.2340643107891082,1.0,0.3103288446444511,0.559577287008628,153.49811218160187
1368777274506571779,65184105,@KirstenAcuna @CristalPoirrier We love a good daughter of the Demon's Head reference.,11,2,0,0,23707663|794255997346816002,"{'23707663', '794255997346816002'}",,2,Entretenimento,Séries de TV,2021-03-08T04:15:07.0000000+00:00,-0.2207375764846801,1.0,0.2338320064840948,0.559599162533771,10.203689757345217
1361046993158692866,1232061287301074945,"Lastly, dear readers, should you find yourself in a situation such as this...well, this author sends luck and stamina your way... https://t.co/HGe2C9Wq0K",980,48,14,17,,,{'https://t.co/hge2c9wq0k'},0,Entretenimento,Séries de TV,2021-02-14T20:17:44.0000000+00:00,-0.1534184217453003,1.0,0.0,0.5592652900413652,623.5880773837787
1362196066431627265,1232061287301074945,@nbcsnl @regejean Your Grace...,1109,32,12,5,115346464|28221296,"{'115346464', '28221296'}",,2,Entretenimento,Séries de TV,2021-02-18T00:23:45.0000000+00:00,-0.2631409168243408,1.0,0.0,0.5593143728340852,666.710012044712
1364697022847209478,1232061287301074945,@meenaharris @phenomenalwoman @shondaland @strongblacklead This author finds herself making great haste indeed.,204,9,2,1,955647765408722945|574795929|1217858534387224579|1905202880,"{'1217858534387224579', '574795929', '955647765408722945', '1905202880'}",,4,Entretenimento,Séries de TV,2021-02-24T22:01:39.0000000+00:00,-0.1643805503845214,1.0,0.231270435354581,0.5594218482167316,128.24426200131794
1368760443498532864,65184105,@nicotinegrimes All great things take time.,48,2,14,7,1081348598032404480,{'1081348598032404480'},,1,Entretenimento,Séries de TV,2021-03-08T03:08:14.0000000+00:00,-0.102351427078247,1.0,0.0,0.5595984262339145,43.08913145667742
1367497561645457427,19583545,"? @TrentAA ? Bobby ? @necowilliams01 ?

There can only be one FUT Co-op winner at the club ??

@EASPORTSFIFA | #FIFA21 | #WinAsOne https://t.co/wXsTMP0vc3",2666,225,48,15,4860147909|2371991585|105297123,"{'105297123', '4860147909', '2371991585'}",{'https://t.co/wxstmp0vc3'},3,Esportes,UEFA Futebol,2021-03-04T15:30:00.0000000+00:00,-0.1794236898422241,1.0,0.1770575359972233,0.5595432767267661,1785.0424331192298
1367496989215248388,273181052,"While you're on your laptop, head to @peacockTV to stream Suits.",153,4,4,0,1171155332917321730,{'1171155332917321730'},,1,Entretenimento,Séries de TV,2021-03-04T15:27:43.0000000+00:00,-0.1785679161548614,1.0,0.0,0.5595432604773242,93.44424826178924
1367323565008154630,82652901,"Big congrats to #Stillwater on their #AnnieAwards nomination for Best TV/Media - Preschool.

Watch now on the Apple TV app with an Apple TV+ subscription. https://t.co/NgQ3H6AUEu https://t.co/W0NBA8ONV4",89,9,0,3,,,"{'https://t.co/ngq3h6aueu', 'https://t.co/w0nba8onv4'}",0,Entretenimento,Filmes,2021-03-04T03:58:36.0000000+00:00,-0.2054855525493621,0.8888888888888888,0.1283156824138471,0.5595357266256422,68.8328100748178
1367556352445321216,18256664,@SHO_Shameless The best crew. ?,131,0,1,0,176895950,{'176895950'},,1,Entretenimento,Filmes,2021-03-04T19:23:37.0000000+00:00,-0.1779409348964691,1.0,0.0,0.5595458359366019,74.97933656901168
1362475510954156037,273181052,@paulinexxrnd The one and only. ❤️,2,0,1,0,988142198939152384,{'988142198939152384'},,1,Entretenimento,Séries de TV,2021-02-18T18:54:10.0000000+00:00,-0.2105721235275268,1.0,0.0,0.5593263574516676,2.797155346301648
1365407006253801474,1232061287301074945,"@lynn_harith Quite the complimentary pair, Dear Reader. Would you not agree?",40,0,1,0,3152470214,{'3152470214'},,1,Entretenimento,Séries de TV,2021-02-26T21:02:52.0000000+00:00,-0.2609953582286834,1.0,0.2549525701887739,0.5594525219531973,26.44418381470004
1217122703766970369,180463340,"A Knight of the Seven Kingdoms.
Take what is yours with the Ser Brienne of Tarth @OriginalFunko in the @HBO Shop: https://t.co/tSocpSXKhV https://t.co/7GhD2drZG0",8628,814,125,128,1378000488|15635604,"{'1378000488', '15635604'}","{'https://t.co/7ghd2drzg0', 'https://t.co/tsocpsxkhv'}",2,Entretenimento,Séries de TV,2020-01-14T16:34:00.0000000+00:00,-0.1738654673099517,1.0,0.1369171652104165,0.5542473631200252,5829.651746286761
1367282096289443840,1060978099146260480,"Congratulations to Lucasfilm, Image Engine, Nathan Fitzgerald, Leo Ito, Chris Rogers, Eung Ho Lo and Emily Luk on their Annie Awards nomination for Best Character Animation, Live Action for #TheMandalorian. https://t.co/g8lETrXoLI",8561,886,101,97,,,{'https://t.co/g8letrxoli'},0,Entretenimento,Séries de TV,2021-03-04T01:13:49.0000000+00:00,-0.2450627386569976,1.0,0.1520014008931037,0.5595338796305902,5902.614253831684
1368978816849211392,26585095,@eentertainment We love the women of E! ? https://t.co/7gWXvPuriG,5,0,0,0,22179997,{'22179997'},{'https://t.co/7gwxvpurig'},1,Entretenimento,Filmes,2021-03-08T17:35:58.0000000+00:00,-0.1807587742805481,1.0,0.0,0.5596079670757436,5.036536800208506
1272339338995445760,2412917082,Don’t tell Axe. #Billions https://t.co/2eilLEDxsD,103,18,3,0,,,{'https://t.co/2eilledxsd'},0,Entretenimento,Séries de TV,2020-06-15T01:25:11.0000000+00:00,-0.2107291519641876,1.0,0.3128396318588854,0.5559485872464868,83.01157916090865
1204781519052652546,180463340,"Raise a glass.
Congratulations to Peter Dinklage for his ""Oustanding Performance by a Male Actor in a Drama Series"" at this year's #SAGAwards. https://t.co/VrTLgdIl0m",14747,1441,126,169,,,{'https://t.co/vrtlgdil0m'},0,Entretenimento,Séries de TV,2019-12-11T15:14:32.0000000+00:00,-0.2076694071292877,1.0,0.173473338611074,0.5538962900791573,9932.566453623667
1338181816478539777,715177919438577664,"“It’s been a bloody pleasure”
The cast bid farewell to the characters they’ve portrayed in Seasons Three and Four. https://t.co/gnFaSZSUfK",5369,490,89,261,,,{'https://t.co/gnfaszsufk'},0,Entretenimento,Séries de TV,2020-12-13T17:59:41.0000000+00:00,-0.1744772791862487,1.0,0.0,0.5583254570903052,3744.144385946079
1366565826913062914,18256664,Live footage of us running to catch the S7 premiere of #TheFlash! What you are most excited about? (Comment below!) https://t.co/4wfvia1svw,595,68,60,10,,,{'https://t.co/4wfvia1svw'},0,Entretenimento,Filmes,2021-03-02T01:47:37.0000000+00:00,-0.1345252096652984,1.0,0.1706914465121304,0.55950275322082,453.85242973488766
1367222811727564800,26585095,Check out this interview with @TheEllenShow for the inside scoop on Family Game Fight — a brand-new show with @KristenBell and @daxshepard coming soon to NBC! https://t.co/UAdWJEC9V7,33,6,2,0,53297035|15846407|33041426,"{'53297035', '33041426', '15846407'}",{'https://t.co/uadwjec9v7'},3,Entretenimento,Filmes,2021-03-03T21:18:14.0000000+00:00,-0.1322765946388244,1.0,0.1505375763443329,0.559531322578543,30.29898699604218
1369040595310682112,17220817,"@captainwanta Troop Zero is a perfect next pick for you and your daughter. It packs laughs, heart, and girl power in equal amounts! https://t.co/IAjPaVScmQ",2,0,0,0,97512759,{'97512759'},{'https://t.co/iajpavscmq'},1,Entretenimento,Filmes,2021-03-08T21:41:28.0000000+00:00,-0.1517331302165985,1.0,0.1587779498348762,0.5596106605683535,5.125434631956019
1366217334658977797,17602896,"Congratulations to @JoshOConnor15, winner of Best Performance by an Actor in a Television Series - Drama, #TheCrown ?? #GoldenGlobes https://t.co/XEM9ikewrw",518,102,8,26,1872835056,{'1872835056'},{'https://t.co/xem9ikewrw'},1,Entretenimento,Filmes,2021-03-01T02:42:50.0000000+00:00,-0.1848432123661041,1.0,0.0,0.5594876287300453,427.4486795176093
1300100975793901569,203162990,Power this big should be experienced in @IMAX. See the #NewMutants now playing in IMAX theaters. Get tickets now; https://t.co/pjNVskJftL https://t.co/hADiLP5RRC,174,20,5,4,22821175,{'22821175'},"{'https://t.co/hadilp5rrc', 'https://t.co/pjnvskjftl'}",1,Entretenimento,Filmes,2020-08-30T16:00:01.0000000+00:00,-0.133665531873703,0.8571428571428571,0.2882671072801098,0.556897751602342,129.83820352295098
1339526270288322561,1038082275689340928,@humangeralt Destiny always prevails.,7,2,1,0,1317315158184726529,{'1317315158184726529'},,1,Entretenimento,Séries de TV,2020-12-17T11:02:04.0000000+00:00,-0.2462666034698486,1.0,0.0,0.5583788334170053,8.935808570848323
1340651032817315842,1038082275689340928,RT @_JeremyCrawford: It feels fitting that the vote for the final day is on the anniversary of Season 1! This one is tough... what will you…,0,20,0,0,629481871,{'629481871'},,1,Entretenimento,Séries de TV,2020-12-20T13:31:28.0000000+00:00,-0.1823803186416626,0.8,0.1434599760907795,0.5584236881106054,25.09924005283211
1368614821147598851,43192807,Plant the seeds for a brighter future. ?Clay art by Andi Meier https://t.co/cjuEF9W7Oe,7086,904,32,30,,,{'https://t.co/cjuef9w7oe'},0,Entretenimento,Filmes,2021-03-07T17:29:35.0000000+00:00,-0.2628640830516815,1.0,0.2212110251113209,0.5595920527681354,5015.187845137772
1369043306487767040,17220817,"@carlsson_daniel One Night in Miami... directed by the Queen, Regina King, has you covered for the perfect movie night! https://t.co/wFpotgrB78",2,0,0,0,122061017,{'122061017'},{'https://t.co/wfpotgrb78'},1,Entretenimento,Filmes,2021-03-08T21:52:14.0000000+00:00,-0.1154548823833465,0.8,0.1628833123696607,0.5596107792014234,4.456200188593239
1367120318012280838,17602896,"What better way to spend #WorldWildlifeDay than a rewatch of #PlanetEarth2, the #1 Top-Rated TV series on #IMDb. What's your favorite scene? https://t.co/dUNp1avUBX ???? https://t.co/Qr1R87dg1D",119,32,4,4,,,"{'https://t.co/dunp1avubx', 'https://t.co/qr1r87dg1d'}",0,Entretenimento,Filmes,2021-03-03T14:30:58.0000000+00:00,-0.1064142882823944,1.0,0.1434599760907796,0.5595268521496733,113.10482502011556
1361812978425753600,15635604,"The season finale of 30 Coins is WILD, and also available to stream on @hbomax.",97,7,7,3,89090040,{'89090040'},,1,Entretenimento,Filmes,2021-02-16T23:01:29.0000000+00:00,-0.1959698498249054,1.0,0.0,0.5592979941222906,71.59032053069397
1369015063705612288,16573941,Amy Poehler celebrates the trailblazing Murphy Brown and all the other women who have made it easier for her to be a woman in the world today. https://t.co/xqPB9FsE1F,1257,117,28,10,,,{'https://t.co/xqpb9fse1f'},0,Entretenimento,Filmes,2021-03-08T20:00:00.0000000+00:00,-0.1761687994003296,0.9,0.1461788828435571,0.5596095417018239,861.8248915374834
1366209913865703426,43192807,"Congratulations to Trent Reznor, Atticus Ross, and Jon Batiste on their #GoldenGlobes win for Best Original Score! #PixarSoul https://t.co/8PZf0Ksk17",4842,627,32,109,,,{'https://t.co/8pzf0ksk17'},0,Entretenimento,Filmes,2021-03-01T02:13:21.0000000+00:00,-0.2315308153629303,1.0,0.1869000772243889,0.5594873279600254,3495.7814736021155
1366234614650478594,17602896,"Congratulations to #BoratSubsequentMoviefilm, winner of Best Motion Picture - Musical or Comedy!?? #GoldenGlobes https://t.co/BeXbmIPWdZ",255,53,12,5,,,{'https://t.co/bexbmipwdz'},0,Entretenimento,Filmes,2021-03-01T03:51:30.0000000+00:00,-0.2018731534481048,1.0,0.0,0.559488378234248,216.52213354468424
1367128088832745476,82652901,"Introducing Calls, a show unlike any you’ve seen or heard before. This groundbreaking new series is told entirely through 12-minute phone conversations. Featuring @nickjonas, @lilycollins, @pedropascal1 &amp; more.

Watch #CallsTV on Apple TV+ https://t.co/jRKMrqbv8u https://t.co/VTjqGVBbTN",1504,332,58,378,56783491|1645711686|223546666,"{'56783491', '1645711686', '223546666'}","{'https://t.co/vtjqgvbbtn', 'https://t.co/jrkmrqbv8u'}",3,Entretenimento,Filmes,2021-03-03T15:01:51.0000000+00:00,-0.203946977853775,1.0,0.0,0.5595272197676828,1463.7234960354226
1369339704588570624,43192807,To self-care… and beyond! Channel your inner Pixar character with these tips. https://t.co/QCFY6qYG9m,6103,1695,37,88,,,{'https://t.co/qcfy6qyg9m'},0,Entretenimento,Filmes,2021-03-09T17:30:01.0000000+00:00,-0.1545003950595855,1.0,0.2062484926083756,0.5596237854405752,5385.934812944927
1369567942690635778,28785486,"Concerned about spring break travel causing a coronavirus surge, one California college is offering a financial incentive for students to stay on campus. https://t.co/m7hQTg8gD1",89,26,12,2,,,{'https://t.co/m7hqtg8gd1'},0,Notícias,Do Mundo,2021-03-10T08:36:57.0000000+00:00,-0.1693688333034515,1.0,0.1776792908153588,0.5596337844848792,92.9986330820572
1369483561938649089,14293310,Queer Nigerians hoped the Clubhouse app would be a safe haven. It's become another breeding ground for bigotry https://t.co/z2CKbettO3,56,12,4,4,,,{'https://t.co/z2ckbetto3'},0,Notícias,Do Mundo,2021-03-10T03:01:39.0000000+00:00,-0.1883414089679718,1.0,0.1979716713197208,0.5596300655362518,57.19307652130423
1369396362840858635,15012486,"This senior living community is 99% vaccinated. So they ""beat"" COVID-19 – literally – by hitting a COVID-19 pinata filled with candy and alcohol. https://t.co/ERHrsgpCSw",979,163,39,30,,,{'https://t.co/erhrsgpcsw'},0,Notícias,Do Mundo,2021-03-09T21:15:09.0000000+00:00,-0.1486718654632568,1.0,0.1545523883249952,0.5596262433957443,774.0496134297025
1369505213904748554,87818409,Top woman in Iditarod forced out after concussion and other injuries https://t.co/yJQdXYm1C9,28,12,12,1,,,{'https://t.co/yjqdxym1c9'},0,Notícias,Do Mundo,2021-03-10T04:27:41.0000000+00:00,-0.2171297073364257,1.0,0.2183642818849641,0.5596310509464011,39.85601253312323
1369259204725387266,5988062,"Senegal is a beacon of peace in West Africa, but protests have ballooned in the past week. On “The Intelligence” @kcsalmon lays out what has infuriated its people https://t.co/ow114oJy9C https://t.co/UGiJXrpsR8",29,10,3,1,4473479067,{'4473479067'},"{'https://t.co/ow114ojy9c', 'https://t.co/ugijxrpsr8'}",1,Notícias,Do Mundo,2021-03-09T12:10:08.0000000+00:00,-0.1621171534061432,1.0,0.1323703462950367,0.5596202614624097,35.88977193365225
1369437537907978245,87818409,AFL documentary gets Richmond backing despite team's off-field scandals https://t.co/oOe7oVCI7a,5,3,1,0,,,{'https://t.co/ooe7ovci7a'},0,Notícias,Do Mundo,2021-03-09T23:58:46.0000000+00:00,-0.227609097957611,1.0,0.0,0.5596280834541623,8.954053818611031
1369103243960258562,1367531,Lincoln Project founders wanted to partner with Weaver in new venture despite harassment claims: report https://t.co/RW749hD7q3,64,26,46,4,,,{'https://t.co/rw749hd7q3'},0,Notícias,Do Mundo,2021-03-09T01:50:24.0000000+00:00,-0.2151486575603485,1.0,0.0,0.5596133981045931,97.93234494372555
1369410355215142917,14173315,@janestreet https://t.co/3diiKRH8rV,273,64,13,4,15519766,{'15519766'},{'https://t.co/3diikrh8rv'},1,Notícias,Do Mundo,2021-03-09T22:10:45.0000000+00:00,0.0,0.0,0.0,0.5596268555022078,234.48366596133087
1369402883704229892,28785486,"FBI says newly released images show person suspected of leaving pipe bombs at RNC and DNC headquarters the night before the Jan. 6 Capitol riot in Washington, D.C. A reward for information leading to the arrest of a suspect stands at $100,000. https://t.co/IIJAfQZB6k https://t.co/Y47UgnrwBY",284,244,48,16,,,"{'https://t.co/iijafqzb6k', 'https://t.co/y47ugnrwby'}",0,Notícias,Do Mundo,2021-03-09T21:41:04.0000000+00:00,-0.1751079857349395,0.9090909090909092,0.1123084332014268,0.5596265465055819,475.1349031470241
1369538412961730562,15012486,"13-year-old girl lied about French teacher who was later beheaded, her lawyer says https://t.co/BJkl7ggQW0",102,54,33,15,,,{'https://t.co/bjkl7ggqw0'},0,Notícias,Do Mundo,2021-03-10T06:39:37.0000000+00:00,-0.1712566912174224,1.0,0.0,0.5596324721665942,149.42189730968482
1368641210533830657,17220817,@segalink @davido We're still grooving from his scene. What an icon!,700,148,14,1,192947735|14879097,"{'192947735', '14879097'}",,2,Entretenimento,Filmes,2021-03-07T19:14:27.0000000+00:00,-0.1807590425014495,1.0,0.0,0.5595931850756537,567.9871677025897
1369034842222985216,17220817,"@prcowboys @ZamundaRoyals @AkileyLove @shariheadley @bellamurphy__ No lies detected, Pam! ? https://t.co/eXJimwhNe6",4,3,0,0,233388393|271244383|997653208171364352|1339692567097724934|1366997919006658561,"{'271244383', '997653208171364352', '1366997919006658561', '233388393', '1339692567097724934'}",{'https://t.co/exjimwhne6'},5,Entretenimento,Filmes,2021-03-08T21:18:36.0000000+00:00,-0.162286639213562,1.0,0.2235062506454222,0.5596104086070701,7.959706998160755
1369017812165881859,16573941,"@KyleCGShore @ChallengeMTV @MTV @NetflixUK Started from the Shore, now you're here!",205,8,18,2,191184478|2470556070|2367911|231183280,"{'2367911', '231183280', '2470556070', '191184478'}",,4,Entretenimento,Filmes,2021-03-08T20:10:56.0000000+00:00,-0.1577303409576416,1.0,0.0,0.5596096621652028,137.10472240375952
1367604109113655297,16573941,@maxinebakers @_beckstie @RayAblack excellent point!,23,1,2,0,71708907|1347045366487805952|1436518700,"{'1436518700', '71708907', '1347045366487805952'}",,3,Entretenimento,Filmes,2021-03-04T22:33:23.0000000+00:00,-0.143596351146698,1.0,0.0,0.5595479145841996,16.227244657036522
1367930915733835777,43192807,"-Hayley Iben, Director, Engineering",197,15,0,0,,,,0,Entretenimento,Filmes,2021-03-05T20:11:59.0000000+00:00,-0.1995995044708252,1.0,0.3799783615910078,0.5595621849800124,128.35244217649
1367912923641737216,15635604,"13 Going on 30, I Know This Much Is True, The Normal Heart and You Can Count On Me are all streaming on @hbomax.",135,9,2,0,89090040,{'89090040'},,1,Entretenimento,Filmes,2021-03-05T19:00:30.0000000+00:00,-0.1576780676841735,0.7272727272727273,0.0,0.5595613761848491,91.61563541279097
1321088619814109184,22720074,"@jbjfansglobal @TheMattBongiovi Yes, that is what it means.",9,2,1,0,1306686397999390724|2163950214,"{'2163950214', '1306686397999390724'}",,2,Música,Rock,2020-10-27T13:57:26.0000000+00:00,-0.2132912874221801,1.0,0.2762645695949752,0.5576649609922043,9.634631805348253
1350173131823083520,2836755090,"CONGRATS LITTLE ROCKER - OUR NEXT #PWRUPCONTEST WINNER
#PWRUP #FANFRIDAY https://t.co/32CTzGssYX",1722,174,23,10,,,{'https://t.co/32ctzgssyx'},0,Música,Rock,2021-01-15T20:08:54.0000000+00:00,-0.1901291310787201,1.0,0.231270435354581,0.5588098183433596,1179.778295895009
1261222316803063810,2485505982,"Judas Priest - Germany 2021
Rescheduled tour dates

#metalmaniacs #judaspriest #germany https://t.co/svab9s0aUm",333,66,11,5,,,{'https://t.co/svab9s0aum'},0,Música,Heavy Metal,2020-05-15T09:10:07.0000000+00:00,-0.2540883123874664,1.0,0.2061843045242571,0.5555873736191643,271.79871575043137
1354864255749804039,15155074,"In 2018, this poster by Kevin Shuss sold out instantly. You can have a chance to get it now by entering to win an original of this Home Show poster signed by the entire band and supporting Vitalogy Foundation's work continuing to fight homelessness: https://t.co/2yNzRstIko https://t.co/tgjPSrAcEV",485,56,3,4,,,"{'https://t.co/tgjpsracev', 'https://t.co/2ynzrstiko'}",0,Música,Rock,2021-01-28T18:49:45.0000000+00:00,-0.2257314622402191,0.8947368421052632,0.1067035390426918,0.5590043453117691,348.8197001232077
1311068940152401920,55010030,"Thank you @iHeartRadio for talking to me about #WhyImVoting #UseMyVoice
https://t.co/hcnq7xErI0 https://t.co/GrAGHdkY4w",935,136,18,2,46116615,{'46116615'},"{'https://t.co/graghdky4w', 'https://t.co/hcnq7xeri0'}",1,Música,Rock,2020-09-29T22:22:48.0000000+00:00,-0.2308133244514465,1.0,0.0,0.5572929929783047,687.1426816747997
1331670759102681088,95955871,Purple nights in Inglewood #onthisday ‘17 https://t.co/9rXVpZ4GSG,4366,403,60,46,,,{'https://t.co/9rxvpz4gsg'},0,Música,Rock,2020-11-25T18:47:04.0000000+00:00,-0.2047029733657837,1.0,0.2685092134645423,0.5580698716553182,2948.9916601025425
1344346181976129538,95955871,The final YouTube Selects of the year. Today at 2pm PT | 5pm ET | 10pm GMT on YouTube. Get ready ⚡ https://t.co/2Jw1BMU3Sb https://t.co/jyVBCYwNCQ,3080,399,71,50,,,"{'https://t.co/2jw1bmu3sb', 'https://t.co/jyvbcywncq'}",0,Música,Rock,2020-12-30T18:14:41.0000000+00:00,-0.1929104328155517,0.9,0.2736556881793739,0.5585721957130095,2240.5306881677734
1192092402061889536,89366493,With the re-release of Hail to the King: Deathbat we dug up this gem from the crypt. Check out the animated series based on the game: https://t.co/TnhoOanO0m https://t.co/DGgLmpURQK,1533,304,32,26,,,"{'https://t.co/dgglmpurqk', 'https://t.co/tnhooano0m'}",0,Música,Heavy Metal,2019-11-06T14:52:31.0000000+00:00,-0.2031715512275695,1.0,0.111590346389227,0.5535451715183788,1222.843536016289
1360962032598720516,18847632,Love in the time of lockdown... https://t.co/sXTQqra6ev,2708,511,79,82,,,{'https://t.co/sxtqqra6ev'},0,Música,Rock,2021-02-14T14:40:08.0000000+00:00,-0.2220088243484497,1.0,0.2439557250000634,0.5592616781850462,2177.9014733575973
1325995532259561473,95955871,Get loud ⚡ https://t.co/DLa69ekxK6,6975,627,140,90,,,{'https://t.co/dla69ekxk6'},0,Música,Rock,2020-11-10T02:55:45.0000000+00:00,-0.2361168265342712,1.0,0.0,0.5578511490786003,4720.537034637048
1322232908141113344,22720074,Now that you've had a few weeks to listen to 2020 what are your favorite songs on the album? https://t.co/Ms2x0bGEy2,3320,295,598,69,,,{'https://t.co/ms2x0bgey2'},0,Música,Rock,2020-10-30T17:44:25.0000000+00:00,-0.1840179562568664,1.0,0.1685388662889863,0.5577081347003282,2556.6283493815736
1367852411017031682,337789021,"The Zoo / Coast To Coast (Live in Brooklyn, 12.09.2015)

? https://t.co/bctUzWN9Bf

#flashbackfriday #fbf #scorpions #rocknroll https://t.co/e7lfrejyOG",492,77,12,3,,,"{'https://t.co/bctuzwn9bf', 'https://t.co/e7lfrejyog'}",0,Música,Rock,2021-03-05T15:00:02.0000000+00:00,-0.2109577059745788,1.0,0.1475195318342805,0.5595587569666701,374.987607105552
1326932771240095749,337789021,"'Hit Between The Eyes' live at Deutschlandhalle, Berlin in December 1990. #tbt https://t.co/0XJo8Jza86",189,25,2,2,,,{'https://t.co/0xjo8jza86'},0,Música,Rock,2020-11-12T17:00:00.0000000+00:00,-0.2354636490345001,1.0,0.21902298998938,0.5578870024510406,140.15251971289564
1307054698931912706,95955871,GnFnR backstage crew ? https://t.co/p3EzL0z1Ng,5622,528,104,15,,,{'https://t.co/p3ezl0z1ng'},0,Música,Rock,2020-09-18T20:31:38.0000000+00:00,-0.2074293494224548,1.0,0.3220024178194947,0.5571469351086752,3789.336318696746
1349391558269923330,2836755090,WATCH #REALIZE ALL DAY TODAY ON @MTV CLASSIC #PWRUP https://t.co/rr4rw6yty7,1680,199,16,10,2367911,{'2367911'},{'https://t.co/rr4rw6yty7'},1,Música,Rock,2021-01-13T16:23:12.0000000+00:00,-0.1943095624446869,1.0,0.0,0.5587776885741678,1180.140011362698
1354509947288088576,15155074,"In addition to the Home Shows Night 2 @Nugsnet release, the Vitalogy Foundation is working with original Home Show partners like Seattle's @TheoChocolate to celebrate Valentine’s Day.

Caramels ordered soon will be delivered for Valentine’s Day weekend: https://t.co/rFaiXxJ3Ob https://t.co/RfYVX5Sb0K",295,38,9,13,309870370|17093876,"{'309870370', '17093876'}","{'https://t.co/rfaixxj3ob', 'https://t.co/rfyvx5sb0k'}",2,Música,Rock,2021-01-27T19:21:51.0000000+00:00,-0.17331463098526,0.8125,0.2141479064058494,0.5589895494302305,228.6418050826452
1319019864212713472,55010030,If our 5.85M yearly US listeners voted it would be like the entire state of Wisconsin voting! That’s massive guys. Head over to https://t.co/wD85wNgpzS to make sure you are all set to vote and vote early! https://t.co/6nDehhY1O9,627,85,21,2,,,"{'https://t.co/6ndehhy1o9', 'https://t.co/wd85wngpzs'}",0,Música,Rock,2020-10-21T20:56:56.0000000+00:00,-0.1001700162887573,0.9090909090909092,0.1182600081227062,0.5575872878441674,464.48588285298734
1335651231759552514,15155074,"Today marks 26 years of Vitalogy.

Vitalogy means ""the study of life."" What does the album mean to you? https://t.co/psfmaQVQYu",3704,337,235,124,,,{'https://t.co/psfmaqvqyu'},0,Música,Rock,2020-12-06T18:24:03.0000000+00:00,-0.2001381814479828,0.8,0.2719807691630082,0.5582254896834866,2647.703862282609
1303724853120217088,337789021,When the smoke clears... https://t.co/If7ePSDwZz,1102,136,18,5,,,{'https://t.co/if7epsdwzz'},0,Música,Rock,2020-09-09T16:00:01.0000000+00:00,0.0,0.0,0.0,0.5570270077764646,778.7244478230692
1359900546635870215,29758446,"Love is in the air – you can smell it, alongside the usual air pollution, and gunpowder.

Celebrate Valentine’s Day this week in GTA Online with bonuses to help you feel the love, including triple rewards on Till Death Do Us Part and Shotgun Wedding.

https://t.co/XJIDqKKpNV https://t.co/9kLfBlDd5M",3306,419,300,30,,,"{'https://t.co/xjidqkkpnv', 'https://t.co/9klfbldd5m'}",0,Entretenimento,Games,2021-02-11T16:22:10.0000000+00:00,-0.1696709990501403,1.0,0.1055021946429707,0.5592165259641998,2513.178213617038
1355530037152284675,236956880,"January 30, 1971
Record Mirror Article https://t.co/id6PiXMMoz",2442,279,30,11,,,{'https://t.co/id6pixmmoz'},0,Música,Heavy Metal,2021-01-30T14:55:20.0000000+00:00,-0.2488011121749878,1.0,0.2957106079638377,0.5590322050773171,1704.0960847891442
1362099968824254464,252882791,"Looking for the latest news on #REVillage? We've got you covered.
?https://t.co/P7qJyLKxBK https://t.co/VrT9x2aT24",1817,261,42,40,,,"{'https://t.co/p7qjylkxbk', 'https://t.co/vrt9x2at24'}",0,Entretenimento,Games,2021-02-17T18:01:53.0000000+00:00,-0.1809405088424682,1.0,0.0,0.5593102787008736,1358.011937453172
1366478355558780939,331908924,Summon legends of the past into the present with The Blizzard Arcade Collection! #ReliveTheLegacy and  ?️ learn more: https://t.co/dwogTV6lEw https://t.co/wxOxn4g3Am,264,26,22,2,,,"{'https://t.co/dwogtv6lew', 'https://t.co/wxoxn4g3am'}",0,Entretenimento,Games,2021-03-01T20:00:02.0000000+00:00,-0.1512445509433746,1.0,0.0,0.5594989712664808,194.7060209904039
1363203331745673220,331908924,https://t.co/OWRIm5lw3a,89,10,0,0,,,{'https://t.co/owrim5lw3a'},0,Entretenimento,Games,2021-02-20T19:06:16.0000000+00:00,0.0,0.0,0.0,0.5593575767744031,61.52971233907593
1369122357307191296,1344951,It all comes down to temperature and vapor pressure https://t.co/ouns0NEdng,49,11,5,2,,,{'https://t.co/ouns0nedng'},0,Notícias,Tecnologia,2021-03-09T03:06:21.0000000+00:00,-0.1531525552272796,1.0,0.2363646161726315,0.5596142347802677,47.13987352075976
1357647227808841728,821102114,"Hotfix 1.12 is now available on PC!

This update addresses the vulnerability that could be used as part of remote code execution (including save files):
- Fixed a buffer overrun issue.
- Removed/replaced non-ASLR DLLs. https://t.co/LAkBfVpnXf",17377,1231,1330,159,,,{'https://t.co/lakbfvpnxf'},0,Entretenimento,Games,2021-02-05T11:08:17.0000000+00:00,-0.0329241752624511,0.9230769230769232,0.1447646560653669,0.559121185552618,11932.808992154947
1369308139158446081,24742040,"@mount10drew Some games have ""easy"" mode. That would be ""too easy"" mode.",553,5,6,1,1341926498224263168,{'1341926498224263168'},,1,Entretenimento,Games,2021-03-09T15:24:35.0000000+00:00,-0.1461484134197235,1.0,0.2039353998675107,0.5596223898433412,321.8972154323605
1319639717906821121,113696373,"? if you already completed The Ancient Gods - Part One
 ? if you are actively muscling through",6212,200,922,80,,,,0,Entretenimento,Games,2020-10-23T14:00:01.0000000+00:00,-0.1848626434803009,1.0,0.1914539727961681,0.5576104866481104,4249.105966655198
1326957720759541761,612782611,"RT @CallofDuty: The next chapter begins. #BlackOpsColdWar

Get the intel on what's available in the much-anticipated sequel to the original…",0,209,0,0,290097288,{'290097288'},,1,Entretenimento,Games,2020-11-12T18:39:08.0000000+00:00,-0.0786539614200592,1.0,0.147905307261878,0.5578879656055109,238.30084082960656
1346517996760666117,29758446,@EthanCastillo05 @wacom @Photoshop @rclark98 ?,158,7,18,0,949096064|16832387|42883885|65525881,"{'16832387', '65525881', '949096064', '42883885'}",,4,Entretenimento,Games,2021-01-05T18:04:42.0000000+00:00,0.0,0.0,0.0,0.5586602422031408,106.14559323515137
1369307525489844228,24742040,@CARSONJKELLY Thanks! We're really excited.,59,1,1,0,433733869,{'433733869'},,1,Entretenimento,Games,2021-03-09T15:22:09.0000000+00:00,-0.2282723188400268,1.0,0.0,0.559622363008838,36.37566805215555
1368970607216517129,15066760,"Explore forest, islands and mountains on these day trips from Vancouver. https://t.co/xlyLUhOqEY https://t.co/21o6AA1AYa",61,12,5,1,,,"{'https://t.co/xlyluhoqey', 'https://t.co/21o6aa1aya'}",0,Notícias,Viagens,2021-03-08T17:03:21.0000000+00:00,-0.235582947731018,1.0,0.0,0.5596075926098211,55.4011568372213
1370125729199980545,28785486,The American Rescue Plan signed by Pres. Biden includes a hard-fought $28.6 billion grant program that will help independent restaurants and bars devastated by the pandemic. https://t.co/EpzqeVmHvW,130,20,12,1,,,{'https://t.co/epzqevmhvw'},0,Notícias,Do Mundo,2021-03-11T21:33:24.0000000+00:00,-0.2297874987125396,0.9,0.1512856318603048,0.5596582740681607,108.60239712059958
1369600442322333699,759251,"The House of Representatives is slated to take a final vote Wednesday to approve President Joe Biden's $1.9 trillion Covid-19 relief plan, paving the way for the President to sign his top legislative priority into law later this week https://t.co/B0jCwq7wXv",330,61,43,6,,,{'https://t.co/b0jcwq7wxv'},0,Notícias,Do Mundo,2021-03-10T10:46:06.0000000+00:00,-0.1602451801300048,1.0,0.1177852780626589,0.5596352253141057,288.8377221411441
1369043756486377472,1367531,Lincoln Project knew of some John Weaver allegations early last year: report https://t.co/Y4kJvt9Xip,266,95,97,11,,,{'https://t.co/y4kjvt9xip'},0,Notícias,Do Mundo,2021-03-08T21:54:01.0000000+00:00,-0.1743769943714141,1.0,0.0,0.5596107931218591,320.09737394112466
1369563665867898882,16973333,"Piers Morgan has tweeted for the first time since his #GMB departure this morning
https://t.co/DO2laHjZ7l",7,2,2,0,,,{'https://t.co/do2lahjz7l'},0,Notícias,Do Mundo,2021-03-10T08:19:57.0000000+00:00,-0.1623418033123016,1.0,0.1977167368444619,0.5596335832531945,11.30332242324917
1369569728541425667,14173315,"Opinion | Judi Ketteler: I'm a die-hard Democrat, but Republicans are the only ones listening to me now. - @NBCNewsTHINK https://t.co/BxkDhqpM6t",29,10,15,2,905416143313219584,{'905416143313219584'},{'https://t.co/bxkdhqpm6t'},1,Notícias,Do Mundo,2021-03-10T08:44:03.0000000+00:00,-0.1458105742931366,1.0,0.1917285543466312,0.5596338443571363,42.07984962080108
1369560664142970881,14173315,"The changes “mean more Black people and women are now eligible for lung cancer screening, which is a step in the right direction,” Dr. John B. Wong, a task force member at Tufts Medical Center, said in a statement. https://t.co/ybRULqUvJV",43,13,8,0,,,{'https://t.co/ybrulquvjv'},0,Notícias,Do Mundo,2021-03-10T08:08:02.0000000+00:00,-0.1546700298786163,0.9285714285714286,0.1351793884290293,0.559633446789394,51.52196770014208
1369377505224884227,807095,"“The whole royal family is saddened,” Buckingham Palace said in a statement nearly 48 hours after Prince Harry and Meghan, Duchess of Sussex, said in an interview that a member of the royal family had raised concerns about their son Archie’s skin color. https://t.co/0xEKNTtnJc https://t.co/gVSadEQoUT",1154,190,247,75,,,"{'https://t.co/gvsadeqout', 'https://t.co/0xeknttnjc'}",0,Notícias,Do Mundo,2021-03-09T20:00:13.0000000+00:00,-0.12071293592453,0.9523809523809524,0.1123406689709628,0.5596254501531519,1051.5724736930035
1369547930550611968,5988062,The secret life of a young banker https://t.co/ioFgDdFUBv From @1843mag,60,15,3,0,60959527,{'60959527'},{'https://t.co/iofgddfubv'},1,Notícias,Do Mundo,2021-03-10T07:17:26.0000000+00:00,-0.1965446770191192,1.0,0.2195109508086083,0.5596329189963524,53.84760385001344
1369571000212463617,16973333,EU ‘set to start legal action’ against UK over Northern Ireland – follow #Brexit news live https://t.co/lCc9FG4CXu,17,12,4,1,,,{'https://t.co/lcc9fg4cxu'},0,Notícias,Do Mundo,2021-03-10T08:49:06.0000000+00:00,-0.1573230326175689,1.0,0.0,0.5596339050198852,30.220232703350767
968452175142649858,42703075,Samsung unveiled the Galaxy S9 and it's all about the camera. https://t.co/ojyJjjlhOY https://t.co/k6uZ1TjZA7,15,15,3,1,,,"{'https://t.co/ojyjjjlhoy', 'https://t.co/k6uz1tjza7'}",0,Notícias,Tecnologia,2018-02-27T11:46:06.0000000+00:00,-0.1930147409439087,1.0,0.1708410486887114,0.5485663497770399,30.81346620768427
1364571918876073985,7905122,"Facebook 'over-enforced' Australia news ban, admits Nick Clegg https://t.co/PXF52l0pV1",5,2,2,2,,,{'https://t.co/pxf52l0pv1'},0,Notícias,Tecnologia,2021-02-24T13:44:32.0000000+00:00,-0.1731870770454406,1.0,0.2235062506454222,0.5594164877055336,9.635116377782628
1368999602867802126,14885549,This husband-and-wife duo increased the valuation of their startup 10x to $220 million in eight months https://t.co/0dEi4GwJF1 by @alexrkonrad,29,6,0,0,23409407,{'23409407'},{'https://t.co/0dei4gwjf1'},1,Notícias,Tecnologia,2021-03-08T18:58:34.0000000+00:00,-0.1368166208267212,1.0,0.1754735107471749,0.5596088616419967,27.519034379007422
1358024709137432577,314792669,"Slide into a more relaxed weekend with this playlist of Pink Floyd's more acoustic offerings:
https://t.co/jfGH81mPyw",1442,232,20,7,,,{'https://t.co/jfgh81mpyw'},0,Música,Rock,2021-02-06T12:08:16.0000000+00:00,-0.1780320107936859,1.0,0.1845876358685067,0.559137097109094,1083.7111311301303
970787289638096897,42703075,High-end British luxury now comes with a charging cable. https://t.co/DjKiAdgrFi,12,9,0,1,,,{'https://t.co/djkiadgrfi'},0,Notícias,Tecnologia,2018-03-05T22:25:00.0000000+00:00,-0.176219493150711,1.0,0.0,0.5486093333748657,19.74996897377734
1339559388303007744,314792669,"A very happy birthday to Ron Geesin, co-composer with Pink Floyd of the Atom Heart Mother suite (performed again in 2008 with David Gilmour on stage in London), and who worked with Roger Waters on Music From The Body (as well as with the rest of the Floyd for the final track). https://t.co/wPP9E3dP8d",1473,154,16,10,,,{'https://t.co/wpp9e3dp8d'},0,Música,Rock,2020-12-17T13:13:40.0000000+00:00,-0.212878942489624,0.8947368421052632,0.1613966347968762,0.5583801772344911,1019.6337742813024
1362748296045953027,621583,WhatsApp to go ahead with changes despite backlash https://t.co/Bykfxr34pM,8,21,1,5,,,{'https://t.co/bykfxr34pm'},0,Notícias,Tecnologia,2021-02-19T12:58:07.0000000+00:00,-0.2112561464309692,1.0,0.2472116986421516,0.559338061353497,34.81724021781465
1348680358619992071,19110632,TTM News: Tourists to be banned from #Amsterdam’s cannabis coffee shops from as early as 2022. https://t.co/WBcSvnUeRb,20,8,2,1,,,{'https://t.co/wbcsvnuerb'},0,Notícias,Viagens,2021-01-11T17:17:09.0000000+00:00,-0.1880710422992706,1.0,0.173473338611074,0.5587485112279806,26.35811057936064
1359141009272184832,21887420,Tell us about a book that takes children on a journey – to win a £200 prize https://t.co/QM3t37rjcA,4,1,0,0,,,{'https://t.co/qm3t37rjca'},0,Notícias,Viagens,2021-02-09T14:04:02.0000000+00:00,-0.198880523443222,1.0,0.0,0.5591842975385678,7.828590541174203
1369296706836250624,816653,"Polestar, ChargePoint introduce seamless charging in new partnership https://t.co/rxrPDY8wC4 by @breadfrom",23,5,2,0,979990943393894400,{'979990943393894400'},{'https://t.co/rxrpdy8wc4'},1,Notícias,Tecnologia,2021-03-09T14:39:09.0000000+00:00,-0.2098075151443481,1.0,0.2333880278858304,0.5596219090492616,23.634735280997106
1369636752336490497,25562270,"GameStop shares surge in early deals, on course to extend rally https://t.co/U5h0TfX4Fb https://t.co/iW6bieyk7v",2,0,0,0,,,"{'https://t.co/u5h0tfx4fb', 'https://t.co/iw6bieyk7v'}",0,Notícias,Tecnologia,2021-03-10T13:10:23.0000000+00:00,-0.1600928008556366,1.0,0.173616837320484,0.5596368002055649,4.574259204378041
1367541147787223041,53372965,"Leaving the UK now requires a North Korean-style ‘special validation to travel’
https://t.co/6PCprYc0cl",1,0,0,1,,,{'https://t.co/6pcpryc0cl'},0,Notícias,Viagens,2021-03-04T18:23:11.0000000+00:00,-0.1420698463916778,1.0,0.0,0.5595451960324103,4.476371899670098
1368758876015910915,15066760,Soak up the City of Brotherly Love but also make time to get out of town and enjoy these day trips. https://t.co/0WFR9Z5uM6,20,3,0,0,,,{'https://t.co/0wfr9z5um6'},0,Notícias,Viagens,2021-03-08T03:02:01.0000000+00:00,-0.1467590630054474,1.0,0.0,0.5595983275013441,19.58594663131033
1369030449398509568,14434070,"The largely averted threat of foreign meddling in the 2020 election was a success that shouldn’t be overlooked, writes @shiraovide in On Tech. https://t.co/6p3OuV9XWf",3,4,1,0,14115912,{'14115912'},{'https://t.co/6p3ouv9xwf'},1,Notícias,Tecnologia,2021-03-08T21:01:09.0000000+00:00,-0.1100190877914428,0.9,0.1602208738626061,0.5596102115850001,12.904744471635391
1329540885055356928,55010030,"It felt so good to jam these songs! Watch a sneak peek of our full performance of ""Use My Voice"" here: https://t.co/dYQmB2CTzl
Tickets to A Live Session At Rock Falcon Studio here: https://t.co/KCay1C5DQN https://t.co/xuOm00l2k7",931,153,14,22,,,"{'https://t.co/dyqmb2ctzl', 'https://t.co/kcay1c5dqn', 'https://t.co/xuom00l2k7'}",0,Música,Rock,2020-11-19T21:43:43.0000000+00:00,-0.1544845104217529,0.8888888888888888,0.1138805878938619,0.5579873441005936,717.0157043597617
1360897085856313349,7905122,Airbnb owners caught ignoring travel ban to let out holiday homes https://t.co/9Kp1lzHE15,8,9,2,2,,,{'https://t.co/9kp1lzhe15'},0,Notícias,Tecnologia,2021-02-14T10:22:04.0000000+00:00,-0.1942013800144195,1.0,0.2183642818849641,0.5592589369925589,20.25544691212225
1349449506136330241,18847632,"Uganda votes tomorrow… a final hour plea from Nobel Prize winners, artists and activists for free and fair elections without violence or intimidation..Bono
@AU_Chergui @HEBobiwine
 #UgandaDecides
https://t.co/Lx3aDB2QKW",578,81,25,7,1573440108|3246299927,"{'1573440108', '3246299927'}",{'https://t.co/lx3adb2qkw'},2,Música,Rock,2021-01-13T20:13:28.0000000+00:00,-0.1987571716308593,1.0,0.1555611214264288,0.5587800576588459,438.7293330768399
1370132866093420544,28785486,"NEW: U.S. set to resume humanitarian assistance to areas controlled by the Houthi rebels in Yemen, according to a notification from the Biden administration to aid groups and U.S. lawmakers. https://t.co/YXVADd4JWo",72,21,9,2,,,{'https://t.co/yxvadd4jwo'},0,Notícias,Do Mundo,2021-03-11T22:01:45.0000000+00:00,-0.1603542864322662,1.0,0.1272084133843503,0.5596585876040951,75.06543354307384
1369528722538328068,759251,"A third round of stimulus payments is expected to be on the way later this month.

Roughly 90% of American households would be eligible, according to an estimate from the Penn Wharton Budget Model. Use this calculator to see what you could be getting. https://t.co/xeKrQ5Wwfs",247,81,30,11,,,{'https://t.co/xekrq5wwfs'},0,Notícias,Do Mundo,2021-03-10T06:01:06.0000000+00:00,-0.1511730849742889,0.8235294117647058,0.1102198691050609,0.5596320793514574,260.75150203834846
1369370948634312710,15012486,"Prince Harry &amp; Meghan's revealing interview with @Oprah aired in the U.K. for the first time last night. Headlines this morning describe the worst crisis for the British monarchy in decades, @HollyMAWilliams reports. https://t.co/f4N9joIcdY https://t.co/u3g00qiwWF",69,29,31,5,94054323|19397785,"{'19397785', '94054323'}","{'https://t.co/u3g00qiwwf', 'https://t.co/f4n9joicdy'}",2,Notícias,Do Mundo,2021-03-09T19:34:10.0000000+00:00,-0.1908779442310333,1.0,0.113802072291138,0.5596251293818454,99.11736164086317
1370035059495993348,28785486,Pres. Biden not yet holding a formal news conference raises accountability questions. https://t.co/QmGJbQmKwh,798,208,4907,648,,,{'https://t.co/qmgjbqmkwh'},0,Notícias,Do Mundo,2021-03-11T15:33:06.0000000+00:00,-0.1836526989936828,1.0,0.2241720885330566,0.5596542899877414,3791.783263061244
1368269027596976129,1367531,"California parent 'disgusted' by suspension of high school baseball team over maskless group pic

https://t.co/6VjjGkt1em",880,140,358,42,,,{'https://t.co/6vjjgkt1em'},0,Notícias,Do Mundo,2021-03-06T18:35:32.0000000+00:00,-0.2185188233852386,1.0,0.2008269823589563,0.5595769153931192,876.9694048397392
1369400099223207936,28785486,"“STEM careers are the highest paying careers per capita,” @FascinateSci tells @SoulofaNation.

“If we’re not a part of these revolutions, then we’re going to be left behind.”

Watch more on #SoulofaNation tonight at 10|9c on @ABC and next day on @hulu. https://t.co/u2Z3PYpI2c https://t.co/z3RbyTWh1d",38,8,3,0,15033883|28785486|210274185|1359291159634395137,"{'210274185', '1359291159634395137', '28785486', '15033883'}","{'https://t.co/u2z3pypi2c', 'https://t.co/z3rbytwh1d'}",4,Notícias,Do Mundo,2021-03-09T21:30:00.0000000+00:00,-0.0510721206665039,0.6666666666666666,0.1040708116215774,0.5596264244155045,37.36665859432194
1369975631744802817,28785486,"""We were never given the chance to say goodbye. To touch him one more time and tell him we love him. To bury him and properly grieve -- to have real closure and finality."" https://t.co/xIiIlaDyvi",83,25,15,2,,,{'https://t.co/xiiiladyvi'},0,Notícias,Do Mundo,2021-03-11T11:36:58.0000000+00:00,-0.1486798822879791,1.0,0.0,0.5596516795657304,89.54425825380538
1369608851306278914,15012486,What to expect from the insurrectionists who stormed the Capitol https://t.co/jdGDe3aMVy,24,13,27,1,,,{'https://t.co/jdgde3amvy'},0,Notícias,Do Mundo,2021-03-10T11:19:30.0000000+00:00,0.0,0.0,0.0,0.5596355617375242,44.2112366186189
1369571760140615684,28785486,Defense secretary extends National Guard's security mission at the U.S. Capitol through May 23. https://t.co/NZCVzvZYSs,101,30,32,3,,,{'https://t.co/nzcvzvzyss'},0,Notícias,Do Mundo,2021-03-10T08:52:07.0000000+00:00,-0.1051888465881347,1.0,0.0,0.5596339519042633,111.92677990447297
1369303761097785344,759251,"Houston Police Chief Art Acevedo says the Texas governor's decision to lift a statewide mask mandate is a ""step in the wrong direction."" Follow live updates on the pandemic. https://t.co/URaOYfo6QT",397,92,61,6,,,{'https://t.co/uraoyfo6qt'},0,Notícias,Do Mundo,2021-03-09T15:07:11.0000000+00:00,-0.222555011510849,1.0,0.1467412957986308,0.5596222168331407,371.6713007542241
1369455485615759360,14173315,"Two giraffes were found dead Monday evening after firefighters battled a blaze at a Virginia zoo, officials say. https://t.co/MbnEtdbUcy",76,29,24,10,,,{'https://t.co/mbnetdbucy'},0,Notícias,Do Mundo,2021-03-10T01:10:05.0000000+00:00,-0.1541052460670471,1.0,0.1964635019852093,0.559628834170268,100.28352146300404
1323671285285703683,95955871,All we need is just a little patience… https://t.co/pzpsSZc9bX,9880,1194,171,209,,,{'https://t.co/pzpsszc9bx'},0,Música,Rock,2020-11-03T17:00:01.0000000+00:00,-0.1688381433486938,1.0,0.0,0.5577626328995962,7058.486730381354
1334641065870159874,15155074,"Last chance to bid on a #Gigaton tour sticker set from the cancelled shows in Los Angeles and Oakland.

All proceeds benefit the #VitalogyFoundation - new #PJMerch item every Friday: https://t.co/3xlHTaPlCR https://t.co/Lf9xviVI44",317,22,12,3,,,"{'https://t.co/3xlhtaplcr', 'https://t.co/lf9xvivi44'}",0,Música,Rock,2020-12-03T23:30:01.0000000+00:00,-0.2121631801128387,1.0,0.138073701030057,0.5581858107276159,219.4442775973956
1343640147775152131,19373710,The In The End Capsule Collection is available now in the official Linkin Park store: https://t.co/tgYZCsOucT https://t.co/BEh8M1PTPq,2731,321,61,51,,,"{'https://t.co/tgyzcsouct', 'https://t.co/beh8m1ptpq'}",0,Música,Rock,2020-12-28T19:29:09.0000000+00:00,-0.2020913362503051,1.0,0.1476714639511195,0.558543668563048,1952.7513930497355
1355168831413645316,337789021,"Great cover for this week's #FanFriday.

Way to go!! ? ?

https://t.co/92CEQyf8vA",155,27,3,2,,,{'https://t.co/92ceqyf8va'},0,Música,Rock,2021-01-29T15:00:01.0000000+00:00,-0.1693404912948608,1.0,0.0,0.5590170980466774,122.42543789235508
1246491727306899456,297047872,"On this day in 2006, the music video for “Dani California” was released. Directed by Tony Kaye.

What’s your favorite costume from the video?
https://t.co/nG5H2IJPhA",3900,760,125,111,,,{'https://t.co/ng5h2ijpha'},0,Música,Rock,2020-04-04T17:36:01.0000000+00:00,-0.136320412158966,1.0,0.1554884488911697,0.5551239478690888,3145.9743218573267
1329849237299990529,18847632,"Track 3: Elevation. ""It was a song the band and the audience could sing together..."" - The Edge #ATYCLB  https://t.co/pyK2Il0Nab https://t.co/EdsBNnkGSr",575,61,36,13,,,"{'https://t.co/pyk2il0nab', 'https://t.co/edsbnnkgsr'}",0,Música,Rock,2020-11-20T18:09:00.0000000+00:00,-0.0942058563232421,1.0,0.1457071223274295,0.5579992383958611,421.3707927258683
1340027052037169152,15155074,Listen to the remixed audio for the upcoming @Nugsnet Rome stream on @SiriusXM's @PJRadio starting tonight at 7pm ET: https://t.co/EQYSc0RNol https://t.co/y4RNkP6V2l,261,19,6,2,189258194|140943126|309870370,"{'189258194', '140943126', '309870370'}","{'https://t.co/y4rnkp6v2l', 'https://t.co/eqysc0rnol'}",3,Música,Rock,2020-12-18T20:12:00.0000000+00:00,-0.2043330669403076,1.0,0.1513829816975974,0.558398793068594,176.5387339545423
1331650428115759105,314792669,https://t.co/2sDHclYrVe,3346,362,25,16,,,{'https://t.co/2sdhclyrve'},0,Música,Rock,2020-11-25T17:26:17.0000000+00:00,0.0,0.0,0.0,0.5580690664825629,2294.780228080257
1339289131575341057,95955871,First ever GnFnR record #onthisday ‘86 https://t.co/wG3QHSvcqg,7146,738,103,79,,,{'https://t.co/wg3qhsvcqg'},0,Música,Rock,2020-12-16T19:19:46.0000000+00:00,-0.1660820245742797,1.0,0.2439557250000634,0.5583694370311715,4918.254830493112
1311335003599433733,337789021,"Do you remember? On November 6, 1990 we released the album ""Crazy World"" with 11 songs, including ""Wind of Change""

Pre-order the ""Wind of Change"" 30th Anniversary Box Set at https://t.co/rtKNyHYf94

https://t.co/QgKvR85QyP",256,57,4,6,,,"{'https://t.co/rtknyhyf94', 'https://t.co/qgkvr85qyp'}",0,Música,Rock,2020-09-30T16:00:02.0000000+00:00,-0.0632061064243316,0.8181818181818182,0.1246421404077986,0.5573027272436235,218.43149600927003
1333791058765901825,19373710,"NEW “My December” tee available now in the Official Linkin Park Store + enjoy 15% off storewide in celebration of @BradDelson’s birthday.

Shop Now: https://t.co/fDDH4WDwJn https://t.co/PdHFcOgFgP",1477,167,30,47,3227527560,{'3227527560'},"{'https://t.co/pdhfcogfgp', 'https://t.co/fddh4wdwjn'}",1,Música,Rock,2020-12-01T15:12:23.0000000+00:00,-0.1075682342052459,0.9090909090909092,0.1427143432987859,0.5581525224712134,1061.077107069348
1329469491961503747,337789021,"'Bad Boys Running Wild' live at Deutschlandhalle, Berlin in December 1990. #tbt https://t.co/1pOeNQM0Gp",257,35,5,3,,,{'https://t.co/1poenqm0gp'},0,Música,Rock,2020-11-19T17:00:01.0000000+00:00,-0.2614459097385406,1.0,0.2213198214048278,0.5579845811020158,192.0708810863005
1332672152995291138,314792669,https://t.co/8EDotr5bNm,7793,760,50,114,,,{'https://t.co/8edotr5bnm'},0,Música,Rock,2020-11-28T13:06:15.0000000+00:00,0.0,0.0,0.0,0.5581088381797396,5289.755794987689
1329848482446905349,18847632,"You've got to get yourself together
You've got stuck in a moment and now you can't get out of it
#ATYCLB https://t.co/qmBmqZdZp5",550,49,16,9,,,{'https://t.co/qmbmqzdzp5'},0,Música,Rock,2020-11-20T18:06:00.0000000+00:00,-0.2211427092552185,0.4,0.0,0.5579992092128545,377.9887275944898
1313864060669026304,22720074,@ShaySisson original!,23,4,5,0,721095825850404864,{'721095825850404864'},,1,Música,Rock,2020-10-07T15:29:37.0000000+00:00,0.0,0.0,0.0,0.5573956711178145,20.066508430620686
1366441855416627200,15155074,"""Collaborating on songs, to me, feels better... It makes us feel like a band."" - Jeff Ament

?: Karen Loria https://t.co/y7k9zQexhZ",1168,105,13,5,,,{'https://t.co/y7k9zqexhz'},0,Música,Rock,2021-03-01T17:35:00.0000000+00:00,-0.1663397848606109,1.0,0.1916280870070947,0.5594973663601396,786.7606961435132
1306669595525226500,55010030,"Check out our new masks in the merch store! Choose your favorite album or rock them all!
https://t.co/aUfsomYuFZ https://t.co/ZvC1JQRZj3",1281,220,50,61,,,"{'https://t.co/zvc1jqrzj3', 'https://t.co/aufsomyufz'}",0,Música,Rock,2020-09-17T19:01:22.0000000+00:00,-0.1781763732433319,1.0,0.156281089167088,0.5571330027208387,1024.655082567691
1355246647446544384,337789021,"Make It Real (Rockpop In Concert, 17.12.1983) #FlashbackFriday #FBF #RocknRoll

? https://t.co/iVbXgjFuRV https://t.co/uYcFXZxpy2",408,69,6,3,,,"{'https://t.co/uycfxzxpy2', 'https://t.co/ivbxgjfurv'}",0,Música,Rock,2021-01-29T20:09:14.0000000+00:00,-0.1604542434215545,1.0,0.1710578950905116,0.5590203531339215,315.3837974366227
1361498566024302597,55010030,Tune in this Friday! We’ll be performing on @JimmyKimmelLive – 2/19 on ABC! #KIMMEL https://t.co/XyG8qN4SHl,1633,326,85,64,34036028,{'34036028'},{'https://t.co/xyg8qn4shl'},1,Música,Rock,2021-02-16T02:12:08.0000000+00:00,-0.1409432291984558,0.8,0.1897671716514676,0.5592845888949057,1365.208381267538
1358793588382052358,34097876,"Natural Fabric Dyeing 101, by me: https://t.co/bbJ5fazSFe https://t.co/nahe5YQpkj",40,5,3,1,,,"{'https://t.co/nahe5yqpkj', 'https://t.co/bbj5fazsfe'}",0,Entretenimento,Influenciadores,2021-02-08T15:03:31.0000000+00:00,-0.1894081830978393,1.0,0.0,0.5591695978924841,33.550199419745994
1369148165471969284,6527972,"@NMPSeaWA @everywhereist Not gonna lie, that looks tasty as heck!",5,0,1,0,30409200|807437063519760384,"{'30409200', '807437063519760384'}",,2,Entretenimento,Influenciadores,2021-03-09T04:48:54.0000000+00:00,-0.19835165143013,1.0,0.2645320214737564,0.5596153979587595,6.303835580267935
1250919345955446784,600435408,I wish there was a scratch and sniff app so you could smell these beauties ✨ https://t.co/1YIhLFunFc,11120,272,118,17,,,{'https://t.co/1yihlfunfc'},0,Entretenimento,Influenciadores,2020-04-16T22:49:47.0000000+00:00,-0.1737622022628784,1.0,0.2093341814606174,0.5552614919896105,6555.535186183994
1367565531189047299,43192807,https://t.co/3oy7ZHCCBT,706,80,8,6,,,{'https://t.co/3oy7zhccbt'},0,Entretenimento,Filmes,2021-03-04T20:00:05.0000000+00:00,0.0,0.0,0.0,0.5595462560316338,492.9603318553947
1367244848978227201,18256664,"Spencer James                    Archie Andrews
                                 ?
   the highs and lows of high school football",63,3,2,14,,,,0,Entretenimento,Filmes,2021-03-03T22:45:48.0000000+00:00,-0.2119276523590088,1.0,0.231270435354581,0.559532271588439,49.92796999220691
1367565667642331136,23375688,The official video for Selfish Love with @djsnake is out now! ? Watch it here: https://t.co/CFZzwNYdch https://t.co/rlZulON216,36603,8364,1306,824,22317367,{'22317367'},"{'https://t.co/rlzulon216', 'https://t.co/cfzzwnydch'}",1,Música,Pop,2021-03-04T20:00:37.0000000+00:00,-0.1801691651344299,1.0,0.1685388662889863,0.5595462478546741,31037.5643375758
1341859235756453889,600435408,"After lots of bloopers and LOTS of butter, we finally have ourselves a cooking show folks! Magnolia Table will be premiering January 4th on @discoveryplus! @magnolianetwork #MagnoliaTable https://t.co/IkxErEbIpp",3307,140,85,29,1225827728605241345|1197013660163555328,"{'1197013660163555328', '1225827728605241345'}",{'https://t.co/ikxerebipp'},2,Entretenimento,Influenciadores,2020-12-23T21:32:27.0000000+00:00,-0.1466893851757049,1.0,0.147905307261878,0.5584720794527154,2072.574274650453
1366184948244176899,225540697,"when a man is laughing quickly ask him “what’s funny? ??” men should never laugh, in fact they are not allowed to enjoy things at all!!!",20312,3623,78,207,,,,0,Entretenimento,Influenciadores,2021-03-01T00:34:08.0000000+00:00,-0.1604164838790893,0.8888888888888888,0.1745355716599409,0.5594862300550001,15582.848032865522
1331046811704958985,600435408,Hard working boys right there ? @chipgaines https://t.co/5XcZNpxUBW,5001,29,46,9,1584051084,{'1584051084'},{'https://t.co/5xcznpxubw'},1,Entretenimento,Influenciadores,2020-11-24T01:27:44.0000000+00:00,-0.2008214890956878,1.0,0.0,0.558045636459396,2856.6373984881725
1245049389250273280,5391882,"Tonight I'm hosting a virtual cocktail hour with a very special guest: Furbergagurgle.

Tonight. 5PM MDT. Theme: Marlo Couture. We are celebrating wild, confusing, and extraordinary style.

I will send out the Google Meet link 10 minutes before. Any and all welcome. ??? https://t.co/ZQEaSmuD9e",37,2,0,0,,,{'https://t.co/zqeasmud9e'},0,Entretenimento,Influenciadores,2020-03-31T18:04:40.0000000+00:00,-0.1154949367046356,1.0,0.1343706005786639,0.5550794693559549,36.15478142075439
1250915381646176262,600435408,"@BrandonMcCann_ @chipgaines Yes! I love this!! Perhaps a lagoon quartz, Calcutta sienna quartz, or a honed Carrera marble! It's looking good ?",1104,3,4,1,1584051084|120306775,"{'1584051084', '120306775'}",,2,Entretenimento,Influenciadores,2020-04-16T22:34:02.0000000+00:00,-0.2090932428836822,1.0,0.1970399037043557,0.5552613682027522,624.7802244189462
1368855703612448768,156516240,@apem71 @PieceDeReSister *your,5,0,1,0,3647538858|1608788910,"{'1608788910', '3647538858'}",,2,Entretenimento,Influenciadores,2021-03-08T09:26:46.0000000+00:00,0.0,0.0,0.0,0.559602565118697,3.361563687720747
1366212322436423682,225540697,@itsanarkee @DisneyAnimation @disneyplus Omfg,24,1,1,0,985916593065476096|63296944|758041765601431552,"{'63296944', '758041765601431552', '985916593065476096'}",,3,Entretenimento,Influenciadores,2021-03-01T02:22:55.0000000+00:00,-0.1585783958435058,1.0,0.3799783615910078,0.559487417328708,16.439796480403118
1120471100532625410,90963591,@Bunnipunch Yay!! I hope there is sunshine all week!!,1,0,1,0,96529840,{'96529840'},,1,Entretenimento,Influenciadores,2019-04-22T23:35:02.0000000+00:00,-0.1252319514751434,1.0,0.3025729185138253,0.5517272747155384,4.631518612940634
1261295911185068033,34097876,A tasty new pantry recipe for you to try: https://t.co/vwwHAV3EHP https://t.co/ZT0IMqOIIl,80,14,2,1,,,"{'https://t.co/zt0imqoiil', 'https://t.co/vwwhav3ehp'}",0,Entretenimento,Influenciadores,2020-05-15T14:02:33.0000000+00:00,-0.2275093495845794,1.0,0.1920343302549423,0.5555897376945358,65.6663047465819
1368840460198838272,6527972,@mrsharonsolomon ??? Thanks Sharon!,2,0,0,0,43312428,{'43312428'},,1,Entretenimento,Influenciadores,2021-03-08T08:26:12.0000000+00:00,-0.2086670994758606,1.0,0.4494364165239821,0.5596019271746648,2.489943203057269
1248277743118086144,5391882,@psb_dc @stessacohen @AHAHibbard @jhnrbry I just let my 10-yr-old daughter “help” me cook breakfast and I thought in my head: I am going to run screaming through the hills. Naked and free. And alone.,3,0,3,0,3385978571|125837378|16014870|2908107542,"{'16014870', '125837378', '2908107542', '3385978571'}",,4,Entretenimento,Influenciadores,2020-04-09T15:53:00.0000000+00:00,-0.0671879351139068,1.0,0.1318463931751085,0.5551792563104643,7.845737527120034
1248251408333172738,5391882,@jhnrbry @stessacohen @psb_dc @AHAHibbard And yet.,3,0,1,0,3385978571|125837378|16014870|2908107542,"{'16014870', '125837378', '2908107542', '3385978571'}",,4,Entretenimento,Influenciadores,2020-04-09T14:08:21.0000000+00:00,0.0,0.0,0.0,0.5551784391141318,2.2207433126763725
1369169111478005763,6527972,@saralobkovich @everywhereist @kristy Mazel tov!!!,1,0,0,0,30409200|14415152|14316789,"{'30409200', '14316789', '14415152'}",,3,Entretenimento,Influenciadores,2021-03-09T06:12:08.0000000+00:00,-0.2508244514465332,1.0,0.3730219858594306,0.5596163154700723,2.4472444614971818
1367947939579006979,156516240,and the ones that will keep me up at night https://t.co/rtam056pbR,188,0,8,1,,,{'https://t.co/rtam056pbr'},0,Entretenimento,Influenciadores,2021-03-05T21:19:38.0000000+00:00,-0.2101500630378723,1.0,0.0,0.5595629037612739,113.03565457695385
1367946026674352134,156516240,the baby faces https://t.co/eu9BWoyWPt,31,0,1,1,,,{'https://t.co/eu9bwoywpt'},0,Entretenimento,Influenciadores,2021-03-05T21:12:02.0000000+00:00,-0.2359921932220459,1.0,0.0,0.5595628203268395,20.14820954835393
1369037334885265408,18256664,@SHO_Shameless ?✨Let it wash away✨?,15,0,0,0,176895950,{'176895950'},,1,Entretenimento,Filmes,2021-03-08T21:28:30.0000000+00:00,-0.1297250688076019,1.0,0.0,0.5596105189647448,9.513573398397796
1366239727402196996,17602896,"Congratulations to @SachaBaronCohen, winner of Best Performance by an Actor in a Motion Picture - Musical or Comedy, #BoratSubsequentMoviefilm ?? #GoldenGlobes https://t.co/t9yhDTmeDV",284,34,6,7,4185877812,{'4185877812'},{'https://t.co/t9yhdtmedv'},1,Entretenimento,Filmes,2021-03-01T04:11:49.0000000+00:00,-0.2159086763858795,1.0,0.0,0.5594886000011791,209.80835616852443
1360680119854104582,43192807,"What’s your favorite Pixar love story? Use:
?  for Carl and Ellie
? for WALL•E and EVE
? for Uke and Lele
?‍? for Colette and Linguini
Other: (please specify below) https://t.co/wc4qUsiViJ",4938,474,947,253,,,{'https://t.co/wc4qusivij'},0,Entretenimento,Filmes,2021-02-13T19:59:55.0000000+00:00,-0.1412442624568939,1.0,0.1180222762149196,0.5592496873820825,3970.179614895454
1362129662336450560,43192807,"Soundtrack your life with these words of wisdom from Jon Batiste, Jazz Composer and Arranger on Soul. Art by Xia Gordon (@carefulblackgrl) https://t.co/3X78Idatvx",810,99,12,2,1498993086,{'1498993086'},{'https://t.co/3x78idatvx'},1,Entretenimento,Filmes,2021-02-17T19:59:53.0000000+00:00,-0.2469514906406402,1.0,0.1759758321722579,0.5593115606322496,577.8673477082884
1366102978739007492,17602896,"It's been 35 years since #PrettyInPink was released, and we're still #TeamDuckie. What's your favorite scene? ? https://t.co/lKeZjcbomx https://t.co/ygiI6yJ0Ez",441,80,33,28,,,"{'https://t.co/ygii6yj0ez', 'https://t.co/lkezjcbomx'}",0,Entretenimento,Filmes,2021-02-28T19:08:25.0000000+00:00,-0.1801504790782928,0.8333333333333334,0.1606780412853813,0.5594826697709774,375.9691347206722
1366242438717661187,26585095,@Naomi_Ohayon @nbcsvu That's what happens when you're a legend! ?,21,3,0,1,42252577,{'42252577'},,1,Entretenimento,Filmes,2021-03-01T04:22:35.0000000+00:00,-0.1662616431713104,1.0,0.0,0.5594887284448888,17.344215664447912
1369605185455017984,15808647,"When the most advanced hackers succeed in breaking in to iPhone's famous walled garden, something strange happens.  https://t.co/aAQfDiaGhk",29,10,0,2,,,{'https://t.co/aaqfdiaghk'},0,Notícias,Tecnologia,2021-03-10T11:04:56.0000000+00:00,-0.1186919808387756,1.0,0.1822004367796035,0.559635402671822,33.12047630810967
1329121235423297537,238475531,"We're extending the opportunity to watch #HelpingHands2020! All funds raised by ticket purchases still go straight to the @AWMHFoundation to support communities in need.

The show will be available to buy until 11:59PM PST on #GivingTuesday, Dec 1st. ➡️ https://t.co/2go2Bcb5O9 https://t.co/Jt82drIU9f",1091,137,17,17,886959980254871552,{'886959980254871552'},"{'https://t.co/jt82driu9f', 'https://t.co/2go2bcb5o9'}",1,Música,Heavy Metal,2020-11-18T17:56:11.0000000+00:00,-0.1811078786849975,1.0,0.1038612365681954,0.55797113286989,789.0293856728382
968536670105726977,42703075,Hyundai's new all-electric SUV could have the power and price to compete against the Tesla Model 3 and Chevrolet Bolt EV. https://t.co/ub4MBvddxV,11,10,3,2,,,{'https://t.co/ub4mbvddxv'},0,Notícias,Tecnologia,2018-02-27T17:21:51.0000000+00:00,-0.2307929098606109,1.0,0.157761379138186,0.5485679025254014,23.674995607237737
1367214933423706113,18256664,@missmayim @CallMeKatFOX We NEED those pajamas! ?,14,1,0,0,1227725047369887744|113560280,"{'1227725047369887744', '113560280'}",,2,Entretenimento,Filmes,2021-03-03T20:46:56.0000000+00:00,-0.210984855890274,1.0,0.0,0.5595309697634037,10.631282973842628
1368741071870562307,18256664,Jason Sudeikis = Our MVP! Congratulations to @JasonSudeikis for winning the #CriticsChoice for Best Actor in a Comedy Series. #TedLasso @AppleTV @CriticsChoice,42,0,0,0,83266010|82652901|431765364,"{'83266010', '82652901', '431765364'}",,3,Entretenimento,Filmes,2021-03-08T01:51:16.0000000+00:00,-0.1827268600463867,1.0,0.1697172216300051,0.5595975537024866,28.07504559865881
1363171557250596864,15635604,"Here are some images that bring me joy.

Catch up on the latest episode of Painting With John, now on @hbomax. https://t.co/OmnkCttjCa",89,10,2,2,89090040,{'89090040'},{'https://t.co/omnkcttjca'},1,Entretenimento,Filmes,2021-02-20T17:00:00.0000000+00:00,-0.1725098192691803,0.9090909090909092,0.0,0.5593561930682706,69.8688508720159
1290776688284954625,108361327,"Soundcheck, one day before the start of last year’s #KnotfestRoadshow US Tour. https://t.co/Ty0zS0Y8wX",3763,336,25,10,,,{'https://t.co/ty0zs0y8wx'},0,Música,Heavy Metal,2020-08-04T22:28:38.0000000+00:00,-0.1990507543087005,1.0,0.2107803444058925,0.5565710479257823,2491.886705269848
1139203333607043073,89366493,"M. Shadows and Johnny Christ cover ""the definitive Avenged Sevenfold solo,"" bombastic re-intro drums and more in Breakdown: ""Bat Country"" Part 2. https://t.co/cI6NMS5VWB",823,137,13,5,,,{'https://t.co/ci6nms5vwb'},0,Música,Heavy Metal,2019-06-13T16:10:14.0000000+00:00,-0.1873331367969513,1.0,0.0,0.552178089591783,620.0964752563503
1369307789932265473,14434070,"Bitcoin transactions leave an enormous carbon footprint.

“Will owning bitcoins become a status symbol — or a scarlet letter for a new generation of climate-focused investors wise to the challenges it poses?” our columnist @andrewrsorkin asks. https://t.co/ffWAwxWpVE",48,17,31,9,33792634,{'33792634'},{'https://t.co/ffwawxwpve'},1,Notícias,Tecnologia,2021-03-09T15:23:12.0000000+00:00,-0.0466584861278533,1.0,0.1463058246775005,0.5596223603027632,76.75014876183081
1322524023117533184,2485505982,These Judas Priest pumpkins were made a few years ago by talented fan @MissLesieD. Happy Halloween ? https://t.co/1xTPpH2DDN,1454,174,40,9,,,{'https://t.co/1xtpph2ddn'},0,Música,Heavy Metal,2020-10-31T13:01:13.0000000+00:00,-0.1291497647762298,1.0,0.1973653288540476,0.5577191442419387,1036.911907653384
1367565062328623104,82652901,Offer valid in US only.,53,3,7,4,,,,0,Entretenimento,Filmes,2021-03-04T19:58:13.0000000+00:00,-0.2511703670024872,1.0,0.3554324678504174,0.5595462439460873,41.04604584341976
1360224092427812866,621583,Coca-Cola company trials first paper bottle https://t.co/lUvIuJOzPv,69,31,5,5,,,{'https://t.co/luviujozpv'},0,Notícias,Tecnologia,2021-02-12T13:47:50.0000000+00:00,-0.2699878811836242,1.0,0.0,0.5592302872788493,80.5291668687297
1307034079381065732,75974281,"Masks help stop COVID-19 from spreading. When you wear a mask, you're helping to protect those around you. Thanks for the nomination @MIYAVI_OFFICIAL

I nominate @DonCheadle to take the #WearAMask challenge! https://t.co/psgU8HU44o",4402,575,116,42,43264227|228794007,"{'43264227', '228794007'}",{'https://t.co/psgu8hu44o'},2,Celebridades,Artistas de TV,2020-09-18T19:09:42.0000000+00:00,-0.144890546798706,1.0,0.115206849363191,0.5571461857671406,3184.154978794428
1356766464162762754,252882791,"@DestinyTheGame ?
?",1546,61,17,2,948444535,{'948444535'},,1,Entretenimento,Games,2021-02-03T00:48:27.0000000+00:00,0.0,0.0,0.0,0.5590840845570569,943.1814287538358
1362196930252726277,621583,Black and LGBT Edinburgh University students attacked in Zoom meeting https://t.co/Ak4XnXDbCu,13,15,3,1,,,{'https://t.co/ak4xnxdbcu'},0,Notícias,Tecnologia,2021-02-18T00:27:11.0000000+00:00,-0.2336038053035736,1.0,0.2288880578901115,0.5593144434168991,29.21237695578545
1362196257624625152,15234657,Calling all BRAWLERS! We’re giving out Steam codes for the #KnockoutCity Closed Beta this weekend (NA/EU only) for you and your Crew. Who’s up first? ?,209,22,167,5,,,,0,Entretenimento,Games,2021-02-18T00:24:30.0000000+00:00,-0.1924439072608947,1.0,0.1564319819986251,0.5593143857514925,242.82997170415376
1369037449431715843,47786101,"In honor of #internationalwomensday , here’s one of the missus cutting the rug (pre covid) #girlpower https://t.co/iyC4rd7G7w",34460,1287,282,91,,,{'https://t.co/iyc4rd7g7w'},0,Celebridades,Artistas de TV,2021-03-08T21:28:58.0000000+00:00,-0.1813146770000457,1.0,0.1795306589672365,0.5596105456756862,20939.049831028784
1322130577684942848,2439032786,@gracewein ?,14,1,1,0,253209941,{'253209941'},,1,Celebridades,Artistas de TV,2020-10-30T10:57:48.0000000+00:00,0.0,0.0,0.0,0.5577042702559213,9.4828912585029
978748491936780289,48410093,"Thank you to the amazing cast, crew and people of Abu Dhabi. That’s a wrap. #MissionImpossibleFallout https://t.co/yKhcO9Cy61",21589,3060,841,232,,,{'https://t.co/ykhco9cy61'},0,Celebridades,Artistas de TV,2018-03-27T21:39:59.0000000+00:00,-0.2173129618167877,1.0,0.1968956825010166,0.5487570030891273,15798.824370940589
970013213092757504,42703075,"At a Dolce &amp; Gabbana event during Milan Fashion Week, a fleet of drones stole the show. https://t.co/UiCk5lMXj9 https://t.co/PYyzkZE6fr",29,34,5,12,,,"{'https://t.co/uick5lmxj9', 'https://t.co/pyyzkze6fr'}",0,Notícias,Tecnologia,2018-03-03T19:09:06.0000000+00:00,-0.1987234055995941,1.0,0.1692041049261888,0.5485950681506204,67.5700508914245
1364590913369083904,113696373,treeversal https://t.co/soKZGgACLC,6498,303,129,17,,,{'https://t.co/sokzggaclc'},0,Entretenimento,Games,2021-02-24T15:00:01.0000000+00:00,-0.2184505760669708,1.0,0.3799783615910078,0.5594172684391618,4057.673339758984
976286019904401408,42703075,Aleksandr Kogan said he gathered information on 30 million Americans through his Facebook personality test app in 2014. https://t.co/U32epLWhow,5,13,0,4,,,{'https://t.co/u32eplwhow'},0,Notícias,Tecnologia,2018-03-21T02:35:00.0000000+00:00,-0.1770179569721222,1.0,0.1933227872615645,0.5487111401366546,25.34682379169972
1369304506064908290,25562270,AerCap confirms aircraft-leasing business talks with General Electric https://t.co/f0NjV4pptQ https://t.co/asVUWwjIIl,0,0,0,0,,,"{'https://t.co/asvuwwjiil', 'https://t.co/f0njv4pptq'}",0,Notícias,Tecnologia,2021-03-09T15:10:09.0000000+00:00,-0.2206543982028961,1.0,0.1764451760379411,0.5596222314506182,2.8968562317665194
1369463119479734274,15808647,Watch out SpaceX. Rocket Lab is coming for you. https://t.co/YVFxAXcjzn,40,8,1,0,,,{'https://t.co/yvfxaxcjzn'},0,Notícias,Tecnologia,2021-03-10T01:40:25.0000000+00:00,-0.1736781597137451,1.0,0.2363646161726315,0.5596291719101408,35.388936100182484
1369649450688409604,816653,Adobe delivers native Photoshop for Apple Silicon Macs and a way to enlarge images without losing detail https://t.co/aGcWkb3ROU by @etherington,20,6,0,3,15425183,{'15425183'},{'https://t.co/agcwkb3rou'},1,Notícias,Tecnologia,2021-03-10T14:00:50.0000000+00:00,-0.1939223408699035,1.0,0.1855320009915906,0.5596373767081069,24.727881264867584
1364961278729551872,14434070,"In On Tech, @shiraovide writes about her pandemic BFF: a website called JustWatch that makes finding where shows or movies are streaming online super easy. https://t.co/A4A8XHk4Ew",2,1,0,0,14115912,{'14115912'},{'https://t.co/a4a8xhk4ew'},1,Notícias,Tecnologia,2021-02-25T15:31:43.0000000+00:00,-0.1206431984901428,1.0,0.1640230729285512,0.5594332602095308,7.364401731409259
1365459905717678084,621583,Covid-19: How would an NHS vaccine passport app work? https://t.co/bJaxF6yb8u,8,15,9,1,,,{'https://t.co/bjaxf6yb8u'},0,Notícias,Tecnologia,2021-02-27T00:33:05.0000000+00:00,-0.1052515804767608,1.0,0.2333880278858304,0.5594548444270347,30.90059200910305
973719108515717120,42703075,"Only registered Strava users will be able to see street-level data of Strava activities, like running and biking. https://t.co/Kl0xT6GHWk",4,9,2,0,,,{'https://t.co/kl0xt6ghwk'},0,Notícias,Tecnologia,2018-03-14T00:35:00.0000000+00:00,-0.1467583179473877,0.875,0.3120233273624033,0.548663511401201,18.208541727282576
1369075112432046081,1344951,Take a gaming break with @sairamueller! Monday Funday is about to start:  https://t.co/oC4Th9qZ3C https://t.co/Rk3I6pYk6P,7,3,1,0,294534649,{'294534649'},"{'https://t.co/rk3i6pyk6p', 'https://t.co/oc4th9qz3c'}",1,Notícias,Tecnologia,2021-03-08T23:58:37.0000000+00:00,-0.1285584568977356,1.0,0.1818001409099083,0.5596121657512703,12.41321001250735
1362439231080169474,1124816718,"The Perseverance rover is just hours away from the most intense seven minutes of its existence - trying to land on Mars.

https://t.co/A4cmdtbrWV",1,0,0,0,,,{'https://t.co/a4cmdtbrwv'},0,Notícias,Tecnologia,2021-02-18T16:30:00.0000000+00:00,-0.1491665840148925,1.0,0.1637755501196397,0.5593247814580351,5.125579288017186
1283912982200631298,72915722,@caitrionambalfe @KikiLayne_fr @GPBmadeit @oldguardmovie I am very here for this review!! Thank you love ❤️,601,34,16,27,1237113745836572672|175098387|1217168433223090176|1569791546,"{'175098387', '1569791546', '1217168433223090176', '1237113745836572672'}",,4,Celebridades,Artistas de TV,2020-07-16T23:54:43.0000000+00:00,-0.1056459546089172,1.0,0.2268305327192613,0.5563358022112553,399.0247753382344
1303840025000509448,27042513,@VancityReynolds @Mintmobile Rodney Robinson. Teacher of the Year. A great honor for a great man. Sorry about  the whiney UNawarded Canadian also in this @Mintmobile spot.,6363,128,85,6,746079076683743236|2893511188,"{'746079076683743236', '2893511188'}",,2,Celebridades,Artistas de TV,2020-09-09T23:37:40.0000000+00:00,-0.123242437839508,0.9,0.1574782189199261,0.5570311318237042,3743.2819035229313
1369320575945019399,816653,French startup lobby targets Apple with 'privacy hypocrisy' complaint https://t.co/e9hIO9kbSj by @riptari,22,8,2,0,15734027,{'15734027'},{'https://t.co/e9hio9kbsj'},1,Notícias,Tecnologia,2021-03-09T16:14:00.0000000+00:00,-0.2404733896255493,1.0,0.2136185673323154,0.5596229551350761,25.30258488222536
978970964762513409,42703075,"""Last week showed how much more work we need to do to enforce our policies and help people understand how Facebook works and the choices they have over their data"" https://t.co/4Kt97xtAmg",60,51,10,9,,,{'https://t.co/4kt97xtamg'},0,Notícias,Tecnologia,2018-03-28T12:24:01.0000000+00:00,-0.0704090297222137,0.9,0.1373468767275454,0.5487611541929561,105.38266910163298
1362748149853396993,7905122,Maths app targeting UK schools is criticised over premium model https://t.co/qVq2SrCyor,6,3,2,0,,,{'https://t.co/qvq2srcyor'},0,Notícias,Tecnologia,2021-02-19T12:57:32.0000000+00:00,-0.2955041527748108,1.0,0.2303517894374276,0.5593380580417433,11.874946746097947
976304255685423104,42703075,Facebook's value plunged almost $50 billion this week. https://t.co/NjveMC5kR1,30,30,1,4,,,{'https://t.co/njvemc5kr1'},0,Notícias,Tecnologia,2018-03-21T03:47:28.0000000+00:00,-0.1114030182361602,1.0,0.2419123951879956,0.5487114791689933,55.003921003513554
1367133454241046531,368276033,"Welcome the @AstonMartinF1 #AMR21 to Formula 1 ?

#SkyF1 | #F1",1817,96,44,15,16143542,{'16143542'},,1,Notícias,Esportes,2021-03-03T15:23:10.0000000+00:00,-0.234608769416809,1.0,0.0,0.5595274425695255,1159.9010084213787
1367444872903462913,1124816718,"Coronavirus vaccines that have been tweaked to deal with new variants of the disease will be fast-tracked for authorisation, the UK regulator has said  https://t.co/zcZRSKlvWg",0,0,0,0,,,{'https://t.co/zczrsklvwg'},0,Notícias,Tecnologia,2021-03-04T12:00:38.0000000+00:00,-0.1574601531028747,0.9,0.1589381773132565,0.5595409683167671,6.1879815277091845
1369169336326316036,1344951,What if the solution to our privacy problems is actually quite simple https://t.co/vwMlFe10cR,381,113,18,14,,,{'https://t.co/vwmlfe10cr'},0,Notícias,Tecnologia,2021-03-09T06:13:02.0000000+00:00,-0.1318819522857666,1.0,0.0,0.5596162925654475,360.9525135001404
1369357633283620870,10933912,"""What they say about him in France now is ‘il pue de rugby’ — he stinks of rugby — the game is just so natural to him.”

@johnwesterby charts the meteoric rise of Antoine Dupont   https://t.co/ledNMR5tqo",1,1,0,0,32039073,{'32039073'},{'https://t.co/lednmr5tqo'},1,Notícias,Esportes,2021-03-09T18:41:15.0000000+00:00,-0.1647979021072387,0.9166666666666666,0.1282248370637189,0.5596245383884423,8.979127843336803
1369368976128679940,816653,Techstars Music announces its 2021 class and a partnership with media company Quality Control https://t.co/duh9vX1f8D by @grg,19,9,1,1,14074418,{'14074418'},{'https://t.co/duh9vx1f8d'},1,Notícias,Tecnologia,2021-03-09T19:26:20.0000000+00:00,-0.2132826447486877,1.0,0.2044123239195464,0.5596250766183932,26.976403987365785
1369148225433788417,29945848,'Freed' Quinny: Does he slide back down Test order? @RobHouwing. https://t.co/ryECnmO4CG,1,0,3,0,394654669,{'394654669'},{'https://t.co/ryecnmo4cg'},1,Notícias,Esportes,2021-03-09T04:49:09.0000000+00:00,-0.0774420201778411,1.0,0.2011946755849157,0.5596153883655163,4.029907138799774
1369533603194040320,10933912,Paolo Odogwu will earn the same amount as Owen Farrell during this year's Six Nations. @AlexMLowe reports on the senior players' decision to split the pay equally  https://t.co/JNsrtW5XoQ,1,0,0,0,26202347,{'26202347'},{'https://t.co/jnsrtw5xoq'},1,Notícias,Esportes,2021-03-10T06:20:30.0000000+00:00,-0.2249379456043243,1.0,0.145287332243524,0.5596322539309863,8.475804128421954
1368911960478257153,25562270,GameStop taps shareholder Ryan Cohen to lead e-commerce shift: Bloomberg https://t.co/E5jBdLBz2B https://t.co/gidBfh358e,2,1,1,0,,,"{'https://t.co/gidbfh358e', 'https://t.co/e5jbdlbz2b'}",0,Notícias,Tecnologia,2021-03-08T13:10:19.0000000+00:00,-0.1188390254974365,1.0,0.1932394740539534,0.5596050397695949,8.502215811402634
1367113449394765824,34992644,"""Taekwondo changed my life.""

Iran's only female Olympic medalist to compete under white flag in Tokyo.

? https://t.co/fp9dkTheEp https://t.co/rSW21lv8Wr",5,1,1,0,,,"{'https://t.co/fp9dktheep', 'https://t.co/rsw21lv8wr'}",0,Notícias,Esportes,2021-03-03T14:03:40.0000000+00:00,-0.1423557996749878,1.0,0.0,0.5595265713701967,8.953078366725723
1368978600964349955,19407053,What Is an NFT? Inside The Next Billion-Dollar Crypto Sensation. | by @futurefallout https://t.co/W1z2zQ4u1a,16,8,0,0,2538476593,{'2538476593'},{'https://t.co/w1z2zq4u1a'},1,Notícias,Negócios,2021-03-08T17:35:07.0000000+00:00,-0.1523472964763641,1.0,0.2062484926083756,0.5596079492799484,21.38052877302696
1364311211194675203,1124816718,Space enthusiasts claim they have decoded a hidden message on the British-made parachute that helped NASA's Perseverance rover to land safely on Mars https://t.co/py28V3qafM,2,2,0,1,,,{'https://t.co/py28v3qafm'},0,Notícias,Tecnologia,2021-02-23T20:28:35.0000000+00:00,-0.1931838989257812,0.875,0.1612768649894603,0.559405208269097,8.970829338189974
1369547940017147907,87818409,Piers Morgan: end of the road for the man who never knew when to stop https://t.co/zwTDB0T3od,825,104,134,26,,,{'https://t.co/zwtdb0t3od'},0,Notícias,Do Mundo,2021-03-10T07:17:28.0000000+00:00,-0.1137944459915161,1.0,0.0,0.5596329248464849,670.4402484494728
1369356888568197133,15012486,WATCH LIVE: White House Press Secretary Jen Psaki holds briefing with National Economic Council Deputy Director Bharat Ramamurti https://t.co/Nj065CIsxp https://t.co/9c88K3dj69,67,30,6,1,,,"{'https://t.co/nj065cisxp', 'https://t.co/9c88k3dj69'}",0,Notícias,Do Mundo,2021-03-09T18:38:18.0000000+00:00,-0.2143715620040893,1.0,0.1647845264591889,0.5596245131244322,81.79742361737402
1369362400403726350,5988062,"An extension of production cuts, a stimulus bill in America and a failed attack on a Saudi refinery: these three events have left oil prices higher   https://t.co/Ww5ovWYVG5",36,14,1,1,,,{'https://t.co/ww5ovwyvg5'},0,Notícias,Do Mundo,2021-03-09T19:00:12.0000000+00:00,-0.2298156023025512,1.0,0.1628833123696608,0.5596247840825003,40.94376084877696
1369605923732393985,16973333,Edinson Cavani ‘proud’ to wear Man United shirt despite father’s comments over future https://t.co/1mwqSLkhcI,10,5,0,0,,,{'https://t.co/1mwqslkhci'},0,Notícias,Do Mundo,2021-03-10T11:07:52.0000000+00:00,-0.177354097366333,1.0,0.2170673416492663,0.5596354368757329,16.91054351512929
1369566623913369603,14293310,How a rising female minister is trying to dismantle Afghanistan's patriarchy https://t.co/TegXYvzcwr,133,36,5,2,,,{'https://t.co/tegxyvzcwr'},0,Notícias,Do Mundo,2021-03-10T08:31:43.0000000+00:00,-0.1696896851062774,1.0,0.0,0.5596337084745863,120.88089996784544
1369450685708857348,28785486,An off-duty Tennessee firefighter and his family are being commended for rushing to render aid to a shooting victim. https://t.co/RLi6zUntMV,144,31,5,0,,,{'https://t.co/rli6zuntmv'},0,Notícias,Do Mundo,2021-03-10T00:51:01.0000000+00:00,-0.2437650263309478,0.75,0.1658969939216043,0.5596286422789362,120.83270980486688
1369269245704630276,1367531,"Ex-NFL star Ricky Williams reveals one regret he has about career

https://t.co/Jwkug0yxx6",77,14,24,3,,,{'https://t.co/jwkug0yxx6'},0,Notícias,Do Mundo,2021-03-09T12:50:02.0000000+00:00,-0.2257784903049469,1.0,0.2061843045242571,0.5596206701493542,76.783417084559
1369321348783345674,5988062,Britain and America should look to Denmark. It spends large sums—1.9% of GDP in 2018—on retraining and advising the jobless https://t.co/BlfEw13EQ5,118,45,8,1,,,{'https://t.co/blfew13eq5'},0,Notícias,Do Mundo,2021-03-09T16:17:04.0000000+00:00,-0.1627850830554962,1.0,0.0,0.5596229846964513,124.79592365955392
1369366150237351943,759251,"The Society of Editors has rejected Prince Harry's allegations that racism played a role in how the British press covered his wife Meghan, Duchess of Sussex. But several prominent journalists in the United Kingdom are disputing the organization's view. https://t.co/HZvkDhSXeV",521,115,155,19,,,{'https://t.co/hzvkdhsxev'},0,Notícias,Do Mundo,2021-03-09T19:15:06.0000000+00:00,-0.1358343660831451,1.0,0.1171429268586541,0.559624951327964,528.3515392462441
1369617111014924289,16973333,What does John Kerry’s whistle-stop tour of Europe say about US climate ambitions? https://t.co/KVLzf0xLb6,6,1,2,1,,,{'https://t.co/kvlzf0xlb6'},0,Notícias,Do Mundo,2021-03-10T11:52:20.0000000+00:00,-0.1931504011154174,1.0,0.2069186615050532,0.5596359277851677,11.308519505094372
1370098415938498560,28785486,"""I believe... this historic legislation is about rebuilding the backbone of this country.""

Pres. Joe Biden signed into law the sweeping $1.9 trillion COVID relief bill passed by Congress. https://t.co/SllbsDzTaV https://t.co/CVWrmxbOvV",993,288,118,88,,,"{'https://t.co/cvwrmxbovv', 'https://t.co/sllbsdztav'}",0,Notícias,Do Mundo,2021-03-11T19:44:52.0000000+00:00,-0.0921838283538818,1.0,0.1363947946538997,0.5596570738108164,1001.8624859562092
1369500754000699392,28785486,"RT @SoulofaNation: We'll see you all the same time next week!

Don't miss #SoulOfANation next Tuesday 10|9c on @ABC.",0,24,0,0,28785486|1359291159634395137,"{'1359291159634395137', '28785486'}",,2,Notícias,Do Mundo,2021-03-10T04:09:58.0000000+00:00,-0.1343528032302856,1.0,0.1681214904065563,0.5596308377061057,31.43340240573309
1367190653269073930,25562270,Facebook removes Thai military-linked information influencing accounts https://t.co/OTFlocm9fJ https://t.co/cA2ereDXp0,0,2,0,0,,,"{'https://t.co/otflocm9fj', 'https://t.co/ca2eredxp0'}",0,Notícias,Tecnologia,2021-03-03T19:10:27.0000000+00:00,-0.1716096699237823,1.0,0.1813945660473843,0.5595299221715647,5.137267417936247
1368607437310353408,1754641,"When Chloé Zhao won the Golden Globe for best director for “Nomadland,” Chinese state news outlets were jubilant. One headline read, “The Pride of China!” Then the mood shifted, and the censors pounced. https://t.co/yYMmTPu1zB",4,2,1,0,,,{'https://t.co/yymmtpu1zb'},0,Notícias,Negócios,2021-03-07T17:00:15.0000000+00:00,-0.0893722474575042,1.0,0.1240625496888442,0.5595917087649197,14.618815179892678
1369585318521802763,87818409,"UK shoppers: Tell us about your online buying during lockdown

https://t.co/mz4KNX86RD",13,3,13,1,,,{'https://t.co/mz4knx86rd'},0,Notícias,Do Mundo,2021-03-10T09:46:00.0000000+00:00,-0.161573439836502,1.0,0.2268305327192613,0.559634564424149,21.95269470231463
1369536457992470528,87818409,"No evidence £22bn test-and-trace scheme cut Covid rates in England, say MPs https://t.co/swiY1ygnaG",142,88,23,22,,,{'https://t.co/swiy1ygnag'},0,Notícias,Do Mundo,2021-03-10T06:31:50.0000000+00:00,-0.1860104501247406,1.0,0.1956218414900476,0.5596324211656675,206.05421179713107
1370017497710215170,28785486,CHAIRLIFT SCARE: A 12-year-old boy who slipped from his seat while snowboarding in Canada managed to hold on for about 2 minutes until he made it to the top. https://t.co/Qvu1kegEvy https://t.co/R5xzZwmbYX,416,96,66,27,,,"{'https://t.co/r5xzzwmbyx', 'https://t.co/qvu1kegevy'}",0,Notícias,Do Mundo,2021-03-11T14:23:19.0000000+00:00,-0.1911259889602661,1.0,0.1313634630505135,0.5596535184862795,397.9871591912961
1370057097107345411,28785486,"Eight years after she escaped a decade of captivity, Amanda Berry is working to bring children home. https://t.co/gF6LNTtyTn",247,35,10,3,,,{'https://t.co/gf6lnttytn'},0,Notícias,Do Mundo,2021-03-11T17:00:41.0000000+00:00,-0.2022477984428405,1.0,0.1964635019852093,0.5596552583418495,190.9523844497506
1369968831666487296,28785486,"ON THIS DAY: Ten years ago, a magnitude-9.0 earthquake and resulting tsunami struck Japan’s northeastern coast, killing nearly 20,000 people and severely damaging the Fukushima Dai-ichi nuclear power station. https://t.co/1PcsOcLRdL https://t.co/1QZwLT644t",147,55,5,7,,,"{'https://t.co/1qzwlt644t', 'https://t.co/1pcsoclrdl'}",0,Notícias,Do Mundo,2021-03-11T11:09:56.0000000+00:00,-0.2275316417217254,1.0,0.1364047408529052,0.5596513807482243,160.13662351884517
1369475595466375169,28785486,".@jalaiah, creator of the Renegade dance, to @janai on not being recognized for creating the now-famous dance at just 14: “It was pretty hard for me...I really don’t like to see Black creators not getting the recognition that they need.”

Watch #SoulOfANation TONIGHT 10|9c. https://t.co/KUeE3ClfxU",70,31,12,1,218647820|1229818150381899776,"{'1229818150381899776', '218647820'}",{'https://t.co/kuee3clfxu'},2,Notícias,Do Mundo,2021-03-10T02:30:00.0000000+00:00,-0.1527944803237915,0.8823529411764706,0.0,0.5596297345205534,91.15379745825308
1369404129643216897,15012486,"New video released by the FBI shows the person suspected of planting pipe bombs outside the DNC and RNC headquarters the night of January 5. The FBI and ATF are now offering up to $100,000 for information leading to the suspect’s arrest. https://t.co/cRkQ1gsQ49 https://t.co/EPaYVDmZcy",333,280,68,23,,,"{'https://t.co/crkq1gsq49', 'https://t.co/epayvdmzcy'}",0,Notícias,Do Mundo,2021-03-09T21:46:01.0000000+00:00,-0.2137954533100128,0.9333333333333332,0.0921700045194276,0.5596265839252265,560.2005100959117
1369460521846575104,14173315,"The Bidens' 3-year-old German shepherd Major was involved in an incident Monday in which he was ""surprised by an unfamiliar person and reacted in a way that resulted in a minor injury to the individual,"" White House press secretary Jen Psaki says. https://t.co/Zon6eLjsQA",283,43,130,37,,,{'https://t.co/zon6eljsqa'},0,Notícias,Do Mundo,2021-03-10T01:30:06.0000000+00:00,-0.2038288712501526,0.875,0.1123296005228817,0.5596290550415391,308.9081611652025
1369270015699136512,5988062,"Meghan Markle did the interview on her own terms. It may do the couple some good; it may do the monarchy some harm, but probably not much https://t.co/7EkLhCQKuR",154,19,33,8,,,{'https://t.co/7eklhcqkur'},0,Notícias,Do Mundo,2021-03-09T12:53:06.0000000+00:00,-0.1586581170558929,0.9090909090909092,0.1306448662278265,0.559620735267513,137.12931517659402
1340976808989241344,1038082275689340928,RT @NXOnNetflix: Here is the logo for Nightmare of the Wolf. A Witcher Anime film coming 2021. https://t.co/vagw48L8NS,0,2372,0,0,999720386014019584,{'999720386014019584'},{'https://t.co/vagw48l8ns'},1,Entretenimento,Séries de TV,2020-12-21T11:06:00.0000000+00:00,-0.1450552940368652,1.0,0.1895573711714501,0.558436709144096,2654.915718482863
1367617268734164992,621583,"YouTube to lift Trump ban if violence threat falls, says CEO https://t.co/0F7kHW5dmK",2,7,3,3,,,{'https://t.co/0f7khw5dmk'},0,Notícias,Tecnologia,2021-03-04T23:25:40.0000000+00:00,-0.2395076155662536,1.0,0.2183642818849641,0.5595485146756842,15.789549324211556
1368776591388647424,65184105,@BrianCastrillo2 @KirstenAcuna This isn't as soft as a Dog plush but his @OriginalFunko still makes you say aww. #TWD https://t.co/JT42vrLgoK,31,1,4,0,1378000488|23707663|742107732,"{'742107732', '23707663', '1378000488'}",{'https://t.co/jt42vrlgok'},3,Entretenimento,Séries de TV,2021-03-08T04:12:24.0000000+00:00,-0.1445516347885131,1.0,0.1772223200426438,0.55959913262936,26.95998445952013
1352326523026632706,19110632,@jammy_cooper No but you are on the right continent...but this mountain range is located on an island ?,0,0,0,0,,,,0,Notícias,Viagens,2021-01-21T18:45:42.0000000+00:00,-0.0546050667762756,0.6666666666666666,0.183569037771411,0.5588987471343835,3.828590735438721
1273723492186443782,2412917082,It's the Limitless shit. https://t.co/P6T5fUZvI5,377,71,15,18,,,{'https://t.co/p6t5fuzvi5'},0,Entretenimento,Séries de TV,2020-06-18T21:05:19.0000000+00:00,-0.1833684742450714,1.0,0.0,0.555994283194288,308.57814419088845
1368939573586386945,65184105,A whole new side of Daryl is revealed in the latest episode of #TWD. Stream now: https://t.co/BoIeKvqlT6 https://t.co/BAS4801HTP,1842,128,49,14,,,"{'https://t.co/bas4801htp', 'https://t.co/boiekvqlt6'}",0,Entretenimento,Séries de TV,2021-03-08T15:00:02.0000000+00:00,-0.2030234634876251,1.0,0.1606780412853813,0.5596062644934574,1214.9951692911732
1368954564133654529,1344951,"A workforce without women is like working with one hand tied behind your back.  Sure, you can do it. It's just not optimal. 6/

#IWD2021
#InternationalWomensDay
Photo Credit: Sam Whitney https://t.co/7G8nra3A51",0,1,1,0,,,{'https://t.co/7g8nra3a51'},0,Notícias,Tecnologia,2021-03-08T15:59:36.0000000+00:00,-0.1193322241306305,1.0,0.150097954425276,0.5596068879651769,10.15692462788475
1366296962409123843,715177919438577664,"Heartfelt congratulations to Emma Corrin, Josh O’Connor, Gillian Anderson, and everyone behind Season 4 of The Crown. https://t.co/Cf5CWGXdZt",17864,3333,124,737,,,{'https://t.co/cf5cwgxdzt'},0,Entretenimento,Séries de TV,2021-03-01T07:59:15.0000000+00:00,-0.2135630846023559,1.0,0.2034395923772321,0.5594911096692421,14212.88038122833
1332444252895404033,1205974434,Brothers on-screen and off. Stream the Supernatural: The Long Road Home special: https://t.co/7QGwT7hGui #Supernatural https://t.co/PwFSdtDu58,12587,1020,291,206,,,"{'https://t.co/7qgwt7hgui', 'https://t.co/pwfsdtdu58'}",0,Entretenimento,Séries de TV,2020-11-27T22:00:40.0000000+00:00,-0.1692600846290588,1.0,0.3174531409181687,0.558099934751277,8445.904558621705
1365315694167011328,273181052,? https://t.co/3iXgcVTwRE,1281,126,19,13,,,{'https://t.co/3ixgcvtwre'},0,Entretenimento,Séries de TV,2021-02-26T15:00:02.0000000+00:00,0.0,0.0,0.0,0.5594485931126494,876.0970204878723
1322493521245298689,1288485038,"Happy Halloween from Tommy Shelby. ? #PeakyBlinders

? Robert Viglasky https://t.co/7K93zUVKZE",11100,1231,54,77,,,{'https://t.co/7k93zuvkze'},0,Entretenimento,Séries de TV,2020-10-31T11:00:00.0000000+00:00,-0.1792082786560058,1.0,0.2510205543552873,0.5577179756898717,7640.326680638095
1285629613067038720,2412917082,"All Rhoades lead to Wendy.

#Billions Season 5 is on a break but will return. Catch up on the first 7 episodes now on @Showtime. https://t.co/NkJokflnCM",431,54,31,12,257548783,{'257548783'},{'https://t.co/nkjokflncm'},1,Entretenimento,Séries de TV,2020-07-21T17:36:00.0000000+00:00,-0.1329516470432281,0.8181818181818182,0.1555697790757284,0.5563942274488793,330.48488461030007
1189249540412624898,180463340,"Prepare to charge this #GoTHalloween.
Share your photos for recognition in the realm. https://t.co/GLlgtFErEd",9794,681,312,88,,,{'https://t.co/gllgtfered'},0,Entretenimento,Séries de TV,2019-10-29T18:36:00.0000000+00:00,-0.1199707686901092,1.0,0.0,0.5534677974684494,6399.750234193535
1152351180225335296,180463340,"The Kingslayer and the Onion Knight take #GoTSDCC

@nikolajcw @liamcunningham1 https://t.co/G0pKYPAvnE",15391,1475,118,240,3154252605|131482972,"{'3154252605', '131482972'}",{'https://t.co/g0pkypavne'},2,Entretenimento,Séries de TV,2019-07-19T22:55:05.0000000+00:00,-0.2360624969005584,1.0,0.2021302932127583,0.5525043830999647,10334.155747798924
1272336376927666176,2412917082,RT @BillionsWriters: The 2011 film Limitless starring Bradley Cooper and Robert De Niro was directed by @NeilBurger. Neil also directed the…,0,8,0,0,3912022947|329631801,"{'3912022947', '329631801'}",,2,Entretenimento,Séries de TV,2020-06-15T01:13:25.0000000+00:00,-0.0171808302402496,1.0,0.1717549778889471,0.5559484896695288,13.439567582203576
1330209367002472448,1060978099146260480,They’re back together again. Chapter 12 of #TheMandalorian is now streaming on #DisneyPlus. https://t.co/NryjQFcivB,12035,684,146,93,,,{'https://t.co/nryjqfcivb'},0,Entretenimento,Séries de TV,2020-11-21T18:00:01.0000000+00:00,-0.1013995707035064,1.0,0.2008269823589563,0.5580131549080991,7617.555932280239
1362483585169686531,1232061287301074945,"One finds oneself in such an incredible position, and one should declare it. https://t.co/xHthIKA9Ck",6531,650,75,108,,,{'https://t.co/xhthika9ck'},0,Entretenimento,Séries de TV,2021-02-18T19:26:15.0000000+00:00,-0.1654292345046997,1.0,0.1920343302549423,0.5593266833760816,4485.914690387922
1337396723610771457,1060978099146260480,"Chapter 15. Now Streaming.
#TheMandalorian #DisneyPlus https://t.co/8xmHZ2vs6V",13551,1077,456,408,,,{'https://t.co/8xmhz2vs6v'},0,Entretenimento,Séries de TV,2020-12-11T14:00:01.0000000+00:00,-0.1476894617080688,1.0,0.2596634391575384,0.5582943332596727,9253.879836107228
1287306318961872896,1288485038,"Happy #AuntAndUncleDay, from #PeakyBlinders’ very own Aunt Pol and Uncle Charlie. ? Robert Viglasky https://t.co/WdjSf3tfAB",2927,219,16,14,,,{'https://t.co/wdjsf3tfab'},0,Entretenimento,Séries de TV,2020-07-26T08:38:38.0000000+00:00,-0.1324890255928039,1.0,0.2138492795692188,0.5564515534749782,1894.8446508654645
1151605021345083392,180463340,"The #GoTSDCC panel taking place Friday, 7/19 at 5:30PM in Hall H will now consist of panelists @Maisie_Williams, @RaleighRitchie, @nikolajcw, @isaac_h_wright, @johnbradleywest, @liamcunningham1 &amp; Conleth Hill.

Follow our ravens for updates.",5083,506,419,272,102154232|101798589|3154252605|131482972|863172565786705920|1286087420,"{'3154252605', '102154232', '1286087420', '101798589', '131482972', '863172565786705920'}",,6,Entretenimento,Séries de TV,2019-07-17T21:30:07.0000000+00:00,-0.1236965656280517,1.0,0.1545523883249952,0.5524856374269145,3754.227382644028
1265629710941388800,180463340,@HBO @hbomax Raise your banners. #HBOMax https://t.co/3pUrBzCNpz,1296,163,78,102,89090040|15635604,"{'15635604', '89090040'}",{'https://t.co/3purbzcnpz'},2,Entretenimento,Séries de TV,2020-05-27T13:03:32.0000000+00:00,-0.1894935965538025,1.0,0.0,0.5557293546115697,1003.6493150428588
1357381035852521474,273181052,We already know the answer. ?,72,2,6,0,,,,0,Entretenimento,Séries de TV,2021-02-04T17:30:32.0000000+00:00,-0.2147471010684967,1.0,0.3554324678504174,0.559109950020408,47.72359493754474
1362484293650567168,1232061287301074945,@sweetx0love25 She is quite good to him.,66,3,1,2,3057968236,{'3057968236'},,1,Entretenimento,Séries de TV,2021-02-18T19:29:03.0000000+00:00,-0.1639368236064911,1.0,0.0,0.5593267135598998,43.63476344477145
1368744769686540290,65184105,@shookswiftie What's not to love? #TWD,2,1,1,0,3035225852,{'3035225852'},,1,Entretenimento,Séries de TV,2021-03-08T02:05:57.0000000+00:00,-0.2138079106807708,1.0,0.0,0.5595977406323958,4.476834561660635
1350201158426648581,252882791,"New doors will open to you during the #REShowcase on Jan 21st. Take a step inside and take a look around.
6 days until the event: ? https://t.co/gR3e1ZpUK7 https://t.co/jxGmz8Oem3",2791,359,91,97,,,"{'https://t.co/gr3e1zpuk7', 'https://t.co/jxgmz8oem3'}",0,Entretenimento,Games,2021-01-15T22:00:16.0000000+00:00,-0.1393390595912933,1.0,0.0,0.558810969309356,2071.518838122429
1357735941637603331,95955871,"It’s Duff time, happy birthday to the best there is! https://t.co/J9MKpYCPut",10825,1681,233,171,,,{'https://t.co/j9mkpycput'},0,Música,Rock,2021-02-05T17:00:48.0000000+00:00,-0.1611644029617309,1.0,0.0,0.559124928955277,8160.988075560615
1367610810789326850,10671602,PlayStation 2 first launched 21 years ago. What disc did you pop in the tray right away? https://t.co/gj4RMX8c1j,35007,3995,4220,2478,,,{'https://t.co/gj4rmx8c1j'},0,Entretenimento,Games,2021-03-04T23:00:00.0000000+00:00,-0.1269038319587707,1.0,0.1914539727961682,0.559548195570953,27810.771467688523
1317087904569741312,203162990,"In 1 week, The #EmptyMan is coming for you. Get tickets now: https://t.co/kZKpADQks6 https://t.co/cBEN9x9Co0",314,120,20,64,,,"{'https://t.co/kzkpadqks6', 'https://t.co/cben9x9co0'}",0,Entretenimento,Filmes,2020-10-16T13:00:01.0000000+00:00,-0.1493831872940063,1.0,0.0,0.55751513985573,359.5973141785343
1362913607105736706,331908924,"Come along for the ride as Hearthstone team delves into the details of Year of the Gryphon ? https://t.co/izAvAFMKYa

#BlizzConline https://t.co/BaFPxbdKw9",176,21,4,3,,,"{'https://t.co/bafpxbdkw9', 'https://t.co/izavafmkya'}",0,Entretenimento,Games,2021-02-19T23:55:00.0000000+00:00,-0.1721402704715728,1.0,0.1408489779179381,0.559345142229869,132.08461564330452
1359943678354092032,15234657,"@_jdodd You flatter me! Ha! Now listen here, I sense the ?passion? in your heart, you must act on it NOW before it's too late! Set up that Zoom call ASAP!",2,0,1,0,99261158,{'99261158'},,1,Entretenimento,Games,2021-02-11T19:13:34.0000000+00:00,-0.0513921380043029,0.9,0.1429966081290745,0.5592183412314379,7.293916552191706
1254427280794845185,297047872,"Q#35. My fav from the ‘90’s . I was trying to sound like an old scratchy record.

https://t.co/o8w7KeuyHJ https://t.co/57wGY8c4V7",3826,395,102,72,,,"{'https://t.co/o8w7keuyhj', 'https://t.co/57wgy8c4v7'}",0,Música,Rock,2020-04-26T15:09:04.0000000+00:00,-0.1364623606204986,1.0,0.1708938369741746,0.555371512694986,2666.434136203848
1338550048892710913,612782611,"?Stitch
?Two free weapons
?Four fresh War Tracks
?1300 COD points
...and so much more.

Get the intel on the #BlackOpsColdWar and #Warzone Season One Battle Pass here:

https://t.co/zjT6pvOnQc",928,71,327,27,,,{'https://t.co/zjt6pvonqc'},0,Entretenimento,Games,2020-12-14T18:22:55.0000000+00:00,-0.1788667440414428,1.0,0.1439498567923949,0.558340062837089,801.856868264881
1055619307084800000,27195114,https://t.co/ZxYTkLwgSP,20148,4429,1111,238,,,{'https://t.co/zxytklwgsp'},0,Música,Rap,2018-10-26T00:37:09.0000000+00:00,0.0,0.0,0.0,0.5502804506565415,16704.31140052239
1306401710386982912,96829836,"#RapLifeLive is almost here.
Watch my performance captured at @HowardU this Friday at 7PM PT on @AppleMusic.
https://t.co/5SkAauhdAN https://t.co/rNZDAwH0rY",675,169,33,9,74580436|27147528,"{'27147528', '74580436'}","{'https://t.co/5skaauhdan', 'https://t.co/rnzdawh0ry'}",2,Música,Rap,2020-09-17T01:16:54.0000000+00:00,-0.1086994111537933,1.0,0.1558229716758151,0.557123331498082,593.4233532940734
1334214244632580097,18847632,"AtU2… at U2, 25 years looked like a long time 25 year agos
It feels even longer now ha ha!
Thanks Matt, thanks for all those insightful posts &amp; pokes!
Bono, Edge, Larry &amp; Adam https://t.co/r55t8QoUoX",2476,195,84,88,,,{'https://t.co/r55t8qouox'},0,Música,Rock,2020-12-02T19:13:59.0000000+00:00,-0.1883465349674224,0.8571428571428571,0.1312494050048571,0.558169086685552,1703.525636776836
1327711653828337665,6207392,#FinallyFree ?: Andrei Charniauski https://t.co/XU9JT2Dhyx,1064,81,6,4,,,{'https://t.co/xu9jt2dhyx'},0,Música,Heavy Metal,2020-11-14T20:35:00.0000000+00:00,-0.2174244225025177,1.0,0.3349067026613031,0.5579168920206067,692.562189729281
1359973359568625670,15234657,"@DorianParksnRec @Zendaya Anything is possible, amigo! But you must believe in yourself. In this case... you must believe VERY hard. Good luck! Ha!",3,0,2,0,2526757508|154280902,"{'154280902', '2526757508'}",,2,Entretenimento,Games,2021-02-11T21:11:30.0000000+00:00,-0.1884855926036834,0.8333333333333334,0.1561818388102712,0.5592196020471403,8.941683935875172
1146224584443727872,19028953,Watch the documentary on the making of the album Live now. ❤️❤️ https://t.co/YsTItr0TwC,41635,13995,386,1284,,,{'https://t.co/ystitr0twc'},0,Música,Rap,2019-07-03T01:10:11.0000000+00:00,-0.2127147614955902,1.0,0.0,0.552351282136041,39382.65007914216
1363914797335543811,15234657,Ready for an adventure for two? Pre-order #ItTakesTwoGame here: https://t.co/SiCyWVaJZJ,106,5,10,0,,,{'https://t.co/sicywvajzj'},0,Entretenimento,Games,2021-02-22T18:13:22.0000000+00:00,-0.1417785584926605,1.0,0.0,0.5593881420491414,73.27988024295377
1307801712107966476,6207392,"#TheSerenityofSuffering, reimagined by Nortbert Bertók. https://t.co/x0Td3Cd1Ip",2217,266,26,6,,,{'https://t.co/x0td3cd1ip'},0,Música,Heavy Metal,2020-09-20T22:00:00.0000000+00:00,-0.1749345362186432,1.0,0.3059738056794289,0.5571739856413537,1553.5720286032897
1357452896976179201,52484614,"What kind of sounds will we hear on Mars? ?@NASAPersevere Mission Engineer Chloe Sackier hopes to hear these...

https://t.co/X5OF1EXYIa",25,2,1,1,1232783237623119872,{'1232783237623119872'},{'https://t.co/x5of1exyia'},1,Entretenimento,Mídias Sociais,2021-02-04T22:16:05.0000000+00:00,-0.1178024411201477,1.0,0.1770575359972233,0.5591129889915444,22.4635521317162
1272338362909655040,2412917082,"RT @BillionsWriters: Shane is a 1953 Western directed by George Stevens. It was nominated for six Academy Awards, winning one for Best Cine…",0,8,0,0,3912022947,{'3912022947'},,1,Entretenimento,Séries de TV,2020-06-15T01:21:19.0000000+00:00,0.2306786775588989,0.8571428571428571,0.1743458089980864,0.5559485551827792,12.805639757389084
1326902644322017281,715177919438577664,How will the arrival of Diana Spencer and Margaret Thatcher change the world of The Crown? The show’s cast and crew give us a glimpse of the rivalries and relationships that lie ahead in Season Four. https://t.co/Rehfr0S2XG,5065,941,82,527,,,{'https://t.co/rehfr0s2xg'},0,Entretenimento,Séries de TV,2020-11-12T15:00:17.0000000+00:00,-0.1201161742210388,1.0,0.1011582262854061,0.5578858565418422,4221.03468511662
1329150877941305345,715177919438577664,For more on the true stories that inspired Season Four: https://t.co/Th1PxyuSIq,297,28,8,7,,,{'https://t.co/th1pxyusiq'},0,Entretenimento,Séries de TV,2020-11-18T19:53:58.0000000+00:00,-0.1996578276157379,1.0,0.0,0.5579722932228872,207.5795550036137
1364320994337427461,1232061287301074945,@torilovesatp His Grace has all the required certifications.,43,2,0,0,,,,0,Entretenimento,Séries de TV,2021-02-23T21:07:27.0000000+00:00,-0.1451490819454193,1.0,0.0,0.5594056318515612,29.09637367052315
1351923223638794246,1288485038,"In the bleak midwinter... #PeakyBlinders

? Anthony Byrne https://t.co/YDILZMX6HN",23526,4834,318,1284,,,{'https://t.co/ydilzmx6hn'},0,Entretenimento,Séries de TV,2021-01-20T16:03:08.0000000+00:00,-0.1941754817962646,1.0,0.2593236418140535,0.5588820343371593,19450.365640288423
1365407295384018947,1232061287301074945,@PagliacciLive If I recall correctly it seemed as though there may have been a few more pressing matters at hand.,36,0,0,0,1321261939,{'1321261939'},,1,Entretenimento,Séries de TV,2021-02-26T21:04:01.0000000+00:00,-0.2049464583396911,1.0,0.1991232930204205,0.5594525344680723,24.175140437771105
1356264437729124353,1060978099146260480,Congratulations to @LudwigGoransson for receiving a nomination for Outstanding Original Score for a Television Production at the Society of Composers and Lyricists Awards! https://t.co/wtFLVBbZVF,21290,1941,229,275,131305850,{'131305850'},{'https://t.co/wtflvbbzvf'},1,Entretenimento,Séries de TV,2021-02-01T15:33:34.0000000+00:00,-0.1864379346370697,1.0,0.153776112103121,0.5590629744250459,14359.624771004408
1367114880378146824,1288485038,"We’re delighted to welcome @BAFTA #EERisingStar nominee Conrad Khan to the cast of #PeakyBlinders series 6.

? Anthony Byrne https://t.co/4ENrh4MQJg",8163,573,86,197,17229809,{'17229809'},{'https://t.co/4enrh4mqjg'},1,Entretenimento,Séries de TV,2021-03-03T14:09:21.0000000+00:00,-0.1898557543754577,1.0,0.1722155870855433,0.5595266076630143,5372.119478737507
1152354497189965824,180463340,"Send a raven.
@Isaac_H_Wright and the cast of #GameofThrones are headed down to sign autographs at the WB booth. #GoTSDCC https://t.co/VmyglVwEnH",4648,395,68,70,102154232,{'102154232'},{'https://t.co/vmyglvwenh'},1,Entretenimento,Séries de TV,2019-07-19T23:08:16.0000000+00:00,-0.1937045156955719,1.0,0.0,0.5525044665117196,3084.634524959467
1328065268942336000,1205974434,Jack has come a long way. Stream the latest #Supernatural: https://t.co/qZmBzKkln2 https://t.co/8A9zBuVe5S,8107,645,256,154,,,"{'https://t.co/8a9zbuve5s', 'https://t.co/qzmbzkkln2'}",0,Entretenimento,Séries de TV,2020-11-15T20:00:09.0000000+00:00,-0.1608451902866363,1.0,0.0,0.5579304512790724,5476.088454430897
1354545532044075013,811377,"the issue has been resolved. thanks for the kind words &amp; patience, everyone. https://t.co/8Sw7JdsV05",4498,86,102,16,,,{'https://t.co/8sw7jdsv05'},0,Entretenimento,Mídias Sociais,2021-01-27T21:43:15.0000000+00:00,-0.1683501601219177,1.0,0.1920343302549423,0.5589910662735693,2679.9170514363104
1364321423901085698,180505807,"@hindustani95068 Hello @hindustani95068, and thank you so much for reaching out. To appeal the disabling of an account, please follow this link: https://t.co/3G30I5viLV. We hope that helps.",1,0,1,1,2962731560,{'2962731560'},{'https://t.co/3g30i5vilv'},1,Entretenimento,Mídias Sociais,2021-02-23T21:09:09.0000000+00:00,-0.1833732426166534,1.0,0.0,0.5594056593826734,5.034585736364804
1368984433026596867,13058772,"@OrthodoxIslaam Absolutely! Thanks, Slaimon ?",2,0,3,0,1173903110,{'1173903110'},,1,Entretenimento,Mídias Sociais,2021-03-08T17:58:17.0000000+00:00,-0.2358098626136779,1.0,0.4280460350631185,0.5596081944332754,4.716498448938205
1368619226865471493,24016767,Try these Midwest road trips https://t.co/ovLnsqumwZ,5,0,0,0,,,{'https://t.co/ovlnsqumwz'},0,Notícias,Viagens,2021-03-07T17:47:06.0000000+00:00,-0.2179943323135376,1.0,0.0,0.5595922325663951,5.036333880801253
1369214396489170946,24016767,"Southwest Airlines adds three more cities: Myrtle Beach, Eugene, Bellingham https://t.co/CRybxE8aQR",9,2,0,0,,,{'https://t.co/crybxe8aqr'},0,Notícias,Viagens,2021-03-09T09:12:05.0000000+00:00,-0.0857410728931427,1.0,0.225323106783518,0.5596182813586223,10.1992277821038
1368849083201359873,24016767,10 exciting ways to brew the best coffee at home https://t.co/dY5cbd9YEJ,0,0,0,0,,,{'https://t.co/dy5cbd9yej'},0,Notícias,Viagens,2021-03-08T09:00:28.0000000+00:00,-0.2056552469730377,1.0,0.0,0.5596022865225272,2.7980152203843827
1358819633629921283,9676212,Catalina Island reopens to visitors in time for Valentine's Day https://t.co/z790Pltz0W,3,3,0,0,,,{'https://t.co/z790pltz0w'},0,Notícias,Viagens,2021-02-08T16:47:00.0000000+00:00,-0.1464954316616058,1.0,0.2365475816594409,0.5591707142878735,9.079005900688198
1368999972792844292,24016767,"10 of our favorite beaches from all across Florida: Daytona, Delray, St. Pete, Siesta, more: https://t.co/Y8Wv705rez https://t.co/wJBZSuqNpe",5,2,1,1,,,"{'https://t.co/y8wv705rez', 'https://t.co/wjbzsuqnpe'}",0,Notícias,Viagens,2021-03-08T19:00:02.0000000+00:00,-0.1277595460414886,1.0,0.1717549778889471,0.559608890538458,11.84790610174498
1367625947462184961,36184220,"""When the light erupted at sunset, I knew I got the shot,"" writes #YourShot photographer Peter Coskun, who waited several years for the perfect timing to capture this dramatic scene. https://t.co/QaV4Ybsd6W",894,123,7,8,,,{'https://t.co/qav4ybsd6w'},0,Notícias,Viagens,2021-03-05T00:00:09.0000000+00:00,-0.1265403032302856,1.0,0.1427143432987859,0.5595488860695258,654.1925286366236
1361209516277174279,21887420,How can we get our deposit back after our holiday cottage fell through? https://t.co/9LjmgxyxWp,5,3,0,0,,,{'https://t.co/9ljmgxyxwp'},0,Notícias,Viagens,2021-02-15T07:03:33.0000000+00:00,-0.1625510156154632,1.0,0.0,0.5592722349018767,10.626182840401588
1369036451845869573,53372965,"Pilot loses tooth and flight attendant breaks arm in mid-air brawl
https://t.co/Hc3bdicZrY",0,0,0,1,,,{'https://t.co/hc3bdiczry'},0,Notícias,Viagens,2021-03-08T21:25:00.0000000+00:00,-0.1932428479194641,1.0,0.1991860937038389,0.5596105032007168,2.9095294787484134
1352922753565863936,19110632,"Sharron Livingston shares her thoughts on this tricky-to-answer question: Is it too early to book a summer holiday?

https://t.co/AFrL1Rxmfo",11,2,0,1,,,{'https://t.co/afrl1rxmfo'},0,Notícias,Viagens,2021-01-23T10:14:55.0000000+00:00,-0.0797638893127441,1.0,0.1734453132613791,0.5589234810524351,14.62895574839096
1363322581076619265,36184220,"From southern American cornbread to south Asian roti, bread has a permanent place on our plates and in our hearts. https://t.co/1QEQ4SwxBT",178,31,2,3,,,{'https://t.co/1qeq4swxbt'},0,Notícias,Viagens,2021-02-21T03:00:07.0000000+00:00,-0.1611725986003875,1.0,0.1716795467969853,0.5593627001835296,141.61481944244903
1369521918412472320,16211434,"Ah, Italy. The mere sound of the word is enough to make you daydream of la dolce vita. #sponsored by @martinirossius https://t.co/jzqFrTwnv7",48,11,1,1,1348663449736376322,{'1348663449736376322'},{'https://t.co/jzqfrtwnv7'},1,Notícias,Viagens,2021-03-10T05:34:04.0000000+00:00,-0.1422615945339203,1.0,0.163093645389036,0.5596317510644628,47.10034475135231
1329140321402445824,9676212,New Orleans Mardi Gras joins procession of canceled parades https://t.co/rLuaTJGgQ4,2,1,0,1,,,{'https://t.co/rluatjggq4'},0,Notícias,Viagens,2020-11-18T19:12:01.0000000+00:00,-0.1786468625068664,1.0,0.2434569117144288,0.5579718905557784,6.831508783291834
1369181189932777474,15066760,Listen to Lonely Planet's @chriszeiher on the latest podcast episode of Talk with Trace. They talk about everything from the founding of Lonely Planet to going into the digital world. https://t.co/pGJWgdRakj,9,4,1,2,58119724,{'58119724'},{'https://t.co/pgjwgdrakj'},1,Notícias,Viagens,2021-03-09T07:00:08.0000000+00:00,-0.1925494372844696,0.8888888888888888,0.1224859989653417,0.559616814181874,16.79487517289293
1369499281833537540,16211434,Kayak Is Opening Its First Hotel in Miami Beach — and It's Going to Be So Futuristic  https://t.co/Kg9446Dlq2,17,6,0,0,,,{'https://t.co/kg9446dlq2'},0,Notícias,Viagens,2021-03-10T04:04:07.0000000+00:00,-0.1374189257621765,0.8571428571428571,0.2002710390744657,0.5596307583376414,20.73847392034344
425668533293289472,2176998871,"Yes! YOUR body works the same way, except for a few bits? “@caioartur_: @CameronDiaz is there anything for the guys in your book? Love u.”",99,33,13,0,2176998871|65289952,"{'2176998871', '65289952'}",,2,Celebridades,Artistas de TV,2014-01-21T16:37:41.0000000+00:00,-0.0194962918758392,1.0,0.1584147594462454,0.5412534113658785,101.30016865306575
1359863795586396168,27042513,I’m official-ish! Thank you for my early Valentine from my Valentine. https://t.co/OlQ1hQMf25,11864,362,235,36,,,{'https://t.co/olq1hqmf25'},0,Celebridades,Artistas de TV,2021-02-11T13:56:08.0000000+00:00,-0.1080891788005828,0.5,0.301051691063218,0.5592149627807497,7192.512279593067
1356685006916079616,47786101,Destination unknown...? #throwback https://t.co/jO86hmVVL8,87146,4749,1045,599,,,{'https://t.co/jo86hmvvl8'},0,Celebridades,Artistas de TV,2021-02-02T19:24:46.0000000+00:00,0.0,0.0,0.0,0.5590806726994879,54952.04089437181
1287526789707776000,47786101,"Tonight, court’s in session. @PerryMasonHBO at 9 PM on @HBO. The missus and I are getting ready with a few bits and bobs from Perry’s own Mason Farm. Celebrating local restaurants around since the time of the show. Tune in with us? #mocktails https://t.co/P8JZui6cGW",23730,1273,286,104,15635604|1336879565650747392,"{'1336879565650747392', '15635604'}",{'https://t.co/p8jzui6cgw'},2,Celebridades,Artistas de TV,2020-07-26T23:14:42.0000000+00:00,-0.0551525056362152,0.9166666666666666,0.1165529715478228,0.5564591357679719,14846.34979501576
1291859496826843137,72915722,@letterboxd Put this on my tombstone. Thank you!,735,40,21,4,26981455,{'26981455'},,1,Celebridades,Artistas de TV,2020-08-07T22:11:20.0000000+00:00,-0.1336375772953033,1.0,0.0,0.5566085930669387,469.2268580112444
1258788139159613441,47786101,"One of the most important things you can do to protect yourself during this pandemic—GET TESTED. @CoreResponse is in LA, Atlanta &amp; Detroit offering free COVID-19 tests. More info at https://t.co/egdqAjrRN5 &amp; see Sam Bayer’s tribute to the real superheroes. #GetTested #COREcovid19 https://t.co/hiWnik81LW",45071,5827,1034,457,166196682,{'166196682'},"{'https://t.co/hiwnik81lw', 'https://t.co/egdqajrrn5'}",1,Celebridades,Artistas de TV,2020-05-08T15:57:34.0000000+00:00,-0.1078636646270752,1.0,0.1111964100938668,0.5555096348904706,32347.38937502997
1252286536738934786,50374439,"Groovy #CouchParty today for, like, oh what’s the word? DEMOCRACY, that’s it. @WhenWeAllVote. I’ll be there.",11370,803,928,74,1004804740105035777,{'1004804740105035777'},,1,Celebridades,Artistas de TV,2020-04-20T17:22:31.0000000+00:00,-0.1961074471473693,0.8333333333333334,0.0,0.5553042607771504,7765.837536258327
754011760257069056,2176998871,Look what I found just now to remind us all that the life force is strong and to strive for… https://t.co/3CcybddzJs,497,69,32,5,,,{'https://t.co/3ccybddzjs'},0,Celebridades,Artistas de TV,2016-07-15T17:56:27.0000000+00:00,-0.1600894927978515,1.0,0.0,0.5451437540146995,371.242934957255
1364897061083127808,21887420,10 of the best beaches for a winter walk: readers' tips https://t.co/kzkxg9EiSz,10,2,0,2,,,{'https://t.co/kzkxg9eisz'},0,Notícias,Viagens,2021-02-25T11:16:32.0000000+00:00,-0.1279384195804596,1.0,0.0,0.5594304973285901,12.307481321431464
1369414843720208384,17602896,Have a question for @AnthonyMackie and Sebastian Stan? Send us your fan Q's for the @falconandwinter stars using #AskFalconAndWinterSoldier ? https://t.co/Q2scNYEQ6T,551,98,423,23,361270172|1191452038539948037,"{'1191452038539948037', '361270172'}",{'https://t.co/q2scnyeq6t'},2,Entretenimento,Filmes,2021-03-09T22:28:35.0000000+00:00,-0.0893645584583282,1.0,0.1748050684985106,0.5596270578106821,671.650426219536
1366870970351427588,36184220,"In recent years, large swathes of the desert landscape in the parks around Tucson, Arizona, have started to look a lot like grassland. And that’s a problem.  https://t.co/MvbNpCbMkF",76,15,1,2,,,{'https://t.co/mvbnpcbmkf'},0,Notícias,Viagens,2021-03-02T22:00:09.0000000+00:00,-0.1846115291118621,1.0,0.1523905681309603,0.5595160279342957,67.78672951347524
1369135857110638592,985916593065476096,"Go back to the beginning and experience their journeys before @MarvelStudios' #TheFalconAndTheWinterSoldier arrives.

Marvel Studios: Legends episodes about Sam Wilson and Bucky Barnes are now streaming on #DisneyPlus. https://t.co/Y7493094qK",2811,306,28,18,750751206427860992,{'750751206427860992'},{'https://t.co/y7493094qk'},1,Entretenimento,Filmes,2021-03-09T04:00:00.0000000+00:00,-0.1857643723487854,1.0,0.1483226709739651,0.5596148655265119,1948.103204883952
421376352319983617,2176998871,Regram @abigailrubio thanks for sharing!! http://t.co/Dac5dGyCB7,48,23,8,0,66119183,{'66119183'},{'http://t.co/dac5dgycb7'},1,Celebridades,Artistas de TV,2014-01-09T20:22:05.0000000+00:00,-0.1934852600097656,1.0,0.2762645695949752,0.5412099410700689,57.51780908047515
1368487216775893000,15066760,South Africa's diverse terrain and impressive landscapes provide the perfect opportunity to visit all year round. https://t.co/Pk7JnqG855 https://t.co/wSFi9Y5qIO,42,14,0,1,,,"{'https://t.co/wsfi9y5qio', 'https://t.co/pk7jnqg855'}",0,Notícias,Viagens,2021-03-07T09:02:32.0000000+00:00,-0.2576249539852142,1.0,0.1682579000334355,0.5595864494728516,45.420662416830126
1368772235683586050,24016767,Massive luxury yacht crashes through a dock at Simpson Bay in Sint Maarten https://t.co/6pQcOk2cPY,1,0,0,1,,,{'https://t.co/6pqcok2cpy'},0,Notícias,Viagens,2021-03-08T03:55:06.0000000+00:00,-0.2348896265029907,1.0,0.2165077614357813,0.5595989243076286,5.157551616921364
1364908035932569600,36184220,"Whether you prefer the view from Earth's highest peak or deepest crevices, find the inspiration for your next trek. https://t.co/5IqS6pWUVU",218,32,0,2,,,{'https://t.co/5iqs6pwuvu'},0,Notícias,Viagens,2021-02-25T12:00:09.0000000+00:00,-0.1432534754276275,1.0,0.1709206434338983,0.5594309844784341,162.89005995127312
1364156801109938178,53372965,"UK home to two of the best beaches in Europe
https://t.co/QBOLCppCOh",3,1,0,0,,,{'https://t.co/qbolcppcoh'},0,Notícias,Viagens,2021-02-23T10:15:00.0000000+00:00,-0.2445008456707,1.0,0.0,0.5593985891536312,5.593996220240187
423131090803777536,2176998871,Thank you!! newday !! You guys rock! Had so much fun talking about thebodybook with you!!… http://t.co/nM4yRoCIAm,103,40,24,0,,,{'http://t.co/nm4yrociam'},0,Celebridades,Artistas de TV,2014-01-14T16:34:48.0000000+00:00,-0.1752161085605621,1.0,0.1697172216300051,0.5412276939256127,115.91462035743388
1369575294806425603,24016767,Why should you cook with a wooden spoon? Here are 10 good reasons https://t.co/qbB4A3el7k,4,1,0,0,,,{'https://t.co/qbb4a3el7k'},0,Notícias,Viagens,2021-03-10T09:06:10.0000000+00:00,-0.1623148322105407,1.0,0.2185700836663614,0.5596341023936924,8.516834596475231
1337411829853802496,2836755090,#PWRUP ROCKS MAGAZINE https://t.co/xPNpXwio7o,2488,290,20,31,,,{'https://t.co/xpnpxwio7o'},0,Música,Rock,2020-12-11T15:00:02.0000000+00:00,0.0,0.0,0.0,0.5582949530996064,1742.4400803934668
1329846979401191424,18847632,"Have you joined us to listen to the newly remastered All That You Can't Leave Behind? If so, start your album now! Don't forget to tweet along using the #ATYCLB hashtag! https://t.co/pyK2Ilio1J https://t.co/vGeZ9DTGsV",601,60,33,20,,,"{'https://t.co/pyk2ilio1j', 'https://t.co/vgez9dtgsv'}",0,Música,Rock,2020-11-20T18:00:01.0000000+00:00,-0.1852668225765228,1.0,0.1200196499148229,0.557999151009931,439.2123659812688
1351182747721748487,15155074,Honoring a true great American hero. May we all aspire to walk in his footsteps. https://t.co/EWSZdalKUv,3511,398,31,10,,,{'https://t.co/ewszdalkuv'},0,Música,Rock,2021-01-18T15:00:45.0000000+00:00,-0.1695895195007324,1.0,0.0,0.5588514256447477,2433.2392906763857
1331202835334225920,314792669,"Another Tuesday Teaser for you...this #PinkFloyd single showed the song titles on the front, but we've removed these to see if you know, or can guess, what they were? https://t.co/QkzHAzq7ei",866,94,38,4,,,{'https://t.co/qkzhazq7ei'},0,Música,Rock,2020-11-24T11:47:43.0000000+00:00,-0.1775359809398651,1.0,0.1364897726209099,0.5580516820752244,617.2815554192898
1355908706026758144,337789021,"Loving you Sunday morning

? Ralph Arvesen https://t.co/yAMD9BpcOM",884,110,16,3,,,{'https://t.co/yamd9bpcom'},0,Música,Rock,2021-01-31T16:00:01.0000000+00:00,-0.1769317686557769,1.0,0.2662895107233706,0.5590480802436576,630.1967485329255
1360611979879186438,314792669,"Fifty years ago today, this concert in southern England - with this fun poster - saw the Floyd set consisting of eight songs. Do you know what these were? https://t.co/SU0NtghMy5",1473,175,24,5,,,{'https://t.co/su0ntghmy5'},0,Música,Rock,2021-02-13T15:29:09.0000000+00:00,-0.1347891986370086,1.0,0.1530471912915435,0.5592467800443762,1042.521816334021
1324782095177306119,95955871,4tus in the zone https://t.co/Ukyx2zPaKp,5380,485,74,65,,,{'https://t.co/ukyx2zpakp'},0,Música,Rock,2020-11-06T18:33:59.0000000+00:00,-0.216198593378067,1.0,0.2789425453258252,0.557804860957657,3621.4253639280446
1357369869222690817,15155074,Only one more day to enter to win an original Home Shows poster signed by the entire band. Proceeds support the Vitalogy Foundation's fight to end homelessness: https://t.co/2yNzRstIko,260,36,5,2,,,{'https://t.co/2ynzrstiko'},0,Música,Rock,2021-02-04T16:46:10.0000000+00:00,-0.2361085712909698,1.0,0.1389206745093982,0.5591094646467412,195.7661679941556
1323342666361430019,95955871,Stay ready ? https://t.co/KtE8EabdAo,8383,685,194,173,,,{'https://t.co/kte8eabdao'},0,Música,Rock,2020-11-02T19:14:12.0000000+00:00,0.0,0.0,0.0,0.5577501667380856,5644.990048579472
1311355905120690176,55010030,"We're giving away an Xbox One X 1 TB – Project Scorpio Edition and more!!
Enter Here: https://t.co/Q8uLHk5IHZ",865,168,37,15,,,{'https://t.co/q8ulhk5ihz'},0,Música,Rock,2020-09-30T17:23:06.0000000+00:00,-0.1741508841514587,1.0,0.1950623149643585,0.5573034984751761,702.3115383297652
1363945864633401344,337789021,"Give the drummer some! #MikkeyMonday ? ? ?

https://t.co/KabepUt15t",243,32,5,3,,,{'https://t.co/kabeput15t'},0,Música,Rock,2021-02-22T20:16:49.0000000+00:00,-0.1829569637775421,1.0,0.2762645695949752,0.5593894999873396,179.1598733774689
1337106387751620613,15155074,"Starting today at 2pm ET, Jeff will be on @SiriusXM's @PJRadio hosting the premiere of the newly-remastered bootleg from the April 3, 1994 Atlanta show: https://t.co/EQYSc0RNol https://t.co/nSVBq1UIJP",380,34,27,12,189258194|140943126,"{'189258194', '140943126'}","{'https://t.co/nsvbq1uijp', 'https://t.co/eqysc0rnol'}",2,Música,Rock,2020-12-10T18:46:19.0000000+00:00,-0.1817710995674133,1.0,0.1372779013551364,0.5582828629906728,280.3348203536579
1319756701126459398,19373710,"You may use this support email for any European box set orders, no matter where the initial purchase was from.",687,35,0,1,,,,0,Música,Rock,2020-10-23T21:44:52.0000000+00:00,-0.2046342194080352,1.0,0.1885678269485264,0.5576148862204378,426.680782567722
1336775151128518656,55010030,Deluxe copies of ’The Bitter Truth' are back in the store to pre-order! We sold out the initial batch but just added more to the stock. Pre-order your copy here: https://t.co/P3y03Cyn6x https://t.co/Fod69lv4jp,928,138,54,35,,,"{'https://t.co/p3y03cyn6x', 'https://t.co/fod69lv4jp'}",0,Música,Rock,2020-12-09T20:50:06.0000000+00:00,-0.1628311872482299,0.9166666666666666,0.1115692096205635,0.5582698058946834,729.6748216125798
1341428444190617600,18847632,"Adam's Alternative Christmas playlist for Drakes W1
(Question: What’s YOUR favourite track from Adam’s festive 26?) https://t.co/agmC5M8z13",1004,118,68,16,,,{'https://t.co/agmc5m8z13'},0,Música,Rock,2020-12-22T17:00:38.0000000+00:00,-0.1294932961463928,0.8,0.1818001409099083,0.5584547951065332,742.7347770184732
1359946667429093378,15155074,The Home Shows Night Two is coming to @nugsnet tomorrow. Watch @MikeMcCreadyPJ and the band “rock it” through February 16th: https://t.co/awSKMuF3Zj https://t.co/CGF1K6PL1S,618,53,13,7,309870370|270193608,"{'270193608', '309870370'}","{'https://t.co/awskmuf3zj', 'https://t.co/cgf1k6pl1s'}",2,Música,Rock,2021-02-11T19:25:26.0000000+00:00,-0.0754110217094421,1.0,0.1495501303572982,0.5592184678928005,421.73453952556207
1354759783157534720,314792669,"A very happy birthday to Robert Wyatt, an old friend of Pink Floyd, who contributed cornet to David Gilmour's On An Island and Rattle That Lock albums, and who also guested during David's 2006 concerts at London's Royal Albert Hall. Here's Robert with Nick Mason: https://t.co/QwF6na86o4",2029,228,16,7,,,{'https://t.co/qwf6na86o4'},0,Música,Rock,2021-01-28T11:54:37.0000000+00:00,-0.2322667837142944,1.0,0.1135097957776222,0.5589999990040315,1409.8616765460238
1341514552819724288,95955871,It’s Fn Duff time https://t.co/M1hZ1Z3jCx,5279,667,89,119,,,{'https://t.co/m1hz1z3jcx'},0,Música,Rock,2020-12-22T22:42:48.0000000+00:00,-0.1908792555332183,1.0,0.2789425453258252,0.558458271833823,3811.075636564856
1320019327425286144,19373710,Happy 20th birthday #HybridTheory. Join LP fans from around the world for a Hybrid Theory listening party today. Head to https://t.co/dPGHyFtcQ3 at 12pm PDT and connect your Spotify account to start streaming together. https://t.co/FsHjUsCMbD,8534,2089,110,580,,,"{'https://t.co/dpghyftcq3', 'https://t.co/fshjuscmbd'}",0,Música,Rock,2020-10-24T15:08:27.0000000+00:00,-0.0928548276424408,1.0,0.1301101978586869,0.5576247438720594,7480.051113351641
1346507839909445632,34507480,https://t.co/dzbdr9Gryu https://t.co/7PP9yzQgEv,126391,9920,4184,679,,,"{'https://t.co/7pp9yzqgev', 'https://t.co/dzbdr9gryu'}",0,Música,Pop,2021-01-05T17:24:20.0000000+00:00,0.0,0.0,0.0,0.5586598326485706,84411.22710588574
1340930237819924480,34507480,#excusemeiloveyou ??? now on @netflix https://t.co/XqEAOB8AMK https://t.co/QoQiO2lkY1,204133,39031,8569,6991,16573941,{'16573941'},"{'https://t.co/xqeaob8amk', 'https://t.co/qoqio2lky1'}",1,Música,Pop,2020-12-21T08:00:56.0000000+00:00,-0.1559816896915435,1.0,0.0,0.5584348747546856,166280.0877895394
1363671397575266308,21447363,.@lukebryanonline ?#AmericanIdol https://t.co/aSGAqEwk0s,2921,232,137,11,17074714,{'17074714'},{'https://t.co/asgaqewk0s'},1,Música,Pop,2021-02-22T02:06:11.0000000+00:00,0.0,0.0,0.0,0.5593776789269069,1977.399914883173
1352028901229395970,18228898,We feel very grateful to be a part of this moment ❤️?? https://t.co/5rminIjSfW,8037,227,111,7,,,{'https://t.co/5rminijsfw'},0,Música,Pop,2021-01-20T23:03:04.0000000+00:00,-0.1779316067695617,1.0,0.0,0.5588864174284099,4814.2478093396685
1365020984802217996,17602896,"3 movies changed @joelkinnaman's life: Taxi Driver, La Haine, and Pusher. ?? Check out the latest episode of #MoviesThatChangedMyLife to hear why they're important to him and find out more about his latest project, #ForAllMankind ?https://t.co/6OLimg4qGF https://t.co/3Bbeq55GtL",109,25,3,12,756503993313062912,{'756503993313062912'},"{'https://t.co/3bbeq55gtl', 'https://t.co/6olimg4qgf'}",1,Entretenimento,Filmes,2021-02-25T19:28:58.0000000+00:00,-0.181028127670288,0.8888888888888888,0.1182021009789193,0.5594358442714027,104.61860098836958
1355577264512008192,18228898,@KELLYROWLAND Congratulations!!,266,10,2,0,30782495,{'30782495'},,1,Música,Pop,2021-01-30T18:02:59.0000000+00:00,-0.1928291618824005,1.0,0.0,0.5590341761799548,162.12012075894452
1357714688994390016,25365536,It launches 02.12 at 12PM PT https://t.co/PoBZ3byUQI https://t.co/p4VsmNN8xc,3160,109,49,2,,,"{'https://t.co/pobz3byuqi', 'https://t.co/p4vsmnn8xc'}",0,Música,Pop,2021-02-05T15:36:21.0000000+00:00,-0.1481123864650726,1.0,0.1751280861929285,0.5591240112498785,1919.5698396108533
1367890477849210881,23375688,¡Visita mi tienda oficial y conoce los productos personalizados de REVELACIÓN! // Check out customized REVELACIÓN products now in my official store! https://t.co/IAkD2x7K9C https://t.co/pm8pnh0ipQ,19693,2966,675,175,,,"{'https://t.co/pm8pnh0ipq', 'https://t.co/iakd2x7k9c'}",0,Música,Pop,2021-03-05T17:31:18.0000000+00:00,-0.1778827011585235,0.9090909090909092,0.2830839805983925,0.5595604071133201,14821.742807091732
1366222136591872000,21447363,"I may be just a foolish dreamer
But I don't care
'Cause I know my happiness is waiting out there somewhere
Thanks for watching tonight! ♥️ #AmericanIdol https://t.co/SBmpckUCeb",4155,335,167,23,,,{'https://t.co/sbmpckuceb'},0,Música,Pop,2021-03-01T03:01:55.0000000+00:00,-0.1491021513938903,0.8888888888888888,0.1709692652025609,0.5594878419477213,2812.019203379789
1357382231816359939,25365536,? https://t.co/LgzKWqjAhX,68554,3034,430,321,,,{'https://t.co/lgzkwqjahx'},0,Música,Pop,2021-02-04T17:35:17.0000000+00:00,0.0,0.0,0.0,0.5591099985621609,42142.35622231663
1356407112385982464,34507480,happy february https://t.co/Hgy8NO1FQr,436536,58169,27965,25420,,,{'https://t.co/hgy8no1fqr'},0,Música,Pop,2021-02-02T01:00:31.0000000+00:00,-0.1938157379627227,1.0,0.3351757433279261,0.559068993430871,338942.43448522984
1367295825731227650,21447363,what you think about you bring about ?,35175,3446,1618,407,,,,0,Música,Pop,2021-03-04T02:08:22.0000000+00:00,-0.2196911871433258,0.6666666666666666,0.0,0.5595344944812032,24672.486842476585
1360941923746349059,1038082275689340928,"Do lilac and gooseberries make you weak?
Much like these beautiful words that I speak?

Search no more! The most eligible bachelor of all
is the songbird of the Continent; I’ll wait for your call.",3469,206,52,28,,,,0,Entretenimento,Séries de TV,2021-02-14T13:20:14.0000000+00:00,-0.1727812886238098,1.0,0.1342053223733146,0.559260807415013,2222.019993632782
1367236110196244482,15635604,"@symbolicsides Okay, I think I know but may need another clue.",303,0,1,1,,,,0,Entretenimento,Filmes,2021-03-03T22:11:05.0000000+00:00,-0.2286999225616455,1.0,0.0,0.5595318875725733,172.33599872953164
1342918732486594560,17919972,boxing day ? https://t.co/c6XADs4GZe,404675,33747,12005,4752,,,{'https://t.co/c6xads4gze'},0,Música,Pop,2020-12-26T19:42:30.0000000+00:00,0.0,0.0,0.0,0.5585146107927365,273072.9188109749
1339201502443941888,1038082275689340928,@fillingless_pie ???,112,0,1,0,1217460997230923777,{'1217460997230923777'},,1,Entretenimento,Séries de TV,2020-12-16T13:31:34.0000000+00:00,0.0,0.0,0.0,0.5583659109420699,63.09709513219418
1367522051762757632,14230524,".@hauslabs and I are excited to introduce THE EDGE PRECISION BROW PENCIL, dropping 3/9/21 on https://t.co/lfX4GLwMiF globally &amp; https://t.co/u2QQBCGZpN in the US! Follow @hauslabs to discover all 13 shades, I'm wearing Medium Brown! https://t.co/g5MR5r8ZZr",30827,4187,1552,786,582519519,{'582519519'},"{'https://t.co/lfx4glwmif', 'https://t.co/u2qqbcgzpn', 'https://t.co/g5mr5r8zzr'}",1,Música,Pop,2021-03-04T17:07:19.0000000+00:00,-0.1217055916786193,1.0,0.1141650553830259,0.559544335261616,23250.203391475978
1316771044049391617,14230524,I know this is cheesy?...but https://t.co/EuDdrZXqhn is easy. This is my new single ? Don’t give up ....it’s important your voice is heard! https://t.co/7CwTIohtMw,96770,14293,3651,4723,,,"{'https://t.co/7cwtiohtmw', 'https://t.co/euddrzxqhn'}",0,Música,Pop,2020-10-15T16:00:55.0000000+00:00,-0.1078777313232421,0.7857142857142857,0.0,0.557503340404293,74562.56075667674
1291753980247375873,1288485038,That Friday feeling with Arthur Shelby. #PeakyBlinders https://t.co/IarrRdzaWw,10488,1320,57,125,,,{'https://t.co/iarrrdzaww'},0,Entretenimento,Séries de TV,2020-08-07T15:12:03.0000000+00:00,-0.1949977278709411,1.0,0.2513287082708997,0.5566049047200219,7411.342313894415
1366605872718245891,82652901,"@ethanisaac01 Subscribe and watch the film on your computer, phone or any device where you can access https://t.co/2SghVmtnlC. We offer a seven-day free trial and the subscription is just $4.99 per month until canceled.",0,0,0,0,830821773260255235,{'830821773260255235'},{'https://t.co/2sghvmtnlc'},1,Entretenimento,Filmes,2021-03-02T04:26:45.0000000+00:00,-0.1558688282966613,1.0,0.1360694546649031,0.5595045208582967,6.790474836768991
1366205703392665603,21447363,This is why i love being on #AmericanIdol @ChristianMcGuc2 https://t.co/q980TASjmy,2080,159,93,11,1365707141693272068,{'1365707141693272068'},{'https://t.co/q980tasjmy'},1,Música,Pop,2021-03-01T01:56:37.0000000+00:00,-0.1627921164035797,0.75,0.0,0.5594871292210636,1403.0536681454394
1350629002302550016,14230524,. @OWNTV @Oprah you have always been such a light in the lives of so many. Your words continue to inspire me to be a better person. What a wonderful evening filled with love ❤️,17374,1438,486,42,19397785|182161200,"{'19397785', '182161200'}",,2,Música,Pop,2021-01-17T02:20:22.0000000+00:00,-0.1556420028209686,0.9,0.1517423244868248,0.5588285787198058,11616.91076153968
1369312286674878465,82652901,"Incredible work behind the scenes by the #Greyhound team. Congratulations on the #EEBAFTAs nominations for Special Visual Effects and Sound.

Watch now on the Apple TV app with an Apple TV+ subscription. https://t.co/dFPxCewto1 https://t.co/xvCrpwR4oL",86,4,3,1,,,"{'https://t.co/xvcrpwr4ol', 'https://t.co/dfpxcewto1'}",0,Entretenimento,Filmes,2021-03-09T15:41:04.0000000+00:00,-0.1900573074817657,0.9333333333333332,0.1128847403313085,0.5596225921821271,65.50199713594323
1368740848913973255,21447363,Boy band check list: killer dance moves ☑️ all white fit ☑️  a handful of buddies ? @anthonyjameskey got u covered on that last one #AmericanIdol https://t.co/fwyooDH9MS,1984,153,68,13,3253032999,{'3253032999'},{'https://t.co/fwyoodh9ms'},1,Música,Pop,2021-03-08T01:50:23.0000000+00:00,-0.1239989697933197,1.0,0.0,0.5595975480916499,1333.520776908159
1366833538985721860,82652901,"RT @DEADLINE: ‘Roar’: Nicole Kidman, Cynthia Erivo, Merritt Wever &amp; Alison Brie To Star In Anthology Series From ‘GLOW’ Creators Ordered At…",0,63,0,0,586032653,{'586032653'},,1,Entretenimento,Filmes,2021-03-02T19:31:24.0000000+00:00,-0.110587865114212,1.0,0.1956045596284825,0.559514411673263,77.88223590922932
1368999845856436224,25365536,"Our final season of Keeping Up With The Kardashian’s premieres Thursday, March 18th on E! https://t.co/B6rr43bcfC",19796,2166,487,1013,,,{'https://t.co/b6rr43bcfc'},0,Música,Pop,2021-03-08T18:59:32.0000000+00:00,-0.1402482688426971,1.0,0.2083931367202865,0.5596088864993944,14347.368440692844
1365710371206488066,985916593065476096,"Step into a new reality ? Prepare for next week's finale by streaming the eighth episode of @MarvelStudios' #WandaVision, now streaming on #DisneyPlus. https://t.co/L5BI6b9OG0",5912,405,121,56,750751206427860992,{'750751206427860992'},{'https://t.co/l5bi6b9og0'},1,Entretenimento,Filmes,2021-02-27T17:08:20.0000000+00:00,-0.1594241857528686,1.0,0.0,0.5594656917207065,3864.789852593484
1361140001791037440,21447363,SO HELP ME GOD #AmericanIdol https://t.co/49i3lejA5U,4411,378,123,29,,,{'https://t.co/49i3leja5u'},0,Música,Pop,2021-02-15T02:27:19.0000000+00:00,0.0,0.0,0.0,0.5592692693962954,2975.8716023691554
1364711711891206151,43192807,Self-love is the best kind of love. https://t.co/7epTHWLOYc,12728,2366,67,137,,,{'https://t.co/7epthwloyc'},0,Entretenimento,Filmes,2021-02-24T23:00:01.0000000+00:00,-0.18965744972229,1.0,0.0,0.5594225116590139,9884.436438776893
1369148238138208257,6527972,@Sleepings_easy @everywhereist LEFTOVERS!,6,0,2,0,2728503664|30409200,"{'2728503664', '30409200'}",,2,Entretenimento,Influenciadores,2021-03-09T04:49:12.0000000+00:00,-0.1880287230014801,1.0,0.0,0.5596154012649026,5.59618402290091
1368116399097344003,6527972,@grantbgood ???,0,0,0,0,16826808,{'16826808'},,1,Entretenimento,Influenciadores,2021-03-06T08:29:02.0000000+00:00,0.0,0.0,0.0,0.559570283768327,3.00078323802e-05
1326177511684919300,600435408,I hope you enjoy this animated version of the book narrated by Emmie Kay. ❤️,516,10,19,3,,,,0,Entretenimento,Influenciadores,2020-11-10T14:58:52.0000000+00:00,-0.238561749458313,1.0,0.2359371306297459,0.5578580991820967,315.32323032960574
1368453072666521600,225540697,@AlissaAshley https://t.co/50fyorz5Fk,954,74,1,30,732027915894824960,{'732027915894824960'},{'https://t.co/50fyorz5fk'},1,Entretenimento,Influenciadores,2021-03-07T06:46:51.0000000+00:00,0.0,0.0,0.0,0.5595849674062214,634.5714216649739
1342687407326580737,600435408,Merry Christmas! ??? https://t.co/D32penuSYs,12174,99,204,9,,,{'https://t.co/d32penusys'},0,Entretenimento,Influenciadores,2020-12-26T04:23:18.0000000+00:00,-0.2170784473419189,1.0,0.0,0.5585053306458699,7030.466889093528
1313580109727584256,5391882,@iMDRW Haaaaa! ??,0,0,0,0,30254174,{'30254174'},,1,Entretenimento,Influenciadores,2020-10-06T20:41:17.0000000+00:00,-0.1835226714611053,1.0,0.5797386715376657,0.5573852159688463,1.437937870280967
1369101047826841604,6527972,"@InboundAscend I'd prefer to build bridges, but... if my first job taught me anything, it's that making everyone like you is a recipe for bland nothingness.",21,1,0,0,3266641609,{'3266641609'},,1,Entretenimento,Influenciadores,2021-03-09T01:41:41.0000000+00:00,-0.0851712524890899,1.0,0.1766125857378087,0.5596133344457053,18.566104804859147
1369418368554569728,225540697,@ThatDudeMCFLY I like ur shoes,28,0,0,0,20691338,{'20691338'},,1,Entretenimento,Influenciadores,2021-03-09T22:42:36.0000000+00:00,-0.1250111162662506,1.0,0.3799783615910078,0.5596272184947191,17.003531570935284
1363947240369229825,156516240,"The thing that is so unsettling, is that this stems from people romanticizing Chuck Bass as a “dream guy” when he was a sexual predator, abusive, manipulative and toxic.",413,6,8,1,,,,0,Entretenimento,Influenciadores,2021-02-22T20:22:17.0000000+00:00,-0.1135250031948089,0.8333333333333334,0.1561818388102712,0.5593895395557902,248.9264267932988
1361692398867402752,34097876,Meet my February @LCLaurenConrad collection… https://t.co/EzUl8bmiKt https://t.co/JlIqJZ3lNr,121,10,9,1,2457341864,{'2457341864'},"{'https://t.co/jliqjz3lnr', 'https://t.co/ezul8bmikt'}",1,Entretenimento,Influenciadores,2021-02-16T15:02:21.0000000+00:00,-0.1724714934825897,1.0,0.186810999052147,0.5592928613230036,86.79489911463966
1242185573193768960,5391882,"@dramarty @BlckdByJilZarin You’re a little too obsessed with me, hon. I think you might need a hobby.",7,0,2,0,19424554|327071621,"{'327071621', '19424554'}",,2,Entretenimento,Influenciadores,2020-03-23T20:24:53.0000000+00:00,-0.1409605741500854,1.0,0.2031923321053491,0.5549915983346406,8.99266515679169
1350632339206901761,37570179,@CryptoAnon6 So happy this is working out for you.,3,0,0,0,1276658026519212032,{'1276658026519212032'},,1,Entretenimento,Influenciadores,2021-01-17T02:33:37.0000000+00:00,-0.1680868864059448,1.0,0.0,0.5588287396340049,3.3541211243976883
1369104826869506049,6527972,@MatHouchens @everywhereist Flawless GIF choice,3,0,2,0,30409200|191938982,"{'191938982', '30409200'}",,2,Entretenimento,Influenciadores,2021-03-09T01:56:42.0000000+00:00,-0.1477817296981811,1.0,0.3667390112974172,0.559613499945246,5.241783611335744
1325114525104758784,5391882,@HeatherBarmore You just did that. And that is why I love you.,8,0,0,0,46693603,{'46693603'},,1,Entretenimento,Influenciadores,2020-11-07T16:34:56.0000000+00:00,-0.2230122685432434,1.0,0.0,0.5578175181798494,6.69383991487558
1356256641814065162,34097876,My @laurenconradco editors are so sweet. Thank you for all the birthday wishes… https://t.co/63TsIh6O1O https://t.co/2CCTmvzzM3,224,17,20,2,946372675,{'946372675'},"{'https://t.co/63tsih6o1o', 'https://t.co/2cctmvzzm3'}",1,Entretenimento,Influenciadores,2021-02-01T15:02:36.0000000+00:00,-0.1694300472736358,1.0,0.0,0.5590626760279841,159.89194888569816
1367351364477624321,156516240,unlearning our own internalized misogyny is a ✨mind fuck✨,1576,123,4,3,,,,0,Entretenimento,Influenciadores,2021-03-04T05:49:04.0000000+00:00,-0.103414386510849,1.0,0.0,0.5595369046801805,1026.7541679218712
1316378741061320711,34097876,Hope you love my flower makeup look ???… https://t.co/sUCV7wtBQh https://t.co/CdDMWMMMbU,396,24,15,3,,,"{'https://t.co/sucv7wtbqh', 'https://t.co/cddmwmmmbu'}",0,Entretenimento,Influenciadores,2020-10-14T14:02:03.0000000+00:00,-0.2230235040187835,1.0,0.0,0.557488775765142,259.78979298197555
1283200387101712384,600435408,The book is officially out in November (just in time for Christmas!) or you can pre-order here: https://t.co/4wmAlg5Hco #WhoYouWereMadeToBe https://t.co/1uHSgiGSKr,2008,91,29,15,,,"{'https://t.co/1uhsgigskr', 'https://t.co/4wmalg5hco'}",0,Entretenimento,Influenciadores,2020-07-15T00:43:07.0000000+00:00,-0.1478161513805389,1.0,0.1519895565404781,0.556311619367603,1249.0059189411754
1364632186884939780,1305941,This super nerdy wireless digital food thermometer looks kind of amazing. It predicts cooking times based on inside &amp; outside temperatures and their rate of change. (via @jimray) https://t.co/6bWin75S9v,30,0,7,1,35623,{'35623'},{'https://t.co/6bwin75s9v'},1,Entretenimento,Influenciadores,2021-02-24T17:44:01.0000000+00:00,-0.102892518043518,1.0,0.1530110212266651,0.5594190520098721,29.736264677435457
1368080635655450627,6527972,@ajscholz @zebranotunicorn @gregisenberg @marazepeda @operaqueenie @JenniferBrandel @Zebras_Unite Looking into it! So cool!,4,0,0,0,408682424|16483747|4834580908|33561428|321738111|14642331|18710797,"{'4834580908', '18710797', '321738111', '408682424', '16483747', '33561428', '14642331'}",,7,Entretenimento,Influenciadores,2021-03-06T06:06:55.0000000+00:00,-0.177910566329956,1.0,0.0,0.5595687227550085,3.3574423442787222
1367949455262060544,37570179,Aave Founder Joins Variant Fund as a Venture Partner https://t.co/I5HonrXifm via @coindesk Well done @StaniKulechov @spencernoon @jessewldn,122,19,8,1,26149295|1527806202|952921795316912133|1333467482,"{'26149295', '1333467482', '952921795316912133', '1527806202'}",{'https://t.co/i5honrxifm'},4,Entretenimento,Influenciadores,2021-03-05T21:25:40.0000000+00:00,-0.20595183968544,1.0,0.1920343302549423,0.5595629920403974,98.03212910734976
1288988861092245505,600435408,@donatadesignco Your work is beautiful! ? I would love to set you up a booth at our next @magnolia vendor fair if that's something you'd be interested in? @AssistingChip,4189,33,42,7,2590370142|3035016670|1191025490846535680,"{'3035016670', '1191025490846535680', '2590370142'}",,3,Entretenimento,Influenciadores,2020-07-31T00:04:27.0000000+00:00,-0.097582072019577,0.8888888888888888,0.1630936453890361,0.5565093765529354,2400.255650377856
1336324934688116743,34507480,@netflix,161604,9615,10313,13026,16573941,{'16573941'},,1,Música,Pop,2020-12-08T15:01:06.0000000+00:00,0.0,0.0,0.0,0.5582520400107132,113979.95482556956
1332420899471990786,14230524,Happy Holidays from @hauslabs! Our #BlackFriday sales have started at https://t.co/lfX4GLwMiF &amp; so many of my favorite products are on sale for a special price ?? https://t.co/6Qvp5Ies0R https://t.co/FqdyWmrsBj,25192,2221,1014,437,582519519,{'582519519'},"{'https://t.co/fqdywmrsbj', 'https://t.co/lfx4glwmif', 'https://t.co/6qvp5ies0r'}",1,Música,Pop,2020-11-27T20:27:52.0000000+00:00,-0.1701730787754058,1.0,0.1255847086527716,0.5580990282112397,17354.670882882205
1369041862414241800,14293310,Raquel Willis on the power of inclusive activism https://t.co/DbNWZq29s5,61,9,4,0,,,{'https://t.co/dbnwzq29s5'},0,Notícias,Do Mundo,2021-03-08T21:46:30.0000000+00:00,-0.2432813346385955,1.0,0.2557354835016588,0.5596107111572345,49.94848454534088
1253009440107720704,47786101,"In honor of EARTH DAY, and in tandem with @ProbablyPaigey's (FPC North Carolina Ambassador’s) 18th BDAY...The as-promised Footprint Coalition official website launch... https://t.co/SSqu0fXffV #EarthDay2020 #EarthDay50 #FootPrintCoalition https://t.co/EI8u1ITIMA",27822,1932,1139,92,808404527305072640,{'808404527305072640'},"{'https://t.co/ei8u1itima', 'https://t.co/ssqu0fxffv'}",1,Celebridades,Artistas de TV,2020-04-22T17:15:04.0000000+00:00,-0.1399259269237518,1.0,0.1388026102226953,0.5553269332220624,18288.66053679611
1369546496165765121,28785486,"Press sec. Jen Psaki confirms stimulus check payments will not have Pres. Biden's name on them, as stimulus checks under Pres. Trump did: ""This is not about him, this is about the American people getting relief."" https://t.co/SRFuTejfMc https://t.co/jMwhX8SFFc",1102,169,117,34,,,"{'https://t.co/jmwhx8sffc', 'https://t.co/srfutejfmc'}",0,Notícias,Do Mundo,2021-03-10T07:11:44.0000000+00:00,-0.156518816947937,0.7142857142857143,0.2136630072847994,0.5596328438484326,900.40891301392
1369102305748992003,14293310,"Myanmar protesters defy curfew as junta orders media outlets shut
https://t.co/1tAEbmfuzC",139,59,21,8,,,{'https://t.co/1taebmfuzc'},0,Notícias,Do Mundo,2021-03-09T01:46:41.0000000+00:00,-0.2763120532035827,1.0,0.2219197030378226,0.5596133579938658,162.97169534308313
1369609984468783107,14173315,"In the days after George Floyd was killed, an 11-year-old boy watched a national protest movement against police brutality arise outside his home.

An @NBCNews documentary: https://t.co/OQ88VNHLWJ",46,13,5,3,14173315,{'14173315'},{'https://t.co/oq88vnhlwj'},1,Notícias,Do Mundo,2021-03-10T11:24:01.0000000+00:00,-0.2544287145137787,1.0,0.1515959704386444,0.559635610287457,51.01169254570858
1369457998523949060,14173315,"You might not be able to sit down with Oprah, but you can sit down like Oprah, thanks to patio furniture that resembles the set featured in her interview with Prince Harry and Meghan Markle. https://t.co/Q8EToh5LNi",85,14,30,9,,,{'https://t.co/q8etoh5lni'},0,Notícias,Do Mundo,2021-03-10T01:20:04.0000000+00:00,-0.1727676093578338,0.9333333333333332,0.2256484437038583,0.559628944329082,94.10664695729264
1369434342053806090,759251,"A third round of stimulus payments is expected to be on the way later this month.

Roughly 90% of American households would be eligible, according to an estimate from the Penn Wharton Budget Model. Use this calculator to see what you could be getting. https://t.co/uGWtURxry6",299,88,64,8,,,{'https://t.co/ugwturxry6'},0,Notícias,Do Mundo,2021-03-09T23:46:04.0000000+00:00,-0.1360387504100799,0.8235294117647058,0.1102198691050609,0.5596279407236694,315.03348396196714
1369449199343960065,807095,"A woman in North Carolina said a DNA test she took in 2017 revealed that her father may have been William Bradford Bishop Jr., a fugitive suspected of killing his wife, mother and three sons in 1976.

“It just was surreal,” she said on Tuesday. https://t.co/L6ymqH3BhF",220,41,15,10,,,{'https://t.co/l6ymqh3bhf'},0,Notícias,Do Mundo,2021-03-10T00:45:06.0000000+00:00,-0.1275948584079742,0.8888888888888888,0.1195443653240411,0.5596285932062215,193.0766171352685
1369377939381497859,14293310,"Buckingham Palace released a statement on behalf of Queen Elizabeth II, addressing Markle and Harry’s interview with Winfrey less than 24 hours after the broadcast aired on March 8 in the U.K. https://t.co/xw9aQH2p3b",148,28,25,8,,,{'https://t.co/xw9aqh2p3b'},0,Notícias,Do Mundo,2021-03-09T20:01:57.0000000+00:00,-0.1860118806362152,0.9166666666666666,0.145818765625467,0.5596254347932466,139.94134607258127
1370028580516732943,28785486,WATCH LIVE: Merrick Garland delivers first remarks as Attorney General. https://t.co/aM5PwCc72G,363,98,22,11,,,{'https://t.co/am5pwcc72g'},0,Notícias,Do Mundo,2021-03-11T15:07:22.0000000+00:00,-0.2015561759471893,1.0,0.2300263570105412,0.5596540054835168,334.80181997445675
1369332550347407367,14293310,"""Raya and the Last Dragon"" introduces Disney’s first Southeast Asian princess. Advocates say Hollywood representation shouldn’t stop there https://t.co/Y462yy8EqM",126,25,5,7,,,{'https://t.co/y462yy8eqm'},0,Notícias,Do Mundo,2021-03-09T17:01:35.0000000+00:00,-0.1450974941253662,1.0,0.1869000772243889,0.5596234452333809,110.3504313130943
1369398802537476096,15012486,"Psaki is asked if surge in migrants at U.S.-Mexico border is a ""crisis""

""Look, I don't think we need to sit here and put new labels on what we have already conveyed is challenging,"" she replies

She also says she won't ""confirm numbers"" of unaccompanied migrants detained https://t.co/fEw8bHTdsA",224,79,136,56,,,{'https://t.co/few8bhtdsa'},0,Notícias,Do Mundo,2021-03-09T21:24:51.0000000+00:00,-0.1511562466621399,0.7894736842105263,0.1106659106916472,0.5596263504077807,330.68331581784963
1368217898095964166,75974281,@pickupapainting Sweet!!,5133,51,37,5,1683359833,{'1683359833'},,1,Celebridades,Artistas de TV,2021-03-06T15:12:21.0000000+00:00,-0.2066957652568817,1.0,0.0,0.5595747165638089,2953.995270301231
1291862297665626112,72915722,@IMDb Well this is awesome. Thx for the bday wishes AND my new demo reel!,538,24,37,5,17602896,{'17602896'},,1,Celebridades,Artistas de TV,2020-08-07T22:22:28.0000000+00:00,-0.0195562541484832,1.0,0.2189134778918653,0.5566086902769334,353.5741815268966
1327398719789150214,27042513,@TheOriginalDYou @VancityReynolds Love what you’ve done with his. A little off center is perfect. #MaskedSinger,1390,19,10,3,2724857222|2893511188,"{'2724857222', '2893511188'}",,2,Celebridades,Artistas de TV,2020-11-13T23:51:31.0000000+00:00,-0.0997278690338134,1.0,0.0,0.5579048653611063,806.1732120245063
1317811466339221509,27042513,@rbmac @GreatestShowman It’s a @GreatestShowman kinda weekend!,420,8,17,3,30084011|2573741401,"{'30084011', '2573741401'}",,2,Celebridades,Artistas de TV,2020-10-18T12:55:11.0000000+00:00,-0.1544335484504699,1.0,0.2855815033388837,0.5575421135153751,256.6292770665675
1338619251050115072,516464106,@MrBeastYT LoL,3277,11,80,11,,,,0,Esportes,Fórmula 1,2020-12-14T22:57:54.0000000+00:00,-0.0765612125396728,1.0,0.5797386715376657,0.5583428078687921,1894.233716388596
1365659227256098816,68674747,"On my way to Cali ??
So excited to discover Laguna Seca in an Indycar ??? https://t.co/r9ZAzUcm7u",5811,104,99,16,,,{'https://t.co/r9zazucm7u'},0,Esportes,Fórmula 1,2021-02-27T13:45:07.0000000+00:00,-0.1854914426803589,1.0,0.1969919029951522,0.5594634715225423,3436.335968974304
1361708535294255106,68674747,I have declared my support for #COVID19 #VaccinEquity. Now it’s your turn. Join me by signing up here https://t.co/ariadech6g #SupportHealthCareWorkers,431,30,6,3,,,{'https://t.co/ariadech6g'},0,Esportes,Fórmula 1,2021-02-16T16:06:28.0000000+00:00,-0.2048189043998718,1.0,0.0,0.5592935597357734,285.80012579464284
1184016623394590721,93819292,"high risk high reward.. worked well this time ???

#JapaneseGP #F1
https://t.co/VshDh3dmAQ",6942,436,82,40,,,{'https://t.co/vshdh3dmaq'},0,Esportes,Fórmula 1,2019-10-15T08:02:15.0000000+00:00,-0.1545732021331787,1.0,0.0,0.5533266484111403,4395.077133467442
1310595678226219015,262230432,Warmed up with Seb before the race yesterday. He was very impressed with my football skills. https://t.co/OAA5GRflZp,37187,1698,415,315,,,{'https://t.co/oaa5grflzp'},0,Esportes,Fórmula 1,2020-09-28T15:02:14.0000000+00:00,-0.0984919071197509,1.0,0.1855811315318221,0.5572756748841717,23028.42247986161
1367430380463267844,556260847,"Congratulations to my favorite co-driver ?
4️⃣9️⃣ today, but still as quick as ever https://t.co/DPEuRJMvsU",13041,336,181,39,,,{'https://t.co/dpeurjmvsu'},0,Esportes,Fórmula 1,2021-03-04T11:03:02.0000000+00:00,-0.1264492869377136,1.0,0.0,0.5595403719662093,7799.996535356578
1344344721506885641,537951506,2020 ? https://t.co/ZdZOidIfBJ,38780,1562,273,226,,,{'https://t.co/zdzoidifbj'},0,Esportes,Fórmula 1,2020-12-30T18:08:52.0000000+00:00,-0.2175842821598053,1.0,0.3799783615910078,0.5585721289211278,23687.04042141738
1345706642080493568,353786894,Un año despues el Matador empieza el Dakar como lo terminó. GANANDO! Que crack. Enhorabuena! @CSainz_oficial @LucasCruz74 https://t.co/z8go7rh6qi,11069,608,89,34,407952890|365311325,"{'407952890', '365311325'}",{'https://t.co/z8go7rh6qi'},2,Esportes,Fórmula 1,2021-01-03T12:20:40.0000000+00:00,-0.1151521801948547,1.0,0.1945349000894129,0.5586272771980468,6938.267054192388
1327627598726377475,556260847,"Struggled a lot to find grip on the intermediates ? I’m disappointed that pole slipped through my fingers, but in the end I can’t complain with first row #KeepPushing #TurkishGP ?? https://t.co/eTFqPVkvEI",18375,567,441,99,,,{'https://t.co/etfqpvkvei'},0,Esportes,Fórmula 1,2020-11-14T15:01:00.0000000+00:00,-0.1758006811141967,1.0,0.0,0.5579136628274729,11193.425556552698
1228653223269076992,214413743,@LandoNorris Should’ve kept it like that. More original,4024,122,51,16,516464106,{'516464106'},,1,Esportes,Fórmula 1,2020-02-15T12:12:10.0000000+00:00,-0.1695310175418853,1.0,0.0,0.5545843657947446,2405.235213813793
1358213026541834240,90057442,Who you got tonight? #UFCVegas18 @espnmma,63,6,26,1,1062738433716686848,{'1062738433716686848'},,1,Esportes,MMA,2021-02-07T00:36:34.0000000+00:00,0.0,0.0,0.0,0.5591450645460315,57.59224362039502
1264644362731913216,115093611,Grilling up @EckrichMeats sausages for the family this weekend on the @TraegerGrills. Have a great and safe #memorialday. https://t.co/2AycD4cyJ1,601,28,49,0,131014117|1206232532,"{'1206232532', '131014117'}",{'https://t.co/2aycd4cyj1'},2,Esportes,MMA,2020-05-24T19:48:06.0000000+00:00,-0.0781579315662384,1.0,0.1782390404722071,0.5556974659435029,397.4232818082026
1269780932891774976,23119425,"Don’t forget to check out my #SundaySerenade with @ChuckWicksMusic, brought to you by The @UsArmy. ?

https://t.co/oTiwkzOdcz https://t.co/IKnxP3bw59",14,0,0,0,19932404|8775672,"{'19932404', '8775672'}","{'https://t.co/otiwkzodcz', 'https://t.co/iknxp3bw59'}",2,Esportes,MMA,2020-06-07T23:59:00.0000000+00:00,-0.092294692993164,1.0,0.0,0.5558645504541726,11.673477839437888
1366899538502426633,56518880,@dc_mma ☺️,723,16,51,2,57516454,{'57516454'},,1,Esportes,MMA,2021-03-02T23:53:40.0000000+00:00,0.0,0.0,0.0,0.5595172754011121,452.0917171775078
1335107635767439361,56518880,@adamtheogg Miserable much?,38,0,4,0,1307157866122420224,{'1307157866122420224'},,1,Esportes,MMA,2020-12-05T06:24:00.0000000+00:00,-0.2311595380306244,1.0,0.0,0.5582041478531583,24.562737031575058
1359267423346716677,19798578,"I’m teaming up with BET99 to bring you special offers, my picks for the fights and my Key Locks to bet on – exclusively on BET99! Be sure to follow @bet99sportsbook and bet with me! https://t.co/FrklqZcJx6",155,6,22,2,1299869516478939144,{'1299869516478939144'},{'https://t.co/frklqzcjx6'},1,Esportes,MMA,2021-02-09T22:26:22.0000000+00:00,-0.1080698668956756,0.7857142857142857,0.2146001959981611,0.5591896523787921,114.07489377443623
1330308453508800527,232010910,"Saturday night live! Here we go it’s about to get weird..
 @j.a.bs_podcast https://t.co/EpZovSydb0",80,1,3,1,9697732,{'9697732'},{'https://t.co/epzovsydb0'},1,Esportes,MMA,2020-11-22T00:33:45.0000000+00:00,-0.1220704615116119,1.0,0.2201927907561529,0.5580170069558954,53.69356403778987
1174371887159242752,23119425,"Excited to watch my boy Sokoudjou without gloves.
Who's planning on watching?
#ValorBK #Valor https://t.co/oTj99fy8w0",42,9,1,1,,,{'https://t.co/otj99fy8w0'},0,Esportes,MMA,2019-09-18T17:17:31.0000000+00:00,-0.226258248090744,1.0,0.2051121863660668,0.553070493277078,39.93483767399827
1179754999171047425,23119425,Kick some ass guys!  RT @menifeemaniac: We have seen many come and go @dhfitnesscenter #TeamQuest (cont) https://t.co/bkOd0mTe42,9,1,1,0,2266135711|2285891131,"{'2285891131', '2266135711'}",{'https://t.co/bkod0mte42'},2,Esportes,MMA,2019-10-03T13:48:05.0000000+00:00,-0.1426500678062439,1.0,0.1969516939986527,0.5532128167397389,12.279958912147418
1353755766625234944,140845817,"The new season of #Snowpiercer. I’d definitely get in on THAT fight night, hopefully Boki @alekspaun accepts my request I know I can take him. Where would you place your bets? Let me know, and make sure you watch @TNTDrama TONIGHT at 9/8c for the @SnowpiercerTV season 2  #Ad https://t.co/skYZwNWyGZ",121,16,9,1,144021690|1110599102415421441|15981505,"{'1110599102415421441', '144021690', '15981505'}",{'https://t.co/skyzwnwygz'},3,Esportes,MMA,2021-01-25T17:25:00.0000000+00:00,-0.1390023231506347,1.0,0.1168079264645493,0.5589581093031715,101.23713155657298
1242106541999783936,93819292,"@JH_Gruszecki @Lucas_Vogelsang @oliverwurm @HauschkeJ @guek62 @kalhamer @Dr_Huettl @Sky_MaikN @MickyBeisenherz @GNetzer @DerPoppe @KaiFeldhaus @Karlo_Kolumna @philippkoester @Phil197797 @DerMalteDuerr Zlatan Ibrahimovic
Oliver Kahn
Toni Kroos
Matthias Sammer

Ich nominiere:
@Podolski10
@fischkreutz_KG
@oliverpocher
@officiallyjoko",11,2,0,0,50009088|1169940002|38710385|117098264|707851135407759360|38150370|19596687|1402793083|39742366|879240896373555200|1510714765|16064783|614884262|910955136599642112|1289567960|40221869|27398939|810802183|53125420,"{'38150370', '38710385', '1510714765', '53125420', '1402793083', '27398939', '50009088', '117098264', '39742366', '879240896373555200', '19596687', '1289567960', '614884262', '707851135407759360', '16064783', '1169940002', '910955136599642112', '810802183', '40221869'}",,19,Esportes,Fórmula 1,2020-03-23T15:10:51.0000000+00:00,-0.1420728266239166,1.0,0.1604591343614952,0.5549891874207586,13.412369432343276
1327954760251662337,213969309,"Last but not least, our most amazing team, @mercedesamgf1. We have grown so much together over the years. Thank you, and I share this with every one of you, especially Niki. We miss you every day. #S7ILLRISING???????",21931,1291,298,63,26235265,{'26235265'},,1,Esportes,Fórmula 1,2020-11-15T12:41:01.0000000+00:00,-0.1839765608310699,0.9,0.2266744774024318,0.5579262148997366,13884.06790070054
1362360519626227713,556260847,@TeamRedlineSim @BScompetition @Turnermotrsport @IMSA @iRacing @RubenLuquePhoto @BMWEsports @BMWMotorsport @SportsCarOpen ?? #keepfollowing,83,1,1,0,883971544439037952|1233735647069966336|16240253|337884384|28593358|19977449|1290587544330043394|22169773|303277118,"{'883971544439037952', '1233735647069966336', '28593358', '22169773', '337884384', '19977449', '1290587544330043394', '16240253', '303277118'}",,9,Esportes,Fórmula 1,2021-02-18T11:17:13.0000000+00:00,0.0,0.0,0.0,0.5593214448399935,48.66471438139217
1308393354120421376,318967677,@FIAWEC @AlbuquerqueFil @ZBrownCEO @UnitedAutosport ???,23,0,0,0,2873763009|169248299|1464295423|426488154,"{'426488154', '2873763009', '1464295423', '169248299'}",,4,Esportes,Fórmula 1,2020-09-22T13:10:59.0000000+00:00,0.0,0.0,0.0,0.5571954463336869,12.81570898984649
1241401189721350145,93819292,@RenaultF1Team @wearetherace @VeloceEsports @F1 Yes ?,445,11,9,0,69008563|950695925521018880|1299688519594586113|1214181376536141830,"{'1299688519594586113', '950695925521018880', '1214181376536141830', '69008563'}",,4,Esportes,Fórmula 1,2020-03-21T16:28:02.0000000+00:00,-0.2521522045135498,1.0,0.335175743327926,0.5549676415752817,265.4641200756025
1351283213403095045,213969309,I hope you are staying as positive as you can with all that is still going on. Keep your head up. I can’t wait to see you all again at some stage soon.,7372,245,158,35,,,,0,Esportes,Fórmula 1,2021-01-18T21:39:58.0000000+00:00,-0.2031941413879394,0.7692307692307693,0.0,0.5588555829590276,4507.603538993519
1328417466272321537,213969309,@RoyalFamily @F1 What an incredible honour. Thank you so much.,13576,259,177,31,69008563|36042554,"{'36042554', '69008563'}",,2,Esportes,Fórmula 1,2020-11-16T19:19:39.0000000+00:00,-0.2389595508575439,1.0,0.0,0.557944012716559,7981.392469926696
1340409077751566338,353786894,"@marc_gene @juanjolacalle @ScuderiaFerrari Gracias, Grazie, thanks Marc! ??",2189,29,10,1,108247668|354198516|487468351,"{'354198516', '108247668', '487468351'}",,3,Esportes,Fórmula 1,2020-12-19T21:30:02.0000000+00:00,-0.1748537123203277,1.0,0.325557086749779,0.5584140544176422,1263.321982736115
1167050866521780224,93819292,".. but nevertheless, I'll keep my focus and try to reach the maximum success for our team in the remaining races!

With regard to 2020, I am confident to find a good solution, but there is nothing to announce at the moment.

? @KymIllman",4918,323,238,44,60505763,{'60505763'},,1,Esportes,Fórmula 1,2019-08-29T12:26:23.0000000+00:00,-0.1980533301830291,0.8461538461538461,0.1119716016520261,0.5528794778641096,3238.748392003994
1350843455128399879,556260847,@dani_juncadella @TeamRedlineSim @GianniSalvo98 @jonwall_00 That was fun mate! Let’s do it again next week ???,224,5,1,1,321021481|872351839232155649|798219859809234944|22169773,"{'872351839232155649', '798219859809234944', '22169773', '321021481'}",,4,Esportes,Fórmula 1,2021-01-17T16:32:31.0000000+00:00,-0.142524242401123,1.0,0.0,0.5588374494331935,135.24240819931515
1334044250942676993,353786894,@LandoNorris @GeorgeRussell63 I didn’t think we were allowed to defend when we are blue falgged? ??,37033,1141,338,474,516464106|394892872,"{'394892872', '516464106'}",,2,Esportes,Fórmula 1,2020-12-02T07:58:29.0000000+00:00,-0.1175123453140258,0.8,0.2071349338454278,0.5581624451326869,22400.186823085227
1234157609395146753,214413743,@SupercrossLIVE @cooperwebb_2 @KTM_Racing @KTMUSA So. Much. Heart.,145,4,1,0,274243898|138545976|22894572|40048432,"{'138545976', '274243898', '40048432', '22894572'}",,4,Esportes,Fórmula 1,2020-03-01T16:44:38.0000000+00:00,-0.206045001745224,1.0,0.0,0.5547484395701567,86.54357676903656
1367971795790397440,68674747,"Flying home after 18 days in the US. It has been such a good time here. Meeting the guys at @DaleCoyneRacing &amp; @RickWareRacing
Doing my first @IndyCar content day. Meeting some of the other drivers and the best part: driving a racing car and having fun !
#r8g #us2021 #indycar https://t.co/TsPonrHCWO",4113,138,46,8,19457137|313925523|21302878,"{'313925523', '21302878', '19457137'}",{'https://t.co/tsponrhcwo'},3,Esportes,Fórmula 1,2021-03-05T22:54:26.0000000+00:00,-0.1622897088527679,0.9166666666666666,0.0,0.559563973925391,2495.050246711776
1369482917248970754,28785486,"As the rollout of the COVID-19 vaccine expands across the country, experts tell @ABC News that employers in high-risk industries have begun to wrestle with a new and vexing question. https://t.co/olynZKXwO6",44,16,27,2,28785486,{'28785486'},{'https://t.co/olynzkxwo6'},1,Notícias,Do Mundo,2021-03-10T02:59:05.0000000+00:00,-0.2176794111728668,1.0,0.1367906206312157,0.5596300554608306,66.67251826614246
1369619151506071561,16973333,Cuomo still popular with most New York Democrats despite calls to resign over harassment accusations https://t.co/OQB62kxky4,5,1,2,0,,,{'https://t.co/oqb62kxky4'},0,Notícias,Do Mundo,2021-03-10T12:00:26.0000000+00:00,-0.2182890772819519,1.0,0.201930168002223,0.5596360172089092,11.305729571437125
1369483145129713665,15012486,At least 33 people charged in connection to Capitol riot are current or former military members  https://t.co/dr9Oe2JAOc,160,68,41,11,,,{'https://t.co/dr9oe2jaoc'},0,Notícias,Do Mundo,2021-03-10T03:00:00.0000000+00:00,-0.1913872957229614,1.0,0.0,0.5596300483818136,198.6686944166301
1369432600448745472,87818409,Visualising gender during the pandemic – in pictures https://t.co/TKFEG5nDmZ,26,8,5,2,,,{'https://t.co/tkfeg5ndmz'},0,Notícias,Do Mundo,2021-03-09T23:39:09.0000000+00:00,-0.1577079594135284,1.0,0.2541730258936733,0.559627867016456,30.36215161056534
1369593103208886276,5988062,"A slug that can rebuild its body from scratch is a drastic reconstructive ability, to say the least. How did this trick evolve in the first place? https://t.co/bZKIt4t1Wy",125,28,5,6,,,{'https://t.co/bzkit4t1wy'},0,Notícias,Do Mundo,2021-03-10T10:16:56.0000000+00:00,-0.1351747810840606,1.0,0.1582031459478376,0.5596349004416568,114.25405376413433
1369121138861891587,14293310,How home bakers have found sweet success during the pandemic https://t.co/1BhVFK8C6S,84,15,3,3,,,{'https://t.co/1bhvfk8c6s'},0,Notícias,Do Mundo,2021-03-09T03:01:31.0000000+00:00,-0.2227717339992523,1.0,0.2219197030378226,0.5596141827736182,70.0759811966333
1369440894961786880,1367531,Pompeo trip to Iowa likely to spark 2024 speculation https://t.co/mwprJ1ZcB2,435,67,153,24,,,{'https://t.co/mwprj1zcb2'},0,Notícias,Do Mundo,2021-03-10T00:12:06.0000000+00:00,-0.1953112483024597,1.0,0.2244732686522057,0.5596281937678549,421.5256517525101
1368340015001042945,1367531,"Democratic COVID bill gives convicted murderers taxpayer money, @TomCottonAR points out
https://t.co/RRbYAfKOiC",992,473,850,105,343041182,{'343041182'},{'https://t.co/rrbyafkoic'},1,Notícias,Do Mundo,2021-03-06T23:17:36.0000000+00:00,-0.1518409550189972,1.0,0.2324143141721203,0.55958001576865,1623.4716804258503
1369551925285449729,87818409,Female MP awarded Japan’s most sexist comment after casting doubt on sexual assaults https://t.co/83ygVF78iN,80,63,13,15,,,{'https://t.co/83ygvf78in'},0,Notícias,Do Mundo,2021-03-10T07:33:18.0000000+00:00,-0.1994110345840454,1.0,0.0,0.5596330996116722,134.87158148979782
1369596392834932746,16973333,Tory MP defends 'failed' £37bn Track and Trace system https://t.co/daFl6Cw1xi,4,1,7,4,,,{'https://t.co/dafl6cw1xi'},0,Notícias,Do Mundo,2021-03-10T10:30:00.0000000+00:00,-0.2691905498504638,1.0,0.2235062506454222,0.5596350188472615,11.877419152865512
1369332242410049546,5988062,"Today on “The Intelligence”: what America’s covid-relief bill reveals, Senegal’s unusual protest spillover, and the fast rise and hard fall of bespoke ringtones https://t.co/nJtCqDe2RP",16,2,2,0,,,{'https://t.co/njtcqde2rp'},0,Notícias,Do Mundo,2021-03-09T17:00:22.0000000+00:00,-0.2152779102325439,0.9,0.1548717538159335,0.5596234622778096,18.498279848262893
1369106243755900928,14293310,"Chelsea Miller, Tammy Cho, and Xiye Bastida give words of encouragement for aspiring leaders of social change https://t.co/VHPjyvOniZ",50,7,6,1,,,{'https://t.co/vhpjyvoniz'},0,Notícias,Do Mundo,2021-03-09T02:02:19.0000000+00:00,-0.2427443861961364,1.0,0.1862408964797307,0.5596135302929469,45.43293781594468
1369498268011552768,807095,"A group of Teen Vogue staff members raised concerns on Monday over decade-old racist tweets by their new editor in chief, Alexi McCammond. https://t.co/rNHaIu3j9a",440,78,162,41,,,{'https://t.co/rnhaiu3j9a'},0,Notícias,Do Mundo,2021-03-10T04:00:05.0000000+00:00,-0.214320570230484,1.0,0.1725600747396444,0.5596307448612721,455.0763984844321
1367557867260289032,19583545,"Evening, lads ?

#LIVCHE https://t.co/VhYh3vEVJa",2753,226,64,17,,,{'https://t.co/vhyh3vevja'},0,Esportes,UEFA Futebol,2021-03-04T19:29:38.0000000+00:00,-0.1820138990879058,1.0,0.0,0.559545903811542,1840.906332548408
1368577180557406208,22910295,The boss puts all the praise on the boys in blue ?,6318,330,51,7,,,,0,Esportes,UEFA Futebol,2021-03-07T15:00:01.0000000+00:00,-0.2429501116275787,1.0,0.0,0.5595903923915158,3940.6359005841086
1368116641360384005,452155423,"?? It's our birthday!
⌛ 119 legendary years
? 23 European Cups
#HalaMadrid https://t.co/CeBo5KZEfj",9605,2939,235,573,,,{'https://t.co/cebo5kzefj'},0,Esportes,UEFA Futebol,2021-03-06T08:30:00.0000000+00:00,-0.2055634260177612,1.0,0.233361181060957,0.5595702898811243,9120.007242562207
1367500677002452992,3001704118,"?? #PSGxCASETiFY

Discover the new @PSG_English x @Casetify customisable cases inspired by this season's jerseys❤️??

➡️?https://t.co/6JcGGT59lq https://t.co/E3Ku6X3tOI",94,13,2,1,3001704118|368835879,"{'3001704118', '368835879'}","{'https://t.co/e3ku6x3toi', 'https://t.co/6jcggt59lq'}",2,Esportes,UEFA Futebol,2021-03-04T15:42:22.0000000+00:00,-0.2713323533535003,1.0,0.1695194812211538,0.5595434234618505,73.39519266087078
1369359775230812163,67358777,"Your DNA is probably out there, whether you like it or not https://t.co/7pCSWfzjx8 https://t.co/SmrcO2v5ip",4,3,1,0,,,"{'https://t.co/smrco2v5ip', 'https://t.co/7pcswfzjx8'}",0,Notícias,Negócios,2021-03-09T18:49:46.0000000+00:00,-0.1378865540027618,1.0,0.1733901258519205,0.5596246705258946,10.170293290594492
1369411191316025345,14800270,"Collaboration that actually works:
1. Teach people to listen, not just talk.
2. Train employees to practice empathy.
3. Make people comfortable getting feedback.
4. Teach workers to lead and follow.
5. Speak with clarity. https://t.co/c5k8wa0Fme",287,95,5,12,,,{'https://t.co/c5k8wa0fme'},0,Notícias,Negócios,2021-03-09T22:14:05.0000000+00:00,-0.1661132276058197,1.0,0.1323002089592577,0.5596268931580904,284.36450934899284
1369276490832023555,2735591,The 10 most innovative architecture companies of 2021 https://t.co/VHq7kj5kQe,14,7,0,1,,,{'https://t.co/vhq7kj5kqe'},0,Notícias,Negócios,2021-03-09T13:18:49.0000000+00:00,-0.256159096956253,1.0,0.2195109508086083,0.5596210055693688,18.030719445418946
1369397637267488772,20562637,"BlackRock, recently grappling with former employees' complaints, just held a town hall to roll out its diversity and inclusion strategy https://t.co/FKCShqGPbW",7,6,1,1,,,{'https://t.co/fkcshqgpbw'},0,Notícias,Negócios,2021-03-09T21:20:13.0000000+00:00,-0.1589340269565582,1.0,0.183569037771411,0.5596263076108553,18.010784599826252
1369347272975282184,15110357,"Analysis: Brazil markets, on shaky foundations, rocked by Lula bombshell https://t.co/s0aW60Bg0Q https://t.co/5OyPGW0KuZ",5,1,0,0,,,"{'https://t.co/5oypgw0kuz', 'https://t.co/s0aw60bg0q'}",0,Notícias,Negócios,2021-03-09T18:00:05.0000000+00:00,-0.1929860711097717,1.0,0.1848810915589095,0.5596240918160378,8.497825914081734
1369391021642158086,624413,"UBS recently increased its forecast for how quickly electric vehicles will be adopted, and is now predicting that EVs will penetrate 100% of the automobile market by 2040: https://t.co/iT0Ukit2z1",26,8,3,4,,,{'https://t.co/it0ukit2z1'},0,Notícias,Negócios,2021-03-09T20:53:56.0000000+00:00,-0.2275162637233734,0.8461538461538461,0.1518251769319437,0.5596260393957512,34.69568776883281
1369559064485715968,14293310,"Angelina Jolie talks to director Jasmila Zbanic about ""Quo Vadis, Aida?"" and the role of art in healing trauma https://t.co/6Eoqmlclef",83,24,2,2,,,{'https://t.co/6eoqmlclef'},0,Notícias,Do Mundo,2021-03-10T08:01:40.0000000+00:00,-0.2239855825901031,1.0,0.1888919335393047,0.5596333767708697,81.25256879971101
1344756801242357768,74177227,Just posted a photo https://t.co/eAFxXMzdyS,17,0,1,0,,,{'https://t.co/eafxxmzdys'},0,Esportes,Ciclismo,2020-12-31T21:26:20.0000000+00:00,-0.2187255620956421,1.0,0.0,0.5585887955283776,12.85351007286693
1369453000570310660,807095,"Taylor Swift’s “Folklore,” which is nominated for five Grammys, is “an album that shakes off years of scrutiny and finds her reveling in the creative freedom to be as young or as old as she wants to be,” our critic writes.
https://t.co/F5r5GH1y3y",660,83,7,6,,,{'https://t.co/f5r5gh1y3y'},0,Notícias,Do Mundo,2021-03-10T01:00:13.0000000+00:00,-0.0268508493900299,0.7692307692307693,0.1164442211598092,0.5596287600062732,476.1801281909141
1253046974389067776,275575393,"2/2 get on their thinking hats so make sure to apply by the 11th May. I’ll be part of the judging panel to decide which lucky winner’s idea gets made into a real life prototype. Have a guess what ideas my kids have ?

Apply here: https://t.co/Xmlzkdb4ho

#SportsoftheFuture #ad",124,22,2,3,,,{'https://t.co/xmlzkdb4ho'},0,Esportes,Ciclismo,2020-04-22T19:44:13.0000000+00:00,-0.0602150559425354,0.9230769230769232,0.1169728517463549,0.555328103998634,104.9794030440514
1299377724415500293,74177227,@AdamBlythe89 Dude. This will be awesome ?,14,0,1,0,430197021,{'430197021'},,1,Esportes,Ciclismo,2020-08-28T16:06:05.0000000+00:00,-0.2294074594974517,1.0,0.0,0.556872131298455,10.586519930118872
956689717608595456,46467162,@WayneSchwass @dannwilkins Absolute gold!,1,0,1,0,,,,0,Esportes,Ciclismo,2018-01-26T00:46:17.0000000+00:00,0.0,0.0,0.0,0.5483520567456105,1.097802264751362
1367487878259957765,101871654,"Saw this is an article on @PezCycling.

This, I believe, was the first on bike camera in a Grand Tour (2009 Giro*). Weighed a ton!

However, a few cobbles in the neutral zone had thrown it out of focus, so nothing was usable.

*I don't remember who I was riding for at the time. https://t.co/y2MugflqkK",188,1,25,1,33248475,{'33248475'},{'https://t.co/y2mugflqkk'},1,Esportes,Ciclismo,2021-03-04T14:51:31.0000000+00:00,-0.0369030833244323,0.7647058823529411,0.1057316341301309,0.5595428391991282,129.182791824047
1054037653379670016,46467162,"My last race as a professional cyclist today. From starting out as a teenager trying to fix a busted knee, to experiencing the highest of highs the sport can offer. What a ride it’s been! Thank you to everyone who’s been a part of this incredible journey. SG",4707,189,104,25,,,,0,Esportes,Ciclismo,2018-10-21T15:52:14.0000000+00:00,-0.212401658296585,0.8571428571428571,0.1152623246087319,0.5502471687242609,2876.1278688975904
1349071385360887808,63525135,Worth it in the end ? #dadlife ?‍? https://t.co/Sumr7OduXj,1257,23,26,0,,,{'https://t.co/sumr7oduxj'},0,Esportes,Ciclismo,2021-01-12T19:10:57.0000000+00:00,-0.1898140609264373,1.0,0.0,0.5587645622082476,744.8346640442617
1334986629560344579,155320577,Giovanna for me ?,669,7,19,2,,,,0,Esportes,Ciclismo,2020-12-04T22:23:09.0000000+00:00,-0.1902008950710296,1.0,0.4494364165239821,0.5581993710377474,394.340036666504
1369321844449361921,5988062,"Ruth Wakefield is credited with inventing the chocolate chip cookie. But its rise to prominence is more contentious than you might imagine, as @1843mag explains  https://t.co/A1rYNMJpWW",69,13,5,1,60959527,{'60959527'},{'https://t.co/a1rynmjpww'},1,Notícias,Do Mundo,2021-03-09T16:19:03.0000000+00:00,-0.1420019268989563,0.9,0.1567631668270591,0.5596230065707776,62.709540782254415
1369294887481450502,14293310,"Having trouble getting a COVID-19 vaccine? This standby site wants to help
https://t.co/WL3i3WUqid",90,21,3,1,,,{'https://t.co/wl3i3wuqid'},0,Notícias,Do Mundo,2021-03-09T14:31:56.0000000+00:00,-0.1857050955295562,1.0,0.0,0.5596217947283818,79.46631378836194
1369460712054153219,14173315,WATCH: @DrJohnTorres answers viewer questions about vaccines and the pandemic. https://t.co/GYd9oUTaFe,21,8,2,1,1636520550,{'1636520550'},{'https://t.co/gyd9outafe'},1,Notícias,Do Mundo,2021-03-10T01:30:51.0000000+00:00,-0.1859004199504852,1.0,0.2268305327192613,0.5596290633156992,25.86989137703765
1369456184554569731,28785486,"Unhappy with a question, Thailand Prime Minister Prayuth Chan-ocha ends press conference by spraying reporters with disinfectant. https://t.co/ccpv7ZN7Pd https://t.co/gQoZIQY6m7",1428,6342,228,707,,,"{'https://t.co/gqoziqy6m7', 'https://t.co/ccpv7zn7pd'}",0,Notícias,Do Mundo,2021-03-10T01:12:52.0000000+00:00,-0.1910722851753235,1.0,0.1576221089280091,0.5596288833759278,8426.979925283284
1369592804683419651,87818409,George Floyd: Chauvin murder trial continues as House set to approve Covid relief – live updates https://t.co/CH4zwTwuWp,27,5,3,0,,,{'https://t.co/ch4zwtwuwp'},0,Notícias,Do Mundo,2021-03-10T10:15:45.0000000+00:00,-0.1591803729534149,1.0,0.2026263663705222,0.5596348928409506,27.535511017436107
1369528480627650560,807095,"After the next 30 days, Oprah's interview with Prince Harry and Meghan will not have a home on any streaming platform. Here's why. https://t.co/epMUbXaNsE",364,63,73,12,,,{'https://t.co/epmubxanse'},0,Notícias,Do Mundo,2021-03-10T06:00:09.0000000+00:00,-0.1368969082832336,1.0,0.1757687171925118,0.5596320699866892,330.2813200923243
1369489233153515523,28785486,"Black Americans make up only 9% of the STEM workforce, a PEW research study found.

@fascinatesci is trying to encourage Black children to get involved in STEM: ""We are the cusp of a revolution in industry."" #SoulOfANation https://t.co/AyMOAHTEg0",94,39,21,4,210274185,{'210274185'},{'https://t.co/aymoahteg0'},1,Notícias,Do Mundo,2021-03-10T03:24:11.0000000+00:00,-0.1743086278438568,0.9090909090909092,0.1230172544961832,0.5596303324501191,117.54032804047591
1369570003729649671,759251,"China is assembling an increasingly offensive military and expanding its regional footprint, as Beijing steps up efforts to supplant American military power in Asia, a top US commander warned Congress on Tuesday https://t.co/i18hYC6UCt",272,106,72,11,,,{'https://t.co/i18hyc6uct'},0,Notícias,Do Mundo,2021-03-10T08:45:08.0000000+00:00,-0.1427197456359863,1.0,0.145818765625467,0.5596338899345336,325.22892426336574
1369570221162459143,87818409,My elderly father lives in fear of a massive Bulb energy bill https://t.co/7Yqqv0H25b,28,10,4,3,,,{'https://t.co/7yqqv0h25b'},0,Notícias,Do Mundo,2021-03-10T08:46:00.0000000+00:00,-0.0619439780712127,1.0,0.0,0.5596339020924668,33.57803860893908
1322257618178609153,63525135,@MarcoNJT @thejensie @lavuelta @INEOSGrenadiers @INEOSGrenadier @INEOS @Pinarello_com @SidiSport @Kask_cycling I wouldn’t ask any teammate to do for me what I wouldn’t do for them ??,2565,368,74,252,485580818|280414653|857200850250461184|333568300|89483276|481093426|951147732223356929|16238220|103005050,"{'857200850250461184', '951147732223356929', '485580818', '481093426', '103005050', '280414653', '333568300', '89483276', '16238220'}",,9,Esportes,Ciclismo,2020-10-30T19:22:37.0000000+00:00,-0.1579950153827667,0.8,0.1558826683471759,0.5577090857352891,2025.5762945361669
1369297616245231638,101871654,@ConvictCaptain @carltonkirby @TirrenAdriatico @rcssport @Eurosport_UK @gcntweet @velogames Tobias Foss.,3,0,1,0,1312022806947926017|349083462|50771580|25268540|106061923|262194542|866215616,"{'866215616', '262194542', '25268540', '106061923', '50771580', '1312022806947926017', '349083462'}",,7,Esportes,Ciclismo,2021-03-09T14:42:46.0000000+00:00,-0.2057014405727386,1.0,0.2439557250000634,0.5596219065091775,3.495146261919938
1369054744786989056,101871654,"@EdwardPickering @richardmoore73 @irishpeloton @friebos He was going to do a stagiaire there, but then the UCI said he couldn't because he'd been with Linda McCartney, a 2nd division squad.",4,0,2,1,183747754|20680079|16946023|70707518,"{'16946023', '70707518', '183747754', '20680079'}",,4,Esportes,Ciclismo,2021-03-08T22:37:41.0000000+00:00,-0.0168486535549163,0.8888888888888888,0.1498834917045496,0.5596112674334045,8.976369577961076
1368610152081985537,101871654,"@alexstieda @rhyspencer @gcntweet @ParisNice @amaurysport @flobikes Unfortunately so. Same with most sports I think - here in the UK, if you want to watch all the Premier League games we have to have BT, Sky and now Amazon too.

We'd love to have every race in every country, but it's not that simple, and never will be.",1,0,0,0,89750624|77632649|25251117|1208314404|866215616|288705520,"{'866215616', '89750624', '25251117', '1208314404', '288705520', '77632649'}",,6,Esportes,Ciclismo,2021-03-07T17:11:02.0000000+00:00,-0.0471035540103912,0.9444444444444444,0.1824263158875348,0.5595918144709767,10.704132120905662
1322257265496334336,63525135,@biffboff75 @thejensie @lavuelta @INEOSGrenadiers @INEOSGrenadier @INEOS @Pinarello_com @SidiSport @Kask_cycling Want to swap? ?,81,0,3,0,485580818|280414653|857200850250461184|89483276|333568300|315982296|481093426|16238220|103005050,"{'857200850250461184', '485580818', '89483276', '481093426', '103005050', '280414653', '333568300', '315982296', '16238220'}",,9,Esportes,Ciclismo,2020-10-30T19:21:13.0000000+00:00,-0.1535544395446777,1.0,0.0,0.5577090724196258,47.96448001034783
1294355303329341442,74177227,@friebos @taogeoghegan @inrng @TeisseireUK @bannahharnes Grew up drinking it? lol never stopped!!!,9,0,0,0,2815750198|45520770|118685634|37650988|183747754,"{'183747754', '118685634', '37650988', '2815750198', '45520770'}",,5,Esportes,Ciclismo,2020-08-14T19:28:46.0000000+00:00,-0.2063735425472259,1.0,0.231270435354581,0.5566954808118211,7.371736004934512
1325738196374876161,63525135,@AgnoliValerio @lavuelta @vincenzonibali @ivan_cortina ?☕️,953,7,10,0,280414653|239427916|347968546|114422199,"{'280414653', '239427916', '114422199', '347968546'}",,4,Esportes,Ciclismo,2020-11-09T09:53:11.0000000+00:00,0.0,0.0,0.0,0.5578413133585315,545.0124632891662
1299756201509613568,46467162,@tristanbergh @LeTour @antmccrossan Thanks.,0,0,0,0,27847134|153403071|19365839,"{'27847134', '153403071', '19365839'}",,3,Esportes,Ciclismo,2020-08-29T17:10:01.0000000+00:00,0.0,0.0,0.0,0.5568855378209306,0.0011152407428562
1363181398908141579,155320577,@EsmeeHill @INEOSGrenadiers @tourhautvar Thanks??,21,0,0,0,89483276|455979955|1360878978211475458,"{'89483276', '455979955', '1360878978211475458'}",,3,Esportes,Ciclismo,2021-02-20T17:39:06.0000000+00:00,0.0,0.0,0.0,0.5593566150796573,11.746895346357444
1368271872002035713,101871654,"@fredfalcone @irishpeloton @gcntweet 9th, Fred, 9th.",3,0,1,0,627363601|866215616|70707518,"{'627363601', '866215616', '70707518'}",,3,Esportes,Ciclismo,2021-03-06T18:46:50.0000000+00:00,-0.1925260424613952,1.0,0.2596979932401624,0.5595770327254062,3.5036750122368328
1368177229285502976,101871654,"@YABOIPIPPIN @Redveee @carefree1981 That's all that anybody showed, because that's all that was produced by the host broadcasters in Italy. We'd love to be able to show more.",0,0,2,0,1913993563|39836421|139826597,"{'39836421', '139826597', '1913993563'}",,3,Esportes,Ciclismo,2021-03-06T12:30:45.0000000+00:00,-0.1569326519966125,0.75,0.1277474055819911,0.5595729000721361,4.968638638685622
1368300490895818755,101871654,Territory restrictions apply!,15,0,5,0,,,,0,Esportes,Ciclismo,2021-03-06T20:40:33.0000000+00:00,-0.2472584247589111,1.0,0.0,0.5595782825775225,12.311614002119684
1347166067995660290,23695888,"@BOWZ6CV @stevefleck Sorta. They did the 200 on 100. Great route, I did that last week, https://t.co/qERknfuHlY No one had previously linked together the 90% gravel VT-XL that I did last summer.",2,0,0,0,21066778|102753176,"{'21066778', '102753176'}",{'https://t.co/qerknfuhly'},2,Esportes,Ciclismo,2021-01-07T12:59:54.0000000+00:00,-0.0080855786800384,1.0,0.1278037374250863,0.5586866313103467,7.893368948345525
1369367452661014538,101871654,"@dougryd @QhubekaAssos Just got your email, and contract, thanks.

'Trainee bus, truck and car cleaner' wasn't what I was expecting.",12,0,1,0,77161650|21417049,"{'77161650', '21417049'}",,2,Esportes,Ciclismo,2021-03-09T19:20:16.0000000+00:00,-0.0347324609756469,0.8,0.0,0.55962496728422,9.96221627747351
1368494502336475136,101871654,"@simonwear @PhilSheehanLP @robhatchtv @gcntweet Phil was sat next to me in Dubai when I spilt a full pint of Guinness over my first ever, brand new, work macbook.",1,0,2,0,15383064|160865835|866215616|40210910,"{'15383064', '866215616', '160865835', '40210910'}",,4,Esportes,Ciclismo,2021-03-07T09:31:29.0000000+00:00,0.0182481706142425,1.0,0.1672576444257109,0.5595867590472103,6.249941311612282
1325498916847153153,63525135,@roliveira57 It’s a pleasure Rui ?? thanks for the kind words!,2307,43,52,7,3097165264,{'3097165264'},,1,Esportes,Ciclismo,2020-11-08T18:02:23.0000000+00:00,-0.1263530254364013,1.0,0.2743035641495426,0.5578321796480399,1370.7481808636285
1357749874645749765,140845817,@youtooz ? dropping soon!!! #youtooz #youtoozcollectible #vinyl #vinylcollection #mighty https://t.co/1JKnFJkovy,145,7,2,0,1080924673758527489,{'1080924673758527489'},{'https://t.co/1jknfjkovy'},1,Esportes,MMA,2021-02-05T17:56:10.0000000+00:00,-0.2302086651325225,1.0,0.0,0.5591254800428035,94.49262928887534
1366842371724476422,134209832,"An update. I lubed the chain, yet still the bird followed me. Turned out it wasn't the squeaky chain bird, but the semi-seized pedal-bearing bird.",85,0,10,0,,,,0,Esportes,Ciclismo,2021-03-02T20:06:30.0000000+00:00,-0.1165118813514709,0.7777777777777778,0.1257186996282851,0.5595147594573825,57.57648466280889
1320101239363809280,65468720,Here we go! I’m excited for this fight! #refugemensretreat [ #UFC254 on ESPN+ PPV: https://t.co/X0FvSya6Ln | #InAbuDhabi | @VisitAbuDhabi ],32,3,4,0,246677188,{'246677188'},{'https://t.co/x0fvsya6ln'},1,Esportes,MMA,2020-10-24T20:33:56.0000000+00:00,-0.2076999843120575,1.0,0.2008269823589563,0.557627840533575,29.108765212054426
1310279026741841922,368815525,Great team performance almost crowned @WoutvanAert as World Champion. We did all we could after a very hard race. Congrats to the whole team ?? #Imola2020 https://t.co/eMs4PF90lh,2117,44,20,2,370153877,{'370153877'},{'https://t.co/ems4pf90lh'},1,Esportes,Ciclismo,2020-09-27T18:03:58.0000000+00:00,-0.175772339105606,0.9090909090909092,0.1555697790757284,0.5572641152325449,1248.3107765883665
1301614505823141888,310463188,Check the link below and come hang out with me @MissGinaDarling @AvoriLiz and @Mae while we play @FallGuysGame https://t.co/zqL1PVTore https://t.co/HwOLwaETp3,660,60,108,4,371447090|20629110|1134552730146500608|378677314,"{'371447090', '1134552730146500608', '378677314', '20629110'}","{'https://t.co/hwolwaetp3', 'https://t.co/zql1pvtore'}",4,Esportes,MMA,2020-09-03T20:14:15.0000000+00:00,-0.1213907301425933,1.0,0.0,0.5569515825147726,500.1426800388811
1187825368067117057,19798578,Big fights for my friends and @tristargym @Firas_Zahabi teammates Mandel Nallo @NoTweetMandel and @rory_macdonald at @BellatorMMA 231 and 232 this weekend! Don’t miss it! @gymking_ @JDSports https://t.co/VhbwDf8k8N,695,44,24,3,131902103|2805156282|35631163|95115126|578464594|2511420397|213089561,"{'95115126', '213089561', '131902103', '578464594', '2511420397', '35631163', '2805156282'}",{'https://t.co/vhbwdf8k8n'},7,Esportes,MMA,2019-10-25T20:16:51.0000000+00:00,-0.0807373225688934,1.0,0.1473443384421447,0.5534292235942714,455.0003949945267
1306044998408904704,232010910,Let’s go! @Twitch https://t.co/zra8e4sQOD,85,8,6,0,309366491,{'309366491'},{'https://t.co/zra8e4sqod'},1,Esportes,MMA,2020-09-16T01:39:27.0000000+00:00,0.0,0.0,0.0,0.5571104345531948,60.16898525752988
1259322582949679104,65468720,"For my international fans my new movie @CagefighterMov is going to be available one night only on @FITE VOD. Check https://t.co/HOZYHP89wO for showtimes in your area. It will be available worldwide in the fall @ Hidden Hills,… https://t.co/KVMQQpeUjm",48,16,0,1,15262454|941315324149927937,"{'941315324149927937', '15262454'}","{'https://t.co/hozyhp89wo', 'https://t.co/kvmqqpeujm'}",2,Esportes,MMA,2020-05-10T03:21:15.0000000+00:00,-0.1419897079467773,0.7692307692307693,0.1172417897547217,0.5555266675840126,52.15656952691015
1368669282452840452,6446742,"Can @DerekBrunson silence 'Big Mouth' @Trailblaze2Top?

? Your #UFCVegas22 poster is here! https://t.co/ZKtOf85sqC",2775,246,79,62,822810106823774209|106322069,"{'106322069', '822810106823774209'}",{'https://t.co/zktof85sqc'},2,Esportes,MMA,2021-03-07T21:06:00.0000000+00:00,-0.1884391009807586,1.0,0.0,0.5595944390694599,1911.5748669796787
1334926517722378242,232010910,Just posted a photo https://t.co/xbEg3Ct3k0,45,1,1,0,,,{'https://t.co/xbeg3ct3k0'},0,Esportes,MMA,2020-12-04T18:24:18.0000000+00:00,-0.227400541305542,1.0,0.0,0.5581970205231216,29.585502477664605
1316050559518949376,140845817,Pumped to be back on team @Method ? &amp; thunder https://t.co/ouegYaLT2i  #method,44,2,2,1,477213534,{'477213534'},{'https://t.co/ouegyalt2i'},1,Esportes,MMA,2020-10-13T16:17:59.0000000+00:00,-0.1741337478160858,1.0,0.0,0.5574765682351699,31.219109734868823
1271193376147177472,310463188,"Check the link below to learn ashi waza AKA foot sweeps! I found them much more effective in MMA than judo cause nobody really knows how to do them and they’re just asking to get swept on their butts! Bow into my dojo and start learning today!
https://t.co/PsbPhLmJgx",410,37,19,2,,,{'https://t.co/psbphlmjgx'},0,Esportes,MMA,2020-06-11T21:31:33.0000000+00:00,-0.221373051404953,1.0,0.1140906050720104,0.5559108826509147,290.8049744790204
1183046883347841024,23119425,"Today I’ll be with the @MuscleMonster ? crew for @TheFitExpo in San Diego!

I’ll be at booth 615, hanging out and signing autographs from 11am  – 12:30pm.

Who’s coming down? https://t.co/dYwJSjep7j",26,0,2,1,1252308946339033088|91177692,"{'91177692', '1252308946339033088'}",{'https://t.co/dywjsjep7j'},2,Esportes,MMA,2019-10-12T15:48:51.0000000+00:00,-0.1217348277568817,0.8888888888888888,0.1439167194450874,0.5533006441031231,21.597197277638376
1273665566763433984,310463188,"Check the link below learn how to foot sweep! Today I’m teaching ashi waza (foot technique) as well as a new foot sweep drill, so you can teach yourself how to know where your opponents’ feet are without looking!#StepIntoRondasDojo

https://t.co/3BJ1sGKHJ7",355,42,33,1,,,{'https://t.co/3bj1sgkhj7'},0,Esportes,MMA,2020-06-18T17:15:09.0000000+00:00,-0.179180234670639,1.0,0.1166399977977694,0.5559923724134518,270.8332949813244
1368483092252401666,56518880,Seems like everyone worried about me can’t get past what’s in front of them. Weird,13267,1022,576,130,,,,0,Esportes,MMA,2021-03-07T08:46:09.0000000+00:00,-0.167500615119934,1.0,0.2236671270532517,0.5595862979136975,8968.616516592809
1184552999428866048,23119425,"#WayBackWednesday - Had an awesome time hunting in Oklahoma last year w/ @TheFowlLifeTV.
Can’t wait to get back! https://t.co/Xd8aP1uAwh",55,5,7,0,69912252,{'69912252'},{'https://t.co/xd8ap1uawh'},1,Esportes,MMA,2019-10-16T19:33:37.0000000+00:00,-0.1637530028820037,1.0,0.0,0.5533410308920674,44.26760328817611
1369621841204088832,28785486,Life on the slopes: Bear surprises skiers in central Romania. https://t.co/pSBrsluALx https://t.co/bXxLI4gF7O,142,43,6,7,,,"{'https://t.co/bxxli4gf7o', 'https://t.co/psbrslualx'}",0,Notícias,Do Mundo,2021-03-10T12:11:07.0000000+00:00,-0.234501838684082,1.0,0.0,0.5596361487958595,139.90902672254404
1369614780676399108,87818409,"Calls for Celtic v Rangers to be scrapped 'above my head,' says Steven Gerrard https://t.co/8RlPs2DCPC",17,4,1,1,,,{'https://t.co/8rlps2dcpc'},0,Notícias,Do Mundo,2021-03-10T11:43:04.0000000+00:00,-0.2239196300506591,1.0,0.2116761342845192,0.5596358568026951,19.70572102627609
1368939918727278599,3001704118,"?️? #PSGFCB

@IGanaGueye reveals his and the squad's ambitions with the business end of the season approaching fast

https://t.co/NiZP9EoIo3",75,4,7,1,840658585885560833,{'840658585885560833'},{'https://t.co/nizp9eoio3'},1,Esportes,UEFA Futebol,2021-03-08T15:01:24.0000000+00:00,-0.2451824247837066,1.0,0.0,0.5596062673885096,54.84156489749925
1342500356316667904,1060978099146260480,"Take a look behind the scenes of the second season. Disney Gallery: #TheMandalorian is back with an all-new special, “Making Season Two,” now streaming on @DisneyPlus. (2/2) https://t.co/DaM9L8TeIg",4498,319,28,13,985916593065476096,{'985916593065476096'},{'https://t.co/dam9l8teig'},1,Entretenimento,Séries de TV,2020-12-25T16:00:02.0000000+00:00,-0.1225680410861969,1.0,0.0,0.5584977786587042,2897.492771676318
1369597995499593729,16973333,EU diplomat summoned to UK’s Foreign Office over vaccine row https://t.co/sGxu6RKW5w,11,6,3,2,,,{'https://t.co/sgxu6rkw5w'},0,Notícias,Do Mundo,2021-03-10T10:36:22.0000000+00:00,-0.2413382232189178,1.0,0.0,0.559635089132595,20.146865041054248
1369430517381267460,87818409,It's the end of the Piers show for the man who never knew when to stop https://t.co/jMnijXr3Fo,599,68,67,19,,,{'https://t.co/jmnijxr3fo'},0,Notícias,Do Mundo,2021-03-09T23:30:52.0000000+00:00,-0.1216160058975219,1.0,0.0,0.5596277756236153,461.6929193728252
1293138169832103936,1288485038,"Socially distanced cinema, #PeakyBlinders style ? https://t.co/kuGo6eGXJ3",7270,660,35,40,,,{'https://t.co/kugo6egxj3'},0,Entretenimento,Séries de TV,2020-08-11T10:52:19.0000000+00:00,-0.1888750791549682,1.0,0.2855815033388837,0.5566530065628149,4826.905307165679
1344946472618344448,1288485038,"Walking into 2021. Happy New Year to our amazing #PeakyBlinders community.

? Robert Viglasky https://t.co/c0a81ci3ZA",12915,1097,74,91,,,{'https://t.co/c0a81ci3za'},0,Entretenimento,Séries de TV,2021-01-01T10:00:01.0000000+00:00,-0.1824076175689697,1.0,0.2039353998675106,0.5585964395697559,8536.034256451132
1367214902624980995,16573941,"Figured this clip was the best way to tell you that Crazy, Stupid, Love is now on Netflix https://t.co/n3g5Swu7wF",4125,334,125,232,,,{'https://t.co/n3g5swu7wf'},0,Entretenimento,Filmes,2021-03-03T20:46:49.0000000+00:00,-0.1405299007892608,0.8888888888888888,0.186742384708911,0.559530966380048,2887.222459683996
1366768521854656512,82652901,https://t.co/fMgIxF51Qr,80,17,0,0,,,{'https://t.co/fmgixf51qr'},0,Entretenimento,Filmes,2021-03-02T15:13:03.0000000+00:00,0.0,0.0,0.0,0.5595115862834418,64.34412153768056
1315366562069700616,203162990,"Meet Jamie New in Everybody’s Talking About Jamie, coming to theaters February 26. ⭐️ Watch the new trailer now: https://t.co/o2ieHJlBR1 https://t.co/33VXrvlS73",185,32,2,4,,,"{'https://t.co/33vxrvls73', 'https://t.co/o2iehjlbr1'}",0,Entretenimento,Filmes,2020-10-11T19:00:01.0000000+00:00,-0.2017997205257415,0.8,0.2757709115978752,0.5574512114818427,148.32430980660828
1368747076528578560,65184105,@vaginavevo How will we bend to pet Dog if we don't have knee caps? #TWD,22,1,1,0,932036367588130816,{'932036367588130816'},,1,Entretenimento,Séries de TV,2021-03-08T02:15:07.0000000+00:00,-0.2201508581638336,1.0,0.0,0.5595978415311609,17.347585724076954
1327280720084164608,1288485038,"Sit back and relax. You’ve made it to Friday. #PeakyBlinders

? @RobertViglasky https://t.co/hE5cokXOCU",7382,843,51,148,261171056,{'261171056'},{'https://t.co/he5cokxocu'},1,Entretenimento,Séries de TV,2020-11-13T16:02:38.0000000+00:00,-0.1528468132019043,1.0,0.186810999052147,0.5579003212057925,5172.406235461456
1367197078829506565,16573941,The explosive docuseries Murder Among the Mormons is now on Netflix https://t.co/URIGacIvMi,1864,237,123,252,,,{'https://t.co/urigacivmi'},0,Entretenimento,Filmes,2021-03-03T19:35:59.0000000+00:00,-0.2320636808872223,1.0,0.2177781362096394,0.5595301906813877,1523.1633875996656
1330194382914514949,1205974434,"Thank you, #SPNFamily! Stream the series finale of #Supernatural: https://t.co/qZmBzKkln2 https://t.co/gCxze52CzC",15549,1886,652,747,,,"{'https://t.co/gcxze52czc', 'https://t.co/qzmbzkkln2'}",0,Entretenimento,Séries de TV,2020-11-21T17:00:29.0000000+00:00,0.0,0.0,0.0,0.5580125779613017,11564.25374095508
1368751184434040836,65184105,Answer her Daryl. #TWD https://t.co/wPdXup0c2r,463,64,21,4,,,{'https://t.co/wpdxup0c2r'},0,Entretenimento,Séries de TV,2021-03-08T02:31:27.0000000+00:00,-0.1773646771907806,1.0,0.2965198808538455,0.55959802132427,347.67635581760936
1366830686498217984,18256664,https://t.co/FWwCdLtSEC,274,83,4,8,,,{'https://t.co/fwwcdltsec'},0,Entretenimento,Filmes,2021-03-02T19:20:04.0000000+00:00,0.0,0.0,0.0,0.559514259123635,253.4601539255347
1369056709117808640,17220817,"@Minisqeak24 Gotta love a big natural disaster movie. People forget that Tea Leoni was the lead of blockbuster Deep Impact, and her character didn't have to find romance to end up fulfilled! Very rare at the time, so that's our rec for you. https://t.co/x7CR7CdWXN",1,0,0,1,1251585615264542722,{'1251585615264542722'},{'https://t.co/x7cr7cdwxn'},1,Entretenimento,Filmes,2021-03-08T22:45:29.0000000+00:00,-0.1618513464927673,1.0,0.1224801560860291,0.5596113659567734,10.14163072822884
1328413175620964353,715177919438577664,Duty calls. Queen Elizabeth II takes the salute at the Trooping the Colour ceremony outside Buckingham Palace. https://t.co/hSCle2jvBg,10309,796,91,127,,,{'https://t.co/hscle2jvbg'},0,Entretenimento,Séries de TV,2020-11-16T19:02:36.0000000+00:00,-0.1888661980628967,1.0,0.1637755501196397,0.5579438672515357,6766.290516941678
1368652673935933450,985916593065476096,"?URGENT? @OfficialKat Dennings and Randall Park have an important PSA for all you #WandaVision fans!

All episodes of the @MarvelStudios Original Series are now streaming on #DisneyPlus. https://t.co/5Z9VXHA4c4",3244,280,60,24,23544268|750751206427860992,"{'23544268', '750751206427860992'}",{'https://t.co/5z9vxha4c4'},2,Entretenimento,Filmes,2021-03-07T20:00:00.0000000+00:00,-0.172092467546463,0.875,0.1506640069459287,0.5595937195045266,2181.871128147556
1369040473008996353,17220817,"@osbourne_andrew If you haven't seen Crouching Tiger, Hidden Dragon, that would be our pick for you! https://t.co/t3BAprSA9c",1,0,1,0,408378958,{'408378958'},{'https://t.co/t3baprsa9c'},1,Entretenimento,Filmes,2021-03-08T21:40:58.0000000+00:00,-0.1756471097469329,1.0,0.173616837320484,0.5596106550597115,4.014517270929508
1369025685893738496,18256664,@Malala @tim_cook @GayleKing Oh snap! We're honored you're a fan! https://t.co/M8NBvLVl5M,9,0,0,0,937499232|29546945|1636590253,"{'937499232', '1636590253', '29546945'}",{'https://t.co/m8nbvlvl5m'},3,Entretenimento,Filmes,2021-03-08T20:42:13.0000000+00:00,-0.1462616324424743,1.0,0.0,0.5596100089891649,7.275124692678956
1305204600228573184,203162990,Grab your favorite dragon sidekick and see #NewMutants tonight. Now playing in theaters. Get tickets now; https://t.co/pjNVskJftL https://t.co/AMiAle2stz,315,38,13,3,,,"{'https://t.co/pjnvskjftl', 'https://t.co/amiale2stz'}",0,Entretenimento,Filmes,2020-09-13T18:00:00.0000000+00:00,-0.1594194173812866,0.8,0.1558826683471759,0.5570801474356594,231.163733229556
1368239051979943936,18256664,RT @CallMeKatFOX: RT if you agree. ? #CallMeKat https://t.co/jsFyCbH8r8,0,46,0,0,1227725047369887744,{'1227725047369887744'},{'https://t.co/jsfycbh8r8'},1,Entretenimento,Filmes,2021-03-06T16:36:25.0000000+00:00,-0.1514833271503448,0.6666666666666666,0.4113779113337938,0.5595756132943168,54.32270089600819
1366247302843621377,26585095,"Sacha Baron Cohen wins Best Actor in a Motion Picture, Musical or Comedy at The #GoldenGlobes. https://t.co/7MeFQqR5BK",297,47,12,17,,,{'https://t.co/7mefqqr5bk'},0,Entretenimento,Filmes,2021-03-01T04:41:55.0000000+00:00,-0.2262308597564697,1.0,0.1968956825010166,0.5594889394786344,239.57149213612712
1368561876972494852,17602896,"Happy birthday to @BryanCranston! To celebrate, here are some highlights from his most memorable roles. Which role is your favorite? https://t.co/HR8MuEsqqy https://t.co/O8QEQWiMoA",1055,228,53,29,80096621,{'80096621'},"{'https://t.co/o8qeqwimoa', 'https://t.co/hr8muesqqy'}",1,Entretenimento,Filmes,2021-03-07T13:59:12.0000000+00:00,-0.1691800653934478,0.8571428571428571,0.1495501303572982,0.5595897168810684,896.4666029622412
1366458502986694658,26585095,@JoshDallas @NBCManifest When we remember #Manifest returns in one month. ✈️ https://t.co/i3YbhOAi1i,110,18,4,6,956049644177494017|763109683238363136,"{'956049644177494017', '763109683238363136'}",{'https://t.co/i3ybhoai1i'},2,Entretenimento,Filmes,2021-03-01T18:41:09.0000000+00:00,-0.1874069571495056,1.0,0.0,0.5594981037914855,89.5197616903847
1367212776641359872,82652901,"@wrathalls @billieeilish Hey, we would love to chat with you about one of your tweets! Can you DM us for more info please?",0,0,1,0,48903189|2150327072,"{'48903189', '2150327072'}",,2,Entretenimento,Filmes,2021-03-03T20:38:22.0000000+00:00,-0.1194480955600738,1.0,0.1681214904065563,0.5595309045688565,4.5706055312223794
1361767244125110275,43192807,The best pals in pre-history! (Concept Art from The Good Dinosaur) https://t.co/3M0qYk9tjD,5919,449,57,49,,,{'https://t.co/3m0qyk9tjd'},0,Entretenimento,Filmes,2021-02-16T19:59:46.0000000+00:00,-0.1191343069076538,0.8,0.2008269823589563,0.5592960632507052,3875.362965047745
1365708399791505416,43192807,Put Soul on your weekend watch-list. #PixarSoul is now streaming on #DisneyPlus. https://t.co/FdYM3vli8e,4114,384,37,22,,,{'https://t.co/fdym3vli8e'},0,Entretenimento,Filmes,2021-02-27T17:00:30.0000000+00:00,-0.1789683997631073,0.8333333333333334,0.1973653288540476,0.5594655949061553,2769.371949910725
1366209721124839425,17602896,"Congratulations to #Soul, winner of Best Original Score - Motion Picture ?? #GoldenGlobes https://t.co/j7X2KC9tL8",2902,465,29,82,,,{'https://t.co/j7x2kc9tl8'},0,Entretenimento,Filmes,2021-03-01T02:12:35.0000000+00:00,-0.2170112431049347,1.0,0.0,0.5594872985614046,2210.5344477838885
1367243228701892609,15635604,@GaddieWindage Gets me every time.,29,0,1,0,290774297,{'290774297'},,1,Entretenimento,Filmes,2021-03-03T22:39:22.0000000+00:00,-0.183940052986145,1.0,0.335175743327926,0.5595321973313033,18.09274929203529
1369459006129930241,26585095,@NBCNewAmsterdam ❤️❤️❤️ https://t.co/lyE153ssGL,16,3,0,0,992554666830454784,{'992554666830454784'},{'https://t.co/lye153ssgl'},1,Entretenimento,Filmes,2021-03-10T01:24:05.0000000+00:00,0.0,0.0,0.0,0.5596290052244055,12.871532219135416
1366827740175896578,18256664,@BitsieTulloch @cwsupermanlois Best day ever!?,44,6,1,0,37979530|1188894653489147904,"{'1188894653489147904', '37979530'}",,2,Entretenimento,Filmes,2021-03-02T19:08:22.0000000+00:00,-0.1886770129203796,1.0,0.0,0.5595141311604699,33.01152828095095
1369050447797907460,17220817,"@LabertoB Never underestimate the power of a teen girl. The Virgin Suicides is a perfect next pick for you, since it’s equally committed to serving ~vibes~ https://t.co/FW6cva5oBR",2,0,0,0,1328350296158908417,{'1328350296158908417'},{'https://t.co/fw6cva5obr'},1,Entretenimento,Filmes,2021-03-08T22:20:37.0000000+00:00,-0.1450444459915161,1.0,0.1592194897593976,0.5596110919506802,6.804518949447714
1368976123896336389,18256664,RT @WarnerMedia: WarnerMedia is proud to celebrate the women and allies across our portfolio who #ChooseToChallenge gender bias and inequal…,0,77,0,0,33956270,{'33956270'},,1,Entretenimento,Filmes,2021-03-08T17:25:16.0000000+00:00,-0.1857186555862426,1.0,0.363528920083366,0.5596078390968059,93.09852949855242
1273919207038693376,1288485038,The look we’re all going for when we can go to the hairdressers again. ?‍♂️ Photo taken by director Anthony Byrne at the beginning of season five. Hair cut by the talented Loz Schiavo. #PeakyBlinders https://t.co/J7r5jcKQVp,9082,743,120,248,,,{'https://t.co/j7r5jckqvp'},0,Entretenimento,Séries de TV,2020-06-19T10:03:01.0000000+00:00,-0.1667740046977996,0.9,0.1174967651923824,0.556000745232684,6087.113994967286
1368970511175151620,18256664,RT @WarnerMedia: We’re celebrating @DCWonderWoman’s 80th anniversary this #IWD2021 by spotlighting some “Women of Wonder” who – like Wonder…,0,228,0,0,33956270|1086001021199872000,"{'1086001021199872000', '33956270'}",,2,Entretenimento,Filmes,2021-03-08T17:02:58.0000000+00:00,-0.0881316065788269,1.0,0.186742384708911,0.5596075934304381,261.44144316349326
1368971556320206848,16573941,@NetflixFilm a legend https://t.co/3EwEP5FxVc,139,2,2,1,976604963743842304,{'976604963743842304'},{'https://t.co/3ewep5fxvc'},1,Entretenimento,Filmes,2021-03-08T17:07:07.0000000+00:00,-0.2363356649875641,1.0,0.0,0.5596076370152907,83.38189308727779
1367212796631416832,82652901,"@romanceeilish @billieeilish Hey, we would love to chat with you about one of your tweets! Can you DM us for more info please?",0,0,1,0,1291450703471419392|2150327072,"{'1291450703471419392', '2150327072'}",,2,Entretenimento,Filmes,2021-03-03T20:38:26.0000000+00:00,-0.1522669196128845,1.0,0.1681214904065563,0.5595309052980522,4.5706055371789125
1362454325876969478,43192807,Better Bo-lieve it’s love. https://t.co/7CUHz0CO5i,4406,523,42,47,,,{'https://t.co/7cuhz0co5i'},0,Entretenimento,Filmes,2021-02-18T17:29:59.0000000+00:00,-0.1865468025207519,1.0,0.0,0.559325459414476,3100.900427253702
1366425498226593793,82652901,"Lighting and color are key players in Losing Alice. This week, creator Sigal Avin unpacks how they were used to tell Alice’s story throughout the series.

Watch all of #LosingAlice, exclusively on Apple TV+ https://t.co/F5l9Mv03jm https://t.co/8Pwdar0dww",117,11,4,2,,,"{'https://t.co/f5l9mv03jm', 'https://t.co/8pwdar0dww'}",0,Entretenimento,Filmes,2021-03-01T16:30:00.0000000+00:00,-0.1580601930618286,0.8666666666666667,0.2357485613878127,0.5594966897616354,90.69605382985
1277164459446931456,1288485038,"Trying to rip pages out of books✔️ Speaking too loudly ✔️
Telling Ada what he's up to ❌

Tommy's knows just how to wind up his sister! #PeakyBlinders https://t.co/QrmH7HQC7E",3572,389,28,56,,,{'https://t.co/qrmh7hqc7e'},0,Entretenimento,Séries de TV,2020-06-28T08:58:30.0000000+00:00,-0.1776049733161926,0.9090909090909092,0.1421999934444218,0.5561085811342695,2473.051493133033
1367532286359445510,43192807,https://t.co/PRUaFuep6X,2423,281,9,2,,,{'https://t.co/pruafuep6x'},0,Entretenimento,Filmes,2021-03-04T17:47:59.0000000+00:00,0.0,0.0,0.0,0.5595448077188395,1676.9558690246831
1326615477037142016,203162990,"The #NewMutants are... POWERFUL! Add The New Mutants to your X-Men collection on Digital, Blu-ray &amp; 4K Ultra HD 11/17: https://t.co/DY8SuuCJq4 https://t.co/AhGwwGjVwN",433,47,17,19,,,"{'https://t.co/ahgwwgjvwn', 'https://t.co/dy8suucjq4'}",0,Entretenimento,Filmes,2020-11-11T19:59:11.0000000+00:00,-0.1533889770507812,1.0,0.1490204946328985,0.5578748370425116,322.534839597915
1367548427370786816,26585095,@nbcbrooklyn99 This is.... iconic. https://t.co/Kr2FdKekXF,404,6,2,1,1300678026,{'1300678026'},{'https://t.co/kr2fdkekxf'},1,Entretenimento,Filmes,2021-03-04T18:52:07.0000000+00:00,-0.115452766418457,1.0,0.2965198808538455,0.5595455006217349,236.85372821743115
1367837304509915140,82652901,"Get ready to laugh. Eddie Murphy and @ArsenioHall talk filming #Coming2America, the sequel to the iconic 1988 comedy. Watch on the Apple TV app with @primevideo. https://t.co/FnLVqadLoX https://t.co/NZkfgDwuAm",91,13,5,2,161456486|17220817,"{'161456486', '17220817'}","{'https://t.co/nzkfgdwuam', 'https://t.co/fnlvqadlox'}",2,Entretenimento,Filmes,2021-03-05T14:00:01.0000000+00:00,-0.202783852815628,1.0,0.1290226901973657,0.5595581106248817,76.17238787686365
1367479945686093825,19263978,"A career-best 17 points (6-9 FG, 5-8 3FG), six rebounds, two assists and one steal in 31 minutes for @deanwade3232 last night! https://t.co/NqLceDx4h1",557,42,17,6,1160657978,{'1160657978'},{'https://t.co/nqlcedx4h1'},1,Esportes,Basquete,2021-03-04T14:20:00.0000000+00:00,-0.1174502670764923,1.0,0.1770575359972233,0.5595425088429962,376.6712870761702
1367225773166190592,19077044,"The Houston Rockets will host a Blood Drive presented by @memorialhermann tomorrow from 7am-2pm! All donors will also receive a Rockets Hoodie.

Sign Up: https://t.co/6LCNPSmPSZ https://t.co/Qz7h9063Tq",64,5,4,0,17877730,{'17877730'},"{'https://t.co/qz7h9063tq', 'https://t.co/6lcnpsmpsz'}",1,Esportes,Basquete,2021-03-03T21:30:00.0000000+00:00,-0.2132506370544433,0.8571428571428571,0.1437115233326025,0.5595314423243993,52.03711815048185
1368607626494308354,16727749,A block on one end turns into Dunk of the Week presented by @DraftKings on the other. https://t.co/MwncAdDZUY,64,12,4,0,296520276,{'296520276'},{'https://t.co/mwncaddzuy'},1,Esportes,Basquete,2021-03-07T17:01:00.0000000+00:00,-0.0454061925411224,0.8333333333333334,0.0,0.5595917159717849,55.30640337085664
1368715397415964674,15900167,"""Put me right in the middle where I belong."" ?

#NBAAllStar https://t.co/MBfzm89F5I",757,75,19,8,,,{'https://t.co/mbfzm89f5i'},0,Esportes,Basquete,2021-03-08T00:09:14.0000000+00:00,-0.1407865583896637,1.0,0.0,0.5595964273527382,525.4614984174976
1368753671568322564,20265254,JUST SAYIN' https://t.co/sv2BsF0dal,1334,165,7,6,,,{'https://t.co/sv2bsf0dal'},0,Esportes,Basquete,2021-03-08T02:41:20.0000000+00:00,-0.1742165088653564,1.0,0.3554324678504174,0.55959810751756,940.8836328664584
1366946573528100864,20346956,"#LakeShow ? #WeAreTheValley

?: @SpectrumSN &amp; TNT
?: 710 ESPN &amp; 1330 Tu Liga

https://t.co/G1rE9gTBuH",642,76,22,5,435497565,{'435497565'},{'https://t.co/g1re9gtbuh'},1,Esportes,Basquete,2021-03-03T03:00:34.0000000+00:00,-0.1786455512046814,1.0,0.2184042340770151,0.559519299711815,465.083034261286
1367245903472558081,19263978,"Over his last five games, @dariusgarland22 has dished out a career-best 8.4 APG - 4th-best in the East over that span.

? #BeTheFight https://t.co/wBHoSfpvcV",302,31,9,1,1367322109,{'1367322109'},{'https://t.co/wbhosfpvcv'},1,Esportes,Basquete,2021-03-03T22:50:00.0000000+00:00,-0.156348317861557,0.8,0.1558826683471759,0.5595323189472368,213.157235850988
1366604627689496580,19263978,Everybody loves Dean Wade. ? #BeTheFight https://t.co/1XGPNcnYP9,3159,216,48,41,,,{'https://t.co/1xgpncnyp9'},0,Esportes,Basquete,2021-03-02T04:21:48.0000000+00:00,-0.1879221200942993,1.0,0.2596979932401624,0.5595044395389293,2061.3597648412
1251269832122777600,46467162,@DanMacPherson @Olympics Same.,4,0,0,0,30440025|52422878,"{'52422878', '30440025'}",,2,Esportes,Ciclismo,2020-04-17T22:02:30.0000000+00:00,-0.1962915658950805,1.0,0.0,0.5552724406788204,3.3327466543644007
1369343726611529728,15900167,"Help the Bucks and @CousinsSubs Block Out Hunger in Wisconsin.

For every sign up of the Cousins Club Loyalty Program during March, the Bucks and Cousins will donate a meal to the Boys and Girls Clubs throughout Wisconsin.

Sign up NOW at https://t.co/2DNMV9m0Ds https://t.co/3Qniun1rCu",61,1,1,0,26074684,{'26074684'},"{'https://t.co/3qniun1rcu', 'https://t.co/2dnmv9m0ds'}",1,Esportes,Basquete,2021-03-09T17:46:00.0000000+00:00,-0.2099093794822693,0.8333333333333334,0.097339810996885,0.559623938064582,43.05269941854162
1367266920689459202,16212685,One more before the break. Let's do this. https://t.co/T8mZ9sZtcB,526,47,19,3,,,{'https://t.co/t8mz9sztcb'},0,Esportes,Basquete,2021-03-04T00:13:31.0000000+00:00,0.0,0.0,0.0,0.5595332296755882,359.7801727112601
1366585340849491972,19077044,Timeout on the floor ➡️ Rockets down 40-43. https://t.co/Kfi7kiEXXG,115,10,8,3,,,{'https://t.co/kfi7kiexxg'},0,Esportes,Basquete,2021-03-02T03:05:09.0000000+00:00,-0.1181460618972778,1.0,0.2419123951879956,0.5595036014143575,84.62061062072996
1299755874915942401,46467162,@papazahn I didn’t find it a problem when I was in sky.,1,0,0,0,417015148,{'417015148'},,1,Esportes,Ciclismo,2020-08-29T17:08:43.0000000+00:00,-0.0418022274971008,1.0,0.0,0.5568855262237478,2.785542871838376
1367288053547626496,16201775,@sdotcurry https://t.co/uaKQQScqho,158,18,2,1,39676694,{'39676694'},{'https://t.co/uakqqscqho'},1,Esportes,Basquete,2021-03-04T01:37:29.0000000+00:00,0.0,0.0,0.0,0.559534149246902,110.7881494704618
1367842722678247427,134209832,@a_duggleby My first 12-hr is still my most miserable cycling memory. Hated it all the way from 0.00.00 to 12.00.00.,0,0,2,0,228469684,{'228469684'},,1,Esportes,Ciclismo,2021-03-05T14:21:33.0000000+00:00,0.0110483765602111,1.0,0.0,0.5595583106992966,5.0364844159959095
1346121159134343168,23695888,@YuriHauswald @RootedVermont @1lauraspencer @velocioapparel Heck. Yes. We’ve got a #mulletpodium which — as an ambassador for cycling who also happens to be speedy... and donning a fine head of hair — is right up your alley.,4,0,1,0,1106170671573463040|18058052|432289697|135650513,"{'135650513', '432289697', '18058052', '1106170671573463040'}",,4,Esportes,Ciclismo,2021-01-04T15:47:48.0000000+00:00,-0.0834488570690155,0.9090909090909092,0.1519360804305157,0.5586441005066972,9.531395919812574
762025473794867200,1543669128,@charliemiles16 anytime my friend X,9,1,0,1,637075820,{'637075820'},,1,Celebridades,Jogadores de Futebol,2016-08-06T20:40:05.0000000+00:00,-0.1817284822463989,1.0,0.3799783615910078,0.5452559972123109,7.841855220845875
1291098932987269128,395305090,Fire!?? https://t.co/eTiFzPkt3f,57837,4040,267,188,,,{'https://t.co/etifzpkt3f'},0,Celebridades,Jogadores de Futebol,2020-08-05T19:49:07.0000000+00:00,0.0,0.0,0.0,0.5565822259365867,36942.04207064879
1323309743218282496,155659213,❤️❤️❤️❤️❤️ https://t.co/wiByaOgL8Y,327306,10055,3243,860,,,{'https://t.co/wibyaogl8y'},0,Celebridades,Jogadores de Futebol,2020-11-02T17:03:23.0000000+00:00,0.0,0.0,0.0,0.5577488879710291,196059.8895671365
1337159750644080645,240664869,Solid performance to finish top of the group. Look forward to the knockouts now. #COYS https://t.co/r5jYucSPUq,15413,386,124,32,,,{'https://t.co/r5jyucspuq'},0,Celebridades,Jogadores de Futebol,2020-12-10T22:18:22.0000000+00:00,-0.1937303245067596,1.0,0.0,0.5582849830192123,9126.288127942393
1339313549626273793,847238528,We know this is Not enough but we keep believing and working Hard that’s it ? https://t.co/THVKKuumJF,51200,2260,1655,757,,,{'https://t.co/thvkkuumjf'},0,Celebridades,Jogadores de Futebol,2020-12-16T20:56:48.0000000+00:00,-0.2230906784534454,1.0,0.0,0.5583704066325331,32464.781324816297
1217178366597570560,1561168178,@BFMParis @BFMTV Ridicule... Force à toi Adama ✊?,472,58,15,3,133663801|725241657608814592,"{'725241657608814592', '133663801'}",,2,Celebridades,Jogadores de Futebol,2020-01-14T20:15:11.0000000+00:00,-0.1772049963474273,1.0,0.3503882327118585,0.5542489664711466,338.84424987147304
1325467261239431170,155659213,Head up and believe in the work we’re doing! ?? #finoallafine https://t.co/jyfc8WpaFX,188370,6951,2415,542,,,{'https://t.co/jyfc8wpafx'},0,Celebridades,Jogadores de Futebol,2020-11-08T15:56:35.0000000+00:00,-0.1673113703727722,1.0,0.0,0.5578309462459862,114486.43472042408
1257063194687832064,2396677714,#ExxonMobilEgypt https://t.co/QJkJxJ87a7,58230,4839,2140,1888,,,{'https://t.co/qjkjxj87a7'},0,Celebridades,Jogadores de Futebol,2020-05-03T21:43:15.0000000+00:00,0.0,0.0,0.0,0.5554548139176803,39958.3086695159
1369407674366976007,5988062,"Exactly a year ago, Saudi Arabia and Russia unleashed millions of barrels of oil just as demand dried up. Now they, along with other producers, are curbing output as demand rises   https://t.co/gKKgBJ6Y3H",31,17,4,2,,,{'https://t.co/gkkgbj6y3h'},0,Notícias,Do Mundo,2021-03-09T22:00:06.0000000+00:00,-0.2079538106918335,0.9166666666666666,0.138544702843667,0.5596267686940628,47.03954440284761
1369595394045444097,16973333,The View host mocks Piers Morgan over his ‘obsession’ with Meghan after she ‘ghosted’ him https://t.co/yBuYZqbnUh,47,9,11,1,,,{'https://t.co/ybuyzqbnuh'},0,Notícias,Do Mundo,2021-03-10T10:26:02.0000000+00:00,-0.1382285356521606,1.0,0.2006820792019247,0.5596349750574767,48.8005533726696
1369423783086460937,28785486,Supreme Court sides with a former Georgia college student who sued his school after it prevented him from expressing religious views in a free-speech zone on campus. https://t.co/qHDqkYr9FM,150,39,10,4,,,{'https://t.co/qhdqkyr9fm'},0,Notícias,Do Mundo,2021-03-09T23:04:07.0000000+00:00,-0.0880415141582489,1.0,0.1616872590063271,0.5596274627784273,142.7954771627627
1369433577339957248,87818409,"'Ineffective' koala policy would exempt 80% of land, NSW planning minister warned https://t.co/GUj5hcTWlR",44,21,1,0,,,{'https://t.co/guj5hctwlr'},0,Notícias,Do Mundo,2021-03-09T23:43:02.0000000+00:00,-0.1564708054065704,1.0,0.2140772426818304,0.5596279098627157,52.72483161030972
1369335967618904068,759251,"A California state senator has introduced a bill to repeal a law commonly known as ""walking while trans"" that advocates say has led to decades of discrimination against the transgender community, particularly Black and brown trans women. https://t.co/t0bNkGBjRk",240,50,35,3,,,{'https://t.co/t0bnkgbjrk'},0,Notícias,Do Mundo,2021-03-09T17:15:10.0000000+00:00,-0.2545943856239319,0.9,0.2355982385843649,0.5596236284032909,217.76950451499715
1369572554969583617,16973333,"The Celebrity Circle is a bewildering, garish nightmare but at least it’s for a good cause – review https://t.co/k6YukUxOgJ",4,1,2,1,,,{'https://t.co/k6yukuxogj'},0,Notícias,Do Mundo,2021-03-10T08:55:17.0000000+00:00,-0.1819861829280853,1.0,0.2023256930084467,0.5596339732737354,10.746275655951813
1368935548694519808,1367531,"George Floyd case: Derek Chauvin trial puts Minneapolis on edge as jury selection begins
https://t.co/Hv6LBXQHbb",116,18,91,17,,,{'https://t.co/hv6lbxqhbb'},0,Notícias,Do Mundo,2021-03-08T14:44:03.0000000+00:00,-0.1942889094352722,1.0,0.2107780617595548,0.5596060561637995,150.6519820633474
1300884239626522624,2157651508,"@ErlingHaaland Thank you all for participating in my Q&amp;A. ? It was a lot of fun and I enjoyed answering your questions. If you didn’t get your question answered, don’t worry because I’ll be back to do more of these in the future! ? #AskHaaland",953,32,38,8,2157651508,{'2157651508'},,1,Celebridades,Jogadores de Futebol,2020-09-01T19:52:26.0000000+00:00,-0.0858515799045562,0.7692307692307693,0.0,0.5569255779102259,598.5783107118733
1351483359244005376,847238528,@ASSEofficiel @Arsenal @DFCO_Officiel @losclive @AS_Monaco @BlackYellow @fegafoot_gabon ?,2058,46,10,1,238179126|558572709|2977314262|84288520|288804720|34613288|961930212656275456,"{'961930212656275456', '34613288', '84288520', '288804720', '558572709', '2977314262', '238179126'}",,7,Celebridades,Jogadores de Futebol,2021-01-19T10:55:16.0000000+00:00,0.0,0.0,0.0,0.5588638766296808,1207.7139878640105
1286599815967776768,395305090,@LFC @JHenderson @theofficialfwa So happy for our Captain! ? The respect he deserves! ?,18699,1032,64,33,3025450914|19583545|361111841,"{'19583545', '361111841', '3025450914'}",,3,Celebridades,Jogadores de Futebol,2020-07-24T09:51:14.0000000+00:00,-0.2056310772895813,1.0,0.0,0.5564273835252656,11608.75448826845
1247840496569012225,1543669128,@eggbassett1 @SouthamptonFC @Alex_Macca23 @mattletiss7 @NathanRedmond22 @1jamesbeattie Happy birthday! ??,55,1,3,0,765205531086745600|1114974258|379127878|239098915|241251394|46143892,"{'379127878', '46143892', '1114974258', '239098915', '241251394', '765205531086745600'}",,6,Celebridades,Jogadores de Futebol,2020-04-08T10:55:32.0000000+00:00,0.0,0.0,0.0,0.5551656760229822,33.31104607412997
764216312134590466,1543669128,@robbopalmer @LFC @SoccerSaturday good to see you mate?,7,0,1,1,19583545|164716956|75240662,"{'164716956', '19583545', '75240662'}",,3,Celebridades,Jogadores de Futebol,2016-08-12T21:45:41.0000000+00:00,-0.272808164358139,1.0,0.0,0.545286862442046,6.544528190172231
1319651956579762176,847238528,"You are not alone my brothers and sisters, the world is witness! I’m sending strength and love to everyone protesting and standing for peace - you do not stand alone ✊???#EndPoliceBrutality #PeaceFirst #Africa #endSARS",23973,9618,331,421,,,,0,Celebridades,Jogadores de Futebol,2020-10-23T14:48:39.0000000+00:00,-0.1593581736087799,0.7692307692307693,0.1308546004494455,0.5576109804420687,24521.45389237873
1291094964185825281,395305090,@NathanAke Happy for you bro! ??,10004,328,113,61,378751785,{'378751785'},,1,Celebridades,Jogadores de Futebol,2020-08-05T19:33:21.0000000+00:00,-0.1672025918960571,1.0,0.335175743327926,0.5565820885538104,6031.320052941546
1296511004063473667,395305090,@LFC Referee won the game,27764,947,304,182,19583545,{'19583545'},,1,Celebridades,Jogadores de Futebol,2020-08-20T18:14:46.0000000+00:00,0.0,0.0,0.0,0.5567709985833006,16783.314973242457
1238211420388569088,1561168178,@ManUtd @ighalojude What a goal ?,19437,1114,127,38,558797310|2719667759,"{'2719667759', '558797310'}",,2,Celebridades,Jogadores de Futebol,2020-03-12T21:13:02.0000000+00:00,-0.2473726570606231,1.0,0.0,0.5548706339015462,12113.939612787315
1365047360934526982,847238528,@DaniCeballos46 @Arsenal This is the mentality this is what we Need Vamos hermano ????❤️❤️?,13401,628,89,33,34613288|360887604,"{'360887604', '34613288'}",,2,Celebridades,Jogadores de Futebol,2021-02-25T21:13:46.0000000+00:00,-0.1597450673580169,0.8,0.2028294439151417,0.5594370131784727,8270.72754557763
1070275243552489472,1561168178,@DalotDiogo @JemaMtl_22 Thanks bro ??,6556,362,125,8,602429239|3322745836,"{'3322745836', '602429239'}",,2,Celebridades,Jogadores de Futebol,2018-12-05T11:14:37.0000000+00:00,-0.1485199034214019,1.0,0.3799783615910078,0.5505931605430818,4082.861402039948
1362945064209575938,985916593065476096,"? Check out this new look at Raya and the Last Dragon featuring the brand-new song “Lead the Way” by Jhené Aiko ? #DisneyRaya

Order the movie on #DisneyPlus with Premier Access March 5. Learn more: https://t.co/DKVnT0jmH3 https://t.co/UkOs8Jp7DI",1348,195,40,26,,,"{'https://t.co/ukos8jp7di', 'https://t.co/dkvnt0jmh3'}",0,Entretenimento,Filmes,2021-02-20T02:00:00.0000000+00:00,-0.1486859619617462,1.0,0.109882876289882,0.5593465074577564,1015.2762276437752
1364274434111062018,621583,PSVR2: Sony unveils 'improved' PlayStation VR https://t.co/Jv3Qv4TWhp,34,12,3,4,,,{'https://t.co/jv3qv4twhp'},0,Notícias,Tecnologia,2021-02-23T18:02:26.0000000+00:00,-0.1700555980205536,1.0,0.292584309432876,0.5594036591530595,39.8813380354554
1362410505365839874,621583,Texas freeze shuts chip factories amid shortages https://t.co/mrvKqntoUI,11,5,0,4,,,{'https://t.co/mrvkqntoui'},0,Notícias,Tecnologia,2021-02-18T14:35:51.0000000+00:00,-0.2646194696426391,1.0,0.2541730258936733,0.5593235868113621,16.92187807434745
1365979945470582784,21887420,The reckoning is coming for Rishi Sunak https://t.co/TbG9X9qTkg,5,3,0,0,,,{'https://t.co/tbg9x9qtkg'},0,Notícias,Viagens,2021-02-28T10:59:32.0000000+00:00,-0.2585889995098114,1.0,0.2682472837063445,0.5594773422069321,10.22068081813872
1365436528865005568,43192807,https://t.co/KBI8suHySb,476,34,3,0,,,{'https://t.co/kbi8suhysb'},0,Entretenimento,Filmes,2021-02-26T23:00:11.0000000+00:00,0.0,0.0,0.0,0.5594538287081727,306.58077841034054
1360763643135070209,43192807,"Did you guess correctly? ?

1. WALL•E
2. Up 
3. Soul 
4. Cars 
5. Monsters, Inc. 
6. Onward",1087,59,27,6,,,,0,Entretenimento,Filmes,2021-02-14T01:31:48.0000000+00:00,-0.1931929886341095,1.0,0.2419123951879956,0.5592532444410788,694.7279001371791
1361311529392623617,53372965,"‘Red list’ passengers still free to mix with lower risk travellers on planes and at airports
https://t.co/9mdVF1UGZ5",3,1,0,0,,,{'https://t.co/9mdvf1ugz5'},0,Notícias,Viagens,2021-02-15T13:48:55.0000000+00:00,-0.1208672523498535,1.0,0.0,0.5592766049338571,7.829882795525571
1367536592617959425,36184220,"Drawing fewer than 10,000 visitors a year—just a fraction of those at other U.S. national parks—this remote landscape gives intrepid adventurers plenty of room to roam. https://t.co/69pCxbg8IF",269,41,0,3,,,{'https://t.co/69pcxbg8if'},0,Notícias,Viagens,2021-03-04T18:05:05.0000000+00:00,-0.1286090612411499,1.0,0.1531198395105534,0.5595449927801925,203.7600799808368
1366889537616498688,82652901,@edwardistheman @Woodstock There is no argument here! What was your favorite @Woodstock moment?,0,0,1,0,891450230|78109015,"{'891450230', '78109015'}",,2,Entretenimento,Filmes,2021-03-02T23:13:56.0000000+00:00,-0.1896080672740936,0.75,0.0,0.5595168458524945,2.657994135601699
1369090194847186944,14885549,Don't weep for the discontinued iMac Pro. It was always a stopgap. https://t.co/4inUC6Za7C by @dsilverman,11,10,1,1,1010181,{'1010181'},{'https://t.co/4inuc6za7c'},1,Notícias,Tecnologia,2021-03-09T00:58:33.0000000+00:00,-0.1795037984848022,1.0,0.2114958226059555,0.559612828328259,23.62209819223278
1367973079624876035,24016767,"Disneyland will be allowed to reopen at limited capacity on April 1, in accordance with new rules announced Friday.
 https://t.co/0aVT2iUioo",10,6,0,2,,,{'https://t.co/0avt2iuioo'},0,Notícias,Viagens,2021-03-05T22:59:32.0000000+00:00,-0.2504575252532959,1.0,0.1915024269825041,0.5595640115516198,20.25146606963521
1367262209160736770,273181052,@_munyi_ ❤️,0,0,0,0,252482719,{'252482719'},,1,Entretenimento,Séries de TV,2021-03-03T23:54:47.0000000+00:00,0.0,0.0,0.0,0.5595330378368318,0.0005237525070752
1342394653887369216,1288485038,"Merry Christmas one and all. ? #PeakyBlinders

? @RobertViglasky https://t.co/v5mx1hTpzb",10786,1315,48,59,261171056,{'261171056'},{'https://t.co/v5mx1htpzb'},1,Entretenimento,Séries de TV,2020-12-25T09:00:00.0000000+00:00,-0.1446405053138733,1.0,0.0,0.5584935364479051,7555.30870536407
1368760958261268480,65184105,@SkymiiboRG We love our #TWDFamily,7,0,3,1,2383101684,{'2383101684'},,1,Entretenimento,Séries de TV,2021-03-08T03:10:17.0000000+00:00,0.0,0.0,0.0,0.5595984488000527,6.715234022268709
1361000829247963141,1232061287301074945,https://t.co/EobKAD2Q0J,966,91,10,12,,,{'https://t.co/eobkad2q0j'},0,Entretenimento,Séries de TV,2021-02-14T17:14:18.0000000+00:00,0.0,0.0,0.0,0.5592633220949942,654.9046291352813
1151158403135397888,180463340,"Queen in the North.
@SophieT has been nominated for “Outstanding Supporting Actress in a Drama Series” at this year’s #Emmys. #GameofThrones https://t.co/DqFKAMCzvn",28239,4853,263,1222,,,{'https://t.co/dqfkamczvn'},0,Entretenimento,Séries de TV,2019-07-16T15:55:25.0000000+00:00,-0.1518532037734985,1.0,0.1650880066007052,0.5524744303604348,21789.13235419861
1145785172069146626,180463340,"@euphoriaHBO Kat Hernandez, a breaker of chains, writer of fan fiction, and queen of the Internet.",491,68,7,11,1023959908687982593,{'1023959908687982593'},,1,Entretenimento,Séries de TV,2019-07-01T20:04:07.0000000+00:00,-0.1664738357067108,1.0,0.1790584759300655,0.5523403715937116,359.1222305653125
1353781237882744833,1060978099146260480,Congratulations to #TheMandalorian for being named one of the top 10 television programs of the year by the American Film Institute. https://t.co/oONUNwkdBJ,51969,5221,576,552,,,{'https://t.co/oonunwkdbj'},0,Entretenimento,Séries de TV,2021-01-25T19:06:13.0000000+00:00,-0.1958090662956237,1.0,0.0,0.5589591636920302,35520.18427633368
1365693174493151234,15635604,"Take care of yourself.

Catch up on the finale of Painting With John, now available on @hbomax. https://t.co/EssnEzHJ4L",105,9,3,1,89090040,{'89090040'},{'https://t.co/essnezhj4l'},1,Entretenimento,Filmes,2021-02-27T16:00:00.0000000+00:00,-0.1398700177669525,0.8571428571428571,0.0,0.5594649117989027,75.4480168699728
1365108564679790592,985916593065476096,"Same family and friends, fresh new LEWKS. Get the latest lowdown on the characters headed to #TheProudFamily: #LouderAndProuder, an Original Series, coming soon to #DisneyPlus! https://t.co/QXJLwm8fgu",1180,293,60,68,,,{'https://t.co/qxjlwm8fgu'},0,Entretenimento,Filmes,2021-02-26T01:16:58.0000000+00:00,-0.1049166619777679,1.0,0.1523905681309603,0.559439660450942,1068.0564192756242
1367236148385304576,15635604,"@ruinedxjosh So, Rome then?",679,4,12,6,1070224513046990848,{'1070224513046990848'},,1,Entretenimento,Filmes,2021-03-03T22:11:14.0000000+00:00,0.0,0.0,0.0,0.5595318892145431,394.4701592534328
1340053869758394370,1038082275689340928,"@LaurAx1402 The beauty of #Witchmas is that there are no wrong decisions! Only that which you know, and that which you don't.",24,2,1,2,921878030234079232,{'921878030234079232'},,1,Entretenimento,Séries de TV,2020-12-18T21:58:34.0000000+00:00,-0.1531828641891479,0.8333333333333334,0.0,0.5583998543904352,21.127875126391604
1368328702002671626,65184105,".@AngelaKang along with @cassadymcclincy and #TWD director, Laura Belsey are answering your questions on @Twitch right now!

Talk and Celebrate the Women of The Walking Dead right now by joining our live stream: https://t.co/ahFMUstq92 https://t.co/GogmTConcv",351,35,5,1,16597562|309366491|40592684,"{'40592684', '309366491', '16597562'}","{'https://t.co/gogmtconcv', 'https://t.co/ahfmustq92'}",3,Entretenimento,Séries de TV,2021-03-06T22:32:39.0000000+00:00,-0.1604019105434417,0.8461538461538461,0.1225978744676665,0.5595795538794132,247.3167295513577
1366503879983030273,26585095,@BravoTV NBSea ??,15,0,0,0,15169907,{'15169907'},,1,Entretenimento,Filmes,2021-03-01T21:41:28.0000000+00:00,-0.1935219466686248,1.0,0.5797386715376657,0.5595000736676996,9.835930165760317
1242146375950675969,5391882,@SeattleSunshin3 @KitchensKnees @jenallday @pashdown I'm about to announce a Zoom conference open to anyone and everyone where I'll be interviewing a doctor in a leadership role with the Utah Department of Health. She's got a ton of info and answers and I want to help in any way I can.,2,0,2,0,14632277|1106996547944738816|6488002|1154023267574919169,"{'14632277', '6488002', '1154023267574919169', '1106996547944738816'}",,4,Entretenimento,Influenciadores,2020-03-23T17:49:08.0000000+00:00,-0.0361586213111877,1.0,0.1136509081721415,0.5549903998733311,10.052931906901538
1359645020974845952,811377,@HelenGradwell I've never related to a tweet so much in my life,55,1,2,0,1683598100,{'1683598100'},,1,Entretenimento,Mídias Sociais,2021-02-10T23:26:48.0000000+00:00,-0.1145465970039367,1.0,0.0,0.5592056923091882,34.11808398548634
1354051463190732800,273181052,"Want a chance to win a Suits mug, plus 30 days of @PeacockTV for FREE? Follow @peacockTV, like this post, then tag three friends using #PeacockFlockSweepstakes NO PURCH NEC. Open to 50 US &amp; DC, 18+. Ends 1/26/21. Void where prohib. Odds/Rules: https://t.co/HvqvHByvAs https://t.co/5WQN4bLMiu",493,53,141,19,1171155332917321730,{'1171155332917321730'},"{'https://t.co/hvqvhbyvas', 'https://t.co/5wqn4blmiu'}",1,Entretenimento,Séries de TV,2021-01-26T13:00:00.0000000+00:00,-0.0506050586700439,1.0,0.1147760364400119,0.5589704432311441,432.1488322555253
1341013863110762496,1060978099146260480,"The Book of Boba Fett, a new Original Series, starring Temuera Morrison and Ming-Na Wen and executive produced by Jon Favreau, Dave Filoni and Robert Rodriguez, set within the timeline of The Mandalorian, is coming to @DisneyPlus Dec. 2021. https://t.co/JP54yEe9WF",62022,7953,715,1820,985916593065476096,{'985916593065476096'},{'https://t.co/jp54yee9wf'},1,Entretenimento,Séries de TV,2020-12-21T13:33:14.0000000+00:00,-0.1745863258838653,1.0,0.1195053725850154,0.5584381912421293,44943.7371010452
1357058139720478731,273181052,@peacockTV How does one relax after getting too Litt Up? ?,12,0,1,0,1171155332917321730,{'1171155332917321730'},,1,Entretenimento,Séries de TV,2021-02-03T20:07:28.0000000+00:00,-0.1837900578975677,1.0,0.2636657857920713,0.5590963549542244,10.770768667641596
1357670309525131266,1305941,"@sippey You don’t get to complain about this, Michael. You literally could have done something about it. ???",5,0,0,0,4711,{'4711'},,1,Entretenimento,Influenciadores,2021-02-05T12:40:00.0000000+00:00,-0.1927347183227539,0.8888888888888888,0.1906081332084603,0.5591221232704453,7.87361513635831
1369453567367507968,6527972,@revgabba @coreyhainesco @SwipeFilesco ???,2,0,1,0,1252732608250707969|1280588255042449409|2480319486,"{'1252732608250707969', '1280588255042449409', '2480319486'}",,3,Entretenimento,Influenciadores,2021-03-10T01:02:28.0000000+00:00,0.0,0.0,0.0,0.5596287819846723,1.6789163569234575
1368017377036660737,6527972,@BritneyMuller Maybe my one outstanding question is -- did the paper suggest that deep learning solves the generalization problem on its own? And there's no need for new methods to solve it? Or did it just say that regularization can't solve it and they need new ways?,2,0,1,0,21446729,{'21446729'},,1,Entretenimento,Influenciadores,2021-03-06T01:55:33.0000000+00:00,-0.1019698083400726,0.8333333333333334,0.0,0.5595659621922919,7.740692484594016
1349371181334474754,34097876,New product alert: meet The Eye Cream from @LC_Beauty… https://t.co/cQK11i4Fwx https://t.co/YxGHr2hTFc,79,11,9,0,1166863355249774592,{'1166863355249774592'},"{'https://t.co/cqk11i4fwx', 'https://t.co/yxghr2htfc'}",1,Entretenimento,Influenciadores,2021-01-13T15:02:14.0000000+00:00,-0.1622089445590973,1.0,0.0,0.558776856749333,64.2593620558324
1242251884007534592,5391882,"@dramarty @BlckdByJilZarin @pashdown Oh, you’re one of them! You believe everything you read and see. Are you married? Because I’m due to have sex with you next.",1,0,1,0,14632277|19424554|327071621,"{'14632277', '19424554', '327071621'}",,3,Entretenimento,Influenciadores,2020-03-24T00:48:23.0000000+00:00,-0.1734712421894073,1.0,0.1200303998001641,0.5549936261690315,4.506594662568771
1242143080616087552,5391882,@SeattleSunshin3 @KitchensKnees @jenallday @pashdown Thank you. ♥️,1,0,1,0,14632277|1106996547944738816|6488002|1154023267574919169,"{'14632277', '6488002', '1154023267574919169', '1106996547944738816'}",,4,Entretenimento,Influenciadores,2020-03-23T17:36:02.0000000+00:00,0.0,0.0,0.0,0.5549902990782312,1.1100101443602346
1357706176864129027,1305941,@themexican @nytimes @aznfusion “oceanic rumspringa” is gold,1,0,0,0,1449296004|807095|1124861,"{'1449296004', '807095', '1124861'}",,3,Entretenimento,Influenciadores,2021-02-05T15:02:32.0000000+00:00,-0.130217045545578,1.0,0.2965198808538455,0.5591236358218652,2.4037426878884034
1358610352313757697,811377,@saracrates @___schmitty___ Can we do a guest lecture?,87,2,1,0,2155530182|73199937,"{'2155530182', '73199937'}",,2,Entretenimento,Mídias Sociais,2021-02-08T02:55:24.0000000+00:00,-0.2092756628990173,1.0,0.0,0.5591618568380335,52.56775078499258
1358615407775649792,52484614,@reddit Genius.,53,0,0,0,811377,{'811377'},,1,Entretenimento,Mídias Sociais,2021-02-08T03:15:29.0000000+00:00,-0.1704297363758087,1.0,0.0,0.5591620651405056,30.75395098989045
1336517598029213698,821102114,@CyberNate2077 @CP2077Countdown It has been. Was it worth it? You bet!,251,2,4,0,1318203646983757824|1307432781828374528,"{'1318203646983757824', '1307432781828374528'}",,2,Entretenimento,Games,2020-12-09T03:46:41.0000000+00:00,-0.184076189994812,0.6666666666666666,0.0,0.5582596478770361,146.08464926901289
1369374583598571524,24742040,@AuraWolf92 Excited doesn't even begin to describe how we feel about this addition to our family!,2,0,0,0,2321175670,{'2321175670'},,1,Entretenimento,Games,2021-03-09T19:48:37.0000000+00:00,-0.0886681377887725,1.0,0.0,0.5596253021377352,4.477216874809209
1198044435163967488,1141417774201184257,"@CSGO Expand your cooperative gaming possibilities with Remote Play Together, a @steam_games multiplayer feature that shipped this week. Play your couch co-op games together with friends, over the internet!
https://t.co/vBshhQYl32 https://t.co/z33BGhnZIH",1514,139,53,11,353780675|1200181894450536449,"{'353780675', '1200181894450536449'}","{'https://t.co/vbshhqyl32', 'https://t.co/z33bghnzih'}",2,Entretenimento,Games,2019-11-23T01:03:46.0000000+00:00,-0.1023499965667724,0.8,0.1200082018885768,0.5537086446630425,1033.7297474357847
1359935760627953665,15234657,@TheClosetIndian Who says being single and ready to mingle is a bad thing? ?,3,0,1,0,1016038458941321216,{'1016038458941321216'},,1,Entretenimento,Games,2021-02-11T18:42:06.0000000+00:00,-0.1429469585418701,0.8571428571428571,0.0,0.5592180048459854,6.071543391185536
1366752653401853956,10671602,"From stadiums to dirt filled canyons, grab the wheel and rise to the top in Monster Jam Steel Titans 2, barrelling onto PS4 today: https://t.co/RhAg3I9TxR https://t.co/qQD5Mif3mm",1259,84,33,5,,,"{'https://t.co/rhag3i9txr', 'https://t.co/qqd5mif3mm'}",0,Entretenimento,Games,2021-03-02T14:10:00.0000000+00:00,-0.2139744758605957,1.0,0.1399423099227233,0.5595108552897882,825.9162453503003
1369490617592467456,759251,"Lauren Thomas Mandel, a Covid-19 long-hauler and mother of four, discusses persistent symptoms she says her family is experiencing months after recovering from the virus. https://t.co/bDkMynhG4u",588,141,92,13,,,{'https://t.co/bdkmynhg4u'},0,Notícias,Do Mundo,2021-03-10T03:29:41.0000000+00:00,-0.1529250144958496,1.0,0.1601724647381868,0.5596304082564143,551.8852490108455
1369233187860328448,111556576,BREAKING: Joachim Low will STEP DOWN as Germany boss after this summer's Euros https://t.co/jKup5bptSX https://t.co/Js4oG2GmhV,77,16,2,9,,,"{'https://t.co/jkup5bptsx', 'https://t.co/js4og2gmhv'}",0,Notícias,Esportes,2021-03-09T10:26:45.0000000+00:00,-0.2410179376602172,1.0,0.1722155870855434,0.5596190853881757,71.72765968180703
1369441139871387656,15066760,It wasn't easy but we've narrowed down to the top ten day trips from Salt Lake City. https://t.co/0zb3SVWYcI,16,7,1,1,,,{'https://t.co/0zb3svwyci'},0,Notícias,Viagens,2021-03-10T00:13:05.0000000+00:00,-0.1126457154750824,1.0,0.1775386197705153,0.5596282066115622,21.36523263966509
1368848967086215169,19230601,"""No matter what he does in his managerial career going forward he may never do something greater for so many people in winning this title.""

Will we see #RangersFC back in the #UCL?",806,25,15,1,,,,0,Notícias,Esportes,2021-03-08T09:00:00.0000000+00:00,-0.2414716780185699,1.0,0.1311381102352287,0.5596022752852261,493.0830269383835
1369532238304534528,111556576,John Terry shares photo of him studying Pep Guardiola's coaching guide ahead of Aston Villa's clash v Newcastle https://t.co/geio9sbENp,28,6,3,0,,,{'https://t.co/geio9sbenp'},0,Notícias,Esportes,2021-03-10T06:15:04.0000000+00:00,-0.3108955919742584,1.0,0.1845094419022072,0.5596321944794214,30.883069744003176
1369281300453015552,1367531,"British tabloids hammer fiery fallout as Meghan, Harry send royal family into crisis mode

https://t.co/KDWl3gZtuH",196,48,180,17,,,{'https://t.co/kdwl3gztuh'},0,Notícias,Do Mundo,2021-03-09T13:37:56.0000000+00:00,-0.234435498714447,1.0,0.2051121863660668,0.5596211983742714,278.24652099497456
1369395917321801728,46403451,"GOAL! Dortmund 2-0 Sevilla (5-2 agg). This time, Haaland scores!
https://t.co/x8BZsRryJB #UCL",9,1,0,0,,,{'https://t.co/x8bzsrryjb'},0,Notícias,Esportes,2021-03-09T21:13:23.0000000+00:00,-0.1629616916179657,1.0,0.2470497534478618,0.5596262503034412,10.771166861227725
1369613079433142278,16973333,"Alaska has become the first state in the US to open up Covid-19 vaccination for younger people, allowing anyone 16 or older to get the jab.
https://t.co/sybIigFkIn",27,10,1,0,,,{'https://t.co/sybiigfkin'},0,Notícias,Do Mundo,2021-03-10T11:36:18.0000000+00:00,-0.2036518156528473,1.0,0.138060102982813,0.5596357507761579,32.53613874668519
1369442906671616001,14173315,"Parents could start receiving the new $3,000 child tax credit by summer. Here’s how it works - @CNBC  https://t.co/12BD6NfVZv",72,32,1,0,20402945,{'20402945'},{'https://t.co/12bd6nfvzv'},1,Notícias,Do Mundo,2021-03-10T00:20:06.0000000+00:00,-0.0798242688179016,1.0,0.192431268211817,0.5596282826525901,83.4923176013338
1369377489030705154,759251,"""As per state guidance, all non-essential travel should be avoided, and staying local is a good way to do your part in slowing the spread of COVID-19,"" a Facebook post from the school says. https://t.co/jFplAfawt1",205,42,24,6,,,{'https://t.co/jfplafawt1'},0,Notícias,Do Mundo,2021-03-09T20:00:09.0000000+00:00,-0.1185699999332428,0.9090909090909092,0.1384547781005137,0.5596254482868992,185.26266024740224
1369492359243763717,28785486,".@taycassidyj uplifts Black women on her TikTok through her 'Black Girl Magic Minute' series: ""I want to show people that Black people aren't a monolith."" #SoulOfANation https://t.co/3rAczvyyLC",140,28,12,4,805133391159066625,{'805133391159066625'},{'https://t.co/3raczvyylc'},1,Notícias,Do Mundo,2021-03-10T03:36:37.0000000+00:00,-0.2074444890022277,1.0,0.1376268305815422,0.559630469660441,123.75534348647923
1369360371006472195,15012486,"New York City will welcome high school students back into classrooms starting on March 22.

""Society has deemed that teenagers don't have to be back in school and I think these are the ones suffering immensely,"" @DyanHes tells CBSN. https://t.co/uzuvWDjJzT",45,5,15,2,2845351270,{'2845351270'},{'https://t.co/uzuvwdjjzt'},1,Notícias,Do Mundo,2021-03-09T18:52:08.0000000+00:00,-0.1757130324840545,0.8666666666666667,0.13052479020151,0.5596246657146294,48.68580142798557
1369564089211641856,16973333,Poetic justice sees Juventus eliminated after Andrea Agnelli turns back on football logic https://t.co/HeID4qijit,6,3,1,0,,,{'https://t.co/heid4qijit'},0,Notícias,Do Mundo,2021-03-10T08:21:38.0000000+00:00,-0.2621843218803406,1.0,0.2138492795692188,0.5596336018338082,11.871984713360805
1369426283919212544,1367531,"Lady Gaga's dognapping, dog walker shooting may have been part of gang initiation: report https://t.co/YaKrLOoOJR",47,13,32,8,,,{'https://t.co/yakrlooojr'},0,Notícias,Do Mundo,2021-03-09T23:14:03.0000000+00:00,-0.2349842488765716,1.0,0.2050667983382721,0.5596275532713293,68.38932280514224
1369438309643153408,14293310,"HBO's ""COVID Diaries NYC"" is a bracing, authentic antidote to fluffy quarantine TV
https://t.co/xozWFqWKco",45,12,1,2,,,{'https://t.co/xozwfqwkco'},0,Notícias,Do Mundo,2021-03-10T00:01:50.0000000+00:00,-0.1196792125701904,1.0,0.2280892235622676,0.5596280813342198,46.57679482243969
1369573257234550784,14173315,"Racist and homophobic tweets from Teen Vogue's new editor resurfaced over the weekend, prompting her to address the nearly 10-year-old posts in a message to staffers who condemned her actions. https://t.co/JOkKJ2zNXT",35,11,24,5,,,{'https://t.co/jokkj2znxt'},0,Notícias,Do Mundo,2021-03-10T08:58:04.0000000+00:00,-0.170985072851181,1.0,0.1365362800365379,0.5596339990826705,54.92055576059606
1370127157276606467,28785486,A rumbling volcano on Indonesia’s Sumatra island unleashed an avalanche of searing gas clouds down its slopes during an eruption. No casualties were reported. https://t.co/gTnC4v1KKu,67,35,8,4,,,{'https://t.co/gtnc4v1kku'},0,Notícias,Do Mundo,2021-03-11T21:39:04.0000000+00:00,-0.2009783685207367,1.0,0.1639179598312261,0.5596583367378676,90.1967197907211
1369419121818038275,28785486,"ICE QUEEN: Russian ballerina performs scenes from Swan Lake on the frozen Gulf of Finland to protest a plan to develop the area into a port.

She hopes her breathtaking performance will save swans which inhabit the bay. https://t.co/7aV6I2x7v2 https://t.co/2a9mnmxJqN",684,182,27,24,,,"{'https://t.co/7av6i2x7v2', 'https://t.co/2a9mnmxjqn'}",0,Notícias,Do Mundo,2021-03-09T22:45:35.0000000+00:00,-0.1596401035785675,0.9230769230769232,0.1188913410915113,0.5596272582981655,623.4482418525171
1369340768138240000,5988062,Sir Kazuo Ishiguro’s speculative scenario of technological innovation is a domestic satire on aspirational parenting https://t.co/PxCYvTHcYo,32,3,2,1,,,{'https://t.co/pxcyvthcyo'},0,Notícias,Do Mundo,2021-03-09T17:34:14.0000000+00:00,-0.2505915760993957,1.0,0.2160457769106872,0.5596238358257996,29.780965737398283
958350559177736194,48410093,#MissionImpossible trailer in 5 days. https://t.co/fcq31dLsUl,24710,6562,720,967,,,{'https://t.co/fcq31dlsul'},0,Celebridades,Artistas de TV,2018-01-30T14:45:53.0000000+00:00,0.0,0.0,0.0,0.5483820925062033,21673.707644736784
1355113743504584706,35727881,"'Start Over Again' w/ @MarcBenjamins &amp; @Vulavox is OUT NOW! ? Let me know what you think

► https://t.co/JRNFCpQOiY https://t.co/gUAWCApdRf",173,51,16,5,57675653|19728272,"{'57675653', '19728272'}","{'https://t.co/guawcapdrf', 'https://t.co/jrnfcpqoiy'}",2,Música,Electrônica,2021-01-29T11:21:07.0000000+00:00,-0.1395662724971771,1.0,0.0,0.559014795420646,168.8225055338384
1361587149062082561,155705264,@marywisdomart ?,41,2,1,0,1095082674383810560,{'1095082674383810560'},,1,Música,Electrônica,2021-02-16T08:04:08.0000000+00:00,0.0,0.0,0.0,0.5592883452280812,25.727677206318265
1354775320658898944,2439032786,@aspieters You are amazing! That interview was why I wanted to make the film. Thank you for your heart opening honesty ❤️,30,5,1,1,25345002,{'25345002'},,1,Celebridades,Artistas de TV,2021-01-28T12:56:21.0000000+00:00,-0.19179767370224,0.8333333333333334,0.0,0.5590006419278281,26.74078716292732
1330977426906689538,2439032786,Surround yourself with glass ceiling smashers? https://t.co/DyLbNFHtbB,1424,101,36,21,,,{'https://t.co/dylbnfhtbb'},0,Celebridades,Artistas de TV,2020-11-23T20:52:01.0000000+00:00,-0.1883456110954284,1.0,0.2596634391575384,0.5580429304187893,941.56524679225
423079851592257536,2176998871,@raquelkoster lovely meeting you last night.. Thanks for coming down! Hope you enjoy thebodybook. ❤️ http://t.co/j0XwcGIuFL,27,10,1,0,,,{'http://t.co/j0xwcgiufl'},0,Celebridades,Artistas de TV,2014-01-14T13:11:11.0000000+00:00,-0.1850938498973846,1.0,0.1827025174109419,0.5412271751405777,28.78396204667389
1305852766850555904,27042513,An honest glimpse into a day in my life. #mood #coffee #dali #LaughingManCoffee https://t.co/FQ6nMx2tLJ,112204,11188,1427,1860,,,{'https://t.co/fq6nmx2tlj'},0,Celebridades,Artistas de TV,2020-09-15T12:55:35.0000000+00:00,-0.2180242538452148,1.0,0.0,0.5571035046228149,76810.08927696488
1356654923870572546,35727881,@1peruvianguy nooo bro,7,0,7,0,902576832,{'902576832'},,1,Música,Electrônica,2021-02-02T17:25:13.0000000+00:00,-0.102922111749649,1.0,0.5178561161676974,0.5590794045046844,9.793909886741677
1361600708764700674,35727881,Watch my special set from the @tomorrowland One World Radio studio today [10:30am EST / 4:30pm CET]: https://t.co/vTVep1zEgY https://t.co/RvJDxd6GNu,142,27,7,0,69542069,{'69542069'},"{'https://t.co/rvjdxd6gnu', 'https://t.co/vtvep1zegy'}",1,Música,Electrônica,2021-02-16T08:58:00.0000000+00:00,-0.1604885458946228,1.0,0.156281089167088,0.559288945369355,117.5381221482099
1356664797979369475,35727881,"@lindembergb @1peruvianguy lol dont get factual, its coming when the season is back and festivals are back",3,1,0,0,166963684|902576832,"{'166963684', '902576832'}",,2,Música,Electrônica,2021-02-02T18:04:28.0000000+00:00,-0.0983599424362182,0.875,0.1983074763835336,0.5590798196303634,7.309059707012386
1329790713039523845,38633321,"Thinking of doing a new Go Harder EP! ? Which one is the best so far... 1, 2, 3 or 4? ? https://t.co/1e2CqV3u4q",53,3,8,0,,,{'https://t.co/1e2cqv3u4q'},0,Música,Electrônica,2020-11-20T14:16:26.0000000+00:00,-0.1996611356735229,1.0,0.1991905348179366,0.5579969923787317,42.51906529992307
1366587272477306883,155705264,"@AliMiller 2).
Because with talent comes money. But with money doesn’t come talent.",22,1,1,0,12893862,{'12893862'},,1,Música,Electrônica,2021-03-02T03:12:50.0000000+00:00,-0.0670376121997833,0.7142857142857143,0.3605608300846543,0.5595036804210599,17.386904495058623
1022134672929816578,202222127,Running in London for a day #studio #recording ?? I love the vibe of this city ??❤ https://t.co/CB6NQqudpm,226,18,28,1,,,{'https://t.co/cb6nqqudpm'},0,Música,Electrônica,2018-07-25T15:01:11.0000000+00:00,-0.2153209447860717,1.0,0.0,0.5495939401328643,162.679887488014
1358993966020976640,155705264,@JakeTWiiN Certainly could be. Maybe worth reinstalling and trying again,4,0,0,0,373955776,{'373955776'},,1,Música,Electrônica,2021-02-09T04:19:45.0000000+00:00,-0.1799496412277221,1.0,0.2597037559047736,0.5591780607942304,5.1782364340798726
1364866906658922496,35727881,1 MILLION ? @MarcBenjamins @Vulavox https://t.co/c1LRXF3EUD,152,20,6,2,57675653|19728272,"{'57675653', '19728272'}",{'https://t.co/c1lrxf3eud'},2,Música,Electrônica,2021-02-25T09:16:43.0000000+00:00,0.0,0.0,0.0,0.5594292081828897,112.44530818922782
1329456908726644738,21001379,300 million streams on All Around The World ?? https://t.co/qtnCpQZl5U,370,34,15,8,,,{'https://t.co/qtncpqzl5u'},0,Música,Electrônica,2020-11-19T16:10:01.0000000+00:00,-0.1911891996860504,1.0,0.0,0.5579840839203406,260.0208787408172
1314195121861132288,38633321,"?GIVEAWAY ALERT? ⁠
To celebrate the 1 year anniversary of my album 'Bright Nights', you have a chance to win QMERCH! How? Screenshot or share your favourite 'Bright Nights' track in your Instagram stories with #1yearofbrightnights &amp; don't forget to tag @quintino! https://t.co/w6TeBbjFgw",42,11,1,0,1696821,{'1696821'},{'https://t.co/w6tebbjfgw'},1,Música,Electrônica,2020-10-08T13:25:08.0000000+00:00,-0.0876488089561462,0.8888888888888888,0.1168897064402947,0.5574079002601532,42.366367459956514
1359391903838470147,155705264,@youareokay_ Happy bday :),14,1,1,0,256573194,{'256573194'},,1,Música,Electrônica,2021-02-10T06:41:00.0000000+00:00,-0.071291834115982,1.0,0.4494364165239821,0.5591949235230084,10.876439366289654
1340975456644939777,21001379,Episode 429 now live on #SoundCloud with new music by @Malaamusic @WandWmusic @tiesto @bingoplayers @djmauricewest @OliverHeldens @thomasgold and many more ?? https://t.co/1ep1raSEKD ?,86,8,3,2,73365668|2850323020|45777849|116699912|40101400|3100257690|256569627,"{'256569627', '73365668', '3100257690', '40101400', '2850323020', '45777849', '116699912'}",{'https://t.co/1ep1rasekd'},7,Música,Electrônica,2020-12-21T11:00:37.0000000+00:00,-0.1471108198165893,1.0,0.1783512149021876,0.5584366706702399,65.99542087147817
1308893236723953665,72915722,"Dior has been a longtime partner of mine and @CTAOP, and we’re honored by their commitment to the education &amp; empowerment of young people. Through this partnership, Dior is providing full 4-year scholarships for the new cohort of CTAOP Youth Leaders Scholars #DiorStandsWithWomen",574,60,23,0,2832973006,{'2832973006'},,1,Celebridades,Artistas de TV,2020-09-23T22:17:20.0000000+00:00,-0.1353908479213714,0.9166666666666666,0.2321284466500113,0.5572136235148314,406.85467620574167
1321799645652307969,27042513,"We’re bringing The Feud to @SamsClub. I only agreed to do this because it’s for two great foundations. And, it’s always an awesome day when I get to humiliate @VancityReynolds  @laughingmanco @AviationGin @sickkids  #LaughingManFoundation https://t.co/RYETl0zsIb",15162,1105,300,166,66573775|322929224|86089860|2893511188|15145732,"{'86089860', '66573775', '15145732', '322929224', '2893511188'}",{'https://t.co/ryetl0zsib'},5,Celebridades,Artistas de TV,2020-10-29T13:02:48.0000000+00:00,-0.135191261768341,0.9090909090909092,0.1302499428286569,0.5576917753167172,9955.37850256566
1349392742212726785,29758446,"Fan Video:

Warm yourself around the campfire while listening to Josephine Alexandra's mesmerizing cover of ""Cruel World"" from Red Dead Redemption 2.

https://t.co/lFC24h0L6l",2760,211,216,9,,,{'https://t.co/lfc24h0l6l'},0,Entretenimento,Games,2021-01-13T16:27:54.0000000+00:00,-0.1733184456825256,1.0,0.1774917634012792,0.5587777383373578,1910.560413069075
1369299518739595270,24742040,@geraltofiran We'll quote you on that.,25,0,0,0,1272221747740377088,{'1272221747740377088'},,1,Entretenimento,Games,2021-03-09T14:50:20.0000000+00:00,-0.198331743478775,1.0,0.0,0.5596220121231147,15.110008783770647
1323278697466630145,113696373,uhhhh https://t.co/po28RajxFg,4696,174,188,54,,,{'https://t.co/po28rajxfg'},0,Entretenimento,Games,2020-11-02T15:00:01.0000000+00:00,-0.2019921839237213,1.0,0.3799783615910078,0.5577477046590197,2950.146845451014
1293655120706600960,108361327,Enemy - show me what you wanna be https://t.co/IWuN8jU77s,6744,954,56,85,,,{'https://t.co/iwun8ju77s'},0,Música,Heavy Metal,2020-08-12T21:06:30.0000000+00:00,-0.2045854926109314,1.0,0.0,0.5566710143048893,4897.035722454466
1366187680472522754,10671602,"The latest #StateofPlay unveiled new updates for Returnal, Oddworld: Soulstorm, Final Fantasy VII Remake Intergrade, and more: https://t.co/Nf5SAc4CuL https://t.co/1mcFelRkvl",2192,193,91,5,,,"{'https://t.co/nf5sac4cul', 'https://t.co/1mcfelrkvl'}",0,Entretenimento,Games,2021-03-01T00:45:00.0000000+00:00,-0.2123055160045623,1.0,0.1661114446510218,0.5594863305868092,1502.8731447432106
1330751757664837632,118483749,"Who thought, that 40 years later Ace Of Spades would be back in the charts? Thanks to all the Motörfans out there for this great achievement! #aceofspades40 https://t.co/VtgG9gLxBG https://t.co/zkMQejjK7L",711,91,11,9,,,"{'https://t.co/vtgg9glxbg', 'https://t.co/zkmqejjk7l'}",0,Música,Heavy Metal,2020-11-23T05:55:17.0000000+00:00,-0.1278740167617797,1.0,0.1378270202721124,0.5580341639574832,517.3750880876366
1352380607314145283,252882791,"That’s a wrap for the #REShowcase! A new trailer, world-premiere gameplay, Resident Evil Re:Verse, and lots more was unveiled. We’d love to hear your thoughts on the show via a quick survey! ? https://t.co/cYUUb00tdV https://t.co/M90gcEnpoX",5284,742,370,241,,,"{'https://t.co/m90gcenpox', 'https://t.co/cyuub00tdv'}",0,Entretenimento,Games,2021-01-21T22:20:37.0000000+00:00,-0.1781471669673919,1.0,0.1317742731598429,0.5589009961723657,4132.594190422902
1072571174180306945,39887890,"Get pre-sale tickets for Slayer's North America Leg Five with special guests Lamb of God Amon Amarth Cannibal Corpse.

Click here and don't forget to RSVP / Pre-sale starts Wednesday morning:
https://t.co/96etwPVAYn https://t.co/96etwPVAYn",967,181,50,26,,,{'https://t.co/96etwpvayn'},0,Música,Heavy Metal,2018-12-11T19:17:49.0000000+00:00,-0.222792774438858,1.0,0.1244263778445627,0.5506428739297782,780.3295087752026
1360338125655056390,19114743,"We had fun working with Martin. He was a character and great at what he did, had a certain sort of charm about him &amp; a great sense of humour. But he was also a great 'skipper of the ship' if you like, because he had such an air of command about him #TimsTwitterListeningParty",523,35,8,1,,,,0,Música,Heavy Metal,2021-02-12T21:20:57.0000000+00:00,-0.149685651063919,0.7142857142857143,0.0906511063127662,0.5592351136584197,343.261559659348
1357788145794887681,29758446,"Another banger and a surreal video to match from our friend and GTA Online After Hours club resident, Solomun. Check it out! https://t.co/gLec5mgoqb",1977,118,121,10,,,{'https://t.co/glec5mgoqb'},0,Entretenimento,Games,2021-02-05T20:28:15.0000000+00:00,-0.1187302470207214,1.0,0.1647758653557618,0.5591271132971611,1315.1592484684452
1323308897638125568,238475531,"The Metallica Store is starting our holiday deals now to help you get going early! We'll be hosting a series of sales all month long and we’re kicking it off this week with up to 25% off storewide.

Shop Now ➡️ https://t.co/KNrZOMRXE7 https://t.co/c48sxIYMRI",1153,141,33,8,,,"{'https://t.co/knrzomrxe7', 'https://t.co/c48sxiymri'}",0,Música,Heavy Metal,2020-11-02T17:00:01.0000000+00:00,-0.200578898191452,0.875,0.1141391243885053,0.5577488654554161,832.7132506063987
1354966674525597698,821102114,@bookazoid_ @elonmusk We should have asked but got distracted by the car. #JamesBond https://t.co/drM7ssiePh,6004,140,88,29,44196397|1269612242783424512,"{'44196397', '1269612242783424512'}",{'https://t.co/drm7ssieph'},2,Entretenimento,Games,2021-01-29T01:36:43.0000000+00:00,-0.1930165290832519,1.0,0.0,0.5590086572376608,3582.13419265359
1367207527079940101,19114743,"A thank you message from Adrian

Smith/Kotzen - Debut album out Mar 26th!

Pre-order at https://t.co/hqp4bAXOwy

#IronMaiden #AdrianSmith #RichieKotzen #SmithKotzen https://t.co/T14wGwvpoC",1622,162,31,12,,,"{'https://t.co/t14wgwvpoc', 'https://t.co/hqp4baxowy'}",0,Música,Heavy Metal,2021-03-03T20:17:30.0000000+00:00,-0.2434137761592865,1.0,0.0,0.559530648472612,1117.3829912033566
1365338873287634950,821102114,"@PhiWeber @Acheralcz Our thoughts exactly!

@Acheralcz, open you DMs, we have a surprise ?",135,2,10,0,1152653592542830592|1340306048582901761,"{'1340306048582901761', '1152653592542830592'}",,2,Entretenimento,Games,2021-02-26T16:32:08.0000000+00:00,-0.1739977300167083,1.0,0.0,0.559449612988038,84.48361393439272
1332251315209113601,118483749,"Motörhead are for life, not just for Christmas! This is out today, in-store and online only at independent record stores and features a previously unreleased instrumental version of #aceofspades40  https://t.co/xs9nHhQj6Z #RSDBF https://t.co/H3PcmMvHMw",420,69,3,9,,,"{'https://t.co/h3pcmmvhmw', 'https://t.co/xs9nhhqj6z'}",0,Música,Heavy Metal,2020-11-27T09:14:00.0000000+00:00,-0.188603401184082,0.9166666666666666,0.1315479151145566,0.5580924199171216,327.0695722298909
1366426271023050755,14434070,"China has raced ahead with a national digital currency, a bold effort to remake the way that government-backed money works.  https://t.co/PyJUgO2Nnk",5,2,0,1,,,{'https://t.co/pyjugo2nnk'},0,Notícias,Tecnologia,2021-03-01T16:33:04.0000000+00:00,-0.206776887178421,1.0,0.1795306589672364,0.5594966887281709,10.171396593636002
1315101846596272129,55010030,How about you?   https://t.co/nhIqSdU8mW  #usemyvoice #vote https://t.co/6EVwKRJKXG,3301,654,139,108,,,"{'https://t.co/nhiqsdu8mw', 'https://t.co/6evwkrjkxg'}",0,Música,Rock,2020-10-11T01:28:08.0000000+00:00,-0.1948605179786682,1.0,0.0,0.5574414257264056,2710.2806333265567
1332399472039620612,110783489,"?? @ShavoOdadjian #ProtectTheLand
?: @ArmenKeleshian https://t.co/ITtT4tFRxv",1085,95,8,4,181948237|53919756,"{'181948237', '53919756'}",{'https://t.co/ittt4tfrxv'},2,Música,Heavy Metal,2020-11-27T19:02:43.0000000+00:00,0.0,0.0,0.0,0.5580981883657412,719.3890558558539
1317126907926773763,55010030,"Catch a live interview with Amy and Zach Crothers from @portugaltheman today at 1pm ET. They will discuss the importance of voting here: https://t.co/uKhviYNk71
#UseMyVoice",399,51,3,2,14840013,{'14840013'},{'https://t.co/ukhviynk71'},1,Música,Rock,2020-10-16T15:35:00.0000000+00:00,-0.1914197504520416,1.0,0.1743588985075408,0.5575166094527573,290.5637830084218
1359835679577018368,1124816718,English football bodies demand action on racism from Twitter and Facebook https://t.co/BjbVeXqbxI,2,1,1,0,,,{'https://t.co/bjbvexqbxi'},0,Notícias,Tecnologia,2021-02-11T12:04:25.0000000+00:00,-0.22965008020401,1.0,0.2217678970983253,0.5592137474140572,6.834633146449039
1364200104257708046,7905122,Elon Musk no longer world’s richest person as Tesla shares fall https://t.co/9v2Dul4Nk7,13,4,4,4,,,{'https://t.co/9v2dul4nk7'},0,Notícias,Tecnologia,2021-02-23T13:07:05.0000000+00:00,-0.2651107013225555,1.0,0.2269478372593735,0.5594004596397012,20.82477473613225
1370041595605753862,28785486,"On this day in 1918, what were believed to be the first confirmed U.S. cases of a deadly global flu pandemic were reported among U.S. Army soldiers stationed at Fort Riley, Kansas.

The 1918 flu pandemic killed an estimated 50 million worldwide. https://t.co/Y0eUlg0yQf https://t.co/4hucgIA7aH",94,49,11,7,,,"{'https://t.co/y0eulg0yqf', 'https://t.co/4hucgia7ah'}",0,Notícias,Do Mundo,2021-03-11T15:59:05.0000000+00:00,-0.1840166747570037,0.7,0.2134669426525603,0.5596545772606775,126.99314993977907
1369440747641049091,5988062,Brazil’s former president Luiz Inácio Lula da Silva served 18 months of a 12-year term for corruption and money-laundering before being released. He is now free to run for president again in 2022 https://t.co/0bO9c6tcCN,215,62,33,8,,,{'https://t.co/0bo9c6tccn'},0,Notícias,Do Mundo,2021-03-10T00:11:31.0000000+00:00,-0.2185131311416626,0.9166666666666666,0.1368342107634264,0.5596282186428286,219.9638285995912
1369352315698872325,807095,"Nominees for the BAFTAs are more diverse this year after a furor over the lack of women and people of color nominated last year. The change appears to be the result of the British film academy overhauling its voting rules to increase diversity.
https://t.co/zni498g79G",198,27,20,4,,,{'https://t.co/zni498g79g'},0,Notícias,Do Mundo,2021-03-09T18:20:08.0000000+00:00,-0.1878291368484497,0.8,0.1007221802496958,0.559624346142071,162.2355350849167
1369445460163915780,15012486,WATCH: Thai Prime Minister Prayuth Chan-ocha responds to journalists' questions at a news conference after a weekly cabinet meeting by spraying them with hand sanitizer. https://t.co/sLXlNSDsYD,138,83,46,54,,,{'https://t.co/slxlnsdsyd'},0,Notícias,Do Mundo,2021-03-10T00:30:15.0000000+00:00,-0.1973378956317901,1.0,0.1630960476190589,0.5596283959434523,231.21782794516537
1369465541925175296,14173315,"WATCH: Gila County, Arizona, was once a hotspot with some of the highest rates of Covid-19 in the country. Now it’s one of the only places to move beyond vaccine eligibility requirements. - @NBCNightlyNews https://t.co/BtDF19L7bJ",79,18,8,2,8839632,{'8839632'},{'https://t.co/btdf19l7bj'},1,Notícias,Do Mundo,2021-03-10T01:50:03.0000000+00:00,-0.2106794416904449,1.0,0.1244263778445627,0.5596292751793678,76.7388568491833
1369408111698673675,14293310,"Since COVID-19 was declared a national emergency, every state and Washington, D.C., has canceled or scaled back in-person criminal court proceedings.

The justice system has left hundreds of thousands of families waiting for trials and other resolutions https://t.co/Owloq35JrC",50,15,4,2,,,{'https://t.co/owloq35jrc'},0,Notícias,Do Mundo,2021-03-09T22:01:50.0000000+00:00,-0.1200391352176666,1.0,0.1273535360809461,0.5596267573522858,55.47433836141011
1369469114620731393,1367531,Relatives of seniors who died of COVID in nursing homes want @NYGovCuomo  to do this with book profits https://t.co/9Q9du0XJsh,313,80,67,5,232268199,{'232268199'},{'https://t.co/9q9du0xjsh'},1,Notícias,Do Mundo,2021-03-10T02:04:15.0000000+00:00,-0.1423404514789581,1.0,0.1657644334702355,0.5596294312737389,307.88895413161555
1369589127168073728,14173315,"WATCH: India’s Covid-19 infection rate plummeted, but experts still don’t know why. @janisfrayer explains the factors scientists are looking at in India’s comeback. https://t.co/4E2bHCDnW5",28,10,12,0,137223549,{'137223549'},{'https://t.co/4e2bhcdnw5'},1,Notícias,Do Mundo,2021-03-10T10:01:08.0000000+00:00,-0.1119106709957122,0.9230769230769232,0.0,0.5596346952788833,41.36993213401795
1367963978421264385,180505807,@TheView @ClaireShipman @KattyKay_ @MeghanMcCain Grateful for our Confidence Code partnership ?,4,0,5,0,21258337|43996908|22996985|23176276,"{'21258337', '23176276', '43996908', '22996985'}",,4,Entretenimento,Mídias Sociais,2021-03-05T22:23:22.0000000+00:00,-0.1609295904636383,1.0,0.245735253378738,0.5595636066714688,6.852202568236732
1329459194601193472,1636590253,.@AtlanticCityBGC and their community supporters are changing lives by empowering kids with creative new learning opportunities. Apple is honored to support @BGCA_Clubs across the US with technology to help students push the boundaries of what’s possible. https://t.co/zumyfBZ0cl,1444,135,170,24,28585586|852216342514204673,"{'852216342514204673', '28585586'}",{'https://t.co/zumyfbz0cl'},2,Celebridades,Personalidades de Negócios,2020-11-19T16:19:06.0000000+00:00,-0.2126984298229217,0.9230769230769232,0.0,0.5579841668602519,1072.4032824702383
1364604015103778820,50393960,Thanks @JudyWoodruff and @NewsHour for having me on the show to talk about climate change and COVID-19 – two urgent global issues that need global collaboration. https://t.co/gGH7XR9yGW,2596,278,1,58,48144950|14437914,"{'14437914', '48144950'}",{'https://t.co/ggh7xr9ygw'},2,Celebridades,Personalidades de Negócios,2021-02-24T15:52:04.0000000+00:00,-0.1785959005355835,1.0,0.1476714639511195,0.5594178666156491,1801.967764118816
1364248308781248517,1636590253,"The Equality Act reflects in law the fact that every person deserves dignity &amp; respect, regardless of sexual orientation or gender identity—at work, at home and in the public square. We strongly support its passage, and we encourage Congress to come together and get it done.",5695,705,306,61,,,,0,Celebridades,Personalidades de Negócios,2021-02-23T16:18:37.0000000+00:00,-0.2352887988090515,1.0,0.1087029185676301,0.5594025065697104,4189.426817625198
1259963743716298754,26389359,"Have you ever tried to do an Intranet search like ""what time is IT Help Desk Open"" + ended up w random list of docs/links? Happens all the time at cos. Internal enterprise search is a mess...til now w launch of Amazon Kendra #AWS  https://t.co/R3gJmQyNCj",250,75,7,6,,,{'https://t.co/r3gjmqyncj'},0,Celebridades,Personalidades de Negócios,2020-05-11T21:49:00.0000000+00:00,-0.0982734858989715,0.8888888888888888,0.1218282344746595,0.555547116532943,240.00494903512688
1351256621993738240,50393960,"#MLKDay has long been a national day of service. As we celebrate the first without Congressman John Lewis, I'm thinking about his powerful call to remain hopeful about the future as we work to make our country—and our world—a better place. https://t.co/RpmKvrzjPo",4499,543,0,66,,,{'https://t.co/rpmkvrzjpo'},0,Celebridades,Personalidades de Negócios,2021-01-18T19:54:18.0000000+00:00,-0.0775911211967468,0.9230769230769232,0.1172417897547217,0.5588545019509494,3166.492345835597
1298277043499462656,1636590253,"“Knowing who we are, and where we have come from, is the simplest and most effective way to unite us as Americans. Our national parks were set aside for this very purpose.” -Audrey &amp; Frank Peterman. We must all protect America’s best idea. #ShotOniPhone by @samhorine #NPSBirthday https://t.co/1dCKSqdolT",6058,524,156,27,8386342,{'8386342'},{'https://t.co/1dcksqdolt'},1,Celebridades,Personalidades de Negócios,2020-08-25T15:12:22.0000000+00:00,-0.0635360777378082,0.8888888888888888,0.1158784337721914,0.5568331858025126,4069.897043946724
1362476144830812161,772493970,Zoom Into Space! Watch Our Panel Discussion on NASA and Northrop Grumman’s S.S. Katherine Johnson Launch https://t.co/ZeMg1YWmjD,13,3,0,1,,,{'https://t.co/zemg1ywmjd'},0,Celebridades,Personalidades de Negócios,2021-02-18T18:56:41.0000000+00:00,-0.1927869617938995,1.0,0.1939619103137807,0.5593264007993947,14.660676769120252
1346184604827279360,50393960,It’s great to see India’s leadership in scientific innovation and vaccine manufacturing capability as the world works to end the COVID-19 pandemic @PMOIndia https://t.co/Ds4f3tmrm3,87885,20483,0,2405,471741741,{'471741741'},{'https://t.co/ds4f3tmrm3'},1,Celebridades,Personalidades de Negócios,2021-01-04T19:59:55.0000000+00:00,-0.2492436468601226,0.9166666666666666,0.1575117701272144,0.5586466933056841,73333.0344284934
1364662601473429514,50393960,There are several ways individuals can help move us closer to a zero-carbon future. Here are a few: https://t.co/oTQ5ebQ4yp https://t.co/V3TBVjfZlp,2913,591,0,103,,,"{'https://t.co/otq5ebq4yp', 'https://t.co/v3tbvjfzlp'}",0,Celebridades,Personalidades de Negócios,2021-02-24T19:44:53.0000000+00:00,-0.234857439994812,0.8333333333333334,0.0,0.559420394396428,2352.8291477943903
1365338574908891138,50393960,Recent extreme weather events are a stark reminder that we’re already seeing the effects of climate change here at home and around the world. This type of observation system will help scientists monitor and predict future weather events. https://t.co/eO4eKSDRn0,3020,411,0,96,,,{'https://t.co/eo4eksdrn0'},0,Celebridades,Personalidades de Negócios,2021-02-26T16:30:57.0000000+00:00,-0.127269297838211,0.875,0.1231332996985023,0.559449593777262,2212.0628551767177
1369286911391637513,5988062,Custom ringtones used to be a kind of identity-marker for mobile-phone owners. On “The Intelligence” @SaskiaSolomon explains why they disappeared so swiftly https://t.co/QApgjvav3h https://t.co/lHn61fpX2V,23,6,1,1,1199306546888544256,{'1199306546888544256'},"{'https://t.co/lhn61fpx2v', 'https://t.co/qapgjvav3h'}",1,Notícias,Do Mundo,2021-03-09T14:00:14.0000000+00:00,-0.1610150933265686,1.0,0.1476714639511195,0.5596214755996477,26.94446902359368
1369435367892455435,14173315,"A suspected asteroid streaked though the skies over northern Vermont on Sunday, moving so fast and creating so much force that it rattled buildings on the ground, NASA says. https://t.co/BG0rM7UnPp",132,44,21,10,,,{'https://t.co/bg0rm7unpp'},0,Notícias,Do Mundo,2021-03-09T23:50:09.0000000+00:00,-0.1823319196701049,0.9166666666666666,0.1422653176189824,0.5596279521935721,147.77477287071923
1363878818100875267,3339261074,Ready to start week two @Intel! Nice to see so many familiar faces (maybe with a bit more grey hair now). The mojo is coming back!,1117,35,43,4,2803191,{'2803191'},,1,Celebridades,Personalidades de Negócios,2021-02-22T15:50:24.0000000+00:00,-0.1982733011245727,1.0,0.1661655188700342,0.5593866140030862,696.5334654000126
1369552724228980736,5988062,"In pre-revolutionary France, King Louis XIV declared that only those in royal favour could climb into red high heels https://t.co/gAznwxLc5C From @1843mag",65,24,5,1,60959527,{'60959527'},{'https://t.co/gaznwxlc5c'},1,Notícias,Do Mundo,2021-03-10T07:36:29.0000000+00:00,-0.1780084669589996,1.0,0.1587779498348762,0.5596331292691256,70.60262976104507
1369611540475895810,759251,"As President Xi breeds a culture of nationalism and forges increasingly hostile relations with Western governments, some fear that if a diplomatic spat between their government and Beijing occurred while they were in China they could become a target. https://t.co/OAa6lfpipO",135,43,31,3,,,{'https://t.co/oaa6lfpipo'},0,Notícias,Do Mundo,2021-03-10T11:30:12.0000000+00:00,-0.1981044709682464,1.0,0.1327011125523027,0.5596357121786191,150.61629994614188
1370134342106804226,28785486,"""Our democracy, like our society, works because we share a common story,"" Pres. Obama says.

""Right now, we're at one of those inflection points...where our shared story has broken down.""

Watch Obama share his recommendations with high school students: https://t.co/xY8G8YiI04 https://t.co/aANQ76kez6",79,20,5,4,,,"{'https://t.co/aanq76kez6', 'https://t.co/xy8g8yii04'}",0,Notícias,Do Mundo,2021-03-11T22:07:37.0000000+00:00,-0.1865813136100769,0.7692307692307693,0.1954127859917043,0.5596586524873126,78.89207198362801
1369533353930727426,87818409,MP behind Meghan letter calls for action on press bullying https://t.co/FrbhssZVbe,148,41,23,7,,,{'https://t.co/frbhsszvbe'},0,Notícias,Do Mundo,2021-03-10T06:19:30.0000000+00:00,-0.2499423623085022,1.0,0.2303517894374276,0.5596322850385106,149.55073688694625
1369389341445873676,28785486,".@FiveThirtyEight breaks down why some Senate Democrats voted against raising the minimum wage:

?: https://t.co/mMzrNS8BBu",27,7,13,0,2303751216,{'2303751216'},{'https://t.co/mmzrns8bbu'},1,Notícias,Do Mundo,2021-03-09T20:47:15.0000000+00:00,-0.1864651143550872,1.0,0.0,0.5596259527945394,33.57754669144238
1369285101100691456,5988062,“What are human emotions? How do they work?... Does she have empathy? Or is she just observing human emotions and simulating them within herself?” Nobel laureate Sir Kazuo Ishiguro talks about his new novel #KlaraandtheSun on “The Economist Asks” https://t.co/FFFFt0Kqc9,88,33,4,4,,,{'https://t.co/fffft0kqc9'},0,Notícias,Do Mundo,2021-03-09T13:53:02.0000000+00:00,-0.1274051964282989,0.8823529411764706,0.1279049355848084,0.5596213961978754,100.73758991518342
1354520696358137868,58560480,"Great conversation on @theCUBE @dvellante @furrier with thought leaders @theICToptimist of @DellTech and @cswolf of @vmware discussing trends that will shape the future of #edgecomputing.
https://t.co/Ymid3nFN3C",148,35,6,2,17778727|19912819|12092012|15058596|715901816857358336|833071|12599552,"{'17778727', '715901816857358336', '833071', '12599552', '15058596', '12092012', '19912819'}",{'https://t.co/ymid3nfn3c'},7,Celebridades,Personalidades de Negócios,2021-01-27T20:04:34.0000000+00:00,-0.1496610641479492,1.0,0.1413136915113981,0.5589900255211309,130.8835006450078
1356255250680864768,3339261074,@virtspeaking @vPedroArrow @Lost_Signal @VMware @intel Thanks for having me on all these years!,25,0,1,0,2803191|325583244|12092012|179819182|1029090551814148096,"{'2803191', '325583244', '1029090551814148096', '12092012', '179819182'}",,5,Celebridades,Personalidades de Negócios,2021-02-01T14:57:04.0000000+00:00,-0.1727319657802581,1.0,0.0,0.5590626170491189,16.776056289504922
1355169402128363523,3339261074,"@ShamailXD @VMware @intel Thanks for sharing, this brings back some very fond memories. Looking forward to rejoining the Intel team.",1,0,0,0,12092012|418379573|2803191,"{'12092012', '2803191', '418379573'}",,3,Celebridades,Personalidades de Negócios,2021-01-29T15:02:17.0000000+00:00,-0.1885138750076294,1.0,0.3674376412719194,0.5590171215947685,5.240735464993978
1354446870312005635,3339261074,"@AmandaBlev @VMware @intel Thank you for the kind words, it's been honor to work with folks like you - folks who truly embody VMware's culture.",4,0,0,0,1703636556|12092012|2803191,"{'12092012', '2803191', '1703636556'}",,3,Celebridades,Personalidades de Negócios,2021-01-27T15:11:12.0000000+00:00,-0.2202626466751098,0.8888888888888888,0.3163130845357348,0.5589869370052611,7.385712616147927
1343929726579187713,3339261074,"With those as my top 10, there are so many other great reads I may have missed. What should be on my list for 2021?",17,0,15,0,,,,0,Celebridades,Personalidades de Negócios,2020-12-29T14:39:50.0000000+00:00,-0.1776567995548248,0.8888888888888888,0.168523986351327,0.5585553635626412,22.937012162885207
1365767910543691777,58560480,"@Benioff @Dell Thank you @Benioff, my brother from another mother, for your friendship and for inspiring us all with your purpose-driven leadership and for teaching us all that businesses are the greatest platforms for change in the world!?",173,5,5,0,58561993|22330739,"{'58561993', '22330739'}",,2,Celebridades,Personalidades de Negócios,2021-02-27T20:56:59.0000000+00:00,-0.2554885149002075,0.875,0.1066544972682939,0.5594681754883047,109.6463411198049
1334873804582121475,3339261074,"@furrier @awscloud Was all in good fun, always look forward to chatting on the future of tech.",4,0,1,0,833071|66780587,"{'833071', '66780587'}",,2,Celebridades,Personalidades de Negócios,2020-12-04T14:54:50.0000000+00:00,-0.1424227952957153,1.0,0.0,0.5581949605415858,6.702510820683648
1312137847378386944,20571756,"@itsmfonline @Microsoft Thank you, @mbuckhamwhite and team, for inviting me – and for the partnership with this important community.",10,2,4,0,81886977|74286565|132178432,"{'81886977', '132178432', '74286565'}",,3,Celebridades,Personalidades de Negócios,2020-10-02T21:10:15.0000000+00:00,-0.225914180278778,1.0,0.1695544147102369,0.557332151302089,12.356165370701747
1356662728111181824,14130366,@noam @Google @waze Thanks for your focus on customers and the amazing journey @noam and best wishes!,557,12,14,0,20536157|33461893|31171669,"{'31171669', '20536157', '33461893'}",,3,Celebridades,Personalidades de Negócios,2021-02-02T17:56:14.0000000+00:00,-0.1978510320186615,1.0,0.0,0.5590797091992243,335.4495383719633
1329861315624660993,3339261074,@matthiaseisner @VMworld @yvessandfort How could I forget :),3,0,0,0,21678051|1417400503|12947382,"{'21678051', '1417400503', '12947382'}",,3,Celebridades,Personalidades de Negócios,2020-11-20T18:56:59.0000000+00:00,-0.1119020283222198,1.0,0.3032160644503863,0.5579997189600687,2.963362908725954
968884303131234305,42703075,Are you afraid of riding in a driverless car? Waymo wants you to experience it without having to actually do it. https://t.co/k4Y2XfNHGz https://t.co/8xrcB4DwPH,41,27,4,4,,,"{'https://t.co/k4y2xfnhgz', 'https://t.co/8xrcb4dwph'}",0,Notícias,Tecnologia,2018-02-28T16:23:13.0000000+00:00,-0.2268849313259124,1.0,0.1408014307869352,0.548574292989982,61.51759383040012
1369047712184889353,46403451,Milan Skriniar strikes to keep Serie A leaders Inter on title track with narrow win over Atalanta https://t.co/i0fSro2wb0,15,2,0,0,,,{'https://t.co/i0fsro2wb0'},0,Notícias,Esportes,2021-03-08T22:09:44.0000000+00:00,-0.2217360436916351,1.0,0.1952893091035862,0.5596109945941842,15.218795476503082
1368988690211627016,19407053,"Biden Poised to Sign Final Stimulus Package With $1,400 Checks Within Days https://t.co/YEMDf9U0ej",26,8,3,2,,,{'https://t.co/yemdf9u0ej'},0,Notícias,Negócios,2021-03-08T18:15:12.0000000+00:00,-0.2323002517223358,1.0,0.2107803444058925,0.5596083908693429,29.777207569839906
1369031455695900677,19407053,"Last Woman Standing: After 2020, One Women's Coworking Company Remains | by @CherylSnapp https://t.co/c68elrcjJt",10,8,1,1,14231246,{'14231246'},{'https://t.co/c68elrcjjt'},1,Notícias,Negócios,2021-03-08T21:05:09.0000000+00:00,-0.1978515088558197,0.8333333333333334,0.2189134778918653,0.5596102633389444,19.615605473084404
1369181799029571589,46403451,"West Ham are not going away just yet. This win was not remotely as comfortable as the margin might suggest but it means they are breathing down the necks of the top four, with a game in hand and a potentially defining trip to Old Trafford. By @NickAmes82 https://t.co/5hAfJlhdrD",12,2,1,1,116522353,{'116522353'},{'https://t.co/5hafjlhdrd'},1,Notícias,Esportes,2021-03-09T07:02:33.0000000+00:00,-0.2327204942703247,0.7857142857142857,0.1118571740206399,0.5596168671566831,17.290814721137657
1369327333824430080,15110357,South Africa's GDP expands in fourth-quarter but records big annual contraction https://t.co/R0F2O1XHsw https://t.co/31c9XQpZ7j,8,1,0,0,,,"{'https://t.co/r0f2o1xhsw', 'https://t.co/31c9xqpz7j'}",0,Notícias,Negócios,2021-03-09T16:40:51.0000000+00:00,-0.1999706327915191,1.0,0.1761439332555454,0.5596232178784637,10.171792780433169
1367763412244172802,368276033,"? F1 calendar for the 2021 season complete ?

#PortugueseGP rubber-stamped to take the vacant third slot on the record-breaking schedule

#SkyF1 | #F1",699,72,10,9,,,,0,Notícias,Esportes,2021-03-05T09:06:23.0000000+00:00,-0.153748482465744,1.0,0.3133193691682275,0.5595548779917789,488.6673478733613
1369416324275961858,111556576,"GOAL! Juventus 2-2 Porto (agg 3-4)

Sergio Oliveira with his second!

https://t.co/SbXySTXtJp #UCL https://t.co/JypY7edJSI",10,0,0,0,,,"{'https://t.co/jypy7edjsi', 'https://t.co/sbxystxtjp'}",0,Notícias,Esportes,2021-03-09T22:34:28.0000000+00:00,-0.1947850584983825,1.0,0.1916685876976158,0.5596271117180602,11.299846795884529
1369287711480221698,67358777,"This startup is building self-flying cargo planes for Fedex, with the long-term vision of shuttling around people, too https://t.co/v2YYsJyCEj",14,6,1,0,,,{'https://t.co/v2yysjycej'},0,Notícias,Negócios,2021-03-09T14:03:25.0000000+00:00,-0.2085894048213958,1.0,0.178334784713999,0.5596215122499417,21.36543327639293
1369352282937065472,265902729,"Manchester City will reportedly not pursue a deal for Kylian Mbappe.

? The papers say they have two alternative options.

The gossip ⤵

#bbcfootball",122,18,16,2,,,,0,Notícias,Esportes,2021-03-09T18:20:00.0000000+00:00,-0.2184256315231323,0.9,0.1843964064863297,0.5596243266288768,104.69700738910254
1366447180521816066,621583,Biden urged to back AI weapons to counter China and Russia threats https://t.co/19yAcFayJy,11,10,2,15,,,{'https://t.co/19yacfayjy'},0,Notícias,Tecnologia,2021-03-01T17:56:09.0000000+00:00,-0.2523801922798157,1.0,0.1977167368444619,0.5594976267270979,30.3234993914969
1366730304740872194,621583,City scraps influencer plan for George Floyd murder trial https://t.co/OtyZ481Zp4,4,3,0,2,,,{'https://t.co/otyz481zp4'},0,Notícias,Tecnologia,2021-03-02T12:41:11.0000000+00:00,-0.1947973072528839,1.0,0.2399871970833481,0.5595099216697274,10.20545931122275
1366828167936237575,25562270,Robotics division of Uber's Postmates spins out into new company https://t.co/M09bcO2zO9 https://t.co/GXJKRhmrrD,4,1,0,0,,,"{'https://t.co/m09bco2zo9', 'https://t.co/gxjkrhmrrd'}",0,Notícias,Tecnologia,2021-03-02T19:10:04.0000000+00:00,-0.2266876995563507,1.0,0.188038742471535,0.55951415874113,7.938410992081366
1369392703054708740,1344951,"In this WIRED interview, Kazuo Ishiguro talks to us about his latest novel, ‘Klara and the Sun.’ It is inspired by recent technological advances, and a desire to understand where these advances could lead humanity. https://t.co/qU3Z9zQR1Y",26,4,0,1,,,{'https://t.co/qu3z9zqr1y'},0,Notícias,Tecnologia,2021-03-09T21:00:37.0000000+00:00,-0.1656758189201355,1.0,0.1339579378879373,0.5596260807368837,28.056275188118185
1365259500064804866,34992644,"""Definitely cool for me to be in the same field as I think the GOAT.""

Annika Sorenstam, the 10-time major winner who retired in 2008, made her comeback at the Gainbridge LPGA Championship on Thursday.
https://t.co/AUnQqdE6sc",14,4,0,0,,,{'https://t.co/aunqqde6sc'},0,Notícias,Esportes,2021-02-26T11:16:44.0000000+00:00,-0.1053533852100372,1.0,0.1227813951754857,0.559446169885296,21.887743337727752
1369045377417162761,46403451,Jesse Lingard and Craig Dawson strike against Leeds to send West Ham fifth @NickAmes82 https://t.co/5hAfJlhdrD,16,3,1,0,116522353,{'116522353'},{'https://t.co/5hafjlhdrd'},1,Notícias,Esportes,2021-03-08T22:00:28.0000000+00:00,-0.2180891931056976,1.0,0.2112156419256534,0.5596108924836533,17.46614881883452
1358797009164111874,1124816718,Bitcoin hits new high as Tesla reveals $1.5bn investment https://t.co/rtRrBAIdlA,1,1,0,0,,,{'https://t.co/rtrrbaidla'},0,Notícias,Tecnologia,2021-02-08T15:17:06.0000000+00:00,-0.2255868017673492,1.0,0.2235062506454222,0.5591697152057628,4.039218449512847
1369475640076996610,14173315,"A dozen women have come forward to accuse the rapper T.I. and his wife of sexual assault and misconduct, with some allegations stretching back more than a decade; an attorney for the couple categorically denies all of the allegations. https://t.co/itvbKFmaUV",43,21,11,10,,,{'https://t.co/itvbkfmauv'},0,Notícias,Do Mundo,2021-03-10T02:30:10.0000000+00:00,-0.212464839220047,0.9166666666666666,0.1210596371125692,0.559629717862497,66.61706269235135
1370088400410324994,28785486,"Newly-confirmed AG Merrick Garland delivered his first virtual address to Justice Department employees, using his remarks to express solidarity with career officials and what he described as their united pursuit of equal justice for all Americans. https://t.co/KvnGD1x3g2",167,31,6,3,,,{'https://t.co/kvngd1x3g2'},0,Notícias,Do Mundo,2021-03-11T19:05:04.0000000+00:00,-0.1589148640632629,1.0,0.1282248370637189,0.5596566336989909,141.10522309600924
1369990624041140230,28785486,"“We are very much not a racist family.”

Prince William defends Britain's royal family against accusations of racism made by his brother Prince Harry and sister-in-law Duchess Meghan. https://t.co/Us3bcVvQsx https://t.co/aU9NDmwqbf",229,53,114,42,,,"{'https://t.co/au9ndmwqbf', 'https://t.co/us3bcvvqsx'}",0,Notícias,Do Mundo,2021-03-11T12:36:32.0000000+00:00,-0.1577717363834381,0.9166666666666666,0.2401169414473439,0.5596523380199447,282.7121645361932
1369538553219325952,87818409,Perseverance Martian landing point named after Octavia E Butler https://t.co/xkd2qFVsOI,126,40,9,2,,,{'https://t.co/xkd2qfvsoi'},0,Notícias,Do Mundo,2021-03-10T06:40:10.0000000+00:00,-0.2281589806079864,1.0,0.2549525701887739,0.5596325131440002,125.5003671752234
1369264726656638979,5988062,Are Galaxy Entertainment and MGM China a winning bet? https://t.co/JHgLfM46jK,24,8,0,1,,,{'https://t.co/jhglfm46jk'},0,Notícias,Do Mundo,2021-03-09T12:32:05.0000000+00:00,-0.2136867344379425,1.0,0.2513652654754977,0.5596205035084763,26.442830893582013
1369589858763673606,14173315,"The plan includes a proposed cut of up to 8.5% to monthly pensions of at least $1,500. That has long been a point of contention between the board and the governor, who has repeatedly said he would not approve such cuts. - @NBCLatino https://t.co/G4PBZ3mnpj",23,11,5,1,377949581,{'377949581'},{'https://t.co/g4pbz3mnpj'},1,Notícias,Do Mundo,2021-03-10T10:04:02.0000000+00:00,-0.1754100918769836,1.0,0.1139920582353917,0.559634727292247,36.44006469451524
1369396337469501452,807095,The billionaire developer Stephen Ross is rallying fellow business leaders to commit tens of millions of dollars to push moderate Democrats to vote in New York City's mayoral race. https://t.co/zbqnn2EtnI,101,34,23,4,,,{'https://t.co/zbqnn2etni'},0,Notícias,Do Mundo,2021-03-09T21:15:03.0000000+00:00,-0.2081488370895385,1.0,0.1358313736942574,0.5596262757000813,115.91868686449462
1369538190827270145,28785486,"?""It's not too late, baby/It's not too late/And you really are gonna make it""? https://t.co/KdU7RuRCZA",165,24,8,4,,,{'https://t.co/kdu7rurcza'},0,Notícias,Do Mundo,2021-03-10T06:38:44.0000000+00:00,-0.2036410272121429,0.75,0.0,0.5596324796070673,130.25444915219316
1369063128269479936,1367531,"Forget something? @CNN's left-wing media pundit @brianstelter mocked for filming himself without pants on during network hit.
https://t.co/PTVuHYeAyI",478,142,500,63,759251|14515799,"{'14515799', '759251'}",{'https://t.co/ptvuhyeayi'},2,Notícias,Do Mundo,2021-03-08T23:11:00.0000000+00:00,-0.1808814704418182,1.0,0.1818001409099083,0.5596116414330883,745.5044441395642
1354853026545102849,18228898,#Minefields music video out now! @Faouzia https://t.co/TdkgeoO4E4 https://t.co/vAkpan7Atp,1953,335,77,68,2479152487,{'2479152487'},"{'https://t.co/tdkgeoo4e4', 'https://t.co/vakpan7atp'}",1,Música,Pop,2021-01-28T18:05:08.0000000+00:00,-0.2075141966342926,1.0,0.0,0.5590038806849951,1550.6769746755751
1322665368108716033,14230524,I’m voting for America #vote #election2020 https://t.co/bspDNkxnhJ,197004,17456,52889,24500,,,{'https://t.co/bspdnkxnhj'},0,Música,Pop,2020-10-31T22:22:52.0000000+00:00,0.0,0.0,0.0,0.557724479077004,172508.5966185373
1331756802078334982,17919972,"@AshhHuntington @disneyplus @aaron_dessner Thanks, Aaron is one of the most talented people on earth (as well as the most kind) so it felt like a safe place to talk about complex stuff we struggle with. #folkloreOnDisneyPlus",16564,1334,666,115,985916593065476096|426240908|2923474228,"{'426240908', '2923474228', '985916593065476096'}",,3,Música,Pop,2020-11-26T00:28:59.0000000+00:00,-0.0789212584495544,1.0,0.1339323540866673,0.5580731883414923,11175.536004389724
1349357033301159936,9676212,What's open and closed in SoCal under state's latest COVID rules https://t.co/IIdSwghxce,1,3,0,0,,,{'https://t.co/iidswghxce'},0,Notícias,Viagens,2021-01-13T14:06:01.0000000+00:00,-0.1942328214645385,1.0,0.2212110251113209,0.5587762897446138,7.387703231609162
1367339191961489408,20346956,"It’s gonna’ be a yes from @_Alvo_.

(?: @SpectrumSN) https://t.co/uDlU202s1Z",1411,153,45,11,435497565|234661277,"{'234661277', '435497565'}",{'https://t.co/udlu202s1z'},2,Esportes,Basquete,2021-03-04T05:00:41.0000000+00:00,-0.0899107158184051,1.0,0.2597037559047736,0.5595363811097224,995.5608305195996
1367307559640571904,20346956,"#LakeShow ? #SacramentoProud

?: @SpectrumSN
?: 710 ESPN &amp; 1330 Tu Liga

https://t.co/wkJMBQZYln",487,58,14,3,435497565,{'435497565'},{'https://t.co/wkjmbqzyln'},1,Esportes,Basquete,2021-03-04T02:55:00.0000000+00:00,-0.1617355048656463,1.0,0.2547400188160467,0.5595350042069354,352.09034842859995
1368204280629444611,11026952,"Happy Birthday @SHAQ!

Since everyone wants to discuss how you'd look in today's game we figured a hairswap with one of our young bigs would be a fun start ?

Fresh Faces // @HairClub https://t.co/wbcT45KlCJ",2828,277,37,27,17461978|21926454,"{'17461978', '21926454'}",{'https://t.co/wbct45klcj'},2,Esportes,Basquete,2021-03-06T14:18:15.0000000+00:00,-0.0838436782360076,1.0,0.1525639608162916,0.5595740828540392,1935.6522870812887
1367318893191196674,16727749,"2️⃣ triple-doubles tonight ‼️‼️

@masonplumlee &amp; @Dennis1SmithJr https://t.co/kWWEsGjBeP",574,77,10,15,190059955|311623066,"{'190059955', '311623066'}",{'https://t.co/kwwesgjbep'},2,Esportes,Basquete,2021-03-04T03:40:02.0000000+00:00,0.0,0.0,0.0,0.5595354926602197,421.889850232532
1369407651914932229,19263978,"Join us as we recognize Elizabeth Testa, a first grade teacher at Windemere CLC in Akron, for being at the Head of the Class, powered by @firstenergycorp! https://t.co/eiUOxE3KdP",46,1,2,1,59839012,{'59839012'},{'https://t.co/eiuoxe3kdp'},1,Esportes,Basquete,2021-03-09T22:00:01.0000000+00:00,-0.15326589345932,1.0,0.147905307261878,0.5596267448734665,33.66048388116194
1368686691452608517,20265254,"Tonight's threads ?

#NBAAllStar https://t.co/iVoitQcOLF",1692,195,24,25,,,{'https://t.co/ivoitqcolf'},0,Esportes,Basquete,2021-03-07T22:15:10.0000000+00:00,-0.2070605158805847,1.0,0.0,0.5595951778153273,1194.736019427157
1366894541475696640,19564719,"Pregame pump.

? 4:30PM/pt | ? @FoxSportsWest https://t.co/Hhyb4HfjBy",255,16,9,2,22695090,{'22695090'},{'https://t.co/hhyb4hfjby'},1,Esportes,Basquete,2021-03-02T23:33:49.0000000+00:00,-0.1612953841686248,1.0,0.2762645695949752,0.5595170365599511,169.12889267145286
1367295348574728194,16201775,"Thank you, @mikescott. https://t.co/zIOgRIWcNp",463,36,16,4,150367583,{'150367583'},{'https://t.co/ziogriwcnp'},1,Esportes,Basquete,2021-03-04T02:06:28.0000000+00:00,0.0,0.0,0.0,0.5595344667343345,311.1015514240854
1366609467803074561,19077044,John Wall doing work ➡️ season high 32 points. ? https://t.co/xaYYGxBqMR,336,40,21,6,,,{'https://t.co/xayygxbqmr'},0,Esportes,Basquete,2021-03-02T04:41:02.0000000+00:00,-0.2137972116470337,1.0,0.0,0.5595046492922725,250.09879418487776
1367486237574123525,16727749,Here's #Pistons Playback presented by @flagstar with the highlights from last night's 129-105 win over the Toronto Raptors. https://t.co/GPUkhzJcZF,59,10,4,2,19042958,{'19042958'},{'https://t.co/gpukhzjczf'},1,Esportes,Basquete,2021-03-04T14:45:00.0000000+00:00,-0.2095407843589782,1.0,0.1732337329036347,0.5595427796044166,53.25358451473152
1367296657705099264,19077044,Oladipo ➡️ Wall ? https://t.co/muAU3Mnfbk,134,12,10,1,,,{'https://t.co/muau3mnfbk'},0,Esportes,Basquete,2021-03-04T02:11:40.0000000+00:00,-0.2410475015640258,1.0,0.335175743327926,0.5595345274433434,96.42769708417237
1367327155667935236,20346956,Catch him at THE RIM. https://t.co/HbsNQSvfX8,6113,250,48,20,,,{'https://t.co/hbsnqsvfx8'},0,Esportes,Basquete,2021-03-04T04:12:52.0000000+00:00,-0.2016850113868713,1.0,0.0,0.5595358572435699,3739.9379646414127
1368218004861911049,16212685,Next stop: ATL ? https://t.co/YZlen7p5xy,4253,261,18,17,,,{'https://t.co/yzlen7p5xy'},0,Esportes,Basquete,2021-03-06T15:12:47.0000000+00:00,-0.1718528568744659,1.0,0.3032160644503863,0.559574691566582,2693.4029685982405
1367172928295628802,20346956,Right back at it. It's Game Day. https://t.co/GT3Qs5atGr,7256,670,100,61,,,{'https://t.co/gt3qs5atgr'},0,Esportes,Basquete,2021-03-03T18:00:01.0000000+00:00,0.0,0.0,0.0,0.5595291448641118,4900.3565455417465
1367616598727614473,19583545,.@TrentAA admitted the Reds could have no complaints about the defeat inflicted by Chelsea and stressed the need to get back on track immediately.,1789,149,312,60,2371991585,{'2371991585'},,1,Esportes,UEFA Futebol,2021-03-04T23:23:00.0000000+00:00,-0.205249398946762,1.0,0.1574782189199261,0.55954846269832,1382.1731285700023
1368984926410989569,22910295,"COME ON CHELSEA! ✊

? 0-0 ? [1'] #CHEEVE https://t.co/fCKSW9pA2H",1927,270,71,23,,,{'https://t.co/fcksw9pa2h'},0,Esportes,UEFA Futebol,2021-03-08T18:00:15.0000000+00:00,-0.1857927441596985,1.0,0.3063879719831814,0.559608230053009,1436.686141151228
1366848285361717252,20346956,"The foul + the bucket.

@thortontucker and the #LakeShow are back at it tonight ?? https://t.co/1GyBnQVJbW",3038,268,37,21,2272672902,{'2272672902'},{'https://t.co/1gybnqvjbw'},1,Esportes,Basquete,2021-03-02T20:30:00.0000000+00:00,-0.180861622095108,1.0,0.0,0.5595150269946179,2035.5159630208327
1367535310733680640,19077044,"All-Star throwback! ?

#TBT | #ProudHistoryBrightFuture https://t.co/EWWFMk7pKm",659,48,1,2,,,{'https://t.co/ewwfmk7pkm'},0,Esportes,Basquete,2021-03-04T18:00:00.0000000+00:00,-0.1494462192058563,1.0,0.2596979932401624,0.5595449200795385,427.0783026803357
1368236771671162881,2941994339,"? Jordán, @olitorres10 and @AcunaMarcos17 come on for @ivanrakitic, @Munirhaddadi and @SerEscudero89.

@Elchecf_en 0-0 #SevillaFC (57')

#WeareSevilla | #ElcheSevillaFC https://t.co/qPQawl2weY",6,0,0,0,760982315841548290|956169889|3087039231|499704164|1324006941060964353|278508885,"{'956169889', '760982315841548290', '278508885', '3087039231', '1324006941060964353', '499704164'}",{'https://t.co/qpqawl2wey'},6,Esportes,UEFA Futebol,2021-03-06T16:27:21.0000000+00:00,-0.1382327675819397,1.0,0.173616837320484,0.5595755262142634,7.93146827352669
1366967661754675207,20346956,https://t.co/4H4Dfi2UOW,891,126,9,5,,,{'https://t.co/4h4dfi2uow'},0,Esportes,Basquete,2021-03-03T04:24:22.0000000+00:00,0.0,0.0,0.0,0.5595202166407787,647.9247056871678
1354523590742446080,18222378,it’s lit tonight 10pm ?ABC ?FOR LIFE  returns check me out. #bransoncognac #lecheminduroi  #bottlerover @ForLife_ABC https://t.co/0gwJqLr77y,633,75,31,7,1123773645250289665,{'1123773645250289665'},{'https://t.co/0gwjqlr77y'},1,Música,Rap,2021-01-27T20:16:04.0000000+00:00,-0.1236317753791809,1.0,0.1878150385186142,0.5589901233003857,463.5079173047174
1324424895749652481,116362700,GO PACK GO!!!!!,16460,1508,1242,458,,,,0,Música,Rap,2020-11-05T18:54:36.0000000+00:00,0.0,0.0,0.0,0.5577912303223407,11811.786803139888
1361735737411067909,18222378,"Only a few episodes left until the Season Finale of ABC's Number 1 Show, FOR LIFE! Get your FOR LIFE Shirt &amp; Hat today! - https://t.co/0D1SITOSot

#ForLife https://t.co/ldH7FdKuay",521,54,54,4,,,"{'https://t.co/0d1sitosot', 'https://t.co/ldh7fdkuay'}",0,Música,Rap,2021-02-16T17:54:34.0000000+00:00,-0.1782045066356659,1.0,0.1354102760115872,0.5592946966976854,389.3449615524767
1360011987493789696,3004231,Groovin into tonights episode of #GoBigShow dont miss it ! https://t.co/oQlEAnY2N3,1295,136,123,15,,,{'https://t.co/oqleany2n3'},0,Música,Rap,2021-02-11T23:45:00.0000000+00:00,-0.1778261065483093,1.0,0.2351301157996824,0.5592212606042696,956.9591865220276
1365017631321858052,3004231,even the judges can have some fun too ?  tune in for more crazy talent on tonights episode of @gobigshowtbs at 9/8c ! #GoBigShow https://t.co/fX6zDJ8ggV,555,48,51,3,1295473175145390083,{'1295473175145390083'},{'https://t.co/fx6zdj8ggv'},1,Música,Rap,2021-02-25T19:15:38.0000000+00:00,-0.1280874013900756,1.0,0.0,0.5594357131560032,399.9966548208657
1307137727067029506,96829836,"It’s time. ?
#RapLifeLive captured at @HowardU starts now.
Watch on @AppleMusic: https://t.co/5SkAatZCJf https://t.co/weaaTIzace",453,84,60,5,74580436|27147528,"{'27147528', '74580436'}","{'https://t.co/weaatizace', 'https://t.co/5skaatzcjf'}",2,Música,Rap,2020-09-19T02:01:34.0000000+00:00,-0.1253401339054107,1.0,0.0,0.5571499397825047,386.6622508537704
1212045448812417030,89366493,Synyster Gates has been named one of the 20 best guitarists of the decade by @GuitarWorld: https://t.co/2ouq802DkA https://t.co/MWJMQFYTwV,5523,1234,116,230,23439801,{'23439801'},"{'https://t.co/mwjmqfytwv', 'https://t.co/2ouq802dka'}",1,Música,Heavy Metal,2019-12-31T16:18:48.0000000+00:00,-0.1953436136245727,1.0,0.1505375763443329,0.5541017739128797,4624.063198760332
1357083144407552000,3004231,when its so crazy you cant even watch ? see what goes down on @GoBigShowTBS tomorrow night 9/8c ! #GoBigShow https://t.co/I8xS7BqQUT,882,62,76,8,1295473175145390083,{'1295473175145390083'},{'https://t.co/i8xs7bqqut'},1,Música,Rap,2021-02-03T21:46:49.0000000+00:00,-0.1693674623966217,1.0,0.1803539807382779,0.5590974094469917,613.9899108580204
1330266160202477577,6207392,17. Who still has their original merch from 2003? #TakeALookInTheMirror https://t.co/1iIVn89rck,2185,158,101,27,,,{'https://t.co/1iivn89rck'},0,Música,Heavy Metal,2020-11-21T21:45:42.0000000+00:00,-0.1558243334293365,1.0,0.225323106783518,0.5580153864365801,1470.496753730082
1355379018791591936,18222378,"?This is my boy, ?he don’t care about nothing right now. he got a good life man! https://t.co/9AXOsp6RDF",10911,350,400,38,,,{'https://t.co/9axosp6rdf'},0,Música,Rap,2021-01-30T04:55:14.0000000+00:00,-0.1994819045066833,1.0,0.0,0.5590258762792596,6741.852186272607
1324444938923175936,19373710,For more info and to contact support visit https://t.co/eKokan7BrB,513,40,1,1,,,{'https://t.co/ekokan7brb'},0,Música,Rock,2020-11-05T20:14:15.0000000+00:00,0.0,0.0,0.0,0.5577920034008823,332.44428048690366
1322265461359316992,95955871,Mask Up with the exclusive GN’R face coverings https://t.co/wH8tIEuRqO https://t.co/q4zrgg8Yfw,2734,283,115,144,,,"{'https://t.co/wh8tieurqo', 'https://t.co/q4zrgg8yfw'}",0,Música,Rock,2020-10-30T19:53:47.0000000+00:00,-0.1851582527160644,1.0,0.189864685651844,0.5577093874888688,1988.340466693989
1367702233853259783,27195114,SCARY HOURS https://t.co/kDM7vuuq5e https://t.co/8Z43SdI5w7,153747,39505,1918,5026,,,"{'https://t.co/8z43sdi5w7', 'https://t.co/kdm7vuuq5e'}",0,Música,Rap,2021-03-05T05:03:17.0000000+00:00,0.0,0.0,0.0,0.5595522035482859,134126.3398545099
1345783947607867393,314792669,"Today we mark the release of Syd Barrett's album, The Madcap Laughs. What's your favourite song on this?

https://t.co/NFwC5V4gEW",1659,218,94,42,,,{'https://t.co/nfwc5v4gew'},0,Música,Rock,2021-01-03T17:27:51.0000000+00:00,-0.1884143054485321,1.0,0.1708410486887114,0.5586304118521421,1249.7518952506257
1369403796443570180,1638021792,"82’ | ? | ALMOST A HAT-TRICK FROM @FEDERICOCHIESA! Marchesin somehow saves a certain goal!

#JuveFCP [2-1] #JuveUCL https://t.co/if0gDtEtfk",723,39,23,10,2230170215,{'2230170215'},{'https://t.co/if0gdtetfk'},1,Esportes,UEFA Futebol,2021-03-09T21:44:42.0000000+00:00,-0.1933454275131225,1.0,0.2062484926083756,0.5596265721985612,471.3211676265853
1368299640421052423,96951800,HOLY TER STEGEN! What a tremendous save from point blank! ?????????? #OsasunaBarça,15639,626,68,37,,,,0,Esportes,UEFA Futebol,2021-03-06T20:37:10.0000000+00:00,-0.1751931011676788,1.0,0.2593236418140535,0.559578290811393,9513.534801093168
1368844528170500098,2941994339,"? SQUAD | Bono and @jkeey4 return to a squad of 24 to travel to Dortmund.

#WeareSevilla #UCL https://t.co/ByahFbUcV9",108,11,8,5,840897886971924480,{'840897886971924480'},{'https://t.co/byahfbucv9'},1,Esportes,UEFA Futebol,2021-03-08T08:42:22.0000000+00:00,-0.213975191116333,1.0,0.151630388761072,0.5596020923832032,83.4658236336451
1366505349386240005,452155423,"89' | 1-1 | GOOOOOOOOOOOOOAAAAAAALLLLL by @vinijr!!!!
#RealMadridRealSociedad | #FIFA21 https://t.co/91Lze3OUGK",1449,163,54,34,2329070186,{'2329070186'},{'https://t.co/91lze3ougk'},1,Esportes,UEFA Futebol,2021-03-01T21:47:18.0000000+00:00,-0.1702202558517456,1.0,0.2596634391575384,0.5595001480909748,1045.8511346010573
1369267106215235589,22910295,"Never skip leg day! ?️‍♂️

?: @TSilva3 https://t.co/eEJjBSJpVz",7107,553,85,50,2813712709,{'2813712709'},{'https://t.co/eejjbsjpvz'},1,Esportes,UEFA Futebol,2021-03-09T12:41:32.0000000+00:00,0.0,0.0,0.0,0.5596205889773641,4672.2726547543525
1368225636993691649,22910295,What a shift! ? https://t.co/sBprn0X91L,8599,790,103,39,,,{'https://t.co/sbprn0x91l'},0,Esportes,UEFA Futebol,2021-03-06T15:43:06.0000000+00:00,-0.1864255368709564,1.0,0.0,0.5595750329617181,5777.05299765003
1369226708763746305,1638021792,"? Nine trophies won in ⚪️⚫️, many happy returns, @sturaro_stefano! ?

#ForzaJuve https://t.co/a3o48DBGaX",762,29,8,3,2478435423,{'2478435423'},{'https://t.co/a3o48dbgax'},1,Esportes,UEFA Futebol,2021-03-09T10:01:01.0000000+00:00,-0.1944383978843689,1.0,0.2235062506454222,0.5596188111846601,467.9665761487303
1367226152549577157,3001704118,"⌚️ 74'

@AnderHerrera is on in place of Julian Draxler ?

@girondins 0️⃣ - 1⃣ @PSG_English

#FCGBPSG https://t.co/TUFJIfqJEk",35,2,1,0,3001704118|154586685|259683667,"{'259683667', '3001704118', '154586685'}",{'https://t.co/tufjifqjek'},3,Esportes,UEFA Futebol,2021-03-03T21:31:31.0000000+00:00,-0.200689822435379,1.0,0.2061843045242571,0.5595314711001147,25.85396495111726
1367112526647934977,452155423,"?8️⃣ Away league matches unbeaten in @LaLigaEN!
? Next stop: EL DERBI
#HalaMadrid https://t.co/d1gr1DTi8t",3220,138,29,8,4704552148,{'4704552148'},{'https://t.co/d1gr1dti8t'},1,Esportes,UEFA Futebol,2021-03-03T14:00:00.0000000+00:00,-0.2190602421760559,1.0,0.2183642818849641,0.559526534764602,1980.8461897666027
1368637578694524931,452155423,"? @Benzema: “We put in a good performance, it was very difficult against a good team. They had the better of the first half and we had the better of the second. It’s a good point for us”
#HalaMadrid https://t.co/iQd2xJDbtK",1057,75,16,9,1964571728,{'1964571728'},{'https://t.co/iqd2xjdbtk'},1,Esportes,UEFA Futebol,2021-03-07T19:00:01.0000000+00:00,-0.186332494020462,0.5555555555555556,0.0,0.5595930483659789,693.6467480513136
1366854672955240450,22720074,Happy Birthday @jonbonjovi! https://t.co/SoNO78jj5a,19284,2552,1062,433,907314822328582145,{'907314822328582145'},{'https://t.co/sono78jj5a'},1,Música,Rock,2021-03-02T20:55:23.0000000+00:00,0.0,0.0,0.0,0.5595153069158645,14482.494469485597
1361801412741529606,7905122,Clubhouse app: what is it and how do you get an invite to the exclusive audio app? https://t.co/dbMP6mBc3O,5,8,1,6,,,{'https://t.co/dbmp6mbc3o'},0,Notícias,Tecnologia,2021-02-16T22:15:32.0000000+00:00,-0.1346901655197143,0.8571428571428571,0.3275687930578416,0.5592975307196042,20.238022880191405
1367703501367771141,55010030,Our new single “Better Without You” off our upcoming album The Bitter Truth is OUT NOW! https://t.co/JPnNhw6S5u https://t.co/ldUy2PdyE0,2272,634,146,141,,,"{'https://t.co/jpnnhw6s5u', 'https://t.co/lduy2pdye0'}",0,Música,Rock,2021-03-05T05:08:20.0000000+00:00,-0.1660313606262207,1.0,0.160440699169706,0.5595522714517994,2147.6518158303084
1367548056628039684,19583545,#LIVCHE ? https://t.co/eDa5SJNYgH,3101,259,58,14,,,{'https://t.co/eda5sjnygh'},0,Esportes,UEFA Futebol,2021-03-04T18:50:39.0000000+00:00,0.0,0.0,0.0,0.5595454764073667,2066.4017533806027
1313215942826967040,22720074,In just 30 minutes @jonbonjovi is linking up with @strombo on @AppleMusic Hits to talk about the newest album ‘2020’ and being more socially conscious. Listen here: https://t.co/vv601D0IJ0 https://t.co/Ic50cNMz8W,1173,148,26,5,74580436|18177126|907314822328582145,"{'907314822328582145', '18177126', '74580436'}","{'https://t.co/vv601d0ij0', 'https://t.co/ic50cnmz8w'}",3,Música,Rock,2020-10-05T20:34:13.0000000+00:00,-0.1563560366630554,0.9230769230769232,0.1437591708111206,0.5573717860105077,844.4557726179958
1368649404702408707,34613288,@ArsenalWFC @BarclaysFAWSL @bmeado9 ? ?,613,23,6,0,330253117|273665871|256551011,"{'256551011', '273665871', '330253117'}",,3,Esportes,UEFA Futebol,2021-03-07T19:47:01.0000000+00:00,0.0,0.0,0.0,0.5595935617324824,372.1300289701399
1369367467001315336,34613288,"A U B A ? A M A

Miss @Aubameyang7's Twitch takeover?

Catch the best bits with @Frimpon ?",2515,189,50,16,847238528|312316105,"{'847238528', '312316105'}",,2,Esportes,UEFA Futebol,2021-03-09T19:20:20.0000000+00:00,-0.0963577330112457,1.0,0.0,0.5596249989671164,1657.60955737608
1367822755769573377,19583545,.@MoSalah's brilliant strike at Leicester has been nominated for the @premierleague's Goal of the Month award ?⚽️,6105,406,237,62,343627165|2396677714,"{'343627165', '2396677714'}",,2,Esportes,UEFA Futebol,2021-03-05T13:02:12.0000000+00:00,-0.2810089588165283,1.0,0.0,0.5595574493569448,4040.0050933719526
1368170081633644548,34613288,"First @PremierLeague start since December 2019 ✅

Right behind you, @CalumChambers95 - let's go! ?

? #BURARS https://t.co/PrD0p0lawk",5707,410,104,57,343627165|1673820865,"{'343627165', '1673820865'}",{'https://t.co/prd0p0lawk'},2,Esportes,UEFA Futebol,2021-03-06T12:02:21.0000000+00:00,-0.1745229959487915,1.0,0.2116050015808032,0.5595726188726274,3747.01697474245
