user_id,news_id,round_id,position,algorithm,rating,session_id
1,1369343506939019269,1,1,B1,5,4
1,1151160990995746816,1,2,B1,5,4
1,1343240225129168898,1,3,B1,5,4
1,1312476369830338561,1,4,B1,4,4
1,1369271796499947520,1,5,B1,5,4
1,1281615412459782145,1,6,B1,3,4
1,1324784149241147394,1,7,B1,3,4
1,1338474408743215106,1,8,B1,3,4
1,1298591876963078146,1,9,B1,4,4
1,1189330936300756992,1,10,B1,5,4
1,1369281593693646851,1,1,CS,4,3
1,1369388544003895298,1,2,CS,5,3
1,1369253885932617735,1,3,CS,3,3
1,1369010885075812352,1,4,CS,4,3
1,1369523963974549504,1,5,CS,5,3
1,1369483207935225856,1,6,CS,3,3
1,1369439516679942144,1,7,CS,5,3
1,1370144518100684802,1,8,CS,3,3
1,1368604102989541376,1,9,CS,4,3
1,1369460811760988160,1,10,CS,5,3
1,1369325020258983936,1,1,SC,5,1
1,1365315820080009221,1,2,SC,4,1
1,1344689933978656771,1,3,SC,5,1
1,1369375444793954323,1,4,SC,5,1
1,1317842770816602114,1,5,SC,3,1
1,1336964656792035329,1,6,SC,2,1
1,1369441796925886465,1,7,SC,3,1
1,1336810117057179649,1,8,SC,3,1
1,1369400194513723396,1,9,SC,4,1
1,1365327872643260420,1,10,SC,1,1
1,1364607745270423556,1,1,SCSA,5,2
1,1337077938076979205,1,2,SCSA,3,2
1,1354118501653483523,1,3,SCSA,1,2
1,1369383214062665731,1,4,SCSA,2,2
1,1336793663792406530,1,5,SCSA,2,2
1,1369386818169372680,1,6,SCSA,5,2
1,1339525827118194689,1,7,SCSA,4,2
1,1369372321736232963,1,8,SCSA,1,2
1,1367882927384768524,1,9,SCSA,5,2
1,1363551492486008834,1,10,SCSA,1,2
2,1363564146948665347,1,1,B1,5,8
2,1369498799673065473,1,2,B1,4,8
2,1367766039254163458,1,3,B1,5,8
2,1369453291936088064,1,4,B1,4,8
2,1369600439239458820,1,5,B1,3,8
2,1368785659066941440,1,6,B1,4,8
2,1369579853612281860,1,7,B1,4,8
2,1369587331691208706,1,8,B1,4,8
2,1369601403686182915,1,9,B1,4,8
2,1364144723590578176,1,10,B1,4,8
2,1369985018878169089,1,1,CS,3,7
2,1370003953598013450,1,2,CS,3,7
2,1369610663547518978,1,3,CS,4,7
2,1369471231448158208,1,4,CS,4,7
2,1369578871478235143,1,5,CS,5,7
2,1369382859534897161,1,6,CS,3,7
2,1370128693662785544,1,7,CS,4,7
2,1369037711324119046,1,8,CS,4,7
2,1369271770960850949,1,9,CS,3,7
2,1369511733975515142,1,10,CS,2,7
2,1369375444793954323,1,1,SC,3,5
2,1362776603047165957,1,2,SC,2,5
2,1369441796925886465,1,3,SC,2,5
2,1369400194513723396,1,4,SC,4,5
2,1369048387815899139,1,5,SC,2,5
2,1369355243406954501,1,6,SC,2,5
2,1362074171832958980,1,7,SC,3,5
2,1369614175048249346,1,8,SC,4,5
2,1359577321695547392,1,9,SC,3,5
2,1362085735063572482,1,10,SC,3,5
2,1369292125641269258,1,1,SCSA,4,6
2,1369458171467591683,1,2,SCSA,3,6
2,1365007905318133766,1,3,SCSA,4,6
2,1361388306106318857,1,4,SCSA,4,6
2,1361701236395958278,1,5,SCSA,4,6
2,1366932843067277314,1,6,SCSA,3,6
2,1369030160943611907,1,7,SCSA,4,6
2,1366709656974942211,1,8,SCSA,5,6
2,1364579317964034050,1,9,SCSA,5,6
2,1369441382973272064,1,10,SCSA,4,6
3,1369362392749121542,1,1,B1,2,12
3,1369030162298400778,1,2,B1,2,12
3,1363896507242598402,1,3,B1,4,12
3,1367883861271613441,1,4,B1,5,12
3,1366963364975452162,1,5,B1,2,12
3,1369048640111570951,1,6,B1,2,12
3,1166395659500568579,1,7,B1,2,12
3,1367559613005004800,1,8,B1,2,12
3,1353812372331220992,1,9,B1,2,12
3,1321186362171666432,1,10,B1,1,12
3,1342995722761695232,1,1,CS,2,11
3,1323456695725625344,1,2,CS,3,11
3,1240704016046116865,1,3,CS,4,11
3,1306742315667529729,1,4,CS,3,11
3,1153306430100910080,1,5,CS,3,11
3,1324916905954652168,1,6,CS,3,11
3,1368659881260032001,1,7,CS,3,11
3,1256258912866766851,1,8,CS,4,11
3,1318297870315839488,1,9,CS,2,11
3,1180250671905263616,1,10,CS,2,11
3,1367521202042933249,1,1,SC,5,9
3,1369325020258983936,1,2,SC,3,9
3,1365315820080009221,1,3,SC,4,9
3,1367300793485828097,1,4,SC,3,9
3,1369075493753020420,1,5,SC,2,9
3,1369075561981566976,1,6,SC,2,9
3,1303249708169613313,1,7,SC,2,9
3,1364666742916583427,1,8,SC,3,9
3,1366443197166096385,1,9,SC,4,9
3,1367237010608431106,1,10,SC,3,9
3,1367894335233142789,1,1,SCSA,3,10
3,1324374402750767104,1,2,SCSA,5,10
3,1364607745270423556,1,3,SCSA,2,10
3,1363941648812675075,1,4,SCSA,4,10
3,1365327872643260420,1,5,SCSA,3,10
3,1337077938076979205,1,6,SCSA,3,10
3,1369383214062665731,1,7,SCSA,3,10
3,1336793663792406530,1,8,SCSA,3,10
3,1367315410106736640,1,9,SCSA,3,10
3,1368286394792046596,1,10,SCSA,3,10
4,1369343506939019269,1,1,B1,5,17
4,1369959855692337152,1,2,B1,1,17
4,1352325551621595136,1,3,B1,2,17
4,1369598009084887043,1,4,B1,5,17
4,1368835740529000449,1,5,B1,5,17
4,1369397597421645834,1,6,B1,5,17
4,1370128693662785544,1,7,B1,5,17
4,1369242094217404419,1,8,B1,5,17
4,1369453291936088064,1,9,B1,4,17
4,1369552733536219138,1,10,B1,4,17
4,1369113689845022721,1,1,CS,2,15
4,1369456737070313476,1,2,CS,2,15
4,1369525973302079490,1,3,CS,4,15
4,1369563595978252291,1,4,CS,1,15
4,1369337073463885828,1,5,CS,4,15
4,1369600439239458820,1,6,CS,4,15
4,1370053184589299724,1,7,CS,2,15
4,1369275546044162051,1,8,CS,5,15
4,1369049581208670208,1,9,CS,4,15
4,1369506070989836290,1,10,CS,3,15
4,1349380288783253504,1,1,SC,2,13
4,1349377838722519040,1,2,SC,2,13
4,1369375444793954323,1,3,SC,5,13
4,1362776603047165957,1,4,SC,5,13
4,1369441796925886465,1,5,SC,3,13
4,1369400194513723396,1,6,SC,5,13
4,1369048387815899139,1,7,SC,5,13
4,1369355243406954501,1,8,SC,5,13
4,1354011094751260673,1,9,SC,4,13
4,1353672852747284480,1,10,SC,4,13
4,1369458171467591683,1,1,SCSA,4,14
4,1369441382973272064,1,2,SCSA,5,14
4,1368622654870192131,1,3,SCSA,5,14
4,1352554075657801732,1,4,SCSA,1,14
4,1369226601972563972,1,5,SCSA,5,14
4,1364851499042537474,1,6,SCSA,2,14
4,1369438033892806663,1,7,SCSA,5,14
4,1369619124318580736,1,8,SCSA,5,14
4,1369495249417101312,1,9,SCSA,3,14
4,1352937076669476864,1,10,SCSA,2,14
5,1369343506939019269,1,1,B1,3,20
5,1368856158010810369,1,2,B1,5,20
5,1369590734672760836,1,3,B1,5,20
5,1369242094217404419,1,4,B1,5,20
5,1368975418741624833,1,5,B1,5,20
5,1369382939289587718,1,6,B1,5,20
5,1369517501248372738,1,7,B1,5,20
5,1369543002385956865,1,8,B1,5,20
5,1369612914982846469,1,9,B1,5,20
5,1369480643315462144,1,10,B1,5,20
5,1369351763355201542,1,1,CS,4,19
5,1370004858464534529,1,2,CS,3,19
5,1369468594891948038,1,3,CS,3,19
5,1369336610681159680,1,4,CS,5,19
5,1369503478880612357,1,5,CS,5,19
5,1369611245616250880,1,6,CS,5,19
5,1369430816389033988,1,7,CS,5,19
5,1368685627303223297,1,8,CS,3,19
5,1369377514930507782,1,9,CS,5,19
5,1369438777127624709,1,10,CS,4,19
5,1369375444793954323,1,1,SC,5,16
5,1362776603047165957,1,2,SC,5,16
5,1369441796925886465,1,3,SC,5,16
5,1369400194513723396,1,4,SC,5,16
5,1369048387815899139,1,5,SC,4,16
5,1369355243406954501,1,6,SC,5,16
5,1362074171832958980,1,7,SC,3,16
5,1369614175048249346,1,8,SC,4,16
5,1359577321695547392,1,9,SC,1,16
5,1362085735063572482,1,10,SC,1,16
5,1369292125641269258,1,1,SCSA,3,18
5,1369458171467591683,1,2,SCSA,4,18
5,1365007905318133766,1,3,SCSA,2,18
5,1361388306106318857,1,4,SCSA,2,18
5,1361701236395958278,1,5,SCSA,2,18
5,1366932843067277314,1,6,SCSA,2,18
5,1369030160943611907,1,7,SCSA,3,18
5,1366709656974942211,1,8,SCSA,3,18
5,1364579317964034050,1,9,SCSA,3,18
5,1369441382973272064,1,10,SCSA,4,18
6,1339526482142654466,1,1,B1,4,26
6,1326208392923410432,1,2,B1,4,26
6,1356659266732650498,1,3,B1,3,26
6,1357425371721965589,1,4,B1,4,26
6,1274054340517527552,1,5,B1,3,26
6,1362794394848538628,1,6,B1,5,26
6,1357736029067874305,1,7,B1,3,26
6,1367608643596783616,1,8,B1,3,26
6,1368667864803213318,1,9,B1,4,26
6,1368867018854830081,1,10,B1,5,26
6,1349775316366090242,1,1,CS,2,24
6,1219085119971000320,1,2,CS,3,24
6,1339894034781880323,1,3,CS,5,24
6,1368199950169997314,1,4,CS,5,24
6,1369559926629167104,1,5,CS,5,24
6,1204026434739691520,1,6,CS,5,24
6,1369586848163586051,1,7,CS,2,24
6,1369418972509179912,1,8,CS,3,24
6,1340053176150614025,1,9,CS,4,24
6,1197158580333535232,1,10,CS,4,24
6,1344689933978656771,1,1,SC,4,21
6,1369311531360518146,1,2,SC,5,21
6,1362083047785439239,1,3,SC,4,21
6,1337020338916499463,1,4,SC,2,21
6,1369405604595400711,1,5,SC,5,21
6,1331748997124534274,1,6,SC,4,21
6,1369298875719311360,1,7,SC,5,21
6,1355167587638906880,1,8,SC,3,21
6,1317842770816602114,1,9,SC,5,21
6,1294010972055592962,1,10,SC,3,21
6,1337022746824499203,1,1,SCSA,2,23
6,1353502767352926208,1,2,SCSA,3,23
6,1351920546011893761,1,3,SCSA,2,23
6,1365416645624143873,1,4,SCSA,3,23
6,1354118501653483523,1,5,SCSA,5,23
6,1337463904566456320,1,6,SCSA,2,23
6,1331744604891344896,1,7,SCSA,2,23
6,1339525827118194689,1,8,SCSA,5,23
6,1357375687967997959,1,9,SCSA,1,23
6,1358843515149504514,1,10,SCSA,3,23
7,1359820217090768896,1,1,B1,4,28
7,1364974104491798530,1,2,B1,4,28
7,969126955193962496,1,3,B1,3,28
7,1367244704526393349,1,4,B1,2,28
7,1369342862656221187,1,5,B1,4,28
7,1363849575279316998,1,6,B1,4,28
7,1365618942501285888,1,7,B1,5,28
7,1365376371376205838,1,8,B1,4,28
7,1368972324301602816,1,9,B1,4,28
7,1368969473651261440,1,10,B1,3,28
7,1369087867939659782,1,1,CS,3,27
7,1368234120082554894,1,2,CS,2,27
7,1368487188724350976,1,3,CS,2,27
7,1367862841907294209,1,4,CS,4,27
7,1368174374247923712,1,5,CS,3,27
7,1368501683219693570,1,6,CS,3,27
7,1368632782042333188,1,7,CS,4,27
7,1364237278516830212,1,8,CS,5,27
7,1368519774955798529,1,9,CS,4,27
7,1368216046616768513,1,10,CS,4,27
7,1368932010971004931,1,1,SC,4,22
7,1369325020258983936,1,2,SC,3,22
7,1365315820080009221,1,3,SC,4,22
7,1362776603047165957,1,4,SC,4,22
7,1368909409775149064,1,5,SC,4,22
7,1336964656792035329,1,6,SC,3,22
7,1367462925250818061,1,7,SC,5,22
7,1336810117057179649,1,8,SC,4,22
7,1365327872643260420,1,9,SC,4,22
7,1337318168277241857,1,10,SC,3,22
7,1364607745270423556,1,1,SCSA,2,25
7,1337077938076979205,1,2,SCSA,2,25
7,1369383214062665731,1,3,SCSA,3,25
7,1336793663792406530,1,4,SCSA,3,25
7,1369386818169372680,1,5,SCSA,5,25
7,1369372321736232963,1,6,SCSA,4,25
7,1367882927384768524,1,7,SCSA,4,25
7,1363551492486008834,1,8,SCSA,3,25
7,1369337343270862853,1,9,SCSA,2,25
7,1336596712857743361,1,10,SCSA,3,25
8,1368703131652005888,1,1,B1,5,121
8,1363548342832218116,1,2,B1,5,121
8,1360637255132434433,1,3,B1,4,121
8,1359964129532862464,1,4,B1,4,121
8,1349748316901310464,1,5,B1,5,121
8,1296750375114964992,1,6,B1,5,121
8,1337245958787244033,1,7,B1,5,121
8,1361140319002103813,1,8,B1,4,121
8,1369095591607865347,1,9,B1,4,121
8,1363673526096470017,1,10,B1,4,121
8,1365178104310763520,1,1,CS,4,120
8,1322209256611852294,1,2,CS,5,120
8,1318996052049973248,1,3,CS,4,120
8,1354658220585922565,1,4,CS,4,120
8,1268243264156524544,1,5,CS,4,120
8,1363674987626856448,1,6,CS,3,120
8,1334706123971162115,1,7,CS,2,120
8,1334724211689074688,1,8,CS,5,120
8,1290389884927000582,1,9,CS,5,120
8,1316909183225286657,1,10,CS,5,120
8,1362083047785439239,1,1,SC,4,118
8,1337020338916499463,1,2,SC,4,118
8,1331748997124534274,1,3,SC,4,118
8,1355167587638906880,1,4,SC,4,118
8,1294010972055592962,1,5,SC,4,118
8,1337021907464499204,1,6,SC,4,118
8,1350483251291451392,1,7,SC,5,118
8,1337022746824499203,1,8,SC,4,118
8,1334726779903168512,1,9,SC,4,118
8,1334711453211889665,1,10,SC,4,118
8,1353502767352926208,1,1,SCSA,4,119
8,1351920546011893761,1,2,SCSA,4,119
8,1365416645624143873,1,3,SCSA,4,119
8,1337463904566456320,1,4,SCSA,4,119
8,1331744604891344896,1,5,SCSA,4,119
8,1357375687967997959,1,6,SCSA,4,119
8,1358843515149504514,1,7,SCSA,4,119
8,1331741612402237443,1,8,SCSA,3,119
8,1358843677582401536,1,9,SCSA,3,119
8,1290659734639521798,1,10,SCSA,5,119
9,1292597118763319296,1,1,B1,5,32
9,1362841895030968326,1,2,B1,1,32
9,1322221808913928193,1,3,B1,2,32
9,1363548342832218116,1,4,B1,5,32
9,1322191082235506689,1,5,B1,4,32
9,1365001111946420226,1,6,B1,4,32
9,1341790679945670656,1,7,B1,4,32
9,1322229311718494210,1,8,B1,2,32
9,1337774207971684352,1,9,B1,5,32
9,1275492317013479424,1,10,B1,5,32
9,1319321276171759617,1,1,CS,5,31
9,1263620338790944769,1,2,CS,4,31
9,1338573100921794560,1,3,CS,4,31
9,1333878541398798338,1,4,CS,5,31
9,1327308553418272768,1,5,CS,3,31
9,1312391963241398272,1,6,CS,4,31
9,1361732521428275201,1,7,CS,1,31
9,1164279406057201665,1,8,CS,1,31
9,1351540224560668673,1,9,CS,3,31
9,1330972658612150272,1,10,CS,5,31
9,1273231711908872193,1,1,SC,1,29
9,1350483251291451392,1,2,SC,5,29
9,1182112257708306433,1,3,SC,1,29
9,1359597695548153864,1,4,SC,4,29
9,1364683920965578753,1,5,SC,1,29
9,1095067826061262848,1,6,SC,1,29
9,1365320876510560258,1,7,SC,4,29
9,1338584496489172992,1,8,SC,3,29
9,1336059119174897665,1,9,SC,4,29
9,1366561763962073092,1,10,SC,1,29
9,1362872757109809152,1,1,SCSA,1,30
9,1360346403873181707,1,2,SCSA,4,30
9,1333873034114064385,1,3,SCSA,5,30
9,1366115959623331844,1,4,SCSA,1,30
9,1359932980974657536,1,5,SCSA,5,30
9,1362069293790162946,1,6,SCSA,4,30
9,1364624807220948994,1,7,SCSA,1,30
9,1343729046891347968,1,8,SCSA,5,30
9,1321455751567532032,1,9,SCSA,5,30
9,1347619092417548288,1,10,SCSA,5,30
10,1368317364287180801,1,1,B1,5,36
10,1368157353695121412,1,2,B1,5,36
10,1369007428696743936,1,3,B1,5,36
10,1368241591299760129,1,4,B1,5,36
10,1368173264602869761,1,5,B1,5,36
10,1368550065502121985,1,6,B1,5,36
10,1369382325633638404,1,7,B1,5,36
10,1368645394348077067,1,8,B1,5,36
10,1368982192194519043,1,9,B1,4,36
10,1369259792892633089,1,10,B1,5,36
10,1320726746329743363,1,1,CS,5,35
10,1351594764056088577,1,2,CS,5,35
10,1365731424322478084,1,3,CS,5,35
10,1337102280059834370,1,4,CS,4,35
10,1368234120082554894,1,5,CS,5,35
10,1369087867939659782,1,6,CS,5,35
10,1352017720578105346,1,7,CS,4,35
10,1350865539091066881,1,8,CS,5,35
10,1367862841907294209,1,9,CS,4,35
10,1330948472992776193,1,10,CS,5,35
10,1368932010971004931,1,1,SC,5,33
10,1369325020258983936,1,2,SC,4,33
10,1365315820080009221,1,3,SC,4,33
10,1368909409775149064,1,4,SC,5,33
10,1350483251291451392,1,5,SC,5,33
10,1336964656792035329,1,6,SC,4,33
10,1367462925250818061,1,7,SC,4,33
10,1336810117057179649,1,8,SC,4,33
10,1365327872643260420,1,9,SC,3,33
10,1337318168277241857,1,10,SC,3,33
10,1364607745270423556,1,1,SCSA,3,34
10,1337077938076979205,1,2,SCSA,3,34
10,1369383214062665731,1,3,SCSA,4,34
10,1336793663792406530,1,4,SCSA,3,34
10,1369386818169372680,1,5,SCSA,4,34
10,1369372321736232963,1,6,SCSA,4,34
10,1367882927384768524,1,7,SCSA,5,34
10,1363551492486008834,1,8,SCSA,4,34
10,1369337343270862853,1,9,SCSA,4,34
10,1336596712857743361,1,10,SCSA,3,34
11,1360638198573981696,1,1,B1,1,300
11,1269640838205902849,1,1,B1,3,40
11,1366709249137643523,1,1,B1,5,272
11,1367946423736537089,1,2,B1,1,300
11,1363548342832218116,1,2,B1,2,40
11,1327659608903733249,1,2,B1,5,272
11,1368703131652005888,1,3,B1,2,40
11,1363548342832218116,1,3,B1,5,300
11,1292597118763319296,1,3,B1,5,272
11,1338944728969035776,1,4,B1,1,300
11,1366208806535892995,1,4,B1,5,40
11,1364598637163126785,1,4,B1,5,272
11,1345405481628684289,1,5,B1,1,300
11,1354547483083329538,1,5,B1,2,40
11,1327687747117740035,1,5,B1,5,272
11,1333406580927303682,1,6,B1,1,300
11,1359185296382779393,1,6,B1,2,40
11,1363926533652574218,1,6,B1,5,272
11,1365207153359917058,1,7,B1,1,300
11,1324713186436796417,1,7,B1,5,272
11,1353719280022343683,1,7,B1,5,40
11,1360341869478223872,1,8,B1,5,272
11,1309555054295355394,1,8,B1,5,40
11,1341035699970011136,1,8,B1,5,300
11,1360046105170485249,1,9,B1,3,40
11,1316844403797889024,1,9,B1,5,272
11,1310618458925740032,1,9,B1,5,300
11,1366833859829108738,1,10,B1,5,300
11,1330164072227094528,1,10,B1,5,40
11,1351669168987226112,1,10,B1,5,272
11,1334706123971162115,1,1,CS,1,299
11,1334601400836354048,1,1,CS,5,271
11,1347589799947984902,1,1,CS,5,39
11,1334724211689074688,1,2,CS,1,299
11,1319321276171759617,1,2,CS,5,271
11,1333492114408296449,1,2,CS,5,39
11,1358058477785120769,1,3,CS,1,299
11,1363238923879653379,1,3,CS,5,39
11,1263620338790944769,1,3,CS,5,271
11,1086268959492468742,1,4,CS,5,299
11,1316501262704144384,1,4,CS,5,39
11,1362769948691472385,1,4,CS,5,271
11,1354658220585922565,1,5,CS,1,299
11,1327642451427864577,1,5,CS,5,271
11,1330692631551234050,1,5,CS,5,39
11,1367500382717546499,1,6,CS,5,299
11,1364533279261679619,1,6,CS,5,271
11,1349370619616378880,1,6,CS,5,39
11,1316909183225286657,1,7,CS,5,299
11,1361376289475682307,1,7,CS,5,271
11,1319686215642214401,1,7,CS,5,39
11,1290389884927000582,1,8,CS,5,299
11,1238490684384071686,1,8,CS,5,271
11,1352347607855726594,1,8,CS,5,39
11,1315698359718551552,1,9,CS,5,299
11,1336325009367678977,1,9,CS,5,39
11,1304866700794363905,1,9,CS,5,271
11,1310693744056950787,1,10,CS,5,39
11,1359547910619344904,1,10,CS,5,299
11,1334534887664209922,1,10,CS,5,271
11,1366167129754537984,1,1,SC,1,297
11,1362776603047165957,1,1,SC,3,269
11,1362083047785439239,1,1,SC,5,37
11,1365113385658970113,1,2,SC,1,297
11,1350483251291451392,1,2,SC,5,269
11,1337020338916499463,1,2,SC,5,37
11,1331748997124534274,1,3,SC,3,37
11,1362083047785439239,1,3,SC,5,297
11,1359597695548153864,1,3,SC,5,269
11,1337020338916499463,1,4,SC,3,297
11,1355167587638906880,1,4,SC,3,37
11,1365320876510560258,1,4,SC,5,269
11,1331748997124534274,1,5,SC,1,297
11,1294010972055592962,1,5,SC,4,37
11,1369614175048249346,1,5,SC,5,269
11,1337021907464499204,1,6,SC,5,37
11,1355167587638906880,1,6,SC,5,297
11,1336059119174897665,1,6,SC,5,269
11,1350483251291451392,1,7,SC,5,37
11,1294010972055592962,1,7,SC,5,297
11,1342062601535164416,1,7,SC,5,269
11,1337022746824499203,1,8,SC,5,37
11,1240464261366919171,1,8,SC,5,269
11,1337021907464499204,1,8,SC,5,297
11,1359932980974657536,1,9,SC,5,269
11,1334726779903168512,1,9,SC,5,37
11,1350483251291451392,1,9,SC,5,297
11,1334711453211889665,1,10,SC,3,37
11,1369042864316026881,1,10,SC,5,269
11,1337022746824499203,1,10,SC,5,297
11,1353502767352926208,1,1,SCSA,2,38
11,1360346403873181707,1,1,SCSA,3,270
11,1354565152939544576,1,1,SCSA,4,298
11,1351920546011893761,1,2,SCSA,4,38
11,1353502767352926208,1,2,SCSA,4,298
11,1369458171467591683,1,2,SCSA,4,270
11,1351920546011893761,1,3,SCSA,2,298
11,1333873034114064385,1,3,SCSA,3,270
11,1365416645624143873,1,3,SCSA,5,38
11,1365416645624143873,1,4,SCSA,2,298
11,1337463904566456320,1,4,SCSA,5,38
11,1362069293790162946,1,4,SCSA,5,270
11,1331744604891344896,1,5,SCSA,2,38
11,1337463904566456320,1,5,SCSA,4,298
11,1321455751567532032,1,5,SCSA,5,270
11,1357375687967997959,1,6,SCSA,5,38
11,1347619092417548288,1,6,SCSA,5,270
11,1331744604891344896,1,6,SCSA,5,298
11,1358843515149504514,1,7,SCSA,2,38
11,1368622654870192131,1,7,SCSA,4,270
11,1357375687967997959,1,7,SCSA,5,298
11,1331741612402237443,1,8,SCSA,2,38
11,1358843515149504514,1,8,SCSA,3,298
11,1369226601972563972,1,8,SCSA,4,270
11,1358843677582401536,1,9,SCSA,2,38
11,1331741612402237443,1,9,SCSA,4,298
11,1320142365038817281,1,9,SCSA,5,270
11,1290659734639521798,1,10,SCSA,3,38
11,1358843677582401536,1,10,SCSA,4,298
11,1338592930022363139,1,10,SCSA,5,270
12,1365155419564351490,1,1,B1,5,320
12,1361396964227772419,1,2,B1,5,320
12,1272637078401097731,1,3,B1,5,320
12,1321919226341306368,1,4,B1,5,320
12,1364415183607586825,1,5,B1,2,320
12,1365372438578667526,1,6,B1,2,320
12,1359318229735251977,1,7,B1,3,320
12,1366804263385501696,1,8,B1,5,320
12,1343974143646044160,1,9,B1,5,320
12,1339746480014254081,1,10,B1,5,320
12,1370069387974119426,1,1,CS,5,318
12,1366121589478154243,1,2,CS,5,318
12,1359370632350208003,1,3,CS,2,318
12,1358529006967033856,1,4,CS,3,318
12,1359319030587293696,1,5,CS,3,318
12,1331282297014743042,1,6,CS,5,318
12,1369832253816246274,1,7,CS,5,318
12,1366380504736534529,1,8,CS,3,318
12,1336435104172765184,1,9,CS,3,318
12,1344852533122981888,1,10,CS,5,318
12,1349749578095075328,1,1,SC,5,313
12,1361511252103729153,1,2,SC,5,313
12,1361857937518465025,1,3,SC,5,313
12,1361586402484514816,1,4,SC,2,313
12,1361853779025403905,1,5,SC,2,313
12,1365037827298238464,1,6,SC,2,313
12,1301164188136431616,1,7,SC,5,313
12,1366910062711685124,1,8,SC,5,313
12,1365109273240473600,1,9,SC,3,313
12,1366197120064192513,1,10,SC,5,313
12,1334873913210380298,1,1,SCSA,5,316
12,1360286991011639302,1,2,SCSA,5,316
12,1354807067232489475,1,3,SCSA,5,316
12,1367532398825648130,1,4,SCSA,5,316
12,1356255352145272832,1,5,SCSA,5,316
12,1326033569555181568,1,6,SCSA,2,316
12,1365812811721543685,1,7,SCSA,3,316
12,1365784358217523201,1,8,SCSA,3,316
12,1365811680815554560,1,9,SCSA,3,316
12,1334130051554668547,1,10,SCSA,5,316
13,1285952748484083712,1,1,B1,1,57
13,1312476369830338561,1,2,B1,4,57
13,1354081977062850561,1,3,B1,3,57
13,1362949278365143050,1,4,B1,1,57
13,1365346314956005378,1,5,B1,2,57
13,1336808991792525325,1,6,B1,2,57
13,1337102429532217345,1,7,B1,4,57
13,1357343495132880897,1,8,B1,2,57
13,1327673915829866501,1,9,B1,4,57
13,1369324832702296067,1,10,B1,2,57
13,1365731424322478084,1,1,CS,5,53
13,1352017720578105346,1,2,CS,1,53
13,1350865539091066881,1,3,CS,3,53
13,1363172378843389952,1,4,CS,2,53
13,1358898413136396288,1,5,CS,4,53
13,1351594764056088577,1,6,CS,3,53
13,1369087867939659782,1,7,CS,3,53
13,1337104278398382087,1,8,CS,5,53
13,1362902698585071617,1,9,CS,5,53
13,1330948472992776193,1,10,CS,5,53
13,1366167129754537984,1,1,SC,2,42
13,1369325020258983936,1,2,SC,4,42
13,1365315820080009221,1,3,SC,4,42
13,1365113385658970113,1,4,SC,1,42
13,1362776603047165957,1,5,SC,2,42
13,1336964656792035329,1,6,SC,1,42
13,1336810117057179649,1,7,SC,4,42
13,1365327872643260420,1,8,SC,1,42
13,1337318168277241857,1,9,SC,1,42
13,1363551492486008834,1,10,SC,1,42
13,1364607745270423556,1,1,SCSA,4,47
13,1354565152939544576,1,2,SCSA,1,47
13,1337077938076979205,1,3,SCSA,3,47
13,1369383214062665731,1,4,SCSA,2,47
13,1336793663792406530,1,5,SCSA,4,47
13,1369386818169372680,1,6,SCSA,5,47
13,1369372321736232963,1,7,SCSA,1,47
13,1367882927384768524,1,8,SCSA,4,47
13,1369337343270862853,1,9,SCSA,1,47
13,1336596712857743361,1,10,SCSA,1,47
15,1365372438578667526,1,1,B1,2,319
15,1361396964227772419,1,2,B1,2,319
15,1321919226341306368,1,3,B1,2,319
15,1272637078401097731,1,4,B1,2,319
15,1364415183607586825,1,5,B1,3,319
15,1366804263385501696,1,6,B1,2,319
15,1359318229735251977,1,7,B1,4,319
15,1339746480014254081,1,8,B1,3,319
15,1343974143646044160,1,9,B1,5,319
15,1360653537781321732,1,10,B1,5,319
15,1331266330176196608,1,1,CS,3,317
15,1330905143416659975,1,2,CS,4,317
15,1362920758872133634,1,3,CS,3,317
15,1365788765957083149,1,4,CS,3,317
15,1354353736580124673,1,5,CS,4,317
15,1258809129218564098,1,6,CS,3,317
15,1303727847966674944,1,7,CS,2,317
15,1301536924067393537,1,8,CS,2,317
15,1351560050725294082,1,9,CS,2,317
15,1355549351603531783,1,10,CS,5,317
15,1366167129754537984,1,1,SC,4,314
15,1349749578095075328,1,2,SC,3,314
15,1365113385658970113,1,3,SC,3,314
15,1361511252103729153,1,4,SC,5,314
15,1361857937518465025,1,5,SC,3,314
15,1361586402484514816,1,6,SC,3,314
15,1361853779025403905,1,7,SC,5,314
15,1301164188136431616,1,8,SC,3,314
15,1365109273240473600,1,9,SC,3,314
15,1366121589478154243,1,10,SC,4,314
15,1360286991011639302,1,1,SCSA,3,315
15,1318667750408036352,1,2,SCSA,3,315
15,1364664823984779267,1,3,SCSA,4,315
15,1354565152939544576,1,4,SCSA,5,315
15,1317810926133874689,1,5,SCSA,4,315
15,1359941706951524353,1,6,SCSA,3,315
15,1349743109832372225,1,7,SCSA,4,315
15,1368297763524448256,1,8,SCSA,3,315
15,1283518830950510593,1,9,SCSA,4,315
15,1366380504736534529,1,10,SCSA,4,315
16,1367629682439454722,1,1,B1,1,58
16,1346230432036233218,1,2,B1,1,58
16,1367491019277799427,1,3,B1,5,58
16,1368144516558041088,1,4,B1,1,58
16,1369378396216692740,1,5,B1,1,58
16,1333807391079428096,1,6,B1,1,58
16,1369400158912475136,1,7,B1,1,58
16,1367269369521266691,1,8,B1,5,58
16,1367300479739441155,1,9,B1,1,58
16,1367625056570990592,1,10,B1,2,58
16,1352019602151100416,1,1,CS,1,56
16,1346143996431646720,1,2,CS,4,56
16,1271896411257241600,1,3,CS,1,56
16,1317201419384975365,1,4,CS,1,56
16,1326554237053054977,1,5,CS,1,56
16,1275840045761441792,1,6,CS,1,56
16,1316239353505480704,1,7,CS,1,56
16,1173620799997186051,1,8,CS,1,56
16,1318907390922788866,1,9,CS,1,56
16,1368447074019270656,1,10,CS,4,56
16,1368932010971004931,1,1,SC,1,48
16,1368245651046207493,1,2,SC,5,48
16,1303249708169613313,1,3,SC,1,48
16,1368909409775149064,1,4,SC,2,48
16,1324374402750767104,1,5,SC,1,48
16,1367462925250818061,1,6,SC,1,48
16,1319402828285108225,1,7,SC,1,48
16,1367113993815547906,1,8,SC,4,48
16,1366499073671454725,1,9,SC,2,48
16,1368580185642110982,1,10,SC,5,48
16,1368933410085945345,1,1,SCSA,1,52
16,1319343716801236992,1,2,SCSA,5,52
16,1367170047081402380,1,3,SCSA,1,52
16,1345510484213075968,1,4,SCSA,1,52
16,1368584215403655171,1,5,SCSA,1,52
16,1368561200754270210,1,6,SCSA,1,52
16,1326736922199257089,1,7,SCSA,1,52
16,1367649223601238016,1,8,SCSA,1,52
16,1367531774012751878,1,9,SCSA,1,52
16,1366232555037462531,1,10,SCSA,3,52
17,1354993740562137089,1,1,B1,1,68
17,1358414579328561153,1,2,B1,5,68
17,1316030943174422528,1,3,B1,5,68
17,1367507656269791241,1,4,B1,5,68
17,1367474157626290181,1,5,B1,5,68
17,1365629350721249281,1,6,B1,5,68
17,1362674074732748803,1,7,B1,1,68
17,1316722494255099904,1,8,B1,5,68
17,1369000930809581570,1,9,B1,5,68
17,1366841911357620225,1,10,B1,5,68
17,1336739324658929667,1,1,CS,5,65
17,1357403552470212608,1,2,CS,5,65
17,1334527822971490308,1,3,CS,5,65
17,1063403538636816385,1,4,CS,5,65
17,1320374052847013893,1,5,CS,5,65
17,1330058761323614209,1,6,CS,5,65
17,1358772405536194562,1,7,CS,5,65
17,1350151000267632641,1,8,CS,5,65
17,1364970509700595717,1,9,CS,5,65
17,1366743775192752129,1,10,CS,4,65
17,1366167129754537984,1,1,SC,1,51
17,1369325020258983936,1,2,SC,2,51
17,1365315820080009221,1,3,SC,2,51
17,1365113385658970113,1,4,SC,1,51
17,1336964656792035329,1,5,SC,2,51
17,1336810117057179649,1,6,SC,2,51
17,1365327872643260420,1,7,SC,2,51
17,1337318168277241857,1,8,SC,2,51
17,1363551492486008834,1,9,SC,2,51
17,1344784297316786177,1,10,SC,5,51
17,1364607745270423556,1,1,SCSA,5,63
17,1354565152939544576,1,2,SCSA,1,63
17,1337077938076979205,1,3,SCSA,2,63
17,1369383214062665731,1,4,SCSA,2,63
17,1336793663792406530,1,5,SCSA,2,63
17,1369386818169372680,1,6,SCSA,2,63
17,1369372321736232963,1,7,SCSA,2,63
17,1367882927384768524,1,8,SCSA,3,63
17,1369337343270862853,1,9,SCSA,1,63
17,1336596712857743361,1,10,SCSA,1,63
18,1363561378552958976,1,1,B1,2,62
18,1338474408743215106,1,2,B1,2,62
18,1298591876963078146,1,3,B1,2,62
18,1189330936300756992,1,4,B1,5,62
18,1365319660405678081,1,5,B1,1,62
18,1331689113494446085,1,6,B1,3,62
18,1368640454028386304,1,7,B1,2,62
18,1368245620344029188,1,8,B1,1,62
18,1333425556659064833,1,9,B1,3,62
18,1188118588290469890,1,10,B1,5,62
18,1327053570794008577,1,1,CS,2,61
18,1330556651716243456,1,2,CS,3,61
18,1339195127986794498,1,3,CS,4,61
18,1340325978170646535,1,4,CS,3,61
18,1337819421973344256,1,5,CS,2,61
18,1359592867380031494,1,6,CS,1,61
18,1362475666504040451,1,7,CS,1,61
18,1354527098354819077,1,8,CS,1,61
18,1339377333728391169,1,9,CS,4,61
18,1366528818454822914,1,10,CS,3,61
18,1349749578095075328,1,1,SC,1,54
18,1273231711908872193,1,2,SC,3,54
18,1361511252103729153,1,3,SC,1,54
18,1344689933978656771,1,4,SC,3,54
18,1361857937518465025,1,5,SC,1,54
18,1361586402484514816,1,6,SC,1,54
18,1361853779025403905,1,7,SC,1,54
18,1301164188136431616,1,8,SC,3,54
18,1365109273240473600,1,9,SC,1,54
18,1366121589478154243,1,10,SC,2,54
18,1360286991011639302,1,1,SCSA,1,59
18,1354118501653483523,1,2,SCSA,1,59
18,1359941706951524353,1,3,SCSA,1,59
18,1349743109832372225,1,4,SCSA,1,59
18,1368297763524448256,1,5,SCSA,2,59
18,1339525827118194689,1,6,SCSA,4,59
18,1366380504736534529,1,7,SCSA,2,59
18,1182112257708306433,1,8,SCSA,2,59
18,1362127981234188288,1,9,SCSA,3,59
18,1358569998885785609,1,10,SCSA,1,59
19,1369038985188831234,1,1,B1,5,71
19,1368923387532369922,1,2,B1,5,71
19,1329983375621435392,1,3,B1,4,71
19,1354908861572935681,1,4,B1,4,71
19,1352325551621595136,1,5,B1,4,71
19,1369343506939019269,1,6,B1,3,71
19,1369242094217404419,1,7,B1,3,71
19,1328394654375698433,1,8,B1,3,71
19,1366588589191147526,1,9,B1,3,71
19,1369207595785977860,1,10,B1,3,71
19,1369559628183445504,1,1,CS,3,70
19,1369617901678964736,1,2,CS,4,70
19,1369425009303822344,1,3,CS,3,70
19,1369266567423397891,1,4,CS,3,70
19,1369596898127077379,1,5,CS,3,70
19,1369469059427893249,1,6,CS,3,70
19,1369424518092120064,1,7,CS,3,70
19,1369569992732250114,1,8,CS,3,70
19,1369189230489001991,1,9,CS,3,70
19,1368697794417065992,1,10,CS,3,70
19,1349377838722519040,1,1,SC,4,64
19,1349380288783253504,1,2,SC,4,64
19,1369311531360518146,1,3,SC,4,64
19,1369405604595400711,1,4,SC,4,64
19,1369375444793954323,1,5,SC,4,64
19,1369298875719311360,1,6,SC,4,64
19,1369441796925886465,1,7,SC,4,64
19,1369400194513723396,1,8,SC,4,64
19,1369326799709212680,1,9,SC,4,64
19,1369048387815899139,1,10,SC,3,64
19,1369315042236174343,1,1,SCSA,4,69
19,1369395335769038849,1,2,SCSA,4,69
19,1369355243406954501,1,3,SCSA,4,69
19,1353672852747284480,1,4,SCSA,4,69
19,1369441382973272064,1,5,SCSA,3,69
19,1352554075657801732,1,6,SCSA,4,69
19,1364851499042537474,1,7,SCSA,4,69
19,1369015794248671233,1,8,SCSA,4,69
19,1369495249417101312,1,9,SCSA,4,69
19,1352937076669476864,1,10,SCSA,4,69
20,1367491019277799427,1,1,B1,1,75
20,1368788336333176833,1,2,B1,1,75
20,1363915655720939521,1,3,B1,5,75
20,1368096530268323842,1,4,B1,5,75
20,1369633104269357056,1,5,B1,5,75
20,1359371849965199360,1,6,B1,5,75
20,1366925854421495812,1,7,B1,5,75
20,1368604247760244742,1,8,B1,3,75
20,1359943267148845058,1,9,B1,1,75
20,1364970371716423682,1,10,B1,5,75
20,1369112711032881153,1,1,CS,3,74
20,1364622367499157504,1,2,CS,5,74
20,1368272500086476805,1,3,CS,2,74
20,1369573389845880832,1,4,CS,5,74
20,1368950916024532995,1,5,CS,2,74
20,1369193501875970048,1,6,CS,5,74
20,1369415901964034052,1,7,CS,3,74
20,1369146187358539781,1,8,CS,5,74
20,1366181019829686277,1,9,CS,5,74
20,1368276753244913665,1,10,CS,2,74
20,1368932010971004931,1,1,SC,2,72
20,1344689933978656771,1,2,SC,2,72
20,1362776603047165957,1,3,SC,5,72
20,1317842770816602114,1,4,SC,3,72
20,1368909409775149064,1,5,SC,3,72
20,1367462925250818061,1,6,SC,1,72
20,1354118501653483523,1,7,SC,1,72
20,1367113993815547906,1,8,SC,4,72
20,1366499073671454725,1,9,SC,3,72
20,1368580185642110982,1,10,SC,1,72
20,1339525827118194689,1,1,SCSA,1,73
20,1368777274506571779,1,2,SCSA,1,73
20,1361046993158692866,1,3,SCSA,1,73
20,1362196066431627265,1,4,SCSA,1,73
20,1369458171467591683,1,5,SCSA,5,73
20,1368561200754270210,1,6,SCSA,4,73
20,1364697022847209478,1,7,SCSA,1,73
20,1368760443498532864,1,8,SCSA,2,73
20,1367497561645457427,1,9,SCSA,1,73
20,1367496989215248388,1,10,SCSA,2,73
21,1326208392923410432,1,1,B1,5,79
21,1356659266732650498,1,2,B1,2,79
21,1369030162298400778,1,3,B1,1,79
21,1367323565008154630,1,4,B1,1,79
21,1367556352445321216,1,5,B1,5,79
21,1362475510954156037,1,6,B1,2,79
21,1365407006253801474,1,7,B1,1,79
21,1217122703766970369,1,8,B1,3,79
21,1367282096289443840,1,9,B1,3,79
21,1368978816849211392,1,10,B1,5,79
21,1272339338995445760,1,1,CS,1,78
21,1204781519052652546,1,2,CS,2,78
21,1338181816478539777,1,3,CS,5,78
21,1366565826913062914,1,4,CS,4,78
21,1367222811727564800,1,5,CS,5,78
21,1369040595310682112,1,6,CS,2,78
21,1366217334658977797,1,7,CS,5,78
21,1300100975793901569,1,8,CS,3,78
21,1339526270288322561,1,9,CS,4,78
21,1340651032817315842,1,10,CS,4,78
21,1367521202042933249,1,1,SC,5,76
21,1369325020258983936,1,2,SC,2,76
21,1365315820080009221,1,3,SC,2,76
21,1344689933978656771,1,4,SC,2,76
21,1367300793485828097,1,5,SC,5,76
21,1369075493753020420,1,6,SC,4,76
21,1369075561981566976,1,7,SC,4,76
21,1364666742916583427,1,8,SC,3,76
21,1366443197166096385,1,9,SC,1,76
21,1317842770816602114,1,10,SC,5,76
21,1367894335233142789,1,1,SCSA,3,77
21,1364607745270423556,1,2,SCSA,1,77
21,1363941648812675075,1,3,SCSA,4,77
21,1365327872643260420,1,4,SCSA,1,77
21,1337077938076979205,1,5,SCSA,1,77
21,1354118501653483523,1,6,SCSA,2,77
21,1369383214062665731,1,7,SCSA,1,77
21,1336793663792406530,1,8,SCSA,3,77
21,1367315410106736640,1,9,SCSA,1,77
21,1368286394792046596,1,10,SCSA,1,77
22,1368614821147598851,1,1,B1,5,85
22,1369043306487767040,1,2,B1,5,85
22,1367120318012280838,1,3,B1,5,85
22,1361812978425753600,1,4,B1,4,85
22,1369015063705612288,1,5,B1,4,85
22,1366209913865703426,1,6,B1,5,85
22,1300100975793901569,1,7,B1,2,85
22,1366234614650478594,1,8,B1,5,85
22,1367128088832745476,1,9,B1,4,85
22,1369339704588570624,1,10,B1,5,85
22,1369567942690635778,1,1,CS,5,84
22,1369483561938649089,1,2,CS,4,84
22,1369396362840858635,1,3,CS,3,84
22,1369505213904748554,1,4,CS,5,84
22,1369259204725387266,1,5,CS,5,84
22,1369437537907978245,1,6,CS,3,84
22,1369103243960258562,1,7,CS,4,84
22,1369410355215142917,1,8,CS,5,84
22,1369402883704229892,1,9,CS,5,84
22,1369538412961730562,1,10,CS,3,84
22,1367521202042933249,1,1,SC,5,82
22,1367300793485828097,1,2,SC,3,82
22,1369075493753020420,1,3,SC,5,82
22,1369075561981566976,1,4,SC,5,82
22,1369375444793954323,1,5,SC,5,82
22,1364666742916583427,1,6,SC,3,82
22,1366443197166096385,1,7,SC,2,82
22,1362776603047165957,1,8,SC,3,82
22,1367237010608431106,1,9,SC,3,82
22,1368641210533830657,1,10,SC,5,82
22,1369441796925886465,1,1,SCSA,4,83
22,1367894335233142789,1,2,SCSA,5,83
22,1363941648812675075,1,3,SCSA,5,83
22,1367315410106736640,1,4,SCSA,1,83
22,1368286394792046596,1,5,SCSA,2,83
22,1369034842222985216,1,6,SCSA,5,83
22,1369017812165881859,1,7,SCSA,2,83
22,1367604109113655297,1,8,SCSA,3,83
22,1367930915733835777,1,9,SCSA,5,83
22,1367912923641737216,1,10,SCSA,4,83
23,1321088619814109184,1,1,B1,5,89
23,1350173131823083520,1,2,B1,5,89
23,1363548342832218116,1,3,B1,5,89
23,1261222316803063810,1,4,B1,4,89
23,1354864255749804039,1,5,B1,5,89
23,1311068940152401920,1,6,B1,4,89
23,1331670759102681088,1,7,B1,5,89
23,1344346181976129538,1,8,B1,5,89
23,1192092402061889536,1,9,B1,4,89
23,1360962032598720516,1,10,B1,5,89
23,1325995532259561473,1,1,CS,5,88
23,1322232908141113344,1,2,CS,5,88
23,1367852411017031682,1,3,CS,4,88
23,1326932771240095749,1,4,CS,4,88
23,1307054698931912706,1,5,CS,4,88
23,1349391558269923330,1,6,CS,4,88
23,1354509947288088576,1,7,CS,4,88
23,1319019864212713472,1,8,CS,4,88
23,1335651231759552514,1,9,CS,4,88
23,1303724853120217088,1,10,CS,4,88
23,1362083047785439239,1,1,SC,3,86
23,1337020338916499463,1,2,SC,3,86
23,1331748997124534274,1,3,SC,3,86
23,1355167587638906880,1,4,SC,3,86
23,1294010972055592962,1,5,SC,3,86
23,1337021907464499204,1,6,SC,3,86
23,1350483251291451392,1,7,SC,5,86
23,1337022746824499203,1,8,SC,3,86
23,1334726779903168512,1,9,SC,3,86
23,1334711453211889665,1,10,SC,3,86
23,1353502767352926208,1,1,SCSA,3,87
23,1351920546011893761,1,2,SCSA,3,87
23,1365416645624143873,1,3,SCSA,3,87
23,1337463904566456320,1,4,SCSA,3,87
23,1331744604891344896,1,5,SCSA,3,87
23,1357375687967997959,1,6,SCSA,3,87
23,1358843515149504514,1,7,SCSA,3,87
23,1331741612402237443,1,8,SCSA,3,87
23,1358843677582401536,1,9,SCSA,3,87
23,1290659734639521798,1,10,SCSA,3,87
24,1359900546635870215,1,1,B1,5,95
24,1292597118763319296,1,2,B1,3,95
24,1312476369830338561,1,3,B1,5,95
24,1355530037152284675,1,4,B1,5,95
24,1362099968824254464,1,5,B1,5,95
24,1366478355558780939,1,6,B1,5,95
24,1363203331745673220,1,7,B1,5,95
24,1365346314956005378,1,8,B1,3,95
24,1369122357307191296,1,9,B1,3,95
24,1337102429532217345,1,10,B1,5,95
24,1357647227808841728,1,1,CS,3,93
24,1362902698585071617,1,2,CS,4,93
24,1358898413136396288,1,3,CS,5,93
24,1369308139158446081,1,4,CS,5,93
24,1363172378843389952,1,5,CS,5,93
24,1319639717906821121,1,6,CS,4,93
24,1326957720759541761,1,7,CS,5,93
24,1330948472992776193,1,8,CS,5,93
24,1369087867939659782,1,9,CS,5,93
24,1350865539091066881,1,10,CS,4,93
24,1369325020258983936,1,1,SC,5,90
24,1365315820080009221,1,2,SC,4,90
24,1362776603047165957,1,3,SC,5,90
24,1336964656792035329,1,4,SC,2,90
24,1336810117057179649,1,5,SC,2,90
24,1365327872643260420,1,6,SC,4,90
24,1337318168277241857,1,7,SC,3,90
24,1363551492486008834,1,8,SC,4,90
24,1364607745270423556,1,9,SC,4,90
24,1346517996760666117,1,10,SC,5,90
24,1337077938076979205,1,1,SCSA,3,91
24,1369383214062665731,1,2,SCSA,3,91
24,1336793663792406530,1,3,SCSA,5,91
24,1369386818169372680,1,4,SCSA,3,91
24,1369372321736232963,1,5,SCSA,4,91
24,1367882927384768524,1,6,SCSA,5,91
24,1369337343270862853,1,7,SCSA,4,91
24,1336596712857743361,1,8,SCSA,3,91
24,1365320876510560258,1,9,SCSA,5,91
24,1369307525489844228,1,10,SCSA,2,91
25,1369587331691208706,1,1,B1,5,97
25,1329983375621435392,1,2,B1,5,97
25,1352325551621595136,1,3,B1,3,97
25,1369343506939019269,1,4,B1,5,97
25,1354908861572935681,1,5,B1,5,97
25,1368856158010810369,1,6,B1,5,97
25,1369590734672760836,1,7,B1,5,97
25,1368970607216517129,1,8,B1,5,97
25,1369598009084887043,1,9,B1,5,97
25,1368835740529000449,1,10,B1,5,97
25,1370125729199980545,1,1,CS,5,96
25,1369579853612281860,1,2,CS,5,96
25,1369600442322333699,1,3,CS,5,96
25,1369043756486377472,1,4,CS,5,96
25,1369563665867898882,1,5,CS,5,96
25,1369569728541425667,1,6,CS,5,96
25,1369560664142970881,1,7,CS,5,96
25,1369377505224884227,1,8,CS,5,96
25,1369547930550611968,1,9,CS,5,96
25,1369571000212463617,1,10,CS,5,96
25,1349377838722519040,1,1,SC,1,92
25,1349380288783253504,1,2,SC,1,92
25,1369375444793954323,1,3,SC,5,92
25,1362776603047165957,1,4,SC,5,92
25,1369441796925886465,1,5,SC,5,92
25,1369400194513723396,1,6,SC,5,92
25,1369048387815899139,1,7,SC,5,92
25,1369355243406954501,1,8,SC,5,92
25,1354011094751260673,1,9,SC,4,92
25,1353672852747284480,1,10,SC,4,92
25,1369458171467591683,1,1,SCSA,5,94
25,1369441382973272064,1,2,SCSA,5,94
25,1368622654870192131,1,3,SCSA,4,94
25,1352554075657801732,1,4,SCSA,2,94
25,1369226601972563972,1,5,SCSA,4,94
25,1364851499042537474,1,6,SCSA,5,94
25,1369438033892806663,1,7,SCSA,4,94
25,1369619124318580736,1,8,SCSA,4,94
25,1369495249417101312,1,9,SCSA,5,94
25,1352937076669476864,1,10,SCSA,4,94
26,1322229311718494210,1,1,B1,2,102
26,1363548342832218116,1,2,B1,2,102
26,1337774207971684352,1,3,B1,4,102
26,968452175142649858,1,4,B1,4,102
26,1364571918876073985,1,5,B1,3,102
26,1368999602867802126,1,6,B1,4,102
26,1358024709137432577,1,7,B1,2,102
26,970787289638096897,1,8,B1,4,102
26,1339559388303007744,1,9,B1,2,102
26,1362748296045953027,1,10,B1,4,102
26,1348680358619992071,1,1,CS,3,100
26,1359141009272184832,1,2,CS,3,100
26,1369296706836250624,1,3,CS,4,100
26,1369636752336490497,1,4,CS,4,100
26,1367541147787223041,1,5,CS,4,100
26,1368758876015910915,1,6,CS,4,100
26,1369030449398509568,1,7,CS,4,100
26,1329540885055356928,1,8,CS,3,100
26,1360897085856313349,1,9,CS,4,100
26,1349449506136330241,1,10,CS,3,100
26,1349377838722519040,1,1,SC,4,98
26,1349380288783253504,1,2,SC,4,98
26,1362776603047165957,1,3,SC,4,98
26,1350483251291451392,1,4,SC,4,98
26,1359597695548153864,1,5,SC,4,98
26,1354011094751260673,1,6,SC,4,98
26,1353672852747284480,1,7,SC,3,98
26,1369614175048249346,1,8,SC,4,98
26,1336059119174897665,1,9,SC,3,98
26,1342062601535164416,1,10,SC,3,98
26,1369458171467591683,1,1,SCSA,4,99
26,1333873034114064385,1,2,SCSA,3,99
26,1359932980974657536,1,3,SCSA,4,99
26,1362069293790162946,1,4,SCSA,4,99
26,1321455751567532032,1,5,SCSA,3,99
26,1368622654870192131,1,6,SCSA,3,99
26,1352554075657801732,1,7,SCSA,1,99
26,1369226601972563972,1,8,SCSA,3,99
26,1320142365038817281,1,9,SCSA,3,99
26,1338592930022363139,1,10,SCSA,3,99
27,1329983375621435392,1,1,B1,1,105
27,1370132866093420544,1,2,B1,3,105
27,1369343506939019269,1,3,B1,4,105
27,1354908861572935681,1,4,B1,4,105
27,1368856158010810369,1,5,B1,5,105
27,1369590734672760836,1,6,B1,3,105
27,1369598009084887043,1,7,B1,5,105
27,1368835740529000449,1,8,B1,4,105
27,1369242094217404419,1,9,B1,4,105
27,1369552733536219138,1,10,B1,5,105
27,1369528722538328068,1,1,CS,4,104
27,1369370948634312710,1,2,CS,1,104
27,1370035059495993348,1,3,CS,1,104
27,1368269027596976129,1,4,CS,1,104
27,1369400099223207936,1,5,CS,1,104
27,1369975631744802817,1,6,CS,1,104
27,1369608851306278914,1,7,CS,5,104
27,1369571760140615684,1,8,CS,4,104
27,1369303761097785344,1,9,CS,5,104
27,1369455485615759360,1,10,CS,4,104
27,1349377838722519040,1,1,SC,5,101
27,1349380288783253504,1,2,SC,5,101
27,1369375444793954323,1,3,SC,5,101
27,1362776603047165957,1,4,SC,5,101
27,1369441796925886465,1,5,SC,5,101
27,1369400194513723396,1,6,SC,5,101
27,1369048387815899139,1,7,SC,4,101
27,1369355243406954501,1,8,SC,5,101
27,1354011094751260673,1,9,SC,5,101
27,1353672852747284480,1,10,SC,3,101
27,1369458171467591683,1,1,SCSA,5,103
27,1369441382973272064,1,2,SCSA,5,103
27,1368622654870192131,1,3,SCSA,5,103
27,1352554075657801732,1,4,SCSA,5,103
27,1369226601972563972,1,5,SCSA,5,103
27,1364851499042537474,1,6,SCSA,4,103
27,1369438033892806663,1,7,SCSA,4,103
27,1369619124318580736,1,8,SCSA,4,103
27,1369495249417101312,1,9,SCSA,4,103
27,1352937076669476864,1,10,SCSA,4,103
28,1323671285285703683,1,1,B1,2,109
28,1363548342832218116,1,2,B1,3,109
28,1334641065870159874,1,3,B1,3,109
28,1343640147775152131,1,4,B1,3,109
28,1355168831413645316,1,5,B1,5,109
28,1246491727306899456,1,6,B1,5,109
28,1329849237299990529,1,7,B1,3,109
28,1340027052037169152,1,8,B1,5,109
28,1331650428115759105,1,9,B1,3,109
28,1339289131575341057,1,10,B1,3,109
28,1311335003599433733,1,1,CS,5,108
28,1333791058765901825,1,2,CS,2,108
28,1329469491961503747,1,3,CS,5,108
28,1332672152995291138,1,4,CS,2,108
28,1329848482446905349,1,5,CS,5,108
28,1313864060669026304,1,6,CS,1,108
28,1366441855416627200,1,7,CS,5,108
28,1306669595525226500,1,8,CS,3,108
28,1355246647446544384,1,9,CS,5,108
28,1361498566024302597,1,10,CS,5,108
28,1369325020258983936,1,1,SC,1,106
28,1365315820080009221,1,2,SC,1,106
28,1344689933978656771,1,3,SC,1,106
28,1317842770816602114,1,4,SC,3,106
28,1350483251291451392,1,5,SC,5,106
28,1336964656792035329,1,6,SC,1,106
28,1336810117057179649,1,7,SC,3,106
28,1365327872643260420,1,8,SC,1,106
28,1337318168277241857,1,9,SC,1,106
28,1354118501653483523,1,10,SC,1,106
28,1364607745270423556,1,1,SCSA,1,107
28,1337077938076979205,1,2,SCSA,1,107
28,1369383214062665731,1,3,SCSA,1,107
28,1336793663792406530,1,4,SCSA,2,107
28,1369386818169372680,1,5,SCSA,1,107
28,1339525827118194689,1,6,SCSA,3,107
28,1369372321736232963,1,7,SCSA,1,107
28,1367882927384768524,1,8,SCSA,5,107
28,1363551492486008834,1,9,SCSA,1,107
28,1369337343270862853,1,10,SCSA,1,107
29,1358793588382052358,1,1,B1,4,113
29,1369362392749121542,1,2,B1,5,113
29,1369030162298400778,1,3,B1,5,113
29,1367323565008154630,1,4,B1,4,113
29,1366963364975452162,1,5,B1,3,113
29,1369148165471969284,1,6,B1,4,113
29,1250919345955446784,1,7,B1,4,113
29,1367565531189047299,1,8,B1,3,113
29,1367244848978227201,1,9,B1,3,113
29,1367565667642331136,1,10,B1,5,113
29,1341859235756453889,1,1,CS,3,112
29,1366184948244176899,1,2,CS,3,112
29,1331046811704958985,1,3,CS,3,112
29,1245049389250273280,1,4,CS,3,112
29,1250915381646176262,1,5,CS,3,112
29,1368855703612448768,1,6,CS,3,112
29,1366212322436423682,1,7,CS,4,112
29,1120471100532625410,1,8,CS,5,112
29,1261295911185068033,1,9,CS,4,112
29,1368840460198838272,1,10,CS,3,112
29,1248277743118086144,1,1,SC,3,110
29,1367521202042933249,1,2,SC,4,110
29,1248251408333172738,1,3,SC,3,110
29,1367300793485828097,1,4,SC,4,110
29,1362083047785439239,1,5,SC,5,110
29,1369075493753020420,1,6,SC,5,110
29,1369169111478005763,1,7,SC,3,110
29,1337020338916499463,1,8,SC,3,110
29,1369075561981566976,1,9,SC,5,110
29,1364666742916583427,1,10,SC,5,110
29,1367894335233142789,1,1,SCSA,4,111
29,1337022746824499203,1,2,SCSA,4,111
29,1366443197166096385,1,3,SCSA,5,111
29,1363941648812675075,1,4,SCSA,4,111
29,1367947939579006979,1,5,SCSA,5,111
29,1367946026674352134,1,6,SCSA,4,111
29,1353502767352926208,1,7,SCSA,3,111
29,1351920546011893761,1,8,SCSA,3,111
29,1365416645624143873,1,9,SCSA,3,111
29,1337463904566456320,1,10,SCSA,3,111
30,1292597118763319296,1,1,B1,3,117
30,1369037334885265408,1,2,B1,3,117
30,1366239727402196996,1,3,B1,5,117
30,1360680119854104582,1,4,B1,5,117
30,1367120318012280838,1,5,B1,4,117
30,1300100975793901569,1,6,B1,5,117
30,1362129662336450560,1,7,B1,4,117
30,1366102978739007492,1,8,B1,3,117
30,1367128088832745476,1,9,B1,3,117
30,1366242438717661187,1,10,B1,2,117
30,1369605185455017984,1,1,CS,5,116
30,1329121235423297537,1,2,CS,5,116
30,968536670105726977,1,3,CS,4,116
30,1367214933423706113,1,4,CS,3,116
30,1368741071870562307,1,5,CS,3,116
30,1363171557250596864,1,6,CS,3,116
30,1290776688284954625,1,7,CS,3,116
30,1139203333607043073,1,8,CS,4,116
30,1369307789932265473,1,9,CS,5,116
30,1322524023117533184,1,10,CS,4,116
30,1367521202042933249,1,1,SC,4,114
30,1367300793485828097,1,2,SC,3,114
30,1369075493753020420,1,3,SC,4,114
30,1369075561981566976,1,4,SC,4,114
30,1364666742916583427,1,5,SC,3,114
30,1366443197166096385,1,6,SC,2,114
30,1362776603047165957,1,7,SC,4,114
30,1367237010608431106,1,8,SC,2,114
30,1368641210533830657,1,9,SC,4,114
30,1369034842222985216,1,10,SC,4,114
30,1367894335233142789,1,1,SCSA,4,115
30,1363941648812675075,1,2,SCSA,5,115
30,1367315410106736640,1,3,SCSA,4,115
30,1368286394792046596,1,4,SCSA,4,115
30,1369017812165881859,1,5,SCSA,3,115
30,1367604109113655297,1,6,SCSA,4,115
30,1367930915733835777,1,7,SCSA,4,115
30,1367912923641737216,1,8,SCSA,4,115
30,1365320876510560258,1,9,SCSA,5,115
30,1367565062328623104,1,10,SCSA,3,115
31,1360224092427812866,1,1,B1,4,127
31,1307034079381065732,1,2,B1,4,127
31,1356766464162762754,1,3,B1,3,127
31,1362196930252726277,1,4,B1,3,127
31,1362196257624625152,1,5,B1,1,127
31,1369037449431715843,1,6,B1,2,127
31,1322130577684942848,1,7,B1,2,127
31,978748491936780289,1,8,B1,4,127
31,970013213092757504,1,9,B1,4,127
31,1364590913369083904,1,10,B1,3,127
31,1369087867939659782,1,1,CS,3,126
31,976286019904401408,1,2,CS,4,126
31,1369304506064908290,1,3,CS,3,126
31,1369463119479734274,1,4,CS,4,126
31,1369649450688409604,1,5,CS,3,126
31,1364961278729551872,1,6,CS,4,126
31,1365459905717678084,1,7,CS,3,126
31,973719108515717120,1,8,CS,3,126
31,1369075112432046081,1,9,CS,1,126
31,1362439231080169474,1,10,CS,3,126
31,1369325020258983936,1,1,SC,3,124
31,1365315820080009221,1,2,SC,4,124
31,1362776603047165957,1,3,SC,5,124
31,1336964656792035329,1,4,SC,3,124
31,1336810117057179649,1,5,SC,4,124
31,1365327872643260420,1,6,SC,3,124
31,1337318168277241857,1,7,SC,5,124
31,1363551492486008834,1,8,SC,2,124
31,1283912982200631298,1,9,SC,3,124
31,1318667750408036352,1,10,SC,2,124
31,1364607745270423556,1,1,SCSA,4,125
31,1364664823984779267,1,2,SCSA,3,125
31,1337077938076979205,1,3,SCSA,4,125
31,1317810926133874689,1,4,SCSA,3,125
31,1369383214062665731,1,5,SCSA,2,125
31,1336793663792406530,1,6,SCSA,3,125
31,1369386818169372680,1,7,SCSA,4,125
31,1283518830950510593,1,8,SCSA,2,125
31,1369372321736232963,1,9,SCSA,1,125
31,1303840025000509448,1,10,SCSA,2,125
32,1369320575945019399,1,1,B1,3,149
32,1364237278516830212,1,2,B1,3,149
32,1364974104491798530,1,3,B1,3,149
32,1365618942501285888,1,4,B1,2,149
32,969126955193962496,1,5,B1,3,149
32,1365376371376205838,1,6,B1,3,149
32,978970964762513409,1,7,B1,3,149
32,1369342862656221187,1,8,B1,4,149
32,1363849575279316998,1,9,B1,4,149
32,1362748149853396993,1,10,B1,3,149
32,976304255685423104,1,1,CS,4,148
32,1367133454241046531,1,2,CS,4,148
32,1367444872903462913,1,3,CS,4,148
32,1369169336326316036,1,4,CS,4,148
32,1369357633283620870,1,5,CS,3,148
32,1369368976128679940,1,6,CS,4,148
32,1369148225433788417,1,7,CS,2,148
32,1369533603194040320,1,8,CS,2,148
32,1368911960478257153,1,9,CS,2,148
32,1367113449394765824,1,10,CS,3,148
32,1369375444793954323,1,1,SC,3,146
32,1362776603047165957,1,2,SC,2,146
32,1369441796925886465,1,3,SC,2,146
32,1369400194513723396,1,4,SC,2,146
32,1369048387815899139,1,5,SC,2,146
32,1369355243406954501,1,6,SC,1,146
32,1362074171832958980,1,7,SC,1,146
32,1369614175048249346,1,8,SC,3,146
32,1359577321695547392,1,9,SC,1,146
32,1362085735063572482,1,10,SC,2,146
32,1369292125641269258,1,1,SCSA,3,147
32,1369458171467591683,1,2,SCSA,4,147
32,1365007905318133766,1,3,SCSA,1,147
32,1361388306106318857,1,4,SCSA,2,147
32,1361701236395958278,1,5,SCSA,4,147
32,1366932843067277314,1,6,SCSA,2,147
32,1369030160943611907,1,7,SCSA,1,147
32,1366709656974942211,1,8,SCSA,3,147
32,1364579317964034050,1,9,SCSA,2,147
32,1369441382973272064,1,10,SCSA,3,147
33,1369343506939019269,1,1,B1,4,134
33,1368856158010810369,1,2,B1,4,134
33,1369590734672760836,1,3,B1,4,134
33,1369598009084887043,1,4,B1,3,134
33,1368835740529000449,1,5,B1,4,134
33,1368978600964349955,1,6,B1,4,134
33,1369552733536219138,1,7,B1,4,134
33,1369113689845022721,1,8,B1,2,134
33,1369207595785977860,1,9,B1,4,134
33,1364311211194675203,1,10,B1,3,134
33,1369547940017147907,1,1,CS,3,133
33,1368604102989541376,1,2,CS,2,133
33,1369356888568197133,1,3,CS,3,133
33,1369362400403726350,1,4,CS,4,133
33,1369605923732393985,1,5,CS,2,133
33,1369566623913369603,1,6,CS,4,133
33,1369450685708857348,1,7,CS,3,133
33,1369269245704630276,1,8,CS,2,133
33,1369321348783345674,1,9,CS,4,133
33,1369366150237351943,1,10,CS,3,133
33,1369311531360518146,1,1,SC,4,131
33,1369405604595400711,1,2,SC,4,131
33,1369375444793954323,1,3,SC,4,131
33,1362776603047165957,1,4,SC,3,131
33,1369298875719311360,1,5,SC,4,131
33,1369441796925886465,1,6,SC,4,131
33,1369400194513723396,1,7,SC,4,131
33,1369326799709212680,1,8,SC,2,131
33,1369048387815899139,1,9,SC,4,131
33,1369355243406954501,1,10,SC,3,131
33,1369315042236174343,1,1,SCSA,3,132
33,1369395335769038849,1,2,SCSA,3,132
33,1369458171467591683,1,3,SCSA,3,132
33,1369441382973272064,1,4,SCSA,4,132
33,1368622654870192131,1,5,SCSA,4,132
33,1369226601972563972,1,6,SCSA,4,132
33,1369015794248671233,1,7,SCSA,4,132
33,1369438033892806663,1,8,SCSA,4,132
33,1369619124318580736,1,9,SCSA,4,132
33,1369495249417101312,1,10,SCSA,4,132
34,1369617111014924289,1,1,B1,3,138
34,1368856158010810369,1,2,B1,3,138
34,1369590734672760836,1,3,B1,4,138
34,1368835740529000449,1,4,B1,4,138
34,1369552733536219138,1,5,B1,3,138
34,1370098415938498560,1,6,B1,4,138
34,1369500754000699392,1,7,B1,3,138
34,1364311211194675203,1,8,B1,3,138
34,1367190653269073930,1,9,B1,5,138
34,1368607437310353408,1,10,B1,2,138
34,1369460811760988160,1,1,CS,4,137
34,1369585318521802763,1,2,CS,4,137
34,1369536457992470528,1,3,CS,4,137
34,1370017497710215170,1,4,CS,2,137
34,1370057097107345411,1,5,CS,3,137
34,1369968831666487296,1,6,CS,3,137
34,1369475595466375169,1,7,CS,3,137
34,1369404129643216897,1,8,CS,3,137
34,1369460521846575104,1,9,CS,2,137
34,1369270015699136512,1,10,CS,2,137
34,1369311531360518146,1,1,SC,3,135
34,1369405604595400711,1,2,SC,3,135
34,1369375444793954323,1,3,SC,2,135
34,1362776603047165957,1,4,SC,2,135
34,1369298875719311360,1,5,SC,4,135
34,1369441796925886465,1,6,SC,4,135
34,1369400194513723396,1,7,SC,1,135
34,1369326799709212680,1,8,SC,3,135
34,1369048387815899139,1,9,SC,3,135
34,1369355243406954501,1,10,SC,3,135
34,1369315042236174343,1,1,SCSA,4,136
34,1369395335769038849,1,2,SCSA,4,136
34,1369458171467591683,1,3,SCSA,2,136
34,1369441382973272064,1,4,SCSA,4,136
34,1368622654870192131,1,5,SCSA,2,136
34,1369226601972563972,1,6,SCSA,2,136
34,1369015794248671233,1,7,SCSA,2,136
34,1369438033892806663,1,8,SCSA,4,136
34,1369619124318580736,1,9,SCSA,4,136
34,1369495249417101312,1,10,SCSA,3,136
35,1340976808989241344,1,1,B1,2,142
35,1367617268734164992,1,2,B1,1,142
35,1368776591388647424,1,3,B1,1,142
35,1352326523026632706,1,4,B1,1,142
35,1273723492186443782,1,5,B1,3,142
35,1368939573586386945,1,6,B1,2,142
35,1368954564133654529,1,7,B1,1,142
35,1366296962409123843,1,8,B1,2,142
35,1332444252895404033,1,9,B1,1,142
35,1365315694167011328,1,10,B1,1,142
35,1322493521245298689,1,1,CS,1,141
35,1285629613067038720,1,2,CS,2,141
35,1189249540412624898,1,3,CS,2,141
35,1152351180225335296,1,4,CS,2,141
35,1272336376927666176,1,5,CS,2,141
35,1330209367002472448,1,6,CS,1,141
35,1362483585169686531,1,7,CS,2,141
35,1337396723610771457,1,8,CS,1,141
35,1287306318961872896,1,9,CS,1,141
35,1363561378552958976,1,10,CS,3,141
35,1349377838722519040,1,1,SC,3,139
35,1349380288783253504,1,2,SC,3,139
35,1344689933978656771,1,3,SC,1,139
35,1362776603047165957,1,4,SC,3,139
35,1317842770816602114,1,5,SC,2,139
35,1354118501653483523,1,6,SC,1,139
35,1361046993158692866,1,7,SC,2,139
35,1151605021345083392,1,8,SC,4,139
35,1265629710941388800,1,9,SC,1,139
35,1357381035852521474,1,10,SC,1,139
35,1339525827118194689,1,1,SCSA,3,140
35,1368777274506571779,1,2,SCSA,1,140
35,1362196066431627265,1,3,SCSA,3,140
35,1369458171467591683,1,4,SCSA,1,140
35,1364697022847209478,1,5,SCSA,3,140
35,1368760443498532864,1,6,SCSA,2,140
35,1367496989215248388,1,7,SCSA,2,140
35,1362484293650567168,1,8,SCSA,3,140
35,1368744769686540290,1,9,SCSA,2,140
35,1353672852747284480,1,10,SCSA,2,140
36,1292597118763319296,1,1,B1,5,153
36,1326208392923410432,1,1,B1,5,157
36,1350201158426648581,1,2,B1,5,157
36,1357735941637603331,1,2,B1,5,153
36,1367610810789326850,1,3,B1,5,157
36,1363548342832218116,1,3,B1,5,153
36,1322229311718494210,1,4,B1,4,153
36,1151160990995746816,1,4,B1,5,157
36,1322221808913928193,1,5,B1,4,153
36,1343240225129168898,1,5,B1,5,157
36,1356659266732650498,1,6,B1,3,157
36,1365001111946420226,1,6,B1,4,153
36,1312476369830338561,1,7,B1,3,157
36,1322191082235506689,1,7,B1,5,153
36,1341790679945670656,1,8,B1,4,153
36,1317087904569741312,1,8,B1,5,157
36,1362913607105736706,1,9,B1,5,157
36,1337774207971684352,1,9,B1,5,153
36,1275492317013479424,1,10,B1,5,153
36,1359943678354092032,1,10,B1,5,157
36,1330948472992776193,1,1,CS,5,156
36,1319321276171759617,1,1,CS,5,152
36,1263620338790944769,1,2,CS,5,152
36,1369087867939659782,1,2,CS,5,156
36,1254427280794845185,1,3,CS,5,152
36,1338550048892710913,1,3,CS,5,156
36,1055619307084800000,1,4,CS,4,152
36,1320726746329743363,1,4,CS,5,156
36,1358024709137432577,1,5,CS,5,152
36,1365731424322478084,1,5,CS,5,156
36,1306401710386982912,1,6,CS,3,152
36,1337102280059834370,1,6,CS,5,156
36,1334214244632580097,1,7,CS,4,152
36,1352017720578105346,1,7,CS,5,156
36,1327711653828337665,1,8,CS,5,152
36,1359973359568625670,1,8,CS,5,156
36,1146224584443727872,1,9,CS,3,152
36,1350865539091066881,1,9,CS,5,156
36,1363914797335543811,1,10,CS,5,156
36,1307801712107966476,1,10,CS,5,152
36,1273231711908872193,1,1,SC,4,150
36,1367521202042933249,1,1,SC,5,154
36,1369325020258983936,1,2,SC,5,154
36,1350483251291451392,1,2,SC,5,150
36,1182112257708306433,1,3,SC,4,150
36,1365315820080009221,1,3,SC,5,154
36,1359597695548153864,1,4,SC,4,150
36,1344689933978656771,1,4,SC,5,154
36,1364683920965578753,1,5,SC,3,150
36,1367300793485828097,1,5,SC,5,154
36,1369075493753020420,1,6,SC,4,154
36,1095067826061262848,1,6,SC,4,150
36,1369075561981566976,1,7,SC,4,154
36,1365320876510560258,1,7,SC,5,150
36,1338584496489172992,1,8,SC,4,150
36,1364666742916583427,1,8,SC,5,154
36,1366443197166096385,1,9,SC,3,154
36,1336059119174897665,1,9,SC,4,150
36,1366561763962073092,1,10,SC,3,150
36,1317842770816602114,1,10,SC,5,154
36,1367894335233142789,1,1,SCSA,3,155
36,1362872757109809152,1,1,SCSA,3,151
36,1360346403873181707,1,2,SCSA,5,151
36,1364607745270423556,1,2,SCSA,5,155
36,1363941648812675075,1,3,SCSA,3,155
36,1333873034114064385,1,3,SCSA,5,151
36,1366115959623331844,1,4,SCSA,3,151
36,1365327872643260420,1,4,SCSA,5,155
36,1359932980974657536,1,5,SCSA,5,151
36,1337077938076979205,1,5,SCSA,5,155
36,1354118501653483523,1,6,SCSA,3,155
36,1362069293790162946,1,6,SCSA,4,151
36,1364624807220948994,1,7,SCSA,3,151
36,1369383214062665731,1,7,SCSA,5,155
36,1343729046891347968,1,8,SCSA,3,151
36,1336793663792406530,1,8,SCSA,5,155
36,1367315410106736640,1,9,SCSA,5,155
36,1321455751567532032,1,9,SCSA,5,151
36,1368286394792046596,1,10,SCSA,5,155
36,1347619092417548288,1,10,SCSA,5,151
37,1368703131652005888,1,1,B1,4,161
37,1357452896976179201,1,2,B1,1,161
37,1298591876963078146,1,3,B1,1,161
37,1338474408743215106,1,4,B1,1,161
37,1189330936300756992,1,5,B1,2,161
37,1272338362909655040,1,6,B1,1,161
37,1326902644322017281,1,7,B1,4,161
37,1368640454028386304,1,8,B1,3,161
37,1365319660405678081,1,9,B1,1,161
37,1333425556659064833,1,10,B1,1,161
37,1349775316366090242,1,1,CS,4,160
37,1329150877941305345,1,2,CS,3,160
37,1364320994337427461,1,3,CS,3,160
37,1351923223638794246,1,4,CS,1,160
37,1365407295384018947,1,5,CS,1,160
37,1356264437729124353,1,6,CS,1,160
37,1331689113494446085,1,7,CS,1,160
37,1367114880378146824,1,8,CS,1,160
37,1152354497189965824,1,9,CS,1,160
37,1328065268942336000,1,10,CS,4,160
37,1344689933978656771,1,1,SC,1,158
37,1362083047785439239,1,2,SC,4,158
37,1337020338916499463,1,3,SC,4,158
37,1331748997124534274,1,4,SC,5,158
37,1354545532044075013,1,5,SC,1,158
37,1355167587638906880,1,6,SC,3,158
37,1317842770816602114,1,7,SC,2,158
37,1294010972055592962,1,8,SC,4,158
37,1337021907464499204,1,9,SC,5,158
37,1337022746824499203,1,10,SC,4,158
37,1353502767352926208,1,1,SCSA,3,159
37,1351920546011893761,1,2,SCSA,4,159
37,1365416645624143873,1,3,SCSA,2,159
37,1354118501653483523,1,4,SCSA,1,159
37,1337463904566456320,1,5,SCSA,4,159
37,1331744604891344896,1,6,SCSA,4,159
37,1364321423901085698,1,7,SCSA,1,159
37,1339525827118194689,1,8,SCSA,5,159
37,1368984433026596867,1,9,SCSA,3,159
37,1357375687967997959,1,10,SCSA,3,159
38,1368923387532369922,1,1,B1,5,165
38,1369498799673065473,1,2,B1,4,165
38,1368619226865471493,1,3,B1,5,165
38,1369214396489170946,1,4,B1,5,165
38,1369038985188831234,1,5,B1,5,165
38,1363564146948665347,1,6,B1,4,165
38,1368849083201359873,1,7,B1,5,165
38,1367766039254163458,1,8,B1,5,165
38,1352325551621595136,1,9,B1,5,165
38,1358819633629921283,1,10,B1,5,165
38,1368999972792844292,1,1,CS,5,164
38,1367625947462184961,1,2,CS,5,164
38,1361209516277174279,1,3,CS,5,164
38,1369036451845869573,1,4,CS,5,164
38,1352922753565863936,1,5,CS,4,164
38,1363322581076619265,1,6,CS,5,164
38,1369521918412472320,1,7,CS,5,164
38,1329140321402445824,1,8,CS,5,164
38,1369181189932777474,1,9,CS,5,164
38,1369499281833537540,1,10,CS,5,164
38,1349377838722519040,1,1,SC,5,162
38,1349380288783253504,1,2,SC,5,162
38,1369311531360518146,1,3,SC,5,162
38,1369405604595400711,1,4,SC,5,162
38,1369298875719311360,1,5,SC,5,162
38,1369326799709212680,1,6,SC,5,162
38,1362074171832958980,1,7,SC,3,162
38,1354011094751260673,1,8,SC,5,162
38,1353672852747284480,1,9,SC,5,162
38,1369315042236174343,1,10,SC,4,162
38,1369395335769038849,1,1,SCSA,4,163
38,1369292125641269258,1,2,SCSA,4,163
38,1365007905318133766,1,3,SCSA,4,163
38,1359577321695547392,1,4,SCSA,4,163
38,1361388306106318857,1,5,SCSA,4,163
38,1361701236395958278,1,6,SCSA,4,163
38,1366932843067277314,1,7,SCSA,4,163
38,1369030160943611907,1,8,SCSA,4,163
38,1366709656974942211,1,9,SCSA,4,163
38,1364579317964034050,1,10,SCSA,3,163
39,425668533293289472,1,1,B1,3,312
39,1359863795586396168,1,2,B1,4,312
39,1369362392749121542,1,3,B1,4,312
39,1356685006916079616,1,4,B1,2,312
39,1287526789707776000,1,5,B1,2,312
39,1291859496826843137,1,6,B1,3,312
39,1258788139159613441,1,7,B1,2,312
39,1252286536738934786,1,8,B1,3,312
39,754011760257069056,1,9,B1,5,312
39,1364897061083127808,1,10,B1,3,312
39,1369414843720208384,1,1,CS,4,311
39,1366870970351427588,1,2,CS,5,311
39,1369135857110638592,1,3,CS,5,311
39,421376352319983617,1,4,CS,4,311
39,1368487216775893000,1,5,CS,5,311
39,1368772235683586050,1,6,CS,3,311
39,1364908035932569600,1,7,CS,5,311
39,1364156801109938178,1,8,CS,4,311
39,423131090803777536,1,9,CS,5,311
39,1369575294806425603,1,10,CS,5,311
39,1349380288783253504,1,1,SC,5,309
39,1349377838722519040,1,2,SC,5,309
39,1367521202042933249,1,3,SC,5,309
39,1367300793485828097,1,4,SC,5,309
39,1369075493753020420,1,5,SC,5,309
39,1369075561981566976,1,6,SC,5,309
39,1364666742916583427,1,7,SC,3,309
39,1366443197166096385,1,8,SC,5,309
39,1367237010608431106,1,9,SC,5,309
39,1368641210533830657,1,10,SC,3,309
39,1367894335233142789,1,1,SCSA,4,310
39,1363941648812675075,1,2,SCSA,4,310
39,1318667750408036352,1,3,SCSA,5,310
39,1364664823984779267,1,4,SCSA,4,310
39,1317810926133874689,1,5,SCSA,5,310
39,1367315410106736640,1,6,SCSA,5,310
39,1368286394792046596,1,7,SCSA,5,310
39,1369034842222985216,1,8,SCSA,5,310
39,1283518830950510593,1,9,SCSA,5,310
39,1369017812165881859,1,10,SCSA,5,310
40,1337411829853802496,1,1,B1,5,326
40,1329846979401191424,1,2,B1,1,326
40,1351182747721748487,1,3,B1,1,326
40,1331202835334225920,1,4,B1,1,326
40,1355908706026758144,1,5,B1,5,326
40,1360611979879186438,1,6,B1,2,326
40,1324782095177306119,1,7,B1,5,326
40,1357369869222690817,1,8,B1,2,326
40,1323342666361430019,1,9,B1,5,326
40,1311355905120690176,1,10,B1,5,326
40,1338592930022363139,1,1,CS,5,324
40,1363945864633401344,1,2,CS,5,324
40,1337106387751620613,1,3,CS,1,324
40,1319756701126459398,1,4,CS,5,324
40,1336775151128518656,1,5,CS,5,324
40,1341428444190617600,1,6,CS,2,324
40,1359946667429093378,1,7,CS,2,324
40,1354759783157534720,1,8,CS,2,324
40,1341514552819724288,1,9,CS,3,324
40,1320019327425286144,1,10,CS,5,324
40,1366167129754537984,1,1,SC,2,321
40,1365113385658970113,1,2,SC,2,321
40,1362083047785439239,1,3,SC,3,321
40,1337020338916499463,1,4,SC,5,321
40,1331748997124534274,1,5,SC,2,321
40,1355167587638906880,1,6,SC,2,321
40,1294010972055592962,1,7,SC,5,321
40,1337021907464499204,1,8,SC,5,321
40,1350483251291451392,1,9,SC,5,321
40,1337022746824499203,1,10,SC,5,321
40,1354565152939544576,1,1,SCSA,1,322
40,1353502767352926208,1,2,SCSA,2,322
40,1351920546011893761,1,3,SCSA,5,322
40,1365416645624143873,1,4,SCSA,5,322
40,1337463904566456320,1,5,SCSA,3,322
40,1331744604891344896,1,6,SCSA,2,322
40,1357375687967997959,1,7,SCSA,5,322
40,1358843515149504514,1,8,SCSA,2,322
40,1331741612402237443,1,9,SCSA,5,322
40,1358843677582401536,1,10,SCSA,2,322
41,1346507839909445632,1,1,B1,3,211
41,1326208392923410432,1,1,B1,3,206
41,1356659266732650498,1,2,B1,2,206
41,1340930237819924480,1,2,B1,2,211
41,1363671397575266308,1,3,B1,1,211
41,1367323565008154630,1,3,B1,1,206
41,1352028901229395970,1,4,B1,1,211
41,1365020984802217996,1,4,B1,1,206
41,1338474408743215106,1,5,B1,3,206
41,1355577264512008192,1,5,B1,4,211
41,1357714688994390016,1,6,B1,2,211
41,1298591876963078146,1,6,B1,2,206
41,1367890477849210881,1,7,B1,1,211
41,1189330936300756992,1,7,B1,5,206
41,1365319660405678081,1,8,B1,3,206
41,1366222136591872000,1,8,B1,4,211
41,1368640454028386304,1,9,B1,1,206
41,1357382231816359939,1,9,B1,2,211
41,1290659734639521798,1,10,B1,2,211
41,1331689113494446085,1,10,B1,3,206
41,1367244848978227201,1,1,CS,1,205
41,1356407112385982464,1,1,CS,1,209
41,1367295825731227650,1,2,CS,1,209
41,1360941923746349059,1,2,CS,2,205
41,1367236110196244482,1,3,CS,1,205
41,1342918732486594560,1,3,CS,3,209
41,1339201502443941888,1,4,CS,1,205
41,1367522051762757632,1,4,CS,3,209
41,1316771044049391617,1,5,CS,1,209
41,1291753980247375873,1,5,CS,4,205
41,1366605872718245891,1,6,CS,3,205
41,1366205703392665603,1,6,CS,4,209
41,1350629002302550016,1,7,CS,1,209
41,1369312286674878465,1,7,CS,3,205
41,1368740848913973255,1,8,CS,1,209
41,1366833538985721860,1,8,CS,3,205
41,1368999845856436224,1,9,CS,3,209
41,1365710371206488066,1,9,CS,5,205
41,1361140001791037440,1,10,CS,1,209
41,1364711711891206151,1,10,CS,5,205
41,1362083047785439239,1,1,SC,4,207
41,1367521202042933249,1,1,SC,4,200
41,1337020338916499463,1,2,SC,1,207
41,1344689933978656771,1,2,SC,4,200
41,1331748997124534274,1,3,SC,3,207
41,1367300793485828097,1,3,SC,4,200
41,1362776603047165957,1,4,SC,2,207
41,1369075493753020420,1,4,SC,5,200
41,1354545532044075013,1,5,SC,4,207
41,1369075561981566976,1,5,SC,5,200
41,1355167587638906880,1,6,SC,2,207
41,1364666742916583427,1,6,SC,4,200
41,1294010972055592962,1,7,SC,1,207
41,1366443197166096385,1,7,SC,3,200
41,1362776603047165957,1,8,SC,1,200
41,1337021907464499204,1,8,SC,1,207
41,1337022746824499203,1,9,SC,2,207
41,1317842770816602114,1,9,SC,4,200
41,1334726779903168512,1,10,SC,1,207
41,1367237010608431106,1,10,SC,3,200
41,1353502767352926208,1,1,SCSA,1,208
41,1367894335233142789,1,1,SCSA,3,203
41,1351920546011893761,1,2,SCSA,2,208
41,1363941648812675075,1,2,SCSA,3,203
41,1365416645624143873,1,3,SCSA,2,208
41,1354118501653483523,1,3,SCSA,3,203
41,1337463904566456320,1,4,SCSA,1,208
41,1367315410106736640,1,4,SCSA,1,203
41,1368286394792046596,1,5,SCSA,1,203
41,1331744604891344896,1,5,SCSA,1,208
41,1369034842222985216,1,6,SCSA,2,203
41,1364321423901085698,1,6,SCSA,3,208
41,1368984433026596867,1,7,SCSA,3,208
41,1339525827118194689,1,7,SCSA,4,203
41,1357375687967997959,1,8,SCSA,2,208
41,1369017812165881859,1,8,SCSA,3,203
41,1358843515149504514,1,9,SCSA,1,208
41,1367604109113655297,1,9,SCSA,2,203
41,1331741612402237443,1,10,SCSA,1,208
41,1367930915733835777,1,10,SCSA,2,203
42,1369362392749121542,1,1,B1,1,177
42,1369148238138208257,1,2,B1,1,177
42,1368116399097344003,1,3,B1,5,177
42,1326177511684919300,1,4,B1,2,177
42,1368453072666521600,1,5,B1,5,177
42,1342687407326580737,1,6,B1,5,177
42,1313580109727584256,1,7,B1,1,177
42,1369101047826841604,1,8,B1,1,177
42,1369418368554569728,1,9,B1,1,177
42,1363947240369229825,1,10,B1,5,177
42,1361692398867402752,1,1,CS,5,176
42,1242185573193768960,1,2,CS,5,176
42,1350632339206901761,1,3,CS,2,176
42,1369104826869506049,1,4,CS,2,176
42,1325114525104758784,1,5,CS,1,176
42,1356256641814065162,1,6,CS,5,176
42,1367351364477624321,1,7,CS,5,176
42,1316378741061320711,1,8,CS,5,176
42,1283200387101712384,1,9,CS,1,176
42,1364632186884939780,1,10,CS,1,176
42,1248277743118086144,1,1,SC,2,174
42,1367521202042933249,1,2,SC,5,174
42,1248251408333172738,1,3,SC,2,174
42,1367300793485828097,1,4,SC,1,174
42,1369075493753020420,1,5,SC,2,174
42,1369169111478005763,1,6,SC,2,174
42,1369075561981566976,1,7,SC,2,174
42,1364666742916583427,1,8,SC,5,174
42,1368080635655450627,1,9,SC,5,174
42,1366443197166096385,1,10,SC,5,174
42,1367894335233142789,1,1,SCSA,5,175
42,1363941648812675075,1,2,SCSA,5,175
42,1367947939579006979,1,3,SCSA,5,175
42,1367946026674352134,1,4,SCSA,5,175
42,1354545532044075013,1,5,SCSA,2,175
42,1367949455262060544,1,6,SCSA,2,175
42,1288988861092245505,1,7,SCSA,1,175
42,1367315410106736640,1,8,SCSA,1,175
42,1368286394792046596,1,9,SCSA,1,175
42,1369034842222985216,1,10,SCSA,1,175
43,1360638198573981696,1,1,B1,2,181
43,1367946423736537089,1,2,B1,2,181
43,1363548342832218116,1,3,B1,2,181
43,1367629682439454722,1,4,B1,2,181
43,1338944728969035776,1,5,B1,2,181
43,1336324934688116743,1,6,B1,2,181
43,1366208806535892995,1,7,B1,2,181
43,1357714688994390016,1,8,B1,2,181
43,1359185296382779393,1,9,B1,2,181
43,1354547483083329538,1,10,B1,2,181
43,1363674987626856448,1,1,CS,2,180
43,1334706123971162115,1,2,CS,2,180
43,1334724211689074688,1,3,CS,2,180
43,1316909183225286657,1,4,CS,2,180
43,1290389884927000582,1,5,CS,2,180
43,1359547910619344904,1,6,CS,2,180
43,1358058477785120769,1,7,CS,2,180
43,1349775316366090242,1,8,CS,2,180
43,1365178104310763520,1,9,CS,2,180
43,1332420899471990786,1,10,CS,3,180
43,1362083047785439239,1,1,SC,5,178
43,1368245651046207493,1,2,SC,5,178
43,1337020338916499463,1,3,SC,5,178
43,1331748997124534274,1,4,SC,5,178
43,1355167587638906880,1,5,SC,5,178
43,1294010972055592962,1,6,SC,5,178
43,1337021907464499204,1,7,SC,5,178
43,1350483251291451392,1,8,SC,5,178
43,1337022746824499203,1,9,SC,5,178
43,1334726779903168512,1,10,SC,5,178
43,1353502767352926208,1,1,SCSA,5,179
43,1351920546011893761,1,2,SCSA,3,179
43,1365416645624143873,1,3,SCSA,3,179
43,1337463904566456320,1,4,SCSA,3,179
43,1331744604891344896,1,5,SCSA,3,179
43,1368933410085945345,1,6,SCSA,3,179
43,1357375687967997959,1,7,SCSA,3,179
43,1358843515149504514,1,8,SCSA,3,179
43,1331741612402237443,1,9,SCSA,5,179
43,1358843677582401536,1,10,SCSA,5,179
44,1326208392923410432,1,1,B1,5,308
44,1359863795586396168,1,2,B1,3,308
44,1369343506939019269,1,3,B1,3,308
44,425668533293289472,1,4,B1,3,308
44,1356685006916079616,1,5,B1,2,308
44,1287526789707776000,1,6,B1,2,308
44,1369041862414241800,1,7,B1,3,308
44,1258788139159613441,1,8,B1,4,308
44,1291859496826843137,1,9,B1,4,308
44,1253009440107720704,1,10,B1,5,308
44,1369546496165765121,1,1,CS,3,307
44,1369102305748992003,1,2,CS,2,307
44,1369609984468783107,1,3,CS,3,307
44,1369457998523949060,1,4,CS,5,307
44,1369434342053806090,1,5,CS,2,307
44,1369449199343960065,1,6,CS,5,307
44,1369377939381497859,1,7,CS,5,307
44,1370028580516732943,1,8,CS,3,307
44,1369332550347407367,1,9,CS,5,307
44,1369398802537476096,1,10,CS,3,307
44,1344689933978656771,1,1,SC,5,305
44,1369375444793954323,1,2,SC,5,305
44,1317842770816602114,1,3,SC,5,305
44,1369441796925886465,1,4,SC,5,305
44,1369400194513723396,1,5,SC,5,305
44,1354118501653483523,1,6,SC,4,305
44,1369048387815899139,1,7,SC,5,305
44,1283912982200631298,1,8,SC,5,305
44,1318667750408036352,1,9,SC,5,305
44,1369355243406954501,1,10,SC,5,305
44,1364664823984779267,1,1,SCSA,3,306
44,1317810926133874689,1,2,SCSA,5,306
44,1283518830950510593,1,3,SCSA,5,306
44,1339525827118194689,1,4,SCSA,5,306
44,1303840025000509448,1,5,SCSA,3,306
44,1368217898095964166,1,6,SCSA,5,306
44,1291862297665626112,1,7,SCSA,5,306
44,1327398719789150214,1,8,SCSA,5,306
44,1368777274506571779,1,9,SCSA,2,306
44,1317811466339221509,1,10,SCSA,4,306
45,1338619251050115072,1,1,B1,2,194
45,1365659227256098816,1,2,B1,3,194
45,1361708535294255106,1,3,B1,3,194
45,1184016623394590721,1,4,B1,4,194
45,1310595678226219015,1,5,B1,3,194
45,1367430380463267844,1,6,B1,3,194
45,1344344721506885641,1,7,B1,3,194
45,1345706642080493568,1,8,B1,3,194
45,1327627598726377475,1,9,B1,4,194
45,1228653223269076992,1,10,B1,3,194
45,1358213026541834240,1,1,CS,4,191
45,1264644362731913216,1,2,CS,5,191
45,1269780932891774976,1,3,CS,4,191
45,1366899538502426633,1,4,CS,5,191
45,1335107635767439361,1,5,CS,4,191
45,1359267423346716677,1,6,CS,4,191
45,1330308453508800527,1,7,CS,3,191
45,1174371887159242752,1,8,CS,4,191
45,1179754999171047425,1,9,CS,5,191
45,1353755766625234944,1,10,CS,5,191
45,1242106541999783936,1,1,SC,4,183
45,1368932010971004931,1,2,SC,5,183
45,1327954760251662337,1,3,SC,5,183
45,1303249708169613313,1,4,SC,5,183
45,1362360519626227713,1,5,SC,4,183
45,1308393354120421376,1,6,SC,5,183
45,1241401189721350145,1,7,SC,3,183
45,1368909409775149064,1,8,SC,4,183
45,1324374402750767104,1,9,SC,5,183
45,1367462925250818061,1,10,SC,4,183
45,1351283213403095045,1,1,SCSA,5,184
45,1328417466272321537,1,2,SCSA,5,184
45,1340409077751566338,1,3,SCSA,3,184
45,1167050866521780224,1,4,SCSA,3,184
45,1350843455128399879,1,5,SCSA,3,184
45,1319402828285108225,1,6,SCSA,5,184
45,1334044250942676993,1,7,SCSA,4,184
45,1234157609395146753,1,8,SCSA,3,184
45,1367971795790397440,1,9,SCSA,5,184
45,1319343716801236992,1,10,SCSA,5,184
46,1369038985188831234,1,1,B1,3,192
46,1368923387532369922,1,2,B1,3,192
46,1369482917248970754,1,3,B1,3,192
46,1369343506939019269,1,4,B1,3,192
46,1368856158010810369,1,5,B1,5,192
46,1369590734672760836,1,6,B1,4,192
46,1368835740529000449,1,7,B1,4,192
46,1369619151506071561,1,8,B1,3,192
46,1369552733536219138,1,9,B1,4,192
46,1369483145129713665,1,10,B1,4,192
46,1369432600448745472,1,1,CS,3,190
46,1369593103208886276,1,2,CS,3,190
46,1369121138861891587,1,3,CS,2,190
46,1369440894961786880,1,4,CS,4,190
46,1368340015001042945,1,5,CS,4,190
46,1369551925285449729,1,6,CS,3,190
46,1369596392834932746,1,7,CS,4,190
46,1369332242410049546,1,8,CS,5,190
46,1369106243755900928,1,9,CS,3,190
46,1369498268011552768,1,10,CS,3,190
46,1369311531360518146,1,1,SC,5,182
46,1369405604595400711,1,2,SC,5,182
46,1369375444793954323,1,3,SC,5,182
46,1362776603047165957,1,4,SC,5,182
46,1369298875719311360,1,5,SC,5,182
46,1369441796925886465,1,6,SC,5,182
46,1369400194513723396,1,7,SC,5,182
46,1369326799709212680,1,8,SC,5,182
46,1369048387815899139,1,9,SC,4,182
46,1369355243406954501,1,10,SC,2,182
46,1369315042236174343,1,1,SCSA,3,186
46,1369395335769038849,1,2,SCSA,3,186
46,1369458171467591683,1,3,SCSA,4,186
46,1369441382973272064,1,4,SCSA,4,186
46,1368622654870192131,1,5,SCSA,3,186
46,1369226601972563972,1,6,SCSA,3,186
46,1369015794248671233,1,7,SCSA,3,186
46,1369438033892806663,1,8,SCSA,4,186
46,1369619124318580736,1,9,SCSA,4,186
46,1369495249417101312,1,10,SCSA,4,186
47,1367557867260289032,1,1,B1,5,189
47,1368577180557406208,1,2,B1,5,189
47,1360638198573981696,1,3,B1,2,189
47,1368116641360384005,1,4,B1,5,189
47,1367500677002452992,1,5,B1,5,189
47,1368241591299760129,1,6,B1,5,189
47,1369007428696743936,1,7,B1,5,189
47,1369359775230812163,1,8,B1,5,189
47,1368157353695121412,1,9,B1,5,189
47,1368982192194519043,1,10,B1,5,189
47,1367862841907294209,1,1,CS,5,188
47,1368234120082554894,1,2,CS,5,188
47,1349775316366090242,1,3,CS,3,188
47,1368174374247923712,1,4,CS,5,188
47,1368487188724350976,1,5,CS,5,188
47,1369411191316025345,1,6,CS,5,188
47,1369276490832023555,1,7,CS,5,188
47,1369397637267488772,1,8,CS,5,188
47,1369347272975282184,1,9,CS,5,188
47,1369391021642158086,1,10,CS,5,188
47,1368932010971004931,1,1,SC,5,185
47,1369311531360518146,1,2,SC,5,185
47,1362083047785439239,1,3,SC,5,185
47,1337020338916499463,1,4,SC,5,185
47,1369405604595400711,1,5,SC,5,185
47,1331748997124534274,1,6,SC,5,185
47,1369298875719311360,1,7,SC,5,185
47,1355167587638906880,1,8,SC,1,185
47,1294010972055592962,1,9,SC,5,185
47,1337021907464499204,1,10,SC,5,185
47,1337022746824499203,1,1,SCSA,5,187
47,1353502767352926208,1,2,SCSA,5,187
47,1351920546011893761,1,3,SCSA,5,187
47,1365416645624143873,1,4,SCSA,5,187
47,1337463904566456320,1,5,SCSA,5,187
47,1331744604891344896,1,6,SCSA,5,187
47,1357375687967997959,1,7,SCSA,1,187
47,1358843515149504514,1,8,SCSA,5,187
47,1331741612402237443,1,9,SCSA,5,187
47,1358843677582401536,1,10,SCSA,5,187
48,1369559064485715968,1,1,B1,5,197
48,1344756801242357768,1,2,B1,5,197
48,1369453000570310660,1,3,B1,5,197
48,1253046974389067776,1,4,B1,1,197
48,1299377724415500293,1,5,B1,3,197
48,956689717608595456,1,6,B1,2,197
48,1367487878259957765,1,7,B1,2,197
48,1054037653379670016,1,8,B1,2,197
48,1349071385360887808,1,9,B1,3,197
48,1334986629560344579,1,10,B1,2,197
48,1369321844449361921,1,1,CS,5,196
48,1369294887481450502,1,2,CS,5,196
48,1369460712054153219,1,3,CS,5,196
48,1369517501248372738,1,4,CS,5,196
48,1369456184554569731,1,5,CS,5,196
48,1369592804683419651,1,6,CS,5,196
48,1369528480627650560,1,7,CS,5,196
48,1369489233153515523,1,8,CS,5,196
48,1369570003729649671,1,9,CS,5,196
48,1369570221162459143,1,10,CS,5,196
48,1322257618178609153,1,1,SC,4,193
48,1369297616245231638,1,2,SC,4,193
48,1369311531360518146,1,3,SC,5,193
48,1369054744786989056,1,4,SC,4,193
48,1368610152081985537,1,5,SC,4,193
48,1322257265496334336,1,6,SC,5,193
48,1369405604595400711,1,7,SC,5,193
48,1294355303329341442,1,8,SC,5,193
48,1325738196374876161,1,9,SC,5,193
48,1369375444793954323,1,10,SC,5,193
48,1369441796925886465,1,1,SCSA,5,195
48,1299756201509613568,1,2,SCSA,3,195
48,1363181398908141579,1,3,SCSA,3,195
48,1368271872002035713,1,4,SCSA,4,195
48,1368177229285502976,1,5,SCSA,4,195
48,1368300490895818755,1,6,SCSA,4,195
48,1347166067995660290,1,7,SCSA,2,195
48,1369367452661014538,1,8,SCSA,4,195
48,1368494502336475136,1,9,SCSA,4,195
48,1325498916847153153,1,10,SCSA,5,195
49,1357749874645749765,1,1,B1,5,333
49,1366842371724476422,1,2,B1,1,333
49,1344756801242357768,1,3,B1,1,333
49,1320101239363809280,1,4,B1,1,333
49,1253046974389067776,1,5,B1,5,333
49,956689717608595456,1,6,B1,2,333
49,1299377724415500293,1,7,B1,2,333
49,1310279026741841922,1,8,B1,5,333
49,1301614505823141888,1,9,B1,5,333
49,1187825368067117057,1,10,B1,5,333
49,1306044998408904704,1,1,CS,5,331
49,1259322582949679104,1,2,CS,5,331
49,1368669282452840452,1,3,CS,2,331
49,1334926517722378242,1,4,CS,3,331
49,1316050559518949376,1,5,CS,5,331
49,1271193376147177472,1,6,CS,5,331
49,1183046883347841024,1,7,CS,5,331
49,1273665566763433984,1,8,CS,5,331
49,1368483092252401666,1,9,CS,5,331
49,1184552999428866048,1,10,CS,5,331
49,1368932010971004931,1,1,SC,5,329
49,1322257618178609153,1,2,SC,2,329
49,1369297616245231638,1,3,SC,5,329
49,1369054744786989056,1,4,SC,5,329
49,1368610152081985537,1,5,SC,5,329
49,1322257265496334336,1,6,SC,3,329
49,1294355303329341442,1,7,SC,5,329
49,1325738196374876161,1,8,SC,1,329
49,1303249708169613313,1,9,SC,2,329
49,1368271872002035713,1,10,SC,5,329
49,1368932010971004931,1,1,SCSA,5,330
49,1322257618178609153,1,2,SCSA,5,330
49,1299756201509613568,1,3,SCSA,1,330
49,1324374402750767104,1,4,SCSA,5,330
49,1369297616245231638,1,5,SCSA,1,330
49,1363181398908141579,1,6,SCSA,1,330
49,1369054744786989056,1,7,SCSA,2,330
49,1368271872002035713,1,8,SCSA,5,330
49,1322257265496334336,1,9,SCSA,2,330
49,1368177229285502976,1,10,SCSA,5,330
50,1369343506939019269,1,1,B1,5,204
50,1326208392923410432,1,2,B1,3,204
50,1369621841204088832,1,3,B1,3,204
50,1369434342053806090,1,4,B1,3,204
50,1356659266732650498,1,5,B1,5,204
50,1369614780676399108,1,6,B1,3,204
50,1368939918727278599,1,7,B1,5,204
50,1367491019277799427,1,8,B1,5,204
50,1342500356316667904,1,9,B1,3,204
50,1369597995499593729,1,10,B1,4,204
50,1369430517381267460,1,1,CS,3,202
50,1369425009303822344,1,2,CS,4,202
50,1369617901678964736,1,3,CS,3,202
50,1369559628183445504,1,4,CS,3,202
50,1369266567423397891,1,5,CS,4,202
50,1369189230489001991,1,6,CS,4,202
50,1369596898127077379,1,7,CS,2,202
50,1369469059427893249,1,8,CS,4,202
50,1368697794417065992,1,9,CS,4,202
50,1369569992732250114,1,10,CS,4,202
50,1368932010971004931,1,1,SC,5,199
50,1344689933978656771,1,2,SC,5,199
50,1369375444793954323,1,3,SC,4,199
50,1317842770816602114,1,4,SC,5,199
50,1368909409775149064,1,5,SC,5,199
50,1367462925250818061,1,6,SC,5,199
50,1369441796925886465,1,7,SC,5,199
50,1369400194513723396,1,8,SC,4,199
50,1354118501653483523,1,9,SC,4,199
50,1369048387815899139,1,10,SC,5,199
50,1339525827118194689,1,1,SCSA,4,201
50,1368777274506571779,1,2,SCSA,5,201
50,1369355243406954501,1,3,SCSA,4,201
50,1361046993158692866,1,4,SCSA,5,201
50,1362196066431627265,1,5,SCSA,4,201
50,1367113993815547906,1,6,SCSA,5,201
50,1368561200754270210,1,7,SCSA,5,201
50,1364697022847209478,1,8,SCSA,5,201
50,1368760443498532864,1,9,SCSA,5,201
50,1367497561645457427,1,10,SCSA,3,201
51,1326208392923410432,1,1,B1,5,342
51,1369362392749121542,1,2,B1,1,342
51,1293138169832103936,1,3,B1,2,342
51,1356659266732650498,1,4,B1,5,342
51,1344946472618344448,1,5,B1,5,342
51,1367214902624980995,1,6,B1,5,342
51,1338474408743215106,1,7,B1,5,342
51,1298591876963078146,1,8,B1,5,342
51,1189330936300756992,1,9,B1,5,342
51,1366963364975452162,1,10,B1,2,342
51,1366768521854656512,1,1,CS,5,339
51,1315366562069700616,1,2,CS,2,339
51,1368747076528578560,1,3,CS,3,339
51,1327280720084164608,1,4,CS,3,339
51,1367197078829506565,1,5,CS,5,339
51,1330194382914514949,1,6,CS,5,339
51,1368751184434040836,1,7,CS,3,339
51,1366830686498217984,1,8,CS,5,339
51,1369056709117808640,1,9,CS,5,339
51,1328413175620964353,1,10,CS,5,339
51,1367521202042933249,1,1,SC,5,337
51,1344689933978656771,1,2,SC,1,337
51,1367300793485828097,1,3,SC,1,337
51,1369075493753020420,1,4,SC,2,337
51,1369075561981566976,1,5,SC,2,337
51,1364666742916583427,1,6,SC,5,337
51,1366443197166096385,1,7,SC,5,337
51,1354545532044075013,1,8,SC,1,337
51,1317842770816602114,1,9,SC,5,337
51,1367237010608431106,1,10,SC,5,337
51,1367894335233142789,1,1,SCSA,1,338
51,1363941648812675075,1,2,SCSA,1,338
51,1354118501653483523,1,3,SCSA,5,338
51,1367315410106736640,1,4,SCSA,1,338
51,1368286394792046596,1,5,SCSA,1,338
51,1369034842222985216,1,6,SCSA,1,338
51,1364321423901085698,1,7,SCSA,1,338
51,1339525827118194689,1,8,SCSA,5,338
51,1368984433026596867,1,9,SCSA,1,338
51,1369017812165881859,1,10,SCSA,5,338
53,1367323565008154630,1,1,B1,1,219
53,1367244848978227201,1,2,B1,1,219
53,1368652673935933450,1,3,B1,1,219
53,1369040473008996353,1,4,B1,3,219
53,1369025685893738496,1,5,B1,1,219
53,1305204600228573184,1,6,B1,1,219
53,1368239051979943936,1,7,B1,1,219
53,1366247302843621377,1,8,B1,2,219
53,1368561876972494852,1,9,B1,1,219
53,1366458502986694658,1,10,B1,1,219
53,1367212776641359872,1,1,CS,1,217
53,1361767244125110275,1,2,CS,1,217
53,1365708399791505416,1,3,CS,1,217
53,1366209721124839425,1,4,CS,2,217
53,1367243228701892609,1,5,CS,1,217
53,1369459006129930241,1,6,CS,1,217
53,1366827740175896578,1,7,CS,1,217
53,1367912923641737216,1,8,CS,1,217
53,1369050447797907460,1,9,CS,1,217
53,1368614821147598851,1,10,CS,1,217
53,1367521202042933249,1,1,SC,1,213
53,1369325020258983936,1,2,SC,2,213
53,1365315820080009221,1,3,SC,2,213
53,1367300793485828097,1,4,SC,1,213
53,1369075493753020420,1,5,SC,4,213
53,1369075561981566976,1,6,SC,4,213
53,1364666742916583427,1,7,SC,1,213
53,1366443197166096385,1,8,SC,1,213
53,1354545532044075013,1,9,SC,1,213
53,1367237010608431106,1,10,SC,1,213
53,1367894335233142789,1,1,SCSA,1,215
53,1364607745270423556,1,2,SCSA,1,215
53,1363941648812675075,1,3,SCSA,1,215
53,1365327872643260420,1,4,SCSA,1,215
53,1337077938076979205,1,5,SCSA,1,215
53,1369383214062665731,1,6,SCSA,1,215
53,1336793663792406530,1,7,SCSA,1,215
53,1367315410106736640,1,8,SCSA,1,215
53,1368286394792046596,1,9,SCSA,1,215
53,1369034842222985216,1,10,SCSA,1,215
54,1368976123896336389,1,1,B1,5,220
54,1369362392749121542,1,2,B1,5,220
54,1326208392923410432,1,3,B1,5,220
54,1356659266732650498,1,4,B1,5,220
54,1273919207038693376,1,5,B1,5,220
54,1368970511175151620,1,6,B1,5,220
54,1366963364975452162,1,7,B1,1,220
54,1368971556320206848,1,8,B1,2,220
54,1367212796631416832,1,9,B1,2,220
54,1362454325876969478,1,10,B1,1,220
54,1369050447797907460,1,1,CS,2,218
54,1367243228701892609,1,2,CS,5,218
54,1368614821147598851,1,3,CS,1,218
54,1366425498226593793,1,4,CS,3,218
54,1277164459446931456,1,5,CS,2,218
54,1369459006129930241,1,6,CS,2,218
54,1367532286359445510,1,7,CS,2,218
54,1326615477037142016,1,8,CS,2,218
54,1367548427370786816,1,9,CS,5,218
54,1367837304509915140,1,10,CS,5,218
54,1367521202042933249,1,1,SC,5,214
54,1344689933978656771,1,2,SC,4,214
54,1367300793485828097,1,3,SC,3,214
54,1369075493753020420,1,4,SC,3,214
54,1369075561981566976,1,5,SC,3,214
54,1364666742916583427,1,6,SC,3,214
54,1366443197166096385,1,7,SC,5,214
54,1354545532044075013,1,8,SC,3,214
54,1317842770816602114,1,9,SC,5,214
54,1367237010608431106,1,10,SC,3,214
54,1367894335233142789,1,1,SCSA,2,216
54,1363941648812675075,1,2,SCSA,2,216
54,1354118501653483523,1,3,SCSA,4,216
54,1367315410106736640,1,4,SCSA,2,216
54,1368286394792046596,1,5,SCSA,4,216
54,1369034842222985216,1,6,SCSA,4,216
54,1364321423901085698,1,7,SCSA,4,216
54,1339525827118194689,1,8,SCSA,3,216
54,1368984433026596867,1,9,SCSA,3,216
54,1369017812165881859,1,10,SCSA,3,216
55,956689717608595456,1,1,B1,5,224
55,1367479945686093825,1,2,B1,5,224
55,1367225773166190592,1,3,B1,5,224
55,1368607626494308354,1,4,B1,5,224
55,1368715397415964674,1,5,B1,3,224
55,1368753671568322564,1,6,B1,4,224
55,1366946573528100864,1,7,B1,4,224
55,1310279026741841922,1,8,B1,4,224
55,1367170047081402380,1,9,B1,4,224
55,1367245903472558081,1,10,B1,5,224
55,1366604627689496580,1,1,CS,5,223
55,1251269832122777600,1,2,CS,5,223
55,1369343726611529728,1,3,CS,5,223
55,1367266920689459202,1,4,CS,5,223
55,1366585340849491972,1,5,CS,5,223
55,1367862841907294209,1,6,CS,5,223
55,1299755874915942401,1,7,CS,5,223
55,1368174374247923712,1,8,CS,5,223
55,1367288053547626496,1,9,CS,5,223
55,1367842722678247427,1,10,CS,5,223
55,1368932010971004931,1,1,SC,5,221
55,1322257618178609153,1,2,SC,5,221
55,1369297616245231638,1,3,SC,4,221
55,1369054744786989056,1,4,SC,4,221
55,1368245651046207493,1,5,SC,4,221
55,1368610152081985537,1,6,SC,4,221
55,1322257265496334336,1,7,SC,4,221
55,1294355303329341442,1,8,SC,4,221
55,1325738196374876161,1,9,SC,4,221
55,1368271872002035713,1,10,SC,4,221
55,1299756201509613568,1,1,SCSA,5,222
55,1363181398908141579,1,2,SCSA,5,222
55,1368177229285502976,1,3,SCSA,5,222
55,1368300490895818755,1,4,SCSA,5,222
55,1347166067995660290,1,5,SCSA,5,222
55,1369367452661014538,1,6,SCSA,5,222
55,1368494502336475136,1,7,SCSA,5,222
55,1325498916847153153,1,8,SCSA,5,222
55,1368933410085945345,1,9,SCSA,5,222
55,1346121159134343168,1,10,SCSA,5,222
57,1369038985188831234,1,1,B1,4,360
57,1368923387532369922,1,2,B1,4,360
57,762025473794867200,1,3,B1,3,360
57,1291098932987269128,1,4,B1,3,360
57,1323309743218282496,1,5,B1,3,360
57,1337159750644080645,1,6,B1,3,360
57,1339313549626273793,1,7,B1,3,360
57,1217178366597570560,1,8,B1,2,360
57,1325467261239431170,1,9,B1,5,360
57,1257063194687832064,1,10,B1,5,360
57,1369407674366976007,1,1,CS,1,359
57,1369595394045444097,1,2,CS,3,359
57,1369560664142970881,1,3,CS,4,359
57,1369569728541425667,1,4,CS,4,359
57,1369563665867898882,1,5,CS,4,359
57,1369423783086460937,1,6,CS,3,359
57,1369433577339957248,1,7,CS,4,359
57,1369335967618904068,1,8,CS,3,359
57,1369572554969583617,1,9,CS,3,359
57,1368935548694519808,1,10,CS,3,359
57,1300884239626522624,1,1,SC,5,357
57,1369311531360518146,1,2,SC,5,357
57,1351483359244005376,1,3,SC,5,357
57,1369405604595400711,1,4,SC,5,357
57,1369375444793954323,1,5,SC,5,357
57,1369298875719311360,1,6,SC,5,357
57,1369441796925886465,1,7,SC,5,357
57,1369400194513723396,1,8,SC,5,357
57,1286599815967776768,1,9,SC,5,357
57,1369326799709212680,1,10,SC,5,357
57,1247840496569012225,1,1,SCSA,4,358
57,1369315042236174343,1,2,SCSA,4,358
57,764216312134590466,1,3,SCSA,4,358
57,1319651956579762176,1,4,SCSA,5,358
57,1291094964185825281,1,5,SCSA,5,358
57,1296511004063473667,1,6,SCSA,5,358
57,1369395335769038849,1,7,SCSA,4,358
57,1238211420388569088,1,8,SCSA,5,358
57,1365047360934526982,1,9,SCSA,4,358
57,1070275243552489472,1,10,SCSA,4,358
58,1367128088832745476,1,1,B1,5,228
58,1368614821147598851,1,2,B1,5,228
58,1369339704588570624,1,3,B1,5,228
58,1369015063705612288,1,4,B1,5,228
58,1300100975793901569,1,5,B1,5,228
58,1366234614650478594,1,6,B1,5,228
58,1366239727402196996,1,7,B1,5,228
58,1362945064209575938,1,8,B1,5,228
58,1360680119854104582,1,9,B1,5,228
58,1315366562069700616,1,10,B1,5,228
58,1364274434111062018,1,1,CS,5,227
58,1362410505365839874,1,2,CS,5,227
58,1365979945470582784,1,3,CS,5,227
58,1365436528865005568,1,4,CS,5,227
58,1360763643135070209,1,5,CS,3,227
58,1361311529392623617,1,6,CS,5,227
58,1367536592617959425,1,7,CS,5,227
58,1366889537616498688,1,8,CS,3,227
58,1369090194847186944,1,9,CS,4,227
58,1367973079624876035,1,10,CS,5,227
58,1349377838722519040,1,1,SC,5,225
58,1349380288783253504,1,2,SC,5,225
58,1367521202042933249,1,3,SC,5,225
58,1367300793485828097,1,4,SC,5,225
58,1369075493753020420,1,5,SC,5,225
58,1369075561981566976,1,6,SC,5,225
58,1364666742916583427,1,7,SC,5,225
58,1366443197166096385,1,8,SC,5,225
58,1362776603047165957,1,9,SC,5,225
58,1367237010608431106,1,10,SC,5,225
58,1367894335233142789,1,1,SCSA,5,226
58,1363941648812675075,1,2,SCSA,5,226
58,1367315410106736640,1,3,SCSA,5,226
58,1368286394792046596,1,4,SCSA,5,226
58,1369034842222985216,1,5,SCSA,5,226
58,1369017812165881859,1,6,SCSA,5,226
58,1367604109113655297,1,7,SCSA,5,226
58,1367930915733835777,1,8,SCSA,4,226
58,1367912923641737216,1,9,SCSA,5,226
58,1368641210533830657,1,10,SCSA,5,226
59,1367521202042933249,1,1,SC,5,242
59,1344689933978656771,1,2,SC,5,242
59,1367300793485828097,1,3,SC,5,242
59,1369075493753020420,1,4,SC,5,242
59,1369075561981566976,1,5,SC,5,242
59,1364666742916583427,1,6,SC,5,242
59,1366443197166096385,1,7,SC,5,242
59,1354545532044075013,1,8,SC,5,242
59,1317842770816602114,1,9,SC,5,242
59,1367237010608431106,1,10,SC,5,242
60,1326208392923410432,1,1,B1,5,237
60,1369362392749121542,1,2,B1,5,237
60,1367262209160736770,1,3,B1,5,237
60,1356659266732650498,1,4,B1,5,237
60,1342394653887369216,1,5,B1,5,237
60,1368760958261268480,1,6,B1,5,237
60,1361000829247963141,1,7,B1,5,237
60,1369030162298400778,1,8,B1,5,237
60,1273919207038693376,1,9,B1,5,237
60,1367214902624980995,1,10,B1,5,237
60,1151158403135397888,1,1,CS,5,236
60,1145785172069146626,1,2,CS,5,236
60,1367565062328623104,1,3,CS,5,236
60,1353781237882744833,1,4,CS,5,236
60,1365693174493151234,1,5,CS,5,236
60,1365108564679790592,1,6,CS,5,236
60,1367236148385304576,1,7,CS,5,236
60,1340053869758394370,1,8,CS,5,236
60,1368328702002671626,1,9,CS,5,236
60,1366503879983030273,1,10,CS,5,236
60,1367521202042933249,1,1,SC,5,234
60,1344689933978656771,1,2,SC,5,234
60,1367300793485828097,1,3,SC,5,234
60,1369075493753020420,1,4,SC,5,234
60,1369075561981566976,1,5,SC,5,234
60,1364666742916583427,1,6,SC,5,234
60,1366443197166096385,1,7,SC,5,234
60,1354545532044075013,1,8,SC,5,234
60,1317842770816602114,1,9,SC,5,234
60,1367237010608431106,1,10,SC,5,234
60,1367894335233142789,1,1,SCSA,5,235
60,1363941648812675075,1,2,SCSA,5,235
60,1354118501653483523,1,3,SCSA,5,235
60,1367315410106736640,1,4,SCSA,5,235
60,1368286394792046596,1,5,SCSA,5,235
60,1369034842222985216,1,6,SCSA,5,235
60,1364321423901085698,1,7,SCSA,5,235
60,1339525827118194689,1,8,SCSA,5,235
60,1368984433026596867,1,9,SCSA,5,235
60,1369017812165881859,1,10,SCSA,5,235
61,1358793588382052358,1,1,B1,2,246
61,1326208392923410432,1,2,B1,4,246
61,1356659266732650498,1,3,B1,4,246
61,1369148165471969284,1,4,B1,3,246
61,1242146375950675969,1,5,B1,3,246
61,1250919345955446784,1,6,B1,5,246
61,1359645020974845952,1,7,B1,5,246
61,1354051463190732800,1,8,B1,4,246
61,1341013863110762496,1,9,B1,3,246
61,1357058139720478731,1,10,B1,4,246
61,1357670309525131266,1,1,CS,1,245
61,1366212322436423682,1,2,CS,2,245
61,1245049389250273280,1,3,CS,2,245
61,1368840460198838272,1,4,CS,1,245
61,1369453567367507968,1,5,CS,3,245
61,1261295911185068033,1,6,CS,5,245
61,1341859235756453889,1,7,CS,2,245
61,1250915381646176262,1,8,CS,2,245
61,1368017377036660737,1,9,CS,3,245
61,1349371181334474754,1,10,CS,4,245
61,1248277743118086144,1,1,SC,3,243
61,1248251408333172738,1,2,SC,4,243
61,1344689933978656771,1,3,SC,4,243
61,1369169111478005763,1,4,SC,4,243
61,1368080635655450627,1,5,SC,4,243
61,1367947939579006979,1,6,SC,4,243
61,1354545532044075013,1,7,SC,4,243
61,1317842770816602114,1,8,SC,5,243
61,1367946026674352134,1,9,SC,5,243
61,1242251884007534592,1,10,SC,4,243
61,1354118501653483523,1,1,SCSA,5,244
61,1367949455262060544,1,2,SCSA,3,244
61,1288988861092245505,1,3,SCSA,3,244
61,1242143080616087552,1,4,SCSA,2,244
61,1357706176864129027,1,5,SCSA,2,244
61,1364321423901085698,1,6,SCSA,4,244
61,1339525827118194689,1,7,SCSA,3,244
61,1368984433026596867,1,8,SCSA,2,244
61,1358610352313757697,1,9,SCSA,3,244
61,1358615407775649792,1,10,SCSA,2,244
62,1312476369830338561,1,1,B1,4,250
62,1354081977062850561,1,2,B1,4,250
62,1366478355558780939,1,3,B1,4,250
62,1362099968824254464,1,4,B1,4,250
62,1334706123971162115,1,5,B1,4,250
62,1365346314956005378,1,6,B1,4,250
62,1336808991792525325,1,7,B1,4,250
62,1336517598029213698,1,8,B1,4,250
62,1369374583598571524,1,9,B1,4,250
62,1198044435163967488,1,10,B1,4,250
62,1369308139158446081,1,1,CS,3,249
62,1359973359568625670,1,2,CS,3,249
62,1359935760627953665,1,3,CS,3,249
62,1366752653401853956,1,4,CS,5,249
62,1357647227808841728,1,5,CS,3,249
62,1319639717906821121,1,6,CS,3,249
62,1337102280059834370,1,7,CS,3,249
62,1326957720759541761,1,8,CS,4,249
62,1365731424322478084,1,9,CS,5,249
62,1352017720578105346,1,10,CS,1,249
62,1369325020258983936,1,1,SC,4,247
62,1365315820080009221,1,2,SC,3,247
62,1362083047785439239,1,3,SC,3,247
62,1337020338916499463,1,4,SC,3,247
62,1331748997124534274,1,5,SC,3,247
62,1354545532044075013,1,6,SC,3,247
62,1355167587638906880,1,7,SC,3,247
62,1294010972055592962,1,8,SC,3,247
62,1337021907464499204,1,9,SC,3,247
62,1337022746824499203,1,10,SC,3,247
62,1364607745270423556,1,1,SCSA,3,248
62,1365327872643260420,1,2,SCSA,3,248
62,1337077938076979205,1,3,SCSA,3,248
62,1353502767352926208,1,4,SCSA,3,248
62,1351920546011893761,1,5,SCSA,3,248
62,1365416645624143873,1,6,SCSA,3,248
62,1369383214062665731,1,7,SCSA,2,248
62,1337463904566456320,1,8,SCSA,3,248
62,1336793663792406530,1,9,SCSA,2,248
62,1331744604891344896,1,10,SCSA,1,248
63,1369490617592467456,1,1,B1,1,352
63,1369233187860328448,1,1,B1,3,336
63,1352325551621595136,1,2,B1,1,352
63,1363564146948665347,1,2,B1,5,336
63,1369343506939019269,1,3,B1,1,352
63,1369498799673065473,1,3,B1,4,336
63,1354908861572935681,1,4,B1,2,352
63,1369343506939019269,1,4,B1,2,336
63,1367766039254163458,1,5,B1,3,336
63,1368856158010810369,1,5,B1,5,352
63,1369441139871387656,1,6,B1,2,352
63,1368848967086215169,1,6,B1,3,336
63,1368856158010810369,1,7,B1,5,336
63,1369590734672760836,1,7,B1,5,352
63,1369590734672760836,1,8,B1,5,336
63,1368835740529000449,1,8,B1,5,352
63,1369242094217404419,1,9,B1,2,352
63,1369532238304534528,1,9,B1,4,336
63,1369281300453015552,1,10,B1,1,352
63,1369395917321801728,1,10,B1,2,336
63,1369613079433142278,1,1,CS,4,335
63,1369442906671616001,1,1,CS,5,350
63,1369377489030705154,1,2,CS,1,335
63,1369492359243763717,1,2,CS,2,350
63,1369425009303822344,1,3,CS,1,335
63,1369360371006472195,1,3,CS,2,350
63,1369430517381267460,1,4,CS,3,335
63,1369564089211641856,1,4,CS,5,350
63,1369505213904748554,1,5,CS,2,350
63,1369266567423397891,1,5,CS,3,335
63,1369426283919212544,1,6,CS,2,350
63,1368697794417065992,1,6,CS,3,335
63,1369396362840858635,1,7,CS,2,350
63,1369559628183445504,1,7,CS,2,335
63,1369617901678964736,1,8,CS,5,335
63,1369438309643153408,1,8,CS,5,350
63,1369573257234550784,1,9,CS,3,335
63,1370127157276606467,1,9,CS,5,350
63,1369419121818038275,1,10,CS,5,335
63,1369340768138240000,1,10,CS,5,350
63,1349380288783253504,1,1,SC,2,345
63,1369375444793954323,1,1,SC,4,332
63,1349377838722519040,1,2,SC,2,345
63,1362776603047165957,1,2,SC,5,332
63,1369441796925886465,1,3,SC,4,332
63,1369375444793954323,1,3,SC,5,345
63,1362776603047165957,1,4,SC,3,345
63,1369400194513723396,1,4,SC,5,332
63,1369441796925886465,1,5,SC,5,345
63,1369048387815899139,1,5,SC,5,332
63,1369400194513723396,1,6,SC,5,345
63,1369355243406954501,1,6,SC,5,332
63,1362074171832958980,1,7,SC,4,332
63,1369048387815899139,1,7,SC,5,345
63,1369355243406954501,1,8,SC,5,345
63,1369614175048249346,1,8,SC,5,332
63,1354011094751260673,1,9,SC,5,345
63,1359577321695547392,1,9,SC,5,332
63,1353672852747284480,1,10,SC,5,345
63,1362085735063572482,1,10,SC,5,332
63,1369458171467591683,1,1,SCSA,2,346
63,1369292125641269258,1,1,SCSA,5,334
63,1369441382973272064,1,2,SCSA,2,346
63,1369458171467591683,1,2,SCSA,4,334
63,1368622654870192131,1,3,SCSA,5,346
63,1365007905318133766,1,3,SCSA,5,334
63,1352554075657801732,1,4,SCSA,2,346
63,1361388306106318857,1,4,SCSA,3,334
63,1369226601972563972,1,5,SCSA,2,346
63,1361701236395958278,1,5,SCSA,3,334
63,1366932843067277314,1,6,SCSA,2,334
63,1364851499042537474,1,6,SCSA,5,346
63,1369438033892806663,1,7,SCSA,5,346
63,1369030160943611907,1,7,SCSA,5,334
63,1366709656974942211,1,8,SCSA,4,334
63,1369619124318580736,1,8,SCSA,5,346
63,1369495249417101312,1,9,SCSA,5,346
63,1364579317964034050,1,9,SCSA,5,334
63,1352937076669476864,1,10,SCSA,2,346
63,1369441382973272064,1,10,SCSA,5,334
66,958350559177736194,1,1,B1,4,304
66,1355113743504584706,1,2,B1,3,304
66,1361587149062082561,1,3,B1,1,304
66,1316030943174422528,1,4,B1,2,304
66,1354775320658898944,1,5,B1,2,304
66,1330977426906689538,1,6,B1,2,304
66,423079851592257536,1,7,B1,2,304
66,1354993740562137089,1,8,B1,3,304
66,1305852766850555904,1,9,B1,5,304
66,1356654923870572546,1,10,B1,2,304
66,1361600708764700674,1,1,CS,5,303
66,1356664797979369475,1,2,CS,4,303
66,1329790713039523845,1,3,CS,5,303
66,1366587272477306883,1,4,CS,5,303
66,1022134672929816578,1,5,CS,5,303
66,1358993966020976640,1,6,CS,3,303
66,1364866906658922496,1,7,CS,3,303
66,1329456908726644738,1,8,CS,3,303
66,1314195121861132288,1,9,CS,4,303
66,1359391903838470147,1,10,CS,3,303
66,1366167129754537984,1,1,SC,2,301
66,1349377838722519040,1,2,SC,5,301
66,1349380288783253504,1,3,SC,5,301
66,1365113385658970113,1,4,SC,5,301
66,1283912982200631298,1,5,SC,5,301
66,1318667750408036352,1,6,SC,5,301
66,1344784297316786177,1,7,SC,5,301
66,1354565152939544576,1,8,SC,5,301
66,1340975456644939777,1,9,SC,5,301
66,1317810926133874689,1,10,SC,5,301
66,1364664823984779267,1,1,SCSA,5,302
66,1283518830950510593,1,2,SCSA,2,302
66,1303840025000509448,1,3,SCSA,4,302
66,1368217898095964166,1,4,SCSA,5,302
66,1291862297665626112,1,5,SCSA,2,302
66,1327398719789150214,1,6,SCSA,2,302
66,1317811466339221509,1,7,SCSA,3,302
66,1308893236723953665,1,8,SCSA,5,302
66,1365629350721249281,1,9,SCSA,5,302
66,1321799645652307969,1,10,SCSA,5,302
67,1369311531360518146,1,1,SC,3,256
67,1369405604595400711,1,2,SC,3,256
67,1362776603047165957,1,3,SC,3,256
67,1369298875719311360,1,4,SC,3,256
67,1369326799709212680,1,5,SC,3,256
67,1362074171832958980,1,6,SC,4,256
67,1369614175048249346,1,7,SC,4,256
67,1369315042236174343,1,8,SC,4,256
67,1359577321695547392,1,9,SC,5,256
67,1362085735063572482,1,10,SC,4,256
68,1327659608903733249,1,1,B1,5,344
68,1292597118763319296,1,1,B1,5,260
68,1364598637163126785,1,2,B1,5,344
68,1349392742212726785,1,2,B1,5,260
68,1369299518739595270,1,3,B1,2,260
68,1292597118763319296,1,3,B1,5,344
68,1366709249137643523,1,4,B1,5,344
68,1323278697466630145,1,4,B1,5,260
68,1293655120706600960,1,5,B1,4,344
68,1366187680472522754,1,5,B1,5,260
68,1330751757664837632,1,6,B1,3,344
68,1352380607314145283,1,6,B1,5,260
68,1072571174180306945,1,7,B1,4,344
68,1359943678354092032,1,7,B1,5,260
68,1360338125655056390,1,8,B1,5,344
68,1357788145794887681,1,8,B1,5,260
68,1323308897638125568,1,9,B1,5,344
68,1354966674525597698,1,9,B1,5,260
68,1367207527079940101,1,10,B1,5,344
68,1365338873287634950,1,10,B1,5,260
68,1359973359568625670,1,1,CS,3,259
68,1319321276171759617,1,1,CS,5,343
68,1263620338790944769,1,2,CS,1,343
68,1369308139158446081,1,2,CS,3,259
68,1366752653401853956,1,3,CS,5,259
68,1334601400836354048,1,3,CS,5,343
68,1359935760627953665,1,4,CS,1,259
68,1332251315209113601,1,4,CS,4,343
68,1366426271023050755,1,5,CS,3,343
68,1350865539091066881,1,5,CS,5,259
68,1365731424322478084,1,6,CS,5,259
68,1315101846596272129,1,6,CS,5,343
68,1337102280059834370,1,7,CS,4,259
68,1332399472039620612,1,7,CS,5,343
68,1317126907926773763,1,8,CS,3,343
68,1352017720578105346,1,8,CS,4,259
68,1359835679577018368,1,9,CS,2,343
68,1358898413136396288,1,9,CS,3,259
68,1364200104257708046,1,10,CS,2,343
68,1363914797335543811,1,10,CS,5,259
68,1362776603047165957,1,1,SC,3,340
68,1369325020258983936,1,1,SC,5,257
68,1365315820080009221,1,2,SC,5,257
68,1350483251291451392,1,2,SC,5,340
68,1359597695548153864,1,3,SC,5,340
68,1362776603047165957,1,3,SC,5,257
68,1336964656792035329,1,4,SC,3,257
68,1365320876510560258,1,4,SC,5,340
68,1369614175048249346,1,5,SC,5,340
68,1336810117057179649,1,5,SC,5,257
68,1365327872643260420,1,6,SC,5,257
68,1336059119174897665,1,6,SC,5,340
68,1337318168277241857,1,7,SC,3,257
68,1342062601535164416,1,7,SC,5,340
68,1363551492486008834,1,8,SC,3,257
68,1240464261366919171,1,8,SC,5,340
68,1359932980974657536,1,9,SC,5,340
68,1364607745270423556,1,9,SC,5,257
68,1346517996760666117,1,10,SC,5,257
68,1369042864316026881,1,10,SC,5,340
68,1360346403873181707,1,1,SCSA,4,341
68,1337077938076979205,1,1,SCSA,5,258
68,1369458171467591683,1,2,SCSA,2,341
68,1369383214062665731,1,2,SCSA,5,258
68,1333873034114064385,1,3,SCSA,5,341
68,1336793663792406530,1,3,SCSA,5,258
68,1362069293790162946,1,4,SCSA,5,341
68,1369386818169372680,1,4,SCSA,5,258
68,1321455751567532032,1,5,SCSA,5,341
68,1369372321736232963,1,5,SCSA,5,258
68,1367882927384768524,1,6,SCSA,3,258
68,1347619092417548288,1,6,SCSA,5,341
68,1369337343270862853,1,7,SCSA,3,258
68,1368622654870192131,1,7,SCSA,5,341
68,1336596712857743361,1,8,SCSA,4,258
68,1369226601972563972,1,8,SCSA,5,341
68,1365320876510560258,1,9,SCSA,4,258
68,1320142365038817281,1,9,SCSA,5,341
68,1369307525489844228,1,10,SCSA,2,258
68,1338592930022363139,1,10,SCSA,5,341
70,1369343506939019269,1,1,B1,5,266
70,1368856158010810369,1,2,B1,5,266
70,1369590734672760836,1,3,B1,5,266
70,1368835740529000449,1,4,B1,5,266
70,1352326523026632706,1,5,B1,5,266
70,1370041595605753862,1,6,B1,5,266
70,1369242094217404419,1,7,B1,5,266
70,1369440747641049091,1,8,B1,4,266
70,1369552733536219138,1,9,B1,5,266
70,1369573257234550784,1,10,B1,5,266
70,1369450685708857348,1,1,CS,4,265
70,1369547940017147907,1,2,CS,4,265
70,1369352315698872325,1,3,CS,4,265
70,1369445460163915780,1,4,CS,4,265
70,1369465541925175296,1,5,CS,5,265
70,1369408111698673675,1,6,CS,5,265
70,1369269245704630276,1,7,CS,5,265
70,1369469114620731393,1,8,CS,5,265
70,1368604102989541376,1,9,CS,5,265
70,1369589127168073728,1,10,CS,5,265
70,1349380288783253504,1,1,SC,3,263
70,1349377838722519040,1,2,SC,3,263
70,1369375444793954323,1,3,SC,5,263
70,1362776603047165957,1,4,SC,4,263
70,1369441796925886465,1,5,SC,5,263
70,1369400194513723396,1,6,SC,5,263
70,1369048387815899139,1,7,SC,5,263
70,1369355243406954501,1,8,SC,5,263
70,1354011094751260673,1,9,SC,3,263
70,1353672852747284480,1,10,SC,3,263
70,1369458171467591683,1,1,SCSA,3,264
70,1369441382973272064,1,2,SCSA,5,264
70,1368622654870192131,1,3,SCSA,3,264
70,1352554075657801732,1,4,SCSA,3,264
70,1369226601972563972,1,5,SCSA,3,264
70,1364851499042537474,1,6,SCSA,2,264
70,1369438033892806663,1,7,SCSA,3,264
70,1369619124318580736,1,8,SCSA,4,264
70,1369495249417101312,1,9,SCSA,5,264
70,1352937076669476864,1,10,SCSA,3,264
71,1326208392923410432,1,1,B1,4,351
71,1343240225129168898,1,2,B1,4,351
71,1151160990995746816,1,3,B1,5,351
71,1356659266732650498,1,4,B1,5,351
71,1312476369830338561,1,5,B1,4,351
71,1281615412459782145,1,6,B1,5,351
71,1324784149241147394,1,7,B1,3,351
71,1298591876963078146,1,8,B1,3,351
71,1338474408743215106,1,9,B1,3,351
71,1189330936300756992,1,10,B1,5,351
71,1337104278398382087,1,1,CS,5,349
71,1319639717906821121,1,2,CS,2,349
71,1362902698585071617,1,3,CS,3,349
71,1326957720759541761,1,4,CS,5,349
71,1363914797335543811,1,5,CS,2,349
71,1369308139158446081,1,6,CS,2,349
71,1357647227808841728,1,7,CS,4,349
71,1363172378843389952,1,8,CS,3,349
71,1358898413136396288,1,9,CS,3,349
71,1337102280059834370,1,10,CS,3,349
71,1369325020258983936,1,1,SC,5,347
71,1365315820080009221,1,2,SC,5,347
71,1344689933978656771,1,3,SC,5,347
71,1354545532044075013,1,4,SC,5,347
71,1317842770816602114,1,5,SC,5,347
71,1336964656792035329,1,6,SC,5,347
71,1336810117057179649,1,7,SC,5,347
71,1365327872643260420,1,8,SC,5,347
71,1337318168277241857,1,9,SC,5,347
71,1367963978421264385,1,10,SC,5,347
71,1364607745270423556,1,1,SCSA,5,348
71,1337077938076979205,1,2,SCSA,4,348
71,1354118501653483523,1,3,SCSA,4,348
71,1369383214062665731,1,4,SCSA,4,348
71,1336793663792406530,1,5,SCSA,4,348
71,1369386818169372680,1,6,SCSA,5,348
71,1364321423901085698,1,7,SCSA,5,348
71,1339525827118194689,1,8,SCSA,5,348
71,1369372321736232963,1,9,SCSA,5,348
71,1368984433026596867,1,10,SCSA,5,348
72,1369343506939019269,1,1,B1,2,356
72,1329459194601193472,1,2,B1,5,356
72,1364604015103778820,1,3,B1,4,356
72,1364248308781248517,1,4,B1,5,356
72,1259963743716298754,1,5,B1,3,356
72,1351256621993738240,1,6,B1,5,356
72,1298277043499462656,1,7,B1,5,356
72,1362476144830812161,1,8,B1,4,356
72,1346184604827279360,1,9,B1,5,356
72,1364662601473429514,1,10,B1,5,356
72,1365338574908891138,1,1,CS,4,355
72,1369286911391637513,1,2,CS,3,355
72,1369435367892455435,1,3,CS,3,355
72,1363878818100875267,1,4,CS,4,355
72,1369552724228980736,1,5,CS,4,355
72,1369611540475895810,1,6,CS,4,355
72,1370134342106804226,1,7,CS,2,355
72,1369533353930727426,1,8,CS,2,355
72,1369389341445873676,1,9,CS,3,355
72,1369285101100691456,1,10,CS,4,355
72,1349377838722519040,1,1,SC,5,353
72,1349380288783253504,1,2,SC,5,353
72,1334130051554668547,1,3,SC,5,353
72,1369375444793954323,1,4,SC,5,353
72,1326033569555181568,1,5,SC,3,353
72,1334873913210380298,1,6,SC,5,353
72,1354520696358137868,1,7,SC,5,353
72,1369441796925886465,1,8,SC,5,353
72,1354807067232489475,1,9,SC,5,353
72,1356255250680864768,1,10,SC,5,353
72,1367532398825648130,1,1,SCSA,5,354
72,1356255352145272832,1,2,SCSA,5,354
72,1355169402128363523,1,3,SCSA,5,354
72,1354446870312005635,1,4,SCSA,5,354
72,1343929726579187713,1,5,SCSA,5,354
72,1365767910543691777,1,6,SCSA,5,354
72,1334873804582121475,1,7,SCSA,5,354
72,1312137847378386944,1,8,SCSA,5,354
72,1356662728111181824,1,9,SCSA,5,354
72,1329861315624660993,1,10,SCSA,5,354
73,1363564146948665347,1,1,B1,3,276
73,1369498799673065473,1,2,B1,2,276
73,968884303131234305,1,3,B1,4,276
73,1369047712184889353,1,4,B1,5,276
73,1368988690211627016,1,5,B1,3,276
73,1369031455695900677,1,6,B1,4,276
73,1369181799029571589,1,7,B1,5,276
73,1369327333824430080,1,8,B1,3,276
73,1367763412244172802,1,9,B1,2,276
73,1369416324275961858,1,10,B1,5,276
73,1369287711480221698,1,1,CS,4,275
73,1368969473651261440,1,2,CS,3,275
73,1369352282937065472,1,3,CS,5,275
73,1366447180521816066,1,4,CS,3,275
73,1366730304740872194,1,5,CS,3,275
73,1366828167936237575,1,6,CS,4,275
73,1369392703054708740,1,7,CS,3,275
73,1365259500064804866,1,8,CS,4,275
73,1369045377417162761,1,9,CS,5,275
73,1358797009164111874,1,10,CS,5,275
73,1369311531360518146,1,1,SC,4,273
73,1369405604595400711,1,2,SC,4,273
73,1362776603047165957,1,3,SC,4,273
73,1369298875719311360,1,4,SC,2,273
73,1369326799709212680,1,5,SC,3,273
73,1362074171832958980,1,6,SC,1,273
73,1369614175048249346,1,7,SC,4,273
73,1369315042236174343,1,8,SC,3,273
73,1359577321695547392,1,9,SC,1,273
73,1362085735063572482,1,10,SC,1,273
73,1369395335769038849,1,1,SCSA,5,274
73,1369292125641269258,1,2,SCSA,5,274
73,1369458171467591683,1,3,SCSA,1,274
73,1365007905318133766,1,4,SCSA,4,274
73,1361388306106318857,1,5,SCSA,3,274
73,1361701236395958278,1,6,SCSA,1,274
73,1366932843067277314,1,7,SCSA,1,274
73,1369030160943611907,1,8,SCSA,2,274
73,1366709656974942211,1,9,SCSA,1,274
73,1364579317964034050,1,10,SCSA,2,274
74,1368923387532369922,1,1,B1,3,281
74,1369038985188831234,1,2,B1,3,281
74,1369475640076996610,1,3,B1,1,281
74,1369598009084887043,1,4,B1,5,281
74,1368835740529000449,1,5,B1,5,281
74,1369552733536219138,1,6,B1,5,281
74,1369207595785977860,1,7,B1,5,281
74,1370088400410324994,1,8,B1,4,281
74,1364311211194675203,1,9,B1,4,281
74,1369990624041140230,1,10,B1,1,281
74,1369538553219325952,1,1,CS,1,280
74,1369563595978252291,1,2,CS,1,280
74,1369337073463885828,1,3,CS,2,280
74,1369600439239458820,1,4,CS,2,280
74,1370053184589299724,1,5,CS,4,280
74,1369264726656638979,1,6,CS,2,280
74,1369589858763673606,1,7,CS,2,280
74,1369396337469501452,1,8,CS,2,280
74,1369538190827270145,1,9,CS,2,280
74,1369063128269479936,1,10,CS,2,280
74,1369311531360518146,1,1,SC,4,278
74,1369405604595400711,1,2,SC,4,278
74,1369375444793954323,1,3,SC,2,278
74,1362776603047165957,1,4,SC,3,278
74,1369298875719311360,1,5,SC,3,278
74,1369441796925886465,1,6,SC,3,278
74,1369400194513723396,1,7,SC,4,278
74,1369326799709212680,1,8,SC,4,278
74,1369048387815899139,1,9,SC,3,278
74,1369355243406954501,1,10,SC,3,278
74,1369315042236174343,1,1,SCSA,5,279
74,1369395335769038849,1,2,SCSA,4,279
74,1369458171467591683,1,3,SCSA,5,279
74,1369441382973272064,1,4,SCSA,4,279
74,1368622654870192131,1,5,SCSA,3,279
74,1369226601972563972,1,6,SCSA,4,279
74,1369015794248671233,1,7,SCSA,4,279
74,1369438033892806663,1,8,SCSA,4,279
74,1369619124318580736,1,9,SCSA,5,279
74,1369495249417101312,1,10,SCSA,5,279
76,1338944728969035776,1,1,B1,4,376
76,1360638198573981696,1,2,B1,3,376
76,1367946423736537089,1,3,B1,4,376
76,1366222136591872000,1,4,B1,3,376
76,1357382231816359939,1,5,B1,3,376
76,1369095591607865347,1,6,B1,2,376
76,1354853026545102849,1,7,B1,2,376
76,1349748316901310464,1,8,B1,2,376
76,1322665368108716033,1,9,B1,3,376
76,1331756802078334982,1,10,B1,2,376
76,1332420899471990786,1,1,CS,3,375
76,1318996052049973248,1,2,CS,2,375
76,1268243264156524544,1,3,CS,3,375
76,1363674987626856448,1,4,CS,2,375
76,1334706123971162115,1,5,CS,3,375
76,1334724211689074688,1,6,CS,2,375
76,1316909183225286657,1,7,CS,3,375
76,1354658220585922565,1,8,CS,2,375
76,1290389884927000582,1,9,CS,1,375
76,1358058477785120769,1,10,CS,1,375
76,1273231711908872193,1,1,SC,5,373
76,1362083047785439239,1,2,SC,5,373
76,1337020338916499463,1,3,SC,5,373
76,1331748997124534274,1,4,SC,5,373
76,1355167587638906880,1,5,SC,5,373
76,1294010972055592962,1,6,SC,4,373
76,1337021907464499204,1,7,SC,5,373
76,1337022746824499203,1,8,SC,4,373
76,1334726779903168512,1,9,SC,5,373
76,1334711453211889665,1,10,SC,5,373
76,1353502767352926208,1,1,SCSA,2,374
76,1351920546011893761,1,2,SCSA,2,374
76,1365416645624143873,1,3,SCSA,2,374
76,1337463904566456320,1,4,SCSA,2,374
76,1331744604891344896,1,5,SCSA,2,374
76,1357375687967997959,1,6,SCSA,2,374
76,1358843515149504514,1,7,SCSA,4,374
76,1331741612402237443,1,8,SCSA,4,374
76,1358843677582401536,1,9,SCSA,5,374
76,1290659734639521798,1,10,SCSA,4,374
77,1369038985188831234,1,1,B1,2,368
77,1368923387532369922,1,2,B1,5,368
77,1352325551621595136,1,3,B1,4,368
77,1354908861572935681,1,4,B1,5,368
77,1369598009084887043,1,5,B1,4,368
77,1368835740529000449,1,6,B1,4,368
77,1328394654375698433,1,7,B1,4,368
77,1369552733536219138,1,8,B1,3,368
77,1366588589191147526,1,9,B1,4,368
77,1364311211194675203,1,10,B1,3,368
77,1363322581076619265,1,1,CS,5,367
77,1369521918412472320,1,2,CS,2,367
77,1329140321402445824,1,3,CS,3,367
77,1369499281833537540,1,4,CS,2,367
77,1349357033301159936,1,5,CS,3,367
77,1369181189932777474,1,6,CS,2,367
77,1352922753565863936,1,7,CS,3,367
77,1367625947462184961,1,8,CS,3,367
77,1368999972792844292,1,9,CS,4,367
77,1361209516277174279,1,10,CS,4,367
77,1349377838722519040,1,1,SC,4,365
77,1349380288783253504,1,2,SC,5,365
77,1369311531360518146,1,3,SC,4,365
77,1369405604595400711,1,4,SC,5,365
77,1362776603047165957,1,5,SC,4,365
77,1369298875719311360,1,6,SC,4,365
77,1369326799709212680,1,7,SC,4,365
77,1354011094751260673,1,8,SC,4,365
77,1353672852747284480,1,9,SC,5,365
77,1369614175048249346,1,10,SC,5,365
77,1369315042236174343,1,1,SCSA,3,366
77,1369395335769038849,1,2,SCSA,5,366
77,1369458171467591683,1,3,SCSA,4,366
77,1368622654870192131,1,4,SCSA,4,366
77,1352554075657801732,1,5,SCSA,5,366
77,1369226601972563972,1,6,SCSA,5,366
77,1364851499042537474,1,7,SCSA,5,366
77,1369015794248671233,1,8,SCSA,5,366
77,1369438033892806663,1,9,SCSA,5,366
77,1369619124318580736,1,10,SCSA,5,366
78,1367339191961489408,1,1,B1,3,290
78,1367307559640571904,1,2,B1,1,290
78,1368204280629444611,1,3,B1,1,290
78,1367318893191196674,1,4,B1,1,290
78,1369407651914932229,1,5,B1,1,290
78,1368686691452608517,1,6,B1,1,290
78,1366894541475696640,1,7,B1,1,290
78,1367295348574728194,1,8,B1,3,290
78,1366609467803074561,1,9,B1,3,290
78,1367486237574123525,1,10,B1,3,290
78,1367296657705099264,1,1,CS,3,289
78,1367327155667935236,1,2,CS,1,289
78,1368218004861911049,1,3,CS,1,289
78,1367172928295628802,1,4,CS,1,289
78,1367616598727614473,1,5,CS,2,289
78,1368984926410989569,1,6,CS,1,289
78,1366848285361717252,1,7,CS,2,289
78,1367535310733680640,1,8,CS,2,289
78,1368236771671162881,1,9,CS,1,289
78,1366967661754675207,1,10,CS,4,289
78,1368932010971004931,1,1,SC,2,287
78,1368245651046207493,1,2,SC,3,287
78,1303249708169613313,1,3,SC,1,287
78,1368909409775149064,1,4,SC,1,287
78,1324374402750767104,1,5,SC,1,287
78,1367462925250818061,1,6,SC,1,287
78,1319402828285108225,1,7,SC,2,287
78,1367113993815547906,1,8,SC,2,287
78,1366499073671454725,1,9,SC,2,287
78,1368580185642110982,1,10,SC,2,287
78,1368933410085945345,1,1,SCSA,1,288
78,1319343716801236992,1,2,SCSA,2,288
78,1367170047081402380,1,3,SCSA,1,288
78,1345510484213075968,1,4,SCSA,1,288
78,1368584215403655171,1,5,SCSA,1,288
78,1368561200754270210,1,6,SCSA,4,288
78,1326736922199257089,1,7,SCSA,1,288
78,1367649223601238016,1,8,SCSA,2,288
78,1367531774012751878,1,9,SCSA,1,288
78,1366232555037462531,1,10,SCSA,4,288
79,1354523590742446080,1,1,B1,3,364
79,1362841895030968326,1,2,B1,4,364
79,1324424895749652481,1,3,B1,3,364
79,1292597118763319296,1,4,B1,5,364
79,1361735737411067909,1,5,B1,4,364
79,1341790679945670656,1,6,B1,5,364
79,1360011987493789696,1,7,B1,2,364
79,1365017631321858052,1,8,B1,2,364
79,1322229311718494210,1,9,B1,3,364
79,1307137727067029506,1,10,B1,2,364
79,1319321276171759617,1,1,CS,3,363
79,1263620338790944769,1,2,CS,3,363
79,1212045448812417030,1,3,CS,5,363
79,1357083144407552000,1,4,CS,5,363
79,1330266160202477577,1,5,CS,3,363
79,1355379018791591936,1,6,CS,3,363
79,1324444938923175936,1,7,CS,2,363
79,1322265461359316992,1,8,CS,2,363
79,1367702233853259783,1,9,CS,2,363
79,1345783947607867393,1,10,CS,2,363
79,1273231711908872193,1,1,SC,4,361
79,1350483251291451392,1,2,SC,5,361
79,1182112257708306433,1,3,SC,5,361
79,1359597695548153864,1,4,SC,3,361
79,1364683920965578753,1,5,SC,4,361
79,1095067826061262848,1,6,SC,5,361
79,1365320876510560258,1,7,SC,4,361
79,1338584496489172992,1,8,SC,4,361
79,1336059119174897665,1,9,SC,5,361
79,1366561763962073092,1,10,SC,5,361
79,1362872757109809152,1,1,SCSA,4,362
79,1360346403873181707,1,2,SCSA,4,362
79,1333873034114064385,1,3,SCSA,3,362
79,1366115959623331844,1,4,SCSA,5,362
79,1359932980974657536,1,5,SCSA,4,362
79,1362069293790162946,1,6,SCSA,5,362
79,1364624807220948994,1,7,SCSA,5,362
79,1343729046891347968,1,8,SCSA,5,362
79,1321455751567532032,1,9,SCSA,5,362
79,1347619092417548288,1,10,SCSA,5,362
81,1369403796443570180,1,1,B1,5,372
81,1368299640421052423,1,2,B1,5,372
81,1368844528170500098,1,3,B1,5,372
81,1366505349386240005,1,4,B1,5,372
81,1369267106215235589,1,5,B1,5,372
81,1368225636993691649,1,6,B1,5,372
81,1369226708763746305,1,7,B1,3,372
81,1367226152549577157,1,8,B1,5,372
81,1367112526647934977,1,9,B1,5,372
81,1368637578694524931,1,10,B1,5,372
81,1368174374247923712,1,1,CS,5,371
81,1368487188724350976,1,2,CS,5,371
81,1368234120082554894,1,3,CS,5,371
81,1367862841907294209,1,4,CS,5,371
81,1368939918727278599,1,5,CS,5,371
81,1366854672955240450,1,6,CS,5,371
81,1361801412741529606,1,7,CS,5,371
81,1367703501367771141,1,8,CS,5,371
81,1367548056628039684,1,9,CS,5,371
81,1313215942826967040,1,10,CS,5,371
81,1368932010971004931,1,1,SC,5,369
81,1362776603047165957,1,2,SC,5,369
81,1368909409775149064,1,3,SC,5,369
81,1350483251291451392,1,4,SC,5,369
81,1367462925250818061,1,5,SC,5,369
81,1359597695548153864,1,6,SC,5,369
81,1367113993815547906,1,7,SC,5,369
81,1366499073671454725,1,8,SC,5,369
81,1368580185642110982,1,9,SC,5,369
81,1368649404702408707,1,10,SC,5,369
81,1369458171467591683,1,1,SCSA,5,370
81,1333873034114064385,1,2,SCSA,5,370
81,1368561200754270210,1,3,SCSA,5,370
81,1359932980974657536,1,4,SCSA,5,370
81,1362069293790162946,1,5,SCSA,5,370
81,1367497561645457427,1,6,SCSA,5,370
81,1369367467001315336,1,7,SCSA,4,370
81,1367822755769573377,1,8,SCSA,5,370
81,1368170081633644548,1,9,SCSA,4,370
81,1368501683219693570,1,10,SCSA,5,370
