user_id,algorithm_orig,news_id,old_rank,rating,score_orig,algorithm_new,new_rank,score_new,algorithm,ranking_difference,base_algorithm
1,B1-STATE_ART,1189330936300756992,1,5,8.665533945834879,B1-STATE_ART-SCSA_PLUS_V3,1,13.170337953166024,B1-STATE_ART,0,B1
1,B1-STATE_ART,1151160990995746816,2,5,1.4960720447607352,B1-STATE_ART-SCSA_PLUS_V3,2,2.6803080171746156,B1-STATE_ART,0,B1
1,B1-STATE_ART,1312476369830338561,3,4,0.08477451933250409,B1-STATE_ART-SCSA_PLUS_V3,7,-0.34647744057306284,B1-STATE_ART,-4,B1
1,B1-STATE_ART,1338474408743215106,4,3,0.048777459279972006,B1-STATE_ART-SCSA_PLUS_V3,5,0.09508136245034038,B1-STATE_ART,-1,B1
1,B1-STATE_ART,1298591876963078146,5,4,-0.03391022231475111,B1-STATE_ART-SCSA_PLUS_V3,8,-0.7684689915695079,B1-STATE_ART,-3,B1
1,B1-STATE_ART,1343240225129168898,6,5,-0.061083752410813714,B1-STATE_ART-SCSA_PLUS_V3,3,0.22265802149642508,B1-STATE_ART,3,B1
1,B1-STATE_ART,1369343506939019269,7,5,-0.07302206326800191,B1-STATE_ART-SCSA_PLUS_V3,9,-4.283547532878784,B1-STATE_ART,-2,B1
1,B1-STATE_ART,1369271796499947520,8,5,-0.10913179310854997,B1-STATE_ART-SCSA_PLUS_V3,10,-9.331262921319768,B1-STATE_ART,-2,B1
1,B1-STATE_ART,1324784149241147394,9,3,-0.128387740406463,B1-STATE_ART-SCSA_PLUS_V3,4,0.11921737108571633,B1-STATE_ART,5,B1
1,B1-STATE_ART,1281615412459782145,10,3,-0.13445160845984058,B1-STATE_ART-SCSA_PLUS_V3,6,-0.18672637691078967,B1-STATE_ART,4,B1
2,B1-STATE_ART,1368785659066941440,1,4,0.06895023770649474,B1-STATE_ART-SCSA_PLUS_V3,2,0.650804158048808,B1-STATE_ART,-1,B1
2,B1-STATE_ART,1367766039254163458,2,5,-0.11345365407177016,B1-STATE_ART-SCSA_PLUS_V3,5,-0.8349463278321971,B1-STATE_ART,-3,B1
2,B1-STATE_ART,1369498799673065473,3,4,-0.132561109094336,B1-STATE_ART-SCSA_PLUS_V3,1,1.017755292367069,B1-STATE_ART,2,B1
2,B1-STATE_ART,1369601403686182915,4,4,-0.14460454606713213,B1-STATE_ART-SCSA_PLUS_V3,7,-1.5945845454145717,B1-STATE_ART,-3,B1
2,B1-STATE_ART,1364144723590578176,5,4,-0.15554708555469174,B1-STATE_ART-SCSA_PLUS_V3,8,-1.9516648115732051,B1-STATE_ART,-3,B1
2,B1-STATE_ART,1369600439239458820,6,3,-0.15639876071727318,B1-STATE_ART-SCSA_PLUS_V3,6,-1.3282593773372822,B1-STATE_ART,0,B1
2,B1-STATE_ART,1369579853612281860,7,4,-0.1572496819676191,B1-STATE_ART-SCSA_PLUS_V3,10,-6.860426889961051,B1-STATE_ART,-3,B1
2,B1-STATE_ART,1369453291936088064,8,4,-0.1593434213269606,B1-STATE_ART-SCSA_PLUS_V3,9,-2.082540293586643,B1-STATE_ART,-1,B1
2,B1-STATE_ART,1369587331691208706,9,4,-0.1606065733764112,B1-STATE_ART-SCSA_PLUS_V3,3,-0.5659603889322518,B1-STATE_ART,6,B1
2,B1-STATE_ART,1363564146948665347,10,5,-0.16248843678775332,B1-STATE_ART-SCSA_PLUS_V3,4,-0.7089250943951978,B1-STATE_ART,6,B1
3,B1-STATE_ART,1363896507242598402,1,4,-0.15645862462008048,B1-STATE_ART-SCSA_PLUS_V3,10,-1.8364369339426265,B1-STATE_ART,-9,B1
3,B1-STATE_ART,1367883861271613441,2,5,-0.1579697155419708,B1-STATE_ART-SCSA_PLUS_V3,8,-1.2163105182627512,B1-STATE_ART,-6,B1
3,B1-STATE_ART,1166395659500568579,3,2,-0.15888625631573577,B1-STATE_ART-SCSA_PLUS_V3,3,0.1196367917537921,B1-STATE_ART,0,B1
3,B1-STATE_ART,1369362392749121542,4,2,-0.15909190896487796,B1-STATE_ART-SCSA_PLUS_V3,9,-1.2719221422094182,B1-STATE_ART,-5,B1
3,B1-STATE_ART,1369030162298400778,5,2,-0.16083226551576046,B1-STATE_ART-SCSA_PLUS_V3,1,0.5418508412101273,B1-STATE_ART,4,B1
3,B1-STATE_ART,1321186362171666432,6,1,-0.16103144262470534,B1-STATE_ART-SCSA_PLUS_V3,5,-0.14324502420220672,B1-STATE_ART,1,B1
3,B1-STATE_ART,1367559613005004800,7,2,-0.16167006106672557,B1-STATE_ART-SCSA_PLUS_V3,4,0.04690928541073505,B1-STATE_ART,3,B1
3,B1-STATE_ART,1369048640111570951,8,2,-0.1622424650446043,B1-STATE_ART-SCSA_PLUS_V3,6,-0.32742799775806175,B1-STATE_ART,2,B1
3,B1-STATE_ART,1366963364975452162,9,2,-0.16234924228183867,B1-STATE_ART-SCSA_PLUS_V3,7,-0.6725999993709812,B1-STATE_ART,2,B1
3,B1-STATE_ART,1353812372331220992,10,2,-0.16278360833466257,B1-STATE_ART-SCSA_PLUS_V3,2,0.2179269764743894,B1-STATE_ART,8,B1
4,B1-STATE_ART,1369343506939019269,1,5,-0.07302206326800191,B1-STATE_ART-SCSA_PLUS_V3,10,-4.283547532878784,B1-STATE_ART,-9,B1
4,B1-STATE_ART,1369397597421645834,2,5,-0.12294681398702335,B1-STATE_ART-SCSA_PLUS_V3,9,-3.7210123464442337,B1-STATE_ART,-7,B1
4,B1-STATE_ART,1369242094217404419,3,5,-0.15181601129939953,B1-STATE_ART-SCSA_PLUS_V3,4,-1.9465721637060882,B1-STATE_ART,-1,B1
4,B1-STATE_ART,1369959855692337152,4,1,-0.15853271486181122,B1-STATE_ART-SCSA_PLUS_V3,2,-0.7280709162363042,B1-STATE_ART,2,B1
4,B1-STATE_ART,1369552733536219138,5,4,-0.15934151108356437,B1-STATE_ART-SCSA_PLUS_V3,5,-1.9965297315609636,B1-STATE_ART,0,B1
4,B1-STATE_ART,1369453291936088064,6,4,-0.1593434213269606,B1-STATE_ART-SCSA_PLUS_V3,6,-2.082540293586643,B1-STATE_ART,0,B1
4,B1-STATE_ART,1370128693662785544,7,5,-0.1606918941059832,B1-STATE_ART-SCSA_PLUS_V3,7,-2.3396043173287446,B1-STATE_ART,0,B1
4,B1-STATE_ART,1369598009084887043,8,5,-0.1607815135910037,B1-STATE_ART-SCSA_PLUS_V3,8,-3.052758107235024,B1-STATE_ART,0,B1
4,B1-STATE_ART,1368835740529000449,9,5,-0.16166907853286147,B1-STATE_ART-SCSA_PLUS_V3,1,-0.6374802994299746,B1-STATE_ART,8,B1
4,B1-STATE_ART,1352325551621595136,10,2,-0.16248750793191596,B1-STATE_ART-SCSA_PLUS_V3,3,-1.094923362245103,B1-STATE_ART,7,B1
5,B1-STATE_ART,1369343506939019269,1,3,-0.07302206326800191,B1-STATE_ART-SCSA_PLUS_V3,9,-4.283547532878784,B1-STATE_ART,-8,B1
5,B1-STATE_ART,1368975418741624833,2,5,-0.13581837725909607,B1-STATE_ART-SCSA_PLUS_V3,7,-2.459467152350766,B1-STATE_ART,-5,B1
5,B1-STATE_ART,1369517501248372738,3,5,-0.14947284590793017,B1-STATE_ART-SCSA_PLUS_V3,4,-1.6535455202151172,B1-STATE_ART,-1,B1
5,B1-STATE_ART,1369242094217404419,4,5,-0.15181601129939953,B1-STATE_ART-SCSA_PLUS_V3,6,-1.9465721637060882,B1-STATE_ART,-2,B1
5,B1-STATE_ART,1369382939289587718,5,5,-0.1555352682154784,B1-STATE_ART-SCSA_PLUS_V3,10,-6.889418647693049,B1-STATE_ART,-5,B1
5,B1-STATE_ART,1369480643315462144,6,5,-0.1576521946261806,B1-STATE_ART-SCSA_PLUS_V3,5,-1.6798550721811467,B1-STATE_ART,1,B1
5,B1-STATE_ART,1368856158010810369,7,5,-0.15874261562935563,B1-STATE_ART-SCSA_PLUS_V3,3,-0.7599573760882662,B1-STATE_ART,4,B1
5,B1-STATE_ART,1369612914982846469,8,5,-0.16020493857435153,B1-STATE_ART-SCSA_PLUS_V3,2,-0.6527855396401135,B1-STATE_ART,6,B1
5,B1-STATE_ART,1369543002385956865,9,5,-0.160573594002984,B1-STATE_ART-SCSA_PLUS_V3,1,0.4424760533655573,B1-STATE_ART,8,B1
5,B1-STATE_ART,1369590734672760836,10,5,-0.16134942942099798,B1-STATE_ART-SCSA_PLUS_V3,8,-3.42032150714393,B1-STATE_ART,2,B1
6,B1-STATE_ART,1326208392923410432,1,4,0.2252833998316758,B1-STATE_ART-SCSA_PLUS_V3,9,-0.5375426037794763,B1-STATE_ART,-8,B1
6,B1-STATE_ART,1357736029067874305,2,3,0.19151417814258057,B1-STATE_ART-SCSA_PLUS_V3,3,1.6224573412989676,B1-STATE_ART,-1,B1
6,B1-STATE_ART,1362794394848538628,3,5,0.017803071725431573,B1-STATE_ART-SCSA_PLUS_V3,4,0.3931224445732534,B1-STATE_ART,-1,B1
6,B1-STATE_ART,1368867018854830081,4,5,-0.09980552801283729,B1-STATE_ART-SCSA_PLUS_V3,5,0.3544367551565172,B1-STATE_ART,-1,B1
6,B1-STATE_ART,1274054340517527552,5,3,-0.1585088872094345,B1-STATE_ART-SCSA_PLUS_V3,7,-0.2174226567457094,B1-STATE_ART,-2,B1
6,B1-STATE_ART,1368667864803213318,6,4,-0.15885931682302848,B1-STATE_ART-SCSA_PLUS_V3,10,-2.337192909877718,B1-STATE_ART,-4,B1
6,B1-STATE_ART,1367608643596783616,7,3,-0.16256763251410877,B1-STATE_ART-SCSA_PLUS_V3,8,-0.5043549666506609,B1-STATE_ART,-1,B1
6,B1-STATE_ART,1357425371721965589,8,4,-0.162611933359621,B1-STATE_ART-SCSA_PLUS_V3,6,0.1345663447806732,B1-STATE_ART,2,B1
6,B1-STATE_ART,1356659266732650498,9,3,-0.16269646615363442,B1-STATE_ART-SCSA_PLUS_V3,2,1.7366632911494624,B1-STATE_ART,7,B1
6,B1-STATE_ART,1339526482142654466,10,4,-0.1629841346258003,B1-STATE_ART-SCSA_PLUS_V3,1,1.8138716516757292,B1-STATE_ART,9,B1
7,B1-STATE_ART,1359820217090768896,1,4,-0.15492577179912964,B1-STATE_ART-SCSA_PLUS_V3,4,-0.661757889273262,B1-STATE_ART,-3,B1
7,B1-STATE_ART,1363849575279316998,2,4,-0.16114439006212528,B1-STATE_ART-SCSA_PLUS_V3,6,-1.1948558674723815,B1-STATE_ART,-4,B1
7,B1-STATE_ART,1369342862656221187,3,4,-0.1611559299035523,B1-STATE_ART-SCSA_PLUS_V3,8,-1.80324232296635,B1-STATE_ART,-5,B1
7,B1-STATE_ART,969126955193962496,4,3,-0.16157085780287345,B1-STATE_ART-SCSA_PLUS_V3,3,-0.558465938445157,B1-STATE_ART,1,B1
7,B1-STATE_ART,1365618942501285888,5,5,-0.16178333314006887,B1-STATE_ART-SCSA_PLUS_V3,7,-1.5784184860366126,B1-STATE_ART,-2,B1
7,B1-STATE_ART,1367244704526393349,6,2,-0.16194639485860637,B1-STATE_ART-SCSA_PLUS_V3,5,-0.7900124935647587,B1-STATE_ART,1,B1
7,B1-STATE_ART,1365376371376205838,7,4,-0.16199332833098584,B1-STATE_ART-SCSA_PLUS_V3,9,-1.826179664320411,B1-STATE_ART,-2,B1
7,B1-STATE_ART,1368969473651261440,8,3,-0.16207567598138886,B1-STATE_ART-SCSA_PLUS_V3,2,-0.4205881329053484,B1-STATE_ART,6,B1
7,B1-STATE_ART,1364974104491798530,9,4,-0.16210898244153016,B1-STATE_ART-SCSA_PLUS_V3,10,-2.0158543599750396,B1-STATE_ART,-1,B1
7,B1-STATE_ART,1368972324301602816,10,4,-0.1622193974961968,B1-STATE_ART-SCSA_PLUS_V3,1,0.47243253089558507,B1-STATE_ART,9,B1
8,B1-STATE_ART,1359964129532862464,1,4,6.315136326545075,B1-STATE_ART-SCSA_PLUS_V3,1,12.103313230688276,B1-STATE_ART,0,B1
8,B1-STATE_ART,1360637255132434433,2,4,4.655307840620487,B1-STATE_ART-SCSA_PLUS_V3,2,10.678791379554722,B1-STATE_ART,0,B1
8,B1-STATE_ART,1349748316901310464,3,5,4.314829829320331,B1-STATE_ART-SCSA_PLUS_V3,3,8.5365548680521,B1-STATE_ART,0,B1
8,B1-STATE_ART,1337245958787244033,4,5,2.723077168872436,B1-STATE_ART-SCSA_PLUS_V3,4,6.210487445077232,B1-STATE_ART,0,B1
8,B1-STATE_ART,1368703131652005888,5,5,1.6852254812758782,B1-STATE_ART-SCSA_PLUS_V3,5,5.997016009862429,B1-STATE_ART,0,B1
8,B1-STATE_ART,1296750375114964992,6,5,1.2685726176090701,B1-STATE_ART-SCSA_PLUS_V3,6,3.71437241998367,B1-STATE_ART,0,B1
8,B1-STATE_ART,1363673526096470017,7,4,-0.1110790198138416,B1-STATE_ART-SCSA_PLUS_V3,8,-0.023782490342108976,B1-STATE_ART,-1,B1
8,B1-STATE_ART,1361140319002103813,8,4,-0.11862275878388773,B1-STATE_ART-SCSA_PLUS_V3,7,2.601279972614014,B1-STATE_ART,1,B1
8,B1-STATE_ART,1363548342832218116,9,5,-0.14903146344835963,B1-STATE_ART-SCSA_PLUS_V3,10,-2.453300714766769,B1-STATE_ART,-1,B1
8,B1-STATE_ART,1369095591607865347,10,4,-0.15394635345067015,B1-STATE_ART-SCSA_PLUS_V3,9,-0.16336369364272832,B1-STATE_ART,1,B1
9,B1-STATE_ART,1365001111946420226,1,4,0.23600674980248346,B1-STATE_ART-SCSA_PLUS_V3,8,-0.2091319628623289,B1-STATE_ART,-7,B1
9,B1-STATE_ART,1341790679945670656,2,4,0.1491021037293476,B1-STATE_ART-SCSA_PLUS_V3,3,1.8273460591292416,B1-STATE_ART,-1,B1
9,B1-STATE_ART,1337774207971684352,3,5,-0.1357564443531967,B1-STATE_ART-SCSA_PLUS_V3,2,3.1963956246636913,B1-STATE_ART,1,B1
9,B1-STATE_ART,1292597118763319296,4,5,-0.1429053725721892,B1-STATE_ART-SCSA_PLUS_V3,6,0.26534577650120783,B1-STATE_ART,-2,B1
9,B1-STATE_ART,1322229311718494210,5,2,-0.14381362108733106,B1-STATE_ART-SCSA_PLUS_V3,7,0.10455876759935788,B1-STATE_ART,-2,B1
9,B1-STATE_ART,1322221808913928193,6,2,-0.14747632832670635,B1-STATE_ART-SCSA_PLUS_V3,5,0.375640548127797,B1-STATE_ART,1,B1
9,B1-STATE_ART,1363548342832218116,7,5,-0.14903146344835963,B1-STATE_ART-SCSA_PLUS_V3,10,-2.453300714766769,B1-STATE_ART,-3,B1
9,B1-STATE_ART,1275492317013479424,8,5,-0.15081924649286624,B1-STATE_ART-SCSA_PLUS_V3,9,-0.3436281800397225,B1-STATE_ART,-1,B1
9,B1-STATE_ART,1322191082235506689,9,4,-0.16043836406485482,B1-STATE_ART-SCSA_PLUS_V3,4,0.6601379252812025,B1-STATE_ART,5,B1
9,B1-STATE_ART,1362841895030968326,10,1,-0.1627717450307724,B1-STATE_ART-SCSA_PLUS_V3,1,3.3660194823597203,B1-STATE_ART,9,B1
10,B1-STATE_ART,1369007428696743936,1,5,-0.06514007578311623,B1-STATE_ART-SCSA_PLUS_V3,4,0.9191013736147325,B1-STATE_ART,-3,B1
10,B1-STATE_ART,1368550065502121985,2,5,-0.07820800135691003,B1-STATE_ART-SCSA_PLUS_V3,1,3.5111343174847853,B1-STATE_ART,1,B1
10,B1-STATE_ART,1368982192194519043,3,4,-0.11137224258701735,B1-STATE_ART-SCSA_PLUS_V3,8,-0.5012378444898195,B1-STATE_ART,-5,B1
10,B1-STATE_ART,1368645394348077067,4,5,-0.11987181661684652,B1-STATE_ART-SCSA_PLUS_V3,5,0.21469910531056813,B1-STATE_ART,-1,B1
10,B1-STATE_ART,1369382325633638404,5,5,-0.12390179134248447,B1-STATE_ART-SCSA_PLUS_V3,7,-0.34065313445191514,B1-STATE_ART,-2,B1
10,B1-STATE_ART,1369259792892633089,6,5,-0.13659669747881586,B1-STATE_ART-SCSA_PLUS_V3,10,-2.008691704755319,B1-STATE_ART,-4,B1
10,B1-STATE_ART,1368157353695121412,7,5,-0.1423230193109685,B1-STATE_ART-SCSA_PLUS_V3,6,-0.28467870151674707,B1-STATE_ART,1,B1
10,B1-STATE_ART,1368173264602869761,8,5,-0.15228523085593468,B1-STATE_ART-SCSA_PLUS_V3,9,-0.9214002105519346,B1-STATE_ART,-1,B1
10,B1-STATE_ART,1368317364287180801,9,5,-0.15892975615049776,B1-STATE_ART-SCSA_PLUS_V3,2,3.372929157843156,B1-STATE_ART,7,B1
10,B1-STATE_ART,1368241591299760129,10,5,-0.16173498876759054,B1-STATE_ART-SCSA_PLUS_V3,3,0.9194908069062582,B1-STATE_ART,7,B1
11,B1-STATE_ART,1338944728969035776,1,1,2.8290470546723885,B1-STATE_ART-SCSA_PLUS_V3,1,8.347835854913901,B1-STATE_ART,0,B1
11,B1-STATE_ART,1360046105170485249,2,3,2.155131534700637,B1-STATE_ART-SCSA_PLUS_V3,3,3.6267377043973523,B1-STATE_ART,-1,B1
11,B1-STATE_ART,1368703131652005888,3,2,1.6852254812758782,B1-STATE_ART-SCSA_PLUS_V3,2,5.997016009862429,B1-STATE_ART,1,B1
11,B1-STATE_ART,1360638198573981696,4,1,0.21530071809103263,B1-STATE_ART-SCSA_PLUS_V3,4,1.4013921108236589,B1-STATE_ART,0,B1
11,B1-STATE_ART,1327659608903733249,5,5,0.1824647101351958,B1-STATE_ART-SCSA_PLUS_V3,6,0.916947969210367,B1-STATE_ART,-1,B1
11,B1-STATE_ART,1354547483083329538,6,2,0.12348413678311981,B1-STATE_ART-SCSA_PLUS_V3,5,1.158327336507613,B1-STATE_ART,1,B1
11,B1-STATE_ART,1366833859829108738,7,5,0.03796971517522597,B1-STATE_ART-SCSA_PLUS_V3,8,0.38081330655002055,B1-STATE_ART,-1,B1
11,B1-STATE_ART,1309555054295355394,8,5,-0.01381383783944067,B1-STATE_ART-SCSA_PLUS_V3,7,0.5368930676645526,B1-STATE_ART,1,B1
11,B1-STATE_ART,1269640838205902849,9,3,-0.0734685076640909,B1-STATE_ART-SCSA_PLUS_V3,10,-1.226795167460646,B1-STATE_ART,-1,B1
11,B1-STATE_ART,1366208806535892995,10,5,-0.12433690103121174,B1-STATE_ART-SCSA_PLUS_V3,9,-0.06491412132525541,B1-STATE_ART,1,B1
12,B1-STATE_ART,1321919226341306368,1,5,4.076477753151286,B1-STATE_ART-SCSA_PLUS_V3,1,6.602674005668622,B1-STATE_ART,0,B1
12,B1-STATE_ART,1272637078401097731,2,5,0.5817055126693078,B1-STATE_ART-SCSA_PLUS_V3,7,-0.019079609741875597,B1-STATE_ART,-5,B1
12,B1-STATE_ART,1343974143646044160,3,5,0.05826055247479156,B1-STATE_ART-SCSA_PLUS_V3,2,2.917138464341229,B1-STATE_ART,1,B1
12,B1-STATE_ART,1359318229735251977,4,3,-0.0516311768173564,B1-STATE_ART-SCSA_PLUS_V3,8,-0.06169220645818006,B1-STATE_ART,-4,B1
12,B1-STATE_ART,1365155419564351490,5,5,-0.11950682535485929,B1-STATE_ART-SCSA_PLUS_V3,6,-0.014646526041466504,B1-STATE_ART,-1,B1
12,B1-STATE_ART,1366804263385501696,6,5,-0.13946947483716982,B1-STATE_ART-SCSA_PLUS_V3,9,-0.1299022928383061,B1-STATE_ART,-3,B1
12,B1-STATE_ART,1361396964227772419,7,5,-0.15998849375189347,B1-STATE_ART-SCSA_PLUS_V3,3,2.481915754510287,B1-STATE_ART,4,B1
12,B1-STATE_ART,1365372438578667526,8,2,-0.16103418172620235,B1-STATE_ART-SCSA_PLUS_V3,4,0.60999118678011,B1-STATE_ART,4,B1
12,B1-STATE_ART,1339746480014254081,9,5,-0.16170591780084065,B1-STATE_ART-SCSA_PLUS_V3,5,0.5344605073077618,B1-STATE_ART,4,B1
12,B1-STATE_ART,1364415183607586825,10,2,-0.16194073422609415,B1-STATE_ART-SCSA_PLUS_V3,10,-0.9544325399135879,B1-STATE_ART,0,B1
13,B1-STATE_ART,1312476369830338561,1,4,0.08477451933250409,B1-STATE_ART-SCSA_PLUS_V3,4,-0.34647744057306284,B1-STATE_ART,-3,B1
13,B1-STATE_ART,1357343495132880897,2,2,-0.05619717346754885,B1-STATE_ART-SCSA_PLUS_V3,7,-1.0331206146331247,B1-STATE_ART,-5,B1
13,B1-STATE_ART,1354081977062850561,3,3,-0.07713920594177347,B1-STATE_ART-SCSA_PLUS_V3,9,-1.3217999989738152,B1-STATE_ART,-6,B1
13,B1-STATE_ART,1327673915829866501,4,4,-0.1505481298228717,B1-STATE_ART-SCSA_PLUS_V3,5,-0.5040860125713365,B1-STATE_ART,-1,B1
13,B1-STATE_ART,1337102429532217345,5,4,-0.15279511783762337,B1-STATE_ART-SCSA_PLUS_V3,10,-1.4973805990016253,B1-STATE_ART,-5,B1
13,B1-STATE_ART,1365346314956005378,6,2,-0.1567689906332183,B1-STATE_ART-SCSA_PLUS_V3,3,-0.13024120238018022,B1-STATE_ART,3,B1
13,B1-STATE_ART,1336808991792525325,7,2,-0.15754919111084767,B1-STATE_ART-SCSA_PLUS_V3,2,0.47488528866005664,B1-STATE_ART,5,B1
13,B1-STATE_ART,1285952748484083712,8,1,-0.15857606055232623,B1-STATE_ART-SCSA_PLUS_V3,8,-1.1290859628855405,B1-STATE_ART,0,B1
13,B1-STATE_ART,1362949278365143050,9,1,-0.1621456150234551,B1-STATE_ART-SCSA_PLUS_V3,6,-0.761684968676631,B1-STATE_ART,3,B1
13,B1-STATE_ART,1369324832702296067,10,2,-0.16222840633963398,B1-STATE_ART-SCSA_PLUS_V3,1,0.7934412327037619,B1-STATE_ART,9,B1
15,B1-STATE_ART,1321919226341306368,1,2,4.076477753151286,B1-STATE_ART-SCSA_PLUS_V3,1,6.602674005668622,B1-STATE_ART,0,B1
15,B1-STATE_ART,1272637078401097731,2,2,0.5817055126693078,B1-STATE_ART-SCSA_PLUS_V3,7,-0.019079609741875597,B1-STATE_ART,-5,B1
15,B1-STATE_ART,1343974143646044160,3,5,0.05826055247479156,B1-STATE_ART-SCSA_PLUS_V3,2,2.917138464341229,B1-STATE_ART,1,B1
15,B1-STATE_ART,1359318229735251977,4,4,-0.0516311768173564,B1-STATE_ART-SCSA_PLUS_V3,8,-0.06169220645818006,B1-STATE_ART,-4,B1
15,B1-STATE_ART,1366804263385501696,5,2,-0.13946947483716982,B1-STATE_ART-SCSA_PLUS_V3,9,-0.1299022928383061,B1-STATE_ART,-4,B1
15,B1-STATE_ART,1360653537781321732,6,5,-0.14344099131895444,B1-STATE_ART-SCSA_PLUS_V3,6,0.3071275063946052,B1-STATE_ART,0,B1
15,B1-STATE_ART,1361396964227772419,7,2,-0.15998849375189347,B1-STATE_ART-SCSA_PLUS_V3,3,2.481915754510287,B1-STATE_ART,4,B1
15,B1-STATE_ART,1365372438578667526,8,2,-0.16103418172620235,B1-STATE_ART-SCSA_PLUS_V3,4,0.60999118678011,B1-STATE_ART,4,B1
15,B1-STATE_ART,1339746480014254081,9,3,-0.16170591780084065,B1-STATE_ART-SCSA_PLUS_V3,5,0.5344605073077618,B1-STATE_ART,4,B1
15,B1-STATE_ART,1364415183607586825,10,3,-0.16194073422609415,B1-STATE_ART-SCSA_PLUS_V3,10,-0.9544325399135879,B1-STATE_ART,0,B1
16,B1-STATE_ART,1367300479739441155,1,1,0.13572483919091416,B1-STATE_ART-SCSA_PLUS_V3,8,-0.1090108305558556,B1-STATE_ART,-7,B1
16,B1-STATE_ART,1367491019277799427,2,5,-0.06772542888453807,B1-STATE_ART-SCSA_PLUS_V3,6,0.4728792698057718,B1-STATE_ART,-4,B1
16,B1-STATE_ART,1367625056570990592,3,2,-0.11573026795107888,B1-STATE_ART-SCSA_PLUS_V3,10,-0.6715771044863247,B1-STATE_ART,-7,B1
16,B1-STATE_ART,1369400158912475136,4,1,-0.12858372212844588,B1-STATE_ART-SCSA_PLUS_V3,2,2.4362774143547936,B1-STATE_ART,2,B1
16,B1-STATE_ART,1369378396216692740,5,1,-0.15501810068371114,B1-STATE_ART-SCSA_PLUS_V3,5,0.4986912904611672,B1-STATE_ART,0,B1
16,B1-STATE_ART,1367629682439454722,6,1,-0.16046735611479634,B1-STATE_ART-SCSA_PLUS_V3,7,0.05196479390678189,B1-STATE_ART,-1,B1
16,B1-STATE_ART,1333807391079428096,7,1,-0.16085079974789807,B1-STATE_ART-SCSA_PLUS_V3,9,-0.1924995473653357,B1-STATE_ART,-2,B1
16,B1-STATE_ART,1368144516558041088,8,1,-0.1614836070784317,B1-STATE_ART-SCSA_PLUS_V3,3,2.299759211140912,B1-STATE_ART,5,B1
16,B1-STATE_ART,1346230432036233218,9,1,-0.1616099677338819,B1-STATE_ART-SCSA_PLUS_V3,4,0.6127781843164516,B1-STATE_ART,5,B1
16,B1-STATE_ART,1367269369521266691,10,5,-0.16247278403976176,B1-STATE_ART-SCSA_PLUS_V3,1,3.4768722051241063,B1-STATE_ART,9,B1
17,B1-STATE_ART,1365629350721249281,1,5,-0.14877194258128032,B1-STATE_ART-SCSA_PLUS_V3,6,0.07713175051477816,B1-STATE_ART,-5,B1
17,B1-STATE_ART,1367474157626290181,2,5,-0.15411619984768918,B1-STATE_ART-SCSA_PLUS_V3,8,-0.6524760223115337,B1-STATE_ART,-6,B1
17,B1-STATE_ART,1366841911357620225,3,5,-0.15538691084798498,B1-STATE_ART-SCSA_PLUS_V3,9,-2.2822044613771397,B1-STATE_ART,-6,B1
17,B1-STATE_ART,1358414579328561153,4,5,-0.15544765062012844,B1-STATE_ART-SCSA_PLUS_V3,7,-0.02727930566538157,B1-STATE_ART,-3,B1
17,B1-STATE_ART,1369000930809581570,5,5,-0.15761283903081552,B1-STATE_ART-SCSA_PLUS_V3,4,0.6685219196111336,B1-STATE_ART,1,B1
17,B1-STATE_ART,1316030943174422528,6,5,-0.1579451729615373,B1-STATE_ART-SCSA_PLUS_V3,10,-3.130183381208236,B1-STATE_ART,-4,B1
17,B1-STATE_ART,1367507656269791241,7,5,-0.1598785881961323,B1-STATE_ART-SCSA_PLUS_V3,5,0.5952032546273501,B1-STATE_ART,2,B1
17,B1-STATE_ART,1316722494255099904,8,5,-0.1620693953362045,B1-STATE_ART-SCSA_PLUS_V3,2,1.1021322067178285,B1-STATE_ART,6,B1
17,B1-STATE_ART,1354993740562137089,9,1,-0.1627781076015847,B1-STATE_ART-SCSA_PLUS_V3,3,0.8019367591919462,B1-STATE_ART,6,B1
17,B1-STATE_ART,1362674074732748803,10,1,-0.16305779430356468,B1-STATE_ART-SCSA_PLUS_V3,1,1.814054658033701,B1-STATE_ART,9,B1
18,B1-STATE_ART,1189330936300756992,1,5,8.665533945834879,B1-STATE_ART-SCSA_PLUS_V3,1,13.170337953166024,B1-STATE_ART,0,B1
18,B1-STATE_ART,1333425556659064833,2,3,0.2766430750554002,B1-STATE_ART-SCSA_PLUS_V3,2,1.8337708556369567,B1-STATE_ART,0,B1
18,B1-STATE_ART,1338474408743215106,3,2,0.048777459279972006,B1-STATE_ART-SCSA_PLUS_V3,6,0.09508136245034038,B1-STATE_ART,-3,B1
18,B1-STATE_ART,1331689113494446085,4,3,0.04061324203009344,B1-STATE_ART-SCSA_PLUS_V3,3,1.5891790465367919,B1-STATE_ART,1,B1
18,B1-STATE_ART,1298591876963078146,5,2,-0.03391022231475111,B1-STATE_ART-SCSA_PLUS_V3,10,-0.7684689915695079,B1-STATE_ART,-5,B1
18,B1-STATE_ART,1188118588290469890,6,5,-0.06462725734907611,B1-STATE_ART-SCSA_PLUS_V3,8,-0.14442319395085704,B1-STATE_ART,-2,B1
18,B1-STATE_ART,1368640454028386304,7,2,-0.13369346364290247,B1-STATE_ART-SCSA_PLUS_V3,9,-0.3956364526033211,B1-STATE_ART,-2,B1
18,B1-STATE_ART,1363561378552958976,8,2,-0.1615439160295636,B1-STATE_ART-SCSA_PLUS_V3,7,0.010435976030854556,B1-STATE_ART,1,B1
18,B1-STATE_ART,1368245620344029188,9,1,-0.16248876802535434,B1-STATE_ART-SCSA_PLUS_V3,5,0.11540564553316701,B1-STATE_ART,4,B1
18,B1-STATE_ART,1365319660405678081,10,1,-0.16281019524891926,B1-STATE_ART-SCSA_PLUS_V3,4,1.4262248290423767,B1-STATE_ART,6,B1
19,B1-STATE_ART,1369343506939019269,1,3,-0.07302206326800191,B1-STATE_ART-SCSA_PLUS_V3,10,-4.283547532878784,B1-STATE_ART,-9,B1
19,B1-STATE_ART,1369242094217404419,2,3,-0.15181601129939953,B1-STATE_ART-SCSA_PLUS_V3,9,-1.9465721637060882,B1-STATE_ART,-7,B1
19,B1-STATE_ART,1366588589191147526,3,3,-0.1597327900212887,B1-STATE_ART-SCSA_PLUS_V3,7,-1.0527184597946182,B1-STATE_ART,-4,B1
19,B1-STATE_ART,1369207595785977860,4,3,-0.16059350863599461,B1-STATE_ART-SCSA_PLUS_V3,6,-0.6905950142437205,B1-STATE_ART,-2,B1
19,B1-STATE_ART,1369038985188831234,5,5,-0.16175798563034016,B1-STATE_ART-SCSA_PLUS_V3,3,-0.0394326062734303,B1-STATE_ART,2,B1
19,B1-STATE_ART,1368923387532369922,6,5,-0.161768199143044,B1-STATE_ART-SCSA_PLUS_V3,2,0.03525253446521034,B1-STATE_ART,4,B1
19,B1-STATE_ART,1354908861572935681,7,4,-0.1623538622412656,B1-STATE_ART-SCSA_PLUS_V3,4,-0.339568856819857,B1-STATE_ART,3,B1
19,B1-STATE_ART,1352325551621595136,8,4,-0.16248750793191596,B1-STATE_ART-SCSA_PLUS_V3,8,-1.094923362245103,B1-STATE_ART,0,B1
19,B1-STATE_ART,1328394654375698433,9,3,-0.16253144692549706,B1-STATE_ART-SCSA_PLUS_V3,5,-0.44189252319044564,B1-STATE_ART,4,B1
19,B1-STATE_ART,1329983375621435392,10,4,-0.16273278570521474,B1-STATE_ART-SCSA_PLUS_V3,1,0.5012169340740982,B1-STATE_ART,9,B1
20,B1-STATE_ART,1367491019277799427,1,1,-0.06772542888453807,B1-STATE_ART-SCSA_PLUS_V3,2,0.4728792698057718,B1-STATE_ART,-1,B1
20,B1-STATE_ART,1368604247760244742,2,3,-0.09428106430207532,B1-STATE_ART-SCSA_PLUS_V3,3,0.0705529339821373,B1-STATE_ART,-1,B1
20,B1-STATE_ART,1368788336333176833,3,1,-0.15317893668947602,B1-STATE_ART-SCSA_PLUS_V3,1,0.5092241707330036,B1-STATE_ART,2,B1
20,B1-STATE_ART,1369633104269357056,4,5,-0.16125261497378784,B1-STATE_ART-SCSA_PLUS_V3,6,-0.2640740687280753,B1-STATE_ART,-2,B1
20,B1-STATE_ART,1364970371716423682,5,5,-0.16181909204154182,B1-STATE_ART-SCSA_PLUS_V3,10,-2.2841024810696786,B1-STATE_ART,-5,B1
20,B1-STATE_ART,1366925854421495812,6,5,-0.16195661366476305,B1-STATE_ART-SCSA_PLUS_V3,9,-2.115913421270098,B1-STATE_ART,-3,B1
20,B1-STATE_ART,1363915655720939521,7,5,-0.1619993264250121,B1-STATE_ART-SCSA_PLUS_V3,5,-0.22194317248781126,B1-STATE_ART,2,B1
20,B1-STATE_ART,1359371849965199360,8,5,-0.16204211719897382,B1-STATE_ART-SCSA_PLUS_V3,8,-1.675188778661368,B1-STATE_ART,0,B1
20,B1-STATE_ART,1368096530268323842,9,5,-0.16225094588039812,B1-STATE_ART-SCSA_PLUS_V3,4,-0.0019855831532559526,B1-STATE_ART,5,B1
20,B1-STATE_ART,1359943267148845058,10,1,-0.1624433356566336,B1-STATE_ART-SCSA_PLUS_V3,7,-1.2039623161072595,B1-STATE_ART,3,B1
21,B1-STATE_ART,1326208392923410432,1,5,0.2252833998316758,B1-STATE_ART-SCSA_PLUS_V3,8,-0.5375426037794763,B1-STATE_ART,-7,B1
21,B1-STATE_ART,1217122703766970369,2,3,-0.03351300828196049,B1-STATE_ART-SCSA_PLUS_V3,2,0.7529139533461127,B1-STATE_ART,0,B1
21,B1-STATE_ART,1367282096289443840,3,3,-0.0385201203055948,B1-STATE_ART-SCSA_PLUS_V3,9,-0.554515846299374,B1-STATE_ART,-6,B1
21,B1-STATE_ART,1367323565008154630,4,1,-0.16059123179605447,B1-STATE_ART-SCSA_PLUS_V3,5,-0.20154466882629157,B1-STATE_ART,-1,B1
21,B1-STATE_ART,1369030162298400778,5,1,-0.16083226551576046,B1-STATE_ART-SCSA_PLUS_V3,3,0.5418508412101273,B1-STATE_ART,2,B1
21,B1-STATE_ART,1367556352445321216,6,5,-0.1617906535013151,B1-STATE_ART-SCSA_PLUS_V3,4,0.3337519258527118,B1-STATE_ART,2,B1
21,B1-STATE_ART,1365407006253801474,7,1,-0.1622010286412278,B1-STATE_ART-SCSA_PLUS_V3,7,-0.4710232740737562,B1-STATE_ART,0,B1
21,B1-STATE_ART,1368978816849211392,8,5,-0.16256185869189613,B1-STATE_ART-SCSA_PLUS_V3,6,-0.20934249278120057,B1-STATE_ART,2,B1
21,B1-STATE_ART,1362475510954156037,9,2,-0.16263916864394135,B1-STATE_ART-SCSA_PLUS_V3,10,-0.6812224007750874,B1-STATE_ART,-1,B1
21,B1-STATE_ART,1356659266732650498,10,2,-0.16269646615363442,B1-STATE_ART-SCSA_PLUS_V3,1,1.7366632911494624,B1-STATE_ART,9,B1
22,B1-STATE_ART,1369339704588570624,1,5,-0.026965619634701947,B1-STATE_ART-SCSA_PLUS_V3,7,-0.554480036175046,B1-STATE_ART,-6,B1
22,B1-STATE_ART,1368614821147598851,2,5,-0.06694871147427538,B1-STATE_ART-SCSA_PLUS_V3,4,-0.2628788092811815,B1-STATE_ART,-2,B1
22,B1-STATE_ART,1367128088832745476,3,4,-0.06998006006771965,B1-STATE_ART-SCSA_PLUS_V3,8,-1.0287567434234524,B1-STATE_ART,-5,B1
22,B1-STATE_ART,1366209913865703426,4,5,-0.08106831646842914,B1-STATE_ART-SCSA_PLUS_V3,3,-0.13845343833973855,B1-STATE_ART,1,B1
22,B1-STATE_ART,1369015063705612288,5,4,-0.1434324146486657,B1-STATE_ART-SCSA_PLUS_V3,10,-2.5441242367319266,B1-STATE_ART,-5,B1
22,B1-STATE_ART,1366234614650478594,6,5,-0.15588144498202539,B1-STATE_ART-SCSA_PLUS_V3,1,1.0610663430298861,B1-STATE_ART,5,B1
22,B1-STATE_ART,1367120318012280838,7,5,-0.15882830331003037,B1-STATE_ART-SCSA_PLUS_V3,5,-0.4179552361863115,B1-STATE_ART,2,B1
22,B1-STATE_ART,1300100975793901569,8,2,-0.15887769033765878,B1-STATE_ART-SCSA_PLUS_V3,2,0.5663209426541804,B1-STATE_ART,6,B1
22,B1-STATE_ART,1361812978425753600,9,4,-0.1599060917071534,B1-STATE_ART-SCSA_PLUS_V3,6,-0.5289740432727155,B1-STATE_ART,3,B1
22,B1-STATE_ART,1369043306487767040,10,5,-0.16218800041231088,B1-STATE_ART-SCSA_PLUS_V3,9,-1.7074130258233833,B1-STATE_ART,1,B1
23,B1-STATE_ART,1360962032598720516,1,5,-0.09885002792179934,B1-STATE_ART-SCSA_PLUS_V3,6,-0.3175998389407401,B1-STATE_ART,-5,B1
23,B1-STATE_ART,1331670759102681088,2,5,-0.10141625281617361,B1-STATE_ART-SCSA_PLUS_V3,3,0.5672912026867231,B1-STATE_ART,-1,B1
23,B1-STATE_ART,1344346181976129538,3,5,-0.10723181362513534,B1-STATE_ART-SCSA_PLUS_V3,5,0.03317862461964776,B1-STATE_ART,-2,B1
23,B1-STATE_ART,1192092402061889536,4,4,-0.1301608090109155,B1-STATE_ART-SCSA_PLUS_V3,8,-0.8103265598610778,B1-STATE_ART,-4,B1
23,B1-STATE_ART,1350173131823083520,5,5,-0.13906522906694707,B1-STATE_ART-SCSA_PLUS_V3,1,0.845405272532615,B1-STATE_ART,4,B1
23,B1-STATE_ART,1311068940152401920,6,4,-0.14768449172417406,B1-STATE_ART-SCSA_PLUS_V3,2,0.5979122767887519,B1-STATE_ART,4,B1
23,B1-STATE_ART,1363548342832218116,7,5,-0.14903146344835963,B1-STATE_ART-SCSA_PLUS_V3,10,-2.453300714766769,B1-STATE_ART,-3,B1
23,B1-STATE_ART,1354864255749804039,8,5,-0.1548629376075392,B1-STATE_ART-SCSA_PLUS_V3,9,-1.3891340356892503,B1-STATE_ART,-1,B1
23,B1-STATE_ART,1261222316803063810,9,4,-0.1553241489314109,B1-STATE_ART-SCSA_PLUS_V3,4,0.3019819360644165,B1-STATE_ART,5,B1
23,B1-STATE_ART,1321088619814109184,10,5,-0.1622680943969741,B1-STATE_ART-SCSA_PLUS_V3,7,-0.4672998620632098,B1-STATE_ART,3,B1
24,B1-STATE_ART,1312476369830338561,1,5,0.08477451933250409,B1-STATE_ART-SCSA_PLUS_V3,7,-0.34647744057306284,B1-STATE_ART,-6,B1
24,B1-STATE_ART,1359900546635870215,2,5,-0.07876346259671962,B1-STATE_ART-SCSA_PLUS_V3,9,-0.698386325361354,B1-STATE_ART,-7,B1
24,B1-STATE_ART,1362099968824254464,3,5,-0.12706296429765765,B1-STATE_ART-SCSA_PLUS_V3,8,-0.39973133343034284,B1-STATE_ART,-5,B1
24,B1-STATE_ART,1355530037152284675,4,5,-0.12877376480152905,B1-STATE_ART-SCSA_PLUS_V3,3,0.1501133018528493,B1-STATE_ART,1,B1
24,B1-STATE_ART,1292597118763319296,5,3,-0.1429053725721892,B1-STATE_ART-SCSA_PLUS_V3,2,0.26534577650120783,B1-STATE_ART,3,B1
24,B1-STATE_ART,1337102429532217345,6,5,-0.15279511783762337,B1-STATE_ART-SCSA_PLUS_V3,10,-1.4973805990016253,B1-STATE_ART,-4,B1
24,B1-STATE_ART,1366478355558780939,7,5,-0.15636850244604816,B1-STATE_ART-SCSA_PLUS_V3,6,-0.2677269845711609,B1-STATE_ART,1,B1
24,B1-STATE_ART,1365346314956005378,8,3,-0.1567689906332183,B1-STATE_ART-SCSA_PLUS_V3,4,-0.13024120238018022,B1-STATE_ART,4,B1
24,B1-STATE_ART,1369122357307191296,9,3,-0.16087062236367475,B1-STATE_ART-SCSA_PLUS_V3,5,-0.2036054607677234,B1-STATE_ART,4,B1
24,B1-STATE_ART,1363203331745673220,10,5,-0.1622304410551539,B1-STATE_ART-SCSA_PLUS_V3,1,3.367056296598583,B1-STATE_ART,9,B1
25,B1-STATE_ART,1369343506939019269,1,5,-0.07302206326800191,B1-STATE_ART-SCSA_PLUS_V3,10,-4.283547532878784,B1-STATE_ART,-9,B1
25,B1-STATE_ART,1368856158010810369,2,5,-0.15874261562935563,B1-STATE_ART-SCSA_PLUS_V3,6,-0.7599573760882662,B1-STATE_ART,-4,B1
25,B1-STATE_ART,1369587331691208706,3,5,-0.1606065733764112,B1-STATE_ART-SCSA_PLUS_V3,4,-0.5659603889322518,B1-STATE_ART,-1,B1
25,B1-STATE_ART,1369598009084887043,4,5,-0.1607815135910037,B1-STATE_ART-SCSA_PLUS_V3,8,-3.052758107235024,B1-STATE_ART,-4,B1
25,B1-STATE_ART,1368970607216517129,5,5,-0.16085719884692656,B1-STATE_ART-SCSA_PLUS_V3,1,0.573329460917345,B1-STATE_ART,4,B1
25,B1-STATE_ART,1369590734672760836,6,5,-0.16134942942099798,B1-STATE_ART-SCSA_PLUS_V3,9,-3.42032150714393,B1-STATE_ART,-3,B1
25,B1-STATE_ART,1368835740529000449,7,5,-0.16166907853286147,B1-STATE_ART-SCSA_PLUS_V3,5,-0.6374802994299746,B1-STATE_ART,2,B1
25,B1-STATE_ART,1354908861572935681,8,5,-0.1623538622412656,B1-STATE_ART-SCSA_PLUS_V3,3,-0.339568856819857,B1-STATE_ART,5,B1
25,B1-STATE_ART,1352325551621595136,9,3,-0.16248750793191596,B1-STATE_ART-SCSA_PLUS_V3,7,-1.094923362245103,B1-STATE_ART,2,B1
25,B1-STATE_ART,1329983375621435392,10,5,-0.16273278570521474,B1-STATE_ART-SCSA_PLUS_V3,2,0.5012169340740982,B1-STATE_ART,8,B1
26,B1-STATE_ART,1337774207971684352,1,4,-0.1357564443531967,B1-STATE_ART-SCSA_PLUS_V3,1,3.1963956246636913,B1-STATE_ART,0,B1
26,B1-STATE_ART,1358024709137432577,2,2,-0.1388452776813344,B1-STATE_ART-SCSA_PLUS_V3,6,-0.8285642234417999,B1-STATE_ART,-4,B1
26,B1-STATE_ART,1339559388303007744,3,2,-0.14146109886190428,B1-STATE_ART-SCSA_PLUS_V3,10,-2.473454249860161,B1-STATE_ART,-7,B1
26,B1-STATE_ART,1322229311718494210,4,2,-0.14381362108733106,B1-STATE_ART-SCSA_PLUS_V3,2,0.10455876759935788,B1-STATE_ART,2,B1
26,B1-STATE_ART,1363548342832218116,5,2,-0.14903146344835963,B1-STATE_ART-SCSA_PLUS_V3,9,-2.453300714766769,B1-STATE_ART,-4,B1
26,B1-STATE_ART,1362748296045953027,6,4,-0.16068931558263233,B1-STATE_ART-SCSA_PLUS_V3,4,-0.3147145257314074,B1-STATE_ART,2,B1
26,B1-STATE_ART,968452175142649858,7,4,-0.1611914323159613,B1-STATE_ART-SCSA_PLUS_V3,3,-0.14125490783947905,B1-STATE_ART,4,B1
26,B1-STATE_ART,1368999602867802126,8,4,-0.1618937550414308,B1-STATE_ART-SCSA_PLUS_V3,8,-2.1232357262180734,B1-STATE_ART,0,B1
26,B1-STATE_ART,1364571918876073985,9,3,-0.16189963961432555,B1-STATE_ART-SCSA_PLUS_V3,5,-0.5967768991677334,B1-STATE_ART,4,B1
26,B1-STATE_ART,970787289638096897,10,4,-0.1619603338596324,B1-STATE_ART-SCSA_PLUS_V3,7,-0.9916448619981256,B1-STATE_ART,3,B1
27,B1-STATE_ART,1369343506939019269,1,4,-0.07302206326800191,B1-STATE_ART-SCSA_PLUS_V3,10,-4.283547532878784,B1-STATE_ART,-9,B1
27,B1-STATE_ART,1369242094217404419,2,4,-0.15181601129939953,B1-STATE_ART-SCSA_PLUS_V3,5,-1.9465721637060882,B1-STATE_ART,-3,B1
27,B1-STATE_ART,1368856158010810369,3,5,-0.15874261562935563,B1-STATE_ART-SCSA_PLUS_V3,4,-0.7599573760882662,B1-STATE_ART,-1,B1
27,B1-STATE_ART,1369552733536219138,4,5,-0.15934151108356437,B1-STATE_ART-SCSA_PLUS_V3,6,-1.9965297315609636,B1-STATE_ART,-2,B1
27,B1-STATE_ART,1370132866093420544,5,3,-0.15951184211013403,B1-STATE_ART-SCSA_PLUS_V3,7,-2.010505443769429,B1-STATE_ART,-2,B1
27,B1-STATE_ART,1369598009084887043,6,5,-0.1607815135910037,B1-STATE_ART-SCSA_PLUS_V3,8,-3.052758107235024,B1-STATE_ART,-2,B1
27,B1-STATE_ART,1369590734672760836,7,3,-0.16134942942099798,B1-STATE_ART-SCSA_PLUS_V3,9,-3.42032150714393,B1-STATE_ART,-2,B1
27,B1-STATE_ART,1368835740529000449,8,4,-0.16166907853286147,B1-STATE_ART-SCSA_PLUS_V3,3,-0.6374802994299746,B1-STATE_ART,5,B1
27,B1-STATE_ART,1354908861572935681,9,4,-0.1623538622412656,B1-STATE_ART-SCSA_PLUS_V3,2,-0.339568856819857,B1-STATE_ART,7,B1
27,B1-STATE_ART,1329983375621435392,10,1,-0.16273278570521474,B1-STATE_ART-SCSA_PLUS_V3,1,0.5012169340740982,B1-STATE_ART,9,B1
28,B1-STATE_ART,1323671285285703683,1,2,0.010371620841574539,B1-STATE_ART-SCSA_PLUS_V3,3,0.6341569216243185,B1-STATE_ART,-2,B1
28,B1-STATE_ART,1339289131575341057,2,3,-0.05737492949405414,B1-STATE_ART-SCSA_PLUS_V3,6,0.2817877204423984,B1-STATE_ART,-4,B1
28,B1-STATE_ART,1246491727306899456,3,5,-0.0687719947714581,B1-STATE_ART-SCSA_PLUS_V3,8,-0.7382257135610233,B1-STATE_ART,-5,B1
28,B1-STATE_ART,1343640147775152131,4,3,-0.11418471720355547,B1-STATE_ART-SCSA_PLUS_V3,2,0.8127914664966901,B1-STATE_ART,2,B1
28,B1-STATE_ART,1331650428115759105,5,3,-0.1194701039361454,B1-STATE_ART-SCSA_PLUS_V3,1,3.436657050122056,B1-STATE_ART,4,B1
28,B1-STATE_ART,1363548342832218116,6,3,-0.14903146344835963,B1-STATE_ART-SCSA_PLUS_V3,10,-2.453300714766769,B1-STATE_ART,-4,B1
28,B1-STATE_ART,1329849237299990529,7,3,-0.1491608044510596,B1-STATE_ART-SCSA_PLUS_V3,4,0.47865248921982023,B1-STATE_ART,3,B1
28,B1-STATE_ART,1334641065870159874,8,3,-0.1569999692617527,B1-STATE_ART-SCSA_PLUS_V3,9,-1.327801815815659,B1-STATE_ART,-1,B1
28,B1-STATE_ART,1340027052037169152,9,5,-0.15846686888312284,B1-STATE_ART-SCSA_PLUS_V3,5,0.37158816488634167,B1-STATE_ART,4,B1
28,B1-STATE_ART,1355168831413645316,10,5,-0.15950863829693865,B1-STATE_ART-SCSA_PLUS_V3,7,0.2625738356864402,B1-STATE_ART,3,B1
29,B1-STATE_ART,1367565667642331136,1,5,0.7511532421972342,B1-STATE_ART-SCSA_PLUS_V3,2,2.1651867468311083,B1-STATE_ART,-1,B1
29,B1-STATE_ART,1250919345955446784,2,4,-0.06080188676314979,B1-STATE_ART-SCSA_PLUS_V3,5,-0.014786558296788831,B1-STATE_ART,-3,B1
29,B1-STATE_ART,1367565531189047299,3,3,-0.15309708542303885,B1-STATE_ART-SCSA_PLUS_V3,1,3.381735737420804,B1-STATE_ART,2,B1
29,B1-STATE_ART,1369362392749121542,4,5,-0.15909190896487796,B1-STATE_ART-SCSA_PLUS_V3,9,-1.2719221422094182,B1-STATE_ART,-5,B1
29,B1-STATE_ART,1367244848978227201,5,3,-0.1595111166607213,B1-STATE_ART-SCSA_PLUS_V3,10,-1.290159799963242,B1-STATE_ART,-5,B1
29,B1-STATE_ART,1367323565008154630,6,4,-0.16059123179605447,B1-STATE_ART-SCSA_PLUS_V3,6,-0.20154466882629157,B1-STATE_ART,0,B1
29,B1-STATE_ART,1369030162298400778,7,5,-0.16083226551576046,B1-STATE_ART-SCSA_PLUS_V3,4,0.5418508412101273,B1-STATE_ART,3,B1
29,B1-STATE_ART,1358793588382052358,8,4,-0.16184104710178704,B1-STATE_ART-SCSA_PLUS_V3,3,1.0249641668091702,B1-STATE_ART,5,B1
29,B1-STATE_ART,1366963364975452162,9,3,-0.16234924228183867,B1-STATE_ART-SCSA_PLUS_V3,8,-0.6725999993709812,B1-STATE_ART,1,B1
29,B1-STATE_ART,1369148165471969284,10,4,-0.16240694315223939,B1-STATE_ART-SCSA_PLUS_V3,7,-0.3713330380321657,B1-STATE_ART,3,B1
30,B1-STATE_ART,1360680119854104582,1,5,0.05047563715324429,B1-STATE_ART-SCSA_PLUS_V3,8,-0.8584769493003562,B1-STATE_ART,-7,B1
30,B1-STATE_ART,1367128088832745476,2,3,-0.06998006006771965,B1-STATE_ART-SCSA_PLUS_V3,9,-1.0287567434234524,B1-STATE_ART,-7,B1
30,B1-STATE_ART,1292597118763319296,3,3,-0.1429053725721892,B1-STATE_ART-SCSA_PLUS_V3,4,0.26534577650120783,B1-STATE_ART,-1,B1
30,B1-STATE_ART,1366102978739007492,4,3,-0.147089452215813,B1-STATE_ART-SCSA_PLUS_V3,10,-1.317925333554286,B1-STATE_ART,-6,B1
30,B1-STATE_ART,1362129662336450560,5,4,-0.15065009168296795,B1-STATE_ART-SCSA_PLUS_V3,7,-0.6514332148036373,B1-STATE_ART,-2,B1
30,B1-STATE_ART,1366239727402196996,6,5,-0.15674724721071373,B1-STATE_ART-SCSA_PLUS_V3,1,0.8929532322644167,B1-STATE_ART,5,B1
30,B1-STATE_ART,1367120318012280838,7,4,-0.15882830331003037,B1-STATE_ART-SCSA_PLUS_V3,6,-0.4179552361863115,B1-STATE_ART,1,B1
30,B1-STATE_ART,1300100975793901569,8,5,-0.15887769033765878,B1-STATE_ART-SCSA_PLUS_V3,3,0.5663209426541804,B1-STATE_ART,5,B1
30,B1-STATE_ART,1366242438717661187,9,2,-0.1620693291459133,B1-STATE_ART-SCSA_PLUS_V3,5,-0.0027458231663222282,B1-STATE_ART,4,B1
30,B1-STATE_ART,1369037334885265408,10,3,-0.16270478749360662,B1-STATE_ART-SCSA_PLUS_V3,2,0.6876644603030617,B1-STATE_ART,8,B1
31,B1-STATE_ART,978748491936780289,1,4,0.2594306475297401,B1-STATE_ART-SCSA_PLUS_V3,6,-0.21688351064173858,B1-STATE_ART,-5,B1
31,B1-STATE_ART,1369037449431715843,2,2,0.16832653832384262,B1-STATE_ART-SCSA_PLUS_V3,7,-0.5205696582869014,B1-STATE_ART,-5,B1
31,B1-STATE_ART,1307034079381065732,3,4,-0.08604890498932052,B1-STATE_ART-SCSA_PLUS_V3,9,-1.1401752764342339,B1-STATE_ART,-6,B1
31,B1-STATE_ART,1364590913369083904,4,3,-0.08861269864085312,B1-STATE_ART-SCSA_PLUS_V3,1,1.935379467354965,B1-STATE_ART,3,B1
31,B1-STATE_ART,1362196257624625152,5,1,-0.1378475333833678,B1-STATE_ART-SCSA_PLUS_V3,8,-0.7770560815061966,B1-STATE_ART,-3,B1
31,B1-STATE_ART,1356766464162762754,6,3,-0.1480571412824225,B1-STATE_ART-SCSA_PLUS_V3,2,1.7298361293300157,B1-STATE_ART,4,B1
31,B1-STATE_ART,970013213092757504,7,4,-0.15817464121310343,B1-STATE_ART-SCSA_PLUS_V3,5,-0.025268835463736726,B1-STATE_ART,2,B1
31,B1-STATE_ART,1360224092427812866,8,4,-0.15950634989779844,B1-STATE_ART-SCSA_PLUS_V3,4,0.061128502291681194,B1-STATE_ART,4,B1
31,B1-STATE_ART,1362196930252726277,9,3,-0.1613593388118195,B1-STATE_ART-SCSA_PLUS_V3,10,-1.4388111549998168,B1-STATE_ART,-1,B1
31,B1-STATE_ART,1322130577684942848,10,2,-0.1629991718103319,B1-STATE_ART-SCSA_PLUS_V3,3,1.703766487830204,B1-STATE_ART,7,B1
32,B1-STATE_ART,978970964762513409,1,3,-0.15652808507450736,B1-STATE_ART-SCSA_PLUS_V3,10,-3.302339231902795,B1-STATE_ART,-9,B1
32,B1-STATE_ART,1363849575279316998,2,4,-0.16114439006212528,B1-STATE_ART-SCSA_PLUS_V3,4,-1.1948558674723815,B1-STATE_ART,-2,B1
32,B1-STATE_ART,1369342862656221187,3,4,-0.1611559299035523,B1-STATE_ART-SCSA_PLUS_V3,6,-1.80324232296635,B1-STATE_ART,-3,B1
32,B1-STATE_ART,969126955193962496,4,3,-0.16157085780287345,B1-STATE_ART-SCSA_PLUS_V3,2,-0.558465938445157,B1-STATE_ART,2,B1
32,B1-STATE_ART,1364237278516830212,5,3,-0.16177981299460498,B1-STATE_ART-SCSA_PLUS_V3,9,-2.4758479532666846,B1-STATE_ART,-4,B1
32,B1-STATE_ART,1365618942501285888,6,2,-0.16178333314006887,B1-STATE_ART-SCSA_PLUS_V3,5,-1.5784184860366126,B1-STATE_ART,1,B1
32,B1-STATE_ART,1369320575945019399,7,3,-0.1619412835087755,B1-STATE_ART-SCSA_PLUS_V3,1,0.14345542229672897,B1-STATE_ART,6,B1
32,B1-STATE_ART,1365376371376205838,8,3,-0.16199332833098584,B1-STATE_ART-SCSA_PLUS_V3,7,-1.826179664320411,B1-STATE_ART,1,B1
32,B1-STATE_ART,1364974104491798530,9,3,-0.16210898244153016,B1-STATE_ART-SCSA_PLUS_V3,8,-2.0158543599750396,B1-STATE_ART,1,B1
32,B1-STATE_ART,1362748149853396993,10,3,-0.1621752849914065,B1-STATE_ART-SCSA_PLUS_V3,3,-0.9450849190104422,B1-STATE_ART,7,B1
33,B1-STATE_ART,1369343506939019269,1,4,-0.07302206326800191,B1-STATE_ART-SCSA_PLUS_V3,10,-4.283547532878784,B1-STATE_ART,-9,B1
33,B1-STATE_ART,1368856158010810369,2,4,-0.15874261562935563,B1-STATE_ART-SCSA_PLUS_V3,5,-0.7599573760882662,B1-STATE_ART,-3,B1
33,B1-STATE_ART,1369552733536219138,3,4,-0.15934151108356437,B1-STATE_ART-SCSA_PLUS_V3,6,-1.9965297315609636,B1-STATE_ART,-3,B1
33,B1-STATE_ART,1369113689845022721,4,2,-0.1601909963427916,B1-STATE_ART-SCSA_PLUS_V3,2,-0.5428874642491776,B1-STATE_ART,2,B1
33,B1-STATE_ART,1369207595785977860,5,4,-0.16059350863599461,B1-STATE_ART-SCSA_PLUS_V3,4,-0.6905950142437205,B1-STATE_ART,1,B1
33,B1-STATE_ART,1369598009084887043,6,3,-0.1607815135910037,B1-STATE_ART-SCSA_PLUS_V3,8,-3.052758107235024,B1-STATE_ART,-2,B1
33,B1-STATE_ART,1369590734672760836,7,4,-0.16134942942099798,B1-STATE_ART-SCSA_PLUS_V3,9,-3.42032150714393,B1-STATE_ART,-2,B1
33,B1-STATE_ART,1368835740529000449,8,4,-0.16166907853286147,B1-STATE_ART-SCSA_PLUS_V3,3,-0.6374802994299746,B1-STATE_ART,5,B1
33,B1-STATE_ART,1364311211194675203,9,3,-0.16189717494454375,B1-STATE_ART-SCSA_PLUS_V3,7,-2.8868218084625052,B1-STATE_ART,2,B1
33,B1-STATE_ART,1368978600964349955,10,4,-0.16197437230965633,B1-STATE_ART-SCSA_PLUS_V3,1,-0.29588233170081035,B1-STATE_ART,9,B1
34,B1-STATE_ART,1370098415938498560,1,4,-0.11364328425770914,B1-STATE_ART-SCSA_PLUS_V3,9,-3.166099934895694,B1-STATE_ART,-8,B1
34,B1-STATE_ART,1368856158010810369,2,3,-0.15874261562935563,B1-STATE_ART-SCSA_PLUS_V3,4,-0.7599573760882662,B1-STATE_ART,-2,B1
34,B1-STATE_ART,1369552733536219138,3,3,-0.15934151108356437,B1-STATE_ART-SCSA_PLUS_V3,7,-1.9965297315609636,B1-STATE_ART,-4,B1
34,B1-STATE_ART,1369500754000699392,4,3,-0.16093076764199196,B1-STATE_ART-SCSA_PLUS_V3,2,-0.5859263572522552,B1-STATE_ART,2,B1
34,B1-STATE_ART,1369590734672760836,5,4,-0.16134942942099798,B1-STATE_ART-SCSA_PLUS_V3,10,-3.42032150714393,B1-STATE_ART,-5,B1
34,B1-STATE_ART,1368835740529000449,6,4,-0.16166907853286147,B1-STATE_ART-SCSA_PLUS_V3,3,-0.6374802994299746,B1-STATE_ART,3,B1
34,B1-STATE_ART,1368607437310353408,7,2,-0.16185770546610834,B1-STATE_ART-SCSA_PLUS_V3,5,-0.969838106752718,B1-STATE_ART,2,B1
34,B1-STATE_ART,1364311211194675203,8,3,-0.16189717494454375,B1-STATE_ART-SCSA_PLUS_V3,8,-2.8868218084625052,B1-STATE_ART,0,B1
34,B1-STATE_ART,1369617111014924289,9,3,-0.1619011450258721,B1-STATE_ART-SCSA_PLUS_V3,6,-1.418934497720023,B1-STATE_ART,3,B1
34,B1-STATE_ART,1367190653269073930,10,5,-0.16263841006980048,B1-STATE_ART-SCSA_PLUS_V3,1,0.07515757311558072,B1-STATE_ART,9,B1
35,B1-STATE_ART,1366296962409123843,1,2,0.23760792033225775,B1-STATE_ART-SCSA_PLUS_V3,5,-0.26375845818186033,B1-STATE_ART,-4,B1
35,B1-STATE_ART,1332444252895404033,2,1,0.034544005021453376,B1-STATE_ART-SCSA_PLUS_V3,3,0.44581945340032114,B1-STATE_ART,-1,B1
35,B1-STATE_ART,1340976808989241344,3,2,-0.053862802763658714,B1-STATE_ART-SCSA_PLUS_V3,4,0.18494108179453922,B1-STATE_ART,-1,B1
35,B1-STATE_ART,1368939573586386945,4,2,-0.13616115006835702,B1-STATE_ART-SCSA_PLUS_V3,6,-0.3855286271234116,B1-STATE_ART,-2,B1
35,B1-STATE_ART,1365315694167011328,5,1,-0.1447961908659007,B1-STATE_ART-SCSA_PLUS_V3,1,3.3947765877631055,B1-STATE_ART,4,B1
35,B1-STATE_ART,1273723492186443782,6,3,-0.15241731574507783,B1-STATE_ART-SCSA_PLUS_V3,2,0.5911286676914459,B1-STATE_ART,4,B1
35,B1-STATE_ART,1367617268734164992,7,1,-0.16130753344735574,B1-STATE_ART-SCSA_PLUS_V3,10,-1.1559816142277908,B1-STATE_ART,-3,B1
35,B1-STATE_ART,1368776591388647424,8,1,-0.1616839137101712,B1-STATE_ART-SCSA_PLUS_V3,8,-0.8747698044017455,B1-STATE_ART,0,B1
35,B1-STATE_ART,1368954564133654529,9,1,-0.161778435863471,B1-STATE_ART-SCSA_PLUS_V3,9,-1.1168810292840277,B1-STATE_ART,0,B1
35,B1-STATE_ART,1352326523026632706,10,1,-0.16224901000434713,B1-STATE_ART-SCSA_PLUS_V3,7,-0.632907100687823,B1-STATE_ART,3,B1
36,B1-STATE_ART,1151160990995746816,1,5,1.4960720447607352,B1-STATE_ART-SCSA_PLUS_V3,2,2.6803080171746156,B1-STATE_ART,-1,B1
36,B1-STATE_ART,1367610810789326850,2,5,1.1697495289527238,B1-STATE_ART-SCSA_PLUS_V3,4,1.682295365404322,B1-STATE_ART,-2,B1
36,B1-STATE_ART,1365001111946420226,3,4,0.23600674980248346,B1-STATE_ART-SCSA_PLUS_V3,7,-0.2091319628623289,B1-STATE_ART,-4,B1
36,B1-STATE_ART,1326208392923410432,4,5,0.2252833998316758,B1-STATE_ART-SCSA_PLUS_V3,10,-0.5375426037794763,B1-STATE_ART,-6,B1
36,B1-STATE_ART,1341790679945670656,5,4,0.1491021037293476,B1-STATE_ART-SCSA_PLUS_V3,3,1.8273460591292416,B1-STATE_ART,2,B1
36,B1-STATE_ART,1312476369830338561,6,3,0.08477451933250409,B1-STATE_ART-SCSA_PLUS_V3,8,-0.34647744057306284,B1-STATE_ART,-2,B1
36,B1-STATE_ART,1357735941637603331,7,5,0.040685151554922756,B1-STATE_ART-SCSA_PLUS_V3,5,1.080132758295844,B1-STATE_ART,2,B1
36,B1-STATE_ART,1343240225129168898,8,5,-0.061083752410813714,B1-STATE_ART-SCSA_PLUS_V3,6,0.22265802149642508,B1-STATE_ART,2,B1
36,B1-STATE_ART,1350201158426648581,9,5,-0.10084335316289807,B1-STATE_ART-SCSA_PLUS_V3,9,-0.5118970098531083,B1-STATE_ART,0,B1
36,B1-STATE_ART,1337774207971684352,10,5,-0.1357564443531967,B1-STATE_ART-SCSA_PLUS_V3,1,3.1963956246636913,B1-STATE_ART,9,B1
37,B1-STATE_ART,1189330936300756992,1,2,8.665533945834879,B1-STATE_ART-SCSA_PLUS_V3,1,13.170337953166024,B1-STATE_ART,0,B1
37,B1-STATE_ART,1368703131652005888,2,4,1.6852254812758782,B1-STATE_ART-SCSA_PLUS_V3,2,5.997016009862429,B1-STATE_ART,0,B1
37,B1-STATE_ART,1333425556659064833,3,1,0.2766430750554002,B1-STATE_ART-SCSA_PLUS_V3,3,1.8337708556369567,B1-STATE_ART,0,B1
37,B1-STATE_ART,1338474408743215106,4,1,0.048777459279972006,B1-STATE_ART-SCSA_PLUS_V3,6,0.09508136245034038,B1-STATE_ART,-2,B1
37,B1-STATE_ART,1326902644322017281,5,4,0.007359269154729266,B1-STATE_ART-SCSA_PLUS_V3,10,-1.3294174972696615,B1-STATE_ART,-5,B1
37,B1-STATE_ART,1298591876963078146,6,1,-0.03391022231475111,B1-STATE_ART-SCSA_PLUS_V3,9,-0.7684689915695079,B1-STATE_ART,-3,B1
37,B1-STATE_ART,1368640454028386304,7,3,-0.13369346364290247,B1-STATE_ART-SCSA_PLUS_V3,8,-0.3956364526033211,B1-STATE_ART,-1,B1
37,B1-STATE_ART,1272338362909655040,8,1,-0.1618062307704627,B1-STATE_ART-SCSA_PLUS_V3,5,0.9637227190925146,B1-STATE_ART,3,B1
37,B1-STATE_ART,1357452896976179201,9,1,-0.1618152299194341,B1-STATE_ART-SCSA_PLUS_V3,7,-0.3527812204550397,B1-STATE_ART,2,B1
37,B1-STATE_ART,1365319660405678081,10,1,-0.16281019524891926,B1-STATE_ART-SCSA_PLUS_V3,4,1.4262248290423767,B1-STATE_ART,6,B1
38,B1-STATE_ART,1367766039254163458,1,5,-0.11345365407177016,B1-STATE_ART-SCSA_PLUS_V3,9,-0.8349463278321971,B1-STATE_ART,-8,B1
38,B1-STATE_ART,1369498799673065473,2,4,-0.132561109094336,B1-STATE_ART-SCSA_PLUS_V3,1,1.017755292367069,B1-STATE_ART,1,B1
38,B1-STATE_ART,1369038985188831234,3,5,-0.16175798563034016,B1-STATE_ART-SCSA_PLUS_V3,6,-0.0394326062734303,B1-STATE_ART,-3,B1
38,B1-STATE_ART,1368923387532369922,4,5,-0.161768199143044,B1-STATE_ART-SCSA_PLUS_V3,5,0.03525253446521034,B1-STATE_ART,-1,B1
38,B1-STATE_ART,1358819633629921283,5,5,-0.16232532613497258,B1-STATE_ART-SCSA_PLUS_V3,4,0.35429803554481765,B1-STATE_ART,1,B1
38,B1-STATE_ART,1368849083201359873,6,5,-0.16248103588957885,B1-STATE_ART-SCSA_PLUS_V3,7,-0.6107906268176222,B1-STATE_ART,-1,B1
38,B1-STATE_ART,1352325551621595136,7,5,-0.16248750793191596,B1-STATE_ART-SCSA_PLUS_V3,10,-1.094923362245103,B1-STATE_ART,-3,B1
38,B1-STATE_ART,1363564146948665347,8,4,-0.16248843678775332,B1-STATE_ART-SCSA_PLUS_V3,8,-0.7089250943951978,B1-STATE_ART,0,B1
38,B1-STATE_ART,1369214396489170946,9,5,-0.16264481772049189,B1-STATE_ART-SCSA_PLUS_V3,2,0.6572913423622382,B1-STATE_ART,7,B1
38,B1-STATE_ART,1368619226865471493,10,5,-0.16275538523384211,B1-STATE_ART-SCSA_PLUS_V3,3,0.5672811583171669,B1-STATE_ART,7,B1
39,B1-STATE_ART,1356685006916079616,1,2,0.8418451212746282,B1-STATE_ART-SCSA_PLUS_V3,1,5.0373112711364545,B1-STATE_ART,0,B1
39,B1-STATE_ART,1258788139159613441,2,2,0.5977320895726578,B1-STATE_ART-SCSA_PLUS_V3,8,-0.5481706622756389,B1-STATE_ART,-6,B1
39,B1-STATE_ART,1287526789707776000,3,2,0.10176055272520114,B1-STATE_ART-SCSA_PLUS_V3,4,0.41925136606536384,B1-STATE_ART,-1,B1
39,B1-STATE_ART,1252286536738934786,4,3,0.07627626642120623,B1-STATE_ART-SCSA_PLUS_V3,7,0.05468949603871581,B1-STATE_ART,-3,B1
39,B1-STATE_ART,1359863795586396168,5,4,-0.03428132666083891,B1-STATE_ART-SCSA_PLUS_V3,2,1.4151443169837419,B1-STATE_ART,3,B1
39,B1-STATE_ART,754011760257069056,6,5,-0.15104542810266156,B1-STATE_ART-SCSA_PLUS_V3,9,-0.7531911108398307,B1-STATE_ART,-3,B1
39,B1-STATE_ART,1291859496826843137,7,3,-0.15277662073141793,B1-STATE_ART-SCSA_PLUS_V3,3,0.5389831664469501,B1-STATE_ART,4,B1
39,B1-STATE_ART,425668533293289472,8,3,-0.15833761118049214,B1-STATE_ART-SCSA_PLUS_V3,6,0.11720135283024176,B1-STATE_ART,2,B1
39,B1-STATE_ART,1369362392749121542,9,4,-0.15909190896487796,B1-STATE_ART-SCSA_PLUS_V3,10,-1.2719221422094182,B1-STATE_ART,-1,B1
39,B1-STATE_ART,1364897061083127808,10,3,-0.16194941283486758,B1-STATE_ART-SCSA_PLUS_V3,5,0.1648247706578481,B1-STATE_ART,5,B1
40,B1-STATE_ART,1323342666361430019,1,5,-0.02578468175056935,B1-STATE_ART-SCSA_PLUS_V3,2,2.5110974373023884,B1-STATE_ART,-1,B1
40,B1-STATE_ART,1324782095177306119,2,5,-0.0863381050152591,B1-STATE_ART-SCSA_PLUS_V3,4,0.1816927741351839,B1-STATE_ART,-2,B1
40,B1-STATE_ART,1351182747721748487,3,1,-0.11617175643051754,B1-STATE_ART-SCSA_PLUS_V3,6,-0.3445846164891477,B1-STATE_ART,-3,B1
40,B1-STATE_ART,1337411829853802496,4,5,-0.12621051840308525,B1-STATE_ART-SCSA_PLUS_V3,1,2.807090947517097,B1-STATE_ART,3,B1
40,B1-STATE_ART,1360611979879186438,5,2,-0.14067630670321682,B1-STATE_ART-SCSA_PLUS_V3,8,-1.458541040359657,B1-STATE_ART,-3,B1
40,B1-STATE_ART,1311355905120690176,6,5,-0.14207911512168067,B1-STATE_ART-SCSA_PLUS_V3,3,0.2273151626602738,B1-STATE_ART,3,B1
40,B1-STATE_ART,1331202835334225920,7,1,-0.1464860632395715,B1-STATE_ART-SCSA_PLUS_V3,10,-2.769413109420777,B1-STATE_ART,-3,B1
40,B1-STATE_ART,1329846979401191424,8,1,-0.14782986186467756,B1-STATE_ART-SCSA_PLUS_V3,7,-1.3287725928777046,B1-STATE_ART,1,B1
40,B1-STATE_ART,1355908706026758144,9,5,-0.1495295008203516,B1-STATE_ART-SCSA_PLUS_V3,5,-0.06672190465654095,B1-STATE_ART,4,B1
40,B1-STATE_ART,1357369869222690817,10,2,-0.15748965105821766,B1-STATE_ART-SCSA_PLUS_V3,9,-1.6601643240569637,B1-STATE_ART,1,B1
41,B1-STATE_ART,1189330936300756992,1,5,8.665533945834879,B1-STATE_ART-SCSA_PLUS_V3,1,13.170337953166024,B1-STATE_ART,0,B1
41,B1-STATE_ART,1340930237819924480,2,2,5.1236805164148675,B1-STATE_ART-SCSA_PLUS_V3,2,9.902859095516977,B1-STATE_ART,0,B1
41,B1-STATE_ART,1346507839909445632,3,3,1.7391406210334235,B1-STATE_ART-SCSA_PLUS_V3,3,6.342778015633503,B1-STATE_ART,0,B1
41,B1-STATE_ART,1357382231816359939,4,2,0.5219354859555995,B1-STATE_ART-SCSA_PLUS_V3,4,4.560163422124346,B1-STATE_ART,0,B1
41,B1-STATE_ART,1326208392923410432,5,3,0.2252833998316758,B1-STATE_ART-SCSA_PLUS_V3,9,-0.5375426037794763,B1-STATE_ART,-4,B1
41,B1-STATE_ART,1367890477849210881,6,1,0.2128439147188041,B1-STATE_ART-SCSA_PLUS_V3,5,1.6758596376668151,B1-STATE_ART,1,B1
41,B1-STATE_ART,1338474408743215106,7,3,0.048777459279972006,B1-STATE_ART-SCSA_PLUS_V3,7,0.09508136245034038,B1-STATE_ART,0,B1
41,B1-STATE_ART,1331689113494446085,8,3,0.04061324203009344,B1-STATE_ART-SCSA_PLUS_V3,6,1.5891790465367919,B1-STATE_ART,2,B1
41,B1-STATE_ART,1298591876963078146,9,2,-0.03391022231475111,B1-STATE_ART-SCSA_PLUS_V3,10,-0.7684689915695079,B1-STATE_ART,-1,B1
41,B1-STATE_ART,1352028901229395970,10,1,-0.08515468224417,B1-STATE_ART-SCSA_PLUS_V3,8,-0.3235322204301623,B1-STATE_ART,2,B1
42,B1-STATE_ART,1342687407326580737,1,5,-0.05280695926630999,B1-STATE_ART-SCSA_PLUS_V3,3,1.2190395454062626,B1-STATE_ART,-2,B1
42,B1-STATE_ART,1368453072666521600,2,5,-0.14885968001924302,B1-STATE_ART-SCSA_PLUS_V3,1,3.4986854621363346,B1-STATE_ART,1,B1
42,B1-STATE_ART,1326177511684919300,3,2,-0.1557152185988639,B1-STATE_ART-SCSA_PLUS_V3,7,-0.5870196191146263,B1-STATE_ART,-4,B1
42,B1-STATE_ART,1363947240369229825,4,5,-0.1581696348289118,B1-STATE_ART-SCSA_PLUS_V3,10,-1.4767190497041776,B1-STATE_ART,-6,B1
42,B1-STATE_ART,1369362392749121542,5,1,-0.15909190896487796,B1-STATE_ART-SCSA_PLUS_V3,9,-1.2719221422094182,B1-STATE_ART,-4,B1
42,B1-STATE_ART,1369101047826841604,6,1,-0.1619469094177423,B1-STATE_ART-SCSA_PLUS_V3,8,-0.8621822944367853,B1-STATE_ART,-2,B1
42,B1-STATE_ART,1369148238138208257,7,1,-0.16273210472135455,B1-STATE_ART-SCSA_PLUS_V3,4,0.6643454696333345,B1-STATE_ART,3,B1
42,B1-STATE_ART,1369418368554569728,8,1,-0.16275123484225554,B1-STATE_ART-SCSA_PLUS_V3,6,0.003138505877785299,B1-STATE_ART,2,B1
42,B1-STATE_ART,1368116399097344003,9,5,-0.16326108690447083,B1-STATE_ART-SCSA_PLUS_V3,2,1.7033983699875097,B1-STATE_ART,7,B1
42,B1-STATE_ART,1313580109727584256,10,1,-0.16326108690447083,B1-STATE_ART-SCSA_PLUS_V3,5,0.13480255986719208,B1-STATE_ART,5,B1
43,B1-STATE_ART,1336324934688116743,1,2,4.678074264309584,B1-STATE_ART-SCSA_PLUS_V3,1,9.538332916572683,B1-STATE_ART,0,B1
43,B1-STATE_ART,1338944728969035776,2,2,2.8290470546723885,B1-STATE_ART-SCSA_PLUS_V3,2,8.347835854913901,B1-STATE_ART,0,B1
43,B1-STATE_ART,1360638198573981696,3,2,0.21530071809103263,B1-STATE_ART-SCSA_PLUS_V3,3,1.4013921108236589,B1-STATE_ART,0,B1
43,B1-STATE_ART,1354547483083329538,4,2,0.12348413678311981,B1-STATE_ART-SCSA_PLUS_V3,5,1.158327336507613,B1-STATE_ART,-1,B1
43,B1-STATE_ART,1366208806535892995,5,2,-0.12433690103121174,B1-STATE_ART-SCSA_PLUS_V3,9,-0.06491412132525541,B1-STATE_ART,-4,B1
43,B1-STATE_ART,1357714688994390016,6,2,-0.1307035773996101,B1-STATE_ART-SCSA_PLUS_V3,4,1.368166145710809,B1-STATE_ART,2,B1
43,B1-STATE_ART,1367946423736537089,7,2,-0.1367561813873199,B1-STATE_ART-SCSA_PLUS_V3,7,0.16001041994184395,B1-STATE_ART,0,B1
43,B1-STATE_ART,1363548342832218116,8,2,-0.14903146344835963,B1-STATE_ART-SCSA_PLUS_V3,10,-2.453300714766769,B1-STATE_ART,-2,B1
43,B1-STATE_ART,1359185296382779393,9,2,-0.15372430074002963,B1-STATE_ART-SCSA_PLUS_V3,6,1.0492517141005304,B1-STATE_ART,3,B1
43,B1-STATE_ART,1367629682439454722,10,2,-0.16046735611479634,B1-STATE_ART-SCSA_PLUS_V3,8,0.05196479390678189,B1-STATE_ART,2,B1
44,B1-STATE_ART,1356685006916079616,1,2,0.8418451212746282,B1-STATE_ART-SCSA_PLUS_V3,1,5.0373112711364545,B1-STATE_ART,0,B1
44,B1-STATE_ART,1258788139159613441,2,4,0.5977320895726578,B1-STATE_ART-SCSA_PLUS_V3,7,-0.5481706622756389,B1-STATE_ART,-5,B1
44,B1-STATE_ART,1253009440107720704,3,5,0.2634383523325531,B1-STATE_ART-SCSA_PLUS_V3,9,-1.4106629548114777,B1-STATE_ART,-6,B1
44,B1-STATE_ART,1326208392923410432,4,5,0.2252833998316758,B1-STATE_ART-SCSA_PLUS_V3,6,-0.5375426037794763,B1-STATE_ART,-2,B1
44,B1-STATE_ART,1287526789707776000,5,2,0.10176055272520114,B1-STATE_ART-SCSA_PLUS_V3,4,0.41925136606536384,B1-STATE_ART,1,B1
44,B1-STATE_ART,1359863795586396168,6,3,-0.03428132666083891,B1-STATE_ART-SCSA_PLUS_V3,2,1.4151443169837419,B1-STATE_ART,4,B1
44,B1-STATE_ART,1369343506939019269,7,3,-0.07302206326800191,B1-STATE_ART-SCSA_PLUS_V3,10,-4.283547532878784,B1-STATE_ART,-3,B1
44,B1-STATE_ART,1291859496826843137,8,4,-0.15277662073141793,B1-STATE_ART-SCSA_PLUS_V3,3,0.5389831664469501,B1-STATE_ART,5,B1
44,B1-STATE_ART,425668533293289472,9,3,-0.15833761118049214,B1-STATE_ART-SCSA_PLUS_V3,5,0.11720135283024176,B1-STATE_ART,4,B1
44,B1-STATE_ART,1369041862414241800,10,3,-0.16133553992955596,B1-STATE_ART-SCSA_PLUS_V3,8,-0.6873888329413294,B1-STATE_ART,2,B1
45,B1-STATE_ART,1310595678226219015,1,3,0.25695772733896677,B1-STATE_ART-SCSA_PLUS_V3,4,0.3445851462163963,B1-STATE_ART,-3,B1
45,B1-STATE_ART,1344344721506885641,2,3,0.22829928802995061,B1-STATE_ART-SCSA_PLUS_V3,1,1.5034071472862192,B1-STATE_ART,1,B1
45,B1-STATE_ART,1327627598726377475,3,4,0.05326403578698846,B1-STATE_ART-SCSA_PLUS_V3,10,-1.1866186313766625,B1-STATE_ART,-7,B1
45,B1-STATE_ART,1367430380463267844,4,3,-0.03405050352303936,B1-STATE_ART-SCSA_PLUS_V3,5,0.096577346030013,B1-STATE_ART,-1,B1
45,B1-STATE_ART,1345706642080493568,5,3,-0.04725316541817685,B1-STATE_ART-SCSA_PLUS_V3,2,1.3785785792104155,B1-STATE_ART,3,B1
45,B1-STATE_ART,1184016623394590721,6,4,-0.08119370887179778,B1-STATE_ART-SCSA_PLUS_V3,7,-0.13275819076217077,B1-STATE_ART,-1,B1
45,B1-STATE_ART,1365659227256098816,7,3,-0.10513444436692905,B1-STATE_ART-SCSA_PLUS_V3,9,-0.5542167588436386,B1-STATE_ART,-2,B1
45,B1-STATE_ART,1228653223269076992,8,3,-0.12212008344975642,B1-STATE_ART-SCSA_PLUS_V3,8,-0.22246443972091492,B1-STATE_ART,0,B1
45,B1-STATE_ART,1338619251050115072,9,2,-0.12950069183635732,B1-STATE_ART-SCSA_PLUS_V3,3,0.9633169172692301,B1-STATE_ART,6,B1
45,B1-STATE_ART,1361708535294255106,10,3,-0.156916900286406,B1-STATE_ART-SCSA_PLUS_V3,6,-0.03227444126704357,B1-STATE_ART,4,B1
46,B1-STATE_ART,1369343506939019269,1,3,-0.07302206326800191,B1-STATE_ART-SCSA_PLUS_V3,10,-4.283547532878784,B1-STATE_ART,-9,B1
46,B1-STATE_ART,1369483145129713665,2,4,-0.15130058887861259,B1-STATE_ART-SCSA_PLUS_V3,6,-1.598132151789689,B1-STATE_ART,-4,B1
46,B1-STATE_ART,1369482917248970754,3,3,-0.1571936824318297,B1-STATE_ART-SCSA_PLUS_V3,8,-2.6188814405076912,B1-STATE_ART,-5,B1
46,B1-STATE_ART,1368856158010810369,4,5,-0.15874261562935563,B1-STATE_ART-SCSA_PLUS_V3,4,-0.7599573760882662,B1-STATE_ART,0,B1
46,B1-STATE_ART,1369552733536219138,5,4,-0.15934151108356437,B1-STATE_ART-SCSA_PLUS_V3,7,-1.9965297315609636,B1-STATE_ART,-2,B1
46,B1-STATE_ART,1369590734672760836,6,4,-0.16134942942099798,B1-STATE_ART-SCSA_PLUS_V3,9,-3.42032150714393,B1-STATE_ART,-3,B1
46,B1-STATE_ART,1368835740529000449,7,4,-0.16166907853286147,B1-STATE_ART-SCSA_PLUS_V3,3,-0.6374802994299746,B1-STATE_ART,4,B1
46,B1-STATE_ART,1369038985188831234,8,3,-0.16175798563034016,B1-STATE_ART-SCSA_PLUS_V3,2,-0.0394326062734303,B1-STATE_ART,6,B1
46,B1-STATE_ART,1368923387532369922,9,3,-0.161768199143044,B1-STATE_ART-SCSA_PLUS_V3,1,0.03525253446521034,B1-STATE_ART,8,B1
46,B1-STATE_ART,1369619151506071561,10,3,-0.16201049690069844,B1-STATE_ART-SCSA_PLUS_V3,5,-1.5329383733351667,B1-STATE_ART,5,B1
47,B1-STATE_ART,1360638198573981696,1,2,0.21530071809103263,B1-STATE_ART-SCSA_PLUS_V3,1,1.4013921108236589,B1-STATE_ART,0,B1
47,B1-STATE_ART,1368116641360384005,2,5,0.1540072122964022,B1-STATE_ART-SCSA_PLUS_V3,2,1.0336780460128676,B1-STATE_ART,0,B1
47,B1-STATE_ART,1369007428696743936,3,5,-0.06514007578311623,B1-STATE_ART-SCSA_PLUS_V3,5,0.9191013736147325,B1-STATE_ART,-2,B1
47,B1-STATE_ART,1368577180557406208,4,5,-0.09915926616760418,B1-STATE_ART-SCSA_PLUS_V3,10,-0.8085114425867045,B1-STATE_ART,-6,B1
47,B1-STATE_ART,1368982192194519043,5,5,-0.11137224258701735,B1-STATE_ART-SCSA_PLUS_V3,9,-0.5012378444898195,B1-STATE_ART,-4,B1
47,B1-STATE_ART,1367557867260289032,6,5,-0.12410205409740827,B1-STATE_ART-SCSA_PLUS_V3,3,0.936474399197908,B1-STATE_ART,3,B1
47,B1-STATE_ART,1368157353695121412,7,5,-0.1423230193109685,B1-STATE_ART-SCSA_PLUS_V3,8,-0.28467870151674707,B1-STATE_ART,-1,B1
47,B1-STATE_ART,1367500677002452992,8,5,-0.16086586051394944,B1-STATE_ART-SCSA_PLUS_V3,7,0.029578142597141678,B1-STATE_ART,1,B1
47,B1-STATE_ART,1368241591299760129,9,5,-0.16173498876759054,B1-STATE_ART-SCSA_PLUS_V3,4,0.9194908069062582,B1-STATE_ART,5,B1
47,B1-STATE_ART,1369359775230812163,10,5,-0.16203142899373876,B1-STATE_ART-SCSA_PLUS_V3,6,0.08230358061246111,B1-STATE_ART,4,B1
48,B1-STATE_ART,1054037653379670016,1,2,-0.10574915919781376,B1-STATE_ART-SCSA_PLUS_V3,10,-2.3764638232361444,B1-STATE_ART,-9,B1
48,B1-STATE_ART,1349071385360887808,2,3,-0.15021704329366264,B1-STATE_ART-SCSA_PLUS_V3,3,0.04929200036340565,B1-STATE_ART,-1,B1
48,B1-STATE_ART,1369453000570310660,3,5,-0.1520162612032226,B1-STATE_ART-SCSA_PLUS_V3,9,-1.9768953152500979,B1-STATE_ART,-6,B1
48,B1-STATE_ART,1334986629560344579,4,2,-0.1555340402373831,B1-STATE_ART-SCSA_PLUS_V3,4,-0.17147641322548848,B1-STATE_ART,0,B1
48,B1-STATE_ART,1367487878259957765,5,2,-0.15722290649184475,B1-STATE_ART-SCSA_PLUS_V3,6,-0.5758766448272562,B1-STATE_ART,-1,B1
48,B1-STATE_ART,1253046974389067776,6,1,-0.1592097143571196,B1-STATE_ART-SCSA_PLUS_V3,7,-1.6191861186151213,B1-STATE_ART,-1,B1
48,B1-STATE_ART,1369559064485715968,7,5,-0.16023766738345246,B1-STATE_ART-SCSA_PLUS_V3,8,-1.863596428633656,B1-STATE_ART,-1,B1
48,B1-STATE_ART,1344756801242357768,8,5,-0.1624985107439488,B1-STATE_ART-SCSA_PLUS_V3,2,0.6414911183474923,B1-STATE_ART,6,B1
48,B1-STATE_ART,1299377724415500293,9,3,-0.1625302964786059,B1-STATE_ART-SCSA_PLUS_V3,5,-0.3429071807246088,B1-STATE_ART,4,B1
48,B1-STATE_ART,956689717608595456,10,2,-0.1628903113961111,B1-STATE_ART-SCSA_PLUS_V3,1,1.729102180317461,B1-STATE_ART,9,B1
49,B1-STATE_ART,1301614505823141888,1,5,-0.14104928411503745,B1-STATE_ART-SCSA_PLUS_V3,5,0.13947009376109779,B1-STATE_ART,-4,B1
49,B1-STATE_ART,1310279026741841922,2,5,-0.14361413031675652,B1-STATE_ART-SCSA_PLUS_V3,9,-0.6647707911230013,B1-STATE_ART,-7,B1
49,B1-STATE_ART,1187825368067117057,3,5,-0.1523297272657003,B1-STATE_ART-SCSA_PLUS_V3,3,0.860977016004805,B1-STATE_ART,0,B1
49,B1-STATE_ART,1253046974389067776,4,5,-0.1592097143571196,B1-STATE_ART-SCSA_PLUS_V3,10,-1.6191861186151213,B1-STATE_ART,-6,B1
49,B1-STATE_ART,1366842371724476422,5,1,-0.16053504033602886,B1-STATE_ART-SCSA_PLUS_V3,8,-0.6411171415202079,B1-STATE_ART,-3,B1
49,B1-STATE_ART,1357749874645749765,6,5,-0.16136944317938667,B1-STATE_ART-SCSA_PLUS_V3,2,1.1728208351791303,B1-STATE_ART,4,B1
49,B1-STATE_ART,1320101239363809280,7,1,-0.16159670973405496,B1-STATE_ART-SCSA_PLUS_V3,6,0.12272761943499232,B1-STATE_ART,1,B1
49,B1-STATE_ART,1344756801242357768,8,1,-0.1624985107439488,B1-STATE_ART-SCSA_PLUS_V3,4,0.6414911183474923,B1-STATE_ART,4,B1
49,B1-STATE_ART,1299377724415500293,9,2,-0.1625302964786059,B1-STATE_ART-SCSA_PLUS_V3,7,-0.3429071807246088,B1-STATE_ART,2,B1
49,B1-STATE_ART,956689717608595456,10,2,-0.1628903113961111,B1-STATE_ART-SCSA_PLUS_V3,1,1.729102180317461,B1-STATE_ART,9,B1
50,B1-STATE_ART,1326208392923410432,1,3,0.2252833998316758,B1-STATE_ART-SCSA_PLUS_V3,5,-0.5375426037794763,B1-STATE_ART,-4,B1
50,B1-STATE_ART,1367491019277799427,2,5,-0.06772542888453807,B1-STATE_ART-SCSA_PLUS_V3,3,0.4728792698057718,B1-STATE_ART,-1,B1
50,B1-STATE_ART,1369343506939019269,3,5,-0.07302206326800191,B1-STATE_ART-SCSA_PLUS_V3,9,-4.283547532878784,B1-STATE_ART,-6,B1
50,B1-STATE_ART,1342500356316667904,4,3,-0.11272570807485771,B1-STATE_ART-SCSA_PLUS_V3,4,-0.1906482909300221,B1-STATE_ART,0,B1
50,B1-STATE_ART,1369434342053806090,5,3,-0.14591667171681733,B1-STATE_ART-SCSA_PLUS_V3,10,-4.466303907616872,B1-STATE_ART,-5,B1
50,B1-STATE_ART,1369621841204088832,6,3,-0.15798662364497013,B1-STATE_ART-SCSA_PLUS_V3,2,0.5887587000796869,B1-STATE_ART,4,B1
50,B1-STATE_ART,1368939918727278599,7,5,-0.16058182977221921,B1-STATE_ART-SCSA_PLUS_V3,8,-1.667253183456757,B1-STATE_ART,-1,B1
50,B1-STATE_ART,1369597995499593729,8,4,-0.16157081967650033,B1-STATE_ART-SCSA_PLUS_V3,6,-0.5941581938485742,B1-STATE_ART,2,B1
50,B1-STATE_ART,1369614780676399108,9,3,-0.16186729286734614,B1-STATE_ART-SCSA_PLUS_V3,7,-1.3590627717563653,B1-STATE_ART,2,B1
50,B1-STATE_ART,1356659266732650498,10,5,-0.16269646615363442,B1-STATE_ART-SCSA_PLUS_V3,1,1.7366632911494624,B1-STATE_ART,9,B1
51,B1-STATE_ART,1189330936300756992,1,5,8.665533945834879,B1-STATE_ART-SCSA_PLUS_V3,1,13.170337953166024,B1-STATE_ART,0,B1
51,B1-STATE_ART,1326208392923410432,2,5,0.2252833998316758,B1-STATE_ART-SCSA_PLUS_V3,7,-0.5375426037794763,B1-STATE_ART,-5,B1
51,B1-STATE_ART,1338474408743215106,3,5,0.048777459279972006,B1-STATE_ART-SCSA_PLUS_V3,6,0.09508136245034038,B1-STATE_ART,-3,B1
51,B1-STATE_ART,1344946472618344448,4,5,-0.005257327787195,B1-STATE_ART-SCSA_PLUS_V3,4,0.2365670301230201,B1-STATE_ART,0,B1
51,B1-STATE_ART,1298591876963078146,5,5,-0.03391022231475111,B1-STATE_ART-SCSA_PLUS_V3,9,-0.7684689915695079,B1-STATE_ART,-4,B1
51,B1-STATE_ART,1367214902624980995,6,5,-0.06780699377343558,B1-STATE_ART-SCSA_PLUS_V3,5,0.22366468306659656,B1-STATE_ART,1,B1
51,B1-STATE_ART,1293138169832103936,7,2,-0.07510086080570703,B1-STATE_ART-SCSA_PLUS_V3,3,1.147161624515136,B1-STATE_ART,4,B1
51,B1-STATE_ART,1369362392749121542,8,1,-0.15909190896487796,B1-STATE_ART-SCSA_PLUS_V3,10,-1.2719221422094182,B1-STATE_ART,-2,B1
51,B1-STATE_ART,1366963364975452162,9,2,-0.16234924228183867,B1-STATE_ART-SCSA_PLUS_V3,8,-0.6725999993709812,B1-STATE_ART,1,B1
51,B1-STATE_ART,1356659266732650498,10,5,-0.16269646615363442,B1-STATE_ART-SCSA_PLUS_V3,2,1.7366632911494624,B1-STATE_ART,8,B1
53,B1-STATE_ART,1368652673935933450,1,1,-0.1169208101311051,B1-STATE_ART-SCSA_PLUS_V3,5,0.6319300318295278,B1-STATE_ART,-4,B1
53,B1-STATE_ART,1368561876972494852,2,1,-0.13362789159687696,B1-STATE_ART-SCSA_PLUS_V3,8,-0.3175344043116017,B1-STATE_ART,-6,B1
53,B1-STATE_ART,1366247302843621377,3,2,-0.1539387930543095,B1-STATE_ART-SCSA_PLUS_V3,3,0.8935276353892061,B1-STATE_ART,0,B1
53,B1-STATE_ART,1305204600228573184,4,1,-0.1563226198534057,B1-STATE_ART-SCSA_PLUS_V3,2,1.1665054357607916,B1-STATE_ART,2,B1
53,B1-STATE_ART,1367244848978227201,5,1,-0.1595111166607213,B1-STATE_ART-SCSA_PLUS_V3,10,-1.290159799963242,B1-STATE_ART,-5,B1
53,B1-STATE_ART,1366458502986694658,6,1,-0.159515647050704,B1-STATE_ART-SCSA_PLUS_V3,6,0.2461963297192633,B1-STATE_ART,0,B1
53,B1-STATE_ART,1368239051979943936,7,1,-0.16056075671266534,B1-STATE_ART-SCSA_PLUS_V3,4,0.8084508652749909,B1-STATE_ART,3,B1
53,B1-STATE_ART,1367323565008154630,8,1,-0.16059123179605447,B1-STATE_ART-SCSA_PLUS_V3,7,-0.20154466882629157,B1-STATE_ART,1,B1
53,B1-STATE_ART,1369040473008996353,9,3,-0.16211784274262164,B1-STATE_ART-SCSA_PLUS_V3,9,-0.41558265305254066,B1-STATE_ART,0,B1
53,B1-STATE_ART,1369025685893738496,10,1,-0.16247840010430456,B1-STATE_ART-SCSA_PLUS_V3,1,1.6294262729779347,B1-STATE_ART,9,B1
54,B1-STATE_ART,1326208392923410432,1,5,0.2252833998316758,B1-STATE_ART-SCSA_PLUS_V3,5,-0.5375426037794763,B1-STATE_ART,-4,B1
54,B1-STATE_ART,1273919207038693376,2,5,-0.014961174052412743,B1-STATE_ART-SCSA_PLUS_V3,4,-0.5058638219503542,B1-STATE_ART,-2,B1
54,B1-STATE_ART,1362454325876969478,3,1,-0.09777325577580408,B1-STATE_ART-SCSA_PLUS_V3,3,0.9689869357150426,B1-STATE_ART,0,B1
54,B1-STATE_ART,1368970511175151620,4,5,-0.15182811054251005,B1-STATE_ART-SCSA_PLUS_V3,7,-0.6739095973183776,B1-STATE_ART,-3,B1
54,B1-STATE_ART,1368976123896336389,5,5,-0.1587858982648942,B1-STATE_ART-SCSA_PLUS_V3,9,-0.9773135478342003,B1-STATE_ART,-4,B1
54,B1-STATE_ART,1369362392749121542,6,5,-0.15909190896487796,B1-STATE_ART-SCSA_PLUS_V3,10,-1.2719221422094182,B1-STATE_ART,-4,B1
54,B1-STATE_ART,1368971556320206848,7,2,-0.16152757037081866,B1-STATE_ART-SCSA_PLUS_V3,2,0.9799717957700771,B1-STATE_ART,5,B1
54,B1-STATE_ART,1367212796631416832,8,2,-0.16164367567422516,B1-STATE_ART-SCSA_PLUS_V3,8,-0.9619006245511822,B1-STATE_ART,0,B1
54,B1-STATE_ART,1366963364975452162,9,1,-0.16234924228183867,B1-STATE_ART-SCSA_PLUS_V3,6,-0.6725999993709812,B1-STATE_ART,3,B1
54,B1-STATE_ART,1356659266732650498,10,5,-0.16269646615363442,B1-STATE_ART-SCSA_PLUS_V3,1,1.7366632911494624,B1-STATE_ART,9,B1
55,B1-STATE_ART,1310279026741841922,1,4,-0.14361413031675652,B1-STATE_ART-SCSA_PLUS_V3,8,-0.6647707911230013,B1-STATE_ART,-7,B1
55,B1-STATE_ART,1368753671568322564,2,4,-0.14505161571355346,B1-STATE_ART-SCSA_PLUS_V3,3,0.6702083739371418,B1-STATE_ART,-1,B1
55,B1-STATE_ART,1368715397415964674,3,3,-0.1505829315625166,B1-STATE_ART-SCSA_PLUS_V3,4,0.22290177444916856,B1-STATE_ART,-1,B1
55,B1-STATE_ART,1366946573528100864,4,4,-0.15122879149384508,B1-STATE_ART-SCSA_PLUS_V3,2,0.9136806138483979,B1-STATE_ART,2,B1
55,B1-STATE_ART,1367479945686093825,5,5,-0.15374825342839618,B1-STATE_ART-SCSA_PLUS_V3,9,-0.9784782425408125,B1-STATE_ART,-4,B1
55,B1-STATE_ART,1367245903472558081,6,5,-0.15768864703809035,B1-STATE_ART-SCSA_PLUS_V3,10,-1.2137610634186142,B1-STATE_ART,-4,B1
55,B1-STATE_ART,1368607626494308354,7,5,-0.16081994534480257,B1-STATE_ART-SCSA_PLUS_V3,5,-0.044156965126390585,B1-STATE_ART,2,B1
55,B1-STATE_ART,1367225773166190592,8,5,-0.16118110649963685,B1-STATE_ART-SCSA_PLUS_V3,7,-0.6428230089747438,B1-STATE_ART,1,B1
55,B1-STATE_ART,1367170047081402380,9,4,-0.1626959818520871,B1-STATE_ART-SCSA_PLUS_V3,6,-0.35459981167226234,B1-STATE_ART,3,B1
55,B1-STATE_ART,956689717608595456,10,5,-0.1628903113961111,B1-STATE_ART-SCSA_PLUS_V3,1,1.729102180317461,B1-STATE_ART,9,B1
57,B1-STATE_ART,1323309743218282496,1,3,2.9489371638777055,B1-STATE_ART-SCSA_PLUS_V3,1,8.75816290810156,B1-STATE_ART,0,B1
57,B1-STATE_ART,1325467261239431170,2,5,1.7586405257397701,B1-STATE_ART-SCSA_PLUS_V3,4,3.3486694088103723,B1-STATE_ART,-2,B1
57,B1-STATE_ART,1257063194687832064,3,5,1.001491680767928,B1-STATE_ART-SCSA_PLUS_V3,2,5.0249374267358835,B1-STATE_ART,1,B1
57,B1-STATE_ART,1339313549626273793,4,3,0.5991356449380802,B1-STATE_ART-SCSA_PLUS_V3,5,0.44849726160563785,B1-STATE_ART,-1,B1
57,B1-STATE_ART,1291098932987269128,5,3,0.4576277144261145,B1-STATE_ART-SCSA_PLUS_V3,3,4.419577786546036,B1-STATE_ART,2,B1
57,B1-STATE_ART,1337159750644080645,6,3,-0.024781544283861083,B1-STATE_ART-SCSA_PLUS_V3,10,-0.706393219882062,B1-STATE_ART,-4,B1
57,B1-STATE_ART,1217178366597570560,7,2,-0.15496469674258012,B1-STATE_ART-SCSA_PLUS_V3,7,0.1121918781807825,B1-STATE_ART,0,B1
57,B1-STATE_ART,1369038985188831234,8,4,-0.16175798563034016,B1-STATE_ART-SCSA_PLUS_V3,9,-0.0394326062734303,B1-STATE_ART,-1,B1
57,B1-STATE_ART,1368923387532369922,9,4,-0.161768199143044,B1-STATE_ART-SCSA_PLUS_V3,8,0.03525253446521034,B1-STATE_ART,1,B1
57,B1-STATE_ART,762025473794867200,10,3,-0.162596560639553,B1-STATE_ART-SCSA_PLUS_V3,6,0.1443463434343396,B1-STATE_ART,4,B1
58,B1-STATE_ART,1360680119854104582,1,5,0.05047563715324429,B1-STATE_ART-SCSA_PLUS_V3,7,-0.8584769493003562,B1-STATE_ART,-6,B1
58,B1-STATE_ART,1369339704588570624,2,5,-0.026965619634701947,B1-STATE_ART-SCSA_PLUS_V3,6,-0.554480036175046,B1-STATE_ART,-4,B1
58,B1-STATE_ART,1368614821147598851,3,5,-0.06694871147427538,B1-STATE_ART-SCSA_PLUS_V3,5,-0.2628788092811815,B1-STATE_ART,-2,B1
58,B1-STATE_ART,1367128088832745476,4,5,-0.06998006006771965,B1-STATE_ART-SCSA_PLUS_V3,8,-1.0287567434234524,B1-STATE_ART,-4,B1
58,B1-STATE_ART,1362945064209575938,5,5,-0.13505944284221566,B1-STATE_ART-SCSA_PLUS_V3,9,-1.4295900588858244,B1-STATE_ART,-4,B1
58,B1-STATE_ART,1369015063705612288,6,5,-0.1434324146486657,B1-STATE_ART-SCSA_PLUS_V3,10,-2.5441242367319266,B1-STATE_ART,-4,B1
58,B1-STATE_ART,1366234614650478594,7,5,-0.15588144498202539,B1-STATE_ART-SCSA_PLUS_V3,2,1.0610663430298861,B1-STATE_ART,5,B1
58,B1-STATE_ART,1366239727402196996,8,5,-0.15674724721071373,B1-STATE_ART-SCSA_PLUS_V3,3,0.8929532322644167,B1-STATE_ART,5,B1
58,B1-STATE_ART,1315366562069700616,9,5,-0.1587034688188275,B1-STATE_ART-SCSA_PLUS_V3,1,1.3904025848950947,B1-STATE_ART,8,B1
58,B1-STATE_ART,1300100975793901569,10,5,-0.15887769033765878,B1-STATE_ART-SCSA_PLUS_V3,4,0.5663209426541804,B1-STATE_ART,6,B1
60,B1-STATE_ART,1326208392923410432,1,5,0.2252833998316758,B1-STATE_ART-SCSA_PLUS_V3,9,-0.5375426037794763,B1-STATE_ART,-8,B1
60,B1-STATE_ART,1273919207038693376,2,5,-0.014961174052412743,B1-STATE_ART-SCSA_PLUS_V3,8,-0.5058638219503542,B1-STATE_ART,-6,B1
60,B1-STATE_ART,1342394653887369216,3,5,-0.017492473245013726,B1-STATE_ART-SCSA_PLUS_V3,5,0.9104225594019006,B1-STATE_ART,-2,B1
60,B1-STATE_ART,1367214902624980995,4,5,-0.06780699377343558,B1-STATE_ART-SCSA_PLUS_V3,7,0.22366468306659656,B1-STATE_ART,-3,B1
60,B1-STATE_ART,1361000829247963141,5,5,-0.14971834430364847,B1-STATE_ART-SCSA_PLUS_V3,1,3.387020281071515,B1-STATE_ART,4,B1
60,B1-STATE_ART,1369362392749121542,6,5,-0.15909190896487796,B1-STATE_ART-SCSA_PLUS_V3,10,-1.2719221422094182,B1-STATE_ART,-4,B1
60,B1-STATE_ART,1369030162298400778,7,5,-0.16083226551576046,B1-STATE_ART-SCSA_PLUS_V3,6,0.5418508412101273,B1-STATE_ART,1,B1
60,B1-STATE_ART,1368760958261268480,8,5,-0.16221574105414122,B1-STATE_ART-SCSA_PLUS_V3,4,1.487829204802273,B1-STATE_ART,4,B1
60,B1-STATE_ART,1356659266732650498,9,5,-0.16269646615363442,B1-STATE_ART-SCSA_PLUS_V3,2,1.7366632911494624,B1-STATE_ART,7,B1
60,B1-STATE_ART,1367262209160736770,10,5,-0.16326108690447083,B1-STATE_ART-SCSA_PLUS_V3,3,1.7034003990610898,B1-STATE_ART,7,B1
61,B1-STATE_ART,1341013863110762496,1,3,0.9794157079964128,B1-STATE_ART-SCSA_PLUS_V3,3,0.9777437765336494,B1-STATE_ART,-2,B1
61,B1-STATE_ART,1326208392923410432,2,4,0.2252833998316758,B1-STATE_ART-SCSA_PLUS_V3,7,-0.5375426037794763,B1-STATE_ART,-5,B1
61,B1-STATE_ART,1250919345955446784,3,5,-0.06080188676314979,B1-STATE_ART-SCSA_PLUS_V3,5,-0.014786558296788831,B1-STATE_ART,-2,B1
61,B1-STATE_ART,1354051463190732800,4,4,-0.1354485332959967,B1-STATE_ART-SCSA_PLUS_V3,8,-1.0298279939882078,B1-STATE_ART,-4,B1
61,B1-STATE_ART,1242146375950675969,5,3,-0.16141196418194562,B1-STATE_ART-SCSA_PLUS_V3,10,-2.3604337892780833,B1-STATE_ART,-5,B1
61,B1-STATE_ART,1359645020974845952,6,5,-0.16178437056198136,B1-STATE_ART-SCSA_PLUS_V3,4,0.2947054304387985,B1-STATE_ART,2,B1
61,B1-STATE_ART,1358793588382052358,7,2,-0.16184104710178704,B1-STATE_ART-SCSA_PLUS_V3,2,1.0249641668091702,B1-STATE_ART,5,B1
61,B1-STATE_ART,1357058139720478731,8,4,-0.16235343968232094,B1-STATE_ART-SCSA_PLUS_V3,9,-1.2927577459645145,B1-STATE_ART,-1,B1
61,B1-STATE_ART,1369148165471969284,9,3,-0.16240694315223939,B1-STATE_ART-SCSA_PLUS_V3,6,-0.3713330380321657,B1-STATE_ART,3,B1
61,B1-STATE_ART,1356659266732650498,10,4,-0.16269646615363442,B1-STATE_ART-SCSA_PLUS_V3,1,1.7366632911494624,B1-STATE_ART,9,B1
62,B1-STATE_ART,1312476369830338561,1,4,0.08477451933250409,B1-STATE_ART-SCSA_PLUS_V3,6,-0.34647744057306284,B1-STATE_ART,-5,B1
62,B1-STATE_ART,1354081977062850561,2,4,-0.07713920594177347,B1-STATE_ART-SCSA_PLUS_V3,10,-1.3217999989738152,B1-STATE_ART,-8,B1
62,B1-STATE_ART,1362099968824254464,3,4,-0.12706296429765765,B1-STATE_ART-SCSA_PLUS_V3,7,-0.39973133343034284,B1-STATE_ART,-4,B1
62,B1-STATE_ART,1334706123971162115,4,4,-0.1320757840737022,B1-STATE_ART-SCSA_PLUS_V3,8,-0.47847121446422775,B1-STATE_ART,-4,B1
62,B1-STATE_ART,1198044435163967488,5,4,-0.13769793959647703,B1-STATE_ART-SCSA_PLUS_V3,1,0.6072563527988893,B1-STATE_ART,4,B1
62,B1-STATE_ART,1366478355558780939,6,4,-0.15636850244604816,B1-STATE_ART-SCSA_PLUS_V3,5,-0.2677269845711609,B1-STATE_ART,1,B1
62,B1-STATE_ART,1365346314956005378,7,4,-0.1567689906332183,B1-STATE_ART-SCSA_PLUS_V3,3,-0.13024120238018022,B1-STATE_ART,4,B1
62,B1-STATE_ART,1336808991792525325,8,4,-0.15754919111084767,B1-STATE_ART-SCSA_PLUS_V3,2,0.47488528866005664,B1-STATE_ART,6,B1
62,B1-STATE_ART,1336517598029213698,9,4,-0.160289883612536,B1-STATE_ART-SCSA_PLUS_V3,4,-0.21740143271338583,B1-STATE_ART,5,B1
62,B1-STATE_ART,1369374583598571524,10,4,-0.16226522832108464,B1-STATE_ART-SCSA_PLUS_V3,9,-0.9740671783939685,B1-STATE_ART,1,B1
63,B1-STATE_ART,1369343506939019269,1,2,-0.07302206326800191,B1-STATE_ART-SCSA_PLUS_V3,8,-4.283547532878784,B1-STATE_ART,-7,B1
63,B1-STATE_ART,1369343506939019269,1,2,-0.07302206326800191,B1-STATE_ART-SCSA_PLUS_V3,9,-4.283547532878784,B1-STATE_ART,-8,B1
63,B1-STATE_ART,1369343506939019269,2,1,-0.07302206326800191,B1-STATE_ART-SCSA_PLUS_V3,8,-4.283547532878784,B1-STATE_ART,-6,B1
63,B1-STATE_ART,1369343506939019269,2,1,-0.07302206326800191,B1-STATE_ART-SCSA_PLUS_V3,9,-4.283547532878784,B1-STATE_ART,-7,B1
63,B1-STATE_ART,1367766039254163458,3,3,-0.11345365407177016,B1-STATE_ART-SCSA_PLUS_V3,4,-0.8349463278321971,B1-STATE_ART,-1,B1
63,B1-STATE_ART,1369498799673065473,4,4,-0.132561109094336,B1-STATE_ART-SCSA_PLUS_V3,1,1.017755292367069,B1-STATE_ART,3,B1
63,B1-STATE_ART,1369281300453015552,5,1,-0.1336471140312251,B1-STATE_ART-SCSA_PLUS_V3,10,-8.823507300911277,B1-STATE_ART,-5,B1
63,B1-STATE_ART,1369490617592467456,6,1,-0.13830517228899977,B1-STATE_ART-SCSA_PLUS_V3,7,-3.996871779801021,B1-STATE_ART,-1,B1
63,B1-STATE_ART,1369242094217404419,7,2,-0.15181601129939953,B1-STATE_ART-SCSA_PLUS_V3,5,-1.9465721637060882,B1-STATE_ART,2,B1
63,B1-STATE_ART,1368848967086215169,8,3,-0.1534827693594637,B1-STATE_ART-SCSA_PLUS_V3,6,-2.7889361423011754,B1-STATE_ART,2,B1
63,B1-STATE_ART,1368856158010810369,9,5,-0.15874261562935563,B1-STATE_ART-SCSA_PLUS_V3,2,-0.7599573760882662,B1-STATE_ART,7,B1
63,B1-STATE_ART,1368856158010810369,9,5,-0.15874261562935563,B1-STATE_ART-SCSA_PLUS_V3,3,-0.7599573760882662,B1-STATE_ART,6,B1
63,B1-STATE_ART,1368856158010810369,10,5,-0.15874261562935563,B1-STATE_ART-SCSA_PLUS_V3,2,-0.7599573760882662,B1-STATE_ART,8,B1
63,B1-STATE_ART,1368856158010810369,10,5,-0.15874261562935563,B1-STATE_ART-SCSA_PLUS_V3,3,-0.7599573760882662,B1-STATE_ART,7,B1
66,B1-STATE_ART,1305852766850555904,1,5,1.5461000311361601,B1-STATE_ART-SCSA_PLUS_V3,1,3.148823872267598,B1-STATE_ART,0,B1
66,B1-STATE_ART,958350559177736194,2,4,0.5402519944868122,B1-STATE_ART-SCSA_PLUS_V3,2,3.081610643848053,B1-STATE_ART,0,B1
66,B1-STATE_ART,1330977426906689538,3,2,-0.14121838611265902,B1-STATE_ART-SCSA_PLUS_V3,7,0.41356197733851585,B1-STATE_ART,-4,B1
66,B1-STATE_ART,1355113743504584706,4,3,-0.15592220634577975,B1-STATE_ART-SCSA_PLUS_V3,5,0.618694452189642,B1-STATE_ART,-1,B1
66,B1-STATE_ART,1316030943174422528,5,2,-0.1579451729615373,B1-STATE_ART-SCSA_PLUS_V3,10,-3.130183381208236,B1-STATE_ART,-5,B1
66,B1-STATE_ART,1354775320658898944,6,2,-0.16136461111006142,B1-STATE_ART-SCSA_PLUS_V3,9,-2.088570439189631,B1-STATE_ART,-3,B1
66,B1-STATE_ART,423079851592257536,7,2,-0.16156749770648543,B1-STATE_ART-SCSA_PLUS_V3,8,-0.521039342071243,B1-STATE_ART,-1,B1
66,B1-STATE_ART,1356654923870572546,8,2,-0.161996946804255,B1-STATE_ART-SCSA_PLUS_V3,6,0.42589964846316,B1-STATE_ART,2,B1
66,B1-STATE_ART,1354993740562137089,9,3,-0.1627781076015847,B1-STATE_ART-SCSA_PLUS_V3,4,0.8019367591919462,B1-STATE_ART,5,B1
66,B1-STATE_ART,1361587149062082561,10,1,-0.16277957318982827,B1-STATE_ART-SCSA_PLUS_V3,3,1.7041880607792177,B1-STATE_ART,7,B1
68,B1-STATE_ART,1327659608903733249,1,5,0.1824647101351958,B1-STATE_ART-SCSA_PLUS_V3,2,0.916947969210367,B1-STATE_ART,-1,B1
68,B1-STATE_ART,1352380607314145283,2,5,-0.009043475023541102,B1-STATE_ART-SCSA_PLUS_V3,5,-0.0023350584078734187,B1-STATE_ART,-3,B1
68,B1-STATE_ART,1293655120706600960,3,4,-0.05503185752749789,B1-STATE_ART-SCSA_PLUS_V3,4,0.3329857379146048,B1-STATE_ART,-1,B1
68,B1-STATE_ART,1323278697466630145,4,5,-0.09282888638256448,B1-STATE_ART-SCSA_PLUS_V3,1,1.9678562465267357,B1-STATE_ART,3,B1
68,B1-STATE_ART,1354966674525597698,5,5,-0.10176788890149362,B1-STATE_ART-SCSA_PLUS_V3,6,-0.07826842115393862,B1-STATE_ART,-1,B1
68,B1-STATE_ART,1349392742212726785,6,5,-0.10617070775226269,B1-STATE_ART-SCSA_PLUS_V3,9,-0.6108199957691949,B1-STATE_ART,-3,B1
68,B1-STATE_ART,1357788145794887681,7,5,-0.1271946170200474,B1-STATE_ART-SCSA_PLUS_V3,10,-0.8239644777320091,B1-STATE_ART,-3,B1
68,B1-STATE_ART,1366187680472522754,8,5,-0.12724750580593022,B1-STATE_ART-SCSA_PLUS_V3,8,-0.4634289781982301,B1-STATE_ART,0,B1
68,B1-STATE_ART,1072571174180306945,9,4,-0.13716416283887084,B1-STATE_ART-SCSA_PLUS_V3,7,-0.23032639646074884,B1-STATE_ART,2,B1
68,B1-STATE_ART,1367207527079940101,10,5,-0.13876858827434468,B1-STATE_ART-SCSA_PLUS_V3,3,0.6510233244773918,B1-STATE_ART,7,B1
70,B1-STATE_ART,1369343506939019269,1,5,-0.07302206326800191,B1-STATE_ART-SCSA_PLUS_V3,10,-4.283547532878784,B1-STATE_ART,-9,B1
70,B1-STATE_ART,1369242094217404419,2,5,-0.15181601129939953,B1-STATE_ART-SCSA_PLUS_V3,5,-1.9465721637060882,B1-STATE_ART,-3,B1
70,B1-STATE_ART,1369440747641049091,3,4,-0.1523436656208824,B1-STATE_ART-SCSA_PLUS_V3,7,-2.7487596905131406,B1-STATE_ART,-4,B1
70,B1-STATE_ART,1370041595605753862,4,5,-0.1566575725784098,B1-STATE_ART-SCSA_PLUS_V3,4,-1.1539660629433568,B1-STATE_ART,0,B1
70,B1-STATE_ART,1369573257234550784,5,5,-0.15750876853268703,B1-STATE_ART-SCSA_PLUS_V3,8,-2.8857981845092118,B1-STATE_ART,-3,B1
70,B1-STATE_ART,1368856158010810369,6,5,-0.15874261562935563,B1-STATE_ART-SCSA_PLUS_V3,3,-0.7599573760882662,B1-STATE_ART,3,B1
70,B1-STATE_ART,1369552733536219138,7,5,-0.15934151108356437,B1-STATE_ART-SCSA_PLUS_V3,6,-1.9965297315609636,B1-STATE_ART,1,B1
70,B1-STATE_ART,1369590734672760836,8,5,-0.16134942942099798,B1-STATE_ART-SCSA_PLUS_V3,9,-3.42032150714393,B1-STATE_ART,-1,B1
70,B1-STATE_ART,1368835740529000449,9,5,-0.16166907853286147,B1-STATE_ART-SCSA_PLUS_V3,2,-0.6374802994299746,B1-STATE_ART,7,B1
70,B1-STATE_ART,1352326523026632706,10,5,-0.16224901000434713,B1-STATE_ART-SCSA_PLUS_V3,1,-0.632907100687823,B1-STATE_ART,9,B1
71,B1-STATE_ART,1189330936300756992,1,5,8.665533945834879,B1-STATE_ART-SCSA_PLUS_V3,1,13.170337953166024,B1-STATE_ART,0,B1
71,B1-STATE_ART,1151160990995746816,2,5,1.4960720447607352,B1-STATE_ART-SCSA_PLUS_V3,2,2.6803080171746156,B1-STATE_ART,0,B1
71,B1-STATE_ART,1326208392923410432,3,4,0.2252833998316758,B1-STATE_ART-SCSA_PLUS_V3,9,-0.5375426037794763,B1-STATE_ART,-6,B1
71,B1-STATE_ART,1312476369830338561,4,4,0.08477451933250409,B1-STATE_ART-SCSA_PLUS_V3,8,-0.34647744057306284,B1-STATE_ART,-4,B1
71,B1-STATE_ART,1338474408743215106,5,3,0.048777459279972006,B1-STATE_ART-SCSA_PLUS_V3,6,0.09508136245034038,B1-STATE_ART,-1,B1
71,B1-STATE_ART,1298591876963078146,6,3,-0.03391022231475111,B1-STATE_ART-SCSA_PLUS_V3,10,-0.7684689915695079,B1-STATE_ART,-4,B1
71,B1-STATE_ART,1343240225129168898,7,4,-0.061083752410813714,B1-STATE_ART-SCSA_PLUS_V3,4,0.22265802149642508,B1-STATE_ART,3,B1
71,B1-STATE_ART,1324784149241147394,8,3,-0.128387740406463,B1-STATE_ART-SCSA_PLUS_V3,5,0.11921737108571633,B1-STATE_ART,3,B1
71,B1-STATE_ART,1281615412459782145,9,5,-0.13445160845984058,B1-STATE_ART-SCSA_PLUS_V3,7,-0.18672637691078967,B1-STATE_ART,2,B1
71,B1-STATE_ART,1356659266732650498,10,5,-0.16269646615363442,B1-STATE_ART-SCSA_PLUS_V3,3,1.7366632911494624,B1-STATE_ART,7,B1
72,B1-STATE_ART,1346184604827279360,1,5,1.721602723904527,B1-STATE_ART-SCSA_PLUS_V3,1,0.9918927207591656,B1-STATE_ART,0,B1
72,B1-STATE_ART,1364248308781248517,2,5,-0.044525656194177164,B1-STATE_ART-SCSA_PLUS_V3,9,-2.9922225552244264,B1-STATE_ART,-7,B1
72,B1-STATE_ART,1369343506939019269,3,2,-0.07302206326800191,B1-STATE_ART-SCSA_PLUS_V3,10,-4.283547532878784,B1-STATE_ART,-7,B1
72,B1-STATE_ART,1298277043499462656,4,5,-0.07481849398208411,B1-STATE_ART-SCSA_PLUS_V3,7,-1.6522059267728006,B1-STATE_ART,-3,B1
72,B1-STATE_ART,1351256621993738240,5,5,-0.09755776234402448,B1-STATE_ART-SCSA_PLUS_V3,6,-1.6308114875617525,B1-STATE_ART,-1,B1
72,B1-STATE_ART,1364662601473429514,6,5,-0.10017914304333317,B1-STATE_ART-SCSA_PLUS_V3,2,-0.5879995472018709,B1-STATE_ART,4,B1
72,B1-STATE_ART,1329459194601193472,7,5,-0.12120245301333249,B1-STATE_ART-SCSA_PLUS_V3,8,-2.236040080719617,B1-STATE_ART,-1,B1
72,B1-STATE_ART,1364604015103778820,8,4,-0.12326222143909066,B1-STATE_ART-SCSA_PLUS_V3,5,-1.606627870694853,B1-STATE_ART,3,B1
72,B1-STATE_ART,1259963743716298754,9,3,-0.15509286506827794,B1-STATE_ART-SCSA_PLUS_V3,4,-1.6023397518753528,B1-STATE_ART,5,B1
72,B1-STATE_ART,1362476144830812161,10,4,-0.16216552622018202,B1-STATE_ART-SCSA_PLUS_V3,3,-1.0629216395261634,B1-STATE_ART,7,B1
73,B1-STATE_ART,1369498799673065473,1,2,-0.132561109094336,B1-STATE_ART-SCSA_PLUS_V3,1,1.017755292367069,B1-STATE_ART,0,B1
73,B1-STATE_ART,1367763412244172802,2,2,-0.15177666504085596,B1-STATE_ART-SCSA_PLUS_V3,6,-0.7914584273052133,B1-STATE_ART,-4,B1
73,B1-STATE_ART,968884303131234305,3,4,-0.15961720100715554,B1-STATE_ART-SCSA_PLUS_V3,5,-0.7563087666625942,B1-STATE_ART,-2,B1
73,B1-STATE_ART,1368988690211627016,4,3,-0.16123533742621707,B1-STATE_ART-SCSA_PLUS_V3,9,-1.8835034135021207,B1-STATE_ART,-5,B1
73,B1-STATE_ART,1369181799029571589,5,5,-0.16127547723699515,B1-STATE_ART-SCSA_PLUS_V3,10,-2.8459392183164636,B1-STATE_ART,-5,B1
73,B1-STATE_ART,1369031455695900677,6,4,-0.16184344809999132,B1-STATE_ART-SCSA_PLUS_V3,8,-0.9734611576625259,B1-STATE_ART,-2,B1
73,B1-STATE_ART,1369047712184889353,7,5,-0.1622863536388969,B1-STATE_ART-SCSA_PLUS_V3,7,-0.8175131716336613,B1-STATE_ART,0,B1
73,B1-STATE_ART,1369327333824430080,8,3,-0.16243098580301557,B1-STATE_ART-SCSA_PLUS_V3,2,0.3428254386224696,B1-STATE_ART,6,B1
73,B1-STATE_ART,1363564146948665347,9,3,-0.16248843678775332,B1-STATE_ART-SCSA_PLUS_V3,4,-0.7089250943951978,B1-STATE_ART,5,B1
73,B1-STATE_ART,1369416324275961858,10,5,-0.16249858171174356,B1-STATE_ART-SCSA_PLUS_V3,3,0.3339349334736719,B1-STATE_ART,7,B1
74,B1-STATE_ART,1369990624041140230,1,1,-0.1370351274936381,B1-STATE_ART-SCSA_PLUS_V3,10,-10.49050811591501,B1-STATE_ART,-9,B1
74,B1-STATE_ART,1369475640076996610,2,1,-0.15774437238167088,B1-STATE_ART-SCSA_PLUS_V3,9,-4.262195336095376,B1-STATE_ART,-7,B1
74,B1-STATE_ART,1370088400410324994,3,4,-0.1581974608344973,B1-STATE_ART-SCSA_PLUS_V3,8,-3.4718780461789986,B1-STATE_ART,-5,B1
74,B1-STATE_ART,1369552733536219138,4,5,-0.15934151108356437,B1-STATE_ART-SCSA_PLUS_V3,5,-1.9965297315609636,B1-STATE_ART,-1,B1
74,B1-STATE_ART,1369207595785977860,5,5,-0.16059350863599461,B1-STATE_ART-SCSA_PLUS_V3,4,-0.6905950142437205,B1-STATE_ART,1,B1
74,B1-STATE_ART,1369598009084887043,6,5,-0.1607815135910037,B1-STATE_ART-SCSA_PLUS_V3,7,-3.052758107235024,B1-STATE_ART,-1,B1
74,B1-STATE_ART,1368835740529000449,7,5,-0.16166907853286147,B1-STATE_ART-SCSA_PLUS_V3,3,-0.6374802994299746,B1-STATE_ART,4,B1
74,B1-STATE_ART,1369038985188831234,8,3,-0.16175798563034016,B1-STATE_ART-SCSA_PLUS_V3,2,-0.0394326062734303,B1-STATE_ART,6,B1
74,B1-STATE_ART,1368923387532369922,9,3,-0.161768199143044,B1-STATE_ART-SCSA_PLUS_V3,1,0.03525253446521034,B1-STATE_ART,8,B1
74,B1-STATE_ART,1364311211194675203,10,4,-0.16189717494454375,B1-STATE_ART-SCSA_PLUS_V3,6,-2.8868218084625052,B1-STATE_ART,4,B1
76,B1-STATE_ART,1322665368108716033,1,3,12.445718664255494,B1-STATE_ART-SCSA_PLUS_V3,1,20.032721698782023,B1-STATE_ART,0,B1
76,B1-STATE_ART,1349748316901310464,2,2,4.314829829320331,B1-STATE_ART-SCSA_PLUS_V3,2,8.5365548680521,B1-STATE_ART,0,B1
76,B1-STATE_ART,1338944728969035776,3,4,2.8290470546723885,B1-STATE_ART-SCSA_PLUS_V3,3,8.347835854913901,B1-STATE_ART,0,B1
76,B1-STATE_ART,1357382231816359939,4,3,0.5219354859555995,B1-STATE_ART-SCSA_PLUS_V3,4,4.560163422124346,B1-STATE_ART,0,B1
76,B1-STATE_ART,1360638198573981696,5,3,0.21530071809103263,B1-STATE_ART-SCSA_PLUS_V3,6,1.4013921108236589,B1-STATE_ART,-1,B1
76,B1-STATE_ART,1331756802078334982,6,2,0.10797655313698663,B1-STATE_ART-SCSA_PLUS_V3,10,-0.6510230207688888,B1-STATE_ART,-4,B1
76,B1-STATE_ART,1366222136591872000,7,3,-0.09541260437343473,B1-STATE_ART-SCSA_PLUS_V3,7,0.21305203699800618,B1-STATE_ART,0,B1
76,B1-STATE_ART,1354853026545102849,8,2,-0.11427825241800951,B1-STATE_ART-SCSA_PLUS_V3,5,1.4357947225928578,B1-STATE_ART,3,B1
76,B1-STATE_ART,1367946423736537089,9,4,-0.1367561813873199,B1-STATE_ART-SCSA_PLUS_V3,8,0.16001041994184395,B1-STATE_ART,1,B1
76,B1-STATE_ART,1369095591607865347,10,2,-0.15394635345067015,B1-STATE_ART-SCSA_PLUS_V3,9,-0.16336369364272832,B1-STATE_ART,1,B1
77,B1-STATE_ART,1369552733536219138,1,3,-0.15934151108356437,B1-STATE_ART-SCSA_PLUS_V3,8,-1.9965297315609636,B1-STATE_ART,-7,B1
77,B1-STATE_ART,1366588589191147526,2,4,-0.1597327900212887,B1-STATE_ART-SCSA_PLUS_V3,6,-1.0527184597946182,B1-STATE_ART,-4,B1
77,B1-STATE_ART,1369598009084887043,3,4,-0.1607815135910037,B1-STATE_ART-SCSA_PLUS_V3,10,-3.052758107235024,B1-STATE_ART,-7,B1
77,B1-STATE_ART,1368835740529000449,4,4,-0.16166907853286147,B1-STATE_ART-SCSA_PLUS_V3,5,-0.6374802994299746,B1-STATE_ART,-1,B1
77,B1-STATE_ART,1369038985188831234,5,2,-0.16175798563034016,B1-STATE_ART-SCSA_PLUS_V3,2,-0.0394326062734303,B1-STATE_ART,3,B1
77,B1-STATE_ART,1368923387532369922,6,5,-0.161768199143044,B1-STATE_ART-SCSA_PLUS_V3,1,0.03525253446521034,B1-STATE_ART,5,B1
77,B1-STATE_ART,1364311211194675203,7,3,-0.16189717494454375,B1-STATE_ART-SCSA_PLUS_V3,9,-2.8868218084625052,B1-STATE_ART,-2,B1
77,B1-STATE_ART,1354908861572935681,8,5,-0.1623538622412656,B1-STATE_ART-SCSA_PLUS_V3,3,-0.339568856819857,B1-STATE_ART,5,B1
77,B1-STATE_ART,1352325551621595136,9,4,-0.16248750793191596,B1-STATE_ART-SCSA_PLUS_V3,7,-1.094923362245103,B1-STATE_ART,2,B1
77,B1-STATE_ART,1328394654375698433,10,4,-0.16253144692549706,B1-STATE_ART-SCSA_PLUS_V3,4,-0.44189252319044564,B1-STATE_ART,6,B1
78,B1-STATE_ART,1368204280629444611,1,1,-0.12210487594745807,B1-STATE_ART-SCSA_PLUS_V3,8,-0.5337293855725594,B1-STATE_ART,-7,B1
78,B1-STATE_ART,1368686691452608517,2,1,-0.13612992367145657,B1-STATE_ART-SCSA_PLUS_V3,3,1.484652040181768,B1-STATE_ART,-1,B1
78,B1-STATE_ART,1367339191961489408,3,3,-0.13920631472129352,B1-STATE_ART-SCSA_PLUS_V3,6,0.6665411101856094,B1-STATE_ART,-3,B1
78,B1-STATE_ART,1367318893191196674,4,1,-0.1519413478927967,B1-STATE_ART-SCSA_PLUS_V3,1,2.9965241219418286,B1-STATE_ART,3,B1
78,B1-STATE_ART,1367307559640571904,5,1,-0.15437807042762092,B1-STATE_ART-SCSA_PLUS_V3,5,1.0913334157536063,B1-STATE_ART,0,B1
78,B1-STATE_ART,1366609467803074561,6,3,-0.15500142121555166,B1-STATE_ART-SCSA_PLUS_V3,7,-0.37599144167862264,B1-STATE_ART,-1,B1
78,B1-STATE_ART,1367295348574728194,7,3,-0.15557936486204413,B1-STATE_ART-SCSA_PLUS_V3,2,2.4570249915688205,B1-STATE_ART,5,B1
78,B1-STATE_ART,1366894541475696640,8,1,-0.15902491291863535,B1-STATE_ART-SCSA_PLUS_V3,4,1.0953408488869631,B1-STATE_ART,4,B1
78,B1-STATE_ART,1367486237574123525,9,3,-0.16065052523563828,B1-STATE_ART-SCSA_PLUS_V3,9,-1.215586959683529,B1-STATE_ART,0,B1
78,B1-STATE_ART,1369407651914932229,10,1,-0.16141774468151696,B1-STATE_ART-SCSA_PLUS_V3,10,-2.1676618413419506,B1-STATE_ART,0,B1
79,B1-STATE_ART,1324424895749652481,1,3,0.24094072005846046,B1-STATE_ART-SCSA_PLUS_V3,2,2.328891349333935,B1-STATE_ART,-1,B1
79,B1-STATE_ART,1341790679945670656,2,5,0.1491021037293476,B1-STATE_ART-SCSA_PLUS_V3,3,1.8273460591292416,B1-STATE_ART,-1,B1
79,B1-STATE_ART,1360011987493789696,3,2,-0.1300664378202662,B1-STATE_ART-SCSA_PLUS_V3,7,0.11676496833616265,B1-STATE_ART,-4,B1
79,B1-STATE_ART,1292597118763319296,4,5,-0.1429053725721892,B1-STATE_ART-SCSA_PLUS_V3,6,0.26534577650120783,B1-STATE_ART,-2,B1
79,B1-STATE_ART,1322229311718494210,5,3,-0.14381362108733106,B1-STATE_ART-SCSA_PLUS_V3,9,0.10455876759935788,B1-STATE_ART,-4,B1
79,B1-STATE_ART,1307137727067029506,6,2,-0.14720377118742553,B1-STATE_ART-SCSA_PLUS_V3,4,1.2530573642855916,B1-STATE_ART,2,B1
79,B1-STATE_ART,1361735737411067909,7,4,-0.1488361764426219,B1-STATE_ART-SCSA_PLUS_V3,8,0.11641009087504564,B1-STATE_ART,-1,B1
79,B1-STATE_ART,1365017631321858052,8,2,-0.1493892911028487,B1-STATE_ART-SCSA_PLUS_V3,10,-0.880867451643703,B1-STATE_ART,-2,B1
79,B1-STATE_ART,1354523590742446080,9,3,-0.14981801375807038,B1-STATE_ART-SCSA_PLUS_V3,5,0.9335485961952211,B1-STATE_ART,4,B1
79,B1-STATE_ART,1362841895030968326,10,4,-0.1627717450307724,B1-STATE_ART-SCSA_PLUS_V3,1,3.3660194823597203,B1-STATE_ART,9,B1
81,B1-STATE_ART,1368299640421052423,1,5,-0.018986574770647687,B1-STATE_ART-SCSA_PLUS_V3,7,0.07720292042365386,B1-STATE_ART,-6,B1
81,B1-STATE_ART,1368225636993691649,2,5,-0.05227152066488182,B1-STATE_ART-SCSA_PLUS_V3,2,1.0791217379824911,B1-STATE_ART,0,B1
81,B1-STATE_ART,1369267106215235589,3,5,-0.07316813842162638,B1-STATE_ART-SCSA_PLUS_V3,1,2.742112904871804,B1-STATE_ART,2,B1
81,B1-STATE_ART,1367112526647934977,4,5,-0.13059724273869433,B1-STATE_ART-SCSA_PLUS_V3,6,0.42876298834245624,B1-STATE_ART,-2,B1
81,B1-STATE_ART,1366505349386240005,5,5,-0.13389041032410864,B1-STATE_ART-SCSA_PLUS_V3,3,1.0699669298150911,B1-STATE_ART,2,B1
81,B1-STATE_ART,1368637578694524931,6,5,-0.14831847290906688,B1-STATE_ART-SCSA_PLUS_V3,10,-0.7968816914541796,B1-STATE_ART,-4,B1
81,B1-STATE_ART,1369403796443570180,7,5,-0.1514899001564155,B1-STATE_ART-SCSA_PLUS_V3,4,0.855208238191629,B1-STATE_ART,3,B1
81,B1-STATE_ART,1369226708763746305,8,3,-0.15493602404004575,B1-STATE_ART-SCSA_PLUS_V3,5,0.7468132783403494,B1-STATE_ART,3,B1
81,B1-STATE_ART,1368844528170500098,9,5,-0.15946277995206798,B1-STATE_ART-SCSA_PLUS_V3,9,-0.5040993592243495,B1-STATE_ART,0,B1
81,B1-STATE_ART,1367226152549577157,10,5,-0.16220261040379144,B1-STATE_ART-SCSA_PLUS_V3,8,-0.019151674988154524,B1-STATE_ART,2,B1
1,CS-STATE_ART,1369010885075812352,1,4,-0.1312259051124595,CS-STATE_ART-SCSA_PLUS_V3,8,-1.120242540415161,CS-STATE_ART,-7,CS
1,CS-STATE_ART,1370144518100684802,2,3,-0.15548278557936632,CS-STATE_ART-SCSA_PLUS_V3,9,-1.697895933304886,CS-STATE_ART,-7,CS
1,CS-STATE_ART,1369253885932617735,3,3,-0.15580200548993606,CS-STATE_ART-SCSA_PLUS_V3,1,0.16210169300692018,CS-STATE_ART,2,CS
1,CS-STATE_ART,1369281593693646851,4,4,-0.1561199717744623,CS-STATE_ART-SCSA_PLUS_V3,6,-0.5567704328496197,CS-STATE_ART,-2,CS
1,CS-STATE_ART,1369483207935225856,5,3,-0.1567145788502301,CS-STATE_ART-SCSA_PLUS_V3,3,-0.12458147943161389,CS-STATE_ART,2,CS
1,CS-STATE_ART,1368604102989541376,6,4,-0.15762070537052023,CS-STATE_ART-SCSA_PLUS_V3,2,0.15492941898078222,CS-STATE_ART,4,CS
1,CS-STATE_ART,1369388544003895298,7,5,-0.15844609982773442,CS-STATE_ART-SCSA_PLUS_V3,4,-0.41989933004707225,CS-STATE_ART,3,CS
1,CS-STATE_ART,1369460811760988160,8,5,-0.1597057666735173,CS-STATE_ART-SCSA_PLUS_V3,10,-3.372878904360285,CS-STATE_ART,-2,CS
1,CS-STATE_ART,1369439516679942144,9,5,-0.15983409450081992,CS-STATE_ART-SCSA_PLUS_V3,5,-0.5101233133293812,CS-STATE_ART,4,CS
1,CS-STATE_ART,1369523963974549504,10,5,-0.16017386526778174,CS-STATE_ART-SCSA_PLUS_V3,7,-0.8610845985706738,CS-STATE_ART,3,CS
2,CS-STATE_ART,1369985018878169089,1,3,0.1545866937368472,CS-STATE_ART-SCSA_PLUS_V3,7,-1.5986233507903695,CS-STATE_ART,-6,CS
2,CS-STATE_ART,1370003953598013450,2,3,-0.14884030324216274,CS-STATE_ART-SCSA_PLUS_V3,2,-0.5469184958630754,CS-STATE_ART,0,CS
2,CS-STATE_ART,1369037711324119046,3,4,-0.1499696551205348,CS-STATE_ART-SCSA_PLUS_V3,4,-1.0019732594858664,CS-STATE_ART,-1,CS
2,CS-STATE_ART,1369511733975515142,4,2,-0.1501932261198858,CS-STATE_ART-SCSA_PLUS_V3,10,-3.0841854482696602,CS-STATE_ART,-6,CS
2,CS-STATE_ART,1369578871478235143,5,5,-0.15698799876889374,CS-STATE_ART-SCSA_PLUS_V3,3,-0.7935402223417957,CS-STATE_ART,2,CS
2,CS-STATE_ART,1369471231448158208,6,4,-0.1586723414830121,CS-STATE_ART-SCSA_PLUS_V3,5,-1.050456844979202,CS-STATE_ART,1,CS
2,CS-STATE_ART,1369271770960850949,7,3,-0.15999953184797694,CS-STATE_ART-SCSA_PLUS_V3,9,-2.62509388397461,CS-STATE_ART,-2,CS
2,CS-STATE_ART,1369382859534897161,8,3,-0.1600141218049419,CS-STATE_ART-SCSA_PLUS_V3,6,-1.1844705846700372,CS-STATE_ART,2,CS
2,CS-STATE_ART,1370128693662785544,9,4,-0.1606918941059832,CS-STATE_ART-SCSA_PLUS_V3,8,-2.3396043173287446,CS-STATE_ART,1,CS
2,CS-STATE_ART,1369610663547518978,10,4,-0.16142881385798638,CS-STATE_ART-SCSA_PLUS_V3,1,-0.11527531187337133,CS-STATE_ART,9,CS
3,CS-STATE_ART,1342995722761695232,1,2,-0.13985641625602072,CS-STATE_ART-SCSA_PLUS_V3,1,3.397672116656337,CS-STATE_ART,0,CS
3,CS-STATE_ART,1368659881260032001,2,3,-0.1550910437292035,CS-STATE_ART-SCSA_PLUS_V3,8,-0.35919559302339044,CS-STATE_ART,-6,CS
3,CS-STATE_ART,1240704016046116865,3,4,-0.15772454665633917,CS-STATE_ART-SCSA_PLUS_V3,10,-0.9485508013733733,CS-STATE_ART,-7,CS
3,CS-STATE_ART,1306742315667529729,4,3,-0.15828427830524278,CS-STATE_ART-SCSA_PLUS_V3,7,-0.22880435111959732,CS-STATE_ART,-3,CS
3,CS-STATE_ART,1180250671905263616,5,2,-0.15953714332227037,CS-STATE_ART-SCSA_PLUS_V3,9,-0.6238858122035484,CS-STATE_ART,-4,CS
3,CS-STATE_ART,1256258912866766851,6,4,-0.15969958963935377,CS-STATE_ART-SCSA_PLUS_V3,5,0.044092318081735235,CS-STATE_ART,1,CS
3,CS-STATE_ART,1324916905954652168,7,3,-0.1608864516450352,CS-STATE_ART-SCSA_PLUS_V3,3,1.4890428256725203,CS-STATE_ART,4,CS
3,CS-STATE_ART,1323456695725625344,8,3,-0.1611353859989065,CS-STATE_ART-SCSA_PLUS_V3,2,2.4433278456040037,CS-STATE_ART,6,CS
3,CS-STATE_ART,1153306430100910080,9,3,-0.16180447160572273,CS-STATE_ART-SCSA_PLUS_V3,4,0.5940480551648382,CS-STATE_ART,5,CS
3,CS-STATE_ART,1318297870315839488,10,2,-0.16241537599152567,CS-STATE_ART-SCSA_PLUS_V3,6,-0.006292767634959647,CS-STATE_ART,4,CS
4,CS-STATE_ART,1369456737070313476,1,2,-0.14760439812650908,CS-STATE_ART-SCSA_PLUS_V3,9,-2.915617906676103,CS-STATE_ART,-8,CS
4,CS-STATE_ART,1369506070989836290,2,3,-0.15064116679001896,CS-STATE_ART-SCSA_PLUS_V3,10,-3.1539447534004323,CS-STATE_ART,-8,CS
4,CS-STATE_ART,1370053184589299724,3,2,-0.15636592891265136,CS-STATE_ART-SCSA_PLUS_V3,5,-0.7396506724982814,CS-STATE_ART,-2,CS
4,CS-STATE_ART,1369600439239458820,4,4,-0.15639876071727318,CS-STATE_ART-SCSA_PLUS_V3,6,-1.3282593773372822,CS-STATE_ART,-2,CS
4,CS-STATE_ART,1369525973302079490,5,4,-0.15642399629474465,CS-STATE_ART-SCSA_PLUS_V3,1,0.013534963663559883,CS-STATE_ART,4,CS
4,CS-STATE_ART,1369049581208670208,6,4,-0.15896067066677197,CS-STATE_ART-SCSA_PLUS_V3,3,-0.5035396316516971,CS-STATE_ART,3,CS
4,CS-STATE_ART,1369563595978252291,7,1,-0.15947007571244065,CS-STATE_ART-SCSA_PLUS_V3,2,-0.3827666187051784,CS-STATE_ART,5,CS
4,CS-STATE_ART,1369337073463885828,8,4,-0.15952589940535342,CS-STATE_ART-SCSA_PLUS_V3,7,-1.6624673501287082,CS-STATE_ART,1,CS
4,CS-STATE_ART,1369113689845022721,9,2,-0.1601909963427916,CS-STATE_ART-SCSA_PLUS_V3,4,-0.5428874642491776,CS-STATE_ART,5,CS
4,CS-STATE_ART,1369275546044162051,10,5,-0.16046252255943885,CS-STATE_ART-SCSA_PLUS_V3,8,-2.709416827891645,CS-STATE_ART,2,CS
5,CS-STATE_ART,1368685627303223297,1,3,-0.12968128148138236,CS-STATE_ART-SCSA_PLUS_V3,10,-9.947933245675085,CS-STATE_ART,-9,CS
5,CS-STATE_ART,1369503478880612357,2,5,-0.1462456190780128,CS-STATE_ART-SCSA_PLUS_V3,9,-4.325651943048989,CS-STATE_ART,-7,CS
5,CS-STATE_ART,1369377514930507782,3,5,-0.15513722376102515,CS-STATE_ART-SCSA_PLUS_V3,8,-2.3690665141978586,CS-STATE_ART,-5,CS
5,CS-STATE_ART,1370004858464534529,4,3,-0.15528272065968,CS-STATE_ART-SCSA_PLUS_V3,7,-1.8369324425027171,CS-STATE_ART,-3,CS
5,CS-STATE_ART,1369468594891948038,5,3,-0.15763462631194478,CS-STATE_ART-SCSA_PLUS_V3,5,-1.2141752210619037,CS-STATE_ART,0,CS
5,CS-STATE_ART,1369430816389033988,6,5,-0.1579484923492495,CS-STATE_ART-SCSA_PLUS_V3,4,-1.2107357793819966,CS-STATE_ART,2,CS
5,CS-STATE_ART,1369351763355201542,7,4,-0.15994690774123857,CS-STATE_ART-SCSA_PLUS_V3,1,-0.14972102647628982,CS-STATE_ART,6,CS
5,CS-STATE_ART,1369438777127624709,8,4,-0.16065420218775184,CS-STATE_ART-SCSA_PLUS_V3,6,-1.3890144260200192,CS-STATE_ART,2,CS
5,CS-STATE_ART,1369611245616250880,9,5,-0.1617706840021739,CS-STATE_ART-SCSA_PLUS_V3,3,-0.8610935116277678,CS-STATE_ART,6,CS
5,CS-STATE_ART,1369336610681159680,10,5,-0.16234947741853117,CS-STATE_ART-SCSA_PLUS_V3,2,-0.7538626348488545,CS-STATE_ART,8,CS
6,CS-STATE_ART,1204026434739691520,1,5,0.8183232520730329,CS-STATE_ART-SCSA_PLUS_V3,4,0.9646151133363982,CS-STATE_ART,-3,CS
6,CS-STATE_ART,1197158580333535232,2,4,0.27392409303898263,CS-STATE_ART-SCSA_PLUS_V3,3,1.007610693569276,CS-STATE_ART,-1,CS
6,CS-STATE_ART,1219085119971000320,3,3,0.2705565788096393,CS-STATE_ART-SCSA_PLUS_V3,2,1.129077222369646,CS-STATE_ART,1,CS
6,CS-STATE_ART,1349775316366090242,4,2,-0.08745331587264027,CS-STATE_ART-SCSA_PLUS_V3,5,0.3437537516785507,CS-STATE_ART,-1,CS
6,CS-STATE_ART,1340053176150614025,5,4,-0.15715122826246047,CS-STATE_ART-SCSA_PLUS_V3,1,1.7120618427840617,CS-STATE_ART,4,CS
6,CS-STATE_ART,1368199950169997314,6,5,-0.16002182462411974,CS-STATE_ART-SCSA_PLUS_V3,9,-1.0411986555665396,CS-STATE_ART,-3,CS
6,CS-STATE_ART,1369559926629167104,7,5,-0.16060631859380387,CS-STATE_ART-SCSA_PLUS_V3,8,-0.996835101299508,CS-STATE_ART,-1,CS
6,CS-STATE_ART,1369418972509179912,8,3,-0.16167400772609392,CS-STATE_ART-SCSA_PLUS_V3,6,0.11200370094532691,CS-STATE_ART,2,CS
6,CS-STATE_ART,1339894034781880323,9,5,-0.1617049645081019,CS-STATE_ART-SCSA_PLUS_V3,7,-0.9009939118302566,CS-STATE_ART,2,CS
6,CS-STATE_ART,1369586848163586051,10,2,-0.1617592895292476,CS-STATE_ART-SCSA_PLUS_V3,10,-1.649828587018565,CS-STATE_ART,0,CS
7,CS-STATE_ART,1367862841907294209,1,4,-0.010198789245847651,CS-STATE_ART-SCSA_PLUS_V3,4,0.7518977890871412,CS-STATE_ART,-3,CS
7,CS-STATE_ART,1368487188724350976,2,2,-0.06648540827708722,CS-STATE_ART-SCSA_PLUS_V3,8,0.05034280407520026,CS-STATE_ART,-6,CS
7,CS-STATE_ART,1368632782042333188,3,4,-0.09518127287118457,CS-STATE_ART-SCSA_PLUS_V3,1,3.6979185437235165,CS-STATE_ART,2,CS
7,CS-STATE_ART,1368501683219693570,4,3,-0.13797545345684709,CS-STATE_ART-SCSA_PLUS_V3,5,0.6838604334919682,CS-STATE_ART,-1,CS
7,CS-STATE_ART,1368174374247923712,5,3,-0.13905178307306104,CS-STATE_ART-SCSA_PLUS_V3,9,-1.7869251171427254,CS-STATE_ART,-4,CS
7,CS-STATE_ART,1369087867939659782,6,3,-0.14349738680864121,CS-STATE_ART-SCSA_PLUS_V3,6,0.44082105491621415,CS-STATE_ART,0,CS
7,CS-STATE_ART,1368519774955798529,7,4,-0.151369265812557,CS-STATE_ART-SCSA_PLUS_V3,3,1.03380092451203,CS-STATE_ART,4,CS
7,CS-STATE_ART,1368234120082554894,8,2,-0.15778443897096378,CS-STATE_ART-SCSA_PLUS_V3,2,1.2221980179903191,CS-STATE_ART,6,CS
7,CS-STATE_ART,1368216046616768513,9,4,-0.16177165721250822,CS-STATE_ART-SCSA_PLUS_V3,7,0.29269151453257164,CS-STATE_ART,2,CS
7,CS-STATE_ART,1364237278516830212,10,5,-0.16177981299460498,CS-STATE_ART-SCSA_PLUS_V3,10,-2.4758479532666846,CS-STATE_ART,0,CS
8,CS-STATE_ART,1322209256611852294,1,5,9.605111974510496,CS-STATE_ART-SCSA_PLUS_V3,1,16.47195591579364,CS-STATE_ART,0,CS
8,CS-STATE_ART,1354658220585922565,2,4,3.9825833742471706,CS-STATE_ART-SCSA_PLUS_V3,2,8.971915462706788,CS-STATE_ART,0,CS
8,CS-STATE_ART,1334724211689074688,3,5,2.6932319277629166,CS-STATE_ART-SCSA_PLUS_V3,3,5.430779848719928,CS-STATE_ART,0,CS
8,CS-STATE_ART,1316909183225286657,4,5,0.819967714372644,CS-STATE_ART-SCSA_PLUS_V3,5,2.6523770218620704,CS-STATE_ART,-1,CS
8,CS-STATE_ART,1318996052049973248,5,4,0.5419721755296094,CS-STATE_ART-SCSA_PLUS_V3,9,-0.06480098275687698,CS-STATE_ART,-4,CS
8,CS-STATE_ART,1290389884927000582,6,5,0.218555436212838,CS-STATE_ART-SCSA_PLUS_V3,6,1.4960332191364811,CS-STATE_ART,0,CS
8,CS-STATE_ART,1268243264156524544,7,4,0.19261143545637258,CS-STATE_ART-SCSA_PLUS_V3,4,3.9045236499665807,CS-STATE_ART,3,CS
8,CS-STATE_ART,1365178104310763520,8,4,-0.09382928418237832,CS-STATE_ART-SCSA_PLUS_V3,8,0.3028220403772718,CS-STATE_ART,0,CS
8,CS-STATE_ART,1363674987626856448,9,3,-0.12469212438349081,CS-STATE_ART-SCSA_PLUS_V3,7,1.2737045904905002,CS-STATE_ART,2,CS
8,CS-STATE_ART,1334706123971162115,10,2,-0.1320757840737022,CS-STATE_ART-SCSA_PLUS_V3,10,-0.47847121446422775,CS-STATE_ART,0,CS
9,CS-STATE_ART,1164279406057201665,1,1,1.2984011746481625,CS-STATE_ART-SCSA_PLUS_V3,2,2.092744109961586,CS-STATE_ART,-1,CS
9,CS-STATE_ART,1361732521428275201,2,1,0.21481232770977093,CS-STATE_ART-SCSA_PLUS_V3,5,0.43809943791477696,CS-STATE_ART,-3,CS
9,CS-STATE_ART,1351540224560668673,3,3,-0.05053883575619143,CS-STATE_ART-SCSA_PLUS_V3,7,-0.049604172137683235,CS-STATE_ART,-4,CS
9,CS-STATE_ART,1319321276171759617,4,5,-0.062126355000262125,CS-STATE_ART-SCSA_PLUS_V3,9,-1.6176735915961549,CS-STATE_ART,-5,CS
9,CS-STATE_ART,1312391963241398272,5,4,-0.12680549572685162,CS-STATE_ART-SCSA_PLUS_V3,10,-1.82754772533641,CS-STATE_ART,-5,CS
9,CS-STATE_ART,1263620338790944769,6,4,-0.13248377963946267,CS-STATE_ART-SCSA_PLUS_V3,4,0.7314203954372503,CS-STATE_ART,2,CS
9,CS-STATE_ART,1330972658612150272,7,5,-0.14076790308797146,CS-STATE_ART-SCSA_PLUS_V3,8,-0.05768804017319247,CS-STATE_ART,-1,CS
9,CS-STATE_ART,1338573100921794560,8,4,-0.15080834640034618,CS-STATE_ART-SCSA_PLUS_V3,6,-0.03290779652325281,CS-STATE_ART,2,CS
9,CS-STATE_ART,1333878541398798338,9,5,-0.1508219774464205,CS-STATE_ART-SCSA_PLUS_V3,1,3.2857977023900284,CS-STATE_ART,8,CS
9,CS-STATE_ART,1327308553418272768,10,3,-0.1533296978909383,CS-STATE_ART-SCSA_PLUS_V3,3,1.48216097281671,CS-STATE_ART,7,CS
10,CS-STATE_ART,1337102280059834370,1,4,0.1008281502107142,CS-STATE_ART-SCSA_PLUS_V3,8,-0.7034960145974156,CS-STATE_ART,-7,CS
10,CS-STATE_ART,1350865539091066881,2,5,-0.005165996965306128,CS-STATE_ART-SCSA_PLUS_V3,5,0.08937396373738687,CS-STATE_ART,-3,CS
10,CS-STATE_ART,1367862841907294209,3,4,-0.010198789245847651,CS-STATE_ART-SCSA_PLUS_V3,3,0.7518977890871412,CS-STATE_ART,0,CS
10,CS-STATE_ART,1351594764056088577,4,5,-0.0967575524042348,CS-STATE_ART-SCSA_PLUS_V3,10,-1.9889018031320713,CS-STATE_ART,-6,CS
10,CS-STATE_ART,1320726746329743363,5,5,-0.11256368741400277,CS-STATE_ART-SCSA_PLUS_V3,1,1.7804589854524047,CS-STATE_ART,4,CS
10,CS-STATE_ART,1365731424322478084,6,5,-0.13290347402706248,CS-STATE_ART-SCSA_PLUS_V3,9,-0.9432789972351524,CS-STATE_ART,-3,CS
10,CS-STATE_ART,1330948472992776193,7,5,-0.14023334237759844,CS-STATE_ART-SCSA_PLUS_V3,7,-0.23831313790385283,CS-STATE_ART,0,CS
10,CS-STATE_ART,1369087867939659782,8,5,-0.14349738680864121,CS-STATE_ART-SCSA_PLUS_V3,4,0.44082105491621415,CS-STATE_ART,4,CS
10,CS-STATE_ART,1368234120082554894,9,5,-0.15778443897096378,CS-STATE_ART-SCSA_PLUS_V3,2,1.2221980179903191,CS-STATE_ART,7,CS
10,CS-STATE_ART,1352017720578105346,10,4,-0.16141779242611498,CS-STATE_ART-SCSA_PLUS_V3,6,0.018479665777440177,CS-STATE_ART,4,CS
11,CS-STATE_ART,1358058477785120769,1,1,12.899278738410155,CS-STATE_ART-SCSA_PLUS_V3,1,21.322423159682934,CS-STATE_ART,0,CS
11,CS-STATE_ART,1354658220585922565,2,1,3.9825833742471706,CS-STATE_ART-SCSA_PLUS_V3,2,8.971915462706788,CS-STATE_ART,0,CS
11,CS-STATE_ART,1334724211689074688,3,1,2.6932319277629166,CS-STATE_ART-SCSA_PLUS_V3,3,5.430779848719928,CS-STATE_ART,0,CS
11,CS-STATE_ART,1316909183225286657,4,5,0.819967714372644,CS-STATE_ART-SCSA_PLUS_V3,4,2.6523770218620704,CS-STATE_ART,0,CS
11,CS-STATE_ART,1290389884927000582,5,5,0.218555436212838,CS-STATE_ART-SCSA_PLUS_V3,7,1.4960332191364811,CS-STATE_ART,-2,CS
11,CS-STATE_ART,1362769948691472385,6,5,0.016046697743208358,CS-STATE_ART-SCSA_PLUS_V3,6,1.6321386945388334,CS-STATE_ART,0,CS
11,CS-STATE_ART,1352347607855726594,7,5,-0.04657510680934314,CS-STATE_ART-SCSA_PLUS_V3,9,0.4553133212132738,CS-STATE_ART,-2,CS
11,CS-STATE_ART,1310693744056950787,8,5,-0.04808611318552288,CS-STATE_ART-SCSA_PLUS_V3,8,1.0749099230611336,CS-STATE_ART,0,CS
11,CS-STATE_ART,1349370619616378880,9,5,-0.05408371084274118,CS-STATE_ART-SCSA_PLUS_V3,5,1.8296502329627853,CS-STATE_ART,4,CS
11,CS-STATE_ART,1319321276171759617,10,5,-0.062126355000262125,CS-STATE_ART-SCSA_PLUS_V3,10,-1.6176735915961549,CS-STATE_ART,0,CS
12,CS-STATE_ART,1344852533122981888,1,5,2.138431590824769,CS-STATE_ART-SCSA_PLUS_V3,1,4.409626246559384,CS-STATE_ART,0,CS
12,CS-STATE_ART,1331282297014743042,2,5,0.1547804791812662,CS-STATE_ART-SCSA_PLUS_V3,2,2.50578033452451,CS-STATE_ART,0,CS
12,CS-STATE_ART,1369832253816246274,3,5,-0.057220266127927466,CS-STATE_ART-SCSA_PLUS_V3,6,0.8283881253530455,CS-STATE_ART,-3,CS
12,CS-STATE_ART,1366121589478154243,4,5,-0.09234531722239857,CS-STATE_ART-SCSA_PLUS_V3,5,1.2889858962019534,CS-STATE_ART,-1,CS
12,CS-STATE_ART,1366380504736534529,5,3,-0.1406106114477888,CS-STATE_ART-SCSA_PLUS_V3,9,-0.6392436616745011,CS-STATE_ART,-4,CS
12,CS-STATE_ART,1359370632350208003,6,2,-0.143001609551199,CS-STATE_ART-SCSA_PLUS_V3,7,0.7320538072221882,CS-STATE_ART,-1,CS
12,CS-STATE_ART,1358529006967033856,7,3,-0.1523863246239296,CS-STATE_ART-SCSA_PLUS_V3,4,1.834635687950139,CS-STATE_ART,3,CS
12,CS-STATE_ART,1336435104172765184,8,3,-0.15434477676402428,CS-STATE_ART-SCSA_PLUS_V3,10,-1.6950548191149906,CS-STATE_ART,-2,CS
12,CS-STATE_ART,1370069387974119426,9,5,-0.16253406132356968,CS-STATE_ART-SCSA_PLUS_V3,3,2.145632009743459,CS-STATE_ART,6,CS
12,CS-STATE_ART,1359319030587293696,10,3,-0.16271022568248358,CS-STATE_ART-SCSA_PLUS_V3,8,0.5051888959182189,CS-STATE_ART,2,CS
13,CS-STATE_ART,1350865539091066881,1,3,-0.005165996965306128,CS-STATE_ART-SCSA_PLUS_V3,2,0.08937396373738687,CS-STATE_ART,-1,CS
13,CS-STATE_ART,1351594764056088577,2,3,-0.0967575524042348,CS-STATE_ART-SCSA_PLUS_V3,10,-1.9889018031320713,CS-STATE_ART,-8,CS
13,CS-STATE_ART,1358898413136396288,3,4,-0.12777869104481576,CS-STATE_ART-SCSA_PLUS_V3,9,-1.310758717959117,CS-STATE_ART,-6,CS
13,CS-STATE_ART,1365731424322478084,4,5,-0.13290347402706248,CS-STATE_ART-SCSA_PLUS_V3,7,-0.9432789972351524,CS-STATE_ART,-3,CS
13,CS-STATE_ART,1330948472992776193,5,5,-0.14023334237759844,CS-STATE_ART-SCSA_PLUS_V3,6,-0.23831313790385283,CS-STATE_ART,-1,CS
13,CS-STATE_ART,1369087867939659782,6,3,-0.14349738680864121,CS-STATE_ART-SCSA_PLUS_V3,1,0.44082105491621415,CS-STATE_ART,5,CS
13,CS-STATE_ART,1337104278398382087,7,5,-0.1544084644048266,CS-STATE_ART-SCSA_PLUS_V3,8,-1.0903740607577972,CS-STATE_ART,-1,CS
13,CS-STATE_ART,1352017720578105346,8,1,-0.16141779242611498,CS-STATE_ART-SCSA_PLUS_V3,3,0.018479665777440177,CS-STATE_ART,5,CS
13,CS-STATE_ART,1362902698585071617,9,5,-0.1624389310246469,CS-STATE_ART-SCSA_PLUS_V3,4,-0.04493230657032361,CS-STATE_ART,5,CS
13,CS-STATE_ART,1363172378843389952,10,2,-0.16281305126203027,CS-STATE_ART-SCSA_PLUS_V3,5,-0.0814340873216249,CS-STATE_ART,5,CS
15,CS-STATE_ART,1365788765957083149,1,3,-0.15142249776715946,CS-STATE_ART-SCSA_PLUS_V3,9,-0.5364911696774955,CS-STATE_ART,-8,CS
15,CS-STATE_ART,1258809129218564098,2,3,-0.15228008525506223,CS-STATE_ART-SCSA_PLUS_V3,6,0.18145089044641313,CS-STATE_ART,-4,CS
15,CS-STATE_ART,1330905143416659975,3,4,-0.15642287793921825,CS-STATE_ART-SCSA_PLUS_V3,4,0.5662741965180631,CS-STATE_ART,-1,CS
15,CS-STATE_ART,1351560050725294082,4,2,-0.15780988452508946,CS-STATE_ART-SCSA_PLUS_V3,10,-1.3293767378412493,CS-STATE_ART,-6,CS
15,CS-STATE_ART,1331266330176196608,5,3,-0.15901542440233074,CS-STATE_ART-SCSA_PLUS_V3,8,-0.47098055842435105,CS-STATE_ART,-3,CS
15,CS-STATE_ART,1301536924067393537,6,2,-0.15963867001225732,CS-STATE_ART-SCSA_PLUS_V3,7,-0.33176915731033685,CS-STATE_ART,-1,CS
15,CS-STATE_ART,1355549351603531783,7,5,-0.15971487755366368,CS-STATE_ART-SCSA_PLUS_V3,1,1.9301670183690212,CS-STATE_ART,6,CS
15,CS-STATE_ART,1303727847966674944,8,2,-0.161478002457324,CS-STATE_ART-SCSA_PLUS_V3,3,0.8393065535589003,CS-STATE_ART,5,CS
15,CS-STATE_ART,1362920758872133634,9,3,-0.16240523214715646,CS-STATE_ART-SCSA_PLUS_V3,5,0.20478586527450324,CS-STATE_ART,4,CS
15,CS-STATE_ART,1354353736580124673,10,4,-0.16268230311495263,CS-STATE_ART-SCSA_PLUS_V3,2,1.70434914464402,CS-STATE_ART,8,CS
16,CS-STATE_ART,1368447074019270656,1,4,0.21348212490528246,CS-STATE_ART-SCSA_PLUS_V3,2,0.5400842681307796,CS-STATE_ART,-1,CS
16,CS-STATE_ART,1346143996431646720,2,4,-0.10307257314016796,CS-STATE_ART-SCSA_PLUS_V3,6,-1.0140158970219513,CS-STATE_ART,-4,CS
16,CS-STATE_ART,1271896411257241600,3,1,-0.13929618616579037,CS-STATE_ART-SCSA_PLUS_V3,7,-1.227165841318201,CS-STATE_ART,-4,CS
16,CS-STATE_ART,1275840045761441792,4,1,-0.15011509197650277,CS-STATE_ART-SCSA_PLUS_V3,9,-1.6026617507554786,CS-STATE_ART,-5,CS
16,CS-STATE_ART,1326554237053054977,5,1,-0.15242225660286324,CS-STATE_ART-SCSA_PLUS_V3,3,0.3436023265834008,CS-STATE_ART,2,CS
16,CS-STATE_ART,1352019602151100416,6,1,-0.1535082804934826,CS-STATE_ART-SCSA_PLUS_V3,4,-0.041530658163773534,CS-STATE_ART,2,CS
16,CS-STATE_ART,1318907390922788866,7,1,-0.15861320480290578,CS-STATE_ART-SCSA_PLUS_V3,8,-1.4933565589595792,CS-STATE_ART,-1,CS
16,CS-STATE_ART,1173620799997186051,8,1,-0.1597261169597225,CS-STATE_ART-SCSA_PLUS_V3,10,-1.7797446701154462,CS-STATE_ART,-2,CS
16,CS-STATE_ART,1316239353505480704,9,1,-0.16069548416732543,CS-STATE_ART-SCSA_PLUS_V3,5,-0.5240388879530091,CS-STATE_ART,4,CS
16,CS-STATE_ART,1317201419384975365,10,1,-0.16215593056252256,CS-STATE_ART-SCSA_PLUS_V3,1,0.8969041302176323,CS-STATE_ART,9,CS
17,CS-STATE_ART,1320374052847013893,1,5,-0.15246703757568872,CS-STATE_ART-SCSA_PLUS_V3,4,1.0597377313618765,CS-STATE_ART,-3,CS
17,CS-STATE_ART,1366743775192752129,2,4,-0.15418252146818615,CS-STATE_ART-SCSA_PLUS_V3,6,0.6431909138065758,CS-STATE_ART,-4,CS
17,CS-STATE_ART,1357403552470212608,3,5,-0.154725814896896,CS-STATE_ART-SCSA_PLUS_V3,8,-0.7538919255228869,CS-STATE_ART,-5,CS
17,CS-STATE_ART,1334527822971490308,4,5,-0.1558479365995145,CS-STATE_ART-SCSA_PLUS_V3,10,-2.437090217438214,CS-STATE_ART,-6,CS
17,CS-STATE_ART,1350151000267632641,5,5,-0.15837501280805655,CS-STATE_ART-SCSA_PLUS_V3,7,0.15979674502828184,CS-STATE_ART,-2,CS
17,CS-STATE_ART,1364970509700595717,6,5,-0.15904355455907218,CS-STATE_ART-SCSA_PLUS_V3,2,1.2651733031332826,CS-STATE_ART,4,CS
17,CS-STATE_ART,1330058761323614209,7,5,-0.15991786726441112,CS-STATE_ART-SCSA_PLUS_V3,3,1.2539361882006026,CS-STATE_ART,4,CS
17,CS-STATE_ART,1358772405536194562,8,5,-0.1602894410086965,CS-STATE_ART-SCSA_PLUS_V3,5,0.6915618350580122,CS-STATE_ART,3,CS
17,CS-STATE_ART,1336739324658929667,9,5,-0.1610990855045166,CS-STATE_ART-SCSA_PLUS_V3,9,-1.5791204850656633,CS-STATE_ART,0,CS
17,CS-STATE_ART,1063403538636816385,10,5,-0.16292409473953443,CS-STATE_ART-SCSA_PLUS_V3,1,1.6902703636328225,CS-STATE_ART,9,CS
18,CS-STATE_ART,1340325978170646535,1,3,0.2648478762802137,CS-STATE_ART-SCSA_PLUS_V3,3,0.5159470106866301,CS-STATE_ART,-2,CS
18,CS-STATE_ART,1327053570794008577,2,2,0.02525259212368395,CS-STATE_ART-SCSA_PLUS_V3,6,0.05815203304897371,CS-STATE_ART,-4,CS
18,CS-STATE_ART,1366528818454822914,3,3,-0.011053796940822603,CS-STATE_ART-SCSA_PLUS_V3,5,0.15986205209806212,CS-STATE_ART,-2,CS
18,CS-STATE_ART,1330556651716243456,4,3,-0.058977475860808766,CS-STATE_ART-SCSA_PLUS_V3,4,0.3087403574326251,CS-STATE_ART,0,CS
18,CS-STATE_ART,1354527098354819077,5,1,-0.13512366257040717,CS-STATE_ART-SCSA_PLUS_V3,7,0.03166026118839116,CS-STATE_ART,-2,CS
18,CS-STATE_ART,1337819421973344256,6,2,-0.14752522715307023,CS-STATE_ART-SCSA_PLUS_V3,10,-1.1843997339929677,CS-STATE_ART,-4,CS
18,CS-STATE_ART,1359592867380031494,7,1,-0.14867146841379375,CS-STATE_ART-SCSA_PLUS_V3,2,0.5934781907825948,CS-STATE_ART,5,CS
18,CS-STATE_ART,1339195127986794498,8,4,-0.16226000082959244,CS-STATE_ART-SCSA_PLUS_V3,9,-0.48163033371823305,CS-STATE_ART,-1,CS
18,CS-STATE_ART,1362475666504040451,9,1,-0.1628903113961111,CS-STATE_ART-SCSA_PLUS_V3,8,-0.184717179638866,CS-STATE_ART,1,CS
18,CS-STATE_ART,1339377333728391169,10,4,-0.1630706885071806,CS-STATE_ART-SCSA_PLUS_V3,1,1.593280354323592,CS-STATE_ART,9,CS
19,CS-STATE_ART,1368697794417065992,1,3,-0.08735036234877963,CS-STATE_ART-SCSA_PLUS_V3,1,-0.24366994373772016,CS-STATE_ART,0,CS
19,CS-STATE_ART,1369425009303822344,2,3,-0.1397998831823555,CS-STATE_ART-SCSA_PLUS_V3,8,-1.8615104917929264,CS-STATE_ART,-6,CS
19,CS-STATE_ART,1369266567423397891,3,3,-0.1471952625162108,CS-STATE_ART-SCSA_PLUS_V3,2,-0.6112697821954519,CS-STATE_ART,1,CS
19,CS-STATE_ART,1369469059427893249,4,3,-0.154880934390866,CS-STATE_ART-SCSA_PLUS_V3,9,-2.4370766399185273,CS-STATE_ART,-5,CS
19,CS-STATE_ART,1369189230489001991,5,3,-0.15780842021954625,CS-STATE_ART-SCSA_PLUS_V3,3,-0.7343556332921634,CS-STATE_ART,2,CS
19,CS-STATE_ART,1369596898127077379,6,3,-0.1604663579495648,CS-STATE_ART-SCSA_PLUS_V3,4,-0.9032838867542456,CS-STATE_ART,2,CS
19,CS-STATE_ART,1369424518092120064,7,3,-0.16048601353450287,CS-STATE_ART-SCSA_PLUS_V3,5,-1.1314353086549862,CS-STATE_ART,2,CS
19,CS-STATE_ART,1369569992732250114,8,3,-0.16049760698956442,CS-STATE_ART-SCSA_PLUS_V3,7,-1.5242043360587365,CS-STATE_ART,1,CS
19,CS-STATE_ART,1369617901678964736,9,4,-0.1608433136342031,CS-STATE_ART-SCSA_PLUS_V3,10,-2.546188348007645,CS-STATE_ART,-1,CS
19,CS-STATE_ART,1369559628183445504,10,3,-0.16179128389032052,CS-STATE_ART-SCSA_PLUS_V3,6,-1.256732762674072,CS-STATE_ART,4,CS
20,CS-STATE_ART,1368950916024532995,1,2,-0.05570508542801794,CS-STATE_ART-SCSA_PLUS_V3,2,1.104533263670755,CS-STATE_ART,-1,CS
20,CS-STATE_ART,1369415901964034052,2,3,-0.12399063932021115,CS-STATE_ART-SCSA_PLUS_V3,8,-0.9666172786943253,CS-STATE_ART,-6,CS
20,CS-STATE_ART,1369146187358539781,3,5,-0.15712593573223393,CS-STATE_ART-SCSA_PLUS_V3,4,0.5077481216397282,CS-STATE_ART,-1,CS
20,CS-STATE_ART,1368272500086476805,4,2,-0.16031521361767342,CS-STATE_ART-SCSA_PLUS_V3,1,2.242145428247883,CS-STATE_ART,3,CS
20,CS-STATE_ART,1368276753244913665,5,2,-0.16068674050766296,CS-STATE_ART-SCSA_PLUS_V3,5,0.1978715620479297,CS-STATE_ART,0,CS
20,CS-STATE_ART,1369112711032881153,6,3,-0.16091447546896023,CS-STATE_ART-SCSA_PLUS_V3,7,-0.2020117690537346,CS-STATE_ART,-1,CS
20,CS-STATE_ART,1369193501875970048,7,5,-0.16141362807813958,CS-STATE_ART-SCSA_PLUS_V3,9,-1.3475396817639513,CS-STATE_ART,-2,CS
20,CS-STATE_ART,1366181019829686277,8,5,-0.16220529536051698,CS-STATE_ART-SCSA_PLUS_V3,6,-0.05039567332624895,CS-STATE_ART,2,CS
20,CS-STATE_ART,1364622367499157504,9,5,-0.16220693276825174,CS-STATE_ART-SCSA_PLUS_V3,10,-2.3981821672602486,CS-STATE_ART,-1,CS
20,CS-STATE_ART,1369573389845880832,10,5,-0.16239923463135872,CS-STATE_ART-SCSA_PLUS_V3,3,0.6285566199858293,CS-STATE_ART,7,CS
21,CS-STATE_ART,1204781519052652546,1,2,0.04161047002861552,CS-STATE_ART-SCSA_PLUS_V3,3,0.3596032845066325,CS-STATE_ART,-2,CS
21,CS-STATE_ART,1338181816478539777,2,5,-0.052771002214628174,CS-STATE_ART-SCSA_PLUS_V3,9,-1.0167289766939729,CS-STATE_ART,-7,CS
21,CS-STATE_ART,1366565826913062914,3,4,-0.1461050808889453,CS-STATE_ART-SCSA_PLUS_V3,8,-0.6213300004835473,CS-STATE_ART,-5,CS
21,CS-STATE_ART,1366217334658977797,4,5,-0.1490603723252406,CS-STATE_ART-SCSA_PLUS_V3,1,0.8264447681845418,CS-STATE_ART,3,CS
21,CS-STATE_ART,1300100975793901569,5,3,-0.15887769033765878,CS-STATE_ART-SCSA_PLUS_V3,2,0.5663209426541804,CS-STATE_ART,3,CS
21,CS-STATE_ART,1272339338995445760,6,1,-0.1609886767417202,CS-STATE_ART-SCSA_PLUS_V3,5,0.2611324133828218,CS-STATE_ART,1,CS
21,CS-STATE_ART,1340651032817315842,7,4,-0.16112068869530802,CS-STATE_ART-SCSA_PLUS_V3,6,-0.42584740521172804,CS-STATE_ART,1,CS
21,CS-STATE_ART,1367222811727564800,8,5,-0.16134281468156966,CS-STATE_ART-SCSA_PLUS_V3,10,-1.7256119159889687,CS-STATE_ART,-2,CS
21,CS-STATE_ART,1369040595310682112,9,2,-0.16207998847167476,CS-STATE_ART-SCSA_PLUS_V3,7,-0.4518106055645795,CS-STATE_ART,2,CS
21,CS-STATE_ART,1339526270288322561,10,4,-0.16276015469142724,CS-STATE_ART-SCSA_PLUS_V3,4,0.34078462294759937,CS-STATE_ART,6,CS
22,CS-STATE_ART,1369396362840858635,1,3,-0.13878112193759026,CS-STATE_ART-SCSA_PLUS_V3,8,-1.9463340384095071,CS-STATE_ART,-7,CS
22,CS-STATE_ART,1369402883704229892,2,5,-0.13997096744353488,CS-STATE_ART-SCSA_PLUS_V3,10,-3.665088748864799,CS-STATE_ART,-8,CS
22,CS-STATE_ART,1369538412961730562,3,3,-0.15269450262077364,CS-STATE_ART-SCSA_PLUS_V3,9,-2.1242212877881252,CS-STATE_ART,-6,CS
22,CS-STATE_ART,1369103243960258562,4,4,-0.15428697314158651,CS-STATE_ART-SCSA_PLUS_V3,3,0.20897478830966315,CS-STATE_ART,1,CS
22,CS-STATE_ART,1369410355215142917,5,5,-0.15630347531320732,CS-STATE_ART-SCSA_PLUS_V3,1,3.4857098103088133,CS-STATE_ART,4,CS
22,CS-STATE_ART,1369567942690635778,6,5,-0.15865211764232307,CS-STATE_ART-SCSA_PLUS_V3,5,-1.1948659822641592,CS-STATE_ART,1,CS
22,CS-STATE_ART,1369505213904748554,7,5,-0.16018206446886166,CS-STATE_ART-SCSA_PLUS_V3,6,-1.3344785956714473,CS-STATE_ART,1,CS
22,CS-STATE_ART,1369483561938649089,8,4,-0.16033516965250302,CS-STATE_ART-SCSA_PLUS_V3,4,-0.9063516391586179,CS-STATE_ART,4,CS
22,CS-STATE_ART,1369259204725387266,9,5,-0.1609372270708816,CS-STATE_ART-SCSA_PLUS_V3,7,-1.4484202329441143,CS-STATE_ART,2,CS
22,CS-STATE_ART,1369437537907978245,10,3,-0.1623396946911232,CS-STATE_ART-SCSA_PLUS_V3,2,0.3154836435184361,CS-STATE_ART,8,CS
23,CS-STATE_ART,1322232908141113344,1,5,-0.04092310992083215,CS-STATE_ART-SCSA_PLUS_V3,8,-0.39454806398423303,CS-STATE_ART,-7,CS
23,CS-STATE_ART,1325995532259561473,2,5,-0.057539440503610685,CS-STATE_ART-SCSA_PLUS_V3,3,0.9996613554816638,CS-STATE_ART,-1,CS
23,CS-STATE_ART,1335651231759552514,3,4,-0.07376060132136883,CS-STATE_ART-SCSA_PLUS_V3,10,-1.170747960029594,CS-STATE_ART,-7,CS
23,CS-STATE_ART,1307054698931912706,4,4,-0.08701067878606353,CS-STATE_ART-SCSA_PLUS_V3,4,0.8144617494178938,CS-STATE_ART,0,CS
23,CS-STATE_ART,1349391558269923330,5,4,-0.1390515104578154,CS-STATE_ART-SCSA_PLUS_V3,2,1.0311842287116635,CS-STATE_ART,3,CS
23,CS-STATE_ART,1303724853120217088,6,4,-0.14650454653354655,CS-STATE_ART-SCSA_PLUS_V3,1,1.7237237615609673,CS-STATE_ART,5,CS
23,CS-STATE_ART,1319019864212713472,7,4,-0.15092039740867635,CS-STATE_ART-SCSA_PLUS_V3,6,0.20320312458131234,CS-STATE_ART,1,CS
23,CS-STATE_ART,1367852411017031682,8,4,-0.1538130546821346,CS-STATE_ART-SCSA_PLUS_V3,5,0.40881712290203515,CS-STATE_ART,3,CS
23,CS-STATE_ART,1354509947288088576,9,4,-0.154936833117701,CS-STATE_ART-SCSA_PLUS_V3,7,0.04483022519238825,CS-STATE_ART,2,CS
23,CS-STATE_ART,1326932771240095749,10,4,-0.1593285507991584,CS-STATE_ART-SCSA_PLUS_V3,9,-0.41135049744001206,CS-STATE_ART,1,CS
24,CS-STATE_ART,1357647227808841728,1,3,0.19893479294459962,CS-STATE_ART-SCSA_PLUS_V3,2,0.18073667149635622,CS-STATE_ART,-1,CS
24,CS-STATE_ART,1319639717906821121,2,4,0.015498587719569856,CS-STATE_ART-SCSA_PLUS_V3,8,-0.9408035467005211,CS-STATE_ART,-6,CS
24,CS-STATE_ART,1350865539091066881,3,4,-0.005165996965306128,CS-STATE_ART-SCSA_PLUS_V3,4,0.08937396373738687,CS-STATE_ART,-1,CS
24,CS-STATE_ART,1358898413136396288,4,5,-0.12777869104481576,CS-STATE_ART-SCSA_PLUS_V3,10,-1.310758717959117,CS-STATE_ART,-6,CS
24,CS-STATE_ART,1330948472992776193,5,5,-0.14023334237759844,CS-STATE_ART-SCSA_PLUS_V3,7,-0.23831313790385283,CS-STATE_ART,-2,CS
24,CS-STATE_ART,1369087867939659782,6,5,-0.14349738680864121,CS-STATE_ART-SCSA_PLUS_V3,1,0.44082105491621415,CS-STATE_ART,5,CS
24,CS-STATE_ART,1326957720759541761,7,5,-0.15250208948571686,CS-STATE_ART-SCSA_PLUS_V3,3,0.11094615080602054,CS-STATE_ART,4,CS
24,CS-STATE_ART,1369308139158446081,8,5,-0.15785197348435479,CS-STATE_ART-SCSA_PLUS_V3,9,-1.2077944859663825,CS-STATE_ART,-1,CS
24,CS-STATE_ART,1362902698585071617,9,4,-0.1624389310246469,CS-STATE_ART-SCSA_PLUS_V3,5,-0.04493230657032361,CS-STATE_ART,4,CS
24,CS-STATE_ART,1363172378843389952,10,5,-0.16281305126203027,CS-STATE_ART-SCSA_PLUS_V3,6,-0.0814340873216249,CS-STATE_ART,4,CS
25,CS-STATE_ART,1369377505224884227,1,5,-0.10257473275134575,CS-STATE_ART-SCSA_PLUS_V3,10,-13.017482558320262,CS-STATE_ART,-9,CS
25,CS-STATE_ART,1369043756486377472,2,5,-0.1423662834972271,CS-STATE_ART-SCSA_PLUS_V3,4,-1.7555272613528474,CS-STATE_ART,-2,CS
25,CS-STATE_ART,1369600442322333699,3,5,-0.15045349300541797,CS-STATE_ART-SCSA_PLUS_V3,8,-4.2629168670866635,CS-STATE_ART,-5,CS
25,CS-STATE_ART,1369579853612281860,4,5,-0.1572496819676191,CS-STATE_ART-SCSA_PLUS_V3,9,-6.860426889961051,CS-STATE_ART,-5,CS
25,CS-STATE_ART,1370125729199980545,5,5,-0.15864853896609232,CS-STATE_ART-SCSA_PLUS_V3,6,-2.8867221207992237,CS-STATE_ART,-1,CS
25,CS-STATE_ART,1369569728541425667,6,5,-0.15907945818704788,CS-STATE_ART-SCSA_PLUS_V3,1,-0.12356354871626618,CS-STATE_ART,5,CS
25,CS-STATE_ART,1369560664142970881,7,5,-0.15993970043877664,CS-STATE_ART-SCSA_PLUS_V3,7,-4.262890400843112,CS-STATE_ART,0,CS
25,CS-STATE_ART,1369571000212463617,8,5,-0.16100653809445678,CS-STATE_ART-SCSA_PLUS_V3,3,-0.7259021379415751,CS-STATE_ART,5,CS
25,CS-STATE_ART,1369547930550611968,9,5,-0.16118460567380646,CS-STATE_ART-SCSA_PLUS_V3,2,-0.385084127295205,CS-STATE_ART,7,CS
25,CS-STATE_ART,1369563665867898882,10,5,-0.1619306650918613,CS-STATE_ART-SCSA_PLUS_V3,5,-1.9294593418473525,CS-STATE_ART,5,CS
26,CS-STATE_ART,1329540885055356928,1,3,-0.14368441395438455,CS-STATE_ART-SCSA_PLUS_V3,2,0.5824686395258651,CS-STATE_ART,-1,CS
26,CS-STATE_ART,1349449506136330241,2,3,-0.15053167673339787,CS-STATE_ART-SCSA_PLUS_V3,7,-0.6673027937395511,CS-STATE_ART,-5,CS
26,CS-STATE_ART,1360897085856313349,3,4,-0.1615010204652871,CS-STATE_ART-SCSA_PLUS_V3,4,0.07763686918085588,CS-STATE_ART,-1,CS
26,CS-STATE_ART,1348680358619992071,4,3,-0.1616742112105847,CS-STATE_ART-SCSA_PLUS_V3,8,-0.8538258697868809,CS-STATE_ART,-4,CS
26,CS-STATE_ART,1368758876015910915,5,4,-0.1618078569785993,CS-STATE_ART-SCSA_PLUS_V3,6,-0.4358313713645691,CS-STATE_ART,-1,CS
26,CS-STATE_ART,1369030449398509568,6,4,-0.16185719859041342,CS-STATE_ART-SCSA_PLUS_V3,10,-1.5453681539823623,CS-STATE_ART,-4,CS
26,CS-STATE_ART,1369296706836250624,7,4,-0.16203480965212752,CS-STATE_ART-SCSA_PLUS_V3,3,0.2940321060375578,CS-STATE_ART,4,CS
26,CS-STATE_ART,1359141009272184832,8,3,-0.1622733577868156,CS-STATE_ART-SCSA_PLUS_V3,9,-0.9341182727893325,CS-STATE_ART,-1,CS
26,CS-STATE_ART,1367541147787223041,9,4,-0.1623132968471929,CS-STATE_ART-SCSA_PLUS_V3,5,-0.34440411825413697,CS-STATE_ART,4,CS
26,CS-STATE_ART,1369636752336490497,10,4,-0.16246558670793046,CS-STATE_ART-SCSA_PLUS_V3,1,0.7141655261194071,CS-STATE_ART,9,CS
27,CS-STATE_ART,1370035059495993348,1,1,0.5730279897940919,CS-STATE_ART-SCSA_PLUS_V3,3,-0.012768500069610052,CS-STATE_ART,-2,CS
27,CS-STATE_ART,1368269027596976129,2,1,-0.09862927028791674,CS-STATE_ART-SCSA_PLUS_V3,6,-1.0885591177958942,CS-STATE_ART,-4,CS
27,CS-STATE_ART,1369303761097785344,3,5,-0.14659730640400387,CS-STATE_ART-SCSA_PLUS_V3,8,-1.8679506747176886,CS-STATE_ART,-5,CS
27,CS-STATE_ART,1369528722538328068,4,4,-0.15038164467042087,CS-STATE_ART-SCSA_PLUS_V3,9,-4.518491430129252,CS-STATE_ART,-5,CS
27,CS-STATE_ART,1369370948634312710,5,1,-0.15541178147188345,CS-STATE_ART-SCSA_PLUS_V3,10,-9.104238061383185,CS-STATE_ART,-5,CS
27,CS-STATE_ART,1369571760140615684,6,4,-0.15590037735026796,CS-STATE_ART-SCSA_PLUS_V3,2,0.11500983752366875,CS-STATE_ART,4,CS
27,CS-STATE_ART,1369455485615759360,7,4,-0.15602648082474124,CS-STATE_ART-SCSA_PLUS_V3,5,-1.0789383930153462,CS-STATE_ART,2,CS
27,CS-STATE_ART,1369608851306278914,8,5,-0.1581652861640415,CS-STATE_ART-SCSA_PLUS_V3,1,0.6631955990872248,CS-STATE_ART,7,CS
27,CS-STATE_ART,1369975631744802817,9,1,-0.15824338457539652,CS-STATE_ART-SCSA_PLUS_V3,7,-1.1054036849937552,CS-STATE_ART,2,CS
27,CS-STATE_ART,1369400099223207936,10,1,-0.16070179969003393,CS-STATE_ART-SCSA_PLUS_V3,4,-0.3928882703819368,CS-STATE_ART,6,CS
28,CS-STATE_ART,1332672152995291138,1,2,-0.053968640660883284,CS-STATE_ART-SCSA_PLUS_V3,1,3.5397127436153477,CS-STATE_ART,0,CS
28,CS-STATE_ART,1361498566024302597,2,5,-0.11603779041320694,CS-STATE_ART-SCSA_PLUS_V3,7,-0.10095672154983262,CS-STATE_ART,-5,CS
28,CS-STATE_ART,1306669595525226500,3,3,-0.12794363520595042,CS-STATE_ART-SCSA_PLUS_V3,5,0.24157841704891211,CS-STATE_ART,-2,CS
28,CS-STATE_ART,1333791058765901825,4,2,-0.13360040291263714,CS-STATE_ART-SCSA_PLUS_V3,2,1.8493470837468857,CS-STATE_ART,2,CS
28,CS-STATE_ART,1366441855416627200,5,5,-0.14756352011832574,CS-STATE_ART-SCSA_PLUS_V3,8,-0.10132161462648402,CS-STATE_ART,-3,CS
28,CS-STATE_ART,1329848482446905349,6,5,-0.15290716948650063,CS-STATE_ART-SCSA_PLUS_V3,6,0.18883325473155965,CS-STATE_ART,0,CS
28,CS-STATE_ART,1355246647446544384,7,5,-0.15544695018083396,CS-STATE_ART-SCSA_PLUS_V3,4,0.24430885258697843,CS-STATE_ART,3,CS
28,CS-STATE_ART,1311335003599433733,8,5,-0.15624773564203676,CS-STATE_ART-SCSA_PLUS_V3,10,-0.9255407263519764,CS-STATE_ART,-2,CS
28,CS-STATE_ART,1329469491961503747,9,5,-0.1578821604178956,CS-STATE_ART-SCSA_PLUS_V3,9,-0.37988210508201703,CS-STATE_ART,0,CS
28,CS-STATE_ART,1313864060669026304,10,1,-0.16206155473278444,CS-STATE_ART-SCSA_PLUS_V3,3,1.8357038291903522,CS-STATE_ART,7,CS
29,CS-STATE_ART,1366184948244176899,1,3,0.17710892646344034,CS-STATE_ART-SCSA_PLUS_V3,10,-0.9187953428646884,CS-STATE_ART,-9,CS
29,CS-STATE_ART,1341859235756453889,2,3,-0.11928390797550685,CS-STATE_ART-SCSA_PLUS_V3,8,-0.6810831667045678,CS-STATE_ART,-6,CS
29,CS-STATE_ART,1331046811704958985,3,3,-0.12193545577388935,CS-STATE_ART-SCSA_PLUS_V3,3,0.5397247971748492,CS-STATE_ART,0,CS
29,CS-STATE_ART,1250915381646176262,4,3,-0.15466501509999248,CS-STATE_ART-SCSA_PLUS_V3,7,-0.18366784367245081,CS-STATE_ART,-3,CS
29,CS-STATE_ART,1261295911185068033,5,4,-0.1609898734687295,CS-STATE_ART-SCSA_PLUS_V3,4,0.46351825202937,CS-STATE_ART,1,CS
29,CS-STATE_ART,1245049389250273280,6,3,-0.16163140887580882,CS-STATE_ART-SCSA_PLUS_V3,9,-0.7892578766303529,CS-STATE_ART,-3,CS
29,CS-STATE_ART,1120471100532625410,7,5,-0.16251843148103784,CS-STATE_ART-SCSA_PLUS_V3,6,0.16757895659403554,CS-STATE_ART,1,CS
29,CS-STATE_ART,1366212322436423682,8,4,-0.16269646615363442,CS-STATE_ART-SCSA_PLUS_V3,2,0.8467181354717586,CS-STATE_ART,6,CS
29,CS-STATE_ART,1368855703612448768,9,3,-0.16286455801808417,CS-STATE_ART-SCSA_PLUS_V3,1,1.7443398247329795,CS-STATE_ART,8,CS
29,CS-STATE_ART,1368840460198838272,10,3,-0.16291805685468283,CS-STATE_ART-SCSA_PLUS_V3,5,0.25922409750925507,CS-STATE_ART,5,CS
30,CS-STATE_ART,1290776688284954625,1,3,-0.11813326777019302,CS-STATE_ART-SCSA_PLUS_V3,6,-0.6730847650432618,CS-STATE_ART,-5,CS
30,CS-STATE_ART,1322524023117533184,2,4,-0.13850330057700877,CS-STATE_ART-SCSA_PLUS_V3,3,-0.21715876514500934,CS-STATE_ART,-1,CS
30,CS-STATE_ART,1329121235423297537,3,5,-0.14365449067425462,CS-STATE_ART-SCSA_PLUS_V3,8,-0.8973820911168598,CS-STATE_ART,-5,CS
30,CS-STATE_ART,1139203333607043073,4,4,-0.14858445477753449,CS-STATE_ART-SCSA_PLUS_V3,7,-0.8506834449098917,CS-STATE_ART,-3,CS
30,CS-STATE_ART,1369307789932265473,5,5,-0.15574245567118997,CS-STATE_ART-SCSA_PLUS_V3,10,-1.9655655320493444,CS-STATE_ART,-5,CS
30,CS-STATE_ART,1363171557250596864,6,3,-0.16032038711094246,CS-STATE_ART-SCSA_PLUS_V3,5,-0.5450230401091017,CS-STATE_ART,1,CS
30,CS-STATE_ART,968536670105726977,7,4,-0.1610328225802145,CS-STATE_ART-SCSA_PLUS_V3,9,-1.908025071047663,CS-STATE_ART,-2,CS
30,CS-STATE_ART,1369605185455017984,8,5,-0.16147896554107083,CS-STATE_ART-SCSA_PLUS_V3,4,-0.37236686360987364,CS-STATE_ART,4,CS
30,CS-STATE_ART,1368741071870562307,9,3,-0.1621039602797921,CS-STATE_ART-SCSA_PLUS_V3,1,0.5361446403236556,CS-STATE_ART,8,CS
30,CS-STATE_ART,1367214933423706113,10,3,-0.16260475300457725,CS-STATE_ART-SCSA_PLUS_V3,2,-0.14135688915861525,CS-STATE_ART,8,CS
31,CS-STATE_ART,1369087867939659782,1,3,-0.14349738680864121,CS-STATE_ART-SCSA_PLUS_V3,2,0.44082105491621415,CS-STATE_ART,-1,CS
31,CS-STATE_ART,1365459905717678084,2,3,-0.16051994120283908,CS-STATE_ART-SCSA_PLUS_V3,6,-1.1040828300766448,CS-STATE_ART,-4,CS
31,CS-STATE_ART,976286019904401408,3,4,-0.16104537453743975,CS-STATE_ART-SCSA_PLUS_V3,9,-2.4154392659003925,CS-STATE_ART,-6,CS
31,CS-STATE_ART,1369649450688409604,4,3,-0.16160631304680423,CS-STATE_ART-SCSA_PLUS_V3,5,-0.6520563298955365,CS-STATE_ART,-1,CS
31,CS-STATE_ART,973719108515717120,5,3,-0.16163500249249727,CS-STATE_ART-SCSA_PLUS_V3,8,-1.3408966056334262,CS-STATE_ART,-3,CS
31,CS-STATE_ART,1369463119479734274,6,4,-0.16182893029813325,CS-STATE_ART-SCSA_PLUS_V3,1,0.5937977884590032,CS-STATE_ART,5,CS
31,CS-STATE_ART,1362439231080169474,7,3,-0.16204232083106226,CS-STATE_ART-SCSA_PLUS_V3,7,-1.139261783482881,CS-STATE_ART,0,CS
31,CS-STATE_ART,1364961278729551872,8,4,-0.16204493967561825,CS-STATE_ART-SCSA_PLUS_V3,10,-2.644247550637665,CS-STATE_ART,-2,CS
31,CS-STATE_ART,1369075112432046081,9,1,-0.16216575184232426,CS-STATE_ART-SCSA_PLUS_V3,3,0.35993167295006284,CS-STATE_ART,6,CS
31,CS-STATE_ART,1369304506064908290,10,3,-0.16269189510889262,CS-STATE_ART-SCSA_PLUS_V3,4,-0.5830569125530717,CS-STATE_ART,6,CS
32,CS-STATE_ART,1367133454241046531,1,4,-0.1386643120165588,CS-STATE_ART-SCSA_PLUS_V3,7,-0.4636522572640921,CS-STATE_ART,-6,CS
32,CS-STATE_ART,1369169336326316036,2,4,-0.15031563248452823,CS-STATE_ART-SCSA_PLUS_V3,3,0.147052437388808,CS-STATE_ART,-1,CS
32,CS-STATE_ART,976304255685423104,3,4,-0.1603169777701433,CS-STATE_ART-SCSA_PLUS_V3,4,-0.01086643537456573,CS-STATE_ART,-1,CS
32,CS-STATE_ART,1369368976128679940,4,4,-0.1616489636025227,CS-STATE_ART-SCSA_PLUS_V3,5,-0.2568617239434402,CS-STATE_ART,-1,CS
32,CS-STATE_ART,1369357633283620870,5,3,-0.1620524186917239,CS-STATE_ART-SCSA_PLUS_V3,9,-1.6172284039171263,CS-STATE_ART,-4,CS
32,CS-STATE_ART,1367444872903462913,6,4,-0.16215225410933434,CS-STATE_ART-SCSA_PLUS_V3,10,-2.7907394510124477,CS-STATE_ART,-4,CS
32,CS-STATE_ART,1369533603194040320,7,2,-0.1621777142116386,CS-STATE_ART-SCSA_PLUS_V3,8,-1.0942954403670055,CS-STATE_ART,-1,CS
32,CS-STATE_ART,1369148225433788417,8,2,-0.1622516269262953,CS-STATE_ART-SCSA_PLUS_V3,6,-0.4510041023913007,CS-STATE_ART,2,CS
32,CS-STATE_ART,1367113449394765824,9,3,-0.162266689043346,CS-STATE_ART-SCSA_PLUS_V3,2,0.28972260553590484,CS-STATE_ART,7,CS
32,CS-STATE_ART,1368911960478257153,10,2,-0.16234141690379222,CS-STATE_ART-SCSA_PLUS_V3,1,1.9283559992592394,CS-STATE_ART,9,CS
33,CS-STATE_ART,1369366150237351943,1,3,-0.13062264657210143,CS-STATE_ART-SCSA_PLUS_V3,10,-12.020365991534298,CS-STATE_ART,-9,CS
33,CS-STATE_ART,1369547940017147907,2,3,-0.13104382597284028,CS-STATE_ART-SCSA_PLUS_V3,5,-1.2251300772801237,CS-STATE_ART,-3,CS
33,CS-STATE_ART,1368604102989541376,3,2,-0.15762070537052023,CS-STATE_ART-SCSA_PLUS_V3,1,0.15492941898078222,CS-STATE_ART,2,CS
33,CS-STATE_ART,1369269245704630276,4,2,-0.15800806056635888,CS-STATE_ART-SCSA_PLUS_V3,4,-1.1164458368120729,CS-STATE_ART,0,CS
33,CS-STATE_ART,1369321348783345674,5,4,-0.1584250394135548,CS-STATE_ART-SCSA_PLUS_V3,3,-0.767420247624624,CS-STATE_ART,2,CS
33,CS-STATE_ART,1369566623913369603,6,4,-0.15916978410769925,CS-STATE_ART-SCSA_PLUS_V3,2,-0.12635298856295935,CS-STATE_ART,4,CS
33,CS-STATE_ART,1369450685708857348,7,3,-0.15943233905627735,CS-STATE_ART-SCSA_PLUS_V3,9,-2.507537572567471,CS-STATE_ART,-2,CS
33,CS-STATE_ART,1369356888568197133,8,3,-0.1595190480951559,CS-STATE_ART-SCSA_PLUS_V3,8,-2.3538565940633247,CS-STATE_ART,0,CS
33,CS-STATE_ART,1369362400403726350,9,4,-0.1610621246439199,CS-STATE_ART-SCSA_PLUS_V3,6,-1.882928825929522,CS-STATE_ART,3,CS
33,CS-STATE_ART,1369605923732393985,10,2,-0.16219806840646073,CS-STATE_ART-SCSA_PLUS_V3,7,-2.1215625878659625,CS-STATE_ART,3,CS
34,CS-STATE_ART,1369404129643216897,1,3,-0.13458019767801657,CS-STATE_ART-SCSA_PLUS_V3,8,-3.4795514963889405,CS-STATE_ART,-7,CS
34,CS-STATE_ART,1369460521846575104,2,2,-0.13571816788995608,CS-STATE_ART-SCSA_PLUS_V3,10,-4.268116198499083,CS-STATE_ART,-8,CS
34,CS-STATE_ART,1370017497710215170,3,2,-0.14234999447183225,CS-STATE_ART-SCSA_PLUS_V3,6,-2.3056558423406206,CS-STATE_ART,-3,CS
34,CS-STATE_ART,1369536457992470528,4,4,-0.15114743619435692,CS-STATE_ART-SCSA_PLUS_V3,3,-1.4811060404193634,CS-STATE_ART,1,CS
34,CS-STATE_ART,1369270015699136512,5,2,-0.15484876113960439,CS-STATE_ART-SCSA_PLUS_V3,9,-3.7136364510393776,CS-STATE_ART,-4,CS
34,CS-STATE_ART,1369968831666487296,6,3,-0.15703103166142013,CS-STATE_ART-SCSA_PLUS_V3,2,-1.3249451826027907,CS-STATE_ART,4,CS
34,CS-STATE_ART,1370057097107345411,7,3,-0.15745091071521994,CS-STATE_ART-SCSA_PLUS_V3,5,-2.043873465251001,CS-STATE_ART,2,CS
34,CS-STATE_ART,1369475595466375169,8,3,-0.15816385676765146,CS-STATE_ART-SCSA_PLUS_V3,4,-1.6609132656016656,CS-STATE_ART,4,CS
34,CS-STATE_ART,1369460811760988160,9,4,-0.1597057666735173,CS-STATE_ART-SCSA_PLUS_V3,7,-3.372878904360285,CS-STATE_ART,2,CS
34,CS-STATE_ART,1369585318521802763,10,4,-0.1605040615186143,CS-STATE_ART-SCSA_PLUS_V3,1,-0.558712306973454,CS-STATE_ART,9,CS
35,CS-STATE_ART,1337396723610771457,1,1,0.0959134209815244,CS-STATE_ART-SCSA_PLUS_V3,1,2.434779615578899,CS-STATE_ART,0,CS
35,CS-STATE_ART,1152351180225335296,2,2,0.05682049795907656,CS-STATE_ART-SCSA_PLUS_V3,5,0.20954314761370846,CS-STATE_ART,-3,CS
35,CS-STATE_ART,1189249540412624898,3,2,-0.014854004344830469,CS-STATE_ART-SCSA_PLUS_V3,7,0.0983283081488404,CS-STATE_ART,-4,CS
35,CS-STATE_ART,1322493521245298689,4,1,-0.015694499428656555,CS-STATE_ART-SCSA_PLUS_V3,2,1.07194210649672,CS-STATE_ART,2,CS
35,CS-STATE_ART,1330209367002472448,5,1,-0.020250873464649138,CS-STATE_ART-SCSA_PLUS_V3,3,0.9503559109445263,CS-STATE_ART,2,CS
35,CS-STATE_ART,1362483585169686531,6,2,-0.06414606711013685,CS-STATE_ART-SCSA_PLUS_V3,10,-0.34266508178053395,CS-STATE_ART,-4,CS
35,CS-STATE_ART,1287306318961872896,7,1,-0.1294706624250547,CS-STATE_ART-SCSA_PLUS_V3,4,0.61355922873577,CS-STATE_ART,3,CS
35,CS-STATE_ART,1285629613067038720,8,2,-0.15109433067484992,CS-STATE_ART-SCSA_PLUS_V3,9,-0.03501845665087274,CS-STATE_ART,-1,CS
35,CS-STATE_ART,1363561378552958976,9,3,-0.1615439160295636,CS-STATE_ART-SCSA_PLUS_V3,8,0.010435976030854556,CS-STATE_ART,1,CS
35,CS-STATE_ART,1272336376927666176,10,2,-0.16200072191880313,CS-STATE_ART-SCSA_PLUS_V3,6,0.15834536151235978,CS-STATE_ART,4,CS
36,CS-STATE_ART,1146224584443727872,1,3,0.9979423343445964,CS-STATE_ART-SCSA_PLUS_V3,3,1.456026363289658,CS-STATE_ART,-2,CS
36,CS-STATE_ART,1055619307084800000,2,4,0.3468043862657819,CS-STATE_ART-SCSA_PLUS_V3,1,4.073839413237508,CS-STATE_ART,1,CS
36,CS-STATE_ART,1337102280059834370,3,5,0.1008281502107142,CS-STATE_ART-SCSA_PLUS_V3,7,-0.7034960145974156,CS-STATE_ART,-4,CS
36,CS-STATE_ART,1350865539091066881,4,5,-0.005165996965306128,CS-STATE_ART-SCSA_PLUS_V3,5,0.08937396373738687,CS-STATE_ART,-1,CS
36,CS-STATE_ART,1319321276171759617,5,5,-0.062126355000262125,CS-STATE_ART-SCSA_PLUS_V3,10,-1.6176735915961549,CS-STATE_ART,-5,CS
36,CS-STATE_ART,1254427280794845185,6,5,-0.09539671002919502,CS-STATE_ART-SCSA_PLUS_V3,8,-1.140798197514416,CS-STATE_ART,-2,CS
36,CS-STATE_ART,1338550048892710913,7,5,-0.10726534132499412,CS-STATE_ART-SCSA_PLUS_V3,9,-1.5344351159615524,CS-STATE_ART,-2,CS
36,CS-STATE_ART,1320726746329743363,8,5,-0.11256368741400277,CS-STATE_ART-SCSA_PLUS_V3,2,1.7804589854524047,CS-STATE_ART,6,CS
36,CS-STATE_ART,1334214244632580097,9,4,-0.11276378155429609,CS-STATE_ART-SCSA_PLUS_V3,6,-0.2449535814365974,CS-STATE_ART,3,CS
36,CS-STATE_ART,1307801712107966476,10,5,-0.1323501782208748,CS-STATE_ART-SCSA_PLUS_V3,4,0.9227404071536376,CS-STATE_ART,6,CS
37,CS-STATE_ART,1351923223638794246,1,1,0.45324832218817807,CS-STATE_ART-SCSA_PLUS_V3,1,1.6877110758994331,CS-STATE_ART,0,CS
37,CS-STATE_ART,1356264437729124353,2,1,0.13609383013892407,CS-STATE_ART-SCSA_PLUS_V3,8,-0.8872653503020096,CS-STATE_ART,-6,CS
37,CS-STATE_ART,1331689113494446085,3,1,0.04061324203009344,CS-STATE_ART-SCSA_PLUS_V3,2,1.5891790465367919,CS-STATE_ART,1,CS
37,CS-STATE_ART,1328065268942336000,4,4,-0.02415474027698325,CS-STATE_ART-SCSA_PLUS_V3,4,0.4476119319357031,CS-STATE_ART,0,CS
37,CS-STATE_ART,1367114880378146824,5,1,-0.041424536483973075,CS-STATE_ART-SCSA_PLUS_V3,3,0.6193438789175497,CS-STATE_ART,2,CS
37,CS-STATE_ART,1349775316366090242,6,4,-0.08745331587264027,CS-STATE_ART-SCSA_PLUS_V3,5,0.3437537516785507,CS-STATE_ART,1,CS
37,CS-STATE_ART,1152354497189965824,7,1,-0.09452150193447835,CS-STATE_ART-SCSA_PLUS_V3,6,-0.561839752038371,CS-STATE_ART,1,CS
37,CS-STATE_ART,1329150877941305345,8,3,-0.15707775169075242,CS-STATE_ART-SCSA_PLUS_V3,7,-0.7441482035121864,CS-STATE_ART,1,CS
37,CS-STATE_ART,1365407295384018947,9,1,-0.1620490293069972,CS-STATE_ART-SCSA_PLUS_V3,10,-1.5112993212704755,CS-STATE_ART,-1,CS
37,CS-STATE_ART,1364320994337427461,10,3,-0.16234425481272088,CS-STATE_ART-SCSA_PLUS_V3,9,-1.1481070041472603,CS-STATE_ART,1,CS
38,CS-STATE_ART,1367625947462184961,1,5,-0.14865159320630988,CS-STATE_ART-SCSA_PLUS_V3,9,-1.3560418440561621,CS-STATE_ART,-8,CS
38,CS-STATE_ART,1363322581076619265,2,5,-0.15904605881024234,CS-STATE_ART-SCSA_PLUS_V3,8,-1.0448338071357386,CS-STATE_ART,-6,CS
38,CS-STATE_ART,1369521918412472320,3,5,-0.16117225154748693,CS-STATE_ART-SCSA_PLUS_V3,6,-0.7758018253650107,CS-STATE_ART,-3,CS
38,CS-STATE_ART,1369181189932777474,4,5,-0.16143247988500004,CS-STATE_ART-SCSA_PLUS_V3,10,-1.788744767211098,CS-STATE_ART,-6,CS
38,CS-STATE_ART,1352922753565863936,5,4,-0.1618818639980376,CS-STATE_ART-SCSA_PLUS_V3,4,-0.18268332968968665,CS-STATE_ART,1,CS
38,CS-STATE_ART,1369499281833537540,6,5,-0.1618971945198322,CS-STATE_ART-SCSA_PLUS_V3,7,-1.0100426720295603,CS-STATE_ART,-1,CS
38,CS-STATE_ART,1368999972792844292,7,5,-0.16202754897972851,CS-STATE_ART-SCSA_PLUS_V3,3,-0.06705899930974844,CS-STATE_ART,4,CS
38,CS-STATE_ART,1361209516277174279,8,5,-0.1622929320216088,CS-STATE_ART-SCSA_PLUS_V3,5,-0.49845247740410137,CS-STATE_ART,3,CS
38,CS-STATE_ART,1369036451845869573,9,5,-0.16255937014909336,CS-STATE_ART-SCSA_PLUS_V3,2,0.039768924436841505,CS-STATE_ART,7,CS
38,CS-STATE_ART,1329140321402445824,10,5,-0.16260101036304464,CS-STATE_ART-SCSA_PLUS_V3,1,0.10155675003258427,CS-STATE_ART,9,CS
39,CS-STATE_ART,1369414843720208384,1,4,-0.09746807497385157,CS-STATE_ART-SCSA_PLUS_V3,4,-0.3470461843806012,CS-STATE_ART,-3,CS
39,CS-STATE_ART,1369135857110638592,2,5,-0.12352600992571092,CS-STATE_ART-SCSA_PLUS_V3,3,-0.18459674768220555,CS-STATE_ART,-1,CS
39,CS-STATE_ART,423131090803777536,3,5,-0.15678632523386876,CS-STATE_ART-SCSA_PLUS_V3,2,0.01820205137590613,CS-STATE_ART,1,CS
39,CS-STATE_ART,1364908035932569600,4,5,-0.15913249489181064,CS-STATE_ART-SCSA_PLUS_V3,9,-1.9159082518703818,CS-STATE_ART,-5,CS
39,CS-STATE_ART,421376352319983617,5,4,-0.16038094947885193,CS-STATE_ART-SCSA_PLUS_V3,1,0.49075179205224184,CS-STATE_ART,4,CS
39,CS-STATE_ART,1366870970351427588,6,5,-0.16052886555097187,CS-STATE_ART-SCSA_PLUS_V3,10,-2.134513073372507,CS-STATE_ART,-4,CS
39,CS-STATE_ART,1368487216775893000,7,5,-0.16132110141731723,CS-STATE_ART-SCSA_PLUS_V3,6,-0.5918737407629174,CS-STATE_ART,1,CS
39,CS-STATE_ART,1364156801109938178,8,4,-0.16236677198418548,CS-STATE_ART-SCSA_PLUS_V3,8,-0.8377776330088605,CS-STATE_ART,0,CS
39,CS-STATE_ART,1369575294806425603,9,5,-0.162396094820928,CS-STATE_ART-SCSA_PLUS_V3,7,-0.6585218463141133,CS-STATE_ART,2,CS
39,CS-STATE_ART,1368772235683586050,10,3,-0.1625429434788583,CS-STATE_ART-SCSA_PLUS_V3,5,-0.5271052242730173,CS-STATE_ART,5,CS
40,CS-STATE_ART,1320019327425286144,1,5,0.09425829826911945,CS-STATE_ART-SCSA_PLUS_V3,1,1.0022679898072626,CS-STATE_ART,0,CS
40,CS-STATE_ART,1341514552819724288,2,3,-0.06825069014151254,CS-STATE_ART-SCSA_PLUS_V3,3,0.6220493707403213,CS-STATE_ART,-1,CS
40,CS-STATE_ART,1354759783157534720,3,2,-0.13517344722280003,CS-STATE_ART-SCSA_PLUS_V3,10,-3.136196932211585,CS-STATE_ART,-7,CS
40,CS-STATE_ART,1336775151128518656,4,5,-0.13738198243485958,CS-STATE_ART-SCSA_PLUS_V3,6,-0.3160863989106758,CS-STATE_ART,-2,CS
40,CS-STATE_ART,1341428444190617600,5,2,-0.13947692146483684,CS-STATE_ART-SCSA_PLUS_V3,4,0.5337115163111246,CS-STATE_ART,1,CS
40,CS-STATE_ART,1338592930022363139,6,5,-0.1462227479128133,CS-STATE_ART-SCSA_PLUS_V3,8,-0.9213822114451771,CS-STATE_ART,-2,CS
40,CS-STATE_ART,1337106387751620613,7,1,-0.15262972434451733,CS-STATE_ART-SCSA_PLUS_V3,7,-0.6632773804383324,CS-STATE_ART,0,CS
40,CS-STATE_ART,1359946667429093378,8,2,-0.15293755983338245,CS-STATE_ART-SCSA_PLUS_V3,2,0.6531365800276614,CS-STATE_ART,6,CS
40,CS-STATE_ART,1319756701126459398,9,5,-0.15593299379778822,CS-STATE_ART-SCSA_PLUS_V3,9,-2.7542120396589413,CS-STATE_ART,0,CS
40,CS-STATE_ART,1363945864633401344,10,5,-0.1587494710309002,CS-STATE_ART-SCSA_PLUS_V3,5,0.30292164233922114,CS-STATE_ART,5,CS
41,CS-STATE_ART,1356407112385982464,1,1,12.855715630254767,CS-STATE_ART-SCSA_PLUS_V3,1,20.246710094723326,CS-STATE_ART,0,CS
41,CS-STATE_ART,1342918732486594560,2,3,6.251479868117624,CS-STATE_ART-SCSA_PLUS_V3,2,12.62738616327516,CS-STATE_ART,0,CS
41,CS-STATE_ART,1316771044049391617,3,1,2.3223312453128,CS-STATE_ART-SCSA_PLUS_V3,3,4.203191111942101,CS-STATE_ART,0,CS
41,CS-STATE_ART,1367522051762757632,4,3,0.547915187517189,CS-STATE_ART-SCSA_PLUS_V3,4,1.2962794066124237,CS-STATE_ART,0,CS
41,CS-STATE_ART,1367295825731227650,5,1,0.4898587654210508,CS-STATE_ART-SCSA_PLUS_V3,9,0.2572409969737445,CS-STATE_ART,-4,CS
41,CS-STATE_ART,1368999845856436224,6,3,0.28586740143157624,CS-STATE_ART-SCSA_PLUS_V3,6,0.4379497398594536,CS-STATE_ART,0,CS
41,CS-STATE_ART,1350629002302550016,7,1,0.08364370740790499,CS-STATE_ART-SCSA_PLUS_V3,10,-2.698117590563856,CS-STATE_ART,-3,CS
41,CS-STATE_ART,1364711711891206151,8,5,0.05785470594234074,CS-STATE_ART-SCSA_PLUS_V3,5,0.5549486625201807,CS-STATE_ART,3,CS
41,CS-STATE_ART,1291753980247375873,9,4,-0.007761736980412747,CS-STATE_ART-SCSA_PLUS_V3,7,0.38566777978564887,CS-STATE_ART,2,CS
41,CS-STATE_ART,1365710371206488066,10,5,-0.08140851536870142,CS-STATE_ART-SCSA_PLUS_V3,8,0.37658348466181446,CS-STATE_ART,2,CS
42,CS-STATE_ART,1283200387101712384,1,1,-0.13897514471977965,CS-STATE_ART-SCSA_PLUS_V3,6,0.2549601895301651,CS-STATE_ART,-5,CS
42,CS-STATE_ART,1367351364477624321,2,5,-0.1460518112226265,CS-STATE_ART-SCSA_PLUS_V3,5,0.38472835789978177,CS-STATE_ART,-3,CS
42,CS-STATE_ART,1316378741061320711,3,5,-0.15659491876874326,CS-STATE_ART-SCSA_PLUS_V3,2,0.7565363360776871,CS-STATE_ART,1,CS
42,CS-STATE_ART,1356256641814065162,4,5,-0.1572686365315415,CS-STATE_ART-SCSA_PLUS_V3,7,0.08435795015541352,CS-STATE_ART,-3,CS
42,CS-STATE_ART,1361692398867402752,5,5,-0.16026348980557711,CS-STATE_ART-SCSA_PLUS_V3,1,2.7097150294572097,CS-STATE_ART,4,CS
42,CS-STATE_ART,1364632186884939780,6,1,-0.1608970545030705,CS-STATE_ART-SCSA_PLUS_V3,10,-1.4956580383351892,CS-STATE_ART,-4,CS
42,CS-STATE_ART,1242185573193768960,7,5,-0.1620594530993722,CS-STATE_ART-SCSA_PLUS_V3,8,-0.7933047489095182,CS-STATE_ART,-1,CS
42,CS-STATE_ART,1325114525104758784,8,1,-0.16234804894562732,CS-STATE_ART-SCSA_PLUS_V3,9,-0.9906313105810025,CS-STATE_ART,-1,CS
42,CS-STATE_ART,1350632339206901761,9,2,-0.1624559668407866,CS-STATE_ART-SCSA_PLUS_V3,4,0.4319187594836833,CS-STATE_ART,5,CS
42,CS-STATE_ART,1369104826869506049,10,2,-0.16265293605073738,CS-STATE_ART-SCSA_PLUS_V3,3,0.562555627420693,CS-STATE_ART,7,CS
43,CS-STATE_ART,1358058477785120769,1,2,12.899278738410155,CS-STATE_ART-SCSA_PLUS_V3,1,21.322423159682934,CS-STATE_ART,0,CS
43,CS-STATE_ART,1334724211689074688,2,2,2.6932319277629166,CS-STATE_ART-SCSA_PLUS_V3,2,5.430779848719928,CS-STATE_ART,0,CS
43,CS-STATE_ART,1316909183225286657,3,2,0.819967714372644,CS-STATE_ART-SCSA_PLUS_V3,3,2.6523770218620704,CS-STATE_ART,0,CS
43,CS-STATE_ART,1332420899471990786,4,3,0.2988122943204065,CS-STATE_ART-SCSA_PLUS_V3,6,0.9881948167640616,CS-STATE_ART,-2,CS
43,CS-STATE_ART,1290389884927000582,5,2,0.218555436212838,CS-STATE_ART-SCSA_PLUS_V3,4,1.4960332191364811,CS-STATE_ART,1,CS
43,CS-STATE_ART,1349775316366090242,6,2,-0.08745331587264027,CS-STATE_ART-SCSA_PLUS_V3,7,0.3437537516785507,CS-STATE_ART,-1,CS
43,CS-STATE_ART,1365178104310763520,7,2,-0.09382928418237832,CS-STATE_ART-SCSA_PLUS_V3,8,0.3028220403772718,CS-STATE_ART,-1,CS
43,CS-STATE_ART,1363674987626856448,8,2,-0.12469212438349081,CS-STATE_ART-SCSA_PLUS_V3,5,1.2737045904905002,CS-STATE_ART,3,CS
43,CS-STATE_ART,1334706123971162115,9,2,-0.1320757840737022,CS-STATE_ART-SCSA_PLUS_V3,10,-0.47847121446422775,CS-STATE_ART,-1,CS
43,CS-STATE_ART,1359547910619344904,10,2,-0.13258565705166822,CS-STATE_ART-SCSA_PLUS_V3,9,0.17854554893454622,CS-STATE_ART,1,CS
44,CS-STATE_ART,1369546496165765121,1,3,-0.12682943544296987,CS-STATE_ART-SCSA_PLUS_V3,6,-4.443740923659619,CS-STATE_ART,-5,CS
44,CS-STATE_ART,1369398802537476096,2,3,-0.13083420541830285,CS-STATE_ART-SCSA_PLUS_V3,5,-3.2424203064980825,CS-STATE_ART,-3,CS
44,CS-STATE_ART,1369434342053806090,3,2,-0.14591667171681733,CS-STATE_ART-SCSA_PLUS_V3,7,-4.466303907616872,CS-STATE_ART,-4,CS
44,CS-STATE_ART,1370028580516732943,4,3,-0.15108268699060923,CS-STATE_ART-SCSA_PLUS_V3,2,-0.4595361835545912,CS-STATE_ART,2,CS
44,CS-STATE_ART,1369449199343960065,5,5,-0.15499642204220526,CS-STATE_ART-SCSA_PLUS_V3,8,-5.603332803967148,CS-STATE_ART,-3,CS
44,CS-STATE_ART,1369102305748992003,6,2,-0.15528679552382704,CS-STATE_ART-SCSA_PLUS_V3,1,-0.0673006649022767,CS-STATE_ART,5,CS
44,CS-STATE_ART,1369377939381497859,7,5,-0.15530579772501113,CS-STATE_ART-SCSA_PLUS_V3,10,-10.096472636049736,CS-STATE_ART,-3,CS
44,CS-STATE_ART,1369457998523949060,8,5,-0.15543726120704537,CS-STATE_ART-SCSA_PLUS_V3,9,-8.323328955794963,CS-STATE_ART,-1,CS
44,CS-STATE_ART,1369332550347407367,9,5,-0.15859271857282584,CS-STATE_ART-SCSA_PLUS_V3,3,-1.0075012005620008,CS-STATE_ART,6,CS
44,CS-STATE_ART,1369609984468783107,10,3,-0.16006336099509885,CS-STATE_ART-SCSA_PLUS_V3,4,-2.9940042082564085,CS-STATE_ART,6,CS
45,CS-STATE_ART,1264644362731913216,1,5,-0.151083619240934,CS-STATE_ART-SCSA_PLUS_V3,8,-0.6152175944547245,CS-STATE_ART,-7,CS
45,CS-STATE_ART,1366899538502426633,2,5,-0.15113073978286715,CS-STATE_ART-SCSA_PLUS_V3,2,1.7208673787790654,CS-STATE_ART,0,CS
45,CS-STATE_ART,1359267423346716677,3,4,-0.15761508280856634,CS-STATE_ART-SCSA_PLUS_V3,7,-0.4375373565509426,CS-STATE_ART,-4,CS
45,CS-STATE_ART,1358213026541834240,4,4,-0.1586801718138165,CS-STATE_ART-SCSA_PLUS_V3,1,1.7757607310983303,CS-STATE_ART,3,CS
45,CS-STATE_ART,1353755766625234944,5,5,-0.15888297173021104,CS-STATE_ART-SCSA_PLUS_V3,10,-1.052700138107853,CS-STATE_ART,-5,CS
45,CS-STATE_ART,1330308453508800527,6,3,-0.16125346665533857,CS-STATE_ART-SCSA_PLUS_V3,6,-0.10015585243687332,CS-STATE_ART,0,CS
45,CS-STATE_ART,1174371887159242752,7,4,-0.16143993567077067,CS-STATE_ART-SCSA_PLUS_V3,9,-0.6291717111760758,CS-STATE_ART,-2,CS
45,CS-STATE_ART,1179754999171047425,8,5,-0.16216656668655527,CS-STATE_ART-SCSA_PLUS_V3,4,0.13000163326032213,CS-STATE_ART,4,CS
45,CS-STATE_ART,1335107635767439361,9,4,-0.1621814180530258,CS-STATE_ART-SCSA_PLUS_V3,5,0.06871453017499794,CS-STATE_ART,4,CS
45,CS-STATE_ART,1269780932891774976,10,4,-0.16220541772603628,CS-STATE_ART-SCSA_PLUS_V3,3,0.6071161819784907,CS-STATE_ART,7,CS
46,CS-STATE_ART,1368340015001042945,1,4,-0.010928312801766267,CS-STATE_ART-SCSA_PLUS_V3,5,-0.7668443478889838,CS-STATE_ART,-4,CS
46,CS-STATE_ART,1369498268011552768,2,3,-0.12873621471292646,CS-STATE_ART-SCSA_PLUS_V3,9,-2.19302333879383,CS-STATE_ART,-7,CS
46,CS-STATE_ART,1369440894961786880,3,4,-0.13384788998444225,CS-STATE_ART-SCSA_PLUS_V3,1,0.12031957541806965,CS-STATE_ART,2,CS
46,CS-STATE_ART,1369551925285449729,4,3,-0.155155733494474,CS-STATE_ART-SCSA_PLUS_V3,4,-0.6382308236506835,CS-STATE_ART,0,CS
46,CS-STATE_ART,1369593103208886276,5,3,-0.15850628491228896,CS-STATE_ART-SCSA_PLUS_V3,8,-1.6628261619098483,CS-STATE_ART,-3,CS
46,CS-STATE_ART,1369121138861891587,6,2,-0.16041616269409337,CS-STATE_ART-SCSA_PLUS_V3,7,-1.009380234770235,CS-STATE_ART,-1,CS
46,CS-STATE_ART,1369106243755900928,7,3,-0.16098166817881582,CS-STATE_ART-SCSA_PLUS_V3,6,-0.832334372769189,CS-STATE_ART,1,CS
46,CS-STATE_ART,1369596392834932746,8,4,-0.16101907165514123,CS-STATE_ART-SCSA_PLUS_V3,2,0.04395763873512038,CS-STATE_ART,6,CS
46,CS-STATE_ART,1369432600448745472,9,3,-0.1611893285576494,CS-STATE_ART-SCSA_PLUS_V3,3,-0.4397069764681406,CS-STATE_ART,6,CS
46,CS-STATE_ART,1369332242410049546,10,5,-0.1615882960639536,CS-STATE_ART-SCSA_PLUS_V3,10,-3.034079244070305,CS-STATE_ART,0,CS
47,CS-STATE_ART,1367862841907294209,1,5,-0.010198789245847651,CS-STATE_ART-SCSA_PLUS_V3,3,0.7518977890871412,CS-STATE_ART,-2,CS
47,CS-STATE_ART,1368487188724350976,2,5,-0.06648540827708722,CS-STATE_ART-SCSA_PLUS_V3,5,0.05034280407520026,CS-STATE_ART,-3,CS
47,CS-STATE_ART,1349775316366090242,3,3,-0.08745331587264027,CS-STATE_ART-SCSA_PLUS_V3,4,0.3437537516785507,CS-STATE_ART,-1,CS
47,CS-STATE_ART,1368174374247923712,4,5,-0.13905178307306104,CS-STATE_ART-SCSA_PLUS_V3,9,-1.7869251171427254,CS-STATE_ART,-5,CS
47,CS-STATE_ART,1369411191316025345,5,5,-0.15338894721722385,CS-STATE_ART-SCSA_PLUS_V3,10,-2.8585337546023326,CS-STATE_ART,-5,CS
47,CS-STATE_ART,1368234120082554894,6,5,-0.15778443897096378,CS-STATE_ART-SCSA_PLUS_V3,1,1.2221980179903191,CS-STATE_ART,5,CS
47,CS-STATE_ART,1369391021642158086,7,5,-0.16067516300085677,CS-STATE_ART-SCSA_PLUS_V3,8,-1.7033312244978769,CS-STATE_ART,-1,CS
47,CS-STATE_ART,1369397637267488772,8,5,-0.1617499338395457,CS-STATE_ART-SCSA_PLUS_V3,7,-1.5703830601727922,CS-STATE_ART,1,CS
47,CS-STATE_ART,1369276490832023555,9,5,-0.16210547171121137,CS-STATE_ART-SCSA_PLUS_V3,6,-0.6572771010990455,CS-STATE_ART,3,CS
47,CS-STATE_ART,1369347272975282184,10,5,-0.1625348251250073,CS-STATE_ART-SCSA_PLUS_V3,2,1.0708740132664114,CS-STATE_ART,8,CS
48,CS-STATE_ART,1369456184554569731,1,5,0.27776293150522674,CS-STATE_ART-SCSA_PLUS_V3,1,-0.2653593223950942,CS-STATE_ART,0,CS
48,CS-STATE_ART,1369570003729649671,2,5,-0.14474748478450275,CS-STATE_ART-SCSA_PLUS_V3,6,-2.2472095820654605,CS-STATE_ART,-4,CS
48,CS-STATE_ART,1369528480627650560,3,5,-0.1456118588699968,CS-STATE_ART-SCSA_PLUS_V3,10,-8.148917761669535,CS-STATE_ART,-7,CS
48,CS-STATE_ART,1369517501248372738,4,5,-0.14947284590793017,CS-STATE_ART-SCSA_PLUS_V3,4,-1.6535455202151172,CS-STATE_ART,0,CS
48,CS-STATE_ART,1369489233153515523,5,5,-0.15634759911608598,CS-STATE_ART-SCSA_PLUS_V3,7,-2.3688260857613326,CS-STATE_ART,-2,CS
48,CS-STATE_ART,1369294887481450502,6,5,-0.16031758651808498,CS-STATE_ART-SCSA_PLUS_V3,8,-2.4462131830413565,CS-STATE_ART,-2,CS
48,CS-STATE_ART,1369321844449361921,7,5,-0.16044873530603276,CS-STATE_ART-SCSA_PLUS_V3,5,-2.0541579177949956,CS-STATE_ART,2,CS
48,CS-STATE_ART,1369570221162459143,8,5,-0.16096691523138143,CS-STATE_ART-SCSA_PLUS_V3,3,-1.133160178915643,CS-STATE_ART,5,CS
48,CS-STATE_ART,1369592804683419651,9,5,-0.16140998820743047,CS-STATE_ART-SCSA_PLUS_V3,9,-2.4818435448742346,CS-STATE_ART,0,CS
48,CS-STATE_ART,1369460712054153219,10,5,-0.16160069752324008,CS-STATE_ART-SCSA_PLUS_V3,2,-0.512522797406116,CS-STATE_ART,8,CS
49,CS-STATE_ART,1368483092252401666,1,5,0.06296310378053417,CS-STATE_ART-SCSA_PLUS_V3,9,-1.7307940844603187,CS-STATE_ART,-8,CS
49,CS-STATE_ART,1368669282452840452,2,2,-0.11364551691467242,CS-STATE_ART-SCSA_PLUS_V3,3,0.502765765194332,CS-STATE_ART,-1,CS
49,CS-STATE_ART,1273665566763433984,3,5,-0.15345679893181613,CS-STATE_ART-SCSA_PLUS_V3,8,-1.6224751421914094,CS-STATE_ART,-5,CS
49,CS-STATE_ART,1271193376147177472,4,5,-0.1546017753823085,CS-STATE_ART-SCSA_PLUS_V3,10,-2.9242620441295983,CS-STATE_ART,-6,CS
49,CS-STATE_ART,1259322582949679104,5,5,-0.16066812149624274,CS-STATE_ART-SCSA_PLUS_V3,6,-0.37121850857103755,CS-STATE_ART,-1,CS
49,CS-STATE_ART,1184552999428866048,6,5,-0.1608215017804267,CS-STATE_ART-SCSA_PLUS_V3,7,-0.849447529577848,CS-STATE_ART,-1,CS
49,CS-STATE_ART,1306044998408904704,7,5,-0.16106315343151903,CS-STATE_ART-SCSA_PLUS_V3,1,2.9310038191394905,CS-STATE_ART,6,CS
49,CS-STATE_ART,1183046883347841024,8,5,-0.16163938079149157,CS-STATE_ART-SCSA_PLUS_V3,5,-0.07297516330214542,CS-STATE_ART,3,CS
49,CS-STATE_ART,1316050559518949376,9,5,-0.1617948333711683,CS-STATE_ART-SCSA_PLUS_V3,4,0.05770135078052982,CS-STATE_ART,5,CS
49,CS-STATE_ART,1334926517722378242,10,3,-0.16227247377893844,CS-STATE_ART-SCSA_PLUS_V3,2,0.6148222425102308,CS-STATE_ART,8,CS
50,CS-STATE_ART,1368697794417065992,1,4,-0.08735036234877963,CS-STATE_ART-SCSA_PLUS_V3,1,-0.24366994373772016,CS-STATE_ART,0,CS
50,CS-STATE_ART,1369425009303822344,2,4,-0.1397998831823555,CS-STATE_ART-SCSA_PLUS_V3,8,-1.8615104917929264,CS-STATE_ART,-6,CS
50,CS-STATE_ART,1369430517381267460,3,3,-0.14365205550126792,CS-STATE_ART-SCSA_PLUS_V3,5,-1.0684315402049809,CS-STATE_ART,-2,CS
50,CS-STATE_ART,1369266567423397891,4,4,-0.1471952625162108,CS-STATE_ART-SCSA_PLUS_V3,2,-0.6112697821954519,CS-STATE_ART,2,CS
50,CS-STATE_ART,1369469059427893249,5,4,-0.154880934390866,CS-STATE_ART-SCSA_PLUS_V3,9,-2.4370766399185273,CS-STATE_ART,-4,CS
50,CS-STATE_ART,1369189230489001991,6,4,-0.15780842021954625,CS-STATE_ART-SCSA_PLUS_V3,3,-0.7343556332921634,CS-STATE_ART,3,CS
50,CS-STATE_ART,1369596898127077379,7,2,-0.1604663579495648,CS-STATE_ART-SCSA_PLUS_V3,4,-0.9032838867542456,CS-STATE_ART,3,CS
50,CS-STATE_ART,1369569992732250114,8,4,-0.16049760698956442,CS-STATE_ART-SCSA_PLUS_V3,7,-1.5242043360587365,CS-STATE_ART,1,CS
50,CS-STATE_ART,1369617901678964736,9,3,-0.1608433136342031,CS-STATE_ART-SCSA_PLUS_V3,10,-2.546188348007645,CS-STATE_ART,-1,CS
50,CS-STATE_ART,1369559628183445504,10,3,-0.16179128389032052,CS-STATE_ART-SCSA_PLUS_V3,6,-1.256732762674072,CS-STATE_ART,4,CS
51,CS-STATE_ART,1330194382914514949,1,5,0.2243276853829842,CS-STATE_ART-SCSA_PLUS_V3,3,3.041738145331696,CS-STATE_ART,-2,CS
51,CS-STATE_ART,1328413175620964353,2,5,-0.027956146007458896,CS-STATE_ART-SCSA_PLUS_V3,10,-6.8780929853896495,CS-STATE_ART,-8,CS
51,CS-STATE_ART,1327280720084164608,3,3,-0.04634521565804762,CS-STATE_ART-SCSA_PLUS_V3,8,-0.9810161902934944,CS-STATE_ART,-5,CS
51,CS-STATE_ART,1367197078829506565,4,5,-0.0842865034392534,CS-STATE_ART-SCSA_PLUS_V3,5,0.3596768248698819,CS-STATE_ART,-1,CS
51,CS-STATE_ART,1368751184434040836,5,3,-0.15359730270266092,CS-STATE_ART-SCSA_PLUS_V3,6,0.2187399595329985,CS-STATE_ART,-1,CS
51,CS-STATE_ART,1366830686498217984,6,5,-0.1559287717236577,CS-STATE_ART-SCSA_PLUS_V3,1,3.376015366335125,CS-STATE_ART,5,CS
51,CS-STATE_ART,1315366562069700616,7,2,-0.1587034688188275,CS-STATE_ART-SCSA_PLUS_V3,4,1.3904025848950947,CS-STATE_ART,3,CS
51,CS-STATE_ART,1369056709117808640,8,5,-0.1616971920749081,CS-STATE_ART-SCSA_PLUS_V3,9,-1.7491500981055248,CS-STATE_ART,-1,CS
51,CS-STATE_ART,1366768521854656512,9,5,-0.1619680429239624,CS-STATE_ART-SCSA_PLUS_V3,2,3.3673810653005556,CS-STATE_ART,7,CS
51,CS-STATE_ART,1368747076528578560,10,3,-0.16208615575810176,CS-STATE_ART-SCSA_PLUS_V3,7,-0.9785474964498226,CS-STATE_ART,3,CS
53,CS-STATE_ART,1368614821147598851,1,1,-0.06694871147427538,CS-STATE_ART-SCSA_PLUS_V3,7,-0.2628788092811815,CS-STATE_ART,-6,CS
53,CS-STATE_ART,1361767244125110275,2,1,-0.08887201635644543,CS-STATE_ART-SCSA_PLUS_V3,5,0.28835771627763945,CS-STATE_ART,-3,CS
53,CS-STATE_ART,1366209721124839425,3,2,-0.10571455346808198,CS-STATE_ART-SCSA_PLUS_V3,2,0.9803296699144675,CS-STATE_ART,1,CS
53,CS-STATE_ART,1365708399791505416,4,1,-0.11009445482216439,CS-STATE_ART-SCSA_PLUS_V3,4,0.5519583363863759,CS-STATE_ART,0,CS
53,CS-STATE_ART,1367912923641737216,5,1,-0.16052254522173293,CS-STATE_ART-SCSA_PLUS_V3,8,-0.5414017634726082,CS-STATE_ART,-3,CS
53,CS-STATE_ART,1367212776641359872,6,1,-0.16164367567422516,CS-STATE_ART-SCSA_PLUS_V3,10,-0.8594103065586312,CS-STATE_ART,-4,CS
53,CS-STATE_ART,1369050447797907460,7,1,-0.16211378536221702,CS-STATE_ART-SCSA_PLUS_V3,9,-0.7408127177238647,CS-STATE_ART,-2,CS
53,CS-STATE_ART,1366827740175896578,8,1,-0.16216830992999928,CS-STATE_ART-SCSA_PLUS_V3,3,0.8904677899527282,CS-STATE_ART,5,CS
53,CS-STATE_ART,1367243228701892609,9,1,-0.16242497893393595,CS-STATE_ART-SCSA_PLUS_V3,6,-0.19539792888422897,CS-STATE_ART,3,CS
53,CS-STATE_ART,1369459006129930241,10,1,-0.16302078343589785,CS-STATE_ART-SCSA_PLUS_V3,1,3.476052109755813,CS-STATE_ART,9,CS
54,CS-STATE_ART,1368614821147598851,1,1,-0.06694871147427538,CS-STATE_ART-SCSA_PLUS_V3,7,-0.2628788092811815,CS-STATE_ART,-6,CS
54,CS-STATE_ART,1277164459446931456,2,2,-0.10893580561593642,CS-STATE_ART-SCSA_PLUS_V3,9,-1.2610876844019123,CS-STATE_ART,-7,CS
54,CS-STATE_ART,1367532286359445510,3,2,-0.13335090262701602,CS-STATE_ART-SCSA_PLUS_V3,2,3.4163364206883995,CS-STATE_ART,1,CS
54,CS-STATE_ART,1326615477037142016,4,2,-0.15220866322691984,CS-STATE_ART-SCSA_PLUS_V3,4,0.23274801837862952,CS-STATE_ART,0,CS
54,CS-STATE_ART,1367548427370786816,5,5,-0.15952536272566964,CS-STATE_ART-SCSA_PLUS_V3,3,0.8884734664520694,CS-STATE_ART,2,CS
54,CS-STATE_ART,1366425498226593793,6,3,-0.15980295146923829,CS-STATE_ART-SCSA_PLUS_V3,10,-1.4692627400012352,CS-STATE_ART,-4,CS
54,CS-STATE_ART,1367837304509915140,7,5,-0.15988753712014658,CS-STATE_ART-SCSA_PLUS_V3,5,-0.07518376784369181,CS-STATE_ART,2,CS
54,CS-STATE_ART,1369050447797907460,8,2,-0.16211378536221702,CS-STATE_ART-SCSA_PLUS_V3,8,-0.7408127177238647,CS-STATE_ART,0,CS
54,CS-STATE_ART,1367243228701892609,9,5,-0.16242497893393595,CS-STATE_ART-SCSA_PLUS_V3,6,-0.19539792888422897,CS-STATE_ART,3,CS
54,CS-STATE_ART,1369459006129930241,10,2,-0.16302078343589785,CS-STATE_ART-SCSA_PLUS_V3,1,3.476052109755813,CS-STATE_ART,9,CS
55,CS-STATE_ART,1367862841907294209,1,5,-0.010198789245847651,CS-STATE_ART-SCSA_PLUS_V3,4,0.7518977890871412,CS-STATE_ART,-3,CS
55,CS-STATE_ART,1366604627689496580,2,5,-0.12016453176787516,CS-STATE_ART-SCSA_PLUS_V3,2,2.0503713456379686,CS-STATE_ART,0,CS
55,CS-STATE_ART,1368174374247923712,3,5,-0.13905178307306104,CS-STATE_ART-SCSA_PLUS_V3,10,-1.7869251171427254,CS-STATE_ART,-7,CS
55,CS-STATE_ART,1367266920689459202,4,5,-0.15406380847869156,CS-STATE_ART-SCSA_PLUS_V3,3,1.0795819747479323,CS-STATE_ART,1,CS
55,CS-STATE_ART,1366585340849491972,5,5,-0.15999681044053007,CS-STATE_ART-SCSA_PLUS_V3,7,-0.003311151372341286,CS-STATE_ART,-2,CS
55,CS-STATE_ART,1367288053547626496,6,5,-0.16100983463981045,CS-STATE_ART-SCSA_PLUS_V3,1,3.479298593447532,CS-STATE_ART,5,CS
55,CS-STATE_ART,1369343726611529728,7,5,-0.16146724708094798,CS-STATE_ART-SCSA_PLUS_V3,9,-1.189975526890872,CS-STATE_ART,-2,CS
55,CS-STATE_ART,1367842722678247427,8,5,-0.16216189436712378,CS-STATE_ART-SCSA_PLUS_V3,6,0.4730259973375087,CS-STATE_ART,2,CS
55,CS-STATE_ART,1299755874915942401,9,5,-0.16260908586494133,CS-STATE_ART-SCSA_PLUS_V3,8,-0.160732823267043,CS-STATE_ART,1,CS
55,CS-STATE_ART,1251269832122777600,10,5,-0.1629002341891777,CS-STATE_ART-SCSA_PLUS_V3,5,0.6278219709671511,CS-STATE_ART,5,CS
57,CS-STATE_ART,1368935548694519808,1,3,-0.14672647409623402,CS-STATE_ART-SCSA_PLUS_V3,4,-0.8687066064524073,CS-STATE_ART,-3,CS
57,CS-STATE_ART,1369335967618904068,2,3,-0.15337611049309985,CS-STATE_ART-SCSA_PLUS_V3,8,-3.785694492941156,CS-STATE_ART,-6,CS
57,CS-STATE_ART,1369423783086460937,3,3,-0.15759956311415216,CS-STATE_ART-SCSA_PLUS_V3,6,-1.6725161775981663,CS-STATE_ART,-3,CS
57,CS-STATE_ART,1369569728541425667,4,4,-0.15907945818704788,CS-STATE_ART-SCSA_PLUS_V3,1,-0.12356354871626618,CS-STATE_ART,3,CS
57,CS-STATE_ART,1369560664142970881,5,4,-0.15993970043877664,CS-STATE_ART-SCSA_PLUS_V3,9,-4.262890400843112,CS-STATE_ART,-4,CS
57,CS-STATE_ART,1369595394045444097,6,3,-0.16008054536141011,CS-STATE_ART-SCSA_PLUS_V3,10,-4.852013814267501,CS-STATE_ART,-4,CS
57,CS-STATE_ART,1369407674366976007,7,1,-0.16034185176027188,CS-STATE_ART-SCSA_PLUS_V3,5,-1.2802806135702027,CS-STATE_ART,2,CS
57,CS-STATE_ART,1369433577339957248,8,4,-0.16128256375032263,CS-STATE_ART-SCSA_PLUS_V3,2,-0.2085699170349437,CS-STATE_ART,6,CS
57,CS-STATE_ART,1369563665867898882,9,4,-0.1619306650918613,CS-STATE_ART-SCSA_PLUS_V3,7,-1.9294593418473525,CS-STATE_ART,2,CS
57,CS-STATE_ART,1369572554969583617,10,3,-0.16194502152831014,CS-STATE_ART-SCSA_PLUS_V3,3,-0.8228629325988118,CS-STATE_ART,7,CS
58,CS-STATE_ART,1360763643135070209,1,3,-0.14855573119619211,CS-STATE_ART-SCSA_PLUS_V3,7,-0.5333532254760107,CS-STATE_ART,-6,CS
58,CS-STATE_ART,1367536592617959425,2,5,-0.1580688331880358,CS-STATE_ART-SCSA_PLUS_V3,9,-1.1978917138984684,CS-STATE_ART,-7,CS
58,CS-STATE_ART,1365436528865005568,3,5,-0.1582624372226564,CS-STATE_ART-SCSA_PLUS_V3,1,3.3740348663917534,CS-STATE_ART,2,CS
58,CS-STATE_ART,1364274434111062018,4,5,-0.16114504324737433,CS-STATE_ART-SCSA_PLUS_V3,2,2.019159720988247,CS-STATE_ART,2,CS
58,CS-STATE_ART,1367973079624876035,5,5,-0.1616238204318218,CS-STATE_ART-SCSA_PLUS_V3,8,-1.0347568635882605,CS-STATE_ART,-3,CS
58,CS-STATE_ART,1369090194847186944,6,4,-0.161737257021415,CS-STATE_ART-SCSA_PLUS_V3,6,-0.008911294418991066,CS-STATE_ART,0,CS
58,CS-STATE_ART,1362410505365839874,7,5,-0.1619915847402436,CS-STATE_ART-SCSA_PLUS_V3,3,1.7465499519344199,CS-STATE_ART,4,CS
58,CS-STATE_ART,1366889537616498688,8,3,-0.16226777658206912,CS-STATE_ART-SCSA_PLUS_V3,4,0.31441830479085087,CS-STATE_ART,4,CS
58,CS-STATE_ART,1361311529392623617,9,5,-0.1623279552979563,CS-STATE_ART-SCSA_PLUS_V3,10,-1.2236077194022987,CS-STATE_ART,-1,CS
58,CS-STATE_ART,1365979945470582784,10,5,-0.16255621026686964,CS-STATE_ART-SCSA_PLUS_V3,5,0.2570177891507939,CS-STATE_ART,5,CS
60,CS-STATE_ART,1353781237882744833,1,5,0.5713923713203038,CS-STATE_ART-SCSA_PLUS_V3,6,-0.326747011996363,CS-STATE_ART,-5,CS
60,CS-STATE_ART,1151158403135397888,2,5,0.4684180454513989,CS-STATE_ART-SCSA_PLUS_V3,5,-0.06586802955579077,CS-STATE_ART,-3,CS
60,CS-STATE_ART,1365108564679790592,3,5,-0.12269077898432934,CS-STATE_ART-SCSA_PLUS_V3,7,-0.49725542570970976,CS-STATE_ART,-4,CS
60,CS-STATE_ART,1145785172069146626,4,5,-0.15369457452050414,CS-STATE_ART-SCSA_PLUS_V3,10,-1.9982559498967352,CS-STATE_ART,-6,CS
60,CS-STATE_ART,1367236148385304576,5,5,-0.15584019856193793,CS-STATE_ART-SCSA_PLUS_V3,1,1.7651585101049705,CS-STATE_ART,4,CS
60,CS-STATE_ART,1368328702002671626,6,5,-0.15726616456331344,CS-STATE_ART-SCSA_PLUS_V3,2,0.4327199846214929,CS-STATE_ART,4,CS
60,CS-STATE_ART,1365693174493151234,7,5,-0.1604097931836662,CS-STATE_ART-SCSA_PLUS_V3,3,0.1699537376371918,CS-STATE_ART,4,CS
60,CS-STATE_ART,1367565062328623104,8,5,-0.1608099338205883,CS-STATE_ART-SCSA_PLUS_V3,9,-1.6537577116719466,CS-STATE_ART,-1,CS
60,CS-STATE_ART,1340053869758394370,9,5,-0.16153153789020117,CS-STATE_ART-SCSA_PLUS_V3,8,-1.1268466546994067,CS-STATE_ART,1,CS
60,CS-STATE_ART,1366503879983030273,10,5,-0.16316451173686977,CS-STATE_ART-SCSA_PLUS_V3,4,0.10377605884398784,CS-STATE_ART,6,CS
61,CS-STATE_ART,1341859235756453889,1,2,-0.11928390797550685,CS-STATE_ART-SCSA_PLUS_V3,7,-0.6810831667045678,CS-STATE_ART,-6,CS
61,CS-STATE_ART,1250915381646176262,2,2,-0.15466501509999248,CS-STATE_ART-SCSA_PLUS_V3,6,-0.18366784367245081,CS-STATE_ART,-4,CS
61,CS-STATE_ART,1349371181334474754,3,4,-0.1604373302771226,CS-STATE_ART-SCSA_PLUS_V3,2,1.2522792278719965,CS-STATE_ART,1,CS
61,CS-STATE_ART,1261295911185068033,4,5,-0.1609898734687295,CS-STATE_ART-SCSA_PLUS_V3,4,0.46351825202937,CS-STATE_ART,0,CS
61,CS-STATE_ART,1245049389250273280,5,2,-0.16163140887580882,CS-STATE_ART-SCSA_PLUS_V3,8,-0.7892578766303529,CS-STATE_ART,-3,CS
61,CS-STATE_ART,1368017377036660737,6,3,-0.16169050804782442,CS-STATE_ART-SCSA_PLUS_V3,10,-1.7819829725134506,CS-STATE_ART,-4,CS
61,CS-STATE_ART,1357670309525131266,7,1,-0.162258629093907,CS-STATE_ART-SCSA_PLUS_V3,9,-0.9436959862598527,CS-STATE_ART,-2,CS
61,CS-STATE_ART,1366212322436423682,8,2,-0.16269646615363442,CS-STATE_ART-SCSA_PLUS_V3,3,0.8467181354717586,CS-STATE_ART,5,CS
61,CS-STATE_ART,1368840460198838272,9,1,-0.16291805685468283,CS-STATE_ART-SCSA_PLUS_V3,5,0.25922409750925507,CS-STATE_ART,4,CS
61,CS-STATE_ART,1369453567367507968,10,3,-0.1631221952632345,CS-STATE_ART-SCSA_PLUS_V3,1,1.9243064691038831,CS-STATE_ART,9,CS
62,CS-STATE_ART,1357647227808841728,1,3,0.19893479294459962,CS-STATE_ART-SCSA_PLUS_V3,1,0.18073667149635622,CS-STATE_ART,0,CS
62,CS-STATE_ART,1337102280059834370,2,3,0.1008281502107142,CS-STATE_ART-SCSA_PLUS_V3,5,-0.7034960145974156,CS-STATE_ART,-3,CS
62,CS-STATE_ART,1319639717906821121,3,3,0.015498587719569856,CS-STATE_ART-SCSA_PLUS_V3,6,-0.9408035467005211,CS-STATE_ART,-3,CS
62,CS-STATE_ART,1365731424322478084,4,5,-0.13290347402706248,CS-STATE_ART-SCSA_PLUS_V3,7,-0.9432789972351524,CS-STATE_ART,-3,CS
62,CS-STATE_ART,1366752653401853956,5,5,-0.14548019557867783,CS-STATE_ART-SCSA_PLUS_V3,10,-1.3890767850697496,CS-STATE_ART,-5,CS
62,CS-STATE_ART,1326957720759541761,6,4,-0.15250208948571686,CS-STATE_ART-SCSA_PLUS_V3,2,0.11094615080602054,CS-STATE_ART,4,CS
62,CS-STATE_ART,1369308139158446081,7,3,-0.15785197348435479,CS-STATE_ART-SCSA_PLUS_V3,9,-1.2077944859663825,CS-STATE_ART,-2,CS
62,CS-STATE_ART,1352017720578105346,8,1,-0.16141779242611498,CS-STATE_ART-SCSA_PLUS_V3,3,0.018479665777440177,CS-STATE_ART,5,CS
62,CS-STATE_ART,1359973359568625670,9,3,-0.16190628335894788,CS-STATE_ART-SCSA_PLUS_V3,4,-0.3539991671598152,CS-STATE_ART,5,CS
62,CS-STATE_ART,1359935760627953665,10,3,-0.16236686235637116,CS-STATE_ART-SCSA_PLUS_V3,8,-1.0435399793942959,CS-STATE_ART,2,CS
63,CS-STATE_ART,1368697794417065992,1,3,-0.08735036234877963,CS-STATE_ART-SCSA_PLUS_V3,1,-0.24366994373772016,CS-STATE_ART,0,CS
63,CS-STATE_ART,1369396362840858635,2,2,-0.13878112193759026,CS-STATE_ART-SCSA_PLUS_V3,6,-1.9463340384095071,CS-STATE_ART,-4,CS
63,CS-STATE_ART,1369425009303822344,3,1,-0.1397998831823555,CS-STATE_ART-SCSA_PLUS_V3,5,-1.8615104917929264,CS-STATE_ART,-2,CS
63,CS-STATE_ART,1369419121818038275,4,5,-0.14219685720538683,CS-STATE_ART-SCSA_PLUS_V3,9,-2.9487727450184127,CS-STATE_ART,-5,CS
63,CS-STATE_ART,1369430517381267460,5,3,-0.14365205550126792,CS-STATE_ART-SCSA_PLUS_V3,3,-1.0684315402049809,CS-STATE_ART,2,CS
63,CS-STATE_ART,1369266567423397891,6,3,-0.1471952625162108,CS-STATE_ART-SCSA_PLUS_V3,2,-0.6112697821954519,CS-STATE_ART,4,CS
63,CS-STATE_ART,1369377489030705154,7,1,-0.15469321201463515,CS-STATE_ART-SCSA_PLUS_V3,10,-3.124376736012021,CS-STATE_ART,-3,CS
63,CS-STATE_ART,1369426283919212544,8,2,-0.15613398731988054,CS-STATE_ART-SCSA_PLUS_V3,4,-1.339934705898874,CS-STATE_ART,4,CS
63,CS-STATE_ART,1369573257234550784,9,3,-0.15750876853268703,CS-STATE_ART-SCSA_PLUS_V3,8,-2.8857981845092118,CS-STATE_ART,1,CS
63,CS-STATE_ART,1369492359243763717,10,2,-0.15799896263252483,CS-STATE_ART-SCSA_PLUS_V3,7,-2.431084150905022,CS-STATE_ART,3,CS
66,CS-STATE_ART,1329456908726644738,1,3,-0.1554899874150148,CS-STATE_ART-SCSA_PLUS_V3,3,-0.003239216327573123,CS-STATE_ART,-2,CS
66,CS-STATE_ART,1022134672929816578,2,5,-0.15640477354810703,CS-STATE_ART-SCSA_PLUS_V3,7,-0.4457941349971038,CS-STATE_ART,-5,CS
66,CS-STATE_ART,1361600708764700674,3,5,-0.15925222227068253,CS-STATE_ART-SCSA_PLUS_V3,4,-0.04749809218548001,CS-STATE_ART,-1,CS
66,CS-STATE_ART,1364866906658922496,4,3,-0.15988256897886516,CS-STATE_ART-SCSA_PLUS_V3,1,2.3807309819723814,CS-STATE_ART,3,CS
66,CS-STATE_ART,1329790713039523845,5,5,-0.16081110019977266,CS-STATE_ART-SCSA_PLUS_V3,8,-0.5527240284290535,CS-STATE_ART,-3,CS
66,CS-STATE_ART,1314195121861132288,6,4,-0.16087723072958837,CS-STATE_ART-SCSA_PLUS_V3,9,-0.6128016908090167,CS-STATE_ART,-3,CS
66,CS-STATE_ART,1356664797979369475,7,4,-0.16221159223805406,CS-STATE_ART-SCSA_PLUS_V3,5,-0.08723212865534526,CS-STATE_ART,2,CS
66,CS-STATE_ART,1366587272477306883,8,5,-0.16233212150437754,CS-STATE_ART-SCSA_PLUS_V3,6,-0.21100845551411296,CS-STATE_ART,2,CS
66,CS-STATE_ART,1358993966020976640,9,3,-0.1625445722841667,CS-STATE_ART-SCSA_PLUS_V3,10,-0.8271201623127821,CS-STATE_ART,-1,CS
66,CS-STATE_ART,1359391903838470147,10,3,-0.1626672385108982,CS-STATE_ART-SCSA_PLUS_V3,2,1.1823369834014579,CS-STATE_ART,8,CS
68,CS-STATE_ART,1337102280059834370,1,4,0.1008281502107142,CS-STATE_ART-SCSA_PLUS_V3,5,-0.7034960145974156,CS-STATE_ART,-4,CS
68,CS-STATE_ART,1350865539091066881,2,5,-0.005165996965306128,CS-STATE_ART-SCSA_PLUS_V3,4,0.08937396373738687,CS-STATE_ART,-2,CS
68,CS-STATE_ART,1319321276171759617,3,5,-0.062126355000262125,CS-STATE_ART-SCSA_PLUS_V3,10,-1.6176735915961549,CS-STATE_ART,-7,CS
68,CS-STATE_ART,1315101846596272129,4,5,-0.07691414943806875,CS-STATE_ART-SCSA_PLUS_V3,2,1.5690689749277345,CS-STATE_ART,2,CS
68,CS-STATE_ART,1358898413136396288,5,3,-0.12777869104481576,CS-STATE_ART-SCSA_PLUS_V3,8,-1.310758717959117,CS-STATE_ART,-3,CS
68,CS-STATE_ART,1263620338790944769,6,1,-0.13248377963946267,CS-STATE_ART-SCSA_PLUS_V3,3,0.7314203954372503,CS-STATE_ART,3,CS
68,CS-STATE_ART,1365731424322478084,7,5,-0.13290347402706248,CS-STATE_ART-SCSA_PLUS_V3,7,-0.9432789972351524,CS-STATE_ART,0,CS
68,CS-STATE_ART,1366752653401853956,8,5,-0.14548019557867783,CS-STATE_ART-SCSA_PLUS_V3,9,-1.3890767850697496,CS-STATE_ART,-1,CS
68,CS-STATE_ART,1332399472039620612,9,5,-0.15004862923974732,CS-STATE_ART-SCSA_PLUS_V3,1,3.6075951378527056,CS-STATE_ART,8,CS
68,CS-STATE_ART,1332251315209113601,10,4,-0.15431953158151723,CS-STATE_ART-SCSA_PLUS_V3,6,-0.7742702453417742,CS-STATE_ART,4,CS
70,CS-STATE_ART,1369547940017147907,1,4,-0.13104382597284028,CS-STATE_ART-SCSA_PLUS_V3,5,-1.2251300772801237,CS-STATE_ART,-4,CS
70,CS-STATE_ART,1369445460163915780,2,4,-0.14303089136341082,CS-STATE_ART-SCSA_PLUS_V3,2,-0.9584759039541307,CS-STATE_ART,0,CS
70,CS-STATE_ART,1369469114620731393,3,5,-0.14735848802110668,CS-STATE_ART-SCSA_PLUS_V3,4,-1.1481204983345081,CS-STATE_ART,-1,CS
70,CS-STATE_ART,1369352315698872325,4,4,-0.15612321798172665,CS-STATE_ART-SCSA_PLUS_V3,8,-2.4963615556575642,CS-STATE_ART,-4,CS
70,CS-STATE_ART,1368604102989541376,5,5,-0.15762070537052023,CS-STATE_ART-SCSA_PLUS_V3,1,0.15492941898078222,CS-STATE_ART,4,CS
70,CS-STATE_ART,1369269245704630276,6,5,-0.15800806056635888,CS-STATE_ART-SCSA_PLUS_V3,3,-1.1164458368120729,CS-STATE_ART,3,CS
70,CS-STATE_ART,1369465541925175296,7,5,-0.15920297886608198,CS-STATE_ART-SCSA_PLUS_V3,7,-2.4318476392547845,CS-STATE_ART,0,CS
70,CS-STATE_ART,1369450685708857348,8,4,-0.15943233905627735,CS-STATE_ART-SCSA_PLUS_V3,9,-2.507537572567471,CS-STATE_ART,-1,CS
70,CS-STATE_ART,1369589127168073728,9,5,-0.15955340746580893,CS-STATE_ART-SCSA_PLUS_V3,6,-1.7304627822111625,CS-STATE_ART,3,CS
70,CS-STATE_ART,1369408111698673675,10,5,-0.16012616118276754,CS-STATE_ART-SCSA_PLUS_V3,10,-2.7930677929297545,CS-STATE_ART,0,CS
71,CS-STATE_ART,1357647227808841728,1,4,0.19893479294459962,CS-STATE_ART-SCSA_PLUS_V3,2,0.18073667149635622,CS-STATE_ART,-1,CS
71,CS-STATE_ART,1337102280059834370,2,3,0.1008281502107142,CS-STATE_ART-SCSA_PLUS_V3,6,-0.7034960145974156,CS-STATE_ART,-4,CS
71,CS-STATE_ART,1319639717906821121,3,2,0.015498587719569856,CS-STATE_ART-SCSA_PLUS_V3,7,-0.9408035467005211,CS-STATE_ART,-4,CS
71,CS-STATE_ART,1358898413136396288,4,3,-0.12777869104481576,CS-STATE_ART-SCSA_PLUS_V3,10,-1.310758717959117,CS-STATE_ART,-6,CS
71,CS-STATE_ART,1326957720759541761,5,5,-0.15250208948571686,CS-STATE_ART-SCSA_PLUS_V3,3,0.11094615080602054,CS-STATE_ART,2,CS
71,CS-STATE_ART,1337104278398382087,6,5,-0.1544084644048266,CS-STATE_ART-SCSA_PLUS_V3,8,-1.0903740607577972,CS-STATE_ART,-2,CS
71,CS-STATE_ART,1369308139158446081,7,2,-0.15785197348435479,CS-STATE_ART-SCSA_PLUS_V3,9,-1.2077944859663825,CS-STATE_ART,-2,CS
71,CS-STATE_ART,1363914797335543811,8,2,-0.16024246856747967,CS-STATE_ART-SCSA_PLUS_V3,1,0.3122923882629158,CS-STATE_ART,7,CS
71,CS-STATE_ART,1362902698585071617,9,3,-0.1624389310246469,CS-STATE_ART-SCSA_PLUS_V3,4,-0.04493230657032361,CS-STATE_ART,5,CS
71,CS-STATE_ART,1363172378843389952,10,3,-0.16281305126203027,CS-STATE_ART-SCSA_PLUS_V3,5,-0.0814340873216249,CS-STATE_ART,5,CS
72,CS-STATE_ART,1365338574908891138,1,4,-0.1084557750897959,CS-STATE_ART-SCSA_PLUS_V3,5,-2.4267066049383774,CS-STATE_ART,-4,CS
72,CS-STATE_ART,1363878818100875267,2,4,-0.14721516118028846,CS-STATE_ART-SCSA_PLUS_V3,1,-0.529642206768723,CS-STATE_ART,1,CS
72,CS-STATE_ART,1369611540475895810,3,4,-0.1548284926111332,CS-STATE_ART-SCSA_PLUS_V3,9,-3.6232593005348837,CS-STATE_ART,-6,CS
72,CS-STATE_ART,1369435367892455435,4,3,-0.15501497004368783,CS-STATE_ART-SCSA_PLUS_V3,4,-2.4141023101617725,CS-STATE_ART,0,CS
72,CS-STATE_ART,1369533353930727426,5,2,-0.15566278140939438,CS-STATE_ART-SCSA_PLUS_V3,10,-3.712498111871633,CS-STATE_ART,-5,CS
72,CS-STATE_ART,1369285101100691456,6,4,-0.15869971243297734,CS-STATE_ART-SCSA_PLUS_V3,8,-3.1017815113906857,CS-STATE_ART,-2,CS
72,CS-STATE_ART,1370134342106804226,7,2,-0.1592079932613288,CS-STATE_ART-SCSA_PLUS_V3,7,-2.8316967681114202,CS-STATE_ART,0,CS
72,CS-STATE_ART,1369552724228980736,8,4,-0.15993578437790326,CS-STATE_ART-SCSA_PLUS_V3,6,-2.6218576376039016,CS-STATE_ART,2,CS
72,CS-STATE_ART,1369389341445873676,9,3,-0.1604410872894803,CS-STATE_ART-SCSA_PLUS_V3,2,-0.8514948157664448,CS-STATE_ART,7,CS
72,CS-STATE_ART,1369286911391637513,10,3,-0.16147565337056757,CS-STATE_ART-SCSA_PLUS_V3,3,-1.44716511089105,CS-STATE_ART,7,CS
73,CS-STATE_ART,1369352282937065472,1,5,-0.15845780142876453,CS-STATE_ART-SCSA_PLUS_V3,9,-1.8803583196324283,CS-STATE_ART,-8,CS
73,CS-STATE_ART,1366447180521816066,2,3,-0.1594169562058956,CS-STATE_ART-SCSA_PLUS_V3,6,-1.3627789770191736,CS-STATE_ART,-4,CS
73,CS-STATE_ART,1369392703054708740,3,3,-0.16129550983581054,CS-STATE_ART-SCSA_PLUS_V3,10,-3.867270612624724,CS-STATE_ART,-7,CS
73,CS-STATE_ART,1365259500064804866,4,4,-0.16164655987242893,CS-STATE_ART-SCSA_PLUS_V3,8,-1.8784647106052093,CS-STATE_ART,-4,CS
73,CS-STATE_ART,1369287711480221698,5,4,-0.16179250983022475,CS-STATE_ART-SCSA_PLUS_V3,5,-1.1616232529658366,CS-STATE_ART,0,CS
73,CS-STATE_ART,1368969473651261440,6,3,-0.16207567598138886,CS-STATE_ART-SCSA_PLUS_V3,2,-0.4205881329053484,CS-STATE_ART,4,CS
73,CS-STATE_ART,1366730304740872194,7,3,-0.16208135584257516,CS-STATE_ART-SCSA_PLUS_V3,7,-1.4954018884917912,CS-STATE_ART,0,CS
73,CS-STATE_ART,1369045377417162761,8,5,-0.16221657752159307,CS-STATE_ART-SCSA_PLUS_V3,4,-0.9399664339367327,CS-STATE_ART,4,CS
73,CS-STATE_ART,1358797009164111874,9,5,-0.16254946014659136,CS-STATE_ART-SCSA_PLUS_V3,3,-0.48404985688175683,CS-STATE_ART,6,CS
73,CS-STATE_ART,1366828167936237575,10,4,-0.1625497271611999,CS-STATE_ART-SCSA_PLUS_V3,1,0.3258762036200224,CS-STATE_ART,9,CS
74,CS-STATE_ART,1369063128269479936,1,2,-0.07969429833446573,CS-STATE_ART-SCSA_PLUS_V3,2,-0.25153029977821206,CS-STATE_ART,-1,CS
74,CS-STATE_ART,1370053184589299724,2,4,-0.15636592891265136,CS-STATE_ART-SCSA_PLUS_V3,7,-0.7396506724982814,CS-STATE_ART,-5,CS
74,CS-STATE_ART,1369600439239458820,3,2,-0.15639876071727318,CS-STATE_ART-SCSA_PLUS_V3,8,-1.3282593773372822,CS-STATE_ART,-5,CS
74,CS-STATE_ART,1369396337469501452,4,2,-0.15647050014886033,CS-STATE_ART-SCSA_PLUS_V3,6,-0.5841168382932511,CS-STATE_ART,-2,CS
74,CS-STATE_ART,1369538190827270145,5,2,-0.1585947635281514,CS-STATE_ART-SCSA_PLUS_V3,5,-0.5069843890793011,CS-STATE_ART,0,CS
74,CS-STATE_ART,1369538553219325952,6,1,-0.15864089507582713,CS-STATE_ART-SCSA_PLUS_V3,1,-0.2444092756156609,CS-STATE_ART,5,CS
74,CS-STATE_ART,1369563595978252291,7,1,-0.15947007571244065,CS-STATE_ART-SCSA_PLUS_V3,3,-0.3827666187051784,CS-STATE_ART,4,CS
74,CS-STATE_ART,1369337073463885828,8,2,-0.15952589940535342,CS-STATE_ART-SCSA_PLUS_V3,9,-1.6624673501287082,CS-STATE_ART,-1,CS
74,CS-STATE_ART,1369589858763673606,9,2,-0.1603483972184976,CS-STATE_ART-SCSA_PLUS_V3,10,-3.5680058859646926,CS-STATE_ART,-1,CS
74,CS-STATE_ART,1369264726656638979,10,2,-0.16202617801340424,CS-STATE_ART-SCSA_PLUS_V3,4,-0.4949819111151223,CS-STATE_ART,6,CS
76,CS-STATE_ART,1358058477785120769,1,1,12.899278738410155,CS-STATE_ART-SCSA_PLUS_V3,1,21.322423159682934,CS-STATE_ART,0,CS
76,CS-STATE_ART,1354658220585922565,2,2,3.9825833742471706,CS-STATE_ART-SCSA_PLUS_V3,2,8.971915462706788,CS-STATE_ART,0,CS
76,CS-STATE_ART,1334724211689074688,3,2,2.6932319277629166,CS-STATE_ART-SCSA_PLUS_V3,3,5.430779848719928,CS-STATE_ART,0,CS
76,CS-STATE_ART,1316909183225286657,4,3,0.819967714372644,CS-STATE_ART-SCSA_PLUS_V3,5,2.6523770218620704,CS-STATE_ART,-1,CS
76,CS-STATE_ART,1318996052049973248,5,2,0.5419721755296094,CS-STATE_ART-SCSA_PLUS_V3,9,-0.06480098275687698,CS-STATE_ART,-4,CS
76,CS-STATE_ART,1332420899471990786,6,3,0.2988122943204065,CS-STATE_ART-SCSA_PLUS_V3,8,0.9881948167640616,CS-STATE_ART,-2,CS
76,CS-STATE_ART,1290389884927000582,7,1,0.218555436212838,CS-STATE_ART-SCSA_PLUS_V3,6,1.4960332191364811,CS-STATE_ART,1,CS
76,CS-STATE_ART,1268243264156524544,8,3,0.19261143545637258,CS-STATE_ART-SCSA_PLUS_V3,4,3.9045236499665807,CS-STATE_ART,4,CS
76,CS-STATE_ART,1363674987626856448,9,2,-0.12469212438349081,CS-STATE_ART-SCSA_PLUS_V3,7,1.2737045904905002,CS-STATE_ART,2,CS
76,CS-STATE_ART,1334706123971162115,10,3,-0.1320757840737022,CS-STATE_ART-SCSA_PLUS_V3,10,-0.47847121446422775,CS-STATE_ART,0,CS
77,CS-STATE_ART,1367625947462184961,1,3,-0.14865159320630988,CS-STATE_ART-SCSA_PLUS_V3,8,-1.3560418440561621,CS-STATE_ART,-7,CS
77,CS-STATE_ART,1363322581076619265,2,5,-0.15904605881024234,CS-STATE_ART-SCSA_PLUS_V3,7,-1.0448338071357386,CS-STATE_ART,-5,CS
77,CS-STATE_ART,1369521918412472320,3,2,-0.16117225154748693,CS-STATE_ART-SCSA_PLUS_V3,5,-0.7758018253650107,CS-STATE_ART,-2,CS
77,CS-STATE_ART,1369181189932777474,4,2,-0.16143247988500004,CS-STATE_ART-SCSA_PLUS_V3,10,-1.788744767211098,CS-STATE_ART,-6,CS
77,CS-STATE_ART,1352922753565863936,5,3,-0.1618818639980376,CS-STATE_ART-SCSA_PLUS_V3,3,-0.18268332968968665,CS-STATE_ART,2,CS
77,CS-STATE_ART,1369499281833537540,6,2,-0.1618971945198322,CS-STATE_ART-SCSA_PLUS_V3,6,-1.0100426720295603,CS-STATE_ART,0,CS
77,CS-STATE_ART,1368999972792844292,7,4,-0.16202754897972851,CS-STATE_ART-SCSA_PLUS_V3,2,-0.06705899930974844,CS-STATE_ART,5,CS
77,CS-STATE_ART,1361209516277174279,8,4,-0.1622929320216088,CS-STATE_ART-SCSA_PLUS_V3,4,-0.49845247740410137,CS-STATE_ART,4,CS
77,CS-STATE_ART,1349357033301159936,9,3,-0.1623621064294471,CS-STATE_ART-SCSA_PLUS_V3,9,-1.5038747051473769,CS-STATE_ART,0,CS
77,CS-STATE_ART,1329140321402445824,10,3,-0.16260101036304464,CS-STATE_ART-SCSA_PLUS_V3,1,0.10155675003258427,CS-STATE_ART,9,CS
78,CS-STATE_ART,1367172928295628802,1,1,-0.06289134073842188,CS-STATE_ART-SCSA_PLUS_V3,2,1.9012351119036037,CS-STATE_ART,-1,CS
78,CS-STATE_ART,1367616598727614473,2,2,-0.09504205553943283,CS-STATE_ART-SCSA_PLUS_V3,10,-1.285177679609279,CS-STATE_ART,-8,CS
78,CS-STATE_ART,1367327155667935236,3,1,-0.10274661020997973,CS-STATE_ART-SCSA_PLUS_V3,7,0.19394638398070735,CS-STATE_ART,-4,CS
78,CS-STATE_ART,1368218004861911049,4,1,-0.11856747393938318,CS-STATE_ART-SCSA_PLUS_V3,5,0.5282204331561288,CS-STATE_ART,-1,CS
78,CS-STATE_ART,1366848285361717252,5,2,-0.12262737920888346,CS-STATE_ART-SCSA_PLUS_V3,8,0.17935314097381336,CS-STATE_ART,-3,CS
78,CS-STATE_ART,1368984926410989569,6,1,-0.12539988218000403,CS-STATE_ART-SCSA_PLUS_V3,6,0.2827533838462818,CS-STATE_ART,0,CS
78,CS-STATE_ART,1366967661754675207,7,4,-0.1498330882606289,CS-STATE_ART-SCSA_PLUS_V3,1,3.3869334536411704,CS-STATE_ART,6,CS
78,CS-STATE_ART,1367535310733680640,8,2,-0.15585647715851217,CS-STATE_ART-SCSA_PLUS_V3,4,0.6808241585232226,CS-STATE_ART,4,CS
78,CS-STATE_ART,1367296657705099264,9,3,-0.16019249299148933,CS-STATE_ART-SCSA_PLUS_V3,9,0.12108509571318139,CS-STATE_ART,0,CS
78,CS-STATE_ART,1368236771671162881,10,1,-0.1624265568181974,CS-STATE_ART-SCSA_PLUS_V3,3,0.7126702794100901,CS-STATE_ART,7,CS
79,CS-STATE_ART,1367702233853259783,1,2,3.671664752318745,CS-STATE_ART-SCSA_PLUS_V3,1,8.291738394721442,CS-STATE_ART,0,CS
79,CS-STATE_ART,1212045448812417030,2,5,-0.019353504828431276,CS-STATE_ART-SCSA_PLUS_V3,7,-0.3950977442022446,CS-STATE_ART,-5,CS
79,CS-STATE_ART,1355379018791591936,3,3,-0.019552331835761782,CS-STATE_ART-SCSA_PLUS_V3,5,-0.32878159018203074,CS-STATE_ART,-2,CS
79,CS-STATE_ART,1319321276171759617,4,3,-0.062126355000262125,CS-STATE_ART-SCSA_PLUS_V3,10,-1.6176735915961549,CS-STATE_ART,-6,CS
79,CS-STATE_ART,1322265461359316992,5,2,-0.09475417380106294,CS-STATE_ART-SCSA_PLUS_V3,3,0.7366065911932674,CS-STATE_ART,2,CS
79,CS-STATE_ART,1345783947607867393,6,2,-0.12306978514579439,CS-STATE_ART-SCSA_PLUS_V3,6,-0.3643754492249086,CS-STATE_ART,0,CS
79,CS-STATE_ART,1330266160202477577,7,3,-0.12426369333342671,CS-STATE_ART-SCSA_PLUS_V3,8,-0.5521444144455775,CS-STATE_ART,-1,CS
79,CS-STATE_ART,1263620338790944769,8,3,-0.13248377963946267,CS-STATE_ART-SCSA_PLUS_V3,4,0.7314203954372503,CS-STATE_ART,4,CS
79,CS-STATE_ART,1357083144407552000,9,5,-0.14287002060035778,CS-STATE_ART-SCSA_PLUS_V3,9,-0.719800386811307,CS-STATE_ART,0,CS
79,CS-STATE_ART,1324444938923175936,10,2,-0.15706422555680097,CS-STATE_ART-SCSA_PLUS_V3,2,0.8824845572508353,CS-STATE_ART,8,CS
81,CS-STATE_ART,1366854672955240450,1,5,0.2804942721794451,CS-STATE_ART-SCSA_PLUS_V3,1,3.550781854495978,CS-STATE_ART,0,CS
81,CS-STATE_ART,1367862841907294209,2,5,-0.010198789245847651,CS-STATE_ART-SCSA_PLUS_V3,4,0.7518977890871412,CS-STATE_ART,-2,CS
81,CS-STATE_ART,1368487188724350976,3,5,-0.06648540827708722,CS-STATE_ART-SCSA_PLUS_V3,6,0.05034280407520026,CS-STATE_ART,-3,CS
81,CS-STATE_ART,1367703501367771141,4,5,-0.07784002844493029,CS-STATE_ART-SCSA_PLUS_V3,5,0.5294396464598748,CS-STATE_ART,-1,CS
81,CS-STATE_ART,1367548056628039684,5,5,-0.1216807529226671,CS-STATE_ART-SCSA_PLUS_V3,2,3.4325261147761,CS-STATE_ART,3,CS
81,CS-STATE_ART,1368174374247923712,6,5,-0.13905178307306104,CS-STATE_ART-SCSA_PLUS_V3,10,-1.7869251171427254,CS-STATE_ART,-4,CS
81,CS-STATE_ART,1313215942826967040,7,5,-0.1436321216423849,CS-STATE_ART-SCSA_PLUS_V3,8,-0.7429020519100734,CS-STATE_ART,-1,CS
81,CS-STATE_ART,1368234120082554894,8,5,-0.15778443897096378,CS-STATE_ART-SCSA_PLUS_V3,3,1.2221980179903191,CS-STATE_ART,5,CS
81,CS-STATE_ART,1368939918727278599,9,5,-0.16058182977221921,CS-STATE_ART-SCSA_PLUS_V3,9,-1.667253183456757,CS-STATE_ART,0,CS
81,CS-STATE_ART,1361801412741529606,10,5,-0.16068181163025777,CS-STATE_ART-SCSA_PLUS_V3,7,-0.43670505476199883,CS-STATE_ART,3,CS
1,SC-STATE_ART,1317842770816602114,1,3,-0.012647848419380605,SC-STATE_ART-SCSA_PLUS_V3,5,0.29836443370412735,SC-STATE_ART,-4,SC
1,SC-STATE_ART,1336810117057179649,2,3,-0.11385006520257479,SC-STATE_ART-SCSA_PLUS_V3,4,1.723459833576476,SC-STATE_ART,-2,SC
1,SC-STATE_ART,1344689933978656771,3,5,-0.12690558993515466,SC-STATE_ART-SCSA_PLUS_V3,1,3.422843100278954,SC-STATE_ART,2,SC
1,SC-STATE_ART,1369325020258983936,4,5,-0.1384317847683292,SC-STATE_ART-SCSA_PLUS_V3,6,-0.8129973821962501,SC-STATE_ART,-2,SC
1,SC-STATE_ART,1336964656792035329,5,2,-0.14023695875293207,SC-STATE_ART-SCSA_PLUS_V3,2,2.0763651263409506,SC-STATE_ART,3,SC
1,SC-STATE_ART,1365315820080009221,6,4,-0.1405406542759533,SC-STATE_ART-SCSA_PLUS_V3,7,-1.034510873345673,SC-STATE_ART,-1,SC
1,SC-STATE_ART,1369441796925886465,7,3,-0.15743537047928802,SC-STATE_ART-SCSA_PLUS_V3,8,-2.038859345145162,SC-STATE_ART,-1,SC
1,SC-STATE_ART,1369375444793954323,8,5,-0.158221370759571,SC-STATE_ART-SCSA_PLUS_V3,9,-2.7527104441297636,SC-STATE_ART,-1,SC
1,SC-STATE_ART,1369400194513723396,9,4,-0.16003039471600533,SC-STATE_ART-SCSA_PLUS_V3,10,-3.2620846670431307,SC-STATE_ART,-1,SC
1,SC-STATE_ART,1365327872643260420,10,1,-0.1623579599275923,SC-STATE_ART-SCSA_PLUS_V3,3,1.9736484846794227,SC-STATE_ART,7,SC
2,SC-STATE_ART,1362074171832958980,1,3,-0.14544836800752695,SC-STATE_ART-SCSA_PLUS_V3,2,0.7331420762516607,SC-STATE_ART,-1,SC
2,SC-STATE_ART,1369441796925886465,2,2,-0.15743537047928802,SC-STATE_ART-SCSA_PLUS_V3,6,-2.038859345145162,SC-STATE_ART,-4,SC
2,SC-STATE_ART,1369375444793954323,3,3,-0.158221370759571,SC-STATE_ART-SCSA_PLUS_V3,9,-2.7527104441297636,SC-STATE_ART,-6,SC
2,SC-STATE_ART,1362085735063572482,4,3,-0.15868617340593824,SC-STATE_ART-SCSA_PLUS_V3,1,1.0182111709970592,SC-STATE_ART,3,SC
2,SC-STATE_ART,1369048387815899139,5,2,-0.15929802066937204,SC-STATE_ART-SCSA_PLUS_V3,8,-2.6108610574621216,SC-STATE_ART,-3,SC
2,SC-STATE_ART,1359577321695547392,6,3,-0.1599066147603767,SC-STATE_ART-SCSA_PLUS_V3,5,-1.0250458628988153,SC-STATE_ART,1,SC
2,SC-STATE_ART,1369400194513723396,7,4,-0.16003039471600533,SC-STATE_ART-SCSA_PLUS_V3,10,-3.2620846670431307,SC-STATE_ART,-3,SC
2,SC-STATE_ART,1369614175048249346,8,4,-0.16028890952435781,SC-STATE_ART-SCSA_PLUS_V3,7,-2.2987185320665353,SC-STATE_ART,1,SC
2,SC-STATE_ART,1369355243406954501,9,2,-0.16119039123784681,SC-STATE_ART-SCSA_PLUS_V3,4,-0.7380823695008286,SC-STATE_ART,5,SC
2,SC-STATE_ART,1362776603047165957,10,2,-0.1616210752921332,SC-STATE_ART-SCSA_PLUS_V3,3,-0.6809603197180417,SC-STATE_ART,7,SC
3,SC-STATE_ART,1364666742916583427,1,3,-0.13030259051523496,SC-STATE_ART-SCSA_PLUS_V3,5,0.9822172364567091,SC-STATE_ART,-4,SC
3,SC-STATE_ART,1369325020258983936,2,3,-0.1384317847683292,SC-STATE_ART-SCSA_PLUS_V3,8,-0.8129973821962501,SC-STATE_ART,-6,SC
3,SC-STATE_ART,1365315820080009221,3,4,-0.1405406542759533,SC-STATE_ART-SCSA_PLUS_V3,9,-1.034510873345673,SC-STATE_ART,-6,SC
3,SC-STATE_ART,1367521202042933249,4,5,-0.15300631426322778,SC-STATE_ART-SCSA_PLUS_V3,10,-3.7094121978709644,SC-STATE_ART,-6,SC
3,SC-STATE_ART,1367300793485828097,5,3,-0.15860056222685429,SC-STATE_ART-SCSA_PLUS_V3,4,1.2122225436979266,SC-STATE_ART,1,SC
3,SC-STATE_ART,1303249708169613313,6,2,-0.16019305083330923,SC-STATE_ART-SCSA_PLUS_V3,6,0.15353892550587625,SC-STATE_ART,0,SC
3,SC-STATE_ART,1367237010608431106,7,3,-0.16228613794792768,SC-STATE_ART-SCSA_PLUS_V3,7,-0.33909162986804253,SC-STATE_ART,0,SC
3,SC-STATE_ART,1366443197166096385,8,4,-0.1624720926413561,SC-STATE_ART-SCSA_PLUS_V3,3,1.2734719164092647,SC-STATE_ART,5,SC
3,SC-STATE_ART,1369075493753020420,9,2,-0.16268443983927036,SC-STATE_ART-SCSA_PLUS_V3,2,3.249128324108365,SC-STATE_ART,7,SC
3,SC-STATE_ART,1369075561981566976,10,2,-0.16275602801691258,SC-STATE_ART-SCSA_PLUS_V3,1,3.4713388927248765,SC-STATE_ART,9,SC
4,SC-STATE_ART,1369441796925886465,1,3,-0.15743537047928802,SC-STATE_ART-SCSA_PLUS_V3,7,-2.038859345145162,SC-STATE_ART,-6,SC
4,SC-STATE_ART,1369375444793954323,2,5,-0.158221370759571,SC-STATE_ART-SCSA_PLUS_V3,9,-2.7527104441297636,SC-STATE_ART,-7,SC
4,SC-STATE_ART,1369048387815899139,3,5,-0.15929802066937204,SC-STATE_ART-SCSA_PLUS_V3,8,-2.6108610574621216,SC-STATE_ART,-5,SC
4,SC-STATE_ART,1369400194513723396,4,5,-0.16003039471600533,SC-STATE_ART-SCSA_PLUS_V3,10,-3.2620846670431307,SC-STATE_ART,-6,SC
4,SC-STATE_ART,1369355243406954501,5,5,-0.16119039123784681,SC-STATE_ART-SCSA_PLUS_V3,5,-0.7380823695008286,SC-STATE_ART,0,SC
4,SC-STATE_ART,1362776603047165957,6,5,-0.1616210752921332,SC-STATE_ART-SCSA_PLUS_V3,4,-0.6809603197180417,SC-STATE_ART,2,SC
4,SC-STATE_ART,1349377838722519040,7,2,-0.1617505457339032,SC-STATE_ART-SCSA_PLUS_V3,2,0.7765136103628977,SC-STATE_ART,5,SC
4,SC-STATE_ART,1354011094751260673,8,4,-0.16192064545861493,SC-STATE_ART-SCSA_PLUS_V3,6,-1.3796503699019258,SC-STATE_ART,2,SC
4,SC-STATE_ART,1349380288783253504,9,2,-0.1619251796950947,SC-STATE_ART-SCSA_PLUS_V3,1,0.9172050204873838,SC-STATE_ART,8,SC
4,SC-STATE_ART,1353672852747284480,10,4,-0.16236036771834148,SC-STATE_ART-SCSA_PLUS_V3,3,-0.14917337648383971,SC-STATE_ART,7,SC
5,SC-STATE_ART,1362074171832958980,1,3,-0.14544836800752695,SC-STATE_ART-SCSA_PLUS_V3,2,0.7331420762516607,SC-STATE_ART,-1,SC
5,SC-STATE_ART,1369441796925886465,2,5,-0.15743537047928802,SC-STATE_ART-SCSA_PLUS_V3,6,-2.038859345145162,SC-STATE_ART,-4,SC
5,SC-STATE_ART,1369375444793954323,3,5,-0.158221370759571,SC-STATE_ART-SCSA_PLUS_V3,9,-2.7527104441297636,SC-STATE_ART,-6,SC
5,SC-STATE_ART,1362085735063572482,4,1,-0.15868617340593824,SC-STATE_ART-SCSA_PLUS_V3,1,1.0182111709970592,SC-STATE_ART,3,SC
5,SC-STATE_ART,1369048387815899139,5,4,-0.15929802066937204,SC-STATE_ART-SCSA_PLUS_V3,8,-2.6108610574621216,SC-STATE_ART,-3,SC
5,SC-STATE_ART,1359577321695547392,6,1,-0.1599066147603767,SC-STATE_ART-SCSA_PLUS_V3,5,-1.0250458628988153,SC-STATE_ART,1,SC
5,SC-STATE_ART,1369400194513723396,7,5,-0.16003039471600533,SC-STATE_ART-SCSA_PLUS_V3,10,-3.2620846670431307,SC-STATE_ART,-3,SC
5,SC-STATE_ART,1369614175048249346,8,4,-0.16028890952435781,SC-STATE_ART-SCSA_PLUS_V3,7,-2.2987185320665353,SC-STATE_ART,1,SC
5,SC-STATE_ART,1369355243406954501,9,5,-0.16119039123784681,SC-STATE_ART-SCSA_PLUS_V3,4,-0.7380823695008286,SC-STATE_ART,5,SC
5,SC-STATE_ART,1362776603047165957,10,5,-0.1616210752921332,SC-STATE_ART-SCSA_PLUS_V3,3,-0.6809603197180417,SC-STATE_ART,7,SC
6,SC-STATE_ART,1362083047785439239,1,4,1.9782493142553246,SC-STATE_ART-SCSA_PLUS_V3,1,6.317284019691915,SC-STATE_ART,0,SC
6,SC-STATE_ART,1337020338916499463,2,2,1.7528845407177986,SC-STATE_ART-SCSA_PLUS_V3,4,2.720979175276886,SC-STATE_ART,-2,SC
6,SC-STATE_ART,1294010972055592962,3,3,0.2819856467928434,SC-STATE_ART-SCSA_PLUS_V3,2,3.442000195162174,SC-STATE_ART,1,SC
6,SC-STATE_ART,1331748997124534274,4,4,0.04266400795091706,SC-STATE_ART-SCSA_PLUS_V3,7,0.605440354063378,SC-STATE_ART,-3,SC
6,SC-STATE_ART,1317842770816602114,5,5,-0.012647848419380605,SC-STATE_ART-SCSA_PLUS_V3,8,0.29836443370412735,SC-STATE_ART,-3,SC
6,SC-STATE_ART,1355167587638906880,6,3,-0.08137949488613379,SC-STATE_ART-SCSA_PLUS_V3,5,1.9174980996517728,SC-STATE_ART,1,SC
6,SC-STATE_ART,1344689933978656771,7,4,-0.12690558993515466,SC-STATE_ART-SCSA_PLUS_V3,3,3.422843100278954,SC-STATE_ART,4,SC
6,SC-STATE_ART,1369311531360518146,8,5,-0.16217802858925454,SC-STATE_ART-SCSA_PLUS_V3,10,-1.9307035383663498,SC-STATE_ART,-2,SC
6,SC-STATE_ART,1369298875719311360,9,5,-0.1624780879287033,SC-STATE_ART-SCSA_PLUS_V3,6,1.2509600653879582,SC-STATE_ART,3,SC
6,SC-STATE_ART,1369405604595400711,10,5,-0.16259998657761504,SC-STATE_ART-SCSA_PLUS_V3,9,-0.2004328457738552,SC-STATE_ART,1,SC
7,SC-STATE_ART,1336810117057179649,1,4,-0.11385006520257479,SC-STATE_ART-SCSA_PLUS_V3,6,1.723459833576476,SC-STATE_ART,-5,SC
7,SC-STATE_ART,1368909409775149064,2,4,-0.12097280555960736,SC-STATE_ART-SCSA_PLUS_V3,4,1.9461802284427354,SC-STATE_ART,-2,SC
7,SC-STATE_ART,1369325020258983936,3,3,-0.1384317847683292,SC-STATE_ART-SCSA_PLUS_V3,9,-0.8129973821962501,SC-STATE_ART,-6,SC
7,SC-STATE_ART,1336964656792035329,4,3,-0.14023695875293207,SC-STATE_ART-SCSA_PLUS_V3,2,2.0763651263409506,SC-STATE_ART,2,SC
7,SC-STATE_ART,1365315820080009221,5,4,-0.1405406542759533,SC-STATE_ART-SCSA_PLUS_V3,10,-1.034510873345673,SC-STATE_ART,-5,SC
7,SC-STATE_ART,1337318168277241857,6,3,-0.1444666671088421,SC-STATE_ART-SCSA_PLUS_V3,5,1.8866985269298249,SC-STATE_ART,1,SC
7,SC-STATE_ART,1367462925250818061,7,5,-0.1561974805081122,SC-STATE_ART-SCSA_PLUS_V3,1,2.2891324647428473,SC-STATE_ART,6,SC
7,SC-STATE_ART,1368932010971004931,8,4,-0.1613441685603854,SC-STATE_ART-SCSA_PLUS_V3,7,-0.4191673824872118,SC-STATE_ART,1,SC
7,SC-STATE_ART,1362776603047165957,9,4,-0.1616210752921332,SC-STATE_ART-SCSA_PLUS_V3,8,-0.6809603197180417,SC-STATE_ART,1,SC
7,SC-STATE_ART,1365327872643260420,10,4,-0.1623579599275923,SC-STATE_ART-SCSA_PLUS_V3,3,1.9736484846794227,SC-STATE_ART,7,SC
8,SC-STATE_ART,1362083047785439239,1,4,1.9782493142553246,SC-STATE_ART-SCSA_PLUS_V3,1,6.317284019691915,SC-STATE_ART,0,SC
8,SC-STATE_ART,1337020338916499463,2,4,1.7528845407177986,SC-STATE_ART-SCSA_PLUS_V3,5,2.720979175276886,SC-STATE_ART,-3,SC
8,SC-STATE_ART,1337022746824499203,3,4,1.522513486320188,SC-STATE_ART-SCSA_PLUS_V3,3,3.93677533228313,SC-STATE_ART,0,SC
8,SC-STATE_ART,1337021907464499204,4,4,1.0137618845538725,SC-STATE_ART-SCSA_PLUS_V3,8,1.3667118216563114,SC-STATE_ART,-4,SC
8,SC-STATE_ART,1334711453211889665,5,4,0.4442273377518687,SC-STATE_ART-SCSA_PLUS_V3,2,4.387822739031291,SC-STATE_ART,3,SC
8,SC-STATE_ART,1294010972055592962,6,4,0.2819856467928434,SC-STATE_ART-SCSA_PLUS_V3,4,3.442000195162174,SC-STATE_ART,2,SC
8,SC-STATE_ART,1331748997124534274,7,4,0.04266400795091706,SC-STATE_ART-SCSA_PLUS_V3,9,0.605440354063378,SC-STATE_ART,-2,SC
8,SC-STATE_ART,1334726779903168512,8,4,0.010746085475311733,SC-STATE_ART-SCSA_PLUS_V3,6,1.9272129909067,SC-STATE_ART,2,SC
8,SC-STATE_ART,1355167587638906880,9,4,-0.08137949488613379,SC-STATE_ART-SCSA_PLUS_V3,7,1.9174980996517728,SC-STATE_ART,2,SC
8,SC-STATE_ART,1350483251291451392,10,5,-0.14289182958675023,SC-STATE_ART-SCSA_PLUS_V3,10,-1.615708369470857,SC-STATE_ART,0,SC
9,SC-STATE_ART,1095067826061262848,1,1,6.573077989097101,SC-STATE_ART-SCSA_PLUS_V3,1,12.975365939575605,SC-STATE_ART,0,SC
9,SC-STATE_ART,1273231711908872193,2,1,2.581129894904356,SC-STATE_ART-SCSA_PLUS_V3,4,3.1768801653310494,SC-STATE_ART,-2,SC
9,SC-STATE_ART,1182112257708306433,3,1,-0.04383045009819281,SC-STATE_ART-SCSA_PLUS_V3,8,-0.16049419338306353,SC-STATE_ART,-5,SC
9,SC-STATE_ART,1350483251291451392,4,5,-0.14289182958675023,SC-STATE_ART-SCSA_PLUS_V3,10,-1.615708369470857,SC-STATE_ART,-6,SC
9,SC-STATE_ART,1336059119174897665,5,4,-0.1529007931665888,SC-STATE_ART-SCSA_PLUS_V3,7,0.11828577394317481,SC-STATE_ART,-2,SC
9,SC-STATE_ART,1366561763962073092,6,1,-0.15708429440322777,SC-STATE_ART-SCSA_PLUS_V3,3,3.8351115564430356,SC-STATE_ART,3,SC
9,SC-STATE_ART,1359597695548153864,7,4,-0.1601442970151674,SC-STATE_ART-SCSA_PLUS_V3,9,-0.2779759772068338,SC-STATE_ART,-2,SC
9,SC-STATE_ART,1338584496489172992,8,3,-0.16119365438446756,SC-STATE_ART-SCSA_PLUS_V3,6,1.8584771903482171,SC-STATE_ART,2,SC
9,SC-STATE_ART,1365320876510560258,9,4,-0.1618194753125917,SC-STATE_ART-SCSA_PLUS_V3,5,1.9819255746385516,SC-STATE_ART,4,SC
9,SC-STATE_ART,1364683920965578753,10,1,-0.1627716157699001,SC-STATE_ART-SCSA_PLUS_V3,2,5.503195554791012,SC-STATE_ART,8,SC
10,SC-STATE_ART,1336810117057179649,1,4,-0.11385006520257479,SC-STATE_ART-SCSA_PLUS_V3,6,1.723459833576476,SC-STATE_ART,-5,SC
10,SC-STATE_ART,1368909409775149064,2,5,-0.12097280555960736,SC-STATE_ART-SCSA_PLUS_V3,4,1.9461802284427354,SC-STATE_ART,-2,SC
10,SC-STATE_ART,1369325020258983936,3,4,-0.1384317847683292,SC-STATE_ART-SCSA_PLUS_V3,8,-0.8129973821962501,SC-STATE_ART,-5,SC
10,SC-STATE_ART,1336964656792035329,4,4,-0.14023695875293207,SC-STATE_ART-SCSA_PLUS_V3,2,2.0763651263409506,SC-STATE_ART,2,SC
10,SC-STATE_ART,1365315820080009221,5,4,-0.1405406542759533,SC-STATE_ART-SCSA_PLUS_V3,9,-1.034510873345673,SC-STATE_ART,-4,SC
10,SC-STATE_ART,1350483251291451392,6,5,-0.14289182958675023,SC-STATE_ART-SCSA_PLUS_V3,10,-1.615708369470857,SC-STATE_ART,-4,SC
10,SC-STATE_ART,1337318168277241857,7,3,-0.1444666671088421,SC-STATE_ART-SCSA_PLUS_V3,5,1.8866985269298249,SC-STATE_ART,2,SC
10,SC-STATE_ART,1367462925250818061,8,4,-0.1561974805081122,SC-STATE_ART-SCSA_PLUS_V3,1,2.2891324647428473,SC-STATE_ART,7,SC
10,SC-STATE_ART,1368932010971004931,9,5,-0.1613441685603854,SC-STATE_ART-SCSA_PLUS_V3,7,-0.4191673824872118,SC-STATE_ART,2,SC
10,SC-STATE_ART,1365327872643260420,10,3,-0.1623579599275923,SC-STATE_ART-SCSA_PLUS_V3,3,1.9736484846794227,SC-STATE_ART,7,SC
11,SC-STATE_ART,1362083047785439239,1,5,1.9782493142553246,SC-STATE_ART-SCSA_PLUS_V3,1,6.317284019691915,SC-STATE_ART,0,SC
11,SC-STATE_ART,1362083047785439239,1,5,1.9782493142553246,SC-STATE_ART-SCSA_PLUS_V3,2,6.317284019691915,SC-STATE_ART,-1,SC
11,SC-STATE_ART,1362083047785439239,2,5,1.9782493142553246,SC-STATE_ART-SCSA_PLUS_V3,1,6.317284019691915,SC-STATE_ART,1,SC
11,SC-STATE_ART,1362083047785439239,2,5,1.9782493142553246,SC-STATE_ART-SCSA_PLUS_V3,2,6.317284019691915,SC-STATE_ART,0,SC
11,SC-STATE_ART,1337020338916499463,3,3,1.7528845407177986,SC-STATE_ART-SCSA_PLUS_V3,7,2.720979175276886,SC-STATE_ART,-4,SC
11,SC-STATE_ART,1337020338916499463,3,3,1.7528845407177986,SC-STATE_ART-SCSA_PLUS_V3,8,2.720979175276886,SC-STATE_ART,-5,SC
11,SC-STATE_ART,1337020338916499463,4,5,1.7528845407177986,SC-STATE_ART-SCSA_PLUS_V3,7,2.720979175276886,SC-STATE_ART,-3,SC
11,SC-STATE_ART,1337020338916499463,4,5,1.7528845407177986,SC-STATE_ART-SCSA_PLUS_V3,8,2.720979175276886,SC-STATE_ART,-4,SC
11,SC-STATE_ART,1337022746824499203,5,5,1.522513486320188,SC-STATE_ART-SCSA_PLUS_V3,4,3.93677533228313,SC-STATE_ART,1,SC
11,SC-STATE_ART,1337022746824499203,5,5,1.522513486320188,SC-STATE_ART-SCSA_PLUS_V3,5,3.93677533228313,SC-STATE_ART,0,SC
11,SC-STATE_ART,1337022746824499203,6,5,1.522513486320188,SC-STATE_ART-SCSA_PLUS_V3,4,3.93677533228313,SC-STATE_ART,2,SC
11,SC-STATE_ART,1337022746824499203,6,5,1.522513486320188,SC-STATE_ART-SCSA_PLUS_V3,5,3.93677533228313,SC-STATE_ART,1,SC
11,SC-STATE_ART,1337021907464499204,7,5,1.0137618845538725,SC-STATE_ART-SCSA_PLUS_V3,9,1.3667118216563114,SC-STATE_ART,-2,SC
11,SC-STATE_ART,1337021907464499204,7,5,1.0137618845538725,SC-STATE_ART-SCSA_PLUS_V3,10,1.3667118216563114,SC-STATE_ART,-3,SC
11,SC-STATE_ART,1337021907464499204,8,5,1.0137618845538725,SC-STATE_ART-SCSA_PLUS_V3,9,1.3667118216563114,SC-STATE_ART,-1,SC
11,SC-STATE_ART,1337021907464499204,8,5,1.0137618845538725,SC-STATE_ART-SCSA_PLUS_V3,10,1.3667118216563114,SC-STATE_ART,-2,SC
11,SC-STATE_ART,1334711453211889665,9,3,0.4442273377518687,SC-STATE_ART-SCSA_PLUS_V3,3,4.387822739031291,SC-STATE_ART,6,SC
11,SC-STATE_ART,1294010972055592962,10,5,0.2819856467928434,SC-STATE_ART-SCSA_PLUS_V3,6,3.442000195162174,SC-STATE_ART,4,SC
12,SC-STATE_ART,1301164188136431616,1,5,0.7709524433678134,SC-STATE_ART-SCSA_PLUS_V3,7,1.1745449410662212,SC-STATE_ART,-6,SC
12,SC-STATE_ART,1365109273240473600,2,3,0.01548233889198566,SC-STATE_ART-SCSA_PLUS_V3,5,1.6517561734975041,SC-STATE_ART,-3,SC
12,SC-STATE_ART,1361511252103729153,3,5,-0.14729897978002646,SC-STATE_ART-SCSA_PLUS_V3,3,3.7704800579429185,SC-STATE_ART,0,SC
12,SC-STATE_ART,1349749578095075328,4,5,-0.16129089510476388,SC-STATE_ART-SCSA_PLUS_V3,10,0.06932037073590923,SC-STATE_ART,-6,SC
12,SC-STATE_ART,1361586402484514816,5,2,-0.16152731628349717,SC-STATE_ART-SCSA_PLUS_V3,4,1.8928511756705775,SC-STATE_ART,1,SC
12,SC-STATE_ART,1361853779025403905,6,2,-0.16192560642696516,SC-STATE_ART-SCSA_PLUS_V3,8,0.9924666377646604,SC-STATE_ART,-2,SC
12,SC-STATE_ART,1366197120064192513,7,5,-0.16212177210362202,SC-STATE_ART-SCSA_PLUS_V3,2,9.275643528272024,SC-STATE_ART,5,SC
12,SC-STATE_ART,1361857937518465025,8,5,-0.1622675017795243,SC-STATE_ART-SCSA_PLUS_V3,6,1.2502722380765232,SC-STATE_ART,2,SC
12,SC-STATE_ART,1366910062711685124,9,5,-0.16241441153439715,SC-STATE_ART-SCSA_PLUS_V3,1,9.90831912866012,SC-STATE_ART,8,SC
12,SC-STATE_ART,1365037827298238464,10,2,-0.1625495227459047,SC-STATE_ART-SCSA_PLUS_V3,9,0.4593473295931426,SC-STATE_ART,1,SC
13,SC-STATE_ART,1365113385658970113,1,1,-0.018059530576186728,SC-STATE_ART-SCSA_PLUS_V3,6,1.2786927528281373,SC-STATE_ART,-5,SC
13,SC-STATE_ART,1336810117057179649,2,4,-0.11385006520257479,SC-STATE_ART-SCSA_PLUS_V3,5,1.723459833576476,SC-STATE_ART,-3,SC
13,SC-STATE_ART,1369325020258983936,3,4,-0.1384317847683292,SC-STATE_ART-SCSA_PLUS_V3,9,-0.8129973821962501,SC-STATE_ART,-6,SC
13,SC-STATE_ART,1336964656792035329,4,1,-0.14023695875293207,SC-STATE_ART-SCSA_PLUS_V3,2,2.0763651263409506,SC-STATE_ART,2,SC
13,SC-STATE_ART,1365315820080009221,5,4,-0.1405406542759533,SC-STATE_ART-SCSA_PLUS_V3,10,-1.034510873345673,SC-STATE_ART,-5,SC
13,SC-STATE_ART,1337318168277241857,6,1,-0.1444666671088421,SC-STATE_ART-SCSA_PLUS_V3,4,1.8866985269298249,SC-STATE_ART,2,SC
13,SC-STATE_ART,1366167129754537984,7,2,-0.16121432575915334,SC-STATE_ART-SCSA_PLUS_V3,1,2.2768611335594184,SC-STATE_ART,6,SC
13,SC-STATE_ART,1362776603047165957,8,2,-0.1616210752921332,SC-STATE_ART-SCSA_PLUS_V3,8,-0.6809603197180417,SC-STATE_ART,0,SC
13,SC-STATE_ART,1363551492486008834,9,1,-0.1622242890101785,SC-STATE_ART-SCSA_PLUS_V3,7,0.5229277309207143,SC-STATE_ART,2,SC
13,SC-STATE_ART,1365327872643260420,10,1,-0.1623579599275923,SC-STATE_ART-SCSA_PLUS_V3,3,1.9736484846794227,SC-STATE_ART,7,SC
15,SC-STATE_ART,1301164188136431616,1,3,0.7709524433678134,SC-STATE_ART-SCSA_PLUS_V3,8,1.1745449410662212,SC-STATE_ART,-7,SC
15,SC-STATE_ART,1365109273240473600,2,3,0.01548233889198566,SC-STATE_ART-SCSA_PLUS_V3,4,1.6517561734975041,SC-STATE_ART,-2,SC
15,SC-STATE_ART,1365113385658970113,3,3,-0.018059530576186728,SC-STATE_ART-SCSA_PLUS_V3,6,1.2786927528281373,SC-STATE_ART,-3,SC
15,SC-STATE_ART,1366121589478154243,4,4,-0.09234531722239857,SC-STATE_ART-SCSA_PLUS_V3,5,1.2889858962019534,SC-STATE_ART,-1,SC
15,SC-STATE_ART,1361511252103729153,5,5,-0.14729897978002646,SC-STATE_ART-SCSA_PLUS_V3,1,3.7704800579429185,SC-STATE_ART,4,SC
15,SC-STATE_ART,1366167129754537984,6,4,-0.16121432575915334,SC-STATE_ART-SCSA_PLUS_V3,2,2.2768611335594184,SC-STATE_ART,4,SC
15,SC-STATE_ART,1349749578095075328,7,3,-0.16129089510476388,SC-STATE_ART-SCSA_PLUS_V3,10,0.06932037073590923,SC-STATE_ART,-3,SC
15,SC-STATE_ART,1361586402484514816,8,3,-0.16152731628349717,SC-STATE_ART-SCSA_PLUS_V3,3,1.8928511756705775,SC-STATE_ART,5,SC
15,SC-STATE_ART,1361853779025403905,9,5,-0.16192560642696516,SC-STATE_ART-SCSA_PLUS_V3,9,0.9924666377646604,SC-STATE_ART,0,SC
15,SC-STATE_ART,1361857937518465025,10,3,-0.1622675017795243,SC-STATE_ART-SCSA_PLUS_V3,7,1.2502722380765232,SC-STATE_ART,3,SC
16,SC-STATE_ART,1367113993815547906,1,4,-0.029761322530998134,SC-STATE_ART-SCSA_PLUS_V3,6,1.6262186286336613,SC-STATE_ART,-5,SC
16,SC-STATE_ART,1368245651046207493,2,5,-0.11587668525816505,SC-STATE_ART-SCSA_PLUS_V3,2,3.4386130032824767,SC-STATE_ART,0,SC
16,SC-STATE_ART,1368909409775149064,3,2,-0.12097280555960736,SC-STATE_ART-SCSA_PLUS_V3,4,1.9461802284427354,SC-STATE_ART,-1,SC
16,SC-STATE_ART,1367462925250818061,4,1,-0.1561974805081122,SC-STATE_ART-SCSA_PLUS_V3,3,2.2891324647428473,SC-STATE_ART,1,SC
16,SC-STATE_ART,1368580185642110982,5,5,-0.15695435040341854,SC-STATE_ART-SCSA_PLUS_V3,5,1.9342973647240196,SC-STATE_ART,0,SC
16,SC-STATE_ART,1366499073671454725,6,2,-0.15879209205277411,SC-STATE_ART-SCSA_PLUS_V3,1,4.034211660614664,SC-STATE_ART,5,SC
16,SC-STATE_ART,1303249708169613313,7,1,-0.16019305083330923,SC-STATE_ART-SCSA_PLUS_V3,8,0.15353892550587625,SC-STATE_ART,-1,SC
16,SC-STATE_ART,1368932010971004931,8,1,-0.1613441685603854,SC-STATE_ART-SCSA_PLUS_V3,9,-0.4191673824872118,SC-STATE_ART,-1,SC
16,SC-STATE_ART,1319402828285108225,9,1,-0.16190339242230234,SC-STATE_ART-SCSA_PLUS_V3,10,-2.269523039538623,SC-STATE_ART,-1,SC
16,SC-STATE_ART,1324374402750767104,10,1,-0.16264838872816453,SC-STATE_ART-SCSA_PLUS_V3,7,0.8570444552028132,SC-STATE_ART,3,SC
17,SC-STATE_ART,1365113385658970113,1,1,-0.018059530576186728,SC-STATE_ART-SCSA_PLUS_V3,6,1.2786927528281373,SC-STATE_ART,-5,SC
17,SC-STATE_ART,1336810117057179649,2,2,-0.11385006520257479,SC-STATE_ART-SCSA_PLUS_V3,5,1.723459833576476,SC-STATE_ART,-3,SC
17,SC-STATE_ART,1369325020258983936,3,2,-0.1384317847683292,SC-STATE_ART-SCSA_PLUS_V3,9,-0.8129973821962501,SC-STATE_ART,-6,SC
17,SC-STATE_ART,1336964656792035329,4,2,-0.14023695875293207,SC-STATE_ART-SCSA_PLUS_V3,2,2.0763651263409506,SC-STATE_ART,2,SC
17,SC-STATE_ART,1365315820080009221,5,2,-0.1405406542759533,SC-STATE_ART-SCSA_PLUS_V3,10,-1.034510873345673,SC-STATE_ART,-5,SC
17,SC-STATE_ART,1337318168277241857,6,2,-0.1444666671088421,SC-STATE_ART-SCSA_PLUS_V3,4,1.8866985269298249,SC-STATE_ART,2,SC
17,SC-STATE_ART,1344784297316786177,7,5,-0.1466207283219629,SC-STATE_ART-SCSA_PLUS_V3,7,0.693716711838448,SC-STATE_ART,0,SC
17,SC-STATE_ART,1366167129754537984,8,1,-0.16121432575915334,SC-STATE_ART-SCSA_PLUS_V3,1,2.2768611335594184,SC-STATE_ART,7,SC
17,SC-STATE_ART,1363551492486008834,9,2,-0.1622242890101785,SC-STATE_ART-SCSA_PLUS_V3,8,0.5229277309207143,SC-STATE_ART,1,SC
17,SC-STATE_ART,1365327872643260420,10,2,-0.1623579599275923,SC-STATE_ART-SCSA_PLUS_V3,3,1.9736484846794227,SC-STATE_ART,7,SC
18,SC-STATE_ART,1273231711908872193,1,3,2.581129894904356,SC-STATE_ART-SCSA_PLUS_V3,3,3.1768801653310494,SC-STATE_ART,-2,SC
18,SC-STATE_ART,1301164188136431616,2,3,0.7709524433678134,SC-STATE_ART-SCSA_PLUS_V3,8,1.1745449410662212,SC-STATE_ART,-6,SC
18,SC-STATE_ART,1365109273240473600,3,1,0.01548233889198566,SC-STATE_ART-SCSA_PLUS_V3,5,1.6517561734975041,SC-STATE_ART,-2,SC
18,SC-STATE_ART,1366121589478154243,4,2,-0.09234531722239857,SC-STATE_ART-SCSA_PLUS_V3,6,1.2889858962019534,SC-STATE_ART,-2,SC
18,SC-STATE_ART,1344689933978656771,5,3,-0.12690558993515466,SC-STATE_ART-SCSA_PLUS_V3,2,3.422843100278954,SC-STATE_ART,3,SC
18,SC-STATE_ART,1361511252103729153,6,1,-0.14729897978002646,SC-STATE_ART-SCSA_PLUS_V3,1,3.7704800579429185,SC-STATE_ART,5,SC
18,SC-STATE_ART,1349749578095075328,7,1,-0.16129089510476388,SC-STATE_ART-SCSA_PLUS_V3,10,0.06932037073590923,SC-STATE_ART,-3,SC
18,SC-STATE_ART,1361586402484514816,8,1,-0.16152731628349717,SC-STATE_ART-SCSA_PLUS_V3,4,1.8928511756705775,SC-STATE_ART,4,SC
18,SC-STATE_ART,1361853779025403905,9,1,-0.16192560642696516,SC-STATE_ART-SCSA_PLUS_V3,9,0.9924666377646604,SC-STATE_ART,0,SC
18,SC-STATE_ART,1361857937518465025,10,1,-0.1622675017795243,SC-STATE_ART-SCSA_PLUS_V3,7,1.2502722380765232,SC-STATE_ART,3,SC
19,SC-STATE_ART,1369441796925886465,1,4,-0.15743537047928802,SC-STATE_ART-SCSA_PLUS_V3,7,-2.038859345145162,SC-STATE_ART,-6,SC
19,SC-STATE_ART,1369375444793954323,2,4,-0.158221370759571,SC-STATE_ART-SCSA_PLUS_V3,9,-2.7527104441297636,SC-STATE_ART,-7,SC
19,SC-STATE_ART,1369048387815899139,3,3,-0.15929802066937204,SC-STATE_ART-SCSA_PLUS_V3,8,-2.6108610574621216,SC-STATE_ART,-5,SC
19,SC-STATE_ART,1369400194513723396,4,4,-0.16003039471600533,SC-STATE_ART-SCSA_PLUS_V3,10,-3.2620846670431307,SC-STATE_ART,-6,SC
19,SC-STATE_ART,1369326799709212680,5,4,-0.16154612761383313,SC-STATE_ART-SCSA_PLUS_V3,5,-1.4117120163308365,SC-STATE_ART,0,SC
19,SC-STATE_ART,1349377838722519040,6,4,-0.1617505457339032,SC-STATE_ART-SCSA_PLUS_V3,3,0.7765136103628977,SC-STATE_ART,3,SC
19,SC-STATE_ART,1349380288783253504,7,4,-0.1619251796950947,SC-STATE_ART-SCSA_PLUS_V3,2,0.9172050204873838,SC-STATE_ART,5,SC
19,SC-STATE_ART,1369311531360518146,8,4,-0.16217802858925454,SC-STATE_ART-SCSA_PLUS_V3,6,-1.9307035383663498,SC-STATE_ART,2,SC
19,SC-STATE_ART,1369298875719311360,9,4,-0.1624780879287033,SC-STATE_ART-SCSA_PLUS_V3,1,1.2509600653879582,SC-STATE_ART,8,SC
19,SC-STATE_ART,1369405604595400711,10,4,-0.16259998657761504,SC-STATE_ART-SCSA_PLUS_V3,4,-0.2004328457738552,SC-STATE_ART,6,SC
20,SC-STATE_ART,1317842770816602114,1,3,-0.012647848419380605,SC-STATE_ART-SCSA_PLUS_V3,8,0.29836443370412735,SC-STATE_ART,-7,SC
20,SC-STATE_ART,1367113993815547906,2,4,-0.029761322530998134,SC-STATE_ART-SCSA_PLUS_V3,7,1.6262186286336613,SC-STATE_ART,-5,SC
20,SC-STATE_ART,1368909409775149064,3,3,-0.12097280555960736,SC-STATE_ART-SCSA_PLUS_V3,5,1.9461802284427354,SC-STATE_ART,-2,SC
20,SC-STATE_ART,1344689933978656771,4,2,-0.12690558993515466,SC-STATE_ART-SCSA_PLUS_V3,2,3.422843100278954,SC-STATE_ART,2,SC
20,SC-STATE_ART,1367462925250818061,5,1,-0.1561974805081122,SC-STATE_ART-SCSA_PLUS_V3,3,2.2891324647428473,SC-STATE_ART,2,SC
20,SC-STATE_ART,1368580185642110982,6,1,-0.15695435040341854,SC-STATE_ART-SCSA_PLUS_V3,6,1.9342973647240196,SC-STATE_ART,0,SC
20,SC-STATE_ART,1366499073671454725,7,3,-0.15879209205277411,SC-STATE_ART-SCSA_PLUS_V3,1,4.034211660614664,SC-STATE_ART,6,SC
20,SC-STATE_ART,1368932010971004931,8,2,-0.1613441685603854,SC-STATE_ART-SCSA_PLUS_V3,9,-0.4191673824872118,SC-STATE_ART,-1,SC
20,SC-STATE_ART,1362776603047165957,9,5,-0.1616210752921332,SC-STATE_ART-SCSA_PLUS_V3,10,-0.6809603197180417,SC-STATE_ART,-1,SC
20,SC-STATE_ART,1354118501653483523,10,1,-0.1626934571397117,SC-STATE_ART-SCSA_PLUS_V3,4,2.044728839831383,SC-STATE_ART,6,SC
21,SC-STATE_ART,1317842770816602114,1,5,-0.012647848419380605,SC-STATE_ART-SCSA_PLUS_V3,7,0.29836443370412735,SC-STATE_ART,-6,SC
21,SC-STATE_ART,1344689933978656771,2,2,-0.12690558993515466,SC-STATE_ART-SCSA_PLUS_V3,2,3.422843100278954,SC-STATE_ART,0,SC
21,SC-STATE_ART,1364666742916583427,3,3,-0.13030259051523496,SC-STATE_ART-SCSA_PLUS_V3,6,0.9822172364567091,SC-STATE_ART,-3,SC
21,SC-STATE_ART,1369325020258983936,4,2,-0.1384317847683292,SC-STATE_ART-SCSA_PLUS_V3,8,-0.8129973821962501,SC-STATE_ART,-4,SC
21,SC-STATE_ART,1365315820080009221,5,2,-0.1405406542759533,SC-STATE_ART-SCSA_PLUS_V3,9,-1.034510873345673,SC-STATE_ART,-4,SC
21,SC-STATE_ART,1367521202042933249,6,5,-0.15300631426322778,SC-STATE_ART-SCSA_PLUS_V3,10,-3.7094121978709644,SC-STATE_ART,-4,SC
21,SC-STATE_ART,1367300793485828097,7,5,-0.15860056222685429,SC-STATE_ART-SCSA_PLUS_V3,5,1.2122225436979266,SC-STATE_ART,2,SC
21,SC-STATE_ART,1366443197166096385,8,1,-0.1624720926413561,SC-STATE_ART-SCSA_PLUS_V3,4,1.2734719164092647,SC-STATE_ART,4,SC
21,SC-STATE_ART,1369075493753020420,9,4,-0.16268443983927036,SC-STATE_ART-SCSA_PLUS_V3,3,3.249128324108365,SC-STATE_ART,6,SC
21,SC-STATE_ART,1369075561981566976,10,4,-0.16275602801691258,SC-STATE_ART-SCSA_PLUS_V3,1,3.4713388927248765,SC-STATE_ART,9,SC
22,SC-STATE_ART,1364666742916583427,1,3,-0.13030259051523496,SC-STATE_ART-SCSA_PLUS_V3,5,0.9822172364567091,SC-STATE_ART,-4,SC
22,SC-STATE_ART,1368641210533830657,2,5,-0.1492307220489527,SC-STATE_ART-SCSA_PLUS_V3,8,-0.9731496315835763,SC-STATE_ART,-6,SC
22,SC-STATE_ART,1367521202042933249,3,5,-0.15300631426322778,SC-STATE_ART-SCSA_PLUS_V3,10,-3.7094121978709644,SC-STATE_ART,-7,SC
22,SC-STATE_ART,1369375444793954323,4,5,-0.158221370759571,SC-STATE_ART-SCSA_PLUS_V3,9,-2.7527104441297636,SC-STATE_ART,-5,SC
22,SC-STATE_ART,1367300793485828097,5,3,-0.15860056222685429,SC-STATE_ART-SCSA_PLUS_V3,4,1.2122225436979266,SC-STATE_ART,1,SC
22,SC-STATE_ART,1362776603047165957,6,3,-0.1616210752921332,SC-STATE_ART-SCSA_PLUS_V3,7,-0.6809603197180417,SC-STATE_ART,-1,SC
22,SC-STATE_ART,1367237010608431106,7,3,-0.16228613794792768,SC-STATE_ART-SCSA_PLUS_V3,6,-0.33909162986804253,SC-STATE_ART,1,SC
22,SC-STATE_ART,1366443197166096385,8,2,-0.1624720926413561,SC-STATE_ART-SCSA_PLUS_V3,3,1.2734719164092647,SC-STATE_ART,5,SC
22,SC-STATE_ART,1369075493753020420,9,5,-0.16268443983927036,SC-STATE_ART-SCSA_PLUS_V3,2,3.249128324108365,SC-STATE_ART,7,SC
22,SC-STATE_ART,1369075561981566976,10,5,-0.16275602801691258,SC-STATE_ART-SCSA_PLUS_V3,1,3.4713388927248765,SC-STATE_ART,9,SC
23,SC-STATE_ART,1362083047785439239,1,3,1.9782493142553246,SC-STATE_ART-SCSA_PLUS_V3,1,6.317284019691915,SC-STATE_ART,0,SC
23,SC-STATE_ART,1337020338916499463,2,3,1.7528845407177986,SC-STATE_ART-SCSA_PLUS_V3,5,2.720979175276886,SC-STATE_ART,-3,SC
23,SC-STATE_ART,1337022746824499203,3,3,1.522513486320188,SC-STATE_ART-SCSA_PLUS_V3,3,3.93677533228313,SC-STATE_ART,0,SC
23,SC-STATE_ART,1337021907464499204,4,3,1.0137618845538725,SC-STATE_ART-SCSA_PLUS_V3,8,1.3667118216563114,SC-STATE_ART,-4,SC
23,SC-STATE_ART,1334711453211889665,5,3,0.4442273377518687,SC-STATE_ART-SCSA_PLUS_V3,2,4.387822739031291,SC-STATE_ART,3,SC
23,SC-STATE_ART,1294010972055592962,6,3,0.2819856467928434,SC-STATE_ART-SCSA_PLUS_V3,4,3.442000195162174,SC-STATE_ART,2,SC
23,SC-STATE_ART,1331748997124534274,7,3,0.04266400795091706,SC-STATE_ART-SCSA_PLUS_V3,9,0.605440354063378,SC-STATE_ART,-2,SC
23,SC-STATE_ART,1334726779903168512,8,3,0.010746085475311733,SC-STATE_ART-SCSA_PLUS_V3,6,1.9272129909067,SC-STATE_ART,2,SC
23,SC-STATE_ART,1355167587638906880,9,3,-0.08137949488613379,SC-STATE_ART-SCSA_PLUS_V3,7,1.9174980996517728,SC-STATE_ART,2,SC
23,SC-STATE_ART,1350483251291451392,10,5,-0.14289182958675023,SC-STATE_ART-SCSA_PLUS_V3,10,-1.615708369470857,SC-STATE_ART,0,SC
24,SC-STATE_ART,1364607745270423556,1,4,0.15814341714407787,SC-STATE_ART-SCSA_PLUS_V3,8,-0.6917746542144274,SC-STATE_ART,-7,SC
24,SC-STATE_ART,1336810117057179649,2,2,-0.11385006520257479,SC-STATE_ART-SCSA_PLUS_V3,5,1.723459833576476,SC-STATE_ART,-3,SC
24,SC-STATE_ART,1369325020258983936,3,5,-0.1384317847683292,SC-STATE_ART-SCSA_PLUS_V3,9,-0.8129973821962501,SC-STATE_ART,-6,SC
24,SC-STATE_ART,1336964656792035329,4,2,-0.14023695875293207,SC-STATE_ART-SCSA_PLUS_V3,1,2.0763651263409506,SC-STATE_ART,3,SC
24,SC-STATE_ART,1365315820080009221,5,4,-0.1405406542759533,SC-STATE_ART-SCSA_PLUS_V3,10,-1.034510873345673,SC-STATE_ART,-5,SC
24,SC-STATE_ART,1337318168277241857,6,3,-0.1444666671088421,SC-STATE_ART-SCSA_PLUS_V3,4,1.8866985269298249,SC-STATE_ART,2,SC
24,SC-STATE_ART,1346517996760666117,7,5,-0.15941689388901223,SC-STATE_ART-SCSA_PLUS_V3,2,2.0393166380542347,SC-STATE_ART,5,SC
24,SC-STATE_ART,1362776603047165957,8,5,-0.1616210752921332,SC-STATE_ART-SCSA_PLUS_V3,7,-0.6809603197180417,SC-STATE_ART,1,SC
24,SC-STATE_ART,1363551492486008834,9,4,-0.1622242890101785,SC-STATE_ART-SCSA_PLUS_V3,6,0.5229277309207143,SC-STATE_ART,3,SC
24,SC-STATE_ART,1365327872643260420,10,4,-0.1623579599275923,SC-STATE_ART-SCSA_PLUS_V3,3,1.9736484846794227,SC-STATE_ART,7,SC
25,SC-STATE_ART,1369441796925886465,1,5,-0.15743537047928802,SC-STATE_ART-SCSA_PLUS_V3,7,-2.038859345145162,SC-STATE_ART,-6,SC
25,SC-STATE_ART,1369375444793954323,2,5,-0.158221370759571,SC-STATE_ART-SCSA_PLUS_V3,9,-2.7527104441297636,SC-STATE_ART,-7,SC
25,SC-STATE_ART,1369048387815899139,3,5,-0.15929802066937204,SC-STATE_ART-SCSA_PLUS_V3,8,-2.6108610574621216,SC-STATE_ART,-5,SC
25,SC-STATE_ART,1369400194513723396,4,5,-0.16003039471600533,SC-STATE_ART-SCSA_PLUS_V3,10,-3.2620846670431307,SC-STATE_ART,-6,SC
25,SC-STATE_ART,1369355243406954501,5,5,-0.16119039123784681,SC-STATE_ART-SCSA_PLUS_V3,5,-0.7380823695008286,SC-STATE_ART,0,SC
25,SC-STATE_ART,1362776603047165957,6,5,-0.1616210752921332,SC-STATE_ART-SCSA_PLUS_V3,4,-0.6809603197180417,SC-STATE_ART,2,SC
25,SC-STATE_ART,1349377838722519040,7,1,-0.1617505457339032,SC-STATE_ART-SCSA_PLUS_V3,2,0.7765136103628977,SC-STATE_ART,5,SC
25,SC-STATE_ART,1354011094751260673,8,4,-0.16192064545861493,SC-STATE_ART-SCSA_PLUS_V3,6,-1.3796503699019258,SC-STATE_ART,2,SC
25,SC-STATE_ART,1349380288783253504,9,1,-0.1619251796950947,SC-STATE_ART-SCSA_PLUS_V3,1,0.9172050204873838,SC-STATE_ART,8,SC
25,SC-STATE_ART,1353672852747284480,10,4,-0.16236036771834148,SC-STATE_ART-SCSA_PLUS_V3,3,-0.14917337648383971,SC-STATE_ART,7,SC
26,SC-STATE_ART,1350483251291451392,1,4,-0.14289182958675023,SC-STATE_ART-SCSA_PLUS_V3,9,-1.615708369470857,SC-STATE_ART,-8,SC
26,SC-STATE_ART,1342062601535164416,2,3,-0.14950298212288118,SC-STATE_ART-SCSA_PLUS_V3,3,0.5459195073037224,SC-STATE_ART,-1,SC
26,SC-STATE_ART,1336059119174897665,3,3,-0.1529007931665888,SC-STATE_ART-SCSA_PLUS_V3,4,0.11828577394317481,SC-STATE_ART,-1,SC
26,SC-STATE_ART,1359597695548153864,4,4,-0.1601442970151674,SC-STATE_ART-SCSA_PLUS_V3,6,-0.2779759772068338,SC-STATE_ART,-2,SC
26,SC-STATE_ART,1369614175048249346,5,4,-0.16028890952435781,SC-STATE_ART-SCSA_PLUS_V3,10,-2.2987185320665353,SC-STATE_ART,-5,SC
26,SC-STATE_ART,1362776603047165957,6,4,-0.1616210752921332,SC-STATE_ART-SCSA_PLUS_V3,7,-0.6809603197180417,SC-STATE_ART,-1,SC
26,SC-STATE_ART,1349377838722519040,7,4,-0.1617505457339032,SC-STATE_ART-SCSA_PLUS_V3,2,0.7765136103628977,SC-STATE_ART,5,SC
26,SC-STATE_ART,1354011094751260673,8,4,-0.16192064545861493,SC-STATE_ART-SCSA_PLUS_V3,8,-1.3796503699019258,SC-STATE_ART,0,SC
26,SC-STATE_ART,1349380288783253504,9,4,-0.1619251796950947,SC-STATE_ART-SCSA_PLUS_V3,1,0.9172050204873838,SC-STATE_ART,8,SC
26,SC-STATE_ART,1353672852747284480,10,3,-0.16236036771834148,SC-STATE_ART-SCSA_PLUS_V3,5,-0.14917337648383971,SC-STATE_ART,5,SC
27,SC-STATE_ART,1369441796925886465,1,5,-0.15743537047928802,SC-STATE_ART-SCSA_PLUS_V3,7,-2.038859345145162,SC-STATE_ART,-6,SC
27,SC-STATE_ART,1369375444793954323,2,5,-0.158221370759571,SC-STATE_ART-SCSA_PLUS_V3,9,-2.7527104441297636,SC-STATE_ART,-7,SC
27,SC-STATE_ART,1369048387815899139,3,4,-0.15929802066937204,SC-STATE_ART-SCSA_PLUS_V3,8,-2.6108610574621216,SC-STATE_ART,-5,SC
27,SC-STATE_ART,1369400194513723396,4,5,-0.16003039471600533,SC-STATE_ART-SCSA_PLUS_V3,10,-3.2620846670431307,SC-STATE_ART,-6,SC
27,SC-STATE_ART,1369355243406954501,5,5,-0.16119039123784681,SC-STATE_ART-SCSA_PLUS_V3,5,-0.7380823695008286,SC-STATE_ART,0,SC
27,SC-STATE_ART,1362776603047165957,6,5,-0.1616210752921332,SC-STATE_ART-SCSA_PLUS_V3,4,-0.6809603197180417,SC-STATE_ART,2,SC
27,SC-STATE_ART,1349377838722519040,7,5,-0.1617505457339032,SC-STATE_ART-SCSA_PLUS_V3,2,0.7765136103628977,SC-STATE_ART,5,SC
27,SC-STATE_ART,1354011094751260673,8,5,-0.16192064545861493,SC-STATE_ART-SCSA_PLUS_V3,6,-1.3796503699019258,SC-STATE_ART,2,SC
27,SC-STATE_ART,1349380288783253504,9,5,-0.1619251796950947,SC-STATE_ART-SCSA_PLUS_V3,1,0.9172050204873838,SC-STATE_ART,8,SC
27,SC-STATE_ART,1353672852747284480,10,3,-0.16236036771834148,SC-STATE_ART-SCSA_PLUS_V3,3,-0.14917337648383971,SC-STATE_ART,7,SC
28,SC-STATE_ART,1317842770816602114,1,3,-0.012647848419380605,SC-STATE_ART-SCSA_PLUS_V3,7,0.29836443370412735,SC-STATE_ART,-6,SC
28,SC-STATE_ART,1336810117057179649,2,3,-0.11385006520257479,SC-STATE_ART-SCSA_PLUS_V3,6,1.723459833576476,SC-STATE_ART,-4,SC
28,SC-STATE_ART,1344689933978656771,3,1,-0.12690558993515466,SC-STATE_ART-SCSA_PLUS_V3,1,3.422843100278954,SC-STATE_ART,2,SC
28,SC-STATE_ART,1369325020258983936,4,1,-0.1384317847683292,SC-STATE_ART-SCSA_PLUS_V3,8,-0.8129973821962501,SC-STATE_ART,-4,SC
28,SC-STATE_ART,1336964656792035329,5,1,-0.14023695875293207,SC-STATE_ART-SCSA_PLUS_V3,2,2.0763651263409506,SC-STATE_ART,3,SC
28,SC-STATE_ART,1365315820080009221,6,1,-0.1405406542759533,SC-STATE_ART-SCSA_PLUS_V3,9,-1.034510873345673,SC-STATE_ART,-3,SC
28,SC-STATE_ART,1350483251291451392,7,5,-0.14289182958675023,SC-STATE_ART-SCSA_PLUS_V3,10,-1.615708369470857,SC-STATE_ART,-3,SC
28,SC-STATE_ART,1337318168277241857,8,1,-0.1444666671088421,SC-STATE_ART-SCSA_PLUS_V3,5,1.8866985269298249,SC-STATE_ART,3,SC
28,SC-STATE_ART,1365327872643260420,9,1,-0.1623579599275923,SC-STATE_ART-SCSA_PLUS_V3,4,1.9736484846794227,SC-STATE_ART,5,SC
28,SC-STATE_ART,1354118501653483523,10,1,-0.1626934571397117,SC-STATE_ART-SCSA_PLUS_V3,3,2.044728839831383,SC-STATE_ART,7,SC
29,SC-STATE_ART,1362083047785439239,1,5,1.9782493142553246,SC-STATE_ART-SCSA_PLUS_V3,1,6.317284019691915,SC-STATE_ART,0,SC
29,SC-STATE_ART,1337020338916499463,2,3,1.7528845407177986,SC-STATE_ART-SCSA_PLUS_V3,4,2.720979175276886,SC-STATE_ART,-2,SC
29,SC-STATE_ART,1364666742916583427,3,5,-0.13030259051523496,SC-STATE_ART-SCSA_PLUS_V3,7,0.9822172364567091,SC-STATE_ART,-4,SC
29,SC-STATE_ART,1367521202042933249,4,4,-0.15300631426322778,SC-STATE_ART-SCSA_PLUS_V3,10,-3.7094121978709644,SC-STATE_ART,-6,SC
29,SC-STATE_ART,1367300793485828097,5,4,-0.15860056222685429,SC-STATE_ART-SCSA_PLUS_V3,6,1.2122225436979266,SC-STATE_ART,-1,SC
29,SC-STATE_ART,1248277743118086144,6,3,-0.16153625806373478,SC-STATE_ART-SCSA_PLUS_V3,9,-0.7019089382100414,SC-STATE_ART,-3,SC
29,SC-STATE_ART,1248251408333172738,7,3,-0.16255368357427188,SC-STATE_ART-SCSA_PLUS_V3,5,1.660758325297991,SC-STATE_ART,2,SC
29,SC-STATE_ART,1369075493753020420,8,5,-0.16268443983927036,SC-STATE_ART-SCSA_PLUS_V3,3,3.249128324108365,SC-STATE_ART,5,SC
29,SC-STATE_ART,1369075561981566976,9,5,-0.16275602801691258,SC-STATE_ART-SCSA_PLUS_V3,2,3.4713388927248765,SC-STATE_ART,7,SC
29,SC-STATE_ART,1369169111478005763,10,3,-0.163016326348334,SC-STATE_ART-SCSA_PLUS_V3,8,0.3469518511821572,SC-STATE_ART,2,SC
30,SC-STATE_ART,1364666742916583427,1,3,-0.13030259051523496,SC-STATE_ART-SCSA_PLUS_V3,6,0.9822172364567091,SC-STATE_ART,-5,SC
30,SC-STATE_ART,1368641210533830657,2,4,-0.1492307220489527,SC-STATE_ART-SCSA_PLUS_V3,9,-0.9731496315835763,SC-STATE_ART,-7,SC
30,SC-STATE_ART,1367521202042933249,3,4,-0.15300631426322778,SC-STATE_ART-SCSA_PLUS_V3,10,-3.7094121978709644,SC-STATE_ART,-7,SC
30,SC-STATE_ART,1367300793485828097,4,3,-0.15860056222685429,SC-STATE_ART-SCSA_PLUS_V3,5,1.2122225436979266,SC-STATE_ART,-1,SC
30,SC-STATE_ART,1362776603047165957,5,4,-0.1616210752921332,SC-STATE_ART-SCSA_PLUS_V3,8,-0.6809603197180417,SC-STATE_ART,-3,SC
30,SC-STATE_ART,1367237010608431106,6,2,-0.16228613794792768,SC-STATE_ART-SCSA_PLUS_V3,7,-0.33909162986804253,SC-STATE_ART,-1,SC
30,SC-STATE_ART,1366443197166096385,7,2,-0.1624720926413561,SC-STATE_ART-SCSA_PLUS_V3,4,1.2734719164092647,SC-STATE_ART,3,SC
30,SC-STATE_ART,1369075493753020420,8,4,-0.16268443983927036,SC-STATE_ART-SCSA_PLUS_V3,2,3.249128324108365,SC-STATE_ART,6,SC
30,SC-STATE_ART,1369075561981566976,9,4,-0.16275602801691258,SC-STATE_ART-SCSA_PLUS_V3,1,3.4713388927248765,SC-STATE_ART,8,SC
30,SC-STATE_ART,1369034842222985216,10,4,-0.16285972135834859,SC-STATE_ART-SCSA_PLUS_V3,3,1.3579494760277242,SC-STATE_ART,7,SC
31,SC-STATE_ART,1336810117057179649,1,4,-0.11385006520257479,SC-STATE_ART-SCSA_PLUS_V3,4,1.723459833576476,SC-STATE_ART,-3,SC
31,SC-STATE_ART,1369325020258983936,2,3,-0.1384317847683292,SC-STATE_ART-SCSA_PLUS_V3,9,-0.8129973821962501,SC-STATE_ART,-7,SC
31,SC-STATE_ART,1336964656792035329,3,3,-0.14023695875293207,SC-STATE_ART-SCSA_PLUS_V3,1,2.0763651263409506,SC-STATE_ART,2,SC
31,SC-STATE_ART,1365315820080009221,4,4,-0.1405406542759533,SC-STATE_ART-SCSA_PLUS_V3,10,-1.034510873345673,SC-STATE_ART,-6,SC
31,SC-STATE_ART,1337318168277241857,5,5,-0.1444666671088421,SC-STATE_ART-SCSA_PLUS_V3,3,1.8866985269298249,SC-STATE_ART,2,SC
31,SC-STATE_ART,1283912982200631298,6,3,-0.1507222759617388,SC-STATE_ART-SCSA_PLUS_V3,5,1.243626264029323,SC-STATE_ART,1,SC
31,SC-STATE_ART,1318667750408036352,7,2,-0.15914967195903287,SC-STATE_ART-SCSA_PLUS_V3,7,-0.13230145469562932,SC-STATE_ART,0,SC
31,SC-STATE_ART,1362776603047165957,8,5,-0.1616210752921332,SC-STATE_ART-SCSA_PLUS_V3,8,-0.6809603197180417,SC-STATE_ART,0,SC
31,SC-STATE_ART,1363551492486008834,9,2,-0.1622242890101785,SC-STATE_ART-SCSA_PLUS_V3,6,0.5229277309207143,SC-STATE_ART,3,SC
31,SC-STATE_ART,1365327872643260420,10,3,-0.1623579599275923,SC-STATE_ART-SCSA_PLUS_V3,2,1.9736484846794227,SC-STATE_ART,8,SC
32,SC-STATE_ART,1362074171832958980,1,1,-0.14544836800752695,SC-STATE_ART-SCSA_PLUS_V3,2,0.7331420762516607,SC-STATE_ART,-1,SC
32,SC-STATE_ART,1369441796925886465,2,2,-0.15743537047928802,SC-STATE_ART-SCSA_PLUS_V3,6,-2.038859345145162,SC-STATE_ART,-4,SC
32,SC-STATE_ART,1369375444793954323,3,3,-0.158221370759571,SC-STATE_ART-SCSA_PLUS_V3,9,-2.7527104441297636,SC-STATE_ART,-6,SC
32,SC-STATE_ART,1362085735063572482,4,2,-0.15868617340593824,SC-STATE_ART-SCSA_PLUS_V3,1,1.0182111709970592,SC-STATE_ART,3,SC
32,SC-STATE_ART,1369048387815899139,5,2,-0.15929802066937204,SC-STATE_ART-SCSA_PLUS_V3,8,-2.6108610574621216,SC-STATE_ART,-3,SC
32,SC-STATE_ART,1359577321695547392,6,1,-0.1599066147603767,SC-STATE_ART-SCSA_PLUS_V3,5,-1.0250458628988153,SC-STATE_ART,1,SC
32,SC-STATE_ART,1369400194513723396,7,2,-0.16003039471600533,SC-STATE_ART-SCSA_PLUS_V3,10,-3.2620846670431307,SC-STATE_ART,-3,SC
32,SC-STATE_ART,1369614175048249346,8,3,-0.16028890952435781,SC-STATE_ART-SCSA_PLUS_V3,7,-2.2987185320665353,SC-STATE_ART,1,SC
32,SC-STATE_ART,1369355243406954501,9,1,-0.16119039123784681,SC-STATE_ART-SCSA_PLUS_V3,4,-0.7380823695008286,SC-STATE_ART,5,SC
32,SC-STATE_ART,1362776603047165957,10,2,-0.1616210752921332,SC-STATE_ART-SCSA_PLUS_V3,3,-0.6809603197180417,SC-STATE_ART,7,SC
33,SC-STATE_ART,1369441796925886465,1,4,-0.15743537047928802,SC-STATE_ART-SCSA_PLUS_V3,7,-2.038859345145162,SC-STATE_ART,-6,SC
33,SC-STATE_ART,1369375444793954323,2,4,-0.158221370759571,SC-STATE_ART-SCSA_PLUS_V3,9,-2.7527104441297636,SC-STATE_ART,-7,SC
33,SC-STATE_ART,1369048387815899139,3,4,-0.15929802066937204,SC-STATE_ART-SCSA_PLUS_V3,8,-2.6108610574621216,SC-STATE_ART,-5,SC
33,SC-STATE_ART,1369400194513723396,4,4,-0.16003039471600533,SC-STATE_ART-SCSA_PLUS_V3,10,-3.2620846670431307,SC-STATE_ART,-6,SC
33,SC-STATE_ART,1369355243406954501,5,3,-0.16119039123784681,SC-STATE_ART-SCSA_PLUS_V3,4,-0.7380823695008286,SC-STATE_ART,1,SC
33,SC-STATE_ART,1369326799709212680,6,2,-0.16154612761383313,SC-STATE_ART-SCSA_PLUS_V3,5,-1.4117120163308365,SC-STATE_ART,1,SC
33,SC-STATE_ART,1362776603047165957,7,3,-0.1616210752921332,SC-STATE_ART-SCSA_PLUS_V3,3,-0.6809603197180417,SC-STATE_ART,4,SC
33,SC-STATE_ART,1369311531360518146,8,4,-0.16217802858925454,SC-STATE_ART-SCSA_PLUS_V3,6,-1.9307035383663498,SC-STATE_ART,2,SC
33,SC-STATE_ART,1369298875719311360,9,4,-0.1624780879287033,SC-STATE_ART-SCSA_PLUS_V3,1,1.2509600653879582,SC-STATE_ART,8,SC
33,SC-STATE_ART,1369405604595400711,10,4,-0.16259998657761504,SC-STATE_ART-SCSA_PLUS_V3,2,-0.2004328457738552,SC-STATE_ART,8,SC
34,SC-STATE_ART,1369441796925886465,1,4,-0.15743537047928802,SC-STATE_ART-SCSA_PLUS_V3,7,-2.038859345145162,SC-STATE_ART,-6,SC
34,SC-STATE_ART,1369375444793954323,2,2,-0.158221370759571,SC-STATE_ART-SCSA_PLUS_V3,9,-2.7527104441297636,SC-STATE_ART,-7,SC
34,SC-STATE_ART,1369048387815899139,3,3,-0.15929802066937204,SC-STATE_ART-SCSA_PLUS_V3,8,-2.6108610574621216,SC-STATE_ART,-5,SC
34,SC-STATE_ART,1369400194513723396,4,1,-0.16003039471600533,SC-STATE_ART-SCSA_PLUS_V3,10,-3.2620846670431307,SC-STATE_ART,-6,SC
34,SC-STATE_ART,1369355243406954501,5,3,-0.16119039123784681,SC-STATE_ART-SCSA_PLUS_V3,4,-0.7380823695008286,SC-STATE_ART,1,SC
34,SC-STATE_ART,1369326799709212680,6,3,-0.16154612761383313,SC-STATE_ART-SCSA_PLUS_V3,5,-1.4117120163308365,SC-STATE_ART,1,SC
34,SC-STATE_ART,1362776603047165957,7,2,-0.1616210752921332,SC-STATE_ART-SCSA_PLUS_V3,3,-0.6809603197180417,SC-STATE_ART,4,SC
34,SC-STATE_ART,1369311531360518146,8,3,-0.16217802858925454,SC-STATE_ART-SCSA_PLUS_V3,6,-1.9307035383663498,SC-STATE_ART,2,SC
34,SC-STATE_ART,1369298875719311360,9,4,-0.1624780879287033,SC-STATE_ART-SCSA_PLUS_V3,1,1.2509600653879582,SC-STATE_ART,8,SC
34,SC-STATE_ART,1369405604595400711,10,3,-0.16259998657761504,SC-STATE_ART-SCSA_PLUS_V3,2,-0.2004328457738552,SC-STATE_ART,8,SC
35,SC-STATE_ART,1151605021345083392,1,4,-0.01040943199898986,SC-STATE_ART-SCSA_PLUS_V3,8,-0.3333099764675655,SC-STATE_ART,-7,SC
35,SC-STATE_ART,1317842770816602114,2,2,-0.012647848419380605,SC-STATE_ART-SCSA_PLUS_V3,6,0.29836443370412735,SC-STATE_ART,-4,SC
35,SC-STATE_ART,1265629710941388800,3,1,-0.12105287081931439,SC-STATE_ART-SCSA_PLUS_V3,3,1.4419433463397615,SC-STATE_ART,0,SC
35,SC-STATE_ART,1344689933978656771,4,1,-0.12690558993515466,SC-STATE_ART-SCSA_PLUS_V3,1,3.422843100278954,SC-STATE_ART,3,SC
35,SC-STATE_ART,1361046993158692866,5,2,-0.14924817255877695,SC-STATE_ART-SCSA_PLUS_V3,10,-0.7281489316028963,SC-STATE_ART,-5,SC
35,SC-STATE_ART,1357381035852521474,6,1,-0.16145200380499466,SC-STATE_ART-SCSA_PLUS_V3,7,-0.31815746659778477,SC-STATE_ART,-1,SC
35,SC-STATE_ART,1362776603047165957,7,3,-0.1616210752921332,SC-STATE_ART-SCSA_PLUS_V3,9,-0.6809603197180417,SC-STATE_ART,-2,SC
35,SC-STATE_ART,1349377838722519040,8,3,-0.1617505457339032,SC-STATE_ART-SCSA_PLUS_V3,5,0.7765136103628977,SC-STATE_ART,3,SC
35,SC-STATE_ART,1349380288783253504,9,3,-0.1619251796950947,SC-STATE_ART-SCSA_PLUS_V3,4,0.9172050204873838,SC-STATE_ART,5,SC
35,SC-STATE_ART,1354118501653483523,10,1,-0.1626934571397117,SC-STATE_ART-SCSA_PLUS_V3,2,2.044728839831383,SC-STATE_ART,8,SC
36,SC-STATE_ART,1095067826061262848,1,4,6.573077989097101,SC-STATE_ART-SCSA_PLUS_V3,1,12.975365939575605,SC-STATE_ART,0,SC
36,SC-STATE_ART,1273231711908872193,2,4,2.581129894904356,SC-STATE_ART-SCSA_PLUS_V3,3,3.1768801653310494,SC-STATE_ART,-1,SC
36,SC-STATE_ART,1317842770816602114,3,5,-0.012647848419380605,SC-STATE_ART-SCSA_PLUS_V3,5,0.29836443370412735,SC-STATE_ART,-2,SC
36,SC-STATE_ART,1182112257708306433,4,4,-0.04383045009819281,SC-STATE_ART-SCSA_PLUS_V3,7,-0.16049419338306353,SC-STATE_ART,-3,SC
36,SC-STATE_ART,1344689933978656771,5,5,-0.12690558993515466,SC-STATE_ART-SCSA_PLUS_V3,2,3.422843100278954,SC-STATE_ART,3,SC
36,SC-STATE_ART,1364666742916583427,6,5,-0.13030259051523496,SC-STATE_ART-SCSA_PLUS_V3,4,0.9822172364567091,SC-STATE_ART,2,SC
36,SC-STATE_ART,1369325020258983936,7,5,-0.1384317847683292,SC-STATE_ART-SCSA_PLUS_V3,8,-0.8129973821962501,SC-STATE_ART,-1,SC
36,SC-STATE_ART,1365315820080009221,8,5,-0.1405406542759533,SC-STATE_ART-SCSA_PLUS_V3,9,-1.034510873345673,SC-STATE_ART,-1,SC
36,SC-STATE_ART,1350483251291451392,9,5,-0.14289182958675023,SC-STATE_ART-SCSA_PLUS_V3,10,-1.615708369470857,SC-STATE_ART,-1,SC
36,SC-STATE_ART,1336059119174897665,10,4,-0.1529007931665888,SC-STATE_ART-SCSA_PLUS_V3,6,0.11828577394317481,SC-STATE_ART,4,SC
37,SC-STATE_ART,1362083047785439239,1,4,1.9782493142553246,SC-STATE_ART-SCSA_PLUS_V3,1,6.317284019691915,SC-STATE_ART,0,SC
37,SC-STATE_ART,1337020338916499463,2,4,1.7528845407177986,SC-STATE_ART-SCSA_PLUS_V3,5,2.720979175276886,SC-STATE_ART,-3,SC
37,SC-STATE_ART,1337022746824499203,3,4,1.522513486320188,SC-STATE_ART-SCSA_PLUS_V3,2,3.93677533228313,SC-STATE_ART,1,SC
37,SC-STATE_ART,1337021907464499204,4,5,1.0137618845538725,SC-STATE_ART-SCSA_PLUS_V3,7,1.3667118216563114,SC-STATE_ART,-3,SC
37,SC-STATE_ART,1294010972055592962,5,4,0.2819856467928434,SC-STATE_ART-SCSA_PLUS_V3,3,3.442000195162174,SC-STATE_ART,2,SC
37,SC-STATE_ART,1331748997124534274,6,5,0.04266400795091706,SC-STATE_ART-SCSA_PLUS_V3,8,0.605440354063378,SC-STATE_ART,-2,SC
37,SC-STATE_ART,1317842770816602114,7,2,-0.012647848419380605,SC-STATE_ART-SCSA_PLUS_V3,9,0.29836443370412735,SC-STATE_ART,-2,SC
37,SC-STATE_ART,1355167587638906880,8,3,-0.08137949488613379,SC-STATE_ART-SCSA_PLUS_V3,6,1.9174980996517728,SC-STATE_ART,2,SC
37,SC-STATE_ART,1354545532044075013,9,1,-0.11405258037001766,SC-STATE_ART-SCSA_PLUS_V3,10,-0.6354463998481974,SC-STATE_ART,-1,SC
37,SC-STATE_ART,1344689933978656771,10,1,-0.12690558993515466,SC-STATE_ART-SCSA_PLUS_V3,4,3.422843100278954,SC-STATE_ART,6,SC
38,SC-STATE_ART,1362074171832958980,1,3,-0.14544836800752695,SC-STATE_ART-SCSA_PLUS_V3,4,0.7331420762516607,SC-STATE_ART,-3,SC
38,SC-STATE_ART,1369326799709212680,2,5,-0.16154612761383313,SC-STATE_ART-SCSA_PLUS_V3,8,-1.4117120163308365,SC-STATE_ART,-6,SC
38,SC-STATE_ART,1349377838722519040,3,5,-0.1617505457339032,SC-STATE_ART-SCSA_PLUS_V3,3,0.7765136103628977,SC-STATE_ART,0,SC
38,SC-STATE_ART,1354011094751260673,4,5,-0.16192064545861493,SC-STATE_ART-SCSA_PLUS_V3,7,-1.3796503699019258,SC-STATE_ART,-3,SC
38,SC-STATE_ART,1349380288783253504,5,5,-0.1619251796950947,SC-STATE_ART-SCSA_PLUS_V3,2,0.9172050204873838,SC-STATE_ART,3,SC
38,SC-STATE_ART,1369315042236174343,6,4,-0.16204525126394473,SC-STATE_ART-SCSA_PLUS_V3,10,-3.639470760120057,SC-STATE_ART,-4,SC
38,SC-STATE_ART,1369311531360518146,7,5,-0.16217802858925454,SC-STATE_ART-SCSA_PLUS_V3,9,-1.9307035383663498,SC-STATE_ART,-2,SC
38,SC-STATE_ART,1353672852747284480,8,5,-0.16236036771834148,SC-STATE_ART-SCSA_PLUS_V3,5,-0.14917337648383971,SC-STATE_ART,3,SC
38,SC-STATE_ART,1369298875719311360,9,5,-0.1624780879287033,SC-STATE_ART-SCSA_PLUS_V3,1,1.2509600653879582,SC-STATE_ART,8,SC
38,SC-STATE_ART,1369405604595400711,10,5,-0.16259998657761504,SC-STATE_ART-SCSA_PLUS_V3,6,-0.2004328457738552,SC-STATE_ART,4,SC
39,SC-STATE_ART,1364666742916583427,1,3,-0.13030259051523496,SC-STATE_ART-SCSA_PLUS_V3,5,0.9822172364567091,SC-STATE_ART,-4,SC
39,SC-STATE_ART,1368641210533830657,2,3,-0.1492307220489527,SC-STATE_ART-SCSA_PLUS_V3,9,-0.9731496315835763,SC-STATE_ART,-7,SC
39,SC-STATE_ART,1367521202042933249,3,5,-0.15300631426322778,SC-STATE_ART-SCSA_PLUS_V3,10,-3.7094121978709644,SC-STATE_ART,-7,SC
39,SC-STATE_ART,1367300793485828097,4,5,-0.15860056222685429,SC-STATE_ART-SCSA_PLUS_V3,4,1.2122225436979266,SC-STATE_ART,0,SC
39,SC-STATE_ART,1349377838722519040,5,5,-0.1617505457339032,SC-STATE_ART-SCSA_PLUS_V3,7,0.7765136103628977,SC-STATE_ART,-2,SC
39,SC-STATE_ART,1349380288783253504,6,5,-0.1619251796950947,SC-STATE_ART-SCSA_PLUS_V3,6,0.9172050204873838,SC-STATE_ART,0,SC
39,SC-STATE_ART,1367237010608431106,7,5,-0.16228613794792768,SC-STATE_ART-SCSA_PLUS_V3,8,-0.33909162986804253,SC-STATE_ART,-1,SC
39,SC-STATE_ART,1366443197166096385,8,5,-0.1624720926413561,SC-STATE_ART-SCSA_PLUS_V3,3,1.2734719164092647,SC-STATE_ART,5,SC
39,SC-STATE_ART,1369075493753020420,9,5,-0.16268443983927036,SC-STATE_ART-SCSA_PLUS_V3,2,3.249128324108365,SC-STATE_ART,7,SC
39,SC-STATE_ART,1369075561981566976,10,5,-0.16275602801691258,SC-STATE_ART-SCSA_PLUS_V3,1,3.4713388927248765,SC-STATE_ART,9,SC
40,SC-STATE_ART,1362083047785439239,1,3,1.9782493142553246,SC-STATE_ART-SCSA_PLUS_V3,1,6.317284019691915,SC-STATE_ART,0,SC
40,SC-STATE_ART,1337020338916499463,2,5,1.7528845407177986,SC-STATE_ART-SCSA_PLUS_V3,4,2.720979175276886,SC-STATE_ART,-2,SC
40,SC-STATE_ART,1337022746824499203,3,5,1.522513486320188,SC-STATE_ART-SCSA_PLUS_V3,2,3.93677533228313,SC-STATE_ART,1,SC
40,SC-STATE_ART,1337021907464499204,4,5,1.0137618845538725,SC-STATE_ART-SCSA_PLUS_V3,7,1.3667118216563114,SC-STATE_ART,-3,SC
40,SC-STATE_ART,1294010972055592962,5,5,0.2819856467928434,SC-STATE_ART-SCSA_PLUS_V3,3,3.442000195162174,SC-STATE_ART,2,SC
40,SC-STATE_ART,1331748997124534274,6,2,0.04266400795091706,SC-STATE_ART-SCSA_PLUS_V3,9,0.605440354063378,SC-STATE_ART,-3,SC
40,SC-STATE_ART,1365113385658970113,7,2,-0.018059530576186728,SC-STATE_ART-SCSA_PLUS_V3,8,1.2786927528281373,SC-STATE_ART,-1,SC
40,SC-STATE_ART,1355167587638906880,8,2,-0.08137949488613379,SC-STATE_ART-SCSA_PLUS_V3,6,1.9174980996517728,SC-STATE_ART,2,SC
40,SC-STATE_ART,1350483251291451392,9,5,-0.14289182958675023,SC-STATE_ART-SCSA_PLUS_V3,10,-1.615708369470857,SC-STATE_ART,-1,SC
40,SC-STATE_ART,1366167129754537984,10,2,-0.16121432575915334,SC-STATE_ART-SCSA_PLUS_V3,5,2.2768611335594184,SC-STATE_ART,5,SC
41,SC-STATE_ART,1362083047785439239,1,4,1.9782493142553246,SC-STATE_ART-SCSA_PLUS_V3,1,6.317284019691915,SC-STATE_ART,0,SC
41,SC-STATE_ART,1337020338916499463,2,1,1.7528845407177986,SC-STATE_ART-SCSA_PLUS_V3,4,2.720979175276886,SC-STATE_ART,-2,SC
41,SC-STATE_ART,1337022746824499203,3,2,1.522513486320188,SC-STATE_ART-SCSA_PLUS_V3,2,3.93677533228313,SC-STATE_ART,1,SC
41,SC-STATE_ART,1337021907464499204,4,1,1.0137618845538725,SC-STATE_ART-SCSA_PLUS_V3,7,1.3667118216563114,SC-STATE_ART,-3,SC
41,SC-STATE_ART,1294010972055592962,5,1,0.2819856467928434,SC-STATE_ART-SCSA_PLUS_V3,3,3.442000195162174,SC-STATE_ART,2,SC
41,SC-STATE_ART,1331748997124534274,6,3,0.04266400795091706,SC-STATE_ART-SCSA_PLUS_V3,8,0.605440354063378,SC-STATE_ART,-2,SC
41,SC-STATE_ART,1334726779903168512,7,1,0.010746085475311733,SC-STATE_ART-SCSA_PLUS_V3,5,1.9272129909067,SC-STATE_ART,2,SC
41,SC-STATE_ART,1317842770816602114,8,4,-0.012647848419380605,SC-STATE_ART-SCSA_PLUS_V3,9,0.29836443370412735,SC-STATE_ART,-1,SC
41,SC-STATE_ART,1355167587638906880,9,2,-0.08137949488613379,SC-STATE_ART-SCSA_PLUS_V3,6,1.9174980996517728,SC-STATE_ART,3,SC
41,SC-STATE_ART,1354545532044075013,10,4,-0.11405258037001766,SC-STATE_ART-SCSA_PLUS_V3,10,-0.6354463998481974,SC-STATE_ART,0,SC
42,SC-STATE_ART,1364666742916583427,1,5,-0.13030259051523496,SC-STATE_ART-SCSA_PLUS_V3,6,0.9822172364567091,SC-STATE_ART,-5,SC
42,SC-STATE_ART,1367521202042933249,2,5,-0.15300631426322778,SC-STATE_ART-SCSA_PLUS_V3,10,-3.7094121978709644,SC-STATE_ART,-8,SC
42,SC-STATE_ART,1367300793485828097,3,1,-0.15860056222685429,SC-STATE_ART-SCSA_PLUS_V3,5,1.2122225436979266,SC-STATE_ART,-2,SC
42,SC-STATE_ART,1248277743118086144,4,2,-0.16153625806373478,SC-STATE_ART-SCSA_PLUS_V3,9,-0.7019089382100414,SC-STATE_ART,-5,SC
42,SC-STATE_ART,1366443197166096385,5,5,-0.1624720926413561,SC-STATE_ART-SCSA_PLUS_V3,4,1.2734719164092647,SC-STATE_ART,1,SC
42,SC-STATE_ART,1248251408333172738,6,2,-0.16255368357427188,SC-STATE_ART-SCSA_PLUS_V3,3,1.660758325297991,SC-STATE_ART,3,SC
42,SC-STATE_ART,1368080635655450627,7,5,-0.16262587900697406,SC-STATE_ART-SCSA_PLUS_V3,7,0.8846920887675778,SC-STATE_ART,0,SC
42,SC-STATE_ART,1369075493753020420,8,2,-0.16268443983927036,SC-STATE_ART-SCSA_PLUS_V3,2,3.249128324108365,SC-STATE_ART,6,SC
42,SC-STATE_ART,1369075561981566976,9,2,-0.16275602801691258,SC-STATE_ART-SCSA_PLUS_V3,1,3.4713388927248765,SC-STATE_ART,8,SC
42,SC-STATE_ART,1369169111478005763,10,2,-0.163016326348334,SC-STATE_ART-SCSA_PLUS_V3,8,0.3469518511821572,SC-STATE_ART,2,SC
43,SC-STATE_ART,1362083047785439239,1,5,1.9782493142553246,SC-STATE_ART-SCSA_PLUS_V3,1,6.317284019691915,SC-STATE_ART,0,SC
43,SC-STATE_ART,1337020338916499463,2,5,1.7528845407177986,SC-STATE_ART-SCSA_PLUS_V3,5,2.720979175276886,SC-STATE_ART,-3,SC
43,SC-STATE_ART,1337022746824499203,3,5,1.522513486320188,SC-STATE_ART-SCSA_PLUS_V3,2,3.93677533228313,SC-STATE_ART,1,SC
43,SC-STATE_ART,1337021907464499204,4,5,1.0137618845538725,SC-STATE_ART-SCSA_PLUS_V3,8,1.3667118216563114,SC-STATE_ART,-4,SC
43,SC-STATE_ART,1294010972055592962,5,5,0.2819856467928434,SC-STATE_ART-SCSA_PLUS_V3,3,3.442000195162174,SC-STATE_ART,2,SC
43,SC-STATE_ART,1331748997124534274,6,5,0.04266400795091706,SC-STATE_ART-SCSA_PLUS_V3,9,0.605440354063378,SC-STATE_ART,-3,SC
43,SC-STATE_ART,1334726779903168512,7,5,0.010746085475311733,SC-STATE_ART-SCSA_PLUS_V3,6,1.9272129909067,SC-STATE_ART,1,SC
43,SC-STATE_ART,1355167587638906880,8,5,-0.08137949488613379,SC-STATE_ART-SCSA_PLUS_V3,7,1.9174980996517728,SC-STATE_ART,1,SC
43,SC-STATE_ART,1368245651046207493,9,5,-0.11587668525816505,SC-STATE_ART-SCSA_PLUS_V3,4,3.4386130032824767,SC-STATE_ART,5,SC
43,SC-STATE_ART,1350483251291451392,10,5,-0.14289182958675023,SC-STATE_ART-SCSA_PLUS_V3,10,-1.615708369470857,SC-STATE_ART,0,SC
44,SC-STATE_ART,1317842770816602114,1,5,-0.012647848419380605,SC-STATE_ART-SCSA_PLUS_V3,4,0.29836443370412735,SC-STATE_ART,-3,SC
44,SC-STATE_ART,1344689933978656771,2,5,-0.12690558993515466,SC-STATE_ART-SCSA_PLUS_V3,1,3.422843100278954,SC-STATE_ART,1,SC
44,SC-STATE_ART,1283912982200631298,3,5,-0.1507222759617388,SC-STATE_ART-SCSA_PLUS_V3,3,1.243626264029323,SC-STATE_ART,0,SC
44,SC-STATE_ART,1369441796925886465,4,5,-0.15743537047928802,SC-STATE_ART-SCSA_PLUS_V3,7,-2.038859345145162,SC-STATE_ART,-3,SC
44,SC-STATE_ART,1369375444793954323,5,5,-0.158221370759571,SC-STATE_ART-SCSA_PLUS_V3,9,-2.7527104441297636,SC-STATE_ART,-4,SC
44,SC-STATE_ART,1318667750408036352,6,5,-0.15914967195903287,SC-STATE_ART-SCSA_PLUS_V3,5,-0.13230145469562932,SC-STATE_ART,1,SC
44,SC-STATE_ART,1369048387815899139,7,5,-0.15929802066937204,SC-STATE_ART-SCSA_PLUS_V3,8,-2.6108610574621216,SC-STATE_ART,-1,SC
44,SC-STATE_ART,1369400194513723396,8,5,-0.16003039471600533,SC-STATE_ART-SCSA_PLUS_V3,10,-3.2620846670431307,SC-STATE_ART,-2,SC
44,SC-STATE_ART,1369355243406954501,9,5,-0.16119039123784681,SC-STATE_ART-SCSA_PLUS_V3,6,-0.7380823695008286,SC-STATE_ART,3,SC
44,SC-STATE_ART,1354118501653483523,10,4,-0.1626934571397117,SC-STATE_ART-SCSA_PLUS_V3,2,2.044728839831383,SC-STATE_ART,8,SC
45,SC-STATE_ART,1327954760251662337,1,5,0.0859501262056396,SC-STATE_ART-SCSA_PLUS_V3,10,-1.1507144931860014,SC-STATE_ART,-9,SC
45,SC-STATE_ART,1368909409775149064,2,4,-0.12097280555960736,SC-STATE_ART-SCSA_PLUS_V3,5,1.9461802284427354,SC-STATE_ART,-3,SC
45,SC-STATE_ART,1367462925250818061,3,4,-0.1561974805081122,SC-STATE_ART-SCSA_PLUS_V3,3,2.2891324647428473,SC-STATE_ART,0,SC
45,SC-STATE_ART,1241401189721350145,4,3,-0.15842157315882005,SC-STATE_ART-SCSA_PLUS_V3,7,0.25174319681583723,SC-STATE_ART,-3,SC
45,SC-STATE_ART,1303249708169613313,5,5,-0.16019305083330923,SC-STATE_ART-SCSA_PLUS_V3,8,0.15353892550587625,SC-STATE_ART,-3,SC
45,SC-STATE_ART,1368932010971004931,6,5,-0.1613441685603854,SC-STATE_ART-SCSA_PLUS_V3,9,-0.4191673824872118,SC-STATE_ART,-3,SC
45,SC-STATE_ART,1362360519626227713,7,4,-0.16231660382773694,SC-STATE_ART-SCSA_PLUS_V3,1,2.5877122125662626,SC-STATE_ART,6,SC
45,SC-STATE_ART,1324374402750767104,8,5,-0.16264838872816453,SC-STATE_ART-SCSA_PLUS_V3,6,0.8570444552028132,SC-STATE_ART,2,SC
45,SC-STATE_ART,1242106541999783936,9,4,-0.16309873847725326,SC-STATE_ART-SCSA_PLUS_V3,2,2.5113139388420542,SC-STATE_ART,7,SC
45,SC-STATE_ART,1308393354120421376,10,5,-0.16311300498081588,SC-STATE_ART-SCSA_PLUS_V3,4,2.034821453976127,SC-STATE_ART,6,SC
46,SC-STATE_ART,1369441796925886465,1,5,-0.15743537047928802,SC-STATE_ART-SCSA_PLUS_V3,7,-2.038859345145162,SC-STATE_ART,-6,SC
46,SC-STATE_ART,1369375444793954323,2,5,-0.158221370759571,SC-STATE_ART-SCSA_PLUS_V3,9,-2.7527104441297636,SC-STATE_ART,-7,SC
46,SC-STATE_ART,1369048387815899139,3,4,-0.15929802066937204,SC-STATE_ART-SCSA_PLUS_V3,8,-2.6108610574621216,SC-STATE_ART,-5,SC
46,SC-STATE_ART,1369400194513723396,4,5,-0.16003039471600533,SC-STATE_ART-SCSA_PLUS_V3,10,-3.2620846670431307,SC-STATE_ART,-6,SC
46,SC-STATE_ART,1369355243406954501,5,2,-0.16119039123784681,SC-STATE_ART-SCSA_PLUS_V3,4,-0.7380823695008286,SC-STATE_ART,1,SC
46,SC-STATE_ART,1369326799709212680,6,5,-0.16154612761383313,SC-STATE_ART-SCSA_PLUS_V3,5,-1.4117120163308365,SC-STATE_ART,1,SC
46,SC-STATE_ART,1362776603047165957,7,5,-0.1616210752921332,SC-STATE_ART-SCSA_PLUS_V3,3,-0.6809603197180417,SC-STATE_ART,4,SC
46,SC-STATE_ART,1369311531360518146,8,5,-0.16217802858925454,SC-STATE_ART-SCSA_PLUS_V3,6,-1.9307035383663498,SC-STATE_ART,2,SC
46,SC-STATE_ART,1369298875719311360,9,5,-0.1624780879287033,SC-STATE_ART-SCSA_PLUS_V3,1,1.2509600653879582,SC-STATE_ART,8,SC
46,SC-STATE_ART,1369405604595400711,10,5,-0.16259998657761504,SC-STATE_ART-SCSA_PLUS_V3,2,-0.2004328457738552,SC-STATE_ART,8,SC
47,SC-STATE_ART,1362083047785439239,1,5,1.9782493142553246,SC-STATE_ART-SCSA_PLUS_V3,1,6.317284019691915,SC-STATE_ART,0,SC
47,SC-STATE_ART,1337020338916499463,2,5,1.7528845407177986,SC-STATE_ART-SCSA_PLUS_V3,3,2.720979175276886,SC-STATE_ART,-1,SC
47,SC-STATE_ART,1337021907464499204,3,5,1.0137618845538725,SC-STATE_ART-SCSA_PLUS_V3,5,1.3667118216563114,SC-STATE_ART,-2,SC
47,SC-STATE_ART,1294010972055592962,4,5,0.2819856467928434,SC-STATE_ART-SCSA_PLUS_V3,2,3.442000195162174,SC-STATE_ART,2,SC
47,SC-STATE_ART,1331748997124534274,5,5,0.04266400795091706,SC-STATE_ART-SCSA_PLUS_V3,7,0.605440354063378,SC-STATE_ART,-2,SC
47,SC-STATE_ART,1355167587638906880,6,1,-0.08137949488613379,SC-STATE_ART-SCSA_PLUS_V3,4,1.9174980996517728,SC-STATE_ART,2,SC
47,SC-STATE_ART,1368932010971004931,7,5,-0.1613441685603854,SC-STATE_ART-SCSA_PLUS_V3,9,-0.4191673824872118,SC-STATE_ART,-2,SC
47,SC-STATE_ART,1369311531360518146,8,5,-0.16217802858925454,SC-STATE_ART-SCSA_PLUS_V3,10,-1.9307035383663498,SC-STATE_ART,-2,SC
47,SC-STATE_ART,1369298875719311360,9,5,-0.1624780879287033,SC-STATE_ART-SCSA_PLUS_V3,6,1.2509600653879582,SC-STATE_ART,3,SC
47,SC-STATE_ART,1369405604595400711,10,5,-0.16259998657761504,SC-STATE_ART-SCSA_PLUS_V3,8,-0.2004328457738552,SC-STATE_ART,2,SC
48,SC-STATE_ART,1322257618178609153,1,4,-0.07952053956161123,SC-STATE_ART-SCSA_PLUS_V3,5,0.03545709713094296,SC-STATE_ART,-4,SC
48,SC-STATE_ART,1325738196374876161,2,5,-0.15530652962393923,SC-STATE_ART-SCSA_PLUS_V3,1,2.048499112379438,SC-STATE_ART,1,SC
48,SC-STATE_ART,1369375444793954323,3,5,-0.158221370759571,SC-STATE_ART-SCSA_PLUS_V3,10,-2.7527104441297636,SC-STATE_ART,-7,SC
48,SC-STATE_ART,1322257265496334336,4,5,-0.16136645088243978,SC-STATE_ART-SCSA_PLUS_V3,3,0.9800600550961632,SC-STATE_ART,1,SC
48,SC-STATE_ART,1368610152081985537,5,4,-0.16152954702608616,SC-STATE_ART-SCSA_PLUS_V3,8,-1.2815468922685385,SC-STATE_ART,-3,SC
48,SC-STATE_ART,1369054744786989056,6,4,-0.1617422157751127,SC-STATE_ART-SCSA_PLUS_V3,7,-1.0537963478592067,SC-STATE_ART,-1,SC
48,SC-STATE_ART,1369311531360518146,7,5,-0.16217802858925454,SC-STATE_ART-SCSA_PLUS_V3,9,-1.9307035383663498,SC-STATE_ART,-2,SC
48,SC-STATE_ART,1369405604595400711,8,5,-0.16259998657761504,SC-STATE_ART-SCSA_PLUS_V3,6,-0.2004328457738552,SC-STATE_ART,2,SC
48,SC-STATE_ART,1294355303329341442,9,5,-0.1626394599575682,SC-STATE_ART-SCSA_PLUS_V3,4,0.6462433955155507,SC-STATE_ART,5,SC
48,SC-STATE_ART,1369297616245231638,10,4,-0.16287743470709765,SC-STATE_ART-SCSA_PLUS_V3,2,1.0567199254874085,SC-STATE_ART,8,SC
49,SC-STATE_ART,1322257618178609153,1,2,-0.07952053956161123,SC-STATE_ART-SCSA_PLUS_V3,7,0.03545709713094296,SC-STATE_ART,-6,SC
49,SC-STATE_ART,1325738196374876161,2,1,-0.15530652962393923,SC-STATE_ART-SCSA_PLUS_V3,1,2.048499112379438,SC-STATE_ART,1,SC
49,SC-STATE_ART,1303249708169613313,3,2,-0.16019305083330923,SC-STATE_ART-SCSA_PLUS_V3,6,0.15353892550587625,SC-STATE_ART,-3,SC
49,SC-STATE_ART,1368932010971004931,4,5,-0.1613441685603854,SC-STATE_ART-SCSA_PLUS_V3,8,-0.4191673824872118,SC-STATE_ART,-4,SC
49,SC-STATE_ART,1322257265496334336,5,3,-0.16136645088243978,SC-STATE_ART-SCSA_PLUS_V3,3,0.9800600550961632,SC-STATE_ART,2,SC
49,SC-STATE_ART,1368610152081985537,6,5,-0.16152954702608616,SC-STATE_ART-SCSA_PLUS_V3,10,-1.2815468922685385,SC-STATE_ART,-4,SC
49,SC-STATE_ART,1369054744786989056,7,5,-0.1617422157751127,SC-STATE_ART-SCSA_PLUS_V3,9,-1.0537963478592067,SC-STATE_ART,-2,SC
49,SC-STATE_ART,1294355303329341442,8,5,-0.1626394599575682,SC-STATE_ART-SCSA_PLUS_V3,5,0.6462433955155507,SC-STATE_ART,3,SC
49,SC-STATE_ART,1368271872002035713,9,5,-0.16277895100296028,SC-STATE_ART-SCSA_PLUS_V3,4,0.6466032091133875,SC-STATE_ART,5,SC
49,SC-STATE_ART,1369297616245231638,10,5,-0.16287743470709765,SC-STATE_ART-SCSA_PLUS_V3,2,1.0567199254874085,SC-STATE_ART,8,SC
50,SC-STATE_ART,1317842770816602114,1,5,-0.012647848419380605,SC-STATE_ART-SCSA_PLUS_V3,5,0.29836443370412735,SC-STATE_ART,-4,SC
50,SC-STATE_ART,1368909409775149064,2,5,-0.12097280555960736,SC-STATE_ART-SCSA_PLUS_V3,4,1.9461802284427354,SC-STATE_ART,-2,SC
50,SC-STATE_ART,1344689933978656771,3,5,-0.12690558993515466,SC-STATE_ART-SCSA_PLUS_V3,1,3.422843100278954,SC-STATE_ART,2,SC
50,SC-STATE_ART,1367462925250818061,4,5,-0.1561974805081122,SC-STATE_ART-SCSA_PLUS_V3,2,2.2891324647428473,SC-STATE_ART,2,SC
50,SC-STATE_ART,1369441796925886465,5,5,-0.15743537047928802,SC-STATE_ART-SCSA_PLUS_V3,7,-2.038859345145162,SC-STATE_ART,-2,SC
50,SC-STATE_ART,1369375444793954323,6,4,-0.158221370759571,SC-STATE_ART-SCSA_PLUS_V3,9,-2.7527104441297636,SC-STATE_ART,-3,SC
50,SC-STATE_ART,1369048387815899139,7,5,-0.15929802066937204,SC-STATE_ART-SCSA_PLUS_V3,8,-2.6108610574621216,SC-STATE_ART,-1,SC
50,SC-STATE_ART,1369400194513723396,8,4,-0.16003039471600533,SC-STATE_ART-SCSA_PLUS_V3,10,-3.2620846670431307,SC-STATE_ART,-2,SC
50,SC-STATE_ART,1368932010971004931,9,5,-0.1613441685603854,SC-STATE_ART-SCSA_PLUS_V3,6,-0.4191673824872118,SC-STATE_ART,3,SC
50,SC-STATE_ART,1354118501653483523,10,4,-0.1626934571397117,SC-STATE_ART-SCSA_PLUS_V3,3,2.044728839831383,SC-STATE_ART,7,SC
51,SC-STATE_ART,1317842770816602114,1,5,-0.012647848419380605,SC-STATE_ART-SCSA_PLUS_V3,7,0.29836443370412735,SC-STATE_ART,-6,SC
51,SC-STATE_ART,1354545532044075013,2,1,-0.11405258037001766,SC-STATE_ART-SCSA_PLUS_V3,9,-0.6354463998481974,SC-STATE_ART,-7,SC
51,SC-STATE_ART,1344689933978656771,3,1,-0.12690558993515466,SC-STATE_ART-SCSA_PLUS_V3,2,3.422843100278954,SC-STATE_ART,1,SC
51,SC-STATE_ART,1364666742916583427,4,5,-0.13030259051523496,SC-STATE_ART-SCSA_PLUS_V3,6,0.9822172364567091,SC-STATE_ART,-2,SC
51,SC-STATE_ART,1367521202042933249,5,5,-0.15300631426322778,SC-STATE_ART-SCSA_PLUS_V3,10,-3.7094121978709644,SC-STATE_ART,-5,SC
51,SC-STATE_ART,1367300793485828097,6,1,-0.15860056222685429,SC-STATE_ART-SCSA_PLUS_V3,5,1.2122225436979266,SC-STATE_ART,1,SC
51,SC-STATE_ART,1367237010608431106,7,5,-0.16228613794792768,SC-STATE_ART-SCSA_PLUS_V3,8,-0.33909162986804253,SC-STATE_ART,-1,SC
51,SC-STATE_ART,1366443197166096385,8,5,-0.1624720926413561,SC-STATE_ART-SCSA_PLUS_V3,4,1.2734719164092647,SC-STATE_ART,4,SC
51,SC-STATE_ART,1369075493753020420,9,2,-0.16268443983927036,SC-STATE_ART-SCSA_PLUS_V3,3,3.249128324108365,SC-STATE_ART,6,SC
51,SC-STATE_ART,1369075561981566976,10,2,-0.16275602801691258,SC-STATE_ART-SCSA_PLUS_V3,1,3.4713388927248765,SC-STATE_ART,9,SC
53,SC-STATE_ART,1354545532044075013,1,1,-0.11405258037001766,SC-STATE_ART-SCSA_PLUS_V3,7,-0.6354463998481974,SC-STATE_ART,-6,SC
53,SC-STATE_ART,1364666742916583427,2,1,-0.13030259051523496,SC-STATE_ART-SCSA_PLUS_V3,5,0.9822172364567091,SC-STATE_ART,-3,SC
53,SC-STATE_ART,1369325020258983936,3,2,-0.1384317847683292,SC-STATE_ART-SCSA_PLUS_V3,8,-0.8129973821962501,SC-STATE_ART,-5,SC
53,SC-STATE_ART,1365315820080009221,4,2,-0.1405406542759533,SC-STATE_ART-SCSA_PLUS_V3,9,-1.034510873345673,SC-STATE_ART,-5,SC
53,SC-STATE_ART,1367521202042933249,5,1,-0.15300631426322778,SC-STATE_ART-SCSA_PLUS_V3,10,-3.7094121978709644,SC-STATE_ART,-5,SC
53,SC-STATE_ART,1367300793485828097,6,1,-0.15860056222685429,SC-STATE_ART-SCSA_PLUS_V3,4,1.2122225436979266,SC-STATE_ART,2,SC
53,SC-STATE_ART,1367237010608431106,7,1,-0.16228613794792768,SC-STATE_ART-SCSA_PLUS_V3,6,-0.33909162986804253,SC-STATE_ART,1,SC
53,SC-STATE_ART,1366443197166096385,8,1,-0.1624720926413561,SC-STATE_ART-SCSA_PLUS_V3,3,1.2734719164092647,SC-STATE_ART,5,SC
53,SC-STATE_ART,1369075493753020420,9,4,-0.16268443983927036,SC-STATE_ART-SCSA_PLUS_V3,2,3.249128324108365,SC-STATE_ART,7,SC
53,SC-STATE_ART,1369075561981566976,10,4,-0.16275602801691258,SC-STATE_ART-SCSA_PLUS_V3,1,3.4713388927248765,SC-STATE_ART,9,SC
54,SC-STATE_ART,1317842770816602114,1,5,-0.012647848419380605,SC-STATE_ART-SCSA_PLUS_V3,7,0.29836443370412735,SC-STATE_ART,-6,SC
54,SC-STATE_ART,1354545532044075013,2,3,-0.11405258037001766,SC-STATE_ART-SCSA_PLUS_V3,9,-0.6354463998481974,SC-STATE_ART,-7,SC
54,SC-STATE_ART,1344689933978656771,3,4,-0.12690558993515466,SC-STATE_ART-SCSA_PLUS_V3,2,3.422843100278954,SC-STATE_ART,1,SC
54,SC-STATE_ART,1364666742916583427,4,3,-0.13030259051523496,SC-STATE_ART-SCSA_PLUS_V3,6,0.9822172364567091,SC-STATE_ART,-2,SC
54,SC-STATE_ART,1367521202042933249,5,5,-0.15300631426322778,SC-STATE_ART-SCSA_PLUS_V3,10,-3.7094121978709644,SC-STATE_ART,-5,SC
54,SC-STATE_ART,1367300793485828097,6,3,-0.15860056222685429,SC-STATE_ART-SCSA_PLUS_V3,5,1.2122225436979266,SC-STATE_ART,1,SC
54,SC-STATE_ART,1367237010608431106,7,3,-0.16228613794792768,SC-STATE_ART-SCSA_PLUS_V3,8,-0.33909162986804253,SC-STATE_ART,-1,SC
54,SC-STATE_ART,1366443197166096385,8,5,-0.1624720926413561,SC-STATE_ART-SCSA_PLUS_V3,4,1.2734719164092647,SC-STATE_ART,4,SC
54,SC-STATE_ART,1369075493753020420,9,3,-0.16268443983927036,SC-STATE_ART-SCSA_PLUS_V3,3,3.249128324108365,SC-STATE_ART,6,SC
54,SC-STATE_ART,1369075561981566976,10,3,-0.16275602801691258,SC-STATE_ART-SCSA_PLUS_V3,1,3.4713388927248765,SC-STATE_ART,9,SC
55,SC-STATE_ART,1322257618178609153,1,5,-0.07952053956161123,SC-STATE_ART-SCSA_PLUS_V3,7,0.03545709713094296,SC-STATE_ART,-6,SC
55,SC-STATE_ART,1368245651046207493,2,4,-0.11587668525816505,SC-STATE_ART-SCSA_PLUS_V3,1,3.4386130032824767,SC-STATE_ART,1,SC
55,SC-STATE_ART,1325738196374876161,3,4,-0.15530652962393923,SC-STATE_ART-SCSA_PLUS_V3,2,2.048499112379438,SC-STATE_ART,1,SC
55,SC-STATE_ART,1368932010971004931,4,5,-0.1613441685603854,SC-STATE_ART-SCSA_PLUS_V3,8,-0.4191673824872118,SC-STATE_ART,-4,SC
55,SC-STATE_ART,1322257265496334336,5,4,-0.16136645088243978,SC-STATE_ART-SCSA_PLUS_V3,4,0.9800600550961632,SC-STATE_ART,1,SC
55,SC-STATE_ART,1368610152081985537,6,4,-0.16152954702608616,SC-STATE_ART-SCSA_PLUS_V3,10,-1.2815468922685385,SC-STATE_ART,-4,SC
55,SC-STATE_ART,1369054744786989056,7,4,-0.1617422157751127,SC-STATE_ART-SCSA_PLUS_V3,9,-1.0537963478592067,SC-STATE_ART,-2,SC
55,SC-STATE_ART,1294355303329341442,8,4,-0.1626394599575682,SC-STATE_ART-SCSA_PLUS_V3,6,0.6462433955155507,SC-STATE_ART,2,SC
55,SC-STATE_ART,1368271872002035713,9,4,-0.16277895100296028,SC-STATE_ART-SCSA_PLUS_V3,5,0.6466032091133875,SC-STATE_ART,4,SC
55,SC-STATE_ART,1369297616245231638,10,4,-0.16287743470709765,SC-STATE_ART-SCSA_PLUS_V3,3,1.0567199254874085,SC-STATE_ART,7,SC
57,SC-STATE_ART,1286599815967776768,1,5,0.01842575958405447,SC-STATE_ART-SCSA_PLUS_V3,3,0.6579395540662364,SC-STATE_ART,-2,SC
57,SC-STATE_ART,1351483359244005376,2,5,-0.1462491653205881,SC-STATE_ART-SCSA_PLUS_V3,1,2.3966815161000734,SC-STATE_ART,1,SC
57,SC-STATE_ART,1300884239626522624,3,5,-0.14794582275030602,SC-STATE_ART-SCSA_PLUS_V3,5,-1.172015870835951,SC-STATE_ART,-2,SC
57,SC-STATE_ART,1369441796925886465,4,5,-0.15743537047928802,SC-STATE_ART-SCSA_PLUS_V3,8,-2.038859345145162,SC-STATE_ART,-4,SC
57,SC-STATE_ART,1369375444793954323,5,5,-0.158221370759571,SC-STATE_ART-SCSA_PLUS_V3,9,-2.7527104441297636,SC-STATE_ART,-4,SC
57,SC-STATE_ART,1369400194513723396,6,5,-0.16003039471600533,SC-STATE_ART-SCSA_PLUS_V3,10,-3.2620846670431307,SC-STATE_ART,-4,SC
57,SC-STATE_ART,1369326799709212680,7,5,-0.16154612761383313,SC-STATE_ART-SCSA_PLUS_V3,6,-1.4117120163308365,SC-STATE_ART,1,SC
57,SC-STATE_ART,1369311531360518146,8,5,-0.16217802858925454,SC-STATE_ART-SCSA_PLUS_V3,7,-1.9307035383663498,SC-STATE_ART,1,SC
57,SC-STATE_ART,1369298875719311360,9,5,-0.1624780879287033,SC-STATE_ART-SCSA_PLUS_V3,2,1.2509600653879582,SC-STATE_ART,7,SC
57,SC-STATE_ART,1369405604595400711,10,5,-0.16259998657761504,SC-STATE_ART-SCSA_PLUS_V3,4,-0.2004328457738552,SC-STATE_ART,6,SC
58,SC-STATE_ART,1364666742916583427,1,5,-0.13030259051523496,SC-STATE_ART-SCSA_PLUS_V3,5,0.9822172364567091,SC-STATE_ART,-4,SC
58,SC-STATE_ART,1367521202042933249,2,5,-0.15300631426322778,SC-STATE_ART-SCSA_PLUS_V3,10,-3.7094121978709644,SC-STATE_ART,-8,SC
58,SC-STATE_ART,1367300793485828097,3,5,-0.15860056222685429,SC-STATE_ART-SCSA_PLUS_V3,4,1.2122225436979266,SC-STATE_ART,-1,SC
58,SC-STATE_ART,1362776603047165957,4,5,-0.1616210752921332,SC-STATE_ART-SCSA_PLUS_V3,9,-0.6809603197180417,SC-STATE_ART,-5,SC
58,SC-STATE_ART,1349377838722519040,5,5,-0.1617505457339032,SC-STATE_ART-SCSA_PLUS_V3,7,0.7765136103628977,SC-STATE_ART,-2,SC
58,SC-STATE_ART,1349380288783253504,6,5,-0.1619251796950947,SC-STATE_ART-SCSA_PLUS_V3,6,0.9172050204873838,SC-STATE_ART,0,SC
58,SC-STATE_ART,1367237010608431106,7,5,-0.16228613794792768,SC-STATE_ART-SCSA_PLUS_V3,8,-0.33909162986804253,SC-STATE_ART,-1,SC
58,SC-STATE_ART,1366443197166096385,8,5,-0.1624720926413561,SC-STATE_ART-SCSA_PLUS_V3,3,1.2734719164092647,SC-STATE_ART,5,SC
58,SC-STATE_ART,1369075493753020420,9,5,-0.16268443983927036,SC-STATE_ART-SCSA_PLUS_V3,2,3.249128324108365,SC-STATE_ART,7,SC
58,SC-STATE_ART,1369075561981566976,10,5,-0.16275602801691258,SC-STATE_ART-SCSA_PLUS_V3,1,3.4713388927248765,SC-STATE_ART,9,SC
59,SC-STATE_ART,1317842770816602114,1,5,-0.012647848419380605,SC-STATE_ART-SCSA_PLUS_V3,7,0.29836443370412735,SC-STATE_ART,-6,SC
59,SC-STATE_ART,1354545532044075013,2,5,-0.11405258037001766,SC-STATE_ART-SCSA_PLUS_V3,9,-0.6354463998481974,SC-STATE_ART,-7,SC
59,SC-STATE_ART,1344689933978656771,3,5,-0.12690558993515466,SC-STATE_ART-SCSA_PLUS_V3,2,3.422843100278954,SC-STATE_ART,1,SC
59,SC-STATE_ART,1364666742916583427,4,5,-0.13030259051523496,SC-STATE_ART-SCSA_PLUS_V3,6,0.9822172364567091,SC-STATE_ART,-2,SC
59,SC-STATE_ART,1367521202042933249,5,5,-0.15300631426322778,SC-STATE_ART-SCSA_PLUS_V3,10,-3.7094121978709644,SC-STATE_ART,-5,SC
59,SC-STATE_ART,1367300793485828097,6,5,-0.15860056222685429,SC-STATE_ART-SCSA_PLUS_V3,5,1.2122225436979266,SC-STATE_ART,1,SC
59,SC-STATE_ART,1367237010608431106,7,5,-0.16228613794792768,SC-STATE_ART-SCSA_PLUS_V3,8,-0.33909162986804253,SC-STATE_ART,-1,SC
59,SC-STATE_ART,1366443197166096385,8,5,-0.1624720926413561,SC-STATE_ART-SCSA_PLUS_V3,4,1.2734719164092647,SC-STATE_ART,4,SC
59,SC-STATE_ART,1369075493753020420,9,5,-0.16268443983927036,SC-STATE_ART-SCSA_PLUS_V3,3,3.249128324108365,SC-STATE_ART,6,SC
59,SC-STATE_ART,1369075561981566976,10,5,-0.16275602801691258,SC-STATE_ART-SCSA_PLUS_V3,1,3.4713388927248765,SC-STATE_ART,9,SC
60,SC-STATE_ART,1317842770816602114,1,5,-0.012647848419380605,SC-STATE_ART-SCSA_PLUS_V3,7,0.29836443370412735,SC-STATE_ART,-6,SC
60,SC-STATE_ART,1354545532044075013,2,5,-0.11405258037001766,SC-STATE_ART-SCSA_PLUS_V3,9,-0.6354463998481974,SC-STATE_ART,-7,SC
60,SC-STATE_ART,1344689933978656771,3,5,-0.12690558993515466,SC-STATE_ART-SCSA_PLUS_V3,2,3.422843100278954,SC-STATE_ART,1,SC
60,SC-STATE_ART,1364666742916583427,4,5,-0.13030259051523496,SC-STATE_ART-SCSA_PLUS_V3,6,0.9822172364567091,SC-STATE_ART,-2,SC
60,SC-STATE_ART,1367521202042933249,5,5,-0.15300631426322778,SC-STATE_ART-SCSA_PLUS_V3,10,-3.7094121978709644,SC-STATE_ART,-5,SC
60,SC-STATE_ART,1367300793485828097,6,5,-0.15860056222685429,SC-STATE_ART-SCSA_PLUS_V3,5,1.2122225436979266,SC-STATE_ART,1,SC
60,SC-STATE_ART,1367237010608431106,7,5,-0.16228613794792768,SC-STATE_ART-SCSA_PLUS_V3,8,-0.33909162986804253,SC-STATE_ART,-1,SC
60,SC-STATE_ART,1366443197166096385,8,5,-0.1624720926413561,SC-STATE_ART-SCSA_PLUS_V3,4,1.2734719164092647,SC-STATE_ART,4,SC
60,SC-STATE_ART,1369075493753020420,9,5,-0.16268443983927036,SC-STATE_ART-SCSA_PLUS_V3,3,3.249128324108365,SC-STATE_ART,6,SC
60,SC-STATE_ART,1369075561981566976,10,5,-0.16275602801691258,SC-STATE_ART-SCSA_PLUS_V3,1,3.4713388927248765,SC-STATE_ART,9,SC
61,SC-STATE_ART,1317842770816602114,1,5,-0.012647848419380605,SC-STATE_ART-SCSA_PLUS_V3,6,0.29836443370412735,SC-STATE_ART,-5,SC
61,SC-STATE_ART,1354545532044075013,2,4,-0.11405258037001766,SC-STATE_ART-SCSA_PLUS_V3,7,-0.6354463998481974,SC-STATE_ART,-5,SC
61,SC-STATE_ART,1344689933978656771,3,4,-0.12690558993515466,SC-STATE_ART-SCSA_PLUS_V3,1,3.422843100278954,SC-STATE_ART,2,SC
61,SC-STATE_ART,1367947939579006979,4,4,-0.16007096412379945,SC-STATE_ART-SCSA_PLUS_V3,10,-0.8898654880303295,SC-STATE_ART,-6,SC
61,SC-STATE_ART,1248277743118086144,5,3,-0.16153625806373478,SC-STATE_ART-SCSA_PLUS_V3,8,-0.7019089382100414,SC-STATE_ART,-3,SC
61,SC-STATE_ART,1242251884007534592,6,4,-0.16193559736881177,SC-STATE_ART-SCSA_PLUS_V3,9,-0.8875765392027203,SC-STATE_ART,-3,SC
61,SC-STATE_ART,1367946026674352134,7,5,-0.16240198778797424,SC-STATE_ART-SCSA_PLUS_V3,4,0.39118851181983516,SC-STATE_ART,3,SC
61,SC-STATE_ART,1248251408333172738,8,4,-0.16255368357427188,SC-STATE_ART-SCSA_PLUS_V3,2,1.660758325297991,SC-STATE_ART,6,SC
61,SC-STATE_ART,1368080635655450627,9,4,-0.16262587900697406,SC-STATE_ART-SCSA_PLUS_V3,3,0.8846920887675778,SC-STATE_ART,6,SC
61,SC-STATE_ART,1369169111478005763,10,4,-0.163016326348334,SC-STATE_ART-SCSA_PLUS_V3,5,0.3469518511821572,SC-STATE_ART,5,SC
62,SC-STATE_ART,1362083047785439239,1,3,1.9782493142553246,SC-STATE_ART-SCSA_PLUS_V3,1,6.317284019691915,SC-STATE_ART,0,SC
62,SC-STATE_ART,1337020338916499463,2,3,1.7528845407177986,SC-STATE_ART-SCSA_PLUS_V3,4,2.720979175276886,SC-STATE_ART,-2,SC
62,SC-STATE_ART,1337022746824499203,3,3,1.522513486320188,SC-STATE_ART-SCSA_PLUS_V3,2,3.93677533228313,SC-STATE_ART,1,SC
62,SC-STATE_ART,1337021907464499204,4,3,1.0137618845538725,SC-STATE_ART-SCSA_PLUS_V3,6,1.3667118216563114,SC-STATE_ART,-2,SC
62,SC-STATE_ART,1294010972055592962,5,3,0.2819856467928434,SC-STATE_ART-SCSA_PLUS_V3,3,3.442000195162174,SC-STATE_ART,2,SC
62,SC-STATE_ART,1331748997124534274,6,3,0.04266400795091706,SC-STATE_ART-SCSA_PLUS_V3,7,0.605440354063378,SC-STATE_ART,-1,SC
62,SC-STATE_ART,1355167587638906880,7,3,-0.08137949488613379,SC-STATE_ART-SCSA_PLUS_V3,5,1.9174980996517728,SC-STATE_ART,2,SC
62,SC-STATE_ART,1354545532044075013,8,3,-0.11405258037001766,SC-STATE_ART-SCSA_PLUS_V3,8,-0.6354463998481974,SC-STATE_ART,0,SC
62,SC-STATE_ART,1369325020258983936,9,4,-0.1384317847683292,SC-STATE_ART-SCSA_PLUS_V3,9,-0.8129973821962501,SC-STATE_ART,0,SC
62,SC-STATE_ART,1365315820080009221,10,3,-0.1405406542759533,SC-STATE_ART-SCSA_PLUS_V3,10,-1.034510873345673,SC-STATE_ART,0,SC
63,SC-STATE_ART,1362074171832958980,1,4,-0.14544836800752695,SC-STATE_ART-SCSA_PLUS_V3,2,0.7331420762516607,SC-STATE_ART,-1,SC
63,SC-STATE_ART,1369441796925886465,2,4,-0.15743537047928802,SC-STATE_ART-SCSA_PLUS_V3,4,-2.038859345145162,SC-STATE_ART,-2,SC
63,SC-STATE_ART,1369441796925886465,2,4,-0.15743537047928802,SC-STATE_ART-SCSA_PLUS_V3,5,-2.038859345145162,SC-STATE_ART,-3,SC
63,SC-STATE_ART,1369441796925886465,3,5,-0.15743537047928802,SC-STATE_ART-SCSA_PLUS_V3,4,-2.038859345145162,SC-STATE_ART,-1,SC
63,SC-STATE_ART,1369441796925886465,3,5,-0.15743537047928802,SC-STATE_ART-SCSA_PLUS_V3,5,-2.038859345145162,SC-STATE_ART,-2,SC
63,SC-STATE_ART,1369375444793954323,4,4,-0.158221370759571,SC-STATE_ART-SCSA_PLUS_V3,8,-2.7527104441297636,SC-STATE_ART,-4,SC
63,SC-STATE_ART,1369375444793954323,4,4,-0.158221370759571,SC-STATE_ART-SCSA_PLUS_V3,9,-2.7527104441297636,SC-STATE_ART,-5,SC
63,SC-STATE_ART,1369375444793954323,5,5,-0.158221370759571,SC-STATE_ART-SCSA_PLUS_V3,8,-2.7527104441297636,SC-STATE_ART,-3,SC
63,SC-STATE_ART,1369375444793954323,5,5,-0.158221370759571,SC-STATE_ART-SCSA_PLUS_V3,9,-2.7527104441297636,SC-STATE_ART,-4,SC
63,SC-STATE_ART,1362085735063572482,6,5,-0.15868617340593824,SC-STATE_ART-SCSA_PLUS_V3,1,1.0182111709970592,SC-STATE_ART,5,SC
63,SC-STATE_ART,1369048387815899139,7,5,-0.15929802066937204,SC-STATE_ART-SCSA_PLUS_V3,6,-2.6108610574621216,SC-STATE_ART,1,SC
63,SC-STATE_ART,1369048387815899139,7,5,-0.15929802066937204,SC-STATE_ART-SCSA_PLUS_V3,7,-2.6108610574621216,SC-STATE_ART,0,SC
63,SC-STATE_ART,1369048387815899139,8,5,-0.15929802066937204,SC-STATE_ART-SCSA_PLUS_V3,6,-2.6108610574621216,SC-STATE_ART,2,SC
63,SC-STATE_ART,1369048387815899139,8,5,-0.15929802066937204,SC-STATE_ART-SCSA_PLUS_V3,7,-2.6108610574621216,SC-STATE_ART,1,SC
63,SC-STATE_ART,1359577321695547392,9,5,-0.1599066147603767,SC-STATE_ART-SCSA_PLUS_V3,3,-1.0250458628988153,SC-STATE_ART,6,SC
63,SC-STATE_ART,1369400194513723396,10,5,-0.16003039471600533,SC-STATE_ART-SCSA_PLUS_V3,10,-3.2620846670431307,SC-STATE_ART,0,SC
66,SC-STATE_ART,1365113385658970113,1,5,-0.018059530576186728,SC-STATE_ART-SCSA_PLUS_V3,3,1.2786927528281373,SC-STATE_ART,-2,SC
66,SC-STATE_ART,1317810926133874689,2,5,-0.12918411232001803,SC-STATE_ART-SCSA_PLUS_V3,2,1.5263867724606535,SC-STATE_ART,0,SC
66,SC-STATE_ART,1344784297316786177,3,5,-0.1466207283219629,SC-STATE_ART-SCSA_PLUS_V3,7,0.693716711838448,SC-STATE_ART,-4,SC
66,SC-STATE_ART,1283912982200631298,4,5,-0.1507222759617388,SC-STATE_ART-SCSA_PLUS_V3,4,1.243626264029323,SC-STATE_ART,0,SC
66,SC-STATE_ART,1318667750408036352,5,5,-0.15914967195903287,SC-STATE_ART-SCSA_PLUS_V3,10,-0.13230145469562932,SC-STATE_ART,-5,SC
66,SC-STATE_ART,1340975456644939777,6,5,-0.16071176551127495,SC-STATE_ART-SCSA_PLUS_V3,9,0.49401380416331353,SC-STATE_ART,-3,SC
66,SC-STATE_ART,1366167129754537984,7,2,-0.16121432575915334,SC-STATE_ART-SCSA_PLUS_V3,1,2.2768611335594184,SC-STATE_ART,6,SC
66,SC-STATE_ART,1354565152939544576,8,5,-0.1617418991725094,SC-STATE_ART-SCSA_PLUS_V3,8,0.5293717744477001,SC-STATE_ART,0,SC
66,SC-STATE_ART,1349377838722519040,9,5,-0.1617505457339032,SC-STATE_ART-SCSA_PLUS_V3,6,0.7765136103628977,SC-STATE_ART,3,SC
66,SC-STATE_ART,1349380288783253504,10,5,-0.1619251796950947,SC-STATE_ART-SCSA_PLUS_V3,5,0.9172050204873838,SC-STATE_ART,5,SC
67,SC-STATE_ART,1362074171832958980,1,4,-0.14544836800752695,SC-STATE_ART-SCSA_PLUS_V3,3,0.7331420762516607,SC-STATE_ART,-2,SC
67,SC-STATE_ART,1362085735063572482,2,4,-0.15868617340593824,SC-STATE_ART-SCSA_PLUS_V3,2,1.0182111709970592,SC-STATE_ART,0,SC
67,SC-STATE_ART,1359577321695547392,3,5,-0.1599066147603767,SC-STATE_ART-SCSA_PLUS_V3,6,-1.0250458628988153,SC-STATE_ART,-3,SC
67,SC-STATE_ART,1369614175048249346,4,4,-0.16028890952435781,SC-STATE_ART-SCSA_PLUS_V3,9,-2.2987185320665353,SC-STATE_ART,-5,SC
67,SC-STATE_ART,1369326799709212680,5,3,-0.16154612761383313,SC-STATE_ART-SCSA_PLUS_V3,7,-1.4117120163308365,SC-STATE_ART,-2,SC
67,SC-STATE_ART,1362776603047165957,6,3,-0.1616210752921332,SC-STATE_ART-SCSA_PLUS_V3,5,-0.6809603197180417,SC-STATE_ART,1,SC
67,SC-STATE_ART,1369315042236174343,7,4,-0.16204525126394473,SC-STATE_ART-SCSA_PLUS_V3,10,-3.639470760120057,SC-STATE_ART,-3,SC
67,SC-STATE_ART,1369311531360518146,8,3,-0.16217802858925454,SC-STATE_ART-SCSA_PLUS_V3,8,-1.9307035383663498,SC-STATE_ART,0,SC
67,SC-STATE_ART,1369298875719311360,9,3,-0.1624780879287033,SC-STATE_ART-SCSA_PLUS_V3,1,1.2509600653879582,SC-STATE_ART,8,SC
67,SC-STATE_ART,1369405604595400711,10,3,-0.16259998657761504,SC-STATE_ART-SCSA_PLUS_V3,4,-0.2004328457738552,SC-STATE_ART,6,SC
68,SC-STATE_ART,1364607745270423556,1,5,0.15814341714407787,SC-STATE_ART-SCSA_PLUS_V3,6,-0.6917746542144274,SC-STATE_ART,-5,SC
68,SC-STATE_ART,1336810117057179649,2,5,-0.11385006520257479,SC-STATE_ART-SCSA_PLUS_V3,3,1.723459833576476,SC-STATE_ART,-1,SC
68,SC-STATE_ART,1369325020258983936,3,5,-0.1384317847683292,SC-STATE_ART-SCSA_PLUS_V3,7,-0.8129973821962501,SC-STATE_ART,-4,SC
68,SC-STATE_ART,1336964656792035329,4,3,-0.14023695875293207,SC-STATE_ART-SCSA_PLUS_V3,1,2.0763651263409506,SC-STATE_ART,3,SC
68,SC-STATE_ART,1365315820080009221,5,5,-0.1405406542759533,SC-STATE_ART-SCSA_PLUS_V3,8,-1.034510873345673,SC-STATE_ART,-3,SC
68,SC-STATE_ART,1350483251291451392,6,5,-0.14289182958675023,SC-STATE_ART-SCSA_PLUS_V3,10,-1.615708369470857,SC-STATE_ART,-4,SC
68,SC-STATE_ART,1337318168277241857,7,3,-0.1444666671088421,SC-STATE_ART-SCSA_PLUS_V3,2,1.8866985269298249,SC-STATE_ART,5,SC
68,SC-STATE_ART,1342062601535164416,8,5,-0.14950298212288118,SC-STATE_ART-SCSA_PLUS_V3,4,0.5459195073037224,SC-STATE_ART,4,SC
68,SC-STATE_ART,1336059119174897665,9,5,-0.1529007931665888,SC-STATE_ART-SCSA_PLUS_V3,5,0.11828577394317481,SC-STATE_ART,4,SC
68,SC-STATE_ART,1240464261366919171,10,5,-0.15332609011578746,SC-STATE_ART-SCSA_PLUS_V3,9,-1.295615358343139,SC-STATE_ART,1,SC
70,SC-STATE_ART,1369441796925886465,1,5,-0.15743537047928802,SC-STATE_ART-SCSA_PLUS_V3,7,-2.038859345145162,SC-STATE_ART,-6,SC
70,SC-STATE_ART,1369375444793954323,2,5,-0.158221370759571,SC-STATE_ART-SCSA_PLUS_V3,9,-2.7527104441297636,SC-STATE_ART,-7,SC
70,SC-STATE_ART,1369048387815899139,3,5,-0.15929802066937204,SC-STATE_ART-SCSA_PLUS_V3,8,-2.6108610574621216,SC-STATE_ART,-5,SC
70,SC-STATE_ART,1369400194513723396,4,5,-0.16003039471600533,SC-STATE_ART-SCSA_PLUS_V3,10,-3.2620846670431307,SC-STATE_ART,-6,SC
70,SC-STATE_ART,1369355243406954501,5,5,-0.16119039123784681,SC-STATE_ART-SCSA_PLUS_V3,5,-0.7380823695008286,SC-STATE_ART,0,SC
70,SC-STATE_ART,1362776603047165957,6,4,-0.1616210752921332,SC-STATE_ART-SCSA_PLUS_V3,4,-0.6809603197180417,SC-STATE_ART,2,SC
70,SC-STATE_ART,1349377838722519040,7,3,-0.1617505457339032,SC-STATE_ART-SCSA_PLUS_V3,2,0.7765136103628977,SC-STATE_ART,5,SC
70,SC-STATE_ART,1354011094751260673,8,3,-0.16192064545861493,SC-STATE_ART-SCSA_PLUS_V3,6,-1.3796503699019258,SC-STATE_ART,2,SC
70,SC-STATE_ART,1349380288783253504,9,3,-0.1619251796950947,SC-STATE_ART-SCSA_PLUS_V3,1,0.9172050204873838,SC-STATE_ART,8,SC
70,SC-STATE_ART,1353672852747284480,10,3,-0.16236036771834148,SC-STATE_ART-SCSA_PLUS_V3,3,-0.14917337648383971,SC-STATE_ART,7,SC
71,SC-STATE_ART,1317842770816602114,1,5,-0.012647848419380605,SC-STATE_ART-SCSA_PLUS_V3,7,0.29836443370412735,SC-STATE_ART,-6,SC
71,SC-STATE_ART,1336810117057179649,2,5,-0.11385006520257479,SC-STATE_ART-SCSA_PLUS_V3,5,1.723459833576476,SC-STATE_ART,-3,SC
71,SC-STATE_ART,1354545532044075013,3,5,-0.11405258037001766,SC-STATE_ART-SCSA_PLUS_V3,8,-0.6354463998481974,SC-STATE_ART,-5,SC
71,SC-STATE_ART,1344689933978656771,4,5,-0.12690558993515466,SC-STATE_ART-SCSA_PLUS_V3,1,3.422843100278954,SC-STATE_ART,3,SC
71,SC-STATE_ART,1369325020258983936,5,5,-0.1384317847683292,SC-STATE_ART-SCSA_PLUS_V3,9,-0.8129973821962501,SC-STATE_ART,-4,SC
71,SC-STATE_ART,1336964656792035329,6,5,-0.14023695875293207,SC-STATE_ART-SCSA_PLUS_V3,2,2.0763651263409506,SC-STATE_ART,4,SC
71,SC-STATE_ART,1365315820080009221,7,5,-0.1405406542759533,SC-STATE_ART-SCSA_PLUS_V3,10,-1.034510873345673,SC-STATE_ART,-3,SC
71,SC-STATE_ART,1337318168277241857,8,5,-0.1444666671088421,SC-STATE_ART-SCSA_PLUS_V3,4,1.8866985269298249,SC-STATE_ART,4,SC
71,SC-STATE_ART,1367963978421264385,9,5,-0.16195263332605744,SC-STATE_ART-SCSA_PLUS_V3,6,0.5313270777772692,SC-STATE_ART,3,SC
71,SC-STATE_ART,1365327872643260420,10,5,-0.1623579599275923,SC-STATE_ART-SCSA_PLUS_V3,3,1.9736484846794227,SC-STATE_ART,7,SC
72,SC-STATE_ART,1369441796925886465,1,5,-0.15743537047928802,SC-STATE_ART-SCSA_PLUS_V3,9,-2.038859345145162,SC-STATE_ART,-8,SC
72,SC-STATE_ART,1369375444793954323,2,5,-0.158221370759571,SC-STATE_ART-SCSA_PLUS_V3,10,-2.7527104441297636,SC-STATE_ART,-8,SC
72,SC-STATE_ART,1354520696358137868,3,5,-0.15862184800681206,SC-STATE_ART-SCSA_PLUS_V3,7,-0.13833591704302206,SC-STATE_ART,-4,SC
72,SC-STATE_ART,1349377838722519040,4,5,-0.1617505457339032,SC-STATE_ART-SCSA_PLUS_V3,3,0.7765136103628977,SC-STATE_ART,1,SC
72,SC-STATE_ART,1326033569555181568,5,3,-0.16176880523581905,SC-STATE_ART-SCSA_PLUS_V3,8,-0.3486734009795706,SC-STATE_ART,-3,SC
72,SC-STATE_ART,1349380288783253504,6,5,-0.1619251796950947,SC-STATE_ART-SCSA_PLUS_V3,2,0.9172050204873838,SC-STATE_ART,4,SC
72,SC-STATE_ART,1356255250680864768,7,5,-0.16199482922553396,SC-STATE_ART-SCSA_PLUS_V3,5,0.27018629135271066,SC-STATE_ART,2,SC
72,SC-STATE_ART,1354807067232489475,8,5,-0.16228781583418495,SC-STATE_ART-SCSA_PLUS_V3,6,0.10804807975063462,SC-STATE_ART,2,SC
72,SC-STATE_ART,1334873913210380298,9,5,-0.1623400502829117,SC-STATE_ART-SCSA_PLUS_V3,4,0.6751880448278276,SC-STATE_ART,5,SC
72,SC-STATE_ART,1334130051554668547,10,5,-0.1629176563950277,SC-STATE_ART-SCSA_PLUS_V3,1,1.3855064115443048,SC-STATE_ART,9,SC
73,SC-STATE_ART,1362074171832958980,1,1,-0.14544836800752695,SC-STATE_ART-SCSA_PLUS_V3,3,0.7331420762516607,SC-STATE_ART,-2,SC
73,SC-STATE_ART,1362085735063572482,2,1,-0.15868617340593824,SC-STATE_ART-SCSA_PLUS_V3,2,1.0182111709970592,SC-STATE_ART,0,SC
73,SC-STATE_ART,1359577321695547392,3,1,-0.1599066147603767,SC-STATE_ART-SCSA_PLUS_V3,6,-1.0250458628988153,SC-STATE_ART,-3,SC
73,SC-STATE_ART,1369614175048249346,4,4,-0.16028890952435781,SC-STATE_ART-SCSA_PLUS_V3,9,-2.2987185320665353,SC-STATE_ART,-5,SC
73,SC-STATE_ART,1369326799709212680,5,3,-0.16154612761383313,SC-STATE_ART-SCSA_PLUS_V3,7,-1.4117120163308365,SC-STATE_ART,-2,SC
73,SC-STATE_ART,1362776603047165957,6,4,-0.1616210752921332,SC-STATE_ART-SCSA_PLUS_V3,5,-0.6809603197180417,SC-STATE_ART,1,SC
73,SC-STATE_ART,1369315042236174343,7,3,-0.16204525126394473,SC-STATE_ART-SCSA_PLUS_V3,10,-3.639470760120057,SC-STATE_ART,-3,SC
73,SC-STATE_ART,1369311531360518146,8,4,-0.16217802858925454,SC-STATE_ART-SCSA_PLUS_V3,8,-1.9307035383663498,SC-STATE_ART,0,SC
73,SC-STATE_ART,1369298875719311360,9,2,-0.1624780879287033,SC-STATE_ART-SCSA_PLUS_V3,1,1.2509600653879582,SC-STATE_ART,8,SC
73,SC-STATE_ART,1369405604595400711,10,4,-0.16259998657761504,SC-STATE_ART-SCSA_PLUS_V3,4,-0.2004328457738552,SC-STATE_ART,6,SC
74,SC-STATE_ART,1369441796925886465,1,3,-0.15743537047928802,SC-STATE_ART-SCSA_PLUS_V3,7,-2.038859345145162,SC-STATE_ART,-6,SC
74,SC-STATE_ART,1369375444793954323,2,2,-0.158221370759571,SC-STATE_ART-SCSA_PLUS_V3,9,-2.7527104441297636,SC-STATE_ART,-7,SC
74,SC-STATE_ART,1369048387815899139,3,3,-0.15929802066937204,SC-STATE_ART-SCSA_PLUS_V3,8,-2.6108610574621216,SC-STATE_ART,-5,SC
74,SC-STATE_ART,1369400194513723396,4,4,-0.16003039471600533,SC-STATE_ART-SCSA_PLUS_V3,10,-3.2620846670431307,SC-STATE_ART,-6,SC
74,SC-STATE_ART,1369355243406954501,5,3,-0.16119039123784681,SC-STATE_ART-SCSA_PLUS_V3,4,-0.7380823695008286,SC-STATE_ART,1,SC
74,SC-STATE_ART,1369326799709212680,6,4,-0.16154612761383313,SC-STATE_ART-SCSA_PLUS_V3,5,-1.4117120163308365,SC-STATE_ART,1,SC
74,SC-STATE_ART,1362776603047165957,7,3,-0.1616210752921332,SC-STATE_ART-SCSA_PLUS_V3,3,-0.6809603197180417,SC-STATE_ART,4,SC
74,SC-STATE_ART,1369311531360518146,8,4,-0.16217802858925454,SC-STATE_ART-SCSA_PLUS_V3,6,-1.9307035383663498,SC-STATE_ART,2,SC
74,SC-STATE_ART,1369298875719311360,9,3,-0.1624780879287033,SC-STATE_ART-SCSA_PLUS_V3,1,1.2509600653879582,SC-STATE_ART,8,SC
74,SC-STATE_ART,1369405604595400711,10,4,-0.16259998657761504,SC-STATE_ART-SCSA_PLUS_V3,2,-0.2004328457738552,SC-STATE_ART,8,SC
76,SC-STATE_ART,1273231711908872193,1,5,2.581129894904356,SC-STATE_ART-SCSA_PLUS_V3,5,3.1768801653310494,SC-STATE_ART,-4,SC
76,SC-STATE_ART,1362083047785439239,2,5,1.9782493142553246,SC-STATE_ART-SCSA_PLUS_V3,1,6.317284019691915,SC-STATE_ART,1,SC
76,SC-STATE_ART,1337020338916499463,3,5,1.7528845407177986,SC-STATE_ART-SCSA_PLUS_V3,6,2.720979175276886,SC-STATE_ART,-3,SC
76,SC-STATE_ART,1337022746824499203,4,4,1.522513486320188,SC-STATE_ART-SCSA_PLUS_V3,3,3.93677533228313,SC-STATE_ART,1,SC
76,SC-STATE_ART,1337021907464499204,5,5,1.0137618845538725,SC-STATE_ART-SCSA_PLUS_V3,9,1.3667118216563114,SC-STATE_ART,-4,SC
76,SC-STATE_ART,1334711453211889665,6,5,0.4442273377518687,SC-STATE_ART-SCSA_PLUS_V3,2,4.387822739031291,SC-STATE_ART,4,SC
76,SC-STATE_ART,1294010972055592962,7,4,0.2819856467928434,SC-STATE_ART-SCSA_PLUS_V3,4,3.442000195162174,SC-STATE_ART,3,SC
76,SC-STATE_ART,1331748997124534274,8,5,0.04266400795091706,SC-STATE_ART-SCSA_PLUS_V3,10,0.605440354063378,SC-STATE_ART,-2,SC
76,SC-STATE_ART,1334726779903168512,9,5,0.010746085475311733,SC-STATE_ART-SCSA_PLUS_V3,7,1.9272129909067,SC-STATE_ART,2,SC
76,SC-STATE_ART,1355167587638906880,10,5,-0.08137949488613379,SC-STATE_ART-SCSA_PLUS_V3,8,1.9174980996517728,SC-STATE_ART,2,SC
77,SC-STATE_ART,1369614175048249346,1,5,-0.16028890952435781,SC-STATE_ART-SCSA_PLUS_V3,10,-2.2987185320665353,SC-STATE_ART,-9,SC
77,SC-STATE_ART,1369326799709212680,2,4,-0.16154612761383313,SC-STATE_ART-SCSA_PLUS_V3,8,-1.4117120163308365,SC-STATE_ART,-6,SC
77,SC-STATE_ART,1362776603047165957,3,4,-0.1616210752921332,SC-STATE_ART-SCSA_PLUS_V3,6,-0.6809603197180417,SC-STATE_ART,-3,SC
77,SC-STATE_ART,1349377838722519040,4,4,-0.1617505457339032,SC-STATE_ART-SCSA_PLUS_V3,3,0.7765136103628977,SC-STATE_ART,1,SC
77,SC-STATE_ART,1354011094751260673,5,4,-0.16192064545861493,SC-STATE_ART-SCSA_PLUS_V3,7,-1.3796503699019258,SC-STATE_ART,-2,SC
77,SC-STATE_ART,1349380288783253504,6,5,-0.1619251796950947,SC-STATE_ART-SCSA_PLUS_V3,2,0.9172050204873838,SC-STATE_ART,4,SC
77,SC-STATE_ART,1369311531360518146,7,4,-0.16217802858925454,SC-STATE_ART-SCSA_PLUS_V3,9,-1.9307035383663498,SC-STATE_ART,-2,SC
77,SC-STATE_ART,1353672852747284480,8,5,-0.16236036771834148,SC-STATE_ART-SCSA_PLUS_V3,4,-0.14917337648383971,SC-STATE_ART,4,SC
77,SC-STATE_ART,1369298875719311360,9,4,-0.1624780879287033,SC-STATE_ART-SCSA_PLUS_V3,1,1.2509600653879582,SC-STATE_ART,8,SC
77,SC-STATE_ART,1369405604595400711,10,5,-0.16259998657761504,SC-STATE_ART-SCSA_PLUS_V3,5,-0.2004328457738552,SC-STATE_ART,5,SC
78,SC-STATE_ART,1367113993815547906,1,2,-0.029761322530998134,SC-STATE_ART-SCSA_PLUS_V3,6,1.6262186286336613,SC-STATE_ART,-5,SC
78,SC-STATE_ART,1368245651046207493,2,3,-0.11587668525816505,SC-STATE_ART-SCSA_PLUS_V3,2,3.4386130032824767,SC-STATE_ART,0,SC
78,SC-STATE_ART,1368909409775149064,3,1,-0.12097280555960736,SC-STATE_ART-SCSA_PLUS_V3,4,1.9461802284427354,SC-STATE_ART,-1,SC
78,SC-STATE_ART,1367462925250818061,4,1,-0.1561974805081122,SC-STATE_ART-SCSA_PLUS_V3,3,2.2891324647428473,SC-STATE_ART,1,SC
78,SC-STATE_ART,1368580185642110982,5,2,-0.15695435040341854,SC-STATE_ART-SCSA_PLUS_V3,5,1.9342973647240196,SC-STATE_ART,0,SC
78,SC-STATE_ART,1366499073671454725,6,2,-0.15879209205277411,SC-STATE_ART-SCSA_PLUS_V3,1,4.034211660614664,SC-STATE_ART,5,SC
78,SC-STATE_ART,1303249708169613313,7,1,-0.16019305083330923,SC-STATE_ART-SCSA_PLUS_V3,8,0.15353892550587625,SC-STATE_ART,-1,SC
78,SC-STATE_ART,1368932010971004931,8,2,-0.1613441685603854,SC-STATE_ART-SCSA_PLUS_V3,9,-0.4191673824872118,SC-STATE_ART,-1,SC
78,SC-STATE_ART,1319402828285108225,9,2,-0.16190339242230234,SC-STATE_ART-SCSA_PLUS_V3,10,-2.269523039538623,SC-STATE_ART,-1,SC
78,SC-STATE_ART,1324374402750767104,10,1,-0.16264838872816453,SC-STATE_ART-SCSA_PLUS_V3,7,0.8570444552028132,SC-STATE_ART,3,SC
79,SC-STATE_ART,1095067826061262848,1,5,6.573077989097101,SC-STATE_ART-SCSA_PLUS_V3,1,12.975365939575605,SC-STATE_ART,0,SC
79,SC-STATE_ART,1273231711908872193,2,4,2.581129894904356,SC-STATE_ART-SCSA_PLUS_V3,4,3.1768801653310494,SC-STATE_ART,-2,SC
79,SC-STATE_ART,1182112257708306433,3,5,-0.04383045009819281,SC-STATE_ART-SCSA_PLUS_V3,8,-0.16049419338306353,SC-STATE_ART,-5,SC
79,SC-STATE_ART,1350483251291451392,4,5,-0.14289182958675023,SC-STATE_ART-SCSA_PLUS_V3,10,-1.615708369470857,SC-STATE_ART,-6,SC
79,SC-STATE_ART,1336059119174897665,5,5,-0.1529007931665888,SC-STATE_ART-SCSA_PLUS_V3,7,0.11828577394317481,SC-STATE_ART,-2,SC
79,SC-STATE_ART,1366561763962073092,6,5,-0.15708429440322777,SC-STATE_ART-SCSA_PLUS_V3,3,3.8351115564430356,SC-STATE_ART,3,SC
79,SC-STATE_ART,1359597695548153864,7,3,-0.1601442970151674,SC-STATE_ART-SCSA_PLUS_V3,9,-0.2779759772068338,SC-STATE_ART,-2,SC
79,SC-STATE_ART,1338584496489172992,8,4,-0.16119365438446756,SC-STATE_ART-SCSA_PLUS_V3,6,1.8584771903482171,SC-STATE_ART,2,SC
79,SC-STATE_ART,1365320876510560258,9,4,-0.1618194753125917,SC-STATE_ART-SCSA_PLUS_V3,5,1.9819255746385516,SC-STATE_ART,4,SC
79,SC-STATE_ART,1364683920965578753,10,4,-0.1627716157699001,SC-STATE_ART-SCSA_PLUS_V3,2,5.503195554791012,SC-STATE_ART,8,SC
81,SC-STATE_ART,1367113993815547906,1,5,-0.029761322530998134,SC-STATE_ART-SCSA_PLUS_V3,6,1.6262186286336613,SC-STATE_ART,-5,SC
81,SC-STATE_ART,1368909409775149064,2,5,-0.12097280555960736,SC-STATE_ART-SCSA_PLUS_V3,3,1.9461802284427354,SC-STATE_ART,-1,SC
81,SC-STATE_ART,1350483251291451392,3,5,-0.14289182958675023,SC-STATE_ART-SCSA_PLUS_V3,10,-1.615708369470857,SC-STATE_ART,-7,SC
81,SC-STATE_ART,1367462925250818061,4,5,-0.1561974805081122,SC-STATE_ART-SCSA_PLUS_V3,2,2.2891324647428473,SC-STATE_ART,2,SC
81,SC-STATE_ART,1368580185642110982,5,5,-0.15695435040341854,SC-STATE_ART-SCSA_PLUS_V3,5,1.9342973647240196,SC-STATE_ART,0,SC
81,SC-STATE_ART,1368649404702408707,6,5,-0.1571687686524953,SC-STATE_ART-SCSA_PLUS_V3,4,1.9345786438740373,SC-STATE_ART,2,SC
81,SC-STATE_ART,1366499073671454725,7,5,-0.15879209205277411,SC-STATE_ART-SCSA_PLUS_V3,1,4.034211660614664,SC-STATE_ART,6,SC
81,SC-STATE_ART,1359597695548153864,8,5,-0.1601442970151674,SC-STATE_ART-SCSA_PLUS_V3,7,-0.2779759772068338,SC-STATE_ART,1,SC
81,SC-STATE_ART,1368932010971004931,9,5,-0.1613441685603854,SC-STATE_ART-SCSA_PLUS_V3,8,-0.4191673824872118,SC-STATE_ART,1,SC
81,SC-STATE_ART,1362776603047165957,10,5,-0.1616210752921332,SC-STATE_ART-SCSA_PLUS_V3,9,-0.6809603197180417,SC-STATE_ART,1,SC
1,SCSA-STATE_ART,1364607745270423556,1,5,0.15814341714407787,SCSA-STATE_ART-SCSA_PLUS_V3,7,-0.6917746542144274,SCSA-STATE_ART,-6,SCSA
1,SCSA-STATE_ART,1339525827118194689,2,4,-0.03887995582502068,SCSA-STATE_ART-SCSA_PLUS_V3,5,0.21521418030591352,SCSA-STATE_ART,-3,SCSA
1,SCSA-STATE_ART,1337077938076979205,3,3,-0.1514914697726787,SCSA-STATE_ART-SCSA_PLUS_V3,3,1.088804073713282,SCSA-STATE_ART,0,SCSA
1,SCSA-STATE_ART,1367882927384768524,4,5,-0.15329852445505293,SCSA-STATE_ART-SCSA_PLUS_V3,10,-1.5710434219908604,SCSA-STATE_ART,-6,SCSA
1,SCSA-STATE_ART,1336793663792406530,5,2,-0.15899590429959662,SCSA-STATE_ART-SCSA_PLUS_V3,1,2.6714144202875567,SCSA-STATE_ART,4,SCSA
1,SCSA-STATE_ART,1369386818169372680,6,5,-0.16196945948694028,SCSA-STATE_ART-SCSA_PLUS_V3,9,-1.334465068837602,SCSA-STATE_ART,-3,SCSA
1,SCSA-STATE_ART,1369383214062665731,7,2,-0.1619771478345075,SCSA-STATE_ART-SCSA_PLUS_V3,8,-1.2026740193686212,SCSA-STATE_ART,-1,SCSA
1,SCSA-STATE_ART,1363551492486008834,8,1,-0.1622242890101785,SCSA-STATE_ART-SCSA_PLUS_V3,4,0.5229277309207143,SCSA-STATE_ART,4,SCSA
1,SCSA-STATE_ART,1369372321736232963,9,1,-0.1623682998941281,SCSA-STATE_ART-SCSA_PLUS_V3,6,0.07742471896033629,SCSA-STATE_ART,3,SCSA
1,SCSA-STATE_ART,1354118501653483523,10,1,-0.1626934571397117,SCSA-STATE_ART-SCSA_PLUS_V3,2,2.044728839831383,SCSA-STATE_ART,8,SCSA
2,SCSA-STATE_ART,1365007905318133766,1,4,-0.13768873889958996,SCSA-STATE_ART-SCSA_PLUS_V3,1,0.8388233040713567,SCSA-STATE_ART,0,SCSA
2,SCSA-STATE_ART,1366709656974942211,2,5,-0.1394375052243632,SCSA-STATE_ART-SCSA_PLUS_V3,8,-1.5357891786995663,SCSA-STATE_ART,-6,SCSA
2,SCSA-STATE_ART,1361701236395958278,3,4,-0.14446510344358682,SCSA-STATE_ART-SCSA_PLUS_V3,4,-0.407963752388452,SCSA-STATE_ART,-1,SCSA
2,SCSA-STATE_ART,1369441382973272064,4,4,-0.14736864841342553,SCSA-STATE_ART-SCSA_PLUS_V3,7,-1.523554971359398,SCSA-STATE_ART,-3,SCSA
2,SCSA-STATE_ART,1364579317964034050,5,5,-0.1485508750733014,SCSA-STATE_ART-SCSA_PLUS_V3,10,-1.7943956998005064,SCSA-STATE_ART,-5,SCSA
2,SCSA-STATE_ART,1361388306106318857,6,4,-0.15475331088110703,SCSA-STATE_ART-SCSA_PLUS_V3,5,-0.7042556358727347,SCSA-STATE_ART,1,SCSA
2,SCSA-STATE_ART,1369030160943611907,7,4,-0.1604686032774996,SCSA-STATE_ART-SCSA_PLUS_V3,6,-1.0580393819449574,SCSA-STATE_ART,1,SCSA
2,SCSA-STATE_ART,1366932843067277314,8,3,-0.1612231545723697,SCSA-STATE_ART-SCSA_PLUS_V3,3,-0.1934741893759045,SCSA-STATE_ART,5,SCSA
2,SCSA-STATE_ART,1369292125641269258,9,4,-0.1619979259031211,SCSA-STATE_ART-SCSA_PLUS_V3,2,0.7231138329417203,SCSA-STATE_ART,7,SCSA
2,SCSA-STATE_ART,1369458171467591683,10,3,-0.1620526925449209,SCSA-STATE_ART-SCSA_PLUS_V3,9,-1.6653362026071827,SCSA-STATE_ART,1,SCSA
3,SCSA-STATE_ART,1364607745270423556,1,2,0.15814341714407787,SCSA-STATE_ART-SCSA_PLUS_V3,8,-0.6917746542144274,SCSA-STATE_ART,-7,SCSA
3,SCSA-STATE_ART,1337077938076979205,2,3,-0.1514914697726787,SCSA-STATE_ART-SCSA_PLUS_V3,3,1.088804073713282,SCSA-STATE_ART,-1,SCSA
3,SCSA-STATE_ART,1367894335233142789,3,3,-0.15839433111823875,SCSA-STATE_ART-SCSA_PLUS_V3,10,-1.7989287136111398,SCSA-STATE_ART,-7,SCSA
3,SCSA-STATE_ART,1336793663792406530,4,3,-0.15899590429959662,SCSA-STATE_ART-SCSA_PLUS_V3,1,2.6714144202875567,SCSA-STATE_ART,3,SCSA
3,SCSA-STATE_ART,1363941648812675075,5,4,-0.1600253654296599,SCSA-STATE_ART-SCSA_PLUS_V3,7,-0.40614885358431063,SCSA-STATE_ART,-2,SCSA
3,SCSA-STATE_ART,1369383214062665731,6,3,-0.1619771478345075,SCSA-STATE_ART-SCSA_PLUS_V3,9,-1.2026740193686212,SCSA-STATE_ART,-3,SCSA
3,SCSA-STATE_ART,1368286394792046596,7,3,-0.162271572345154,SCSA-STATE_ART-SCSA_PLUS_V3,6,-0.2562375596577508,SCSA-STATE_ART,1,SCSA
3,SCSA-STATE_ART,1365327872643260420,8,3,-0.1623579599275923,SCSA-STATE_ART-SCSA_PLUS_V3,2,1.9736484846794227,SCSA-STATE_ART,6,SCSA
3,SCSA-STATE_ART,1324374402750767104,9,5,-0.16264838872816453,SCSA-STATE_ART-SCSA_PLUS_V3,4,0.8570444552028132,SCSA-STATE_ART,5,SCSA
3,SCSA-STATE_ART,1367315410106736640,10,3,-0.1629176563950277,SCSA-STATE_ART-SCSA_PLUS_V3,5,0.5127916549478541,SCSA-STATE_ART,5,SCSA
4,SCSA-STATE_ART,1369441382973272064,1,5,-0.14736864841342553,SCSA-STATE_ART-SCSA_PLUS_V3,6,-1.523554971359398,SCSA-STATE_ART,-5,SCSA
4,SCSA-STATE_ART,1369495249417101312,2,3,-0.14994155545922294,SCSA-STATE_ART-SCSA_PLUS_V3,10,-2.9597096331748514,SCSA-STATE_ART,-8,SCSA
4,SCSA-STATE_ART,1369226601972563972,3,5,-0.16125601151625013,SCSA-STATE_ART-SCSA_PLUS_V3,5,-1.452492026134038,SCSA-STATE_ART,-2,SCSA
4,SCSA-STATE_ART,1368622654870192131,4,5,-0.16142646892113027,SCSA-STATE_ART-SCSA_PLUS_V3,3,-0.8266309529068743,SCSA-STATE_ART,1,SCSA
4,SCSA-STATE_ART,1369438033892806663,5,5,-0.1614420235489199,SCSA-STATE_ART-SCSA_PLUS_V3,7,-1.5743066733298112,SCSA-STATE_ART,-2,SCSA
4,SCSA-STATE_ART,1369619124318580736,6,5,-0.16155752799471415,SCSA-STATE_ART-SCSA_PLUS_V3,8,-1.6646792448280587,SCSA-STATE_ART,-2,SCSA
4,SCSA-STATE_ART,1369458171467591683,7,4,-0.1620526925449209,SCSA-STATE_ART-SCSA_PLUS_V3,9,-1.6653362026071827,SCSA-STATE_ART,-2,SCSA
4,SCSA-STATE_ART,1364851499042537474,8,2,-0.16221524869930015,SCSA-STATE_ART-SCSA_PLUS_V3,4,-0.9737132945934601,SCSA-STATE_ART,4,SCSA
4,SCSA-STATE_ART,1352554075657801732,9,1,-0.16254188299511702,SCSA-STATE_ART-SCSA_PLUS_V3,2,-0.4659285255426969,SCSA-STATE_ART,7,SCSA
4,SCSA-STATE_ART,1352937076669476864,10,2,-0.16285043917309297,SCSA-STATE_ART-SCSA_PLUS_V3,1,0.4804274370142707,SCSA-STATE_ART,9,SCSA
5,SCSA-STATE_ART,1365007905318133766,1,2,-0.13768873889958996,SCSA-STATE_ART-SCSA_PLUS_V3,1,0.8388233040713567,SCSA-STATE_ART,0,SCSA
5,SCSA-STATE_ART,1366709656974942211,2,3,-0.1394375052243632,SCSA-STATE_ART-SCSA_PLUS_V3,8,-1.5357891786995663,SCSA-STATE_ART,-6,SCSA
5,SCSA-STATE_ART,1361701236395958278,3,2,-0.14446510344358682,SCSA-STATE_ART-SCSA_PLUS_V3,4,-0.407963752388452,SCSA-STATE_ART,-1,SCSA
5,SCSA-STATE_ART,1369441382973272064,4,4,-0.14736864841342553,SCSA-STATE_ART-SCSA_PLUS_V3,7,-1.523554971359398,SCSA-STATE_ART,-3,SCSA
5,SCSA-STATE_ART,1364579317964034050,5,3,-0.1485508750733014,SCSA-STATE_ART-SCSA_PLUS_V3,10,-1.7943956998005064,SCSA-STATE_ART,-5,SCSA
5,SCSA-STATE_ART,1361388306106318857,6,2,-0.15475331088110703,SCSA-STATE_ART-SCSA_PLUS_V3,5,-0.7042556358727347,SCSA-STATE_ART,1,SCSA
5,SCSA-STATE_ART,1369030160943611907,7,3,-0.1604686032774996,SCSA-STATE_ART-SCSA_PLUS_V3,6,-1.0580393819449574,SCSA-STATE_ART,1,SCSA
5,SCSA-STATE_ART,1366932843067277314,8,2,-0.1612231545723697,SCSA-STATE_ART-SCSA_PLUS_V3,3,-0.1934741893759045,SCSA-STATE_ART,5,SCSA
5,SCSA-STATE_ART,1369292125641269258,9,3,-0.1619979259031211,SCSA-STATE_ART-SCSA_PLUS_V3,2,0.7231138329417203,SCSA-STATE_ART,7,SCSA
5,SCSA-STATE_ART,1369458171467591683,10,4,-0.1620526925449209,SCSA-STATE_ART-SCSA_PLUS_V3,9,-1.6653362026071827,SCSA-STATE_ART,1,SCSA
6,SCSA-STATE_ART,1337022746824499203,1,2,1.522513486320188,SCSA-STATE_ART-SCSA_PLUS_V3,1,3.93677533228313,SCSA-STATE_ART,0,SCSA
6,SCSA-STATE_ART,1351920546011893761,2,2,1.3654915218742583,SCSA-STATE_ART-SCSA_PLUS_V3,7,0.6898963199435365,SCSA-STATE_ART,-5,SCSA
6,SCSA-STATE_ART,1365416645624143873,3,3,1.352063197003944,SCSA-STATE_ART-SCSA_PLUS_V3,2,2.4717959298546774,SCSA-STATE_ART,1,SCSA
6,SCSA-STATE_ART,1337463904566456320,4,2,1.2925489724102472,SCSA-STATE_ART-SCSA_PLUS_V3,4,1.246704028276814,SCSA-STATE_ART,0,SCSA
6,SCSA-STATE_ART,1358843515149504514,5,3,0.18714062376005267,SCSA-STATE_ART-SCSA_PLUS_V3,6,0.8316723299406994,SCSA-STATE_ART,-1,SCSA
6,SCSA-STATE_ART,1331744604891344896,6,2,0.16271656809978113,SCSA-STATE_ART-SCSA_PLUS_V3,9,0.17528638066983188,SCSA-STATE_ART,-3,SCSA
6,SCSA-STATE_ART,1339525827118194689,7,5,-0.03887995582502068,SCSA-STATE_ART-SCSA_PLUS_V3,8,0.21521418030591352,SCSA-STATE_ART,-1,SCSA
6,SCSA-STATE_ART,1353502767352926208,8,3,-0.08581479228989936,SCSA-STATE_ART-SCSA_PLUS_V3,10,-0.053388971030963905,SCSA-STATE_ART,-2,SCSA
6,SCSA-STATE_ART,1357375687967997959,9,1,-0.1322147295008666,SCSA-STATE_ART-SCSA_PLUS_V3,5,1.1651198867786141,SCSA-STATE_ART,4,SCSA
6,SCSA-STATE_ART,1354118501653483523,10,5,-0.1626934571397117,SCSA-STATE_ART-SCSA_PLUS_V3,3,2.044728839831383,SCSA-STATE_ART,7,SCSA
7,SCSA-STATE_ART,1364607745270423556,1,2,0.15814341714407787,SCSA-STATE_ART-SCSA_PLUS_V3,6,-0.6917746542144274,SCSA-STATE_ART,-5,SCSA
7,SCSA-STATE_ART,1337077938076979205,2,2,-0.1514914697726787,SCSA-STATE_ART-SCSA_PLUS_V3,2,1.088804073713282,SCSA-STATE_ART,0,SCSA
7,SCSA-STATE_ART,1367882927384768524,3,4,-0.15329852445505293,SCSA-STATE_ART-SCSA_PLUS_V3,10,-1.5710434219908604,SCSA-STATE_ART,-7,SCSA
7,SCSA-STATE_ART,1336793663792406530,4,3,-0.15899590429959662,SCSA-STATE_ART-SCSA_PLUS_V3,1,2.6714144202875567,SCSA-STATE_ART,3,SCSA
7,SCSA-STATE_ART,1336596712857743361,5,3,-0.16087383216849266,SCSA-STATE_ART-SCSA_PLUS_V3,4,0.36318511055724345,SCSA-STATE_ART,1,SCSA
7,SCSA-STATE_ART,1369386818169372680,6,5,-0.16196945948694028,SCSA-STATE_ART-SCSA_PLUS_V3,9,-1.334465068837602,SCSA-STATE_ART,-3,SCSA
7,SCSA-STATE_ART,1369383214062665731,7,3,-0.1619771478345075,SCSA-STATE_ART-SCSA_PLUS_V3,8,-1.2026740193686212,SCSA-STATE_ART,-1,SCSA
7,SCSA-STATE_ART,1363551492486008834,8,3,-0.1622242890101785,SCSA-STATE_ART-SCSA_PLUS_V3,3,0.5229277309207143,SCSA-STATE_ART,5,SCSA
7,SCSA-STATE_ART,1369337343270862853,9,2,-0.16230574715285712,SCSA-STATE_ART-SCSA_PLUS_V3,7,-0.7378555336148017,SCSA-STATE_ART,2,SCSA
7,SCSA-STATE_ART,1369372321736232963,10,4,-0.1623682998941281,SCSA-STATE_ART-SCSA_PLUS_V3,5,0.07742471896033629,SCSA-STATE_ART,5,SCSA
8,SCSA-STATE_ART,1351920546011893761,1,4,1.3654915218742583,SCSA-STATE_ART-SCSA_PLUS_V3,6,0.6898963199435365,SCSA-STATE_ART,-5,SCSA
8,SCSA-STATE_ART,1365416645624143873,2,4,1.352063197003944,SCSA-STATE_ART-SCSA_PLUS_V3,1,2.4717959298546774,SCSA-STATE_ART,1,SCSA
8,SCSA-STATE_ART,1337463904566456320,3,4,1.2925489724102472,SCSA-STATE_ART-SCSA_PLUS_V3,3,1.246704028276814,SCSA-STATE_ART,0,SCSA
8,SCSA-STATE_ART,1358843677582401536,4,3,0.9431325564939711,SCSA-STATE_ART-SCSA_PLUS_V3,2,1.6418753577979033,SCSA-STATE_ART,2,SCSA
8,SCSA-STATE_ART,1331741612402237443,5,3,0.2669490359302921,SCSA-STATE_ART-SCSA_PLUS_V3,7,0.5624473610952869,SCSA-STATE_ART,-2,SCSA
8,SCSA-STATE_ART,1358843515149504514,6,4,0.18714062376005267,SCSA-STATE_ART-SCSA_PLUS_V3,5,0.8316723299406994,SCSA-STATE_ART,1,SCSA
8,SCSA-STATE_ART,1331744604891344896,7,4,0.16271656809978113,SCSA-STATE_ART-SCSA_PLUS_V3,8,0.17528638066983188,SCSA-STATE_ART,-1,SCSA
8,SCSA-STATE_ART,1353502767352926208,8,4,-0.08581479228989936,SCSA-STATE_ART-SCSA_PLUS_V3,9,-0.053388971030963905,SCSA-STATE_ART,-1,SCSA
8,SCSA-STATE_ART,1290659734639521798,9,5,-0.09388391124280858,SCSA-STATE_ART-SCSA_PLUS_V3,10,-0.2535422406601806,SCSA-STATE_ART,-1,SCSA
8,SCSA-STATE_ART,1357375687967997959,10,4,-0.1322147295008666,SCSA-STATE_ART-SCSA_PLUS_V3,4,1.1651198867786141,SCSA-STATE_ART,6,SCSA
9,SCSA-STATE_ART,1321455751567532032,1,5,-0.06056330978192362,SCSA-STATE_ART-SCSA_PLUS_V3,6,0.309182033188763,SCSA-STATE_ART,-5,SCSA
9,SCSA-STATE_ART,1333873034114064385,2,5,-0.10490736571346042,SCSA-STATE_ART-SCSA_PLUS_V3,8,0.13362266922772295,SCSA-STATE_ART,-6,SCSA
9,SCSA-STATE_ART,1343729046891347968,3,5,-0.14388723828005037,SCSA-STATE_ART-SCSA_PLUS_V3,9,-0.5831723739274758,SCSA-STATE_ART,-6,SCSA
9,SCSA-STATE_ART,1359932980974657536,4,5,-0.15478179878195203,SCSA-STATE_ART-SCSA_PLUS_V3,4,1.4447248577000005,SCSA-STATE_ART,0,SCSA
9,SCSA-STATE_ART,1366115959623331844,5,1,-0.1567167050255976,SCSA-STATE_ART-SCSA_PLUS_V3,2,2.808047228397104,SCSA-STATE_ART,3,SCSA
9,SCSA-STATE_ART,1347619092417548288,6,5,-0.15679240711867998,SCSA-STATE_ART-SCSA_PLUS_V3,10,-1.5254769823729484,SCSA-STATE_ART,-4,SCSA
9,SCSA-STATE_ART,1362069293790162946,7,4,-0.15775414054742581,SCSA-STATE_ART-SCSA_PLUS_V3,7,0.18921145095492575,SCSA-STATE_ART,0,SCSA
9,SCSA-STATE_ART,1360346403873181707,8,4,-0.15888531885611126,SCSA-STATE_ART-SCSA_PLUS_V3,5,1.2136129422550426,SCSA-STATE_ART,3,SCSA
9,SCSA-STATE_ART,1364624807220948994,9,1,-0.16009886210320087,SCSA-STATE_ART-SCSA_PLUS_V3,1,3.02914102513722,SCSA-STATE_ART,8,SCSA
9,SCSA-STATE_ART,1362872757109809152,10,1,-0.16234826693959664,SCSA-STATE_ART-SCSA_PLUS_V3,3,1.5033954443205968,SCSA-STATE_ART,7,SCSA
10,SCSA-STATE_ART,1364607745270423556,1,3,0.15814341714407787,SCSA-STATE_ART-SCSA_PLUS_V3,6,-0.6917746542144274,SCSA-STATE_ART,-5,SCSA
10,SCSA-STATE_ART,1337077938076979205,2,3,-0.1514914697726787,SCSA-STATE_ART-SCSA_PLUS_V3,2,1.088804073713282,SCSA-STATE_ART,0,SCSA
10,SCSA-STATE_ART,1367882927384768524,3,5,-0.15329852445505293,SCSA-STATE_ART-SCSA_PLUS_V3,10,-1.5710434219908604,SCSA-STATE_ART,-7,SCSA
10,SCSA-STATE_ART,1336793663792406530,4,3,-0.15899590429959662,SCSA-STATE_ART-SCSA_PLUS_V3,1,2.6714144202875567,SCSA-STATE_ART,3,SCSA
10,SCSA-STATE_ART,1336596712857743361,5,3,-0.16087383216849266,SCSA-STATE_ART-SCSA_PLUS_V3,4,0.36318511055724345,SCSA-STATE_ART,1,SCSA
10,SCSA-STATE_ART,1369386818169372680,6,4,-0.16196945948694028,SCSA-STATE_ART-SCSA_PLUS_V3,9,-1.334465068837602,SCSA-STATE_ART,-3,SCSA
10,SCSA-STATE_ART,1369383214062665731,7,4,-0.1619771478345075,SCSA-STATE_ART-SCSA_PLUS_V3,8,-1.2026740193686212,SCSA-STATE_ART,-1,SCSA
10,SCSA-STATE_ART,1363551492486008834,8,4,-0.1622242890101785,SCSA-STATE_ART-SCSA_PLUS_V3,3,0.5229277309207143,SCSA-STATE_ART,5,SCSA
10,SCSA-STATE_ART,1369337343270862853,9,4,-0.16230574715285712,SCSA-STATE_ART-SCSA_PLUS_V3,7,-0.7378555336148017,SCSA-STATE_ART,2,SCSA
10,SCSA-STATE_ART,1369372321736232963,10,4,-0.1623682998941281,SCSA-STATE_ART-SCSA_PLUS_V3,5,0.07742471896033629,SCSA-STATE_ART,5,SCSA
11,SCSA-STATE_ART,1351920546011893761,1,4,1.3654915218742583,SCSA-STATE_ART-SCSA_PLUS_V3,7,0.6898963199435365,SCSA-STATE_ART,-6,SCSA
11,SCSA-STATE_ART,1351920546011893761,1,4,1.3654915218742583,SCSA-STATE_ART-SCSA_PLUS_V3,8,0.6898963199435365,SCSA-STATE_ART,-7,SCSA
11,SCSA-STATE_ART,1351920546011893761,2,2,1.3654915218742583,SCSA-STATE_ART-SCSA_PLUS_V3,7,0.6898963199435365,SCSA-STATE_ART,-5,SCSA
11,SCSA-STATE_ART,1351920546011893761,2,2,1.3654915218742583,SCSA-STATE_ART-SCSA_PLUS_V3,8,0.6898963199435365,SCSA-STATE_ART,-6,SCSA
11,SCSA-STATE_ART,1365416645624143873,3,5,1.352063197003944,SCSA-STATE_ART-SCSA_PLUS_V3,1,2.4717959298546774,SCSA-STATE_ART,2,SCSA
11,SCSA-STATE_ART,1365416645624143873,3,5,1.352063197003944,SCSA-STATE_ART-SCSA_PLUS_V3,2,2.4717959298546774,SCSA-STATE_ART,1,SCSA
11,SCSA-STATE_ART,1365416645624143873,4,2,1.352063197003944,SCSA-STATE_ART-SCSA_PLUS_V3,1,2.4717959298546774,SCSA-STATE_ART,3,SCSA
11,SCSA-STATE_ART,1365416645624143873,4,2,1.352063197003944,SCSA-STATE_ART-SCSA_PLUS_V3,2,2.4717959298546774,SCSA-STATE_ART,2,SCSA
11,SCSA-STATE_ART,1337463904566456320,5,5,1.2925489724102472,SCSA-STATE_ART-SCSA_PLUS_V3,5,1.246704028276814,SCSA-STATE_ART,0,SCSA
11,SCSA-STATE_ART,1337463904566456320,5,5,1.2925489724102472,SCSA-STATE_ART-SCSA_PLUS_V3,6,1.246704028276814,SCSA-STATE_ART,-1,SCSA
11,SCSA-STATE_ART,1337463904566456320,6,4,1.2925489724102472,SCSA-STATE_ART-SCSA_PLUS_V3,5,1.246704028276814,SCSA-STATE_ART,1,SCSA
11,SCSA-STATE_ART,1337463904566456320,6,4,1.2925489724102472,SCSA-STATE_ART-SCSA_PLUS_V3,6,1.246704028276814,SCSA-STATE_ART,0,SCSA
11,SCSA-STATE_ART,1358843677582401536,7,2,0.9431325564939711,SCSA-STATE_ART-SCSA_PLUS_V3,3,1.6418753577979033,SCSA-STATE_ART,4,SCSA
11,SCSA-STATE_ART,1358843677582401536,7,2,0.9431325564939711,SCSA-STATE_ART-SCSA_PLUS_V3,4,1.6418753577979033,SCSA-STATE_ART,3,SCSA
11,SCSA-STATE_ART,1358843677582401536,8,4,0.9431325564939711,SCSA-STATE_ART-SCSA_PLUS_V3,3,1.6418753577979033,SCSA-STATE_ART,5,SCSA
11,SCSA-STATE_ART,1358843677582401536,8,4,0.9431325564939711,SCSA-STATE_ART-SCSA_PLUS_V3,4,1.6418753577979033,SCSA-STATE_ART,4,SCSA
11,SCSA-STATE_ART,1331741612402237443,9,4,0.2669490359302921,SCSA-STATE_ART-SCSA_PLUS_V3,9,0.5624473610952869,SCSA-STATE_ART,0,SCSA
11,SCSA-STATE_ART,1331741612402237443,9,4,0.2669490359302921,SCSA-STATE_ART-SCSA_PLUS_V3,10,0.5624473610952869,SCSA-STATE_ART,-1,SCSA
11,SCSA-STATE_ART,1331741612402237443,10,2,0.2669490359302921,SCSA-STATE_ART-SCSA_PLUS_V3,9,0.5624473610952869,SCSA-STATE_ART,1,SCSA
11,SCSA-STATE_ART,1331741612402237443,10,2,0.2669490359302921,SCSA-STATE_ART-SCSA_PLUS_V3,10,0.5624473610952869,SCSA-STATE_ART,0,SCSA
12,SCSA-STATE_ART,1360286991011639302,1,5,-0.15276467557114853,SCSA-STATE_ART-SCSA_PLUS_V3,5,1.0307427218571363,SCSA-STATE_ART,-4,SCSA
12,SCSA-STATE_ART,1367532398825648130,2,5,-0.16121993792220848,SCSA-STATE_ART-SCSA_PLUS_V3,10,-0.8426549645049464,SCSA-STATE_ART,-8,SCSA
12,SCSA-STATE_ART,1326033569555181568,3,2,-0.16176880523581905,SCSA-STATE_ART-SCSA_PLUS_V3,9,-0.3486734009795706,SCSA-STATE_ART,-6,SCSA
12,SCSA-STATE_ART,1365812811721543685,4,3,-0.16214249633973823,SCSA-STATE_ART-SCSA_PLUS_V3,3,7.077403036396339,SCSA-STATE_ART,1,SCSA
12,SCSA-STATE_ART,1356255352145272832,5,5,-0.16226691210726413,SCSA-STATE_ART-SCSA_PLUS_V3,8,0.013096433422301454,SCSA-STATE_ART,-3,SCSA
12,SCSA-STATE_ART,1354807067232489475,6,5,-0.16228781583418495,SCSA-STATE_ART-SCSA_PLUS_V3,7,0.10804807975063462,SCSA-STATE_ART,-1,SCSA
12,SCSA-STATE_ART,1334873913210380298,7,5,-0.1623400502829117,SCSA-STATE_ART-SCSA_PLUS_V3,6,0.6751880448278276,SCSA-STATE_ART,1,SCSA
12,SCSA-STATE_ART,1365811680815554560,8,3,-0.1623518282442769,SCSA-STATE_ART-SCSA_PLUS_V3,1,9.350111717968842,SCSA-STATE_ART,7,SCSA
12,SCSA-STATE_ART,1365784358217523201,9,3,-0.16255381942680683,SCSA-STATE_ART-SCSA_PLUS_V3,2,8.99105455073869,SCSA-STATE_ART,7,SCSA
12,SCSA-STATE_ART,1334130051554668547,10,5,-0.1629176563950277,SCSA-STATE_ART-SCSA_PLUS_V3,4,1.3855064115443048,SCSA-STATE_ART,6,SCSA
13,SCSA-STATE_ART,1364607745270423556,1,4,0.15814341714407787,SCSA-STATE_ART-SCSA_PLUS_V3,6,-0.6917746542144274,SCSA-STATE_ART,-5,SCSA
13,SCSA-STATE_ART,1337077938076979205,2,3,-0.1514914697726787,SCSA-STATE_ART-SCSA_PLUS_V3,2,1.088804073713282,SCSA-STATE_ART,0,SCSA
13,SCSA-STATE_ART,1367882927384768524,3,4,-0.15329852445505293,SCSA-STATE_ART-SCSA_PLUS_V3,10,-1.5710434219908604,SCSA-STATE_ART,-7,SCSA
13,SCSA-STATE_ART,1336793663792406530,4,4,-0.15899590429959662,SCSA-STATE_ART-SCSA_PLUS_V3,1,2.6714144202875567,SCSA-STATE_ART,3,SCSA
13,SCSA-STATE_ART,1336596712857743361,5,1,-0.16087383216849266,SCSA-STATE_ART-SCSA_PLUS_V3,4,0.36318511055724345,SCSA-STATE_ART,1,SCSA
13,SCSA-STATE_ART,1354565152939544576,6,1,-0.1617418991725094,SCSA-STATE_ART-SCSA_PLUS_V3,3,0.5293717744477001,SCSA-STATE_ART,3,SCSA
13,SCSA-STATE_ART,1369386818169372680,7,5,-0.16196945948694028,SCSA-STATE_ART-SCSA_PLUS_V3,9,-1.334465068837602,SCSA-STATE_ART,-2,SCSA
13,SCSA-STATE_ART,1369383214062665731,8,2,-0.1619771478345075,SCSA-STATE_ART-SCSA_PLUS_V3,8,-1.2026740193686212,SCSA-STATE_ART,0,SCSA
13,SCSA-STATE_ART,1369337343270862853,9,1,-0.16230574715285712,SCSA-STATE_ART-SCSA_PLUS_V3,7,-0.7378555336148017,SCSA-STATE_ART,2,SCSA
13,SCSA-STATE_ART,1369372321736232963,10,1,-0.1623682998941281,SCSA-STATE_ART-SCSA_PLUS_V3,5,0.07742471896033629,SCSA-STATE_ART,5,SCSA
15,SCSA-STATE_ART,1364664823984779267,1,4,-0.08505591236422134,SCSA-STATE_ART-SCSA_PLUS_V3,2,2.201653243197635,SCSA-STATE_ART,-1,SCSA
15,SCSA-STATE_ART,1368297763524448256,2,3,-0.08835546243868034,SCSA-STATE_ART-SCSA_PLUS_V3,7,0.8852252235484414,SCSA-STATE_ART,-5,SCSA
15,SCSA-STATE_ART,1317810926133874689,3,4,-0.12918411232001803,SCSA-STATE_ART-SCSA_PLUS_V3,5,1.5263867724606535,SCSA-STATE_ART,-2,SCSA
15,SCSA-STATE_ART,1366380504736534529,4,4,-0.1406106114477888,SCSA-STATE_ART-SCSA_PLUS_V3,10,-0.6392436616745011,SCSA-STATE_ART,-6,SCSA
15,SCSA-STATE_ART,1360286991011639302,5,3,-0.15276467557114853,SCSA-STATE_ART-SCSA_PLUS_V3,6,1.0307427218571363,SCSA-STATE_ART,-1,SCSA
15,SCSA-STATE_ART,1359941706951524353,6,3,-0.15816124696838108,SCSA-STATE_ART-SCSA_PLUS_V3,3,1.7627686792230273,SCSA-STATE_ART,3,SCSA
15,SCSA-STATE_ART,1318667750408036352,7,3,-0.15914967195903287,SCSA-STATE_ART-SCSA_PLUS_V3,9,-0.13230145469562932,SCSA-STATE_ART,-2,SCSA
15,SCSA-STATE_ART,1349743109832372225,8,4,-0.1617186298039415,SCSA-STATE_ART-SCSA_PLUS_V3,1,2.8209381409469247,SCSA-STATE_ART,7,SCSA
15,SCSA-STATE_ART,1354565152939544576,9,5,-0.1617418991725094,SCSA-STATE_ART-SCSA_PLUS_V3,8,0.5293717744477001,SCSA-STATE_ART,1,SCSA
15,SCSA-STATE_ART,1283518830950510593,10,4,-0.1621187040011568,SCSA-STATE_ART-SCSA_PLUS_V3,4,1.7155672291830406,SCSA-STATE_ART,6,SCSA
16,SCSA-STATE_ART,1368561200754270210,1,1,0.38100997072506226,SCSA-STATE_ART-SCSA_PLUS_V3,9,-0.5872673388055657,SCSA-STATE_ART,-8,SCSA
16,SCSA-STATE_ART,1366232555037462531,2,3,0.16494129552663925,SCSA-STATE_ART-SCSA_PLUS_V3,1,2.4066859821491637,SCSA-STATE_ART,1,SCSA
16,SCSA-STATE_ART,1319343716801236992,3,5,-0.14673009956013566,SCSA-STATE_ART-SCSA_PLUS_V3,5,-0.1767731835649707,SCSA-STATE_ART,-2,SCSA
16,SCSA-STATE_ART,1367531774012751878,4,1,-0.15555461865822937,SCSA-STATE_ART-SCSA_PLUS_V3,6,-0.3312698622900431,SCSA-STATE_ART,-2,SCSA
16,SCSA-STATE_ART,1368933410085945345,5,1,-0.158241675314955,SCSA-STATE_ART-SCSA_PLUS_V3,10,-0.8245235739816595,SCSA-STATE_ART,-5,SCSA
16,SCSA-STATE_ART,1345510484213075968,6,1,-0.16148089480623054,SCSA-STATE_ART-SCSA_PLUS_V3,8,-0.5505627448356328,SCSA-STATE_ART,-2,SCSA
16,SCSA-STATE_ART,1326736922199257089,7,1,-0.1615990631356641,SCSA-STATE_ART-SCSA_PLUS_V3,3,0.6018545800708728,SCSA-STATE_ART,4,SCSA
16,SCSA-STATE_ART,1368584215403655171,8,1,-0.16250993603289163,SCSA-STATE_ART-SCSA_PLUS_V3,4,0.5599962101352517,SCSA-STATE_ART,4,SCSA
16,SCSA-STATE_ART,1367649223601238016,9,1,-0.162515760155467,SCSA-STATE_ART-SCSA_PLUS_V3,2,0.6817769041663367,SCSA-STATE_ART,7,SCSA
16,SCSA-STATE_ART,1367170047081402380,10,1,-0.1626959818520871,SCSA-STATE_ART-SCSA_PLUS_V3,7,-0.35459981167226234,SCSA-STATE_ART,3,SCSA
17,SCSA-STATE_ART,1364607745270423556,1,5,0.15814341714407787,SCSA-STATE_ART-SCSA_PLUS_V3,6,-0.6917746542144274,SCSA-STATE_ART,-5,SCSA
17,SCSA-STATE_ART,1337077938076979205,2,2,-0.1514914697726787,SCSA-STATE_ART-SCSA_PLUS_V3,2,1.088804073713282,SCSA-STATE_ART,0,SCSA
17,SCSA-STATE_ART,1367882927384768524,3,3,-0.15329852445505293,SCSA-STATE_ART-SCSA_PLUS_V3,10,-1.5710434219908604,SCSA-STATE_ART,-7,SCSA
17,SCSA-STATE_ART,1336793663792406530,4,2,-0.15899590429959662,SCSA-STATE_ART-SCSA_PLUS_V3,1,2.6714144202875567,SCSA-STATE_ART,3,SCSA
17,SCSA-STATE_ART,1336596712857743361,5,1,-0.16087383216849266,SCSA-STATE_ART-SCSA_PLUS_V3,4,0.36318511055724345,SCSA-STATE_ART,1,SCSA
17,SCSA-STATE_ART,1354565152939544576,6,1,-0.1617418991725094,SCSA-STATE_ART-SCSA_PLUS_V3,3,0.5293717744477001,SCSA-STATE_ART,3,SCSA
17,SCSA-STATE_ART,1369386818169372680,7,2,-0.16196945948694028,SCSA-STATE_ART-SCSA_PLUS_V3,9,-1.334465068837602,SCSA-STATE_ART,-2,SCSA
17,SCSA-STATE_ART,1369383214062665731,8,2,-0.1619771478345075,SCSA-STATE_ART-SCSA_PLUS_V3,8,-1.2026740193686212,SCSA-STATE_ART,0,SCSA
17,SCSA-STATE_ART,1369337343270862853,9,1,-0.16230574715285712,SCSA-STATE_ART-SCSA_PLUS_V3,7,-0.7378555336148017,SCSA-STATE_ART,2,SCSA
17,SCSA-STATE_ART,1369372321736232963,10,2,-0.1623682998941281,SCSA-STATE_ART-SCSA_PLUS_V3,5,0.07742471896033629,SCSA-STATE_ART,5,SCSA
18,SCSA-STATE_ART,1339525827118194689,1,4,-0.03887995582502068,SCSA-STATE_ART-SCSA_PLUS_V3,8,0.21521418030591352,SCSA-STATE_ART,-7,SCSA
18,SCSA-STATE_ART,1182112257708306433,2,2,-0.04383045009819281,SCSA-STATE_ART-SCSA_PLUS_V3,9,-0.16049419338306353,SCSA-STATE_ART,-7,SCSA
18,SCSA-STATE_ART,1368297763524448256,3,2,-0.08835546243868034,SCSA-STATE_ART-SCSA_PLUS_V3,5,0.8852252235484414,SCSA-STATE_ART,-2,SCSA
18,SCSA-STATE_ART,1358569998885785609,4,1,-0.12286192243370794,SCSA-STATE_ART-SCSA_PLUS_V3,6,0.424484955335201,SCSA-STATE_ART,-2,SCSA
18,SCSA-STATE_ART,1366380504736534529,5,2,-0.1406106114477888,SCSA-STATE_ART-SCSA_PLUS_V3,10,-0.6392436616745011,SCSA-STATE_ART,-5,SCSA
18,SCSA-STATE_ART,1360286991011639302,6,1,-0.15276467557114853,SCSA-STATE_ART-SCSA_PLUS_V3,4,1.0307427218571363,SCSA-STATE_ART,2,SCSA
18,SCSA-STATE_ART,1359941706951524353,7,1,-0.15816124696838108,SCSA-STATE_ART-SCSA_PLUS_V3,3,1.7627686792230273,SCSA-STATE_ART,4,SCSA
18,SCSA-STATE_ART,1349743109832372225,8,1,-0.1617186298039415,SCSA-STATE_ART-SCSA_PLUS_V3,1,2.8209381409469247,SCSA-STATE_ART,7,SCSA
18,SCSA-STATE_ART,1362127981234188288,9,3,-0.16245315686916328,SCSA-STATE_ART-SCSA_PLUS_V3,7,0.42074620027742793,SCSA-STATE_ART,2,SCSA
18,SCSA-STATE_ART,1354118501653483523,10,1,-0.1626934571397117,SCSA-STATE_ART-SCSA_PLUS_V3,2,2.044728839831383,SCSA-STATE_ART,8,SCSA
19,SCSA-STATE_ART,1369441382973272064,1,3,-0.14736864841342553,SCSA-STATE_ART-SCSA_PLUS_V3,7,-1.523554971359398,SCSA-STATE_ART,-6,SCSA
19,SCSA-STATE_ART,1369495249417101312,2,4,-0.14994155545922294,SCSA-STATE_ART-SCSA_PLUS_V3,9,-2.9597096331748514,SCSA-STATE_ART,-7,SCSA
19,SCSA-STATE_ART,1369015794248671233,3,4,-0.16113379848586523,SCSA-STATE_ART-SCSA_PLUS_V3,8,-1.6838089616990273,SCSA-STATE_ART,-5,SCSA
19,SCSA-STATE_ART,1369355243406954501,4,4,-0.16119039123784681,SCSA-STATE_ART-SCSA_PLUS_V3,4,-0.7380823695008286,SCSA-STATE_ART,0,SCSA
19,SCSA-STATE_ART,1369395335769038849,5,4,-0.16179179271649785,SCSA-STATE_ART-SCSA_PLUS_V3,6,-1.3015155120441153,SCSA-STATE_ART,-1,SCSA
19,SCSA-STATE_ART,1369315042236174343,6,4,-0.16204525126394473,SCSA-STATE_ART-SCSA_PLUS_V3,10,-3.639470760120057,SCSA-STATE_ART,-4,SCSA
19,SCSA-STATE_ART,1364851499042537474,7,4,-0.16221524869930015,SCSA-STATE_ART-SCSA_PLUS_V3,5,-0.9737132945934601,SCSA-STATE_ART,2,SCSA
19,SCSA-STATE_ART,1353672852747284480,8,4,-0.16236036771834148,SCSA-STATE_ART-SCSA_PLUS_V3,2,-0.14917337648383971,SCSA-STATE_ART,6,SCSA
19,SCSA-STATE_ART,1352554075657801732,9,4,-0.16254188299511702,SCSA-STATE_ART-SCSA_PLUS_V3,3,-0.4659285255426969,SCSA-STATE_ART,6,SCSA
19,SCSA-STATE_ART,1352937076669476864,10,4,-0.16285043917309297,SCSA-STATE_ART-SCSA_PLUS_V3,1,0.4804274370142707,SCSA-STATE_ART,9,SCSA
20,SCSA-STATE_ART,1368561200754270210,1,4,0.38100997072506226,SCSA-STATE_ART-SCSA_PLUS_V3,8,-0.5872673388055657,SCSA-STATE_ART,-7,SCSA
20,SCSA-STATE_ART,1339525827118194689,2,1,-0.03887995582502068,SCSA-STATE_ART-SCSA_PLUS_V3,4,0.21521418030591352,SCSA-STATE_ART,-2,SCSA
20,SCSA-STATE_ART,1367497561645457427,3,1,-0.12649337531736587,SCSA-STATE_ART-SCSA_PLUS_V3,5,0.12966280762045687,SCSA-STATE_ART,-2,SCSA
20,SCSA-STATE_ART,1361046993158692866,4,1,-0.14924817255877695,SCSA-STATE_ART-SCSA_PLUS_V3,9,-0.7281489316028963,SCSA-STATE_ART,-5,SCSA
20,SCSA-STATE_ART,1362196066431627265,5,1,-0.1519540540161951,SCSA-STATE_ART-SCSA_PLUS_V3,3,0.3054419606674876,SCSA-STATE_ART,2,SCSA
20,SCSA-STATE_ART,1368760443498532864,6,2,-0.15946241638005518,SCSA-STATE_ART-SCSA_PLUS_V3,2,0.47805189109181506,SCSA-STATE_ART,4,SCSA
20,SCSA-STATE_ART,1364697022847209478,7,1,-0.16042395551412714,SCSA-STATE_ART-SCSA_PLUS_V3,1,0.8433138078902067,SCSA-STATE_ART,6,SCSA
20,SCSA-STATE_ART,1367496989215248388,8,2,-0.1607300799151481,SCSA-STATE_ART-SCSA_PLUS_V3,6,-0.191740599063149,SCSA-STATE_ART,2,SCSA
20,SCSA-STATE_ART,1369458171467591683,9,5,-0.1620526925449209,SCSA-STATE_ART-SCSA_PLUS_V3,10,-1.6653362026071827,SCSA-STATE_ART,-1,SCSA
20,SCSA-STATE_ART,1368777274506571779,10,1,-0.16232276360057277,SCSA-STATE_ART-SCSA_PLUS_V3,7,-0.4039716245589416,SCSA-STATE_ART,3,SCSA
21,SCSA-STATE_ART,1364607745270423556,1,1,0.15814341714407787,SCSA-STATE_ART-SCSA_PLUS_V3,8,-0.6917746542144274,SCSA-STATE_ART,-7,SCSA
21,SCSA-STATE_ART,1337077938076979205,2,1,-0.1514914697726787,SCSA-STATE_ART-SCSA_PLUS_V3,4,1.088804073713282,SCSA-STATE_ART,-2,SCSA
21,SCSA-STATE_ART,1367894335233142789,3,3,-0.15839433111823875,SCSA-STATE_ART-SCSA_PLUS_V3,10,-1.7989287136111398,SCSA-STATE_ART,-7,SCSA
21,SCSA-STATE_ART,1336793663792406530,4,3,-0.15899590429959662,SCSA-STATE_ART-SCSA_PLUS_V3,1,2.6714144202875567,SCSA-STATE_ART,3,SCSA
21,SCSA-STATE_ART,1363941648812675075,5,4,-0.1600253654296599,SCSA-STATE_ART-SCSA_PLUS_V3,7,-0.40614885358431063,SCSA-STATE_ART,-2,SCSA
21,SCSA-STATE_ART,1369383214062665731,6,1,-0.1619771478345075,SCSA-STATE_ART-SCSA_PLUS_V3,9,-1.2026740193686212,SCSA-STATE_ART,-3,SCSA
21,SCSA-STATE_ART,1368286394792046596,7,1,-0.162271572345154,SCSA-STATE_ART-SCSA_PLUS_V3,6,-0.2562375596577508,SCSA-STATE_ART,1,SCSA
21,SCSA-STATE_ART,1365327872643260420,8,1,-0.1623579599275923,SCSA-STATE_ART-SCSA_PLUS_V3,3,1.9736484846794227,SCSA-STATE_ART,5,SCSA
21,SCSA-STATE_ART,1354118501653483523,9,2,-0.1626934571397117,SCSA-STATE_ART-SCSA_PLUS_V3,2,2.044728839831383,SCSA-STATE_ART,7,SCSA
21,SCSA-STATE_ART,1367315410106736640,10,1,-0.1629176563950277,SCSA-STATE_ART-SCSA_PLUS_V3,5,0.5127916549478541,SCSA-STATE_ART,5,SCSA
22,SCSA-STATE_ART,1369441796925886465,1,4,-0.15743537047928802,SCSA-STATE_ART-SCSA_PLUS_V3,10,-2.038859345145162,SCSA-STATE_ART,-9,SCSA
22,SCSA-STATE_ART,1369017812165881859,2,2,-0.1582114667319785,SCSA-STATE_ART-SCSA_PLUS_V3,4,0.46107479684012687,SCSA-STATE_ART,-2,SCSA
22,SCSA-STATE_ART,1367894335233142789,3,5,-0.15839433111823875,SCSA-STATE_ART-SCSA_PLUS_V3,9,-1.7989287136111398,SCSA-STATE_ART,-6,SCSA
22,SCSA-STATE_ART,1363941648812675075,4,5,-0.1600253654296599,SCSA-STATE_ART-SCSA_PLUS_V3,7,-0.40614885358431063,SCSA-STATE_ART,-3,SCSA
22,SCSA-STATE_ART,1367912923641737216,5,4,-0.16052254522173293,SCSA-STATE_ART-SCSA_PLUS_V3,8,-0.5414017634726082,SCSA-STATE_ART,-3,SCSA
22,SCSA-STATE_ART,1367930915733835777,6,5,-0.1610679610426875,SCSA-STATE_ART-SCSA_PLUS_V3,5,-0.14585489420627865,SCSA-STATE_ART,1,SCSA
22,SCSA-STATE_ART,1368286394792046596,7,2,-0.162271572345154,SCSA-STATE_ART-SCSA_PLUS_V3,6,-0.2562375596577508,SCSA-STATE_ART,1,SCSA
22,SCSA-STATE_ART,1367604109113655297,8,3,-0.16257688954591829,SCSA-STATE_ART-SCSA_PLUS_V3,2,0.7750237539492242,SCSA-STATE_ART,6,SCSA
22,SCSA-STATE_ART,1369034842222985216,9,5,-0.16285972135834859,SCSA-STATE_ART-SCSA_PLUS_V3,1,1.3579494760277242,SCSA-STATE_ART,8,SCSA
22,SCSA-STATE_ART,1367315410106736640,10,1,-0.1629176563950277,SCSA-STATE_ART-SCSA_PLUS_V3,3,0.5127916549478541,SCSA-STATE_ART,7,SCSA
23,SCSA-STATE_ART,1351920546011893761,1,3,1.3654915218742583,SCSA-STATE_ART-SCSA_PLUS_V3,6,0.6898963199435365,SCSA-STATE_ART,-5,SCSA
23,SCSA-STATE_ART,1365416645624143873,2,3,1.352063197003944,SCSA-STATE_ART-SCSA_PLUS_V3,1,2.4717959298546774,SCSA-STATE_ART,1,SCSA
23,SCSA-STATE_ART,1337463904566456320,3,3,1.2925489724102472,SCSA-STATE_ART-SCSA_PLUS_V3,3,1.246704028276814,SCSA-STATE_ART,0,SCSA
23,SCSA-STATE_ART,1358843677582401536,4,3,0.9431325564939711,SCSA-STATE_ART-SCSA_PLUS_V3,2,1.6418753577979033,SCSA-STATE_ART,2,SCSA
23,SCSA-STATE_ART,1331741612402237443,5,3,0.2669490359302921,SCSA-STATE_ART-SCSA_PLUS_V3,7,0.5624473610952869,SCSA-STATE_ART,-2,SCSA
23,SCSA-STATE_ART,1358843515149504514,6,3,0.18714062376005267,SCSA-STATE_ART-SCSA_PLUS_V3,5,0.8316723299406994,SCSA-STATE_ART,1,SCSA
23,SCSA-STATE_ART,1331744604891344896,7,3,0.16271656809978113,SCSA-STATE_ART-SCSA_PLUS_V3,8,0.17528638066983188,SCSA-STATE_ART,-1,SCSA
23,SCSA-STATE_ART,1353502767352926208,8,3,-0.08581479228989936,SCSA-STATE_ART-SCSA_PLUS_V3,9,-0.053388971030963905,SCSA-STATE_ART,-1,SCSA
23,SCSA-STATE_ART,1290659734639521798,9,3,-0.09388391124280858,SCSA-STATE_ART-SCSA_PLUS_V3,10,-0.2535422406601806,SCSA-STATE_ART,-1,SCSA
23,SCSA-STATE_ART,1357375687967997959,10,3,-0.1322147295008666,SCSA-STATE_ART-SCSA_PLUS_V3,4,1.1651198867786141,SCSA-STATE_ART,6,SCSA
24,SCSA-STATE_ART,1337077938076979205,1,3,-0.1514914697726787,SCSA-STATE_ART-SCSA_PLUS_V3,3,1.088804073713282,SCSA-STATE_ART,-2,SCSA
24,SCSA-STATE_ART,1367882927384768524,2,5,-0.15329852445505293,SCSA-STATE_ART-SCSA_PLUS_V3,10,-1.5710434219908604,SCSA-STATE_ART,-8,SCSA
24,SCSA-STATE_ART,1336793663792406530,3,5,-0.15899590429959662,SCSA-STATE_ART-SCSA_PLUS_V3,1,2.6714144202875567,SCSA-STATE_ART,2,SCSA
24,SCSA-STATE_ART,1336596712857743361,4,3,-0.16087383216849266,SCSA-STATE_ART-SCSA_PLUS_V3,4,0.36318511055724345,SCSA-STATE_ART,0,SCSA
24,SCSA-STATE_ART,1365320876510560258,5,5,-0.1618194753125917,SCSA-STATE_ART-SCSA_PLUS_V3,2,1.9819255746385516,SCSA-STATE_ART,3,SCSA
24,SCSA-STATE_ART,1369386818169372680,6,3,-0.16196945948694028,SCSA-STATE_ART-SCSA_PLUS_V3,9,-1.334465068837602,SCSA-STATE_ART,-3,SCSA
24,SCSA-STATE_ART,1369383214062665731,7,3,-0.1619771478345075,SCSA-STATE_ART-SCSA_PLUS_V3,8,-1.2026740193686212,SCSA-STATE_ART,-1,SCSA
24,SCSA-STATE_ART,1369307525489844228,8,2,-0.16209495315586772,SCSA-STATE_ART-SCSA_PLUS_V3,6,-0.024534822767984677,SCSA-STATE_ART,2,SCSA
24,SCSA-STATE_ART,1369337343270862853,9,4,-0.16230574715285712,SCSA-STATE_ART-SCSA_PLUS_V3,7,-0.7378555336148017,SCSA-STATE_ART,2,SCSA
24,SCSA-STATE_ART,1369372321736232963,10,4,-0.1623682998941281,SCSA-STATE_ART-SCSA_PLUS_V3,5,0.07742471896033629,SCSA-STATE_ART,5,SCSA
25,SCSA-STATE_ART,1369441382973272064,1,5,-0.14736864841342553,SCSA-STATE_ART-SCSA_PLUS_V3,6,-1.523554971359398,SCSA-STATE_ART,-5,SCSA
25,SCSA-STATE_ART,1369495249417101312,2,5,-0.14994155545922294,SCSA-STATE_ART-SCSA_PLUS_V3,10,-2.9597096331748514,SCSA-STATE_ART,-8,SCSA
25,SCSA-STATE_ART,1369226601972563972,3,4,-0.16125601151625013,SCSA-STATE_ART-SCSA_PLUS_V3,5,-1.452492026134038,SCSA-STATE_ART,-2,SCSA
25,SCSA-STATE_ART,1368622654870192131,4,4,-0.16142646892113027,SCSA-STATE_ART-SCSA_PLUS_V3,3,-0.8266309529068743,SCSA-STATE_ART,1,SCSA
25,SCSA-STATE_ART,1369438033892806663,5,4,-0.1614420235489199,SCSA-STATE_ART-SCSA_PLUS_V3,7,-1.5743066733298112,SCSA-STATE_ART,-2,SCSA
25,SCSA-STATE_ART,1369619124318580736,6,4,-0.16155752799471415,SCSA-STATE_ART-SCSA_PLUS_V3,8,-1.6646792448280587,SCSA-STATE_ART,-2,SCSA
25,SCSA-STATE_ART,1369458171467591683,7,5,-0.1620526925449209,SCSA-STATE_ART-SCSA_PLUS_V3,9,-1.6653362026071827,SCSA-STATE_ART,-2,SCSA
25,SCSA-STATE_ART,1364851499042537474,8,5,-0.16221524869930015,SCSA-STATE_ART-SCSA_PLUS_V3,4,-0.9737132945934601,SCSA-STATE_ART,4,SCSA
25,SCSA-STATE_ART,1352554075657801732,9,2,-0.16254188299511702,SCSA-STATE_ART-SCSA_PLUS_V3,2,-0.4659285255426969,SCSA-STATE_ART,7,SCSA
25,SCSA-STATE_ART,1352937076669476864,10,4,-0.16285043917309297,SCSA-STATE_ART-SCSA_PLUS_V3,1,0.4804274370142707,SCSA-STATE_ART,9,SCSA
26,SCSA-STATE_ART,1321455751567532032,1,3,-0.06056330978192362,SCSA-STATE_ART-SCSA_PLUS_V3,2,0.309182033188763,SCSA-STATE_ART,-1,SCSA
26,SCSA-STATE_ART,1333873034114064385,2,3,-0.10490736571346042,SCSA-STATE_ART-SCSA_PLUS_V3,4,0.13362266922772295,SCSA-STATE_ART,-2,SCSA
26,SCSA-STATE_ART,1320142365038817281,3,3,-0.11130999141045847,SCSA-STATE_ART-SCSA_PLUS_V3,5,-0.26444635194562044,SCSA-STATE_ART,-2,SCSA
26,SCSA-STATE_ART,1338592930022363139,4,3,-0.1462227479128133,SCSA-STATE_ART-SCSA_PLUS_V3,8,-0.9213822114451771,SCSA-STATE_ART,-4,SCSA
26,SCSA-STATE_ART,1359932980974657536,5,4,-0.15478179878195203,SCSA-STATE_ART-SCSA_PLUS_V3,1,1.4447248577000005,SCSA-STATE_ART,4,SCSA
26,SCSA-STATE_ART,1362069293790162946,6,4,-0.15775414054742581,SCSA-STATE_ART-SCSA_PLUS_V3,3,0.18921145095492575,SCSA-STATE_ART,3,SCSA
26,SCSA-STATE_ART,1369226601972563972,7,3,-0.16125601151625013,SCSA-STATE_ART-SCSA_PLUS_V3,9,-1.452492026134038,SCSA-STATE_ART,-2,SCSA
26,SCSA-STATE_ART,1368622654870192131,8,3,-0.16142646892113027,SCSA-STATE_ART-SCSA_PLUS_V3,7,-0.8266309529068743,SCSA-STATE_ART,1,SCSA
26,SCSA-STATE_ART,1369458171467591683,9,4,-0.1620526925449209,SCSA-STATE_ART-SCSA_PLUS_V3,10,-1.6653362026071827,SCSA-STATE_ART,-1,SCSA
26,SCSA-STATE_ART,1352554075657801732,10,1,-0.16254188299511702,SCSA-STATE_ART-SCSA_PLUS_V3,6,-0.4659285255426969,SCSA-STATE_ART,4,SCSA
27,SCSA-STATE_ART,1369441382973272064,1,5,-0.14736864841342553,SCSA-STATE_ART-SCSA_PLUS_V3,6,-1.523554971359398,SCSA-STATE_ART,-5,SCSA
27,SCSA-STATE_ART,1369495249417101312,2,4,-0.14994155545922294,SCSA-STATE_ART-SCSA_PLUS_V3,10,-2.9597096331748514,SCSA-STATE_ART,-8,SCSA
27,SCSA-STATE_ART,1369226601972563972,3,5,-0.16125601151625013,SCSA-STATE_ART-SCSA_PLUS_V3,5,-1.452492026134038,SCSA-STATE_ART,-2,SCSA
27,SCSA-STATE_ART,1368622654870192131,4,5,-0.16142646892113027,SCSA-STATE_ART-SCSA_PLUS_V3,3,-0.8266309529068743,SCSA-STATE_ART,1,SCSA
27,SCSA-STATE_ART,1369438033892806663,5,4,-0.1614420235489199,SCSA-STATE_ART-SCSA_PLUS_V3,7,-1.5743066733298112,SCSA-STATE_ART,-2,SCSA
27,SCSA-STATE_ART,1369619124318580736,6,4,-0.16155752799471415,SCSA-STATE_ART-SCSA_PLUS_V3,8,-1.6646792448280587,SCSA-STATE_ART,-2,SCSA
27,SCSA-STATE_ART,1369458171467591683,7,5,-0.1620526925449209,SCSA-STATE_ART-SCSA_PLUS_V3,9,-1.6653362026071827,SCSA-STATE_ART,-2,SCSA
27,SCSA-STATE_ART,1364851499042537474,8,4,-0.16221524869930015,SCSA-STATE_ART-SCSA_PLUS_V3,4,-0.9737132945934601,SCSA-STATE_ART,4,SCSA
27,SCSA-STATE_ART,1352554075657801732,9,5,-0.16254188299511702,SCSA-STATE_ART-SCSA_PLUS_V3,2,-0.4659285255426969,SCSA-STATE_ART,7,SCSA
27,SCSA-STATE_ART,1352937076669476864,10,4,-0.16285043917309297,SCSA-STATE_ART-SCSA_PLUS_V3,1,0.4804274370142707,SCSA-STATE_ART,9,SCSA
28,SCSA-STATE_ART,1364607745270423556,1,1,0.15814341714407787,SCSA-STATE_ART-SCSA_PLUS_V3,6,-0.6917746542144274,SCSA-STATE_ART,-5,SCSA
28,SCSA-STATE_ART,1339525827118194689,2,3,-0.03887995582502068,SCSA-STATE_ART-SCSA_PLUS_V3,4,0.21521418030591352,SCSA-STATE_ART,-2,SCSA
28,SCSA-STATE_ART,1337077938076979205,3,1,-0.1514914697726787,SCSA-STATE_ART-SCSA_PLUS_V3,2,1.088804073713282,SCSA-STATE_ART,1,SCSA
28,SCSA-STATE_ART,1367882927384768524,4,5,-0.15329852445505293,SCSA-STATE_ART-SCSA_PLUS_V3,10,-1.5710434219908604,SCSA-STATE_ART,-6,SCSA
28,SCSA-STATE_ART,1336793663792406530,5,2,-0.15899590429959662,SCSA-STATE_ART-SCSA_PLUS_V3,1,2.6714144202875567,SCSA-STATE_ART,4,SCSA
28,SCSA-STATE_ART,1369386818169372680,6,1,-0.16196945948694028,SCSA-STATE_ART-SCSA_PLUS_V3,9,-1.334465068837602,SCSA-STATE_ART,-3,SCSA
28,SCSA-STATE_ART,1369383214062665731,7,1,-0.1619771478345075,SCSA-STATE_ART-SCSA_PLUS_V3,8,-1.2026740193686212,SCSA-STATE_ART,-1,SCSA
28,SCSA-STATE_ART,1363551492486008834,8,1,-0.1622242890101785,SCSA-STATE_ART-SCSA_PLUS_V3,3,0.5229277309207143,SCSA-STATE_ART,5,SCSA
28,SCSA-STATE_ART,1369337343270862853,9,1,-0.16230574715285712,SCSA-STATE_ART-SCSA_PLUS_V3,7,-0.7378555336148017,SCSA-STATE_ART,2,SCSA
28,SCSA-STATE_ART,1369372321736232963,10,1,-0.1623682998941281,SCSA-STATE_ART-SCSA_PLUS_V3,5,0.07742471896033629,SCSA-STATE_ART,5,SCSA
29,SCSA-STATE_ART,1337022746824499203,1,4,1.522513486320188,SCSA-STATE_ART-SCSA_PLUS_V3,1,3.93677533228313,SCSA-STATE_ART,0,SCSA
29,SCSA-STATE_ART,1351920546011893761,2,3,1.3654915218742583,SCSA-STATE_ART-SCSA_PLUS_V3,5,0.6898963199435365,SCSA-STATE_ART,-3,SCSA
29,SCSA-STATE_ART,1365416645624143873,3,3,1.352063197003944,SCSA-STATE_ART-SCSA_PLUS_V3,2,2.4717959298546774,SCSA-STATE_ART,1,SCSA
29,SCSA-STATE_ART,1337463904566456320,4,3,1.2925489724102472,SCSA-STATE_ART-SCSA_PLUS_V3,4,1.246704028276814,SCSA-STATE_ART,0,SCSA
29,SCSA-STATE_ART,1353502767352926208,5,3,-0.08581479228989936,SCSA-STATE_ART-SCSA_PLUS_V3,7,-0.053388971030963905,SCSA-STATE_ART,-2,SCSA
29,SCSA-STATE_ART,1367894335233142789,6,4,-0.15839433111823875,SCSA-STATE_ART-SCSA_PLUS_V3,10,-1.7989287136111398,SCSA-STATE_ART,-4,SCSA
29,SCSA-STATE_ART,1363941648812675075,7,4,-0.1600253654296599,SCSA-STATE_ART-SCSA_PLUS_V3,8,-0.40614885358431063,SCSA-STATE_ART,-1,SCSA
29,SCSA-STATE_ART,1367947939579006979,8,5,-0.16007096412379945,SCSA-STATE_ART-SCSA_PLUS_V3,9,-0.8898654880303295,SCSA-STATE_ART,-1,SCSA
29,SCSA-STATE_ART,1367946026674352134,9,4,-0.16240198778797424,SCSA-STATE_ART-SCSA_PLUS_V3,6,0.39118851181983516,SCSA-STATE_ART,3,SCSA
29,SCSA-STATE_ART,1366443197166096385,10,5,-0.1624720926413561,SCSA-STATE_ART-SCSA_PLUS_V3,3,1.2734719164092647,SCSA-STATE_ART,7,SCSA
30,SCSA-STATE_ART,1369017812165881859,1,3,-0.1582114667319785,SCSA-STATE_ART-SCSA_PLUS_V3,4,0.46107479684012687,SCSA-STATE_ART,-3,SCSA
30,SCSA-STATE_ART,1367894335233142789,2,4,-0.15839433111823875,SCSA-STATE_ART-SCSA_PLUS_V3,10,-1.7989287136111398,SCSA-STATE_ART,-8,SCSA
30,SCSA-STATE_ART,1363941648812675075,3,5,-0.1600253654296599,SCSA-STATE_ART-SCSA_PLUS_V3,7,-0.40614885358431063,SCSA-STATE_ART,-4,SCSA
30,SCSA-STATE_ART,1367912923641737216,4,4,-0.16052254522173293,SCSA-STATE_ART-SCSA_PLUS_V3,8,-0.5414017634726082,SCSA-STATE_ART,-4,SCSA
30,SCSA-STATE_ART,1367565062328623104,5,3,-0.1608099338205883,SCSA-STATE_ART-SCSA_PLUS_V3,9,-1.6537577116719466,SCSA-STATE_ART,-4,SCSA
30,SCSA-STATE_ART,1367930915733835777,6,4,-0.1610679610426875,SCSA-STATE_ART-SCSA_PLUS_V3,5,-0.14585489420627865,SCSA-STATE_ART,1,SCSA
30,SCSA-STATE_ART,1365320876510560258,7,5,-0.1618194753125917,SCSA-STATE_ART-SCSA_PLUS_V3,1,1.9819255746385516,SCSA-STATE_ART,6,SCSA
30,SCSA-STATE_ART,1368286394792046596,8,4,-0.162271572345154,SCSA-STATE_ART-SCSA_PLUS_V3,6,-0.2562375596577508,SCSA-STATE_ART,2,SCSA
30,SCSA-STATE_ART,1367604109113655297,9,4,-0.16257688954591829,SCSA-STATE_ART-SCSA_PLUS_V3,2,0.7750237539492242,SCSA-STATE_ART,7,SCSA
30,SCSA-STATE_ART,1367315410106736640,10,4,-0.1629176563950277,SCSA-STATE_ART-SCSA_PLUS_V3,3,0.5127916549478541,SCSA-STATE_ART,7,SCSA
31,SCSA-STATE_ART,1364607745270423556,1,4,0.15814341714407787,SCSA-STATE_ART-SCSA_PLUS_V3,8,-0.6917746542144274,SCSA-STATE_ART,-7,SCSA
31,SCSA-STATE_ART,1364664823984779267,2,3,-0.08505591236422134,SCSA-STATE_ART-SCSA_PLUS_V3,2,2.201653243197635,SCSA-STATE_ART,0,SCSA
31,SCSA-STATE_ART,1303840025000509448,3,2,-0.1037733167114671,SCSA-STATE_ART-SCSA_PLUS_V3,7,-0.017574862197124605,SCSA-STATE_ART,-4,SCSA
31,SCSA-STATE_ART,1317810926133874689,4,3,-0.12918411232001803,SCSA-STATE_ART-SCSA_PLUS_V3,4,1.5263867724606535,SCSA-STATE_ART,0,SCSA
31,SCSA-STATE_ART,1337077938076979205,5,4,-0.1514914697726787,SCSA-STATE_ART-SCSA_PLUS_V3,5,1.088804073713282,SCSA-STATE_ART,0,SCSA
31,SCSA-STATE_ART,1336793663792406530,6,3,-0.15899590429959662,SCSA-STATE_ART-SCSA_PLUS_V3,1,2.6714144202875567,SCSA-STATE_ART,5,SCSA
31,SCSA-STATE_ART,1369386818169372680,7,4,-0.16196945948694028,SCSA-STATE_ART-SCSA_PLUS_V3,10,-1.334465068837602,SCSA-STATE_ART,-3,SCSA
31,SCSA-STATE_ART,1369383214062665731,8,2,-0.1619771478345075,SCSA-STATE_ART-SCSA_PLUS_V3,9,-1.2026740193686212,SCSA-STATE_ART,-1,SCSA
31,SCSA-STATE_ART,1283518830950510593,9,2,-0.1621187040011568,SCSA-STATE_ART-SCSA_PLUS_V3,3,1.7155672291830406,SCSA-STATE_ART,6,SCSA
31,SCSA-STATE_ART,1369372321736232963,10,1,-0.1623682998941281,SCSA-STATE_ART-SCSA_PLUS_V3,6,0.07742471896033629,SCSA-STATE_ART,4,SCSA
32,SCSA-STATE_ART,1365007905318133766,1,1,-0.13768873889958996,SCSA-STATE_ART-SCSA_PLUS_V3,1,0.8388233040713567,SCSA-STATE_ART,0,SCSA
32,SCSA-STATE_ART,1366709656974942211,2,3,-0.1394375052243632,SCSA-STATE_ART-SCSA_PLUS_V3,8,-1.5357891786995663,SCSA-STATE_ART,-6,SCSA
32,SCSA-STATE_ART,1361701236395958278,3,4,-0.14446510344358682,SCSA-STATE_ART-SCSA_PLUS_V3,4,-0.407963752388452,SCSA-STATE_ART,-1,SCSA
32,SCSA-STATE_ART,1369441382973272064,4,3,-0.14736864841342553,SCSA-STATE_ART-SCSA_PLUS_V3,7,-1.523554971359398,SCSA-STATE_ART,-3,SCSA
32,SCSA-STATE_ART,1364579317964034050,5,2,-0.1485508750733014,SCSA-STATE_ART-SCSA_PLUS_V3,10,-1.7943956998005064,SCSA-STATE_ART,-5,SCSA
32,SCSA-STATE_ART,1361388306106318857,6,2,-0.15475331088110703,SCSA-STATE_ART-SCSA_PLUS_V3,5,-0.7042556358727347,SCSA-STATE_ART,1,SCSA
32,SCSA-STATE_ART,1369030160943611907,7,1,-0.1604686032774996,SCSA-STATE_ART-SCSA_PLUS_V3,6,-1.0580393819449574,SCSA-STATE_ART,1,SCSA
32,SCSA-STATE_ART,1366932843067277314,8,2,-0.1612231545723697,SCSA-STATE_ART-SCSA_PLUS_V3,3,-0.1934741893759045,SCSA-STATE_ART,5,SCSA
32,SCSA-STATE_ART,1369292125641269258,9,3,-0.1619979259031211,SCSA-STATE_ART-SCSA_PLUS_V3,2,0.7231138329417203,SCSA-STATE_ART,7,SCSA
32,SCSA-STATE_ART,1369458171467591683,10,4,-0.1620526925449209,SCSA-STATE_ART-SCSA_PLUS_V3,9,-1.6653362026071827,SCSA-STATE_ART,1,SCSA
33,SCSA-STATE_ART,1369441382973272064,1,4,-0.14736864841342553,SCSA-STATE_ART-SCSA_PLUS_V3,4,-1.523554971359398,SCSA-STATE_ART,-3,SCSA
33,SCSA-STATE_ART,1369495249417101312,2,4,-0.14994155545922294,SCSA-STATE_ART-SCSA_PLUS_V3,9,-2.9597096331748514,SCSA-STATE_ART,-7,SCSA
33,SCSA-STATE_ART,1369015794248671233,3,4,-0.16113379848586523,SCSA-STATE_ART-SCSA_PLUS_V3,8,-1.6838089616990273,SCSA-STATE_ART,-5,SCSA
33,SCSA-STATE_ART,1369226601972563972,4,4,-0.16125601151625013,SCSA-STATE_ART-SCSA_PLUS_V3,3,-1.452492026134038,SCSA-STATE_ART,1,SCSA
33,SCSA-STATE_ART,1368622654870192131,5,4,-0.16142646892113027,SCSA-STATE_ART-SCSA_PLUS_V3,1,-0.8266309529068743,SCSA-STATE_ART,4,SCSA
33,SCSA-STATE_ART,1369438033892806663,6,4,-0.1614420235489199,SCSA-STATE_ART-SCSA_PLUS_V3,5,-1.5743066733298112,SCSA-STATE_ART,1,SCSA
33,SCSA-STATE_ART,1369619124318580736,7,4,-0.16155752799471415,SCSA-STATE_ART-SCSA_PLUS_V3,6,-1.6646792448280587,SCSA-STATE_ART,1,SCSA
33,SCSA-STATE_ART,1369395335769038849,8,3,-0.16179179271649785,SCSA-STATE_ART-SCSA_PLUS_V3,2,-1.3015155120441153,SCSA-STATE_ART,6,SCSA
33,SCSA-STATE_ART,1369315042236174343,9,3,-0.16204525126394473,SCSA-STATE_ART-SCSA_PLUS_V3,10,-3.639470760120057,SCSA-STATE_ART,-1,SCSA
33,SCSA-STATE_ART,1369458171467591683,10,3,-0.1620526925449209,SCSA-STATE_ART-SCSA_PLUS_V3,7,-1.6653362026071827,SCSA-STATE_ART,3,SCSA
34,SCSA-STATE_ART,1369441382973272064,1,4,-0.14736864841342553,SCSA-STATE_ART-SCSA_PLUS_V3,4,-1.523554971359398,SCSA-STATE_ART,-3,SCSA
34,SCSA-STATE_ART,1369495249417101312,2,3,-0.14994155545922294,SCSA-STATE_ART-SCSA_PLUS_V3,9,-2.9597096331748514,SCSA-STATE_ART,-7,SCSA
34,SCSA-STATE_ART,1369015794248671233,3,2,-0.16113379848586523,SCSA-STATE_ART-SCSA_PLUS_V3,8,-1.6838089616990273,SCSA-STATE_ART,-5,SCSA
34,SCSA-STATE_ART,1369226601972563972,4,2,-0.16125601151625013,SCSA-STATE_ART-SCSA_PLUS_V3,3,-1.452492026134038,SCSA-STATE_ART,1,SCSA
34,SCSA-STATE_ART,1368622654870192131,5,2,-0.16142646892113027,SCSA-STATE_ART-SCSA_PLUS_V3,1,-0.8266309529068743,SCSA-STATE_ART,4,SCSA
34,SCSA-STATE_ART,1369438033892806663,6,4,-0.1614420235489199,SCSA-STATE_ART-SCSA_PLUS_V3,5,-1.5743066733298112,SCSA-STATE_ART,1,SCSA
34,SCSA-STATE_ART,1369619124318580736,7,4,-0.16155752799471415,SCSA-STATE_ART-SCSA_PLUS_V3,6,-1.6646792448280587,SCSA-STATE_ART,1,SCSA
34,SCSA-STATE_ART,1369395335769038849,8,4,-0.16179179271649785,SCSA-STATE_ART-SCSA_PLUS_V3,2,-1.3015155120441153,SCSA-STATE_ART,6,SCSA
34,SCSA-STATE_ART,1369315042236174343,9,4,-0.16204525126394473,SCSA-STATE_ART-SCSA_PLUS_V3,10,-3.639470760120057,SCSA-STATE_ART,-1,SCSA
34,SCSA-STATE_ART,1369458171467591683,10,2,-0.1620526925449209,SCSA-STATE_ART-SCSA_PLUS_V3,7,-1.6653362026071827,SCSA-STATE_ART,3,SCSA
35,SCSA-STATE_ART,1339525827118194689,1,3,-0.03887995582502068,SCSA-STATE_ART-SCSA_PLUS_V3,4,0.21521418030591352,SCSA-STATE_ART,-3,SCSA
35,SCSA-STATE_ART,1362196066431627265,2,3,-0.1519540540161951,SCSA-STATE_ART-SCSA_PLUS_V3,3,0.3054419606674876,SCSA-STATE_ART,-1,SCSA
35,SCSA-STATE_ART,1368760443498532864,3,2,-0.15946241638005518,SCSA-STATE_ART-SCSA_PLUS_V3,2,0.47805189109181506,SCSA-STATE_ART,1,SCSA
35,SCSA-STATE_ART,1364697022847209478,4,3,-0.16042395551412714,SCSA-STATE_ART-SCSA_PLUS_V3,1,0.8433138078902067,SCSA-STATE_ART,3,SCSA
35,SCSA-STATE_ART,1367496989215248388,5,2,-0.1607300799151481,SCSA-STATE_ART-SCSA_PLUS_V3,6,-0.191740599063149,SCSA-STATE_ART,-1,SCSA
35,SCSA-STATE_ART,1362484293650567168,6,3,-0.16161452111700966,SCSA-STATE_ART-SCSA_PLUS_V3,9,-0.7322059219985054,SCSA-STATE_ART,-3,SCSA
35,SCSA-STATE_ART,1369458171467591683,7,1,-0.1620526925449209,SCSA-STATE_ART-SCSA_PLUS_V3,10,-1.6653362026071827,SCSA-STATE_ART,-3,SCSA
35,SCSA-STATE_ART,1368777274506571779,8,1,-0.16232276360057277,SCSA-STATE_ART-SCSA_PLUS_V3,8,-0.4039716245589416,SCSA-STATE_ART,0,SCSA
35,SCSA-STATE_ART,1353672852747284480,9,2,-0.16236036771834148,SCSA-STATE_ART-SCSA_PLUS_V3,5,-0.14917337648383971,SCSA-STATE_ART,4,SCSA
35,SCSA-STATE_ART,1368744769686540290,10,2,-0.16247909751163947,SCSA-STATE_ART-SCSA_PLUS_V3,7,-0.30398017648422365,SCSA-STATE_ART,3,SCSA
36,SCSA-STATE_ART,1364607745270423556,1,5,0.15814341714407787,SCSA-STATE_ART-SCSA_PLUS_V3,8,-0.6917746542144274,SCSA-STATE_ART,-7,SCSA
36,SCSA-STATE_ART,1321455751567532032,2,5,-0.06056330978192362,SCSA-STATE_ART-SCSA_PLUS_V3,4,0.309182033188763,SCSA-STATE_ART,-2,SCSA
36,SCSA-STATE_ART,1333873034114064385,3,5,-0.10490736571346042,SCSA-STATE_ART-SCSA_PLUS_V3,6,0.13362266922772295,SCSA-STATE_ART,-3,SCSA
36,SCSA-STATE_ART,1343729046891347968,4,3,-0.14388723828005037,SCSA-STATE_ART-SCSA_PLUS_V3,7,-0.5831723739274758,SCSA-STATE_ART,-3,SCSA
36,SCSA-STATE_ART,1337077938076979205,5,5,-0.1514914697726787,SCSA-STATE_ART-SCSA_PLUS_V3,3,1.088804073713282,SCSA-STATE_ART,2,SCSA
36,SCSA-STATE_ART,1359932980974657536,6,5,-0.15478179878195203,SCSA-STATE_ART-SCSA_PLUS_V3,2,1.4447248577000005,SCSA-STATE_ART,4,SCSA
36,SCSA-STATE_ART,1366115959623331844,7,3,-0.1567167050255976,SCSA-STATE_ART-SCSA_PLUS_V3,1,2.808047228397104,SCSA-STATE_ART,6,SCSA
36,SCSA-STATE_ART,1347619092417548288,8,5,-0.15679240711867998,SCSA-STATE_ART-SCSA_PLUS_V3,9,-1.5254769823729484,SCSA-STATE_ART,-1,SCSA
36,SCSA-STATE_ART,1362069293790162946,9,4,-0.15775414054742581,SCSA-STATE_ART-SCSA_PLUS_V3,5,0.18921145095492575,SCSA-STATE_ART,4,SCSA
36,SCSA-STATE_ART,1367894335233142789,10,3,-0.15839433111823875,SCSA-STATE_ART-SCSA_PLUS_V3,10,-1.7989287136111398,SCSA-STATE_ART,0,SCSA
37,SCSA-STATE_ART,1351920546011893761,1,4,1.3654915218742583,SCSA-STATE_ART-SCSA_PLUS_V3,5,0.6898963199435365,SCSA-STATE_ART,-4,SCSA
37,SCSA-STATE_ART,1365416645624143873,2,2,1.352063197003944,SCSA-STATE_ART-SCSA_PLUS_V3,1,2.4717959298546774,SCSA-STATE_ART,1,SCSA
37,SCSA-STATE_ART,1337463904566456320,3,4,1.2925489724102472,SCSA-STATE_ART-SCSA_PLUS_V3,3,1.246704028276814,SCSA-STATE_ART,0,SCSA
37,SCSA-STATE_ART,1331744604891344896,4,4,0.16271656809978113,SCSA-STATE_ART-SCSA_PLUS_V3,8,0.17528638066983188,SCSA-STATE_ART,-4,SCSA
37,SCSA-STATE_ART,1339525827118194689,5,5,-0.03887995582502068,SCSA-STATE_ART-SCSA_PLUS_V3,6,0.21521418030591352,SCSA-STATE_ART,-1,SCSA
37,SCSA-STATE_ART,1353502767352926208,6,3,-0.08581479228989936,SCSA-STATE_ART-SCSA_PLUS_V3,9,-0.053388971030963905,SCSA-STATE_ART,-3,SCSA
37,SCSA-STATE_ART,1357375687967997959,7,3,-0.1322147295008666,SCSA-STATE_ART-SCSA_PLUS_V3,4,1.1651198867786141,SCSA-STATE_ART,3,SCSA
37,SCSA-STATE_ART,1364321423901085698,8,1,-0.1618289919260795,SCSA-STATE_ART-SCSA_PLUS_V3,10,-0.6454044471789697,SCSA-STATE_ART,-2,SCSA
37,SCSA-STATE_ART,1368984433026596867,9,3,-0.16254001199801418,SCSA-STATE_ART-SCSA_PLUS_V3,7,0.18810878772294387,SCSA-STATE_ART,2,SCSA
37,SCSA-STATE_ART,1354118501653483523,10,1,-0.1626934571397117,SCSA-STATE_ART-SCSA_PLUS_V3,2,2.044728839831383,SCSA-STATE_ART,8,SCSA
38,SCSA-STATE_ART,1365007905318133766,1,4,-0.13768873889958996,SCSA-STATE_ART-SCSA_PLUS_V3,1,0.8388233040713567,SCSA-STATE_ART,0,SCSA
38,SCSA-STATE_ART,1366709656974942211,2,4,-0.1394375052243632,SCSA-STATE_ART-SCSA_PLUS_V3,9,-1.5357891786995663,SCSA-STATE_ART,-7,SCSA
38,SCSA-STATE_ART,1361701236395958278,3,4,-0.14446510344358682,SCSA-STATE_ART-SCSA_PLUS_V3,4,-0.407963752388452,SCSA-STATE_ART,-1,SCSA
38,SCSA-STATE_ART,1364579317964034050,4,3,-0.1485508750733014,SCSA-STATE_ART-SCSA_PLUS_V3,10,-1.7943956998005064,SCSA-STATE_ART,-6,SCSA
38,SCSA-STATE_ART,1361388306106318857,5,4,-0.15475331088110703,SCSA-STATE_ART-SCSA_PLUS_V3,5,-0.7042556358727347,SCSA-STATE_ART,0,SCSA
38,SCSA-STATE_ART,1359577321695547392,6,4,-0.1599066147603767,SCSA-STATE_ART-SCSA_PLUS_V3,6,-1.0250458628988153,SCSA-STATE_ART,0,SCSA
38,SCSA-STATE_ART,1369030160943611907,7,4,-0.1604686032774996,SCSA-STATE_ART-SCSA_PLUS_V3,7,-1.0580393819449574,SCSA-STATE_ART,0,SCSA
38,SCSA-STATE_ART,1366932843067277314,8,4,-0.1612231545723697,SCSA-STATE_ART-SCSA_PLUS_V3,3,-0.1934741893759045,SCSA-STATE_ART,5,SCSA
38,SCSA-STATE_ART,1369395335769038849,9,4,-0.16179179271649785,SCSA-STATE_ART-SCSA_PLUS_V3,8,-1.3015155120441153,SCSA-STATE_ART,1,SCSA
38,SCSA-STATE_ART,1369292125641269258,10,4,-0.1619979259031211,SCSA-STATE_ART-SCSA_PLUS_V3,2,0.7231138329417203,SCSA-STATE_ART,8,SCSA
39,SCSA-STATE_ART,1364664823984779267,1,4,-0.08505591236422134,SCSA-STATE_ART-SCSA_PLUS_V3,1,2.201653243197635,SCSA-STATE_ART,0,SCSA
39,SCSA-STATE_ART,1317810926133874689,2,5,-0.12918411232001803,SCSA-STATE_ART-SCSA_PLUS_V3,3,1.5263867724606535,SCSA-STATE_ART,-1,SCSA
39,SCSA-STATE_ART,1369017812165881859,3,5,-0.1582114667319785,SCSA-STATE_ART-SCSA_PLUS_V3,6,0.46107479684012687,SCSA-STATE_ART,-3,SCSA
39,SCSA-STATE_ART,1367894335233142789,4,4,-0.15839433111823875,SCSA-STATE_ART-SCSA_PLUS_V3,10,-1.7989287136111398,SCSA-STATE_ART,-6,SCSA
39,SCSA-STATE_ART,1318667750408036352,5,5,-0.15914967195903287,SCSA-STATE_ART-SCSA_PLUS_V3,7,-0.13230145469562932,SCSA-STATE_ART,-2,SCSA
39,SCSA-STATE_ART,1363941648812675075,6,4,-0.1600253654296599,SCSA-STATE_ART-SCSA_PLUS_V3,9,-0.40614885358431063,SCSA-STATE_ART,-3,SCSA
39,SCSA-STATE_ART,1283518830950510593,7,5,-0.1621187040011568,SCSA-STATE_ART-SCSA_PLUS_V3,2,1.7155672291830406,SCSA-STATE_ART,5,SCSA
39,SCSA-STATE_ART,1368286394792046596,8,5,-0.162271572345154,SCSA-STATE_ART-SCSA_PLUS_V3,8,-0.2562375596577508,SCSA-STATE_ART,0,SCSA
39,SCSA-STATE_ART,1369034842222985216,9,5,-0.16285972135834859,SCSA-STATE_ART-SCSA_PLUS_V3,4,1.3579494760277242,SCSA-STATE_ART,5,SCSA
39,SCSA-STATE_ART,1367315410106736640,10,5,-0.1629176563950277,SCSA-STATE_ART-SCSA_PLUS_V3,5,0.5127916549478541,SCSA-STATE_ART,5,SCSA
40,SCSA-STATE_ART,1351920546011893761,1,5,1.3654915218742583,SCSA-STATE_ART-SCSA_PLUS_V3,6,0.6898963199435365,SCSA-STATE_ART,-5,SCSA
40,SCSA-STATE_ART,1365416645624143873,2,5,1.352063197003944,SCSA-STATE_ART-SCSA_PLUS_V3,1,2.4717959298546774,SCSA-STATE_ART,1,SCSA
40,SCSA-STATE_ART,1337463904566456320,3,3,1.2925489724102472,SCSA-STATE_ART-SCSA_PLUS_V3,3,1.246704028276814,SCSA-STATE_ART,0,SCSA
40,SCSA-STATE_ART,1358843677582401536,4,2,0.9431325564939711,SCSA-STATE_ART-SCSA_PLUS_V3,2,1.6418753577979033,SCSA-STATE_ART,2,SCSA
40,SCSA-STATE_ART,1331741612402237443,5,5,0.2669490359302921,SCSA-STATE_ART-SCSA_PLUS_V3,7,0.5624473610952869,SCSA-STATE_ART,-2,SCSA
40,SCSA-STATE_ART,1358843515149504514,6,2,0.18714062376005267,SCSA-STATE_ART-SCSA_PLUS_V3,5,0.8316723299406994,SCSA-STATE_ART,1,SCSA
40,SCSA-STATE_ART,1331744604891344896,7,2,0.16271656809978113,SCSA-STATE_ART-SCSA_PLUS_V3,9,0.17528638066983188,SCSA-STATE_ART,-2,SCSA
40,SCSA-STATE_ART,1353502767352926208,8,2,-0.08581479228989936,SCSA-STATE_ART-SCSA_PLUS_V3,10,-0.053388971030963905,SCSA-STATE_ART,-2,SCSA
40,SCSA-STATE_ART,1357375687967997959,9,5,-0.1322147295008666,SCSA-STATE_ART-SCSA_PLUS_V3,4,1.1651198867786141,SCSA-STATE_ART,5,SCSA
40,SCSA-STATE_ART,1354565152939544576,10,1,-0.1617418991725094,SCSA-STATE_ART-SCSA_PLUS_V3,8,0.5293717744477001,SCSA-STATE_ART,2,SCSA
41,SCSA-STATE_ART,1351920546011893761,1,2,1.3654915218742583,SCSA-STATE_ART-SCSA_PLUS_V3,5,0.6898963199435365,SCSA-STATE_ART,-4,SCSA
41,SCSA-STATE_ART,1365416645624143873,2,2,1.352063197003944,SCSA-STATE_ART-SCSA_PLUS_V3,1,2.4717959298546774,SCSA-STATE_ART,1,SCSA
41,SCSA-STATE_ART,1337463904566456320,3,1,1.2925489724102472,SCSA-STATE_ART-SCSA_PLUS_V3,2,1.246704028276814,SCSA-STATE_ART,1,SCSA
41,SCSA-STATE_ART,1331741612402237443,4,1,0.2669490359302921,SCSA-STATE_ART-SCSA_PLUS_V3,6,0.5624473610952869,SCSA-STATE_ART,-2,SCSA
41,SCSA-STATE_ART,1358843515149504514,5,1,0.18714062376005267,SCSA-STATE_ART-SCSA_PLUS_V3,4,0.8316723299406994,SCSA-STATE_ART,1,SCSA
41,SCSA-STATE_ART,1331744604891344896,6,1,0.16271656809978113,SCSA-STATE_ART-SCSA_PLUS_V3,9,0.17528638066983188,SCSA-STATE_ART,-3,SCSA
41,SCSA-STATE_ART,1339525827118194689,7,4,-0.03887995582502068,SCSA-STATE_ART-SCSA_PLUS_V3,8,0.21521418030591352,SCSA-STATE_ART,-1,SCSA
41,SCSA-STATE_ART,1353502767352926208,8,1,-0.08581479228989936,SCSA-STATE_ART-SCSA_PLUS_V3,10,-0.053388971030963905,SCSA-STATE_ART,-2,SCSA
41,SCSA-STATE_ART,1357375687967997959,9,2,-0.1322147295008666,SCSA-STATE_ART-SCSA_PLUS_V3,3,1.1651198867786141,SCSA-STATE_ART,6,SCSA
41,SCSA-STATE_ART,1369017812165881859,10,3,-0.1582114667319785,SCSA-STATE_ART-SCSA_PLUS_V3,7,0.46107479684012687,SCSA-STATE_ART,3,SCSA
42,SCSA-STATE_ART,1354545532044075013,1,2,-0.11405258037001766,SCSA-STATE_ART-SCSA_PLUS_V3,8,-0.6354463998481974,SCSA-STATE_ART,-7,SCSA
42,SCSA-STATE_ART,1288988861092245505,2,1,-0.1272630928080207,SCSA-STATE_ART-SCSA_PLUS_V3,7,-0.5143783629706339,SCSA-STATE_ART,-5,SCSA
42,SCSA-STATE_ART,1367894335233142789,3,5,-0.15839433111823875,SCSA-STATE_ART-SCSA_PLUS_V3,10,-1.7989287136111398,SCSA-STATE_ART,-7,SCSA
42,SCSA-STATE_ART,1367949455262060544,4,2,-0.15977182834802614,SCSA-STATE_ART-SCSA_PLUS_V3,2,0.9441317443746262,SCSA-STATE_ART,2,SCSA
42,SCSA-STATE_ART,1363941648812675075,5,5,-0.1600253654296599,SCSA-STATE_ART-SCSA_PLUS_V3,6,-0.40614885358431063,SCSA-STATE_ART,-1,SCSA
42,SCSA-STATE_ART,1367947939579006979,6,5,-0.16007096412379945,SCSA-STATE_ART-SCSA_PLUS_V3,9,-0.8898654880303295,SCSA-STATE_ART,-3,SCSA
42,SCSA-STATE_ART,1368286394792046596,7,1,-0.162271572345154,SCSA-STATE_ART-SCSA_PLUS_V3,5,-0.2562375596577508,SCSA-STATE_ART,2,SCSA
42,SCSA-STATE_ART,1367946026674352134,8,5,-0.16240198778797424,SCSA-STATE_ART-SCSA_PLUS_V3,4,0.39118851181983516,SCSA-STATE_ART,4,SCSA
42,SCSA-STATE_ART,1369034842222985216,9,1,-0.16285972135834859,SCSA-STATE_ART-SCSA_PLUS_V3,1,1.3579494760277242,SCSA-STATE_ART,8,SCSA
42,SCSA-STATE_ART,1367315410106736640,10,1,-0.1629176563950277,SCSA-STATE_ART-SCSA_PLUS_V3,3,0.5127916549478541,SCSA-STATE_ART,7,SCSA
43,SCSA-STATE_ART,1351920546011893761,1,3,1.3654915218742583,SCSA-STATE_ART-SCSA_PLUS_V3,6,0.6898963199435365,SCSA-STATE_ART,-5,SCSA
43,SCSA-STATE_ART,1365416645624143873,2,3,1.352063197003944,SCSA-STATE_ART-SCSA_PLUS_V3,1,2.4717959298546774,SCSA-STATE_ART,1,SCSA
43,SCSA-STATE_ART,1337463904566456320,3,3,1.2925489724102472,SCSA-STATE_ART-SCSA_PLUS_V3,3,1.246704028276814,SCSA-STATE_ART,0,SCSA
43,SCSA-STATE_ART,1358843677582401536,4,5,0.9431325564939711,SCSA-STATE_ART-SCSA_PLUS_V3,2,1.6418753577979033,SCSA-STATE_ART,2,SCSA
43,SCSA-STATE_ART,1331741612402237443,5,5,0.2669490359302921,SCSA-STATE_ART-SCSA_PLUS_V3,7,0.5624473610952869,SCSA-STATE_ART,-2,SCSA
43,SCSA-STATE_ART,1358843515149504514,6,3,0.18714062376005267,SCSA-STATE_ART-SCSA_PLUS_V3,5,0.8316723299406994,SCSA-STATE_ART,1,SCSA
43,SCSA-STATE_ART,1331744604891344896,7,3,0.16271656809978113,SCSA-STATE_ART-SCSA_PLUS_V3,8,0.17528638066983188,SCSA-STATE_ART,-1,SCSA
43,SCSA-STATE_ART,1353502767352926208,8,5,-0.08581479228989936,SCSA-STATE_ART-SCSA_PLUS_V3,9,-0.053388971030963905,SCSA-STATE_ART,-1,SCSA
43,SCSA-STATE_ART,1357375687967997959,9,3,-0.1322147295008666,SCSA-STATE_ART-SCSA_PLUS_V3,4,1.1651198867786141,SCSA-STATE_ART,5,SCSA
43,SCSA-STATE_ART,1368933410085945345,10,3,-0.158241675314955,SCSA-STATE_ART-SCSA_PLUS_V3,10,-0.8245235739816595,SCSA-STATE_ART,0,SCSA
44,SCSA-STATE_ART,1339525827118194689,1,5,-0.03887995582502068,SCSA-STATE_ART-SCSA_PLUS_V3,7,0.21521418030591352,SCSA-STATE_ART,-6,SCSA
44,SCSA-STATE_ART,1364664823984779267,2,3,-0.08505591236422134,SCSA-STATE_ART-SCSA_PLUS_V3,1,2.201653243197635,SCSA-STATE_ART,1,SCSA
44,SCSA-STATE_ART,1303840025000509448,3,3,-0.1037733167114671,SCSA-STATE_ART-SCSA_PLUS_V3,8,-0.017574862197124605,SCSA-STATE_ART,-5,SCSA
44,SCSA-STATE_ART,1368217898095964166,4,5,-0.12218713890080873,SCSA-STATE_ART-SCSA_PLUS_V3,4,0.5395486329875457,SCSA-STATE_ART,0,SCSA
44,SCSA-STATE_ART,1317810926133874689,5,5,-0.12918411232001803,SCSA-STATE_ART-SCSA_PLUS_V3,3,1.5263867724606535,SCSA-STATE_ART,2,SCSA
44,SCSA-STATE_ART,1327398719789150214,6,5,-0.15075844474203384,SCSA-STATE_ART-SCSA_PLUS_V3,6,0.34220993144944506,SCSA-STATE_ART,0,SCSA
44,SCSA-STATE_ART,1291862297665626112,7,5,-0.1523232706653703,SCSA-STATE_ART-SCSA_PLUS_V3,9,-0.03464420093323811,SCSA-STATE_ART,-2,SCSA
44,SCSA-STATE_ART,1317811466339221509,8,4,-0.15725057835839867,SCSA-STATE_ART-SCSA_PLUS_V3,5,0.41676185131976534,SCSA-STATE_ART,3,SCSA
44,SCSA-STATE_ART,1283518830950510593,9,5,-0.1621187040011568,SCSA-STATE_ART-SCSA_PLUS_V3,2,1.7155672291830406,SCSA-STATE_ART,7,SCSA
44,SCSA-STATE_ART,1368777274506571779,10,2,-0.16232276360057277,SCSA-STATE_ART-SCSA_PLUS_V3,10,-0.4039716245589416,SCSA-STATE_ART,0,SCSA
45,SCSA-STATE_ART,1334044250942676993,1,4,0.24587580698988856,SCSA-STATE_ART-SCSA_PLUS_V3,4,0.030149179368733535,SCSA-STATE_ART,-3,SCSA
45,SCSA-STATE_ART,1328417466272321537,2,5,-0.03595674113291622,SCSA-STATE_ART-SCSA_PLUS_V3,3,0.3313355678529376,SCSA-STATE_ART,-1,SCSA
45,SCSA-STATE_ART,1351283213403095045,3,5,-0.07770552646839846,SCSA-STATE_ART-SCSA_PLUS_V3,9,-1.4501094021068377,SCSA-STATE_ART,-6,SCSA
45,SCSA-STATE_ART,1167050866521780224,4,3,-0.0784511079453341,SCSA-STATE_ART-SCSA_PLUS_V3,7,-0.7647160522990495,SCSA-STATE_ART,-3,SCSA
45,SCSA-STATE_ART,1367971795790397440,5,5,-0.1218683756480156,SCSA-STATE_ART-SCSA_PLUS_V3,8,-1.1611131931339014,SCSA-STATE_ART,-3,SCSA
45,SCSA-STATE_ART,1340409077751566338,6,3,-0.14618371861017496,SCSA-STATE_ART-SCSA_PLUS_V3,1,0.6938726531847438,SCSA-STATE_ART,5,SCSA
45,SCSA-STATE_ART,1319343716801236992,7,5,-0.14673009956013566,SCSA-STATE_ART-SCSA_PLUS_V3,6,-0.1767731835649707,SCSA-STATE_ART,1,SCSA
45,SCSA-STATE_ART,1350843455128399879,8,3,-0.16040625651359405,SCSA-STATE_ART-SCSA_PLUS_V3,5,-0.011798914984767716,SCSA-STATE_ART,3,SCSA
45,SCSA-STATE_ART,1234157609395146753,9,3,-0.16154684351616758,SCSA-STATE_ART-SCSA_PLUS_V3,2,0.44958486153410226,SCSA-STATE_ART,7,SCSA
45,SCSA-STATE_ART,1319402828285108225,10,5,-0.16190339242230234,SCSA-STATE_ART-SCSA_PLUS_V3,10,-2.269523039538623,SCSA-STATE_ART,0,SCSA
46,SCSA-STATE_ART,1369441382973272064,1,4,-0.14736864841342553,SCSA-STATE_ART-SCSA_PLUS_V3,4,-1.523554971359398,SCSA-STATE_ART,-3,SCSA
46,SCSA-STATE_ART,1369495249417101312,2,4,-0.14994155545922294,SCSA-STATE_ART-SCSA_PLUS_V3,9,-2.9597096331748514,SCSA-STATE_ART,-7,SCSA
46,SCSA-STATE_ART,1369015794248671233,3,3,-0.16113379848586523,SCSA-STATE_ART-SCSA_PLUS_V3,8,-1.6838089616990273,SCSA-STATE_ART,-5,SCSA
46,SCSA-STATE_ART,1369226601972563972,4,3,-0.16125601151625013,SCSA-STATE_ART-SCSA_PLUS_V3,3,-1.452492026134038,SCSA-STATE_ART,1,SCSA
46,SCSA-STATE_ART,1368622654870192131,5,3,-0.16142646892113027,SCSA-STATE_ART-SCSA_PLUS_V3,1,-0.8266309529068743,SCSA-STATE_ART,4,SCSA
46,SCSA-STATE_ART,1369438033892806663,6,4,-0.1614420235489199,SCSA-STATE_ART-SCSA_PLUS_V3,5,-1.5743066733298112,SCSA-STATE_ART,1,SCSA
46,SCSA-STATE_ART,1369619124318580736,7,4,-0.16155752799471415,SCSA-STATE_ART-SCSA_PLUS_V3,6,-1.6646792448280587,SCSA-STATE_ART,1,SCSA
46,SCSA-STATE_ART,1369395335769038849,8,3,-0.16179179271649785,SCSA-STATE_ART-SCSA_PLUS_V3,2,-1.3015155120441153,SCSA-STATE_ART,6,SCSA
46,SCSA-STATE_ART,1369315042236174343,9,3,-0.16204525126394473,SCSA-STATE_ART-SCSA_PLUS_V3,10,-3.639470760120057,SCSA-STATE_ART,-1,SCSA
46,SCSA-STATE_ART,1369458171467591683,10,4,-0.1620526925449209,SCSA-STATE_ART-SCSA_PLUS_V3,7,-1.6653362026071827,SCSA-STATE_ART,3,SCSA
47,SCSA-STATE_ART,1337022746824499203,1,5,1.522513486320188,SCSA-STATE_ART-SCSA_PLUS_V3,1,3.93677533228313,SCSA-STATE_ART,0,SCSA
47,SCSA-STATE_ART,1351920546011893761,2,5,1.3654915218742583,SCSA-STATE_ART-SCSA_PLUS_V3,7,0.6898963199435365,SCSA-STATE_ART,-5,SCSA
47,SCSA-STATE_ART,1365416645624143873,3,5,1.352063197003944,SCSA-STATE_ART-SCSA_PLUS_V3,2,2.4717959298546774,SCSA-STATE_ART,1,SCSA
47,SCSA-STATE_ART,1337463904566456320,4,5,1.2925489724102472,SCSA-STATE_ART-SCSA_PLUS_V3,4,1.246704028276814,SCSA-STATE_ART,0,SCSA
47,SCSA-STATE_ART,1358843677582401536,5,5,0.9431325564939711,SCSA-STATE_ART-SCSA_PLUS_V3,3,1.6418753577979033,SCSA-STATE_ART,2,SCSA
47,SCSA-STATE_ART,1331741612402237443,6,5,0.2669490359302921,SCSA-STATE_ART-SCSA_PLUS_V3,8,0.5624473610952869,SCSA-STATE_ART,-2,SCSA
47,SCSA-STATE_ART,1358843515149504514,7,5,0.18714062376005267,SCSA-STATE_ART-SCSA_PLUS_V3,6,0.8316723299406994,SCSA-STATE_ART,1,SCSA
47,SCSA-STATE_ART,1331744604891344896,8,5,0.16271656809978113,SCSA-STATE_ART-SCSA_PLUS_V3,9,0.17528638066983188,SCSA-STATE_ART,-1,SCSA
47,SCSA-STATE_ART,1353502767352926208,9,5,-0.08581479228989936,SCSA-STATE_ART-SCSA_PLUS_V3,10,-0.053388971030963905,SCSA-STATE_ART,-1,SCSA
47,SCSA-STATE_ART,1357375687967997959,10,1,-0.1322147295008666,SCSA-STATE_ART-SCSA_PLUS_V3,5,1.1651198867786141,SCSA-STATE_ART,5,SCSA
48,SCSA-STATE_ART,1325498916847153153,1,5,-0.13803297204395518,SCSA-STATE_ART-SCSA_PLUS_V3,7,-0.12971056032184075,SCSA-STATE_ART,-6,SCSA
48,SCSA-STATE_ART,1369441796925886465,2,5,-0.15743537047928802,SCSA-STATE_ART-SCSA_PLUS_V3,10,-2.038859345145162,SCSA-STATE_ART,-8,SCSA
48,SCSA-STATE_ART,1368177229285502976,3,4,-0.16182241199789368,SCSA-STATE_ART-SCSA_PLUS_V3,9,-1.8713683566351638,SCSA-STATE_ART,-6,SCSA
48,SCSA-STATE_ART,1368494502336475136,4,4,-0.16195271414451481,SCSA-STATE_ART-SCSA_PLUS_V3,6,0.035444443644588486,SCSA-STATE_ART,-2,SCSA
48,SCSA-STATE_ART,1347166067995660290,5,2,-0.16214332514295748,SCSA-STATE_ART-SCSA_PLUS_V3,8,-1.074329339683618,SCSA-STATE_ART,-3,SCSA
48,SCSA-STATE_ART,1369367452661014538,6,4,-0.16225265796888877,SCSA-STATE_ART-SCSA_PLUS_V3,4,0.34146011376841273,SCSA-STATE_ART,2,SCSA
48,SCSA-STATE_ART,1368300490895818755,7,4,-0.16229611476412525,SCSA-STATE_ART-SCSA_PLUS_V3,5,0.18578673411402896,SCSA-STATE_ART,2,SCSA
48,SCSA-STATE_ART,1368271872002035713,8,4,-0.16277895100296028,SCSA-STATE_ART-SCSA_PLUS_V3,3,0.6466032091133875,SCSA-STATE_ART,5,SCSA
48,SCSA-STATE_ART,1363181398908141579,9,3,-0.1627944949747454,SCSA-STATE_ART-SCSA_PLUS_V3,1,2.046533426841739,SCSA-STATE_ART,8,SCSA
48,SCSA-STATE_ART,1299756201509613568,10,3,-0.16302276469284072,SCSA-STATE_ART-SCSA_PLUS_V3,2,2.0462513135603606,SCSA-STATE_ART,8,SCSA
49,SCSA-STATE_ART,1322257618178609153,1,5,-0.07952053956161123,SCSA-STATE_ART-SCSA_PLUS_V3,7,0.03545709713094296,SCSA-STATE_ART,-6,SCSA
49,SCSA-STATE_ART,1368932010971004931,2,5,-0.1613441685603854,SCSA-STATE_ART-SCSA_PLUS_V3,8,-0.4191673824872118,SCSA-STATE_ART,-6,SCSA
49,SCSA-STATE_ART,1322257265496334336,3,2,-0.16136645088243978,SCSA-STATE_ART-SCSA_PLUS_V3,4,0.9800600550961632,SCSA-STATE_ART,-1,SCSA
49,SCSA-STATE_ART,1369054744786989056,4,2,-0.1617422157751127,SCSA-STATE_ART-SCSA_PLUS_V3,9,-1.0537963478592067,SCSA-STATE_ART,-5,SCSA
49,SCSA-STATE_ART,1368177229285502976,5,5,-0.16182241199789368,SCSA-STATE_ART-SCSA_PLUS_V3,10,-1.8713683566351638,SCSA-STATE_ART,-5,SCSA
49,SCSA-STATE_ART,1324374402750767104,6,5,-0.16264838872816453,SCSA-STATE_ART-SCSA_PLUS_V3,5,0.8570444552028132,SCSA-STATE_ART,1,SCSA
49,SCSA-STATE_ART,1368271872002035713,7,5,-0.16277895100296028,SCSA-STATE_ART-SCSA_PLUS_V3,6,0.6466032091133875,SCSA-STATE_ART,1,SCSA
49,SCSA-STATE_ART,1363181398908141579,8,1,-0.1627944949747454,SCSA-STATE_ART-SCSA_PLUS_V3,1,2.046533426841739,SCSA-STATE_ART,7,SCSA
49,SCSA-STATE_ART,1369297616245231638,9,1,-0.16287743470709765,SCSA-STATE_ART-SCSA_PLUS_V3,3,1.0567199254874085,SCSA-STATE_ART,6,SCSA
49,SCSA-STATE_ART,1299756201509613568,10,1,-0.16302276469284072,SCSA-STATE_ART-SCSA_PLUS_V3,2,2.0462513135603606,SCSA-STATE_ART,8,SCSA
50,SCSA-STATE_ART,1368561200754270210,1,5,0.38100997072506226,SCSA-STATE_ART-SCSA_PLUS_V3,8,-0.5872673388055657,SCSA-STATE_ART,-7,SCSA
50,SCSA-STATE_ART,1367113993815547906,2,5,-0.029761322530998134,SCSA-STATE_ART-SCSA_PLUS_V3,1,1.6262186286336613,SCSA-STATE_ART,1,SCSA
50,SCSA-STATE_ART,1339525827118194689,3,4,-0.03887995582502068,SCSA-STATE_ART-SCSA_PLUS_V3,5,0.21521418030591352,SCSA-STATE_ART,-2,SCSA
50,SCSA-STATE_ART,1367497561645457427,4,3,-0.12649337531736587,SCSA-STATE_ART-SCSA_PLUS_V3,6,0.12966280762045687,SCSA-STATE_ART,-2,SCSA
50,SCSA-STATE_ART,1361046993158692866,5,5,-0.14924817255877695,SCSA-STATE_ART-SCSA_PLUS_V3,9,-0.7281489316028963,SCSA-STATE_ART,-4,SCSA
50,SCSA-STATE_ART,1362196066431627265,6,4,-0.1519540540161951,SCSA-STATE_ART-SCSA_PLUS_V3,4,0.3054419606674876,SCSA-STATE_ART,2,SCSA
50,SCSA-STATE_ART,1368760443498532864,7,5,-0.15946241638005518,SCSA-STATE_ART-SCSA_PLUS_V3,3,0.47805189109181506,SCSA-STATE_ART,4,SCSA
50,SCSA-STATE_ART,1364697022847209478,8,5,-0.16042395551412714,SCSA-STATE_ART-SCSA_PLUS_V3,2,0.8433138078902067,SCSA-STATE_ART,6,SCSA
50,SCSA-STATE_ART,1369355243406954501,9,4,-0.16119039123784681,SCSA-STATE_ART-SCSA_PLUS_V3,10,-0.7380823695008286,SCSA-STATE_ART,-1,SCSA
50,SCSA-STATE_ART,1368777274506571779,10,5,-0.16232276360057277,SCSA-STATE_ART-SCSA_PLUS_V3,7,-0.4039716245589416,SCSA-STATE_ART,3,SCSA
51,SCSA-STATE_ART,1339525827118194689,1,5,-0.03887995582502068,SCSA-STATE_ART-SCSA_PLUS_V3,5,0.21521418030591352,SCSA-STATE_ART,-4,SCSA
51,SCSA-STATE_ART,1369017812165881859,2,5,-0.1582114667319785,SCSA-STATE_ART-SCSA_PLUS_V3,4,0.46107479684012687,SCSA-STATE_ART,-2,SCSA
51,SCSA-STATE_ART,1367894335233142789,3,1,-0.15839433111823875,SCSA-STATE_ART-SCSA_PLUS_V3,10,-1.7989287136111398,SCSA-STATE_ART,-7,SCSA
51,SCSA-STATE_ART,1363941648812675075,4,1,-0.1600253654296599,SCSA-STATE_ART-SCSA_PLUS_V3,8,-0.40614885358431063,SCSA-STATE_ART,-4,SCSA
51,SCSA-STATE_ART,1364321423901085698,5,1,-0.1618289919260795,SCSA-STATE_ART-SCSA_PLUS_V3,9,-0.6454044471789697,SCSA-STATE_ART,-4,SCSA
51,SCSA-STATE_ART,1368286394792046596,6,1,-0.162271572345154,SCSA-STATE_ART-SCSA_PLUS_V3,7,-0.2562375596577508,SCSA-STATE_ART,-1,SCSA
51,SCSA-STATE_ART,1368984433026596867,7,1,-0.16254001199801418,SCSA-STATE_ART-SCSA_PLUS_V3,6,0.18810878772294387,SCSA-STATE_ART,1,SCSA
51,SCSA-STATE_ART,1354118501653483523,8,5,-0.1626934571397117,SCSA-STATE_ART-SCSA_PLUS_V3,1,2.044728839831383,SCSA-STATE_ART,7,SCSA
51,SCSA-STATE_ART,1369034842222985216,9,1,-0.16285972135834859,SCSA-STATE_ART-SCSA_PLUS_V3,2,1.3579494760277242,SCSA-STATE_ART,7,SCSA
51,SCSA-STATE_ART,1367315410106736640,10,1,-0.1629176563950277,SCSA-STATE_ART-SCSA_PLUS_V3,3,0.5127916549478541,SCSA-STATE_ART,7,SCSA
53,SCSA-STATE_ART,1364607745270423556,1,1,0.15814341714407787,SCSA-STATE_ART-SCSA_PLUS_V3,8,-0.6917746542144274,SCSA-STATE_ART,-7,SCSA
53,SCSA-STATE_ART,1337077938076979205,2,1,-0.1514914697726787,SCSA-STATE_ART-SCSA_PLUS_V3,4,1.088804073713282,SCSA-STATE_ART,-2,SCSA
53,SCSA-STATE_ART,1367894335233142789,3,1,-0.15839433111823875,SCSA-STATE_ART-SCSA_PLUS_V3,10,-1.7989287136111398,SCSA-STATE_ART,-7,SCSA
53,SCSA-STATE_ART,1336793663792406530,4,1,-0.15899590429959662,SCSA-STATE_ART-SCSA_PLUS_V3,1,2.6714144202875567,SCSA-STATE_ART,3,SCSA
53,SCSA-STATE_ART,1363941648812675075,5,1,-0.1600253654296599,SCSA-STATE_ART-SCSA_PLUS_V3,7,-0.40614885358431063,SCSA-STATE_ART,-2,SCSA
53,SCSA-STATE_ART,1369383214062665731,6,1,-0.1619771478345075,SCSA-STATE_ART-SCSA_PLUS_V3,9,-1.2026740193686212,SCSA-STATE_ART,-3,SCSA
53,SCSA-STATE_ART,1368286394792046596,7,1,-0.162271572345154,SCSA-STATE_ART-SCSA_PLUS_V3,6,-0.2562375596577508,SCSA-STATE_ART,1,SCSA
53,SCSA-STATE_ART,1365327872643260420,8,1,-0.1623579599275923,SCSA-STATE_ART-SCSA_PLUS_V3,2,1.9736484846794227,SCSA-STATE_ART,6,SCSA
53,SCSA-STATE_ART,1369034842222985216,9,1,-0.16285972135834859,SCSA-STATE_ART-SCSA_PLUS_V3,3,1.3579494760277242,SCSA-STATE_ART,6,SCSA
53,SCSA-STATE_ART,1367315410106736640,10,1,-0.1629176563950277,SCSA-STATE_ART-SCSA_PLUS_V3,5,0.5127916549478541,SCSA-STATE_ART,5,SCSA
54,SCSA-STATE_ART,1339525827118194689,1,3,-0.03887995582502068,SCSA-STATE_ART-SCSA_PLUS_V3,5,0.21521418030591352,SCSA-STATE_ART,-4,SCSA
54,SCSA-STATE_ART,1369017812165881859,2,3,-0.1582114667319785,SCSA-STATE_ART-SCSA_PLUS_V3,4,0.46107479684012687,SCSA-STATE_ART,-2,SCSA
54,SCSA-STATE_ART,1367894335233142789,3,2,-0.15839433111823875,SCSA-STATE_ART-SCSA_PLUS_V3,10,-1.7989287136111398,SCSA-STATE_ART,-7,SCSA
54,SCSA-STATE_ART,1363941648812675075,4,2,-0.1600253654296599,SCSA-STATE_ART-SCSA_PLUS_V3,8,-0.40614885358431063,SCSA-STATE_ART,-4,SCSA
54,SCSA-STATE_ART,1364321423901085698,5,4,-0.1618289919260795,SCSA-STATE_ART-SCSA_PLUS_V3,9,-0.6454044471789697,SCSA-STATE_ART,-4,SCSA
54,SCSA-STATE_ART,1368286394792046596,6,4,-0.162271572345154,SCSA-STATE_ART-SCSA_PLUS_V3,7,-0.2562375596577508,SCSA-STATE_ART,-1,SCSA
54,SCSA-STATE_ART,1368984433026596867,7,3,-0.16254001199801418,SCSA-STATE_ART-SCSA_PLUS_V3,6,0.18810878772294387,SCSA-STATE_ART,1,SCSA
54,SCSA-STATE_ART,1354118501653483523,8,4,-0.1626934571397117,SCSA-STATE_ART-SCSA_PLUS_V3,1,2.044728839831383,SCSA-STATE_ART,7,SCSA
54,SCSA-STATE_ART,1369034842222985216,9,4,-0.16285972135834859,SCSA-STATE_ART-SCSA_PLUS_V3,2,1.3579494760277242,SCSA-STATE_ART,7,SCSA
54,SCSA-STATE_ART,1367315410106736640,10,2,-0.1629176563950277,SCSA-STATE_ART-SCSA_PLUS_V3,3,0.5127916549478541,SCSA-STATE_ART,7,SCSA
55,SCSA-STATE_ART,1325498916847153153,1,5,-0.13803297204395518,SCSA-STATE_ART-SCSA_PLUS_V3,6,-0.12971056032184075,SCSA-STATE_ART,-5,SCSA
55,SCSA-STATE_ART,1368933410085945345,2,5,-0.158241675314955,SCSA-STATE_ART-SCSA_PLUS_V3,8,-0.8245235739816595,SCSA-STATE_ART,-6,SCSA
55,SCSA-STATE_ART,1368177229285502976,3,5,-0.16182241199789368,SCSA-STATE_ART-SCSA_PLUS_V3,10,-1.8713683566351638,SCSA-STATE_ART,-7,SCSA
55,SCSA-STATE_ART,1346121159134343168,4,5,-0.16186461272667968,SCSA-STATE_ART-SCSA_PLUS_V3,7,-0.5521551391049851,SCSA-STATE_ART,-3,SCSA
55,SCSA-STATE_ART,1368494502336475136,5,5,-0.16195271414451481,SCSA-STATE_ART-SCSA_PLUS_V3,5,0.035444443644588486,SCSA-STATE_ART,0,SCSA
55,SCSA-STATE_ART,1347166067995660290,6,5,-0.16214332514295748,SCSA-STATE_ART-SCSA_PLUS_V3,9,-1.074329339683618,SCSA-STATE_ART,-3,SCSA
55,SCSA-STATE_ART,1369367452661014538,7,5,-0.16225265796888877,SCSA-STATE_ART-SCSA_PLUS_V3,3,0.34146011376841273,SCSA-STATE_ART,4,SCSA
55,SCSA-STATE_ART,1368300490895818755,8,5,-0.16229611476412525,SCSA-STATE_ART-SCSA_PLUS_V3,4,0.18578673411402896,SCSA-STATE_ART,4,SCSA
55,SCSA-STATE_ART,1363181398908141579,9,5,-0.1627944949747454,SCSA-STATE_ART-SCSA_PLUS_V3,1,2.046533426841739,SCSA-STATE_ART,8,SCSA
55,SCSA-STATE_ART,1299756201509613568,10,5,-0.16302276469284072,SCSA-STATE_ART-SCSA_PLUS_V3,2,2.0462513135603606,SCSA-STATE_ART,8,SCSA
57,SCSA-STATE_ART,1319651956579762176,1,5,0.540657599943253,SCSA-STATE_ART-SCSA_PLUS_V3,8,-0.09767418260017947,SCSA-STATE_ART,-7,SCSA
57,SCSA-STATE_ART,1296511004063473667,2,5,0.12649332540461908,SCSA-STATE_ART-SCSA_PLUS_V3,2,2.2402381534929328,SCSA-STATE_ART,0,SCSA
57,SCSA-STATE_ART,1238211420388569088,3,5,0.035204797282406115,SCSA-STATE_ART-SCSA_PLUS_V3,5,0.6437458864146457,SCSA-STATE_ART,-2,SCSA
57,SCSA-STATE_ART,1365047360934526982,4,4,-0.031031400135387684,SCSA-STATE_ART-SCSA_PLUS_V3,7,0.07407384588798456,SCSA-STATE_ART,-3,SCSA
57,SCSA-STATE_ART,1291094964185825281,5,5,-0.05939902422868242,SCSA-STATE_ART-SCSA_PLUS_V3,3,0.7327259748644572,SCSA-STATE_ART,2,SCSA
57,SCSA-STATE_ART,1070275243552489472,6,4,-0.0871359296670186,SCSA-STATE_ART-SCSA_PLUS_V3,4,0.7224250191672584,SCSA-STATE_ART,2,SCSA
57,SCSA-STATE_ART,1369395335769038849,7,4,-0.16179179271649785,SCSA-STATE_ART-SCSA_PLUS_V3,9,-1.3015155120441153,SCSA-STATE_ART,-2,SCSA
57,SCSA-STATE_ART,1369315042236174343,8,4,-0.16204525126394473,SCSA-STATE_ART-SCSA_PLUS_V3,10,-3.639470760120057,SCSA-STATE_ART,-2,SCSA
57,SCSA-STATE_ART,1247840496569012225,9,4,-0.16207168416000065,SCSA-STATE_ART-SCSA_PLUS_V3,1,2.997749026811075,SCSA-STATE_ART,8,SCSA
57,SCSA-STATE_ART,764216312134590466,10,4,-0.16224994610086999,SCSA-STATE_ART-SCSA_PLUS_V3,6,0.11435421607579405,SCSA-STATE_ART,4,SCSA
58,SCSA-STATE_ART,1368641210533830657,1,5,-0.1492307220489527,SCSA-STATE_ART-SCSA_PLUS_V3,9,-0.9731496315835763,SCSA-STATE_ART,-8,SCSA
58,SCSA-STATE_ART,1369017812165881859,2,5,-0.1582114667319785,SCSA-STATE_ART-SCSA_PLUS_V3,4,0.46107479684012687,SCSA-STATE_ART,-2,SCSA
58,SCSA-STATE_ART,1367894335233142789,3,5,-0.15839433111823875,SCSA-STATE_ART-SCSA_PLUS_V3,10,-1.7989287136111398,SCSA-STATE_ART,-7,SCSA
58,SCSA-STATE_ART,1363941648812675075,4,5,-0.1600253654296599,SCSA-STATE_ART-SCSA_PLUS_V3,7,-0.40614885358431063,SCSA-STATE_ART,-3,SCSA
58,SCSA-STATE_ART,1367912923641737216,5,5,-0.16052254522173293,SCSA-STATE_ART-SCSA_PLUS_V3,8,-0.5414017634726082,SCSA-STATE_ART,-3,SCSA
58,SCSA-STATE_ART,1367930915733835777,6,4,-0.1610679610426875,SCSA-STATE_ART-SCSA_PLUS_V3,5,-0.14585489420627865,SCSA-STATE_ART,1,SCSA
58,SCSA-STATE_ART,1368286394792046596,7,5,-0.162271572345154,SCSA-STATE_ART-SCSA_PLUS_V3,6,-0.2562375596577508,SCSA-STATE_ART,1,SCSA
58,SCSA-STATE_ART,1367604109113655297,8,5,-0.16257688954591829,SCSA-STATE_ART-SCSA_PLUS_V3,2,0.7750237539492242,SCSA-STATE_ART,6,SCSA
58,SCSA-STATE_ART,1369034842222985216,9,5,-0.16285972135834859,SCSA-STATE_ART-SCSA_PLUS_V3,1,1.3579494760277242,SCSA-STATE_ART,8,SCSA
58,SCSA-STATE_ART,1367315410106736640,10,5,-0.1629176563950277,SCSA-STATE_ART-SCSA_PLUS_V3,3,0.5127916549478541,SCSA-STATE_ART,7,SCSA
60,SCSA-STATE_ART,1339525827118194689,1,5,-0.03887995582502068,SCSA-STATE_ART-SCSA_PLUS_V3,5,0.21521418030591352,SCSA-STATE_ART,-4,SCSA
60,SCSA-STATE_ART,1369017812165881859,2,5,-0.1582114667319785,SCSA-STATE_ART-SCSA_PLUS_V3,4,0.46107479684012687,SCSA-STATE_ART,-2,SCSA
60,SCSA-STATE_ART,1367894335233142789,3,5,-0.15839433111823875,SCSA-STATE_ART-SCSA_PLUS_V3,10,-1.7989287136111398,SCSA-STATE_ART,-7,SCSA
60,SCSA-STATE_ART,1363941648812675075,4,5,-0.1600253654296599,SCSA-STATE_ART-SCSA_PLUS_V3,8,-0.40614885358431063,SCSA-STATE_ART,-4,SCSA
60,SCSA-STATE_ART,1364321423901085698,5,5,-0.1618289919260795,SCSA-STATE_ART-SCSA_PLUS_V3,9,-0.6454044471789697,SCSA-STATE_ART,-4,SCSA
60,SCSA-STATE_ART,1368286394792046596,6,5,-0.162271572345154,SCSA-STATE_ART-SCSA_PLUS_V3,7,-0.2562375596577508,SCSA-STATE_ART,-1,SCSA
60,SCSA-STATE_ART,1368984433026596867,7,5,-0.16254001199801418,SCSA-STATE_ART-SCSA_PLUS_V3,6,0.18810878772294387,SCSA-STATE_ART,1,SCSA
60,SCSA-STATE_ART,1354118501653483523,8,5,-0.1626934571397117,SCSA-STATE_ART-SCSA_PLUS_V3,1,2.044728839831383,SCSA-STATE_ART,7,SCSA
60,SCSA-STATE_ART,1369034842222985216,9,5,-0.16285972135834859,SCSA-STATE_ART-SCSA_PLUS_V3,2,1.3579494760277242,SCSA-STATE_ART,7,SCSA
60,SCSA-STATE_ART,1367315410106736640,10,5,-0.1629176563950277,SCSA-STATE_ART-SCSA_PLUS_V3,3,0.5127916549478541,SCSA-STATE_ART,7,SCSA
61,SCSA-STATE_ART,1339525827118194689,1,3,-0.03887995582502068,SCSA-STATE_ART-SCSA_PLUS_V3,6,0.21521418030591352,SCSA-STATE_ART,-5,SCSA
61,SCSA-STATE_ART,1288988861092245505,2,3,-0.1272630928080207,SCSA-STATE_ART-SCSA_PLUS_V3,9,-0.5143783629706339,SCSA-STATE_ART,-7,SCSA
61,SCSA-STATE_ART,1367949455262060544,3,3,-0.15977182834802614,SCSA-STATE_ART-SCSA_PLUS_V3,3,0.9441317443746262,SCSA-STATE_ART,0,SCSA
61,SCSA-STATE_ART,1364321423901085698,4,4,-0.1618289919260795,SCSA-STATE_ART-SCSA_PLUS_V3,10,-0.6454044471789697,SCSA-STATE_ART,-6,SCSA
61,SCSA-STATE_ART,1358610352313757697,5,3,-0.16197188963713427,SCSA-STATE_ART-SCSA_PLUS_V3,8,-0.438281159945673,SCSA-STATE_ART,-3,SCSA
61,SCSA-STATE_ART,1242143080616087552,6,2,-0.162394680611172,SCSA-STATE_ART-SCSA_PLUS_V3,1,2.1676722676063447,SCSA-STATE_ART,5,SCSA
61,SCSA-STATE_ART,1368984433026596867,7,2,-0.16254001199801418,SCSA-STATE_ART-SCSA_PLUS_V3,7,0.18810878772294387,SCSA-STATE_ART,0,SCSA
61,SCSA-STATE_ART,1354118501653483523,8,5,-0.1626934571397117,SCSA-STATE_ART-SCSA_PLUS_V3,2,2.044728839831383,SCSA-STATE_ART,6,SCSA
61,SCSA-STATE_ART,1358615407775649792,9,2,-0.16291985464561376,SCSA-STATE_ART-SCSA_PLUS_V3,5,0.5359265244876907,SCSA-STATE_ART,4,SCSA
61,SCSA-STATE_ART,1357706176864129027,10,2,-0.1629386445344312,SCSA-STATE_ART-SCSA_PLUS_V3,4,0.7723147019508418,SCSA-STATE_ART,6,SCSA
62,SCSA-STATE_ART,1351920546011893761,1,3,1.3654915218742583,SCSA-STATE_ART-SCSA_PLUS_V3,6,0.6898963199435365,SCSA-STATE_ART,-5,SCSA
62,SCSA-STATE_ART,1365416645624143873,2,3,1.352063197003944,SCSA-STATE_ART-SCSA_PLUS_V3,2,2.4717959298546774,SCSA-STATE_ART,0,SCSA
62,SCSA-STATE_ART,1337463904566456320,3,3,1.2925489724102472,SCSA-STATE_ART-SCSA_PLUS_V3,4,1.246704028276814,SCSA-STATE_ART,-1,SCSA
62,SCSA-STATE_ART,1331744604891344896,4,1,0.16271656809978113,SCSA-STATE_ART-SCSA_PLUS_V3,7,0.17528638066983188,SCSA-STATE_ART,-3,SCSA
62,SCSA-STATE_ART,1364607745270423556,5,3,0.15814341714407787,SCSA-STATE_ART-SCSA_PLUS_V3,9,-0.6917746542144274,SCSA-STATE_ART,-4,SCSA
62,SCSA-STATE_ART,1353502767352926208,6,3,-0.08581479228989936,SCSA-STATE_ART-SCSA_PLUS_V3,8,-0.053388971030963905,SCSA-STATE_ART,-2,SCSA
62,SCSA-STATE_ART,1337077938076979205,7,3,-0.1514914697726787,SCSA-STATE_ART-SCSA_PLUS_V3,5,1.088804073713282,SCSA-STATE_ART,2,SCSA
62,SCSA-STATE_ART,1336793663792406530,8,2,-0.15899590429959662,SCSA-STATE_ART-SCSA_PLUS_V3,1,2.6714144202875567,SCSA-STATE_ART,7,SCSA
62,SCSA-STATE_ART,1369383214062665731,9,2,-0.1619771478345075,SCSA-STATE_ART-SCSA_PLUS_V3,10,-1.2026740193686212,SCSA-STATE_ART,-1,SCSA
62,SCSA-STATE_ART,1365327872643260420,10,3,-0.1623579599275923,SCSA-STATE_ART-SCSA_PLUS_V3,3,1.9736484846794227,SCSA-STATE_ART,7,SCSA
63,SCSA-STATE_ART,1365007905318133766,1,5,-0.13768873889958996,SCSA-STATE_ART-SCSA_PLUS_V3,1,0.8388233040713567,SCSA-STATE_ART,0,SCSA
63,SCSA-STATE_ART,1366709656974942211,2,4,-0.1394375052243632,SCSA-STATE_ART-SCSA_PLUS_V3,8,-1.5357891786995663,SCSA-STATE_ART,-6,SCSA
63,SCSA-STATE_ART,1361701236395958278,3,3,-0.14446510344358682,SCSA-STATE_ART-SCSA_PLUS_V3,3,-0.407963752388452,SCSA-STATE_ART,0,SCSA
63,SCSA-STATE_ART,1369441382973272064,4,2,-0.14736864841342553,SCSA-STATE_ART-SCSA_PLUS_V3,6,-1.523554971359398,SCSA-STATE_ART,-2,SCSA
63,SCSA-STATE_ART,1369441382973272064,4,2,-0.14736864841342553,SCSA-STATE_ART-SCSA_PLUS_V3,7,-1.523554971359398,SCSA-STATE_ART,-3,SCSA
63,SCSA-STATE_ART,1369441382973272064,5,5,-0.14736864841342553,SCSA-STATE_ART-SCSA_PLUS_V3,6,-1.523554971359398,SCSA-STATE_ART,-1,SCSA
63,SCSA-STATE_ART,1369441382973272064,5,5,-0.14736864841342553,SCSA-STATE_ART-SCSA_PLUS_V3,7,-1.523554971359398,SCSA-STATE_ART,-2,SCSA
63,SCSA-STATE_ART,1364579317964034050,6,5,-0.1485508750733014,SCSA-STATE_ART-SCSA_PLUS_V3,9,-1.7943956998005064,SCSA-STATE_ART,-3,SCSA
63,SCSA-STATE_ART,1369495249417101312,7,5,-0.14994155545922294,SCSA-STATE_ART-SCSA_PLUS_V3,10,-2.9597096331748514,SCSA-STATE_ART,-3,SCSA
63,SCSA-STATE_ART,1361388306106318857,8,3,-0.15475331088110703,SCSA-STATE_ART-SCSA_PLUS_V3,4,-0.7042556358727347,SCSA-STATE_ART,4,SCSA
63,SCSA-STATE_ART,1369030160943611907,9,5,-0.1604686032774996,SCSA-STATE_ART-SCSA_PLUS_V3,5,-1.0580393819449574,SCSA-STATE_ART,4,SCSA
63,SCSA-STATE_ART,1366932843067277314,10,2,-0.1612231545723697,SCSA-STATE_ART-SCSA_PLUS_V3,2,-0.1934741893759045,SCSA-STATE_ART,8,SCSA
66,SCSA-STATE_ART,1321799645652307969,1,5,0.050249781870906354,SCSA-STATE_ART-SCSA_PLUS_V3,5,0.3511901373638698,SCSA-STATE_ART,-4,SCSA
66,SCSA-STATE_ART,1364664823984779267,2,5,-0.08505591236422134,SCSA-STATE_ART-SCSA_PLUS_V3,1,2.201653243197635,SCSA-STATE_ART,1,SCSA
66,SCSA-STATE_ART,1303840025000509448,3,4,-0.1037733167114671,SCSA-STATE_ART-SCSA_PLUS_V3,8,-0.017574862197124605,SCSA-STATE_ART,-5,SCSA
66,SCSA-STATE_ART,1368217898095964166,4,5,-0.12218713890080873,SCSA-STATE_ART-SCSA_PLUS_V3,3,0.5395486329875457,SCSA-STATE_ART,1,SCSA
66,SCSA-STATE_ART,1365629350721249281,5,5,-0.14877194258128032,SCSA-STATE_ART-SCSA_PLUS_V3,7,0.07713175051477816,SCSA-STATE_ART,-2,SCSA
66,SCSA-STATE_ART,1327398719789150214,6,2,-0.15075844474203384,SCSA-STATE_ART-SCSA_PLUS_V3,6,0.34220993144944506,SCSA-STATE_ART,0,SCSA
66,SCSA-STATE_ART,1291862297665626112,7,2,-0.1523232706653703,SCSA-STATE_ART-SCSA_PLUS_V3,9,-0.03464420093323811,SCSA-STATE_ART,-2,SCSA
66,SCSA-STATE_ART,1308893236723953665,8,5,-0.15252486827059736,SCSA-STATE_ART-SCSA_PLUS_V3,10,-1.4537659944140655,SCSA-STATE_ART,-2,SCSA
66,SCSA-STATE_ART,1317811466339221509,9,3,-0.15725057835839867,SCSA-STATE_ART-SCSA_PLUS_V3,4,0.41676185131976534,SCSA-STATE_ART,5,SCSA
66,SCSA-STATE_ART,1283518830950510593,10,2,-0.1621187040011568,SCSA-STATE_ART-SCSA_PLUS_V3,2,1.7155672291830406,SCSA-STATE_ART,8,SCSA
68,SCSA-STATE_ART,1321455751567532032,1,5,-0.06056330978192362,SCSA-STATE_ART-SCSA_PLUS_V3,4,0.309182033188763,SCSA-STATE_ART,-3,SCSA
68,SCSA-STATE_ART,1333873034114064385,2,5,-0.10490736571346042,SCSA-STATE_ART-SCSA_PLUS_V3,6,0.13362266922772295,SCSA-STATE_ART,-4,SCSA
68,SCSA-STATE_ART,1320142365038817281,3,5,-0.11130999141045847,SCSA-STATE_ART-SCSA_PLUS_V3,7,-0.26444635194562044,SCSA-STATE_ART,-4,SCSA
68,SCSA-STATE_ART,1338592930022363139,4,5,-0.1462227479128133,SCSA-STATE_ART-SCSA_PLUS_V3,8,-0.9213822114451771,SCSA-STATE_ART,-4,SCSA
68,SCSA-STATE_ART,1337077938076979205,5,5,-0.1514914697726787,SCSA-STATE_ART-SCSA_PLUS_V3,3,1.088804073713282,SCSA-STATE_ART,2,SCSA
68,SCSA-STATE_ART,1367882927384768524,6,3,-0.15329852445505293,SCSA-STATE_ART-SCSA_PLUS_V3,10,-1.5710434219908604,SCSA-STATE_ART,-4,SCSA
68,SCSA-STATE_ART,1347619092417548288,7,5,-0.15679240711867998,SCSA-STATE_ART-SCSA_PLUS_V3,9,-1.5254769823729484,SCSA-STATE_ART,-2,SCSA
68,SCSA-STATE_ART,1362069293790162946,8,5,-0.15775414054742581,SCSA-STATE_ART-SCSA_PLUS_V3,5,0.18921145095492575,SCSA-STATE_ART,3,SCSA
68,SCSA-STATE_ART,1360346403873181707,9,4,-0.15888531885611126,SCSA-STATE_ART-SCSA_PLUS_V3,2,1.2136129422550426,SCSA-STATE_ART,7,SCSA
68,SCSA-STATE_ART,1336793663792406530,10,5,-0.15899590429959662,SCSA-STATE_ART-SCSA_PLUS_V3,1,2.6714144202875567,SCSA-STATE_ART,9,SCSA
70,SCSA-STATE_ART,1369441382973272064,1,5,-0.14736864841342553,SCSA-STATE_ART-SCSA_PLUS_V3,6,-1.523554971359398,SCSA-STATE_ART,-5,SCSA
70,SCSA-STATE_ART,1369495249417101312,2,5,-0.14994155545922294,SCSA-STATE_ART-SCSA_PLUS_V3,10,-2.9597096331748514,SCSA-STATE_ART,-8,SCSA
70,SCSA-STATE_ART,1369226601972563972,3,3,-0.16125601151625013,SCSA-STATE_ART-SCSA_PLUS_V3,5,-1.452492026134038,SCSA-STATE_ART,-2,SCSA
70,SCSA-STATE_ART,1368622654870192131,4,3,-0.16142646892113027,SCSA-STATE_ART-SCSA_PLUS_V3,3,-0.8266309529068743,SCSA-STATE_ART,1,SCSA
70,SCSA-STATE_ART,1369438033892806663,5,3,-0.1614420235489199,SCSA-STATE_ART-SCSA_PLUS_V3,7,-1.5743066733298112,SCSA-STATE_ART,-2,SCSA
70,SCSA-STATE_ART,1369619124318580736,6,4,-0.16155752799471415,SCSA-STATE_ART-SCSA_PLUS_V3,8,-1.6646792448280587,SCSA-STATE_ART,-2,SCSA
70,SCSA-STATE_ART,1369458171467591683,7,3,-0.1620526925449209,SCSA-STATE_ART-SCSA_PLUS_V3,9,-1.6653362026071827,SCSA-STATE_ART,-2,SCSA
70,SCSA-STATE_ART,1364851499042537474,8,2,-0.16221524869930015,SCSA-STATE_ART-SCSA_PLUS_V3,4,-0.9737132945934601,SCSA-STATE_ART,4,SCSA
70,SCSA-STATE_ART,1352554075657801732,9,3,-0.16254188299511702,SCSA-STATE_ART-SCSA_PLUS_V3,2,-0.4659285255426969,SCSA-STATE_ART,7,SCSA
70,SCSA-STATE_ART,1352937076669476864,10,3,-0.16285043917309297,SCSA-STATE_ART-SCSA_PLUS_V3,1,0.4804274370142707,SCSA-STATE_ART,9,SCSA
71,SCSA-STATE_ART,1364607745270423556,1,5,0.15814341714407787,SCSA-STATE_ART-SCSA_PLUS_V3,8,-0.6917746542144274,SCSA-STATE_ART,-7,SCSA
71,SCSA-STATE_ART,1339525827118194689,2,5,-0.03887995582502068,SCSA-STATE_ART-SCSA_PLUS_V3,4,0.21521418030591352,SCSA-STATE_ART,-2,SCSA
71,SCSA-STATE_ART,1337077938076979205,3,4,-0.1514914697726787,SCSA-STATE_ART-SCSA_PLUS_V3,3,1.088804073713282,SCSA-STATE_ART,0,SCSA
71,SCSA-STATE_ART,1336793663792406530,4,4,-0.15899590429959662,SCSA-STATE_ART-SCSA_PLUS_V3,1,2.6714144202875567,SCSA-STATE_ART,3,SCSA
71,SCSA-STATE_ART,1364321423901085698,5,5,-0.1618289919260795,SCSA-STATE_ART-SCSA_PLUS_V3,7,-0.6454044471789697,SCSA-STATE_ART,-2,SCSA
71,SCSA-STATE_ART,1369386818169372680,6,5,-0.16196945948694028,SCSA-STATE_ART-SCSA_PLUS_V3,10,-1.334465068837602,SCSA-STATE_ART,-4,SCSA
71,SCSA-STATE_ART,1369383214062665731,7,4,-0.1619771478345075,SCSA-STATE_ART-SCSA_PLUS_V3,9,-1.2026740193686212,SCSA-STATE_ART,-2,SCSA
71,SCSA-STATE_ART,1369372321736232963,8,5,-0.1623682998941281,SCSA-STATE_ART-SCSA_PLUS_V3,6,0.07742471896033629,SCSA-STATE_ART,2,SCSA
71,SCSA-STATE_ART,1368984433026596867,9,5,-0.16254001199801418,SCSA-STATE_ART-SCSA_PLUS_V3,5,0.18810878772294387,SCSA-STATE_ART,4,SCSA
71,SCSA-STATE_ART,1354118501653483523,10,4,-0.1626934571397117,SCSA-STATE_ART-SCSA_PLUS_V3,2,2.044728839831383,SCSA-STATE_ART,8,SCSA
72,SCSA-STATE_ART,1356662728111181824,1,5,-0.15636658402863085,SCSA-STATE_ART-SCSA_PLUS_V3,3,-0.33102284672983556,SCSA-STATE_ART,-2,SCSA
72,SCSA-STATE_ART,1343929726579187713,2,5,-0.1599771740171698,SCSA-STATE_ART-SCSA_PLUS_V3,9,-1.3210851099433676,SCSA-STATE_ART,-7,SCSA
72,SCSA-STATE_ART,1365767910543691777,3,5,-0.1599904658832262,SCSA-STATE_ART-SCSA_PLUS_V3,10,-1.8994781434205041,SCSA-STATE_ART,-7,SCSA
72,SCSA-STATE_ART,1367532398825648130,4,5,-0.16121993792220848,SCSA-STATE_ART-SCSA_PLUS_V3,7,-0.8426549645049464,SCSA-STATE_ART,-3,SCSA
72,SCSA-STATE_ART,1312137847378386944,5,5,-0.1616324460308844,SCSA-STATE_ART-SCSA_PLUS_V3,4,-0.5241358315881505,SCSA-STATE_ART,1,SCSA
72,SCSA-STATE_ART,1334873804582121475,6,5,-0.16205234793294093,SCSA-STATE_ART-SCSA_PLUS_V3,8,-1.2282850111016024,SCSA-STATE_ART,-2,SCSA
72,SCSA-STATE_ART,1354446870312005635,7,5,-0.16205658248384164,SCSA-STATE_ART-SCSA_PLUS_V3,6,-0.6887574181962871,SCSA-STATE_ART,1,SCSA
72,SCSA-STATE_ART,1355169402128363523,8,5,-0.16218026382673795,SCSA-STATE_ART-SCSA_PLUS_V3,5,-0.5271830385248677,SCSA-STATE_ART,3,SCSA
72,SCSA-STATE_ART,1356255352145272832,9,5,-0.16226691210726413,SCSA-STATE_ART-SCSA_PLUS_V3,2,0.013096433422301454,SCSA-STATE_ART,7,SCSA
72,SCSA-STATE_ART,1329861315624660993,10,5,-0.16283159977455564,SCSA-STATE_ART-SCSA_PLUS_V3,1,0.022496863039828327,SCSA-STATE_ART,9,SCSA
73,SCSA-STATE_ART,1365007905318133766,1,4,-0.13768873889958996,SCSA-STATE_ART-SCSA_PLUS_V3,1,0.8388233040713567,SCSA-STATE_ART,0,SCSA
73,SCSA-STATE_ART,1366709656974942211,2,1,-0.1394375052243632,SCSA-STATE_ART-SCSA_PLUS_V3,8,-1.5357891786995663,SCSA-STATE_ART,-6,SCSA
73,SCSA-STATE_ART,1361701236395958278,3,1,-0.14446510344358682,SCSA-STATE_ART-SCSA_PLUS_V3,4,-0.407963752388452,SCSA-STATE_ART,-1,SCSA
73,SCSA-STATE_ART,1364579317964034050,4,2,-0.1485508750733014,SCSA-STATE_ART-SCSA_PLUS_V3,10,-1.7943956998005064,SCSA-STATE_ART,-6,SCSA
73,SCSA-STATE_ART,1361388306106318857,5,3,-0.15475331088110703,SCSA-STATE_ART-SCSA_PLUS_V3,5,-0.7042556358727347,SCSA-STATE_ART,0,SCSA
73,SCSA-STATE_ART,1369030160943611907,6,2,-0.1604686032774996,SCSA-STATE_ART-SCSA_PLUS_V3,6,-1.0580393819449574,SCSA-STATE_ART,0,SCSA
73,SCSA-STATE_ART,1366932843067277314,7,1,-0.1612231545723697,SCSA-STATE_ART-SCSA_PLUS_V3,3,-0.1934741893759045,SCSA-STATE_ART,4,SCSA
73,SCSA-STATE_ART,1369395335769038849,8,5,-0.16179179271649785,SCSA-STATE_ART-SCSA_PLUS_V3,7,-1.3015155120441153,SCSA-STATE_ART,1,SCSA
73,SCSA-STATE_ART,1369292125641269258,9,5,-0.1619979259031211,SCSA-STATE_ART-SCSA_PLUS_V3,2,0.7231138329417203,SCSA-STATE_ART,7,SCSA
73,SCSA-STATE_ART,1369458171467591683,10,1,-0.1620526925449209,SCSA-STATE_ART-SCSA_PLUS_V3,9,-1.6653362026071827,SCSA-STATE_ART,1,SCSA
74,SCSA-STATE_ART,1369441382973272064,1,4,-0.14736864841342553,SCSA-STATE_ART-SCSA_PLUS_V3,4,-1.523554971359398,SCSA-STATE_ART,-3,SCSA
74,SCSA-STATE_ART,1369495249417101312,2,5,-0.14994155545922294,SCSA-STATE_ART-SCSA_PLUS_V3,9,-2.9597096331748514,SCSA-STATE_ART,-7,SCSA
74,SCSA-STATE_ART,1369015794248671233,3,4,-0.16113379848586523,SCSA-STATE_ART-SCSA_PLUS_V3,8,-1.6838089616990273,SCSA-STATE_ART,-5,SCSA
74,SCSA-STATE_ART,1369226601972563972,4,4,-0.16125601151625013,SCSA-STATE_ART-SCSA_PLUS_V3,3,-1.452492026134038,SCSA-STATE_ART,1,SCSA
74,SCSA-STATE_ART,1368622654870192131,5,3,-0.16142646892113027,SCSA-STATE_ART-SCSA_PLUS_V3,1,-0.8266309529068743,SCSA-STATE_ART,4,SCSA
74,SCSA-STATE_ART,1369438033892806663,6,4,-0.1614420235489199,SCSA-STATE_ART-SCSA_PLUS_V3,5,-1.5743066733298112,SCSA-STATE_ART,1,SCSA
74,SCSA-STATE_ART,1369619124318580736,7,5,-0.16155752799471415,SCSA-STATE_ART-SCSA_PLUS_V3,6,-1.6646792448280587,SCSA-STATE_ART,1,SCSA
74,SCSA-STATE_ART,1369395335769038849,8,4,-0.16179179271649785,SCSA-STATE_ART-SCSA_PLUS_V3,2,-1.3015155120441153,SCSA-STATE_ART,6,SCSA
74,SCSA-STATE_ART,1369315042236174343,9,5,-0.16204525126394473,SCSA-STATE_ART-SCSA_PLUS_V3,10,-3.639470760120057,SCSA-STATE_ART,-1,SCSA
74,SCSA-STATE_ART,1369458171467591683,10,5,-0.1620526925449209,SCSA-STATE_ART-SCSA_PLUS_V3,7,-1.6653362026071827,SCSA-STATE_ART,3,SCSA
76,SCSA-STATE_ART,1351920546011893761,1,2,1.3654915218742583,SCSA-STATE_ART-SCSA_PLUS_V3,6,0.6898963199435365,SCSA-STATE_ART,-5,SCSA
76,SCSA-STATE_ART,1365416645624143873,2,2,1.352063197003944,SCSA-STATE_ART-SCSA_PLUS_V3,1,2.4717959298546774,SCSA-STATE_ART,1,SCSA
76,SCSA-STATE_ART,1337463904566456320,3,2,1.2925489724102472,SCSA-STATE_ART-SCSA_PLUS_V3,3,1.246704028276814,SCSA-STATE_ART,0,SCSA
76,SCSA-STATE_ART,1358843677582401536,4,5,0.9431325564939711,SCSA-STATE_ART-SCSA_PLUS_V3,2,1.6418753577979033,SCSA-STATE_ART,2,SCSA
76,SCSA-STATE_ART,1331741612402237443,5,4,0.2669490359302921,SCSA-STATE_ART-SCSA_PLUS_V3,7,0.5624473610952869,SCSA-STATE_ART,-2,SCSA
76,SCSA-STATE_ART,1358843515149504514,6,4,0.18714062376005267,SCSA-STATE_ART-SCSA_PLUS_V3,5,0.8316723299406994,SCSA-STATE_ART,1,SCSA
76,SCSA-STATE_ART,1331744604891344896,7,2,0.16271656809978113,SCSA-STATE_ART-SCSA_PLUS_V3,8,0.17528638066983188,SCSA-STATE_ART,-1,SCSA
76,SCSA-STATE_ART,1353502767352926208,8,2,-0.08581479228989936,SCSA-STATE_ART-SCSA_PLUS_V3,9,-0.053388971030963905,SCSA-STATE_ART,-1,SCSA
76,SCSA-STATE_ART,1290659734639521798,9,4,-0.09388391124280858,SCSA-STATE_ART-SCSA_PLUS_V3,10,-0.2535422406601806,SCSA-STATE_ART,-1,SCSA
76,SCSA-STATE_ART,1357375687967997959,10,2,-0.1322147295008666,SCSA-STATE_ART-SCSA_PLUS_V3,4,1.1651198867786141,SCSA-STATE_ART,6,SCSA
77,SCSA-STATE_ART,1369015794248671233,1,5,-0.16113379848586523,SCSA-STATE_ART-SCSA_PLUS_V3,9,-1.6838089616990273,SCSA-STATE_ART,-8,SCSA
77,SCSA-STATE_ART,1369226601972563972,2,5,-0.16125601151625013,SCSA-STATE_ART-SCSA_PLUS_V3,5,-1.452492026134038,SCSA-STATE_ART,-3,SCSA
77,SCSA-STATE_ART,1368622654870192131,3,4,-0.16142646892113027,SCSA-STATE_ART-SCSA_PLUS_V3,2,-0.8266309529068743,SCSA-STATE_ART,1,SCSA
77,SCSA-STATE_ART,1369438033892806663,4,5,-0.1614420235489199,SCSA-STATE_ART-SCSA_PLUS_V3,6,-1.5743066733298112,SCSA-STATE_ART,-2,SCSA
77,SCSA-STATE_ART,1369619124318580736,5,5,-0.16155752799471415,SCSA-STATE_ART-SCSA_PLUS_V3,7,-1.6646792448280587,SCSA-STATE_ART,-2,SCSA
77,SCSA-STATE_ART,1369395335769038849,6,5,-0.16179179271649785,SCSA-STATE_ART-SCSA_PLUS_V3,4,-1.3015155120441153,SCSA-STATE_ART,2,SCSA
77,SCSA-STATE_ART,1369315042236174343,7,3,-0.16204525126394473,SCSA-STATE_ART-SCSA_PLUS_V3,10,-3.639470760120057,SCSA-STATE_ART,-3,SCSA
77,SCSA-STATE_ART,1369458171467591683,8,4,-0.1620526925449209,SCSA-STATE_ART-SCSA_PLUS_V3,8,-1.6653362026071827,SCSA-STATE_ART,0,SCSA
77,SCSA-STATE_ART,1364851499042537474,9,5,-0.16221524869930015,SCSA-STATE_ART-SCSA_PLUS_V3,3,-0.9737132945934601,SCSA-STATE_ART,6,SCSA
77,SCSA-STATE_ART,1352554075657801732,10,5,-0.16254188299511702,SCSA-STATE_ART-SCSA_PLUS_V3,1,-0.4659285255426969,SCSA-STATE_ART,9,SCSA
78,SCSA-STATE_ART,1368561200754270210,1,4,0.38100997072506226,SCSA-STATE_ART-SCSA_PLUS_V3,9,-0.5872673388055657,SCSA-STATE_ART,-8,SCSA
78,SCSA-STATE_ART,1366232555037462531,2,4,0.16494129552663925,SCSA-STATE_ART-SCSA_PLUS_V3,1,2.4066859821491637,SCSA-STATE_ART,1,SCSA
78,SCSA-STATE_ART,1319343716801236992,3,2,-0.14673009956013566,SCSA-STATE_ART-SCSA_PLUS_V3,5,-0.1767731835649707,SCSA-STATE_ART,-2,SCSA
78,SCSA-STATE_ART,1367531774012751878,4,1,-0.15555461865822937,SCSA-STATE_ART-SCSA_PLUS_V3,6,-0.3312698622900431,SCSA-STATE_ART,-2,SCSA
78,SCSA-STATE_ART,1368933410085945345,5,1,-0.158241675314955,SCSA-STATE_ART-SCSA_PLUS_V3,10,-0.8245235739816595,SCSA-STATE_ART,-5,SCSA
78,SCSA-STATE_ART,1345510484213075968,6,1,-0.16148089480623054,SCSA-STATE_ART-SCSA_PLUS_V3,8,-0.5505627448356328,SCSA-STATE_ART,-2,SCSA
78,SCSA-STATE_ART,1326736922199257089,7,1,-0.1615990631356641,SCSA-STATE_ART-SCSA_PLUS_V3,3,0.6018545800708728,SCSA-STATE_ART,4,SCSA
78,SCSA-STATE_ART,1368584215403655171,8,1,-0.16250993603289163,SCSA-STATE_ART-SCSA_PLUS_V3,4,0.5599962101352517,SCSA-STATE_ART,4,SCSA
78,SCSA-STATE_ART,1367649223601238016,9,2,-0.162515760155467,SCSA-STATE_ART-SCSA_PLUS_V3,2,0.6817769041663367,SCSA-STATE_ART,7,SCSA
78,SCSA-STATE_ART,1367170047081402380,10,1,-0.1626959818520871,SCSA-STATE_ART-SCSA_PLUS_V3,7,-0.35459981167226234,SCSA-STATE_ART,3,SCSA
79,SCSA-STATE_ART,1321455751567532032,1,5,-0.06056330978192362,SCSA-STATE_ART-SCSA_PLUS_V3,6,0.309182033188763,SCSA-STATE_ART,-5,SCSA
79,SCSA-STATE_ART,1333873034114064385,2,3,-0.10490736571346042,SCSA-STATE_ART-SCSA_PLUS_V3,8,0.13362266922772295,SCSA-STATE_ART,-6,SCSA
79,SCSA-STATE_ART,1343729046891347968,3,5,-0.14388723828005037,SCSA-STATE_ART-SCSA_PLUS_V3,9,-0.5831723739274758,SCSA-STATE_ART,-6,SCSA
79,SCSA-STATE_ART,1359932980974657536,4,4,-0.15478179878195203,SCSA-STATE_ART-SCSA_PLUS_V3,4,1.4447248577000005,SCSA-STATE_ART,0,SCSA
79,SCSA-STATE_ART,1366115959623331844,5,5,-0.1567167050255976,SCSA-STATE_ART-SCSA_PLUS_V3,2,2.808047228397104,SCSA-STATE_ART,3,SCSA
79,SCSA-STATE_ART,1347619092417548288,6,5,-0.15679240711867998,SCSA-STATE_ART-SCSA_PLUS_V3,10,-1.5254769823729484,SCSA-STATE_ART,-4,SCSA
79,SCSA-STATE_ART,1362069293790162946,7,5,-0.15775414054742581,SCSA-STATE_ART-SCSA_PLUS_V3,7,0.18921145095492575,SCSA-STATE_ART,0,SCSA
79,SCSA-STATE_ART,1360346403873181707,8,4,-0.15888531885611126,SCSA-STATE_ART-SCSA_PLUS_V3,5,1.2136129422550426,SCSA-STATE_ART,3,SCSA
79,SCSA-STATE_ART,1364624807220948994,9,5,-0.16009886210320087,SCSA-STATE_ART-SCSA_PLUS_V3,1,3.02914102513722,SCSA-STATE_ART,8,SCSA
79,SCSA-STATE_ART,1362872757109809152,10,4,-0.16234826693959664,SCSA-STATE_ART-SCSA_PLUS_V3,3,1.5033954443205968,SCSA-STATE_ART,7,SCSA
81,SCSA-STATE_ART,1368561200754270210,1,5,0.38100997072506226,SCSA-STATE_ART-SCSA_PLUS_V3,8,-0.5872673388055657,SCSA-STATE_ART,-7,SCSA
81,SCSA-STATE_ART,1367822755769573377,2,5,-0.0647045687104689,SCSA-STATE_ART-SCSA_PLUS_V3,9,-1.0268240346221977,SCSA-STATE_ART,-7,SCSA
81,SCSA-STATE_ART,1368170081633644548,3,4,-0.08482021680225563,SCSA-STATE_ART-SCSA_PLUS_V3,4,0.30667945565546284,SCSA-STATE_ART,-1,SCSA
81,SCSA-STATE_ART,1333873034114064385,4,5,-0.10490736571346042,SCSA-STATE_ART-SCSA_PLUS_V3,6,0.13362266922772295,SCSA-STATE_ART,-2,SCSA
81,SCSA-STATE_ART,1367497561645457427,5,5,-0.12649337531736587,SCSA-STATE_ART-SCSA_PLUS_V3,7,0.12966280762045687,SCSA-STATE_ART,-2,SCSA
81,SCSA-STATE_ART,1369367467001315336,6,4,-0.1288669931501002,SCSA-STATE_ART-SCSA_PLUS_V3,2,0.9445520503403014,SCSA-STATE_ART,4,SCSA
81,SCSA-STATE_ART,1368501683219693570,7,5,-0.13797545345684709,SCSA-STATE_ART-SCSA_PLUS_V3,3,0.6838604334919682,SCSA-STATE_ART,4,SCSA
81,SCSA-STATE_ART,1359932980974657536,8,5,-0.15478179878195203,SCSA-STATE_ART-SCSA_PLUS_V3,1,1.4447248577000005,SCSA-STATE_ART,7,SCSA
81,SCSA-STATE_ART,1362069293790162946,9,5,-0.15775414054742581,SCSA-STATE_ART-SCSA_PLUS_V3,5,0.18921145095492575,SCSA-STATE_ART,4,SCSA
81,SCSA-STATE_ART,1369458171467591683,10,5,-0.1620526925449209,SCSA-STATE_ART-SCSA_PLUS_V3,10,-1.6653362026071827,SCSA-STATE_ART,0,SCSA
