mrr,map,ndcg,precision_at_1,precision_at_2,precision_at_3,precision_at_4,precision_at_5,precision_at_10,user_id,algorithm
1.0,0.9095238095238096,0.972664731083356,1.0,1.0,1.0,1.0,1.0,0.7,1,B1
0.3333333333333333,0.41666666666666663,0.5706417189553201,0.0,0.0,0.3333333333333333,0.5,0.4,0.2,3,B1
,0.0,0.0,0.0,0.0,0.0,0.0,0.0,0.0,43,B1
0.2,0.38126984126984126,0.5652064629239767,0.0,0.0,0.0,0.0,0.2,0.5,46,B1
0.125,0.1736111111111111,0.37800210039683896,0.0,0.0,0.0,0.0,0.0,0.2,32,B1
1.0,1.0,1.0,1.0,1.0,1.0,1.0,1.0,0.6,54,B1
1.0,0.7869614512471655,0.9136388903869314,1.0,1.0,0.6666666666666666,0.5,0.6,0.7,7,B1
1.0,0.49583333333333335,0.7438924904678291,1.0,0.5,0.3333333333333333,0.25,0.2,0.4,44,B1
1.0,0.6925170068027212,0.8513372772927026,1.0,0.5,0.3333333333333333,0.5,0.6,0.7,9,B1
0.25,0.5021825396825397,0.6425958210520417,0.0,0.0,0.0,0.25,0.4,0.6,74,B1
1.0,0.6833333333333333,0.867043684838194,1.0,1.0,0.6666666666666666,0.5,0.4,0.4,57,B1
1.0,0.8333333333333333,0.9197207891481876,1.0,0.5,0.6666666666666666,0.5,0.4,0.2,76,B1
,0.0,0.0,0.0,0.0,0.0,0.0,0.0,0.0,78,B1
1.0,1.0,1.0,1.0,1.0,1.0,1.0,1.0,1.0,8,B1
1.0,0.8954648526077096,0.9643632283499571,1.0,1.0,1.0,0.75,0.8,0.7,33,B1
1.0,0.9282627865961199,0.9770153702993121,1.0,1.0,1.0,1.0,0.8,0.9,55,B1
1.0,0.7155328798185941,0.858594026354055,1.0,0.5,0.3333333333333333,0.5,0.6,0.7,51,B1
,0.0,0.0,0.0,0.0,0.0,0.0,0.0,0.0,53,B1
1.0,1.4085097001763667,0.7172591493066162,0.0,0.0,0.3333333333333333,0.25,0.4,0.5,11,B1
0.3333333333333333,0.4809523809523809,0.6475524427682379,0.0,0.0,0.3333333333333333,0.5,0.4,0.5,73,B1
0.3333333333333333,0.5709183673469387,0.7027000139797092,0.0,0.0,0.3333333333333333,0.5,0.6,0.7,27,B1
0.3333333333333333,0.4666666666666666,0.6414921733776295,0.0,0.0,0.3333333333333333,0.5,0.4,0.5,26,B1
0.3333333333333333,0.4083333333333333,0.5981109640835669,0.0,0.0,0.3333333333333333,0.25,0.4,0.4,42,B1
0.25,0.2361111111111111,0.448643819352159,0.0,0.0,0.0,0.25,0.2,0.2,45,B1
0.2,0.30277777777777776,0.4967432029864875,0.0,0.0,0.0,0.0,0.2,0.3,28,B1
0.5,0.7031746031746031,0.798465881758476,0.0,0.5,0.6666666666666666,0.75,0.6,0.8,72,B1
1.0,0.7048611111111112,0.8773497378596238,1.0,1.0,0.6666666666666666,0.5,0.4,0.4,31,B1
1.0,1.0,1.0,1.0,1.0,1.0,1.0,1.0,1.0,10,B1
0.3333333333333333,0.5628571428571428,0.6807182344492225,0.0,0.0,0.3333333333333333,0.5,0.6,0.5,30,B1
1.0,0.9129251700680271,0.9731203984025376,1.0,1.0,1.0,1.0,0.8,0.7,29,B1
1.0,1.7546516754850088,0.9897970713338899,1.0,1.0,1.0,1.0,1.0,1.0,36,B1
1.0,1.0,1.0,1.0,1.0,1.0,1.0,1.0,1.0,23,B1
0.5,0.373015873015873,0.5937751258332797,0.0,0.5,0.3333333333333333,0.25,0.2,0.3,13,B1
1.0,0.8010204081632653,0.906029422444528,1.0,0.5,0.6666666666666666,0.75,0.8,0.7,24,B1
0.14285714285714285,0.2216931216931217,0.43334518829986224,0.0,0.0,0.0,0.0,0.0,0.3,15,B1
0.3333333333333333,0.29166666666666663,0.5,0.0,0.0,0.3333333333333333,0.25,0.2,0.2,16,B1
1.0,1.0,1.0,1.0,1.0,1.0,1.0,1.0,1.0,70,B1
0.5,0.5771825396825397,0.733810845809999,0.0,0.5,0.6666666666666666,0.5,0.4,0.6,61,B1
0.5,0.7347222222222223,0.8120032421377505,0.0,0.5,0.6666666666666666,0.75,0.8,0.8,17,B1
0.25,0.225,0.44130740935663865,0.0,0.0,0.0,0.25,0.2,0.2,18,B1
0.3333333333333333,0.569047619047619,0.6948159055899312,0.0,0.0,0.3333333333333333,0.5,0.6,0.6,20,B1
1.0,0.6111111111111112,0.7977228895450266,1.0,0.5,0.3333333333333333,0.25,0.2,0.2,66,B1
1.0,1.671582892416226,0.9745644604325985,1.0,1.0,1.0,1.0,1.0,0.9,68,B1
1.0,0.5666666666666667,0.7864724919925569,1.0,0.5,0.3333333333333333,0.25,0.4,0.3,21,B1
1.0,0.5657142857142856,0.7884511027424507,1.0,0.5,0.3333333333333333,0.25,0.4,0.5,50,B1
1.0,0.9571428571428572,0.9878316351280036,1.0,1.0,1.0,1.0,1.0,0.7,71,B1
1.0,0.855952380952381,0.9530418785472459,1.0,1.0,1.0,1.0,0.8,0.7,12,B1
1.0,0.8782627865961199,0.9504206262110482,1.0,1.0,0.6666666666666666,0.75,0.8,0.9,25,B1
1.0,0.5546031746031745,0.7835553654980985,1.0,0.5,0.3333333333333333,0.25,0.4,0.5,40,B1
1.0,0.9626543209876544,0.9895948844467957,1.0,1.0,1.0,1.0,1.0,0.9,22,B1
0.5,0.49999999999999994,0.6719882468370725,0.0,0.5,0.6666666666666666,0.5,0.4,0.3,39,B1
1.0,1.0,1.0,1.0,1.0,1.0,1.0,1.0,1.0,38,B1
1.0,0.8782627865961199,0.9504206262110482,1.0,1.0,0.6666666666666666,0.75,0.8,0.9,47,B1
0.3333333333333333,0.4444444444444444,0.6198898455343711,0.0,0.0,0.3333333333333333,0.5,0.4,0.4,34,B1
,0.0,0.0,0.0,0.0,0.0,0.0,0.0,0.0,35,B1
0.2,0.28690476190476194,0.3793321067785703,0.0,0.0,0.0,0.0,0.0,0.1,41,B1
1.0,1.0,1.0,1.0,1.0,1.0,1.0,1.0,1.0,60,B1
1.0,1.0,1.0,1.0,1.0,1.0,1.0,1.0,1.0,58,B1
1.0,1.0,1.0,1.0,1.0,1.0,1.0,1.0,1.0,62,B1
1.0,0.5438888888888889,0.7774950961074903,1.0,0.5,0.3333333333333333,0.25,0.4,0.5,49,B1
1.0,1.0,1.0,1.0,1.0,1.0,1.0,1.0,0.5,19,B1
1.0,0.762037037037037,0.9102003174374962,1.0,1.0,0.6666666666666666,0.75,0.6,0.6,6,B1
0.5,0.7856701940035273,0.8328978515038055,0.0,0.5,0.6666666666666666,0.75,0.8,0.9,5,B1
1.0,0.9626543209876544,0.9895948844467957,1.0,1.0,1.0,1.0,1.0,0.9,81,B1
0.5,0.5666666666666667,0.7045057227504283,0.0,0.5,0.3333333333333333,0.5,0.6,0.4,79,B1
1.0,0.9282627865961199,0.9770153702993121,1.0,1.0,1.0,1.0,0.8,0.9,2,B1
1.0,0.7260912698412698,0.8631997506525686,1.0,0.5,0.3333333333333333,0.5,0.6,0.8,4,B1
1.0,0.6428571428571428,0.8175295903539445,1.0,0.5,0.3333333333333333,0.25,0.2,0.2,37,B1
0.5,0.6957837301587302,0.6055294081949739,0.0,0.0,0.3333333333333333,0.25,0.2,0.3,63,B1
0.5,0.740702947845805,0.8078696883910291,0.0,0.5,0.6666666666666666,0.75,0.8,0.7,77,B1
1.0,1.0,1.0,1.0,1.0,1.0,0.75,0.6,0.3,48,B1
1.0,0.804421768707483,0.9268520089309741,1.0,1.0,0.6666666666666666,0.75,0.8,0.7,1,CS
0.3333333333333333,0.29166666666666663,0.5,0.0,0.0,0.3333333333333333,0.25,0.2,0.2,3,CS
,0.0,0.0,0.0,0.0,0.0,0.0,0.0,0.0,43,CS
0.25,0.39464285714285713,0.5724250321999883,0.0,0.0,0.0,0.25,0.4,0.4,46,CS
1.0,0.9666666666666666,0.9896062251871525,1.0,1.0,1.0,1.0,0.8,0.5,32,CS
0.5,0.34074074074074073,0.5730008572581421,0.0,0.5,0.3333333333333333,0.25,0.2,0.3,54,CS
0.25,0.37103174603174605,0.566251564922111,0.0,0.0,0.0,0.25,0.2,0.5,7,CS
0.25,0.36408730158730157,0.5548265038690208,0.0,0.0,0.0,0.25,0.2,0.4,44,CS
1.0,0.9055555555555554,0.9704091209634449,1.0,1.0,1.0,1.0,0.8,0.6,9,CS
0.2,0.2,0.38685280723454163,0.0,0.0,0.0,0.0,0.2,0.1,74,CS
0.3333333333333333,0.5011904761904762,0.6444638628256741,0.0,0.0,0.3333333333333333,0.5,0.6,0.4,57,CS
,0.0,0.0,0.0,0.0,0.0,0.0,0.0,0.0,76,CS
0.1,0.1,0.2890648263178879,0.0,0.0,0.0,0.0,0.0,0.1,78,CS
1.0,0.9159722222222222,0.9748459362530401,1.0,1.0,1.0,1.0,1.0,0.8,8,CS
0.25,0.3055555555555555,0.5105347743265789,0.0,0.0,0.0,0.25,0.2,0.3,33,CS
1.0,1.0,1.0,1.0,1.0,1.0,1.0,1.0,1.0,55,CS
1.0,0.5925925925925927,0.8014787115756216,1.0,0.5,0.3333333333333333,0.25,0.4,0.6,51,CS
,0.0,0.0,0.0,0.0,0.0,0.0,0.0,0.0,53,CS
1.0,2.1416208791208793,0.8671644091674504,0.0,0.5,0.6666666666666666,0.75,0.8,0.7,11,CS
1.0,0.6370370370370371,0.8357173251870647,1.0,0.5,0.6666666666666666,0.5,0.4,0.6,73,CS
1.0,0.5210317460317461,0.7593434203530206,1.0,0.5,0.3333333333333333,0.25,0.2,0.5,27,CS
0.3333333333333333,0.5801587301587301,0.6984365947119812,0.0,0.0,0.3333333333333333,0.5,0.6,0.6,26,CS
1.0,0.7392857142857142,0.8940043068327737,1.0,1.0,0.6666666666666666,0.5,0.4,0.5,42,CS
1.0,0.9626543209876544,0.9895948844467957,1.0,1.0,1.0,1.0,1.0,0.9,45,CS
1.0,0.6656084656084655,0.8503978018773211,1.0,0.5,0.6666666666666666,0.5,0.6,0.6,28,CS
1.0,0.6533333333333333,0.8352842211595156,1.0,0.5,0.3333333333333333,0.5,0.6,0.5,72,CS
0.5,0.5,0.6653497124326151,0.0,0.5,0.3333333333333333,0.5,0.4,0.3,31,CS
1.0,1.0,1.0,1.0,1.0,1.0,1.0,1.0,1.0,10,CS
1.0,0.7759259259259258,0.9188490368414886,1.0,1.0,1.0,0.75,0.6,0.6,30,CS
0.14285714285714285,0.24206349206349206,0.4457341703503471,0.0,0.0,0.0,0.0,0.0,0.3,29,CS
1.0,1.779122574955908,0.9922503487562803,1.0,1.0,1.0,1.0,1.0,1.0,36,CS
1.0,1.0,1.0,1.0,1.0,1.0,1.0,1.0,1.0,23,CS
1.0,0.5438888888888889,0.7774950961074903,1.0,0.5,0.3333333333333333,0.25,0.4,0.5,13,CS
0.5,0.7856701940035273,0.8328978515038055,0.0,0.5,0.6666666666666666,0.75,0.8,0.9,24,CS
0.5,0.39999999999999997,0.6132756769356656,0.0,0.5,0.3333333333333333,0.25,0.4,0.3,15,CS
0.5,0.35,0.5640920940185894,0.0,0.5,0.3333333333333333,0.25,0.2,0.2,16,CS
1.0,1.0,1.0,1.0,1.0,1.0,1.0,1.0,1.0,70,CS
0.16666666666666666,0.18333333333333335,0.39564672360221187,0.0,0.0,0.0,0.0,0.0,0.2,61,CS
1.0,1.0,1.0,1.0,1.0,1.0,1.0,1.0,1.0,17,CS
0.3333333333333333,0.2777777777777778,0.4911492931622974,0.0,0.0,0.3333333333333333,0.25,0.2,0.2,18,CS
0.5,0.5111111111111111,0.6899564447669037,0.0,0.5,0.3333333333333333,0.5,0.4,0.5,20,CS
1.0,0.9444444444444445,0.9833032486989473,1.0,1.0,1.0,1.0,1.0,0.6,66,CS
1.0,1.0556277056277057,0.7339864836112062,0.0,0.5,0.3333333333333333,0.25,0.4,0.5,68,CS
0.3333333333333333,0.5267195767195767,0.6781191542888785,0.0,0.0,0.3333333333333333,0.5,0.6,0.6,21,CS
0.5,0.5092592592592593,0.6897971642557428,0.0,0.5,0.3333333333333333,0.25,0.4,0.6,50,CS
1.0,0.6428571428571429,0.8278123145308894,1.0,0.5,0.3333333333333333,0.5,0.4,0.3,71,CS
1.0,0.7142857142857142,0.8850504602968671,1.0,1.0,0.6666666666666666,0.5,0.4,0.5,12,CS
1.0,1.0,1.0,1.0,1.0,1.0,1.0,1.0,1.0,25,CS
1.0,0.8099999999999999,0.9284591831945489,1.0,1.0,0.6666666666666666,0.75,0.8,0.5,40,CS
1.0,0.827437641723356,0.9341087579923265,1.0,1.0,0.6666666666666666,0.75,0.8,0.7,22,CS
1.0,0.9467813051146384,0.9842184869190973,1.0,1.0,1.0,1.0,1.0,0.9,39,CS
1.0,1.0,1.0,1.0,1.0,1.0,1.0,1.0,1.0,38,CS
1.0,0.8782627865961199,0.9504206262110482,1.0,1.0,0.6666666666666666,0.75,0.8,0.9,47,CS
1.0,1.0,1.0,1.0,1.0,1.0,0.75,0.6,0.3,34,CS
,0.0,0.0,0.0,0.0,0.0,0.0,0.0,0.0,35,CS
0.2,0.31666666666666665,0.40523607078058205,0.0,0.0,0.0,0.0,0.0,0.1,41,CS
1.0,1.0,1.0,1.0,1.0,1.0,1.0,1.0,1.0,60,CS
1.0,0.908531746031746,0.971614045963685,1.0,1.0,1.0,1.0,0.8,0.8,58,CS
0.25,0.27777777777777773,0.49141527484330916,0.0,0.0,0.0,0.25,0.2,0.3,62,CS
1.0,0.7885912698412698,0.9138523351597089,1.0,1.0,0.6666666666666666,0.5,0.6,0.8,49,CS
0.5,0.5,0.6309297535714575,0.0,0.5,0.3333333333333333,0.25,0.2,0.1,19,CS
0.3333333333333333,0.5425925925925925,0.6850408376471182,0.0,0.0,0.3333333333333333,0.5,0.6,0.6,6,CS
1.0,0.6925170068027212,0.8513372772927026,1.0,0.5,0.3333333333333333,0.5,0.6,0.7,5,CS
1.0,1.0,1.0,1.0,1.0,1.0,1.0,1.0,1.0,81,CS
0.3333333333333333,0.41666666666666663,0.5706417189553201,0.0,0.0,0.3333333333333333,0.5,0.4,0.2,79,CS
0.3333333333333333,0.525952380952381,0.6669000641169921,0.0,0.0,0.3333333333333333,0.5,0.6,0.5,2,CS
0.3333333333333333,0.45777777777777773,0.6306870103388195,0.0,0.0,0.3333333333333333,0.25,0.4,0.5,4,CS
1.0,0.6,0.7903864795495061,1.0,0.5,0.3333333333333333,0.25,0.2,0.2,37,CS
1.0,0.8802083333333333,0.7976221846432374,1.0,1.0,0.6666666666666666,0.5,0.4,0.3,63,CS
1.0,0.5074074074074074,0.7461976723150332,1.0,0.5,0.3333333333333333,0.25,0.2,0.3,77,CS
1.0,1.0,1.0,1.0,1.0,1.0,1.0,1.0,1.0,48,CS
1.0,0.9111111111111111,0.9708923176105698,1.0,1.0,1.0,1.0,0.8,0.5,1,SC
1.0,0.9060405643738976,0.9667147927059907,1.0,1.0,1.0,0.75,0.8,0.9,79,SC
1.0,0.5412698412698413,0.773161590685251,1.0,0.5,0.3333333333333333,0.25,0.2,0.5,51,SC
1.0,0.9821428571428571,0.9950883841893561,1.0,1.0,1.0,1.0,1.0,0.7,5,SC
0.2,0.26666666666666666,0.45560514958746035,0.0,0.0,0.0,0.0,0.2,0.2,53,SC
1.0,0.7798185941043084,0.8981192674612326,1.0,0.5,0.6666666666666666,0.75,0.8,0.7,7,SC
1.0,1.0,1.0,1.0,1.0,1.0,1.0,1.0,1.0,50,SC
1.0,1.0,1.0,1.0,1.0,1.0,1.0,1.0,1.0,55,SC
1.0,0.8954648526077096,0.9643632283499571,1.0,1.0,1.0,0.75,0.8,0.7,6,SC
1.0,0.9765432098765433,0.9937947856332163,1.0,1.0,1.0,1.0,1.0,0.9,47,SC
1.0,1.0,1.0,1.0,1.0,1.0,1.0,1.0,1.0,8,SC
1.0,1.0,1.0,1.0,1.0,1.0,1.0,1.0,1.0,57,SC
1.0,1.0,1.0,1.0,1.0,1.0,1.0,1.0,1.0,77,SC
1.0,0.7182539682539681,0.8843252268199594,1.0,1.0,0.6666666666666666,0.5,0.4,0.4,54,SC
1.0,0.7551587301587301,0.8896291645642339,1.0,0.5,0.6666666666666666,0.75,0.8,0.6,49,SC
1.0,1.0,1.0,1.0,1.0,1.0,1.0,1.0,1.0,48,SC
1.0,1.0,1.0,1.0,1.0,1.0,1.0,1.0,1.0,58,SC
1.0,1.0,1.0,1.0,1.0,1.0,1.0,1.0,0.9,46,SC
1.0,1.736580086580087,0.8014500389408206,0.0,0.5,0.3333333333333333,0.5,0.6,0.6,11,SC
0.5,0.46825396825396826,0.6620727130989752,0.0,0.5,0.3333333333333333,0.5,0.4,0.4,9,SC
1.0,0.9626543209876544,0.9895948844467957,1.0,1.0,1.0,1.0,1.0,0.9,45,SC
1.0,1.0,1.0,1.0,1.0,1.0,1.0,1.0,0.8,10,SC
1.0,1.335185185185185,0.9062400956021878,1.0,1.0,0.6666666666666666,0.75,0.6,0.7,41,SC
0.5,0.37083333333333335,0.5998148292164573,0.0,0.5,0.3333333333333333,0.25,0.2,0.4,42,SC
1.0,1.0,1.0,1.0,1.0,1.0,1.0,1.0,1.0,59,SC
1.0,1.0,1.0,1.0,1.0,1.0,1.0,1.0,1.0,76,SC
1.0,0.7321428571428571,0.8899603164338973,1.0,1.0,0.6666666666666666,0.5,0.4,0.4,74,SC
1.0,1.0,1.0,1.0,1.0,1.0,1.0,1.0,1.0,44,SC
1.0,1.0,1.0,1.0,1.0,1.0,1.0,1.0,1.0,43,SC
0.5,0.5317460317460317,0.6871475159848289,0.0,0.5,0.6666666666666666,0.5,0.4,0.3,13,SC
0.5,0.7856701940035273,0.8328978515038055,0.0,0.5,0.6666666666666666,0.75,0.8,0.9,61,SC
1.0,1.0,1.0,1.0,1.0,1.0,1.0,1.0,1.0,60,SC
1.0,0.9282627865961199,0.9770153702993121,1.0,1.0,1.0,1.0,0.8,0.9,72,SC
1.0,0.9626543209876544,0.9895948844467957,1.0,1.0,1.0,1.0,1.0,0.9,38,SC
1.0,0.7994047619047618,0.9286241047843016,1.0,1.0,1.0,0.75,0.6,0.6,12,SC
1.0,0.8928571428571428,0.9619991470595832,1.0,1.0,1.0,0.75,0.6,0.4,73,SC
0.25,0.37103174603174605,0.566251564922111,0.0,0.0,0.0,0.25,0.2,0.5,40,SC
1.0,0.9704861111111112,0.9918291064614978,1.0,1.0,1.0,1.0,1.0,0.8,39,SC
1.0,0.5821428571428572,0.801479410942855,1.0,0.5,0.3333333333333333,0.5,0.4,0.4,15,SC
0.16666666666666666,0.3543650793650793,0.5409945177788987,0.0,0.0,0.0,0.0,0.0,0.5,67,SC
0.5,0.7856701940035273,0.8328978515038055,0.0,0.5,0.6666666666666666,0.75,0.8,0.9,66,SC
1.0,0.7433333333333334,0.8840530210968294,1.0,0.5,0.6666666666666666,0.75,0.8,0.5,22,SC
0.3333333333333333,0.594047619047619,0.7028046245779905,0.0,0.0,0.3333333333333333,0.5,0.6,0.6,70,SC
,0.0,0.0,0.0,0.0,0.0,0.0,0.0,0.0,32,SC
0.5,0.5845238095238094,0.7226387152952866,0.0,0.5,0.6666666666666666,0.5,0.6,0.4,31,SC
1.0,1.3919934640522875,0.8205310626321028,0.0,0.5,0.3333333333333333,0.5,0.6,0.7,63,SC
1.0,0.8954648526077096,0.9643632283499571,1.0,1.0,1.0,0.75,0.8,0.7,33,SC
0.3333333333333333,0.29166666666666663,0.5,0.0,0.0,0.3333333333333333,0.25,0.2,0.2,20,SC
1.0,0.5942857142857143,0.8022692730746812,1.0,0.5,0.3333333333333333,0.25,0.4,0.5,21,SC
0.125,0.125,0.31546487678572877,0.0,0.0,0.0,0.0,0.0,0.1,35,SC
0.2,0.26666666666666666,0.45560514958746035,0.0,0.0,0.0,0.0,0.2,0.2,34,SC
1.0,1.0,1.0,1.0,1.0,1.0,1.0,1.0,0.9,19,SC
1.0,1.0,1.0,1.0,1.0,1.0,1.0,1.0,1.0,71,SC
1.0,1.7582866479925303,0.9902155664115957,1.0,1.0,1.0,1.0,1.0,0.9,36,SC
,0.0,0.0,0.0,0.0,0.0,0.0,0.0,0.0,18,SC
0.1,0.1,0.2890648263178879,0.0,0.0,0.0,0.0,0.0,0.1,17,SC
0.5,0.35000000000000003,0.5797748398812457,0.0,0.5,0.3333333333333333,0.25,0.2,0.3,16,SC
1.0,1.0,1.0,1.0,0.5,0.3333333333333333,0.25,0.2,0.1,62,SC
0.5,0.5953703703703704,0.7465703892530458,0.0,0.5,0.6666666666666666,0.75,0.6,0.6,37,SC
1.0,0.6906084656084656,0.8636589746497284,1.0,0.5,0.6666666666666666,0.75,0.6,0.6,30,SC
0.2,0.2,0.38685280723454163,0.0,0.0,0.0,0.0,0.2,0.1,28,SC
0.5,0.5703703703703703,0.724660497076646,0.0,0.5,0.3333333333333333,0.5,0.6,0.6,29,SC
0.14285714285714285,0.14285714285714285,0.3333333333333333,0.0,0.0,0.0,0.0,0.0,0.1,23,SC
1.0,0.8083333333333333,0.9325720109418508,1.0,1.0,1.0,0.75,0.6,0.7,24,SC
0.3333333333333333,0.6427579365079366,0.73672839926874,0.0,0.0,0.3333333333333333,0.5,0.6,0.8,25,SC
1.0,1.4586309523809522,0.9149320357174712,1.0,0.5,0.6666666666666666,0.75,0.8,0.8,68,SC
1.0,1.0,1.0,1.0,1.0,1.0,1.0,1.0,0.9,27,SC
1.0,0.9821428571428571,0.9950883841893561,1.0,1.0,1.0,1.0,1.0,0.7,26,SC
0.3333333333333333,0.5566326530612244,0.6942762582994471,0.0,0.0,0.3333333333333333,0.5,0.4,0.7,4,SC
,0.0,0.0,0.0,0.0,0.0,0.0,0.0,0.0,78,SC
1.0,0.6666666666666666,0.8451850618939637,1.0,0.5,0.6666666666666666,0.5,0.4,0.3,3,SC
0.25,0.25,0.45749452618986164,0.0,0.0,0.0,0.25,0.2,0.2,2,SC
1.0,1.0,1.0,1.0,1.0,1.0,1.0,1.0,1.0,81,SC
1.0,0.5515873015873016,0.777079017590005,1.0,0.5,0.3333333333333333,0.25,0.2,0.4,1,SCSA
0.5,0.5,0.6509209298071326,0.0,0.5,0.3333333333333333,0.5,0.4,0.2,3,SCSA
1.0,0.5074074074074074,0.7461976723150332,1.0,0.5,0.3333333333333333,0.25,0.2,0.3,43,SCSA
0.3333333333333333,0.4305555555555555,0.622778265801047,0.0,0.0,0.3333333333333333,0.5,0.4,0.5,46,SCSA
0.5,0.45,0.6240505200038379,0.0,0.5,0.3333333333333333,0.25,0.4,0.2,32,SCSA
0.3333333333333333,0.4511904761904762,0.6153925060653322,0.0,0.0,0.3333333333333333,0.25,0.4,0.4,54,SCSA
0.2,0.3206349206349206,0.5051284895111403,0.0,0.0,0.0,0.0,0.2,0.3,7,SCSA
0.5,0.6782312925170068,0.7849578939823665,0.0,0.5,0.6666666666666666,0.75,0.6,0.7,44,SCSA
0.5,0.6321428571428571,0.7640323590577898,0.0,0.5,0.6666666666666666,0.5,0.6,0.7,9,SCSA
1.0,0.9282627865961199,0.9770153702993121,1.0,1.0,1.0,1.0,0.8,0.9,74,SCSA
1.0,1.0,1.0,1.0,1.0,1.0,1.0,1.0,1.0,57,SCSA
0.14285714285714285,0.28154761904761905,0.483639123806428,0.0,0.0,0.0,0.0,0.0,0.4,76,SCSA
0.16666666666666666,0.18333333333333335,0.39564672360221187,0.0,0.0,0.0,0.0,0.0,0.2,78,SCSA
1.0,0.975,0.9933222998814618,1.0,1.0,1.0,1.0,1.0,0.8,8,SCSA
0.25,0.5304421768707482,0.6631747728725315,0.0,0.0,0.0,0.25,0.4,0.7,33,SCSA
1.0,1.0,1.0,1.0,1.0,1.0,1.0,1.0,1.0,55,SCSA
0.3333333333333333,0.29444444444444445,0.5183322919267586,0.0,0.0,0.3333333333333333,0.25,0.2,0.3,51,SCSA
,0.0,0.0,0.0,0.0,0.0,0.0,0.0,0.0,53,SCSA
1.0,1.706077694235589,0.7795032558979373,0.0,0.0,0.3333333333333333,0.5,0.6,0.6,11,SCSA
1.0,0.9166666666666666,0.9674679834891693,1.0,1.0,0.6666666666666666,0.75,0.6,0.3,73,SCSA
1.0,1.0,1.0,1.0,1.0,1.0,1.0,1.0,1.0,27,SCSA
1.0,0.8055555555555555,0.9060254355346823,1.0,0.5,0.6666666666666666,0.75,0.6,0.3,26,SCSA
1.0,1.0,1.0,1.0,1.0,1.0,1.0,0.8,0.4,42,SCSA
1.0,0.7044973544973544,0.8807440226933967,1.0,1.0,0.6666666666666666,0.5,0.4,0.6,45,SCSA
0.125,0.125,0.31546487678572877,0.0,0.0,0.0,0.0,0.0,0.1,28,SCSA
1.0,1.0,1.0,1.0,1.0,1.0,1.0,1.0,1.0,72,SCSA
1.0,0.6984126984126983,0.86034433104172,1.0,0.5,0.6666666666666666,0.5,0.4,0.3,31,SCSA
0.3333333333333333,0.5160714285714285,0.6635732618910778,0.0,0.0,0.3333333333333333,0.25,0.4,0.6,10,SCSA
1.0,0.9317956349206349,0.9782917460822231,1.0,1.0,1.0,1.0,0.8,0.8,30,SCSA
1.0,1.0,1.0,1.0,1.0,1.0,1.0,1.0,0.6,29,SCSA
0.5,1.0744505494505494,0.7349930150131557,0.0,0.0,0.3333333333333333,0.5,0.4,0.6,36,SCSA
,0.0,0.0,0.0,0.0,0.0,0.0,0.0,0.0,23,SCSA
1.0,0.6,0.8036070421010475,1.0,0.5,0.3333333333333333,0.25,0.4,0.4,13,SCSA
0.3333333333333333,0.4720634920634921,0.6367472797294277,0.0,0.0,0.3333333333333333,0.25,0.4,0.5,24,SCSA
0.3333333333333333,0.5267195767195767,0.6781191542888785,0.0,0.0,0.3333333333333333,0.5,0.6,0.6,15,SCSA
0.5,0.5,0.6309297535714575,0.0,0.5,0.3333333333333333,0.25,0.2,0.1,16,SCSA
0.5,0.3611111111111111,0.5853898393086269,0.0,0.5,0.3333333333333333,0.25,0.2,0.3,70,SCSA
1.0,0.6666666666666666,0.8315546295836225,1.0,0.5,0.3333333333333333,0.25,0.2,0.2,61,SCSA
1.0,1.0,1.0,1.0,0.5,0.3333333333333333,0.25,0.2,0.1,17,SCSA
0.16666666666666666,0.16666666666666666,0.3562071871080222,0.0,0.0,0.0,0.0,0.0,0.1,18,SCSA
0.2,0.26666666666666666,0.45560514958746035,0.0,0.0,0.0,0.0,0.2,0.2,20,SCSA
1.0,0.6787037037037037,0.8582519365729244,1.0,0.5,0.6666666666666666,0.75,0.6,0.6,66,SCSA
1.0,1.5834573412698412,0.9465626966293166,1.0,1.0,0.6666666666666666,0.75,0.8,0.9,68,SCSA
0.3333333333333333,0.3333333333333333,0.5,0.0,0.0,0.3333333333333333,0.25,0.2,0.1,21,SCSA
1.0,1.0,1.0,1.0,1.0,1.0,1.0,1.0,0.9,50,SCSA
1.0,1.0,1.0,1.0,1.0,1.0,1.0,1.0,1.0,71,SCSA
1.0,0.9333333333333332,0.9796825595768973,1.0,1.0,1.0,1.0,1.0,0.6,12,SCSA
1.0,0.9060405643738976,0.9667147927059907,1.0,1.0,1.0,0.75,0.8,0.9,25,SCSA
0.3333333333333333,0.42658730158730157,0.610960349354296,0.0,0.0,0.3333333333333333,0.5,0.4,0.4,40,SCSA
1.0,0.8037037037037037,0.9311777582765324,1.0,1.0,1.0,0.75,0.6,0.6,22,SCSA
1.0,1.0,1.0,1.0,1.0,1.0,1.0,1.0,1.0,39,SCSA
1.0,1.0,1.0,1.0,1.0,1.0,1.0,1.0,0.9,38,SCSA
1.0,0.9626543209876544,0.9895948844467957,1.0,1.0,1.0,1.0,1.0,0.9,47,SCSA
1.0,0.7611111111111111,0.9083053473410256,1.0,1.0,0.6666666666666666,0.75,0.6,0.5,34,SCSA
,0.0,0.0,0.0,0.0,0.0,0.0,0.0,0.0,35,SCSA
0.14285714285714285,0.14285714285714285,0.26264953503719357,0.0,0.0,0.0,0.0,0.0,0.0,41,SCSA
1.0,1.0,1.0,1.0,1.0,1.0,1.0,1.0,1.0,60,SCSA
1.0,1.0,1.0,1.0,1.0,1.0,1.0,1.0,1.0,58,SCSA
,0.0,0.0,0.0,0.0,0.0,0.0,0.0,0.0,62,SCSA
1.0,0.75,0.9042472380494709,1.0,1.0,0.6666666666666666,0.75,0.6,0.5,49,SCSA
1.0,0.9282627865961199,0.9770153702993121,1.0,1.0,1.0,1.0,0.8,0.9,19,SCSA
0.2,0.225,0.430624116386567,0.0,0.0,0.0,0.0,0.2,0.2,6,SCSA
0.5,0.35,0.5640920940185894,0.0,0.5,0.3333333333333333,0.25,0.2,0.2,5,SCSA
1.0,1.0,1.0,1.0,1.0,1.0,1.0,1.0,1.0,81,SCSA
1.0,0.8782627865961199,0.9504206262110482,1.0,1.0,0.6666666666666666,0.75,0.8,0.9,79,SCSA
1.0,0.78234126984127,0.8995710933840295,1.0,0.5,0.6666666666666666,0.75,0.8,0.8,2,SCSA
1.0,0.8773809523809524,0.958214983820857,1.0,1.0,1.0,0.75,0.8,0.6,4,SCSA
0.5,0.475,0.6595293808496757,0.0,0.5,0.3333333333333333,0.25,0.4,0.4,37,SCSA
1.0,1.056845238095238,0.8329229982473594,1.0,0.5,0.6666666666666666,0.5,0.6,0.4,63,SCSA
0.5,0.7856701940035273,0.8328978515038055,0.0,0.5,0.6666666666666666,0.75,0.8,0.9,77,SCSA
1.0,0.6797619047619048,0.8464256614820586,1.0,0.5,0.3333333333333333,0.5,0.6,0.7,48,SCSA
1.0,0.9093537414965985,0.9683310355387569,1.0,1.0,1.0,0.75,0.8,0.7,1,B1-STATE_ART
1.0,0.9467813051146384,0.9842184869190973,1.0,1.0,1.0,1.0,1.0,0.9,2,B1-STATE_ART
1.0,1.0,1.0,1.0,1.0,0.6666666666666666,0.5,0.4,0.2,3,B1-STATE_ART
1.0,0.9067956349206349,0.9672068480996276,1.0,1.0,1.0,0.75,0.8,0.8,4,B1-STATE_ART
0.5,0.7856701940035273,0.8328978515038055,0.0,0.5,0.6666666666666666,0.75,0.8,0.9,5,B1-STATE_ART
1.0,0.7180555555555554,0.8749486878739775,1.0,0.5,0.6666666666666666,0.75,0.6,0.6,6,B1-STATE_ART
1.0,0.8401360544217688,0.9459073824327566,1.0,1.0,1.0,0.75,0.8,0.7,7,B1-STATE_ART
1.0,1.0,1.0,1.0,1.0,1.0,1.0,1.0,1.0,8,B1-STATE_ART
1.0,0.8917233560090703,0.9652102434192421,1.0,1.0,1.0,1.0,0.8,0.7,9,B1-STATE_ART
1.0,1.0,1.0,1.0,1.0,1.0,1.0,1.0,1.0,10,B1-STATE_ART
0.2,0.3151785714285714,0.5171426372778061,0.0,0.0,0.0,0.0,0.2,0.4,11,B1-STATE_ART
1.0,0.8954648526077096,0.9643632283499571,1.0,1.0,1.0,0.75,0.8,0.7,12,B1-STATE_ART
1.0,0.7000000000000001,0.8529278650606567,1.0,0.5,0.3333333333333333,0.5,0.6,0.3,13,B1-STATE_ART
0.3333333333333333,0.4444444444444444,0.6039071644781281,0.0,0.0,0.3333333333333333,0.5,0.4,0.3,15,B1-STATE_ART
0.5,0.35,0.5640920940185894,0.0,0.5,0.3333333333333333,0.25,0.2,0.2,16,B1-STATE_ART
1.0,1.0,1.0,1.0,1.0,1.0,1.0,1.0,0.8,17,B1-STATE_ART
1.0,0.6666666666666666,0.8315546295836225,1.0,0.5,0.3333333333333333,0.25,0.2,0.2,18,B1-STATE_ART
0.2,0.3923809523809524,0.5701022001683288,0.0,0.0,0.0,0.0,0.2,0.5,19,B1-STATE_ART
0.25,0.5021825396825397,0.6425958210520417,0.0,0.0,0.0,0.25,0.4,0.6,20,B1-STATE_ART
1.0,0.5694444444444444,0.7844801364718914,1.0,0.5,0.3333333333333333,0.25,0.2,0.3,21,B1-STATE_ART
1.0,0.9765432098765433,0.9937947856332163,1.0,1.0,1.0,1.0,1.0,0.9,22,B1-STATE_ART
1.0,1.0,1.0,1.0,1.0,1.0,1.0,1.0,1.0,23,B1-STATE_ART
1.0,0.9129251700680271,0.9731203984025376,1.0,1.0,1.0,1.0,0.8,0.7,24,B1-STATE_ART
1.0,0.9888888888888889,0.9971876401972103,1.0,1.0,1.0,1.0,1.0,0.9,25,B1-STATE_ART
1.0,0.5523809523809524,0.7780573279296032,1.0,0.5,0.3333333333333333,0.25,0.2,0.5,26,B1-STATE_ART
1.0,0.9087301587301587,0.9714977244644463,1.0,1.0,1.0,1.0,0.8,0.7,27,B1-STATE_ART
0.3333333333333333,0.2851851851851852,0.511558309303655,0.0,0.0,0.3333333333333333,0.25,0.2,0.3,28,B1-STATE_ART
1.0,0.7972789115646258,0.9223960604395119,1.0,1.0,0.6666666666666666,0.75,0.6,0.7,29,B1-STATE_ART
1.0,0.6192857142857143,0.8112231196105879,1.0,0.5,0.3333333333333333,0.25,0.4,0.5,30,B1-STATE_ART
1.0,0.6488095238095237,0.838847952689218,1.0,0.5,0.6666666666666666,0.5,0.4,0.4,31,B1-STATE_ART
0.5,0.5833333333333333,0.6934264036172708,0.0,0.5,0.6666666666666666,0.5,0.4,0.2,32,B1-STATE_ART
1.0,0.8520408163265306,0.9498751896215564,1.0,1.0,1.0,0.75,0.8,0.7,33,B1-STATE_ART
1.0,0.575,0.7933009890796178,1.0,0.5,0.3333333333333333,0.25,0.4,0.4,34,B1-STATE_ART
,0.0,0.0,0.0,0.0,0.0,0.0,0.0,0.0,35,B1-STATE_ART
1.0,0.9467813051146384,0.9842184869190973,1.0,1.0,1.0,1.0,1.0,0.9,36,B1-STATE_ART
0.5,0.45,0.6240505200038379,0.0,0.5,0.3333333333333333,0.25,0.4,0.2,37,B1-STATE_ART
1.0,1.0,1.0,1.0,1.0,1.0,1.0,1.0,1.0,38,B1-STATE_ART
0.2,0.2888888888888889,0.4899692203633839,0.0,0.0,0.0,0.0,0.2,0.3,39,B1-STATE_ART
1.0,0.7944444444444445,0.9221235176732561,1.0,1.0,0.6666666666666666,0.75,0.6,0.5,40,B1-STATE_ART
1.0,1.0,1.0,1.0,0.5,0.3333333333333333,0.25,0.2,0.1,41,B1-STATE_ART
1.0,0.7986111111111112,0.9223260797603763,1.0,1.0,0.6666666666666666,0.75,0.6,0.4,42,B1-STATE_ART
,0.0,0.0,0.0,0.0,0.0,0.0,0.0,0.0,43,B1-STATE_ART
0.5,0.6041666666666666,0.7327711443782634,0.0,0.5,0.6666666666666666,0.75,0.6,0.4,44,B1-STATE_ART
0.3333333333333333,0.3333333333333333,0.5249810332008933,0.0,0.0,0.3333333333333333,0.25,0.2,0.2,45,B1-STATE_ART
0.5,0.5961904761904762,0.725124396546942,0.0,0.5,0.3333333333333333,0.5,0.6,0.5,46,B1-STATE_ART
0.5,0.7856701940035273,0.8328978515038055,0.0,0.5,0.6666666666666666,0.75,0.8,0.9,47,B1-STATE_ART
0.3333333333333333,0.33134920634920634,0.5391065605018963,0.0,0.0,0.3333333333333333,0.25,0.2,0.3,48,B1-STATE_ART
1.0,0.9666666666666666,0.9896062251871525,1.0,1.0,1.0,1.0,0.8,0.5,49,B1-STATE_ART
0.5,0.519047619047619,0.7016521873278284,0.0,0.5,0.6666666666666666,0.5,0.4,0.5,50,B1-STATE_ART
1.0,0.9571428571428572,0.9878316351280036,1.0,1.0,1.0,1.0,1.0,0.7,51,B1-STATE_ART
,0.0,0.0,0.0,0.0,0.0,0.0,0.0,0.0,53,B1-STATE_ART
1.0,0.8305555555555554,0.9361705073520014,1.0,1.0,0.6666666666666666,0.75,0.8,0.6,54,B1-STATE_ART
1.0,0.8782627865961199,0.9504206262110482,1.0,1.0,0.6666666666666666,0.75,0.8,0.9,55,B1-STATE_ART
0.5,0.49652777777777773,0.6821597128635729,0.0,0.5,0.6666666666666666,0.5,0.4,0.4,57,B1-STATE_ART
1.0,1.0,1.0,1.0,1.0,1.0,1.0,1.0,1.0,58,B1-STATE_ART
1.0,1.0,1.0,1.0,1.0,1.0,1.0,1.0,1.0,60,B1-STATE_ART
0.5,0.6347222222222222,0.7632671405540985,0.0,0.5,0.6666666666666666,0.75,0.6,0.6,61,B1-STATE_ART
1.0,1.0,1.0,1.0,1.0,1.0,1.0,1.0,1.0,62,B1-STATE_ART
0.25,0.25740740740740736,0.4790262927928244,0.0,0.0,0.0,0.25,0.2,0.3,63,B1-STATE_ART
1.0,1.0,1.0,1.0,1.0,0.6666666666666666,0.5,0.4,0.2,66,B1-STATE_ART
1.0,1.0,1.0,1.0,1.0,1.0,1.0,1.0,1.0,68,B1-STATE_ART
1.0,1.0,1.0,1.0,1.0,1.0,1.0,1.0,1.0,70,B1-STATE_ART
1.0,0.8687074829931973,0.9579534943578899,1.0,1.0,1.0,1.0,0.8,0.7,71,B1-STATE_ART
1.0,0.8644345238095238,0.9466454870600814,1.0,1.0,0.6666666666666666,0.75,0.8,0.8,72,B1-STATE_ART
0.3333333333333333,0.4609523809523809,0.6326891704378731,0.0,0.0,0.3333333333333333,0.25,0.4,0.5,73,B1-STATE_ART
0.3333333333333333,0.569047619047619,0.6948159055899312,0.0,0.0,0.3333333333333333,0.5,0.6,0.6,74,B1-STATE_ART
0.3333333333333333,0.2777777777777778,0.4911492931622974,0.0,0.0,0.3333333333333333,0.25,0.2,0.2,76,B1-STATE_ART
0.5,0.6535714285714285,0.7760784709829227,0.0,0.5,0.6666666666666666,0.75,0.6,0.7,77,B1-STATE_ART
,0.0,0.0,0.0,0.0,0.0,0.0,0.0,0.0,78,B1-STATE_ART
0.5,0.4571428571428572,0.6574017496914832,0.0,0.5,0.3333333333333333,0.5,0.4,0.4,79,B1-STATE_ART
1.0,0.9765432098765433,0.9937947856332163,1.0,1.0,1.0,1.0,1.0,0.9,81,B1-STATE_ART
1.0,0.8486394557823128,0.942018912975622,1.0,1.0,0.6666666666666666,0.75,0.8,0.7,1,B1-SCSA_PLUS
1.0,0.9282627865961199,0.9770153702993121,1.0,1.0,1.0,1.0,0.8,0.9,2,B1-SCSA_PLUS
1.0,0.8333333333333333,0.9197207891481876,1.0,0.5,0.6666666666666666,0.5,0.4,0.2,3,B1-SCSA_PLUS
1.0,0.9067956349206349,0.9672068480996276,1.0,1.0,1.0,0.75,0.8,0.8,4,B1-SCSA_PLUS
0.5,0.7856701940035273,0.8328978515038055,0.0,0.5,0.6666666666666666,0.75,0.8,0.9,5,B1-SCSA_PLUS
0.5,0.6231481481481481,0.7588991106880892,0.0,0.5,0.6666666666666666,0.75,0.6,0.6,6,B1-SCSA_PLUS
1.0,0.8857142857142858,0.9642409754030942,1.0,1.0,1.0,1.0,0.8,0.7,7,B1-SCSA_PLUS
1.0,1.0,1.0,1.0,1.0,1.0,1.0,1.0,1.0,8,B1-SCSA_PLUS
1.0,0.9682539682539683,0.9911205770005563,1.0,1.0,1.0,1.0,1.0,0.7,9,B1-SCSA_PLUS
1.0,1.0,1.0,1.0,1.0,1.0,1.0,1.0,1.0,10,B1-SCSA_PLUS
0.2,0.3151785714285714,0.5171426372778061,0.0,0.0,0.0,0.0,0.2,0.4,11,B1-SCSA_PLUS
1.0,0.8954648526077096,0.9643632283499571,1.0,1.0,1.0,0.75,0.8,0.7,12,B1-SCSA_PLUS
1.0,0.625,0.8194270280062366,1.0,0.5,0.3333333333333333,0.5,0.4,0.3,13,B1-SCSA_PLUS
0.3333333333333333,0.4444444444444444,0.6039071644781281,0.0,0.0,0.3333333333333333,0.5,0.4,0.3,15,B1-SCSA_PLUS
0.5,0.3611111111111111,0.5714285040141098,0.0,0.5,0.3333333333333333,0.25,0.2,0.2,16,B1-SCSA_PLUS
1.0,1.0,1.0,1.0,1.0,1.0,1.0,1.0,0.8,17,B1-SCSA_PLUS
1.0,0.6666666666666666,0.8315546295836225,1.0,0.5,0.3333333333333333,0.25,0.2,0.2,18,B1-SCSA_PLUS
0.2,0.40349206349206346,0.5741603094598835,0.0,0.0,0.0,0.0,0.2,0.5,19,B1-SCSA_PLUS
0.25,0.44457671957671957,0.6130049420154864,0.0,0.0,0.0,0.25,0.2,0.6,20,B1-SCSA_PLUS
1.0,0.611111111111111,0.812653045383133,1.0,0.5,0.3333333333333333,0.5,0.4,0.3,21,B1-SCSA_PLUS
1.0,0.9626543209876544,0.9895948844467957,1.0,1.0,1.0,1.0,1.0,0.9,22,B1-SCSA_PLUS
1.0,1.0,1.0,1.0,1.0,1.0,1.0,1.0,1.0,23,B1-SCSA_PLUS
1.0,0.9087301587301587,0.9714977244644463,1.0,1.0,1.0,1.0,0.8,0.7,24,B1-SCSA_PLUS
1.0,1.0,1.0,1.0,1.0,1.0,1.0,1.0,0.9,25,B1-SCSA_PLUS
0.5,0.46349206349206346,0.6569414966820692,0.0,0.5,0.3333333333333333,0.25,0.2,0.5,26,B1-SCSA_PLUS
1.0,0.8954648526077096,0.9643632283499571,1.0,1.0,1.0,0.75,0.8,0.7,27,B1-SCSA_PLUS
0.3333333333333333,0.2851851851851852,0.511558309303655,0.0,0.0,0.3333333333333333,0.25,0.2,0.3,28,B1-SCSA_PLUS
1.0,0.8444444444444443,0.9403962390375307,1.0,1.0,0.6666666666666666,0.75,0.8,0.7,29,B1-SCSA_PLUS
1.0,0.6392857142857142,0.8260863919409527,1.0,0.5,0.3333333333333333,0.5,0.4,0.5,30,B1-SCSA_PLUS
0.5,0.48214285714285715,0.6677078027129131,0.0,0.5,0.3333333333333333,0.5,0.4,0.4,31,B1-SCSA_PLUS
0.3333333333333333,0.41666666666666663,0.5706417189553201,0.0,0.0,0.3333333333333333,0.5,0.4,0.2,32,B1-SCSA_PLUS
1.0,0.8441043083900226,0.9447403758138471,1.0,1.0,1.0,0.75,0.6,0.7,33,B1-SCSA_PLUS
1.0,0.575,0.7933009890796178,1.0,0.5,0.3333333333333333,0.25,0.4,0.4,34,B1-SCSA_PLUS
,0.0,0.0,0.0,0.0,0.0,0.0,0.0,0.0,35,B1-SCSA_PLUS
1.0,0.9060405643738976,0.9667147927059907,1.0,1.0,1.0,0.75,0.8,0.9,36,B1-SCSA_PLUS
0.5,0.41666666666666663,0.6052602440527057,0.0,0.5,0.3333333333333333,0.25,0.2,0.2,37,B1-SCSA_PLUS
1.0,1.0,1.0,1.0,1.0,1.0,1.0,1.0,1.0,38,B1-SCSA_PLUS
0.25,0.30357142857142855,0.5065745439910657,0.0,0.0,0.0,0.25,0.2,0.3,39,B1-SCSA_PLUS
1.0,0.8261904761904761,0.9330795243082164,1.0,1.0,0.6666666666666666,0.75,0.6,0.5,40,B1-SCSA_PLUS
0.5,0.5,0.6309297535714575,0.0,0.5,0.3333333333333333,0.25,0.2,0.1,41,B1-SCSA_PLUS
1.0,0.7875,0.9176551163528843,1.0,1.0,0.6666666666666666,0.75,0.6,0.4,42,B1-SCSA_PLUS
,0.0,0.0,0.0,0.0,0.0,0.0,0.0,0.0,43,B1-SCSA_PLUS
0.5,0.5416666666666666,0.7036997876179215,0.0,0.5,0.6666666666666666,0.5,0.4,0.4,44,B1-SCSA_PLUS
0.3333333333333333,0.3333333333333333,0.5249810332008933,0.0,0.0,0.3333333333333333,0.25,0.2,0.2,45,B1-SCSA_PLUS
0.5,0.6087301587301587,0.7447855140948257,0.0,0.5,0.6666666666666666,0.75,0.6,0.5,46,B1-SCSA_PLUS
0.5,0.7856701940035273,0.8328978515038055,0.0,0.5,0.6666666666666666,0.75,0.8,0.9,47,B1-SCSA_PLUS
0.3333333333333333,0.33134920634920634,0.5391065605018963,0.0,0.0,0.3333333333333333,0.25,0.2,0.3,48,B1-SCSA_PLUS
1.0,1.0,1.0,1.0,1.0,1.0,1.0,1.0,0.5,49,B1-SCSA_PLUS
0.5,0.5079365079365079,0.6967564500834763,0.0,0.5,0.6666666666666666,0.5,0.4,0.5,50,B1-SCSA_PLUS
1.0,0.9478458049886621,0.9848330959553522,1.0,1.0,1.0,1.0,1.0,0.7,51,B1-SCSA_PLUS
,0.0,0.0,0.0,0.0,0.0,0.0,0.0,0.0,53,B1-SCSA_PLUS
1.0,0.8134920634920634,0.9279641043683683,1.0,1.0,0.6666666666666666,0.75,0.6,0.6,54,B1-SCSA_PLUS
1.0,0.8782627865961199,0.9504206262110482,1.0,1.0,0.6666666666666666,0.75,0.8,0.9,55,B1-SCSA_PLUS
0.5,0.49652777777777773,0.6821597128635729,0.0,0.5,0.6666666666666666,0.5,0.4,0.4,57,B1-SCSA_PLUS
1.0,1.0,1.0,1.0,1.0,1.0,1.0,1.0,1.0,58,B1-SCSA_PLUS
1.0,1.0,1.0,1.0,1.0,1.0,1.0,1.0,1.0,60,B1-SCSA_PLUS
0.5,0.6968253968253969,0.7859363362324141,0.0,0.5,0.6666666666666666,0.75,0.8,0.6,61,B1-SCSA_PLUS
1.0,1.0,1.0,1.0,1.0,1.0,1.0,1.0,1.0,62,B1-SCSA_PLUS
0.3333333333333333,0.2851851851851852,0.511558309303655,0.0,0.0,0.3333333333333333,0.25,0.2,0.3,63,B1-SCSA_PLUS
1.0,1.0,1.0,1.0,1.0,0.6666666666666666,0.5,0.4,0.2,66,B1-SCSA_PLUS
1.0,1.0,1.0,1.0,1.0,1.0,1.0,1.0,1.0,68,B1-SCSA_PLUS
1.0,1.0,1.0,1.0,1.0,1.0,1.0,1.0,1.0,70,B1-SCSA_PLUS
1.0,0.804421768707483,0.9268520089309741,1.0,1.0,0.6666666666666666,0.75,0.8,0.7,71,B1-SCSA_PLUS
1.0,0.8956845238095238,0.9641803458261542,1.0,1.0,1.0,0.75,0.8,0.8,72,B1-SCSA_PLUS
0.3333333333333333,0.43015873015873013,0.6125353345843497,0.0,0.0,0.3333333333333333,0.25,0.2,0.5,73,B1-SCSA_PLUS
0.5,0.6097222222222222,0.7500059677816915,0.0,0.5,0.6666666666666666,0.5,0.6,0.6,74,B1-SCSA_PLUS
0.3333333333333333,0.2777777777777778,0.4911492931622974,0.0,0.0,0.3333333333333333,0.25,0.2,0.2,76,B1-SCSA_PLUS
1.0,0.7440476190476192,0.8859509025892363,1.0,0.5,0.6666666666666666,0.75,0.8,0.7,77,B1-SCSA_PLUS
,0.0,0.0,0.0,0.0,0.0,0.0,0.0,0.0,78,B1-SCSA_PLUS
0.5,0.44375,0.6504262607311477,0.0,0.5,0.3333333333333333,0.5,0.4,0.4,79,B1-SCSA_PLUS
1.0,0.9626543209876544,0.9895948844467957,1.0,1.0,1.0,1.0,1.0,0.9,81,B1-SCSA_PLUS
1.0,0.6518707482993197,0.8317144247565925,1.0,0.5,0.3333333333333333,0.5,0.4,0.7,1,CS-STATE_ART
0.3333333333333333,0.4355555555555556,0.6217331638029128,0.0,0.0,0.3333333333333333,0.25,0.4,0.5,2,CS-STATE_ART
0.3333333333333333,0.3333333333333333,0.5249810332008933,0.0,0.0,0.3333333333333333,0.25,0.2,0.2,3,CS-STATE_ART
0.25,0.43,0.6031171482531632,0.0,0.0,0.0,0.25,0.4,0.5,4,CS-STATE_ART
0.5,0.604251700680272,0.7493211223323234,0.0,0.5,0.6666666666666666,0.5,0.4,0.7,5,CS-STATE_ART
1.0,0.7746031746031746,0.9103349017299518,1.0,1.0,0.6666666666666666,0.5,0.6,0.6,6,CS-STATE_ART
1.0,0.6079365079365079,0.8219303906225648,1.0,0.5,0.6666666666666666,0.5,0.4,0.5,7,CS-STATE_ART
1.0,1.0,1.0,1.0,1.0,1.0,1.0,1.0,0.8,8,CS-STATE_ART
0.25,0.5021825396825397,0.6425958210520417,0.0,0.0,0.0,0.25,0.4,0.6,9,CS-STATE_ART
1.0,1.0,1.0,1.0,1.0,1.0,1.0,1.0,1.0,10,CS-STATE_ART
0.25,0.5304421768707482,0.6631747728725315,0.0,0.0,0.0,0.25,0.4,0.7,11,CS-STATE_ART
1.0,0.9111111111111111,0.9708923176105698,1.0,1.0,1.0,1.0,0.8,0.5,12,CS-STATE_ART
0.3333333333333333,0.512063492063492,0.66200432687264,0.0,0.0,0.3333333333333333,0.5,0.6,0.5,13,CS-STATE_ART
0.3333333333333333,0.30634920634920637,0.5267175784514114,0.0,0.0,0.3333333333333333,0.25,0.2,0.3,15,CS-STATE_ART
1.0,1.0,1.0,1.0,1.0,0.6666666666666666,0.5,0.4,0.2,16,CS-STATE_ART
1.0,1.0,1.0,1.0,1.0,1.0,1.0,1.0,1.0,17,CS-STATE_ART
0.125,0.1625,0.3706656904013186,0.0,0.0,0.0,0.0,0.0,0.2,18,CS-STATE_ART
0.1111111111111111,0.1111111111111111,0.3010299956639812,0.0,0.0,0.0,0.0,0.0,0.1,19,CS-STATE_ART
0.3333333333333333,0.3876984126984127,0.5897633177162126,0.0,0.0,0.3333333333333333,0.25,0.2,0.5,20,CS-STATE_ART
0.5,0.6188492063492064,0.7563454571958587,0.0,0.5,0.6666666666666666,0.75,0.6,0.6,21,CS-STATE_ART
0.5,0.6441043083900226,0.7571453504280035,0.0,0.5,0.3333333333333333,0.5,0.6,0.7,22,CS-STATE_ART
1.0,1.0,1.0,1.0,1.0,1.0,1.0,1.0,1.0,23,CS-STATE_ART
0.5,0.7856701940035273,0.8328978515038055,0.0,0.5,0.6666666666666666,0.75,0.8,0.9,24,CS-STATE_ART
1.0,1.0,1.0,1.0,1.0,1.0,1.0,1.0,1.0,25,CS-STATE_ART
0.3333333333333333,0.49338624338624343,0.6555845429030187,0.0,0.0,0.3333333333333333,0.25,0.4,0.6,26,CS-STATE_ART
0.3333333333333333,0.5059523809523809,0.6565062893041446,0.0,0.0,0.3333333333333333,0.5,0.4,0.5,27,CS-STATE_ART
0.5,0.5438492063492063,0.7031929213206057,0.0,0.5,0.3333333333333333,0.25,0.4,0.6,28,CS-STATE_ART
0.2,0.28690476190476194,0.4860089900278708,0.0,0.0,0.0,0.0,0.2,0.3,29,CS-STATE_ART
0.5,0.6968253968253969,0.7859363362324141,0.0,0.5,0.6666666666666666,0.75,0.8,0.6,30,CS-STATE_ART
0.3333333333333333,0.34722222222222215,0.5498407734605132,0.0,0.0,0.3333333333333333,0.25,0.2,0.3,31,CS-STATE_ART
1.0,0.9666666666666666,0.9896062251871525,1.0,1.0,1.0,1.0,0.8,0.5,32,CS-STATE_ART
0.2,0.2888888888888889,0.4899692203633839,0.0,0.0,0.0,0.0,0.2,0.3,33,CS-STATE_ART
0.25,0.25740740740740736,0.4790262927928244,0.0,0.0,0.0,0.25,0.2,0.3,34,CS-STATE_ART
,0.0,0.0,0.0,0.0,0.0,0.0,0.0,0.0,35,CS-STATE_ART
0.5,0.7856701940035273,0.8328978515038055,0.0,0.5,0.6666666666666666,0.75,0.8,0.9,36,CS-STATE_ART
0.25,0.29166666666666663,0.48247555939075504,0.0,0.0,0.0,0.25,0.2,0.2,37,CS-STATE_ART
1.0,1.0,1.0,1.0,1.0,1.0,1.0,1.0,1.0,38,CS-STATE_ART
1.0,1.0,1.0,1.0,1.0,1.0,1.0,1.0,0.9,39,CS-STATE_ART
1.0,0.5888888888888889,0.8061765387700855,1.0,0.5,0.3333333333333333,0.5,0.4,0.5,40,CS-STATE_ART
0.125,0.2157407407407407,0.42495990177520937,0.0,0.0,0.0,0.0,0.0,0.3,41,CS-STATE_ART
0.5,0.6861904761904762,0.7738931964842558,0.0,0.5,0.6666666666666666,0.75,0.8,0.5,42,CS-STATE_ART
,0.0,0.0,0.0,0.0,0.0,0.0,0.0,0.0,43,CS-STATE_ART
0.2,0.32628968253968255,0.5218136006852979,0.0,0.0,0.0,0.0,0.2,0.4,44,CS-STATE_ART
1.0,0.9467813051146384,0.9842184869190973,1.0,1.0,1.0,1.0,1.0,0.9,45,CS-STATE_ART
1.0,0.6104166666666666,0.8215664107074527,1.0,0.5,0.6666666666666666,0.5,0.4,0.4,46,CS-STATE_ART
1.0,0.8782627865961199,0.9504206262110482,1.0,1.0,0.6666666666666666,0.75,0.8,0.9,47,CS-STATE_ART
1.0,1.0,1.0,1.0,1.0,1.0,1.0,1.0,1.0,48,CS-STATE_ART
1.0,0.8338789682539682,0.9165542635924873,1.0,0.5,0.6666666666666666,0.75,0.8,0.8,49,CS-STATE_ART
1.0,0.8555555555555555,0.9441592263400607,1.0,1.0,0.6666666666666666,0.75,0.8,0.6,50,CS-STATE_ART
1.0,0.7847222222222222,0.9181890364255552,1.0,1.0,0.6666666666666666,0.75,0.6,0.6,51,CS-STATE_ART
,0.0,0.0,0.0,0.0,0.0,0.0,0.0,0.0,53,CS-STATE_ART
0.2,0.273015873015873,0.4792350074047671,0.0,0.0,0.0,0.0,0.2,0.3,54,CS-STATE_ART
1.0,1.0,1.0,1.0,1.0,1.0,1.0,1.0,1.0,55,CS-STATE_ART
0.25,0.3673611111111111,0.5598144536257148,0.0,0.0,0.0,0.25,0.4,0.4,57,CS-STATE_ART
0.5,0.7481150793650794,0.8165229378311882,0.0,0.5,0.6666666666666666,0.75,0.8,0.8,58,CS-STATE_ART
1.0,1.0,1.0,1.0,1.0,1.0,1.0,1.0,1.0,60,CS-STATE_ART
0.3333333333333333,0.41666666666666663,0.5706417189553201,0.0,0.0,0.3333333333333333,0.5,0.4,0.2,61,CS-STATE_ART
0.25,0.3833333333333333,0.5508095940041026,0.0,0.0,0.0,0.25,0.4,0.3,62,CS-STATE_ART
0.25,0.25,0.43067655807339306,0.0,0.0,0.0,0.25,0.2,0.1,63,CS-STATE_ART
0.5,0.6496031746031746,0.7634017248465543,0.0,0.5,0.6666666666666666,0.5,0.6,0.6,66,CS-STATE_ART
1.0,0.8802579365079366,0.9613085758737653,1.0,1.0,1.0,1.0,0.8,0.8,68,CS-STATE_ART
1.0,1.0,1.0,1.0,1.0,1.0,1.0,1.0,1.0,70,CS-STATE_ART
1.0,0.6333333333333333,0.8179809735263114,1.0,0.5,0.3333333333333333,0.25,0.4,0.3,71,CS-STATE_ART
1.0,0.8583333333333332,0.9505310077117097,1.0,1.0,1.0,0.75,0.6,0.5,72,CS-STATE_ART
1.0,0.625925925925926,0.8240133229614812,1.0,0.5,0.3333333333333333,0.5,0.6,0.6,73,CS-STATE_ART
0.5,0.5,0.6309297535714575,0.0,0.5,0.3333333333333333,0.25,0.2,0.1,74,CS-STATE_ART
,0.0,0.0,0.0,0.0,0.0,0.0,0.0,0.0,76,CS-STATE_ART
0.5,0.38690476190476186,0.6005491084563833,0.0,0.5,0.3333333333333333,0.25,0.2,0.3,77,CS-STATE_ART
0.14285714285714285,0.14285714285714285,0.3333333333333333,0.0,0.0,0.0,0.0,0.0,0.1,78,CS-STATE_ART
0.5,0.3611111111111111,0.5714285040141098,0.0,0.5,0.3333333333333333,0.25,0.2,0.2,79,CS-STATE_ART
1.0,1.0,1.0,1.0,1.0,1.0,1.0,1.0,1.0,81,CS-STATE_ART
1.0,0.7044217687074831,0.8553050844815022,1.0,0.5,0.3333333333333333,0.5,0.6,0.7,1,CS-SCSA_PLUS
0.25,0.41571428571428565,0.5953592473115411,0.0,0.0,0.0,0.25,0.4,0.5,2,CS-SCSA_PLUS
0.3333333333333333,0.3333333333333333,0.5249810332008933,0.0,0.0,0.3333333333333333,0.25,0.2,0.2,3,CS-SCSA_PLUS
0.3333333333333333,0.4523809523809524,0.6337342724360074,0.0,0.0,0.3333333333333333,0.5,0.4,0.5,4,CS-SCSA_PLUS
0.5,0.5804421768707482,0.7302657488305411,0.0,0.5,0.3333333333333333,0.5,0.4,0.7,5,CS-SCSA_PLUS
1.0,0.7329365079365079,0.8750832721664332,1.0,0.5,0.6666666666666666,0.5,0.6,0.6,6,CS-SCSA_PLUS
1.0,0.6079365079365079,0.8219303906225648,1.0,0.5,0.6666666666666666,0.5,0.4,0.5,7,CS-SCSA_PLUS
1.0,1.0,1.0,1.0,1.0,1.0,1.0,1.0,0.8,8,CS-SCSA_PLUS
0.25,0.4910714285714286,0.6389751319299919,0.0,0.0,0.0,0.25,0.4,0.6,9,CS-SCSA_PLUS
1.0,1.0,1.0,1.0,1.0,1.0,1.0,1.0,1.0,10,CS-SCSA_PLUS
0.25,0.5304421768707482,0.6631747728725315,0.0,0.0,0.0,0.25,0.4,0.7,11,CS-SCSA_PLUS
1.0,0.9111111111111111,0.9708923176105698,1.0,1.0,1.0,1.0,0.8,0.5,12,CS-SCSA_PLUS
0.3333333333333333,0.4609523809523809,0.6326891704378731,0.0,0.0,0.3333333333333333,0.25,0.4,0.5,13,CS-SCSA_PLUS
0.5,0.4444444444444444,0.6394562303262419,0.0,0.5,0.3333333333333333,0.5,0.4,0.3,15,CS-SCSA_PLUS
1.0,1.0,1.0,1.0,1.0,0.6666666666666666,0.5,0.4,0.2,16,CS-SCSA_PLUS
1.0,1.0,1.0,1.0,1.0,1.0,1.0,1.0,1.0,17,CS-SCSA_PLUS
0.125,0.1736111111111111,0.37800210039683896,0.0,0.0,0.0,0.0,0.0,0.2,18,CS-SCSA_PLUS
0.125,0.125,0.31546487678572877,0.0,0.0,0.0,0.0,0.0,0.1,19,CS-SCSA_PLUS
0.25,0.37103174603174605,0.566251564922111,0.0,0.0,0.0,0.25,0.2,0.5,20,CS-SCSA_PLUS
0.5,0.6299603174603174,0.7599661463179086,0.0,0.5,0.6666666666666666,0.75,0.6,0.6,21,CS-SCSA_PLUS
0.5,0.6679138321995465,0.7762007239297859,0.0,0.5,0.6666666666666666,0.5,0.6,0.7,22,CS-SCSA_PLUS
1.0,1.0,1.0,1.0,1.0,1.0,1.0,1.0,1.0,23,CS-SCSA_PLUS
0.5,0.7856701940035273,0.8328978515038055,0.0,0.5,0.6666666666666666,0.75,0.8,0.9,24,CS-SCSA_PLUS
1.0,1.0,1.0,1.0,1.0,1.0,1.0,1.0,1.0,25,CS-SCSA_PLUS
0.3333333333333333,0.49338624338624343,0.6555845429030187,0.0,0.0,0.3333333333333333,0.25,0.4,0.6,26,CS-SCSA_PLUS
0.3333333333333333,0.512063492063492,0.66200432687264,0.0,0.0,0.3333333333333333,0.5,0.6,0.5,27,CS-SCSA_PLUS
0.5,0.5438492063492063,0.7031929213206057,0.0,0.5,0.3333333333333333,0.25,0.4,0.6,28,CS-SCSA_PLUS
0.2,0.2619047619047619,0.4736200079773859,0.0,0.0,0.0,0.0,0.2,0.3,29,CS-SCSA_PLUS
0.5,0.6680555555555556,0.7761612682896011,0.0,0.5,0.6666666666666666,0.75,0.8,0.6,30,CS-SCSA_PLUS
0.5,0.425,0.6256646589861505,0.0,0.5,0.3333333333333333,0.25,0.4,0.3,31,CS-SCSA_PLUS
1.0,0.9,0.9668342083190152,1.0,1.0,1.0,1.0,0.8,0.5,32,CS-SCSA_PLUS
0.2,0.2888888888888889,0.4899692203633839,0.0,0.0,0.0,0.0,0.2,0.3,33,CS-SCSA_PLUS
0.2,0.24074074074074073,0.45846073882962946,0.0,0.0,0.0,0.0,0.2,0.3,34,CS-SCSA_PLUS
,0.0,0.0,0.0,0.0,0.0,0.0,0.0,0.0,35,CS-SCSA_PLUS
0.5,0.7856701940035273,0.8328978515038055,0.0,0.5,0.6666666666666666,0.75,0.8,0.9,36,CS-SCSA_PLUS
0.2,0.26666666666666666,0.45560514958746035,0.0,0.0,0.0,0.0,0.2,0.2,37,CS-SCSA_PLUS
1.0,1.0,1.0,1.0,1.0,1.0,1.0,1.0,1.0,38,CS-SCSA_PLUS
1.0,1.0,1.0,1.0,1.0,1.0,1.0,1.0,0.9,39,CS-SCSA_PLUS
1.0,0.5942857142857143,0.8022692730746812,1.0,0.5,0.3333333333333333,0.25,0.4,0.5,40,CS-SCSA_PLUS
0.125,0.2157407407407407,0.42495990177520937,0.0,0.0,0.0,0.0,0.0,0.3,41,CS-SCSA_PLUS
0.5,0.6861904761904762,0.7738931964842558,0.0,0.5,0.6666666666666666,0.75,0.8,0.5,42,CS-SCSA_PLUS
,0.0,0.0,0.0,0.0,0.0,0.0,0.0,0.0,43,CS-SCSA_PLUS
0.2,0.32628968253968255,0.5218136006852979,0.0,0.0,0.0,0.0,0.2,0.4,44,CS-SCSA_PLUS
1.0,0.9467813051146384,0.9842184869190973,1.0,1.0,1.0,1.0,1.0,0.9,45,CS-SCSA_PLUS
1.0,0.6,0.8159313210935148,1.0,0.5,0.6666666666666666,0.5,0.4,0.4,46,CS-SCSA_PLUS
1.0,0.8782627865961199,0.9504206262110482,1.0,1.0,0.6666666666666666,0.75,0.8,0.9,47,CS-SCSA_PLUS
1.0,1.0,1.0,1.0,1.0,1.0,1.0,1.0,1.0,48,CS-SCSA_PLUS
1.0,0.8227678571428572,0.9135277613190136,1.0,0.5,0.6666666666666666,0.75,0.8,0.8,49,CS-SCSA_PLUS
1.0,0.7861111111111111,0.9001715370445235,1.0,0.5,0.6666666666666666,0.75,0.8,0.6,50,CS-SCSA_PLUS
1.0,0.7736111111111109,0.9145683473035052,1.0,1.0,0.6666666666666666,0.75,0.6,0.6,51,CS-SCSA_PLUS
,0.0,0.0,0.0,0.0,0.0,0.0,0.0,0.0,53,CS-SCSA_PLUS
0.2,0.28690476190476194,0.4860089900278708,0.0,0.0,0.0,0.0,0.2,0.3,54,CS-SCSA_PLUS
1.0,1.0,1.0,1.0,1.0,1.0,1.0,1.0,1.0,55,CS-SCSA_PLUS
0.2,0.35158730158730156,0.5377185858257085,0.0,0.0,0.0,0.0,0.2,0.4,57,CS-SCSA_PLUS
0.5,0.7713789682539682,0.8232006379497264,0.0,0.5,0.6666666666666666,0.75,0.8,0.8,58,CS-SCSA_PLUS
1.0,1.0,1.0,1.0,1.0,1.0,1.0,1.0,1.0,60,CS-SCSA_PLUS
0.3333333333333333,0.41666666666666663,0.5706417189553201,0.0,0.0,0.3333333333333333,0.5,0.4,0.2,61,CS-SCSA_PLUS
0.25,0.3595238095238095,0.5400753810454857,0.0,0.0,0.0,0.25,0.4,0.3,62,CS-SCSA_PLUS
0.3333333333333333,0.2851851851851852,0.511558309303655,0.0,0.0,0.3333333333333333,0.25,0.2,0.3,63,CS-SCSA_PLUS
0.5,0.5968253968253968,0.7344355650194593,0.0,0.5,0.3333333333333333,0.5,0.6,0.6,66,CS-SCSA_PLUS
1.0,0.961734693877551,0.9888009031441519,1.0,1.0,1.0,1.0,1.0,0.7,68,CS-SCSA_PLUS
1.0,1.0,1.0,1.0,1.0,1.0,1.0,1.0,1.0,70,CS-SCSA_PLUS
1.0,0.6095238095238095,0.8072467605676945,1.0,0.5,0.3333333333333333,0.25,0.4,0.3,71,CS-SCSA_PLUS
1.0,0.8083333333333332,0.9270192549176081,1.0,1.0,0.6666666666666666,0.75,0.6,0.5,72,CS-SCSA_PLUS
1.0,0.6537037037037037,0.836342044396525,1.0,0.5,0.3333333333333333,0.5,0.6,0.6,73,CS-SCSA_PLUS
0.14285714285714285,0.14285714285714285,0.3333333333333333,0.0,0.0,0.0,0.0,0.0,0.1,74,CS-SCSA_PLUS
,0.0,0.0,0.0,0.0,0.0,0.0,0.0,0.0,76,CS-SCSA_PLUS
0.5,0.38690476190476186,0.6005491084563833,0.0,0.5,0.3333333333333333,0.25,0.2,0.3,77,CS-SCSA_PLUS
0.14285714285714285,0.14285714285714285,0.3333333333333333,0.0,0.0,0.0,0.0,0.0,0.1,78,CS-SCSA_PLUS
0.3333333333333333,0.2777777777777778,0.4911492931622974,0.0,0.0,0.3333333333333333,0.25,0.2,0.2,79,CS-SCSA_PLUS
1.0,1.0,1.0,1.0,1.0,1.0,1.0,1.0,1.0,81,CS-SCSA_PLUS
0.3333333333333333,0.47777777777777775,0.6455502826691841,0.0,0.0,0.3333333333333333,0.5,0.4,0.5,1,SC-STATE_ART
0.14285714285714285,0.19642857142857142,0.39780880120575696,0.0,0.0,0.0,0.0,0.0,0.2,2,SC-STATE_ART
0.3333333333333333,0.40277777777777773,0.5847876649948583,0.0,0.0,0.3333333333333333,0.5,0.4,0.3,3,SC-STATE_ART
0.5,0.7142857142857144,0.7996691307078325,0.0,0.5,0.6666666666666666,0.75,0.8,0.7,4,SC-STATE_ART
0.5,0.6185374149659862,0.7577448780125856,0.0,0.5,0.6666666666666666,0.5,0.6,0.7,5,SC-STATE_ART
1.0,0.666156462585034,0.8401381804368546,1.0,0.5,0.3333333333333333,0.5,0.6,0.7,6,SC-STATE_ART
1.0,0.7375850340136055,0.895183044469731,1.0,1.0,0.6666666666666666,0.5,0.6,0.7,7,SC-STATE_ART
1.0,1.0,1.0,1.0,1.0,1.0,1.0,1.0,1.0,8,SC-STATE_ART
0.25,0.38075396825396823,0.5667899425860504,0.0,0.0,0.0,0.25,0.4,0.4,9,SC-STATE_ART
1.0,0.9704861111111112,0.9918291064614978,1.0,1.0,1.0,1.0,1.0,0.8,10,SC-STATE_ART
1.0,0.8644345238095238,0.9466454870600814,1.0,1.0,0.6666666666666666,0.75,0.8,0.8,11,SC-STATE_ART
1.0,0.7132936507936508,0.8716476936377875,1.0,0.5,0.6666666666666666,0.75,0.6,0.6,12,SC-STATE_ART
0.5,0.5888888888888889,0.7122630665145961,0.0,0.5,0.6666666666666666,0.5,0.6,0.3,13,SC-STATE_ART
0.25,0.3986111111111111,0.5757194387661255,0.0,0.0,0.0,0.25,0.4,0.4,15,SC-STATE_ART
1.0,0.8666666666666667,0.9469024295259745,1.0,1.0,0.6666666666666666,0.5,0.6,0.3,16,SC-STATE_ART
0.14285714285714285,0.14285714285714285,0.3333333333333333,0.0,0.0,0.0,0.0,0.0,0.1,17,SC-STATE_ART
,0.0,0.0,0.0,0.0,0.0,0.0,0.0,0.0,18,SC-STATE_ART
1.0,0.8782627865961199,0.9504206262110482,1.0,1.0,0.6666666666666666,0.75,0.8,0.9,19,SC-STATE_ART
0.5,0.3611111111111111,0.5714285040141098,0.0,0.5,0.3333333333333333,0.25,0.2,0.2,20,SC-STATE_ART
1.0,0.5412698412698413,0.773161590685251,1.0,0.5,0.3333333333333333,0.25,0.2,0.5,21,SC-STATE_ART
0.5,0.5722222222222222,0.7297713981683107,0.0,0.5,0.6666666666666666,0.75,0.6,0.5,22,SC-STATE_ART
0.1,0.1,0.2890648263178879,0.0,0.0,0.0,0.0,0.0,0.1,23,SC-STATE_ART
1.0,0.6899659863945579,0.859193553938637,1.0,0.5,0.6666666666666666,0.5,0.6,0.7,24,SC-STATE_ART
1.0,0.959375,0.9888026041880241,1.0,1.0,1.0,1.0,1.0,0.8,25,SC-STATE_ART
1.0,0.7155328798185941,0.858594026354055,1.0,0.5,0.3333333333333333,0.5,0.6,0.7,26,SC-STATE_ART
1.0,1.0,1.0,1.0,1.0,1.0,1.0,1.0,0.9,27,SC-STATE_ART
0.14285714285714285,0.14285714285714285,0.3333333333333333,0.0,0.0,0.0,0.0,0.0,0.1,28,SC-STATE_ART
1.0,0.751388888888889,0.8878428156094799,1.0,0.5,0.6666666666666666,0.75,0.8,0.6,29,SC-STATE_ART
0.5,0.5703703703703703,0.7333092164806386,0.0,0.5,0.6666666666666666,0.5,0.6,0.6,30,SC-STATE_ART
1.0,0.65,0.8326783988613894,1.0,0.5,0.3333333333333333,0.5,0.6,0.4,31,SC-STATE_ART
,0.0,0.0,0.0,0.0,0.0,0.0,0.0,0.0,32,SC-STATE_ART
1.0,0.855952380952381,0.9530418785472459,1.0,1.0,1.0,1.0,0.8,0.7,33,SC-STATE_ART
1.0,0.6111111111111112,0.7977228895450266,1.0,0.5,0.3333333333333333,0.25,0.2,0.2,34,SC-STATE_ART
1.0,1.0,1.0,1.0,0.5,0.3333333333333333,0.25,0.2,0.1,35,SC-STATE_ART
1.0,1.0,1.0,1.0,1.0,1.0,1.0,1.0,1.0,36,SC-STATE_ART
1.0,1.0,1.0,1.0,1.0,1.0,1.0,1.0,0.6,37,SC-STATE_ART
0.5,0.7856701940035273,0.8328978515038055,0.0,0.5,0.6666666666666666,0.75,0.8,0.9,38,SC-STATE_ART
0.3333333333333333,0.6427579365079366,0.73672839926874,0.0,0.0,0.3333333333333333,0.5,0.6,0.8,39,SC-STATE_ART
0.5,0.6544444444444444,0.7629371898492955,0.0,0.5,0.6666666666666666,0.75,0.8,0.5,40,SC-STATE_ART
1.0,0.5166666666666667,0.7529716549381369,1.0,0.5,0.3333333333333333,0.25,0.2,0.3,41,SC-STATE_ART
1.0,0.7928571428571429,0.9178287402913374,1.0,1.0,0.6666666666666666,0.5,0.6,0.4,42,SC-STATE_ART
1.0,1.0,1.0,1.0,1.0,1.0,1.0,1.0,1.0,43,SC-STATE_ART
1.0,1.0,1.0,1.0,1.0,1.0,1.0,1.0,1.0,44,SC-STATE_ART
1.0,0.9060405643738976,0.9667147927059907,1.0,1.0,1.0,0.75,0.8,0.9,45,SC-STATE_ART
1.0,0.9282627865961199,0.9770153702993121,1.0,1.0,1.0,1.0,0.8,0.9,46,SC-STATE_ART
1.0,0.9467813051146384,0.9842184869190973,1.0,1.0,1.0,1.0,1.0,0.9,47,SC-STATE_ART
1.0,1.0,1.0,1.0,1.0,1.0,1.0,1.0,1.0,48,SC-STATE_ART
0.25,0.44457671957671957,0.6130049420154864,0.0,0.0,0.0,0.25,0.2,0.6,49,SC-STATE_ART
1.0,1.0,1.0,1.0,1.0,1.0,1.0,1.0,1.0,50,SC-STATE_ART
1.0,0.6592857142857144,0.8364801667538002,1.0,0.5,0.3333333333333333,0.5,0.6,0.5,51,SC-STATE_ART
0.1111111111111111,0.15555555555555556,0.36181498356361597,0.0,0.0,0.0,0.0,0.0,0.2,53,SC-STATE_ART
1.0,0.6916666666666667,0.8597408875863228,1.0,0.5,0.6666666666666666,0.5,0.6,0.4,54,SC-STATE_ART
1.0,1.0,1.0,1.0,1.0,1.0,1.0,1.0,1.0,55,SC-STATE_ART
1.0,1.0,1.0,1.0,1.0,1.0,1.0,1.0,1.0,57,SC-STATE_ART
1.0,1.0,1.0,1.0,1.0,1.0,1.0,1.0,1.0,58,SC-STATE_ART
1.0,1.0,1.0,1.0,1.0,1.0,1.0,1.0,1.0,59,SC-STATE_ART
1.0,1.0,1.0,1.0,1.0,1.0,1.0,1.0,1.0,60,SC-STATE_ART
1.0,0.9282627865961199,0.9770153702993121,1.0,1.0,1.0,1.0,0.8,0.9,61,SC-STATE_ART
0.1111111111111111,0.1111111111111111,0.3010299956639812,0.0,0.0,0.0,0.0,0.0,0.1,62,SC-STATE_ART
1.0,1.0,1.0,1.0,1.0,1.0,1.0,1.0,1.0,63,SC-STATE_ART
1.0,0.9626543209876544,0.9895948844467957,1.0,1.0,1.0,1.0,1.0,0.9,66,SC-STATE_ART
1.0,0.9428571428571428,0.9818483242455303,1.0,1.0,1.0,1.0,0.8,0.5,67,SC-STATE_ART
1.0,0.8701388888888889,0.9560094522876518,1.0,1.0,1.0,0.75,0.8,0.8,68,SC-STATE_ART
1.0,1.0,1.0,1.0,1.0,1.0,1.0,1.0,0.6,70,SC-STATE_ART
1.0,1.0,1.0,1.0,1.0,1.0,1.0,1.0,1.0,71,SC-STATE_ART
1.0,0.9282627865961199,0.9770153702993121,1.0,1.0,1.0,1.0,0.8,0.9,72,SC-STATE_ART
0.25,0.33958333333333335,0.5431800515011934,0.0,0.0,0.0,0.25,0.2,0.4,73,SC-STATE_ART
0.25,0.33958333333333335,0.5431800515011934,0.0,0.0,0.0,0.25,0.2,0.4,74,SC-STATE_ART
1.0,1.0,1.0,1.0,1.0,1.0,1.0,1.0,1.0,76,SC-STATE_ART
1.0,1.0,1.0,1.0,1.0,1.0,1.0,1.0,1.0,77,SC-STATE_ART
,0.0,0.0,0.0,0.0,0.0,0.0,0.0,0.0,78,SC-STATE_ART
1.0,0.9626543209876544,0.9895948844467957,1.0,1.0,1.0,1.0,1.0,0.9,79,SC-STATE_ART
1.0,1.0,1.0,1.0,1.0,1.0,1.0,1.0,1.0,81,SC-STATE_ART
0.25,0.4411111111111111,0.6071752575447178,0.0,0.0,0.0,0.25,0.4,0.5,1,SC-SCSA_PLUS
0.14285714285714285,0.18253968253968253,0.3889580943680543,0.0,0.0,0.0,0.0,0.0,0.2,2,SC-SCSA_PLUS
0.5,0.4444444444444444,0.6394562303262419,0.0,0.5,0.3333333333333333,0.5,0.4,0.3,3,SC-SCSA_PLUS
0.5,0.6853741496598641,0.7894138424738286,0.0,0.5,0.6666666666666666,0.75,0.8,0.7,4,SC-SCSA_PLUS
0.25,0.5304421768707482,0.6631747728725315,0.0,0.0,0.0,0.25,0.4,0.7,5,SC-SCSA_PLUS
0.5,0.5947278911564625,0.738689504510803,0.0,0.5,0.3333333333333333,0.5,0.6,0.7,6,SC-SCSA_PLUS
1.0,0.7511904761904763,0.9014705255149352,1.0,1.0,0.6666666666666666,0.5,0.6,0.7,7,SC-SCSA_PLUS
1.0,1.0,1.0,1.0,1.0,1.0,1.0,1.0,1.0,8,SC-SCSA_PLUS
0.25,0.39464285714285713,0.5724250321999883,0.0,0.0,0.0,0.25,0.4,0.4,9,SC-SCSA_PLUS
1.0,0.9861111111111112,0.9963488021549354,1.0,1.0,1.0,1.0,1.0,0.8,10,SC-SCSA_PLUS
1.0,0.8412257495590829,0.9196461703481418,1.0,0.5,0.6666666666666666,0.75,0.8,0.9,11,SC-SCSA_PLUS
1.0,0.6906084656084656,0.8636589746497284,1.0,0.5,0.6666666666666666,0.75,0.6,0.6,12,SC-SCSA_PLUS
0.5,0.5333333333333333,0.6797310500037655,0.0,0.5,0.3333333333333333,0.5,0.6,0.3,13,SC-SCSA_PLUS
0.25,0.38075396825396823,0.5667899425860504,0.0,0.0,0.0,0.25,0.4,0.4,15,SC-SCSA_PLUS
1.0,0.7555555555555555,0.8854598815714874,1.0,0.5,0.6666666666666666,0.5,0.6,0.3,16,SC-SCSA_PLUS
0.14285714285714285,0.14285714285714285,0.3333333333333333,0.0,0.0,0.0,0.0,0.0,0.1,17,SC-SCSA_PLUS
,0.0,0.0,0.0,0.0,0.0,0.0,0.0,0.0,18,SC-SCSA_PLUS
1.0,0.9060405643738976,0.9667147927059907,1.0,1.0,1.0,0.75,0.8,0.9,19,SC-SCSA_PLUS
1.0,0.6,0.7903864795495061,1.0,0.5,0.3333333333333333,0.25,0.2,0.2,20,SC-SCSA_PLUS
1.0,0.5634920634920635,0.7821154372211577,1.0,0.5,0.3333333333333333,0.25,0.2,0.5,21,SC-SCSA_PLUS
0.5,0.6295238095238095,0.7486361493410435,0.0,0.5,0.6666666666666666,0.5,0.6,0.5,22,SC-SCSA_PLUS
0.1,0.1,0.2890648263178879,0.0,0.0,0.0,0.0,0.0,0.1,23,SC-SCSA_PLUS
1.0,0.666156462585034,0.8401381804368546,1.0,0.5,0.3333333333333333,0.5,0.6,0.7,24,SC-SCSA_PLUS
1.0,0.9293650793650794,0.9793656319464775,1.0,1.0,1.0,1.0,1.0,0.8,25,SC-SCSA_PLUS
1.0,0.7155328798185941,0.858594026354055,1.0,0.5,0.3333333333333333,0.5,0.6,0.7,26,SC-SCSA_PLUS
1.0,1.0,1.0,1.0,1.0,1.0,1.0,1.0,0.9,27,SC-SCSA_PLUS
0.14285714285714285,0.14285714285714285,0.3333333333333333,0.0,0.0,0.0,0.0,0.0,0.1,28,SC-SCSA_PLUS
0.5,0.7345238095238096,0.7982650576674577,0.0,0.5,0.6666666666666666,0.75,0.8,0.6,29,SC-SCSA_PLUS
0.5,0.5981481481481482,0.7456379379156821,0.0,0.5,0.6666666666666666,0.5,0.6,0.6,30,SC-SCSA_PLUS
1.0,0.625,0.8223723458399597,1.0,0.5,0.3333333333333333,0.5,0.6,0.4,31,SC-SCSA_PLUS
,0.0,0.0,0.0,0.0,0.0,0.0,0.0,0.0,32,SC-SCSA_PLUS
1.0,0.8597505668934239,0.9453078548481746,1.0,1.0,0.6666666666666666,0.75,0.8,0.7,33,SC-SCSA_PLUS
1.0,0.6666666666666666,0.8315546295836225,1.0,0.5,0.3333333333333333,0.25,0.2,0.2,34,SC-SCSA_PLUS
1.0,1.0,1.0,1.0,0.5,0.3333333333333333,0.25,0.2,0.1,35,SC-SCSA_PLUS
1.0,1.0,1.0,1.0,1.0,1.0,1.0,1.0,1.0,36,SC-SCSA_PLUS
1.0,1.0,1.0,1.0,1.0,1.0,1.0,1.0,0.6,37,SC-SCSA_PLUS
0.5,0.7856701940035273,0.8328978515038055,0.0,0.5,0.6666666666666666,0.75,0.8,0.9,38,SC-SCSA_PLUS
0.3333333333333333,0.6427579365079366,0.73672839926874,0.0,0.0,0.3333333333333333,0.5,0.6,0.8,39,SC-SCSA_PLUS
1.0,0.8711111111111111,0.9560290452802053,1.0,1.0,1.0,0.75,0.8,0.5,40,SC-SCSA_PLUS
0.25,0.27777777777777773,0.49141527484330916,0.0,0.0,0.0,0.25,0.2,0.3,41,SC-SCSA_PLUS
1.0,0.75,0.8988898126139723,1.0,1.0,0.6666666666666666,0.5,0.4,0.4,42,SC-SCSA_PLUS
1.0,1.0,1.0,1.0,1.0,1.0,1.0,1.0,1.0,43,SC-SCSA_PLUS
1.0,1.0,1.0,1.0,1.0,1.0,1.0,1.0,1.0,44,SC-SCSA_PLUS
1.0,0.9060405643738976,0.9667147927059907,1.0,1.0,1.0,0.75,0.8,0.9,45,SC-SCSA_PLUS
1.0,0.8782627865961199,0.9504206262110482,1.0,1.0,0.6666666666666666,0.75,0.8,0.9,46,SC-SCSA_PLUS
1.0,0.9467813051146384,0.9842184869190973,1.0,1.0,1.0,1.0,1.0,0.9,47,SC-SCSA_PLUS
1.0,1.0,1.0,1.0,1.0,1.0,1.0,1.0,1.0,48,SC-SCSA_PLUS
0.3333333333333333,0.45846560846560847,0.6339823828545226,0.0,0.0,0.3333333333333333,0.25,0.2,0.6,49,SC-SCSA_PLUS
1.0,1.0,1.0,1.0,1.0,1.0,1.0,1.0,1.0,50,SC-SCSA_PLUS
1.0,0.6088888888888888,0.816570313582933,1.0,0.5,0.3333333333333333,0.5,0.6,0.5,51,SC-SCSA_PLUS
0.14285714285714285,0.19642857142857142,0.39780880120575696,0.0,0.0,0.0,0.0,0.0,0.2,53,SC-SCSA_PLUS
1.0,0.6777777777777778,0.854105797972385,1.0,0.5,0.6666666666666666,0.5,0.6,0.4,54,SC-SCSA_PLUS
1.0,1.0,1.0,1.0,1.0,1.0,1.0,1.0,1.0,55,SC-SCSA_PLUS
1.0,1.0,1.0,1.0,1.0,1.0,1.0,1.0,1.0,57,SC-SCSA_PLUS
1.0,1.0,1.0,1.0,1.0,1.0,1.0,1.0,1.0,58,SC-SCSA_PLUS
1.0,1.0,1.0,1.0,1.0,1.0,1.0,1.0,1.0,59,SC-SCSA_PLUS
1.0,1.0,1.0,1.0,1.0,1.0,1.0,1.0,1.0,60,SC-SCSA_PLUS
1.0,0.9467813051146384,0.9842184869190973,1.0,1.0,1.0,1.0,1.0,0.9,61,SC-SCSA_PLUS
0.1111111111111111,0.1111111111111111,0.3010299956639812,0.0,0.0,0.0,0.0,0.0,0.1,62,SC-SCSA_PLUS
1.0,1.0,1.0,1.0,1.0,1.0,1.0,1.0,1.0,63,SC-SCSA_PLUS
1.0,0.9626543209876544,0.9895948844467957,1.0,1.0,1.0,1.0,1.0,0.9,66,SC-SCSA_PLUS
1.0,0.9111111111111111,0.9708923176105698,1.0,1.0,1.0,1.0,0.8,0.5,67,SC-SCSA_PLUS
1.0,0.8644345238095238,0.9466454870600814,1.0,1.0,0.6666666666666666,0.75,0.8,0.8,68,SC-SCSA_PLUS
1.0,0.9761904761904762,0.9930783166417602,1.0,1.0,1.0,1.0,1.0,0.6,70,SC-SCSA_PLUS
1.0,1.0,1.0,1.0,1.0,1.0,1.0,1.0,1.0,71,SC-SCSA_PLUS
1.0,0.9282627865961199,0.9770153702993121,1.0,1.0,1.0,1.0,0.8,0.9,72,SC-SCSA_PLUS
0.25,0.33958333333333335,0.5431800515011934,0.0,0.0,0.0,0.25,0.2,0.4,73,SC-SCSA_PLUS
0.25,0.33878968253968256,0.5389215187286102,0.0,0.0,0.0,0.25,0.2,0.4,74,SC-SCSA_PLUS
1.0,1.0,1.0,1.0,1.0,1.0,1.0,1.0,1.0,76,SC-SCSA_PLUS
1.0,1.0,1.0,1.0,1.0,1.0,1.0,1.0,1.0,77,SC-SCSA_PLUS
,0.0,0.0,0.0,0.0,0.0,0.0,0.0,0.0,78,SC-SCSA_PLUS
1.0,0.9626543209876544,0.9895948844467957,1.0,1.0,1.0,1.0,1.0,0.9,79,SC-SCSA_PLUS
1.0,1.0,1.0,1.0,1.0,1.0,1.0,1.0,1.0,81,SC-SCSA_PLUS
1.0,0.8541666666666666,0.9438661545147249,1.0,1.0,0.6666666666666666,0.75,0.6,0.4,1,SCSA-STATE_ART
1.0,0.9861111111111112,0.9963488021549354,1.0,1.0,1.0,1.0,1.0,0.8,2,SCSA-STATE_ART
0.2,0.2111111111111111,0.42177340954886444,0.0,0.0,0.0,0.0,0.2,0.2,3,SCSA-STATE_ART
1.0,0.8178571428571427,0.9099466049873366,1.0,0.5,0.6666666666666666,0.75,0.8,0.6,4,SCSA-STATE_ART
0.25,0.225,0.44130740935663865,0.0,0.0,0.0,0.25,0.2,0.2,5,SCSA-STATE_ART
0.14285714285714285,0.17142857142857143,0.38162168437253385,0.0,0.0,0.0,0.0,0.0,0.2,6,SCSA-STATE_ART
0.3333333333333333,0.3222222222222222,0.5374517914100283,0.0,0.0,0.3333333333333333,0.25,0.2,0.3,7,SCSA-STATE_ART
1.0,0.8385912698412699,0.9424720919083772,1.0,1.0,1.0,0.75,0.6,0.8,8,SCSA-STATE_ART
1.0,0.9379251700680271,0.9803771474638899,1.0,1.0,1.0,1.0,0.8,0.7,9,SCSA-STATE_ART
0.3333333333333333,0.45846560846560847,0.6339823828545226,0.0,0.0,0.3333333333333333,0.25,0.2,0.6,10,SCSA-STATE_ART
1.0,0.7041666666666666,0.8653082042236201,1.0,0.5,0.6666666666666666,0.5,0.6,0.6,11,SCSA-STATE_ART
1.0,0.7634920634920634,0.9067142126079019,1.0,1.0,0.6666666666666666,0.5,0.6,0.6,12,SCSA-STATE_ART
1.0,0.7470238095238095,0.8838242945899706,1.0,0.5,0.6666666666666666,0.75,0.6,0.4,13,SCSA-STATE_ART
1.0,0.6787037037037037,0.8582519365729244,1.0,0.5,0.6666666666666666,0.75,0.6,0.6,15,SCSA-STATE_ART
0.3333333333333333,0.3333333333333333,0.5,0.0,0.0,0.3333333333333333,0.25,0.2,0.1,16,SCSA-STATE_ART
1.0,1.0,1.0,1.0,0.5,0.3333333333333333,0.25,0.2,0.1,17,SCSA-STATE_ART
1.0,1.0,1.0,1.0,0.5,0.3333333333333333,0.25,0.2,0.1,18,SCSA-STATE_ART
0.5,0.7856701940035273,0.8328978515038055,0.0,0.5,0.6666666666666666,0.75,0.8,0.9,19,SCSA-STATE_ART
1.0,0.6111111111111112,0.7977228895450266,1.0,0.5,0.3333333333333333,0.25,0.2,0.2,20,SCSA-STATE_ART
0.2,0.2,0.38685280723454163,0.0,0.0,0.0,0.0,0.2,0.1,21,SCSA-STATE_ART
1.0,0.7861111111111111,0.9001715370445235,1.0,0.5,0.6666666666666666,0.75,0.8,0.6,22,SCSA-STATE_ART
,0.0,0.0,0.0,0.0,0.0,0.0,0.0,0.0,23,SCSA-STATE_ART
0.5,0.5422222222222223,0.7149081258379462,0.0,0.5,0.6666666666666666,0.5,0.6,0.5,24,SCSA-STATE_ART
1.0,0.9888888888888889,0.9971876401972103,1.0,1.0,1.0,1.0,1.0,0.9,25,SCSA-STATE_ART
0.2,0.2888888888888889,0.4899692203633839,0.0,0.0,0.0,0.0,0.2,0.3,26,SCSA-STATE_ART
1.0,1.0,1.0,1.0,1.0,1.0,1.0,1.0,1.0,27,SCSA-STATE_ART
0.25,0.25,0.43067655807339306,0.0,0.0,0.0,0.25,0.2,0.1,28,SCSA-STATE_ART
1.0,0.5695767195767195,0.7852835896039293,1.0,0.5,0.3333333333333333,0.25,0.2,0.6,29,SCSA-STATE_ART
0.5,0.7031746031746031,0.798465881758476,0.0,0.5,0.6666666666666666,0.75,0.6,0.8,30,SCSA-STATE_ART
1.0,0.6095238095238095,0.8072467605676945,1.0,0.5,0.3333333333333333,0.25,0.4,0.3,31,SCSA-STATE_ART
0.3333333333333333,0.26666666666666666,0.48381288316677695,0.0,0.0,0.3333333333333333,0.25,0.2,0.2,32,SCSA-STATE_ART
1.0,1.0,1.0,1.0,1.0,1.0,1.0,1.0,0.7,33,SCSA-STATE_ART
1.0,0.5634920634920635,0.7821154372211577,1.0,0.5,0.3333333333333333,0.25,0.2,0.5,34,SCSA-STATE_ART
,0.0,0.0,0.0,0.0,0.0,0.0,0.0,0.0,35,SCSA-STATE_ART
1.0,0.88015873015873,0.9594516125393133,1.0,1.0,1.0,0.75,0.8,0.7,36,SCSA-STATE_ART
1.0,0.8041666666666667,0.9047172294870751,1.0,0.5,0.6666666666666666,0.75,0.8,0.4,37,SCSA-STATE_ART
1.0,0.9060405643738976,0.9667147927059907,1.0,1.0,1.0,0.75,0.8,0.9,38,SCSA-STATE_ART
1.0,1.0,1.0,1.0,1.0,1.0,1.0,1.0,1.0,39,SCSA-STATE_ART
1.0,0.7611111111111111,0.9052181617170642,1.0,1.0,0.6666666666666666,0.5,0.6,0.4,40,SCSA-STATE_ART
0.14285714285714285,0.14285714285714285,0.3333333333333333,0.0,0.0,0.0,0.0,0.0,0.1,41,SCSA-STATE_ART
0.3333333333333333,0.43333333333333335,0.6084170171049966,0.0,0.0,0.3333333333333333,0.25,0.4,0.4,42,SCSA-STATE_ART
0.25,0.3416666666666666,0.5316900945208328,0.0,0.0,0.0,0.25,0.4,0.3,43,SCSA-STATE_ART
1.0,0.7155328798185941,0.858594026354055,1.0,0.5,0.3333333333333333,0.5,0.6,0.7,44,SCSA-STATE_ART
1.0,0.8523809523809524,0.9502262648327977,1.0,1.0,1.0,0.75,0.8,0.6,45,SCSA-STATE_ART
1.0,0.7142857142857142,0.8850504602968671,1.0,1.0,0.6666666666666666,0.5,0.4,0.5,46,SCSA-STATE_ART
1.0,1.0,1.0,1.0,1.0,1.0,1.0,1.0,0.9,47,SCSA-STATE_ART
1.0,0.9379251700680271,0.9803771474638899,1.0,1.0,1.0,1.0,0.8,0.7,48,SCSA-STATE_ART
1.0,0.7961904761904762,0.9182162519778516,1.0,1.0,0.6666666666666666,0.5,0.6,0.5,49,SCSA-STATE_ART
1.0,0.9060405643738976,0.9667147927059907,1.0,1.0,1.0,0.75,0.8,0.9,50,SCSA-STATE_ART
1.0,0.7916666666666666,0.9134015924715543,1.0,1.0,0.6666666666666666,0.5,0.4,0.3,51,SCSA-STATE_ART
,0.0,0.0,0.0,0.0,0.0,0.0,0.0,0.0,53,SCSA-STATE_ART
0.2,0.33819444444444446,0.5307430968653729,0.0,0.0,0.0,0.0,0.2,0.4,54,SCSA-STATE_ART
1.0,1.0,1.0,1.0,1.0,1.0,1.0,1.0,1.0,55,SCSA-STATE_ART
1.0,1.0,1.0,1.0,1.0,1.0,1.0,1.0,1.0,57,SCSA-STATE_ART
1.0,1.0,1.0,1.0,1.0,1.0,1.0,1.0,1.0,58,SCSA-STATE_ART
1.0,1.0,1.0,1.0,1.0,1.0,1.0,1.0,1.0,60,SCSA-STATE_ART
0.25,0.25,0.45749452618986164,0.0,0.0,0.0,0.25,0.2,0.2,61,SCSA-STATE_ART
,0.0,0.0,0.0,0.0,0.0,0.0,0.0,0.0,62,SCSA-STATE_ART
1.0,0.7746031746031746,0.9103349017299518,1.0,1.0,0.6666666666666666,0.5,0.6,0.6,63,SCSA-STATE_ART
1.0,0.9583333333333334,0.9876712785649565,1.0,1.0,1.0,1.0,1.0,0.6,66,SCSA-STATE_ART
1.0,0.9467813051146384,0.9842184869190973,1.0,1.0,1.0,1.0,1.0,0.9,68,SCSA-STATE_ART
1.0,0.8333333333333334,0.9325210919548239,1.0,1.0,0.6666666666666666,0.5,0.4,0.3,70,SCSA-STATE_ART
1.0,1.0,1.0,1.0,1.0,1.0,1.0,1.0,1.0,71,SCSA-STATE_ART
1.0,1.0,1.0,1.0,1.0,1.0,1.0,1.0,1.0,72,SCSA-STATE_ART
1.0,0.5277777777777778,0.7585866543655181,1.0,0.5,0.3333333333333333,0.25,0.2,0.3,73,SCSA-STATE_ART
1.0,0.9282627865961199,0.9770153702993121,1.0,1.0,1.0,1.0,0.8,0.9,74,SCSA-STATE_ART
0.25,0.3986111111111111,0.5757194387661255,0.0,0.0,0.0,0.25,0.4,0.4,76,SCSA-STATE_ART
1.0,0.9626543209876544,0.9895948844467957,1.0,1.0,1.0,1.0,1.0,0.9,77,SCSA-STATE_ART
1.0,1.0,1.0,1.0,1.0,0.6666666666666666,0.5,0.4,0.2,78,SCSA-STATE_ART
1.0,0.8412257495590829,0.9196461703481418,1.0,0.5,0.6666666666666666,0.75,0.8,0.9,79,SCSA-STATE_ART
1.0,1.0,1.0,1.0,1.0,1.0,1.0,1.0,1.0,81,SCSA-STATE_ART
1.0,0.8541666666666666,0.9438661545147249,1.0,1.0,0.6666666666666666,0.75,0.6,0.4,1,SCSA-SCSA_PLUS
1.0,0.9861111111111112,0.9963488021549354,1.0,1.0,1.0,1.0,1.0,0.8,2,SCSA-SCSA_PLUS
0.2,0.225,0.430624116386567,0.0,0.0,0.0,0.0,0.2,0.2,3,SCSA-SCSA_PLUS
0.5,0.7345238095238096,0.7982650576674577,0.0,0.5,0.6666666666666666,0.75,0.8,0.6,4,SCSA-SCSA_PLUS
0.16666666666666666,0.18333333333333335,0.39564672360221187,0.0,0.0,0.0,0.0,0.0,0.2,5,SCSA-SCSA_PLUS
0.14285714285714285,0.17142857142857143,0.38162168437253385,0.0,0.0,0.0,0.0,0.0,0.2,6,SCSA-SCSA_PLUS
0.3333333333333333,0.3222222222222222,0.5374517914100283,0.0,0.0,0.3333333333333333,0.25,0.2,0.3,7,SCSA-SCSA_PLUS
1.0,0.8385912698412699,0.9424720919083772,1.0,1.0,1.0,0.75,0.6,0.8,8,SCSA-SCSA_PLUS
1.0,0.9821428571428571,0.9950883841893561,1.0,1.0,1.0,1.0,1.0,0.7,9,SCSA-SCSA_PLUS
0.3333333333333333,0.45846560846560847,0.6339823828545226,0.0,0.0,0.3333333333333333,0.25,0.2,0.6,10,SCSA-SCSA_PLUS
1.0,0.7041666666666666,0.8653082042236201,1.0,0.5,0.6666666666666666,0.5,0.6,0.6,11,SCSA-SCSA_PLUS
1.0,0.7327380952380952,0.8943854911728584,1.0,1.0,0.6666666666666666,0.5,0.6,0.6,12,SCSA-SCSA_PLUS
1.0,0.7470238095238095,0.8838242945899706,1.0,0.5,0.6666666666666666,0.75,0.6,0.4,13,SCSA-SCSA_PLUS
0.5,0.5953703703703704,0.7465703892530458,0.0,0.5,0.6666666666666666,0.75,0.6,0.6,15,SCSA-SCSA_PLUS
0.3333333333333333,0.3333333333333333,0.5,0.0,0.0,0.3333333333333333,0.25,0.2,0.1,16,SCSA-SCSA_PLUS
1.0,1.0,1.0,1.0,0.5,0.3333333333333333,0.25,0.2,0.1,17,SCSA-SCSA_PLUS
0.3333333333333333,0.3333333333333333,0.5,0.0,0.0,0.3333333333333333,0.25,0.2,0.1,18,SCSA-SCSA_PLUS
1.0,0.8412257495590829,0.9196461703481418,1.0,0.5,0.6666666666666666,0.75,0.8,0.9,19,SCSA-SCSA_PLUS
1.0,0.6,0.7903864795495061,1.0,0.5,0.3333333333333333,0.25,0.2,0.2,20,SCSA-SCSA_PLUS
0.2,0.2,0.38685280723454163,0.0,0.0,0.0,0.0,0.2,0.1,21,SCSA-SCSA_PLUS
1.0,0.7999999999999999,0.9045395669105326,1.0,0.5,0.6666666666666666,0.75,0.8,0.6,22,SCSA-SCSA_PLUS
,0.0,0.0,0.0,0.0,0.0,0.0,0.0,0.0,23,SCSA-SCSA_PLUS
0.5,0.5422222222222223,0.7149081258379462,0.0,0.5,0.6666666666666666,0.5,0.6,0.5,24,SCSA-SCSA_PLUS
1.0,0.9765432098765433,0.9937947856332163,1.0,1.0,1.0,1.0,1.0,0.9,25,SCSA-SCSA_PLUS
0.2,0.2888888888888889,0.4899692203633839,0.0,0.0,0.0,0.0,0.2,0.3,26,SCSA-SCSA_PLUS
1.0,1.0,1.0,1.0,1.0,1.0,1.0,1.0,1.0,27,SCSA-SCSA_PLUS
0.25,0.25,0.43067655807339306,0.0,0.0,0.0,0.25,0.2,0.1,28,SCSA-SCSA_PLUS
0.5,0.4862433862433862,0.6736020422840504,0.0,0.5,0.3333333333333333,0.25,0.2,0.6,29,SCSA-SCSA_PLUS
1.0,0.7972222222222223,0.9053568677805113,1.0,0.5,0.6666666666666666,0.75,0.8,0.8,30,SCSA-SCSA_PLUS
1.0,0.6095238095238095,0.8072467605676945,1.0,0.5,0.3333333333333333,0.25,0.4,0.3,31,SCSA-SCSA_PLUS
0.3333333333333333,0.26666666666666666,0.48381288316677695,0.0,0.0,0.3333333333333333,0.25,0.2,0.2,32,SCSA-SCSA_PLUS
1.0,1.0,1.0,1.0,1.0,1.0,1.0,1.0,0.7,33,SCSA-SCSA_PLUS
0.5,0.4523809523809524,0.6528833873905147,0.0,0.5,0.3333333333333333,0.25,0.2,0.5,34,SCSA-SCSA_PLUS
,0.0,0.0,0.0,0.0,0.0,0.0,0.0,0.0,35,SCSA-SCSA_PLUS
1.0,0.9317956349206349,0.9782917460822231,1.0,1.0,1.0,1.0,0.8,0.8,36,SCSA-SCSA_PLUS
0.5,0.6791666666666667,0.7606395682357036,0.0,0.5,0.6666666666666666,0.75,0.8,0.4,37,SCSA-SCSA_PLUS
1.0,0.9060405643738976,0.9667147927059907,1.0,1.0,1.0,0.75,0.8,0.9,38,SCSA-SCSA_PLUS
1.0,1.0,1.0,1.0,1.0,1.0,1.0,1.0,1.0,39,SCSA-SCSA_PLUS
1.0,0.7611111111111111,0.9052181617170642,1.0,1.0,0.6666666666666666,0.5,0.6,0.4,40,SCSA-SCSA_PLUS
0.14285714285714285,0.14285714285714285,0.3333333333333333,0.0,0.0,0.0,0.0,0.0,0.1,41,SCSA-SCSA_PLUS
0.3333333333333333,0.5011904761904762,0.6444638628256741,0.0,0.0,0.3333333333333333,0.5,0.6,0.4,42,SCSA-SCSA_PLUS
0.25,0.3416666666666666,0.5316900945208328,0.0,0.0,0.0,0.25,0.4,0.3,43,SCSA-SCSA_PLUS
0.5,0.6441043083900226,0.7571453504280035,0.0,0.5,0.3333333333333333,0.5,0.6,0.7,44,SCSA-SCSA_PLUS
1.0,0.8523809523809524,0.9502262648327977,1.0,1.0,1.0,0.75,0.8,0.6,45,SCSA-SCSA_PLUS
1.0,0.7253968253968253,0.8891085695884217,1.0,1.0,0.6666666666666666,0.5,0.4,0.5,46,SCSA-SCSA_PLUS
1.0,1.0,1.0,1.0,1.0,1.0,1.0,1.0,0.9,47,SCSA-SCSA_PLUS
1.0,0.8954648526077096,0.9643632283499571,1.0,1.0,1.0,0.75,0.8,0.7,48,SCSA-SCSA_PLUS
1.0,0.7311111111111112,0.8934420750106609,1.0,1.0,0.6666666666666666,0.5,0.6,0.5,49,SCSA-SCSA_PLUS
1.0,0.9060405643738976,0.9667147927059907,1.0,1.0,1.0,0.75,0.8,0.9,50,SCSA-SCSA_PLUS
1.0,0.7222222222222222,0.8710785440003369,1.0,0.5,0.6666666666666666,0.5,0.4,0.3,51,SCSA-SCSA_PLUS
,0.0,0.0,0.0,0.0,0.0,0.0,0.0,0.0,53,SCSA-SCSA_PLUS
0.2,0.33819444444444446,0.5307430968653729,0.0,0.0,0.0,0.0,0.2,0.4,54,SCSA-SCSA_PLUS
1.0,1.0,1.0,1.0,1.0,1.0,1.0,1.0,1.0,55,SCSA-SCSA_PLUS
1.0,1.0,1.0,1.0,1.0,1.0,1.0,1.0,1.0,57,SCSA-SCSA_PLUS
1.0,1.0,1.0,1.0,1.0,1.0,1.0,1.0,1.0,58,SCSA-SCSA_PLUS
1.0,1.0,1.0,1.0,1.0,1.0,1.0,1.0,1.0,60,SCSA-SCSA_PLUS
0.16666666666666666,0.20833333333333331,0.41183384043543503,0.0,0.0,0.0,0.0,0.0,0.2,61,SCSA-SCSA_PLUS
,0.0,0.0,0.0,0.0,0.0,0.0,0.0,0.0,62,SCSA-SCSA_PLUS
1.0,0.7996031746031745,0.923596074502359,1.0,1.0,0.6666666666666666,0.75,0.6,0.6,63,SCSA-SCSA_PLUS
1.0,0.9484126984126983,0.9838048780283076,1.0,1.0,1.0,1.0,0.8,0.6,66,SCSA-SCSA_PLUS
1.0,0.9467813051146384,0.9842184869190973,1.0,1.0,1.0,1.0,1.0,0.9,68,SCSA-SCSA_PLUS
1.0,0.8666666666666667,0.9469024295259745,1.0,1.0,0.6666666666666666,0.5,0.6,0.3,70,SCSA-SCSA_PLUS
1.0,1.0,1.0,1.0,1.0,1.0,1.0,1.0,1.0,71,SCSA-SCSA_PLUS
1.0,1.0,1.0,1.0,1.0,1.0,1.0,1.0,1.0,72,SCSA-SCSA_PLUS
0.5,0.3611111111111111,0.5853898393086269,0.0,0.5,0.3333333333333333,0.25,0.2,0.3,73,SCSA-SCSA_PLUS
1.0,0.8782627865961199,0.9504206262110482,1.0,1.0,0.6666666666666666,0.75,0.8,0.9,74,SCSA-SCSA_PLUS
0.25,0.39464285714285713,0.5724250321999883,0.0,0.0,0.0,0.25,0.4,0.4,76,SCSA-SCSA_PLUS
1.0,0.9765432098765433,0.9937947856332163,1.0,1.0,1.0,1.0,1.0,0.9,77,SCSA-SCSA_PLUS
1.0,1.0,1.0,1.0,1.0,0.6666666666666666,0.5,0.4,0.2,78,SCSA-SCSA_PLUS
1.0,0.8412257495590829,0.9196461703481418,1.0,0.5,0.6666666666666666,0.75,0.8,0.9,79,SCSA-SCSA_PLUS
1.0,1.0,1.0,1.0,1.0,1.0,1.0,1.0,1.0,81,SCSA-SCSA_PLUS
1.0,0.7947278911564626,0.9262845298966466,1.0,1.0,1.0,0.75,0.6,0.7,1,B1-STATE_ART-SCSA_PLUS_V3
1.0,0.9467813051146384,0.9842184869190973,1.0,1.0,1.0,1.0,1.0,0.9,2,B1-STATE_ART-SCSA_PLUS_V3
0.125,0.1625,0.3706656904013186,0.0,0.0,0.0,0.0,0.0,0.2,3,B1-STATE_ART-SCSA_PLUS_V3
1.0,0.7260912698412698,0.8631997506525686,1.0,0.5,0.3333333333333333,0.5,0.6,0.8,4,B1-STATE_ART-SCSA_PLUS_V3
1.0,0.9888888888888889,0.9971876401972103,1.0,1.0,1.0,1.0,1.0,0.9,5,B1-STATE_ART-SCSA_PLUS_V3
1.0,0.6537037037037037,0.836342044396525,1.0,0.5,0.3333333333333333,0.5,0.6,0.6,6,B1-STATE_ART-SCSA_PLUS_V3
1.0,0.6518707482993197,0.8317144247565925,1.0,0.5,0.3333333333333333,0.5,0.4,0.7,7,B1-STATE_ART-SCSA_PLUS_V3
1.0,1.0,1.0,1.0,1.0,1.0,1.0,1.0,1.0,8,B1-STATE_ART-SCSA_PLUS_V3
0.5,0.6535714285714285,0.7760784709829227,0.0,0.5,0.6666666666666666,0.75,0.6,0.7,9,B1-STATE_ART-SCSA_PLUS_V3
1.0,1.0,1.0,1.0,1.0,1.0,1.0,1.0,1.0,10,B1-STATE_ART-SCSA_PLUS_V3
0.16666666666666666,0.3179563492063492,0.5098501619682683,0.0,0.0,0.0,0.0,0.0,0.4,11,B1-STATE_ART-SCSA_PLUS_V3
1.0,0.8954648526077096,0.9643632283499571,1.0,1.0,1.0,0.75,0.8,0.7,12,B1-STATE_ART-SCSA_PLUS_V3
0.25,0.31666666666666665,0.519301112470348,0.0,0.0,0.0,0.25,0.4,0.3,13,B1-STATE_ART-SCSA_PLUS_V3
0.5,0.40277777777777773,0.6112833214150002,0.0,0.5,0.3333333333333333,0.25,0.2,0.3,15,B1-STATE_ART-SCSA_PLUS_V3
1.0,0.6666666666666666,0.8315546295836225,1.0,0.5,0.3333333333333333,0.25,0.2,0.2,16,B1-STATE_ART-SCSA_PLUS_V3
0.5,0.6635912698412698,0.7698461250098078,0.0,0.5,0.3333333333333333,0.5,0.6,0.8,17,B1-STATE_ART-SCSA_PLUS_V3
1.0,0.625,0.8065735963827293,1.0,0.5,0.3333333333333333,0.25,0.2,0.2,18,B1-STATE_ART-SCSA_PLUS_V3
1.0,0.925,0.975788054854922,1.0,1.0,1.0,1.0,0.8,0.5,19,B1-STATE_ART-SCSA_PLUS_V3
0.25,0.4675925925925926,0.6292000639871788,0.0,0.0,0.0,0.25,0.4,0.6,20,B1-STATE_ART-SCSA_PLUS_V3
0.25,0.3194444444444444,0.5173087569496825,0.0,0.0,0.0,0.25,0.2,0.3,21,B1-STATE_ART-SCSA_PLUS_V3
1.0,0.8412257495590829,0.9196461703481418,1.0,0.5,0.6666666666666666,0.75,0.8,0.9,22,B1-STATE_ART-SCSA_PLUS_V3
1.0,1.0,1.0,1.0,1.0,1.0,1.0,1.0,1.0,23,B1-STATE_ART-SCSA_PLUS_V3
1.0,0.6756802721088436,0.8507697982583751,1.0,0.5,0.6666666666666666,0.5,0.4,0.7,24,B1-STATE_ART-SCSA_PLUS_V3
1.0,0.9626543209876544,0.9895948844467957,1.0,1.0,1.0,1.0,1.0,0.9,25,B1-STATE_ART-SCSA_PLUS_V3
1.0,0.7226190476190476,0.8748551918782664,1.0,0.5,0.6666666666666666,0.75,0.6,0.5,26,B1-STATE_ART-SCSA_PLUS_V3
0.5,0.7142857142857144,0.7996691307078325,0.0,0.5,0.6666666666666666,0.75,0.8,0.7,27,B1-STATE_ART-SCSA_PLUS_V3
0.2,0.28690476190476194,0.4860089900278708,0.0,0.0,0.0,0.0,0.2,0.3,28,B1-STATE_ART-SCSA_PLUS_V3
0.5,0.740702947845805,0.8078696883910291,0.0,0.5,0.6666666666666666,0.75,0.8,0.7,29,B1-STATE_ART-SCSA_PLUS_V3
1.0,0.6726190476190477,0.8495981447350542,1.0,0.5,0.6666666666666666,0.5,0.4,0.5,30,B1-STATE_ART-SCSA_PLUS_V3
0.25,0.3986111111111111,0.5757194387661255,0.0,0.0,0.0,0.25,0.4,0.4,31,B1-STATE_ART-SCSA_PLUS_V3
0.25,0.29166666666666663,0.48247555939075504,0.0,0.0,0.0,0.25,0.2,0.2,32,B1-STATE_ART-SCSA_PLUS_V3
1.0,0.7738095238095238,0.8971499994450844,1.0,0.5,0.6666666666666666,0.75,0.8,0.7,33,B1-STATE_ART-SCSA_PLUS_V3
1.0,0.6,0.8159313210935148,1.0,0.5,0.6666666666666666,0.5,0.4,0.4,34,B1-STATE_ART-SCSA_PLUS_V3
,0.0,0.0,0.0,0.0,0.0,0.0,0.0,0.0,35,B1-STATE_ART-SCSA_PLUS_V3
1.0,0.9765432098765433,0.9937947856332163,1.0,1.0,1.0,1.0,1.0,0.9,36,B1-STATE_ART-SCSA_PLUS_V3
0.5,0.35,0.5640920940185894,0.0,0.5,0.3333333333333333,0.25,0.2,0.2,37,B1-STATE_ART-SCSA_PLUS_V3
1.0,1.0,1.0,1.0,1.0,1.0,1.0,1.0,1.0,38,B1-STATE_ART-SCSA_PLUS_V3
0.5,0.34074074074074073,0.5730008572581421,0.0,0.5,0.3333333333333333,0.25,0.2,0.3,39,B1-STATE_ART-SCSA_PLUS_V3
1.0,1.0,1.0,1.0,1.0,1.0,1.0,1.0,0.5,40,B1-STATE_ART-SCSA_PLUS_V3
1.0,1.0,1.0,1.0,0.5,0.3333333333333333,0.25,0.2,0.1,41,B1-STATE_ART-SCSA_PLUS_V3
1.0,0.85,0.9447176050778178,1.0,1.0,1.0,0.75,0.6,0.4,42,B1-STATE_ART-SCSA_PLUS_V3
,0.0,0.0,0.0,0.0,0.0,0.0,0.0,0.0,43,B1-STATE_ART-SCSA_PLUS_V3
0.3333333333333333,0.3849206349206349,0.5818889925939541,0.0,0.0,0.3333333333333333,0.25,0.2,0.4,44,B1-STATE_ART-SCSA_PLUS_V3
0.14285714285714285,0.17142857142857143,0.38162168437253385,0.0,0.0,0.0,0.0,0.0,0.2,45,B1-STATE_ART-SCSA_PLUS_V3
0.3333333333333333,0.4920634920634921,0.6516105520597925,0.0,0.0,0.3333333333333333,0.5,0.4,0.5,46,B1-STATE_ART-SCSA_PLUS_V3
0.5,0.7856701940035273,0.8328978515038055,0.0,0.5,0.6666666666666666,0.75,0.8,0.9,47,B1-STATE_ART-SCSA_PLUS_V3
0.5,0.3611111111111111,0.5853898393086269,0.0,0.5,0.3333333333333333,0.25,0.2,0.3,48,B1-STATE_ART-SCSA_PLUS_V3
0.5,0.5422222222222223,0.7149081258379462,0.0,0.5,0.6666666666666666,0.5,0.6,0.5,49,B1-STATE_ART-SCSA_PLUS_V3
1.0,0.6444444444444445,0.8386421381000938,1.0,0.5,0.6666666666666666,0.5,0.4,0.5,50,B1-STATE_ART-SCSA_PLUS_V3
1.0,0.8597505668934239,0.9453078548481746,1.0,1.0,0.6666666666666666,0.75,0.8,0.7,51,B1-STATE_ART-SCSA_PLUS_V3
,0.0,0.0,0.0,0.0,0.0,0.0,0.0,0.0,53,B1-STATE_ART-SCSA_PLUS_V3
1.0,0.6378306878306879,0.8294203610382852,1.0,0.5,0.3333333333333333,0.5,0.6,0.6,54,B1-STATE_ART-SCSA_PLUS_V3
1.0,0.9060405643738976,0.9667147927059907,1.0,1.0,1.0,0.75,0.8,0.9,55,B1-STATE_ART-SCSA_PLUS_V3
0.5,0.4548611111111111,0.6550972241386397,0.0,0.5,0.3333333333333333,0.5,0.4,0.4,57,B1-STATE_ART-SCSA_PLUS_V3
1.0,1.0,1.0,1.0,1.0,1.0,1.0,1.0,1.0,58,B1-STATE_ART-SCSA_PLUS_V3
1.0,1.0,1.0,1.0,1.0,1.0,1.0,1.0,1.0,60,B1-STATE_ART-SCSA_PLUS_V3
1.0,0.660515873015873,0.8374090800263443,1.0,0.5,0.3333333333333333,0.5,0.6,0.6,61,B1-STATE_ART-SCSA_PLUS_V3
1.0,1.0,1.0,1.0,1.0,1.0,1.0,1.0,1.0,62,B1-STATE_ART-SCSA_PLUS_V3
1.0,1.0,1.0,1.0,1.0,1.0,0.75,0.6,0.3,63,B1-STATE_ART-SCSA_PLUS_V3
1.0,1.0,1.0,1.0,1.0,0.6666666666666666,0.5,0.4,0.2,66,B1-STATE_ART-SCSA_PLUS_V3
1.0,1.0,1.0,1.0,1.0,1.0,1.0,1.0,1.0,68,B1-STATE_ART-SCSA_PLUS_V3
1.0,1.0,1.0,1.0,1.0,1.0,1.0,1.0,1.0,70,B1-STATE_ART-SCSA_PLUS_V3
1.0,0.8917233560090703,0.9652102434192421,1.0,1.0,1.0,1.0,0.8,0.7,71,B1-STATE_ART-SCSA_PLUS_V3
1.0,0.9067956349206349,0.9672068480996276,1.0,1.0,1.0,0.75,0.8,0.8,72,B1-STATE_ART-SCSA_PLUS_V3
0.3333333333333333,0.4323809523809524,0.6188710001056428,0.0,0.0,0.3333333333333333,0.25,0.4,0.5,73,B1-STATE_ART-SCSA_PLUS_V3
0.3333333333333333,0.594047619047619,0.7028046245779905,0.0,0.0,0.3333333333333333,0.5,0.6,0.6,74,B1-STATE_ART-SCSA_PLUS_V3
0.3333333333333333,0.29166666666666663,0.5,0.0,0.0,0.3333333333333333,0.25,0.2,0.2,76,B1-STATE_ART-SCSA_PLUS_V3
1.0,0.8010204081632653,0.906029422444528,1.0,0.5,0.6666666666666666,0.75,0.8,0.7,77,B1-STATE_ART-SCSA_PLUS_V3
,0.0,0.0,0.0,0.0,0.0,0.0,0.0,0.0,78,B1-STATE_ART-SCSA_PLUS_V3
1.0,0.6666666666666666,0.8477774488692931,1.0,0.5,0.6666666666666666,0.5,0.4,0.4,79,B1-STATE_ART-SCSA_PLUS_V3
1.0,0.9282627865961199,0.9770153702993121,1.0,1.0,1.0,1.0,0.8,0.9,81,B1-STATE_ART-SCSA_PLUS_V3
1.0,0.7947278911564626,0.9262845298966466,1.0,1.0,1.0,0.75,0.6,0.7,1,B1-SCSA_PLUS-SCSA_PLUS_V3
1.0,0.9467813051146384,0.9842184869190973,1.0,1.0,1.0,1.0,1.0,0.9,2,B1-SCSA_PLUS-SCSA_PLUS_V3
0.125,0.1625,0.3706656904013186,0.0,0.0,0.0,0.0,0.0,0.2,3,B1-SCSA_PLUS-SCSA_PLUS_V3
1.0,0.7260912698412698,0.8631997506525686,1.0,0.5,0.3333333333333333,0.5,0.6,0.8,4,B1-SCSA_PLUS-SCSA_PLUS_V3
1.0,0.9888888888888889,0.9971876401972103,1.0,1.0,1.0,1.0,1.0,0.9,5,B1-SCSA_PLUS-SCSA_PLUS_V3
1.0,0.6537037037037037,0.836342044396525,1.0,0.5,0.3333333333333333,0.5,0.6,0.6,6,B1-SCSA_PLUS-SCSA_PLUS_V3
1.0,0.6518707482993197,0.8317144247565925,1.0,0.5,0.3333333333333333,0.5,0.4,0.7,7,B1-SCSA_PLUS-SCSA_PLUS_V3
1.0,1.0,1.0,1.0,1.0,1.0,1.0,1.0,1.0,8,B1-SCSA_PLUS-SCSA_PLUS_V3
0.5,0.6535714285714285,0.7760784709829227,0.0,0.5,0.6666666666666666,0.75,0.6,0.7,9,B1-SCSA_PLUS-SCSA_PLUS_V3
1.0,1.0,1.0,1.0,1.0,1.0,1.0,1.0,1.0,10,B1-SCSA_PLUS-SCSA_PLUS_V3
0.16666666666666666,0.3179563492063492,0.5098501619682683,0.0,0.0,0.0,0.0,0.0,0.4,11,B1-SCSA_PLUS-SCSA_PLUS_V3
1.0,0.8954648526077096,0.9643632283499571,1.0,1.0,1.0,0.75,0.8,0.7,12,B1-SCSA_PLUS-SCSA_PLUS_V3
0.25,0.31666666666666665,0.519301112470348,0.0,0.0,0.0,0.25,0.4,0.3,13,B1-SCSA_PLUS-SCSA_PLUS_V3
0.5,0.40277777777777773,0.6112833214150002,0.0,0.5,0.3333333333333333,0.25,0.2,0.3,15,B1-SCSA_PLUS-SCSA_PLUS_V3
1.0,0.6666666666666666,0.8315546295836225,1.0,0.5,0.3333333333333333,0.25,0.2,0.2,16,B1-SCSA_PLUS-SCSA_PLUS_V3
0.5,0.6635912698412698,0.7698461250098078,0.0,0.5,0.3333333333333333,0.5,0.6,0.8,17,B1-SCSA_PLUS-SCSA_PLUS_V3
1.0,0.625,0.8065735963827293,1.0,0.5,0.3333333333333333,0.25,0.2,0.2,18,B1-SCSA_PLUS-SCSA_PLUS_V3
1.0,0.925,0.975788054854922,1.0,1.0,1.0,1.0,0.8,0.5,19,B1-SCSA_PLUS-SCSA_PLUS_V3
0.25,0.4675925925925926,0.6292000639871788,0.0,0.0,0.0,0.25,0.4,0.6,20,B1-SCSA_PLUS-SCSA_PLUS_V3
0.25,0.3194444444444444,0.5173087569496825,0.0,0.0,0.0,0.25,0.2,0.3,21,B1-SCSA_PLUS-SCSA_PLUS_V3
1.0,0.8412257495590829,0.9196461703481418,1.0,0.5,0.6666666666666666,0.75,0.8,0.9,22,B1-SCSA_PLUS-SCSA_PLUS_V3
1.0,1.0,1.0,1.0,1.0,1.0,1.0,1.0,1.0,23,B1-SCSA_PLUS-SCSA_PLUS_V3
1.0,0.6756802721088436,0.8507697982583751,1.0,0.5,0.6666666666666666,0.5,0.4,0.7,24,B1-SCSA_PLUS-SCSA_PLUS_V3
1.0,0.9626543209876544,0.9895948844467957,1.0,1.0,1.0,1.0,1.0,0.9,25,B1-SCSA_PLUS-SCSA_PLUS_V3
1.0,0.7226190476190476,0.8748551918782664,1.0,0.5,0.6666666666666666,0.75,0.6,0.5,26,B1-SCSA_PLUS-SCSA_PLUS_V3
0.5,0.7142857142857144,0.7996691307078325,0.0,0.5,0.6666666666666666,0.75,0.8,0.7,27,B1-SCSA_PLUS-SCSA_PLUS_V3
0.2,0.28690476190476194,0.4860089900278708,0.0,0.0,0.0,0.0,0.2,0.3,28,B1-SCSA_PLUS-SCSA_PLUS_V3
0.5,0.740702947845805,0.8078696883910291,0.0,0.5,0.6666666666666666,0.75,0.8,0.7,29,B1-SCSA_PLUS-SCSA_PLUS_V3
1.0,0.6726190476190477,0.8495981447350542,1.0,0.5,0.6666666666666666,0.5,0.4,0.5,30,B1-SCSA_PLUS-SCSA_PLUS_V3
0.25,0.3986111111111111,0.5757194387661255,0.0,0.0,0.0,0.25,0.4,0.4,31,B1-SCSA_PLUS-SCSA_PLUS_V3
0.25,0.29166666666666663,0.48247555939075504,0.0,0.0,0.0,0.25,0.2,0.2,32,B1-SCSA_PLUS-SCSA_PLUS_V3
1.0,0.7738095238095238,0.8971499994450844,1.0,0.5,0.6666666666666666,0.75,0.8,0.7,33,B1-SCSA_PLUS-SCSA_PLUS_V3
1.0,0.6,0.8159313210935148,1.0,0.5,0.6666666666666666,0.5,0.4,0.4,34,B1-SCSA_PLUS-SCSA_PLUS_V3
,0.0,0.0,0.0,0.0,0.0,0.0,0.0,0.0,35,B1-SCSA_PLUS-SCSA_PLUS_V3
1.0,0.9765432098765433,0.9937947856332163,1.0,1.0,1.0,1.0,1.0,0.9,36,B1-SCSA_PLUS-SCSA_PLUS_V3
0.5,0.35,0.5640920940185894,0.0,0.5,0.3333333333333333,0.25,0.2,0.2,37,B1-SCSA_PLUS-SCSA_PLUS_V3
1.0,1.0,1.0,1.0,1.0,1.0,1.0,1.0,1.0,38,B1-SCSA_PLUS-SCSA_PLUS_V3
0.5,0.34074074074074073,0.5730008572581421,0.0,0.5,0.3333333333333333,0.25,0.2,0.3,39,B1-SCSA_PLUS-SCSA_PLUS_V3
1.0,1.0,1.0,1.0,1.0,1.0,1.0,1.0,0.5,40,B1-SCSA_PLUS-SCSA_PLUS_V3
1.0,1.0,1.0,1.0,0.5,0.3333333333333333,0.25,0.2,0.1,41,B1-SCSA_PLUS-SCSA_PLUS_V3
1.0,0.85,0.9447176050778178,1.0,1.0,1.0,0.75,0.6,0.4,42,B1-SCSA_PLUS-SCSA_PLUS_V3
,0.0,0.0,0.0,0.0,0.0,0.0,0.0,0.0,43,B1-SCSA_PLUS-SCSA_PLUS_V3
0.3333333333333333,0.3849206349206349,0.5818889925939541,0.0,0.0,0.3333333333333333,0.25,0.2,0.4,44,B1-SCSA_PLUS-SCSA_PLUS_V3
0.14285714285714285,0.17142857142857143,0.38162168437253385,0.0,0.0,0.0,0.0,0.0,0.2,45,B1-SCSA_PLUS-SCSA_PLUS_V3
0.3333333333333333,0.4920634920634921,0.6516105520597925,0.0,0.0,0.3333333333333333,0.5,0.4,0.5,46,B1-SCSA_PLUS-SCSA_PLUS_V3
0.5,0.7856701940035273,0.8328978515038055,0.0,0.5,0.6666666666666666,0.75,0.8,0.9,47,B1-SCSA_PLUS-SCSA_PLUS_V3
0.5,0.3611111111111111,0.5853898393086269,0.0,0.5,0.3333333333333333,0.25,0.2,0.3,48,B1-SCSA_PLUS-SCSA_PLUS_V3
0.5,0.5422222222222223,0.7149081258379462,0.0,0.5,0.6666666666666666,0.5,0.6,0.5,49,B1-SCSA_PLUS-SCSA_PLUS_V3
1.0,0.6444444444444445,0.8386421381000938,1.0,0.5,0.6666666666666666,0.5,0.4,0.5,50,B1-SCSA_PLUS-SCSA_PLUS_V3
1.0,0.8597505668934239,0.9453078548481746,1.0,1.0,0.6666666666666666,0.75,0.8,0.7,51,B1-SCSA_PLUS-SCSA_PLUS_V3
,0.0,0.0,0.0,0.0,0.0,0.0,0.0,0.0,53,B1-SCSA_PLUS-SCSA_PLUS_V3
1.0,0.6378306878306879,0.8294203610382852,1.0,0.5,0.3333333333333333,0.5,0.6,0.6,54,B1-SCSA_PLUS-SCSA_PLUS_V3
1.0,0.9060405643738976,0.9667147927059907,1.0,1.0,1.0,0.75,0.8,0.9,55,B1-SCSA_PLUS-SCSA_PLUS_V3
0.5,0.4548611111111111,0.6550972241386397,0.0,0.5,0.3333333333333333,0.5,0.4,0.4,57,B1-SCSA_PLUS-SCSA_PLUS_V3
1.0,1.0,1.0,1.0,1.0,1.0,1.0,1.0,1.0,58,B1-SCSA_PLUS-SCSA_PLUS_V3
1.0,1.0,1.0,1.0,1.0,1.0,1.0,1.0,1.0,60,B1-SCSA_PLUS-SCSA_PLUS_V3
1.0,0.660515873015873,0.8374090800263443,1.0,0.5,0.3333333333333333,0.5,0.6,0.6,61,B1-SCSA_PLUS-SCSA_PLUS_V3
1.0,1.0,1.0,1.0,1.0,1.0,1.0,1.0,1.0,62,B1-SCSA_PLUS-SCSA_PLUS_V3
1.0,1.0,1.0,1.0,1.0,1.0,0.75,0.6,0.3,63,B1-SCSA_PLUS-SCSA_PLUS_V3
1.0,1.0,1.0,1.0,1.0,0.6666666666666666,0.5,0.4,0.2,66,B1-SCSA_PLUS-SCSA_PLUS_V3
1.0,1.0,1.0,1.0,1.0,1.0,1.0,1.0,1.0,68,B1-SCSA_PLUS-SCSA_PLUS_V3
1.0,1.0,1.0,1.0,1.0,1.0,1.0,1.0,1.0,70,B1-SCSA_PLUS-SCSA_PLUS_V3
1.0,0.8917233560090703,0.9652102434192421,1.0,1.0,1.0,1.0,0.8,0.7,71,B1-SCSA_PLUS-SCSA_PLUS_V3
1.0,0.9067956349206349,0.9672068480996276,1.0,1.0,1.0,0.75,0.8,0.8,72,B1-SCSA_PLUS-SCSA_PLUS_V3
0.3333333333333333,0.4323809523809524,0.6188710001056428,0.0,0.0,0.3333333333333333,0.25,0.4,0.5,73,B1-SCSA_PLUS-SCSA_PLUS_V3
0.3333333333333333,0.594047619047619,0.7028046245779905,0.0,0.0,0.3333333333333333,0.5,0.6,0.6,74,B1-SCSA_PLUS-SCSA_PLUS_V3
0.3333333333333333,0.29166666666666663,0.5,0.0,0.0,0.3333333333333333,0.25,0.2,0.2,76,B1-SCSA_PLUS-SCSA_PLUS_V3
1.0,0.8010204081632653,0.906029422444528,1.0,0.5,0.6666666666666666,0.75,0.8,0.7,77,B1-SCSA_PLUS-SCSA_PLUS_V3
,0.0,0.0,0.0,0.0,0.0,0.0,0.0,0.0,78,B1-SCSA_PLUS-SCSA_PLUS_V3
1.0,0.6666666666666666,0.8477774488692931,1.0,0.5,0.6666666666666666,0.5,0.4,0.4,79,B1-SCSA_PLUS-SCSA_PLUS_V3
1.0,0.9282627865961199,0.9770153702993121,1.0,1.0,1.0,1.0,0.8,0.9,81,B1-SCSA_PLUS-SCSA_PLUS_V3
0.5,0.6329931972789116,0.7538564085554509,0.0,0.5,0.3333333333333333,0.5,0.6,0.7,1,CS-STATE_ART-SCSA_PLUS_V3
1.0,0.7683333333333333,0.8930068676327362,1.0,0.5,0.6666666666666666,0.75,0.8,0.5,2,CS-STATE_ART-SCSA_PLUS_V3
0.2,0.2,0.41443699955334395,0.0,0.0,0.0,0.0,0.2,0.2,3,CS-STATE_ART-SCSA_PLUS_V3
1.0,0.6726190476190477,0.8495981447350542,1.0,0.5,0.6666666666666666,0.5,0.4,0.5,4,CS-STATE_ART-SCSA_PLUS_V3
1.0,0.9087301587301587,0.9714977244644463,1.0,1.0,1.0,1.0,0.8,0.7,5,CS-STATE_ART-SCSA_PLUS_V3
1.0,0.7132936507936508,0.8716476936377875,1.0,0.5,0.6666666666666666,0.75,0.6,0.6,6,CS-STATE_ART-SCSA_PLUS_V3
1.0,0.6976190476190476,0.8659013453423597,1.0,0.5,0.6666666666666666,0.75,0.6,0.5,7,CS-STATE_ART-SCSA_PLUS_V3
1.0,0.9704861111111112,0.9918291064614978,1.0,1.0,1.0,1.0,1.0,0.8,8,CS-STATE_ART-SCSA_PLUS_V3
1.0,0.6092592592592593,0.8147398843480288,1.0,0.5,0.3333333333333333,0.5,0.4,0.6,9,CS-STATE_ART-SCSA_PLUS_V3
1.0,1.0,1.0,1.0,1.0,1.0,1.0,1.0,1.0,10,CS-STATE_ART-SCSA_PLUS_V3
0.25,0.5304421768707482,0.6631747728725315,0.0,0.0,0.0,0.25,0.4,0.7,11,CS-STATE_ART-SCSA_PLUS_V3
1.0,0.9266666666666665,0.9747429528567877,1.0,1.0,1.0,0.75,0.8,0.5,12,CS-STATE_ART-SCSA_PLUS_V3
0.25,0.41349206349206347,0.5890235817902482,0.0,0.0,0.0,0.25,0.2,0.5,13,CS-STATE_ART-SCSA_PLUS_V3
1.0,0.9166666666666666,0.9674679834891693,1.0,1.0,0.6666666666666666,0.75,0.6,0.3,15,CS-STATE_ART-SCSA_PLUS_V3
0.5,0.41666666666666663,0.6052602440527057,0.0,0.5,0.3333333333333333,0.25,0.2,0.2,16,CS-STATE_ART-SCSA_PLUS_V3
1.0,1.0,1.0,1.0,1.0,1.0,1.0,1.0,1.0,17,CS-STATE_ART-SCSA_PLUS_V3
1.0,0.6111111111111112,0.7977228895450266,1.0,0.5,0.3333333333333333,0.25,0.2,0.2,18,CS-STATE_ART-SCSA_PLUS_V3
0.1,0.1,0.2890648263178879,0.0,0.0,0.0,0.0,0.0,0.1,19,CS-STATE_ART-SCSA_PLUS_V3
0.3333333333333333,0.45555555555555555,0.6365964361332774,0.0,0.0,0.3333333333333333,0.5,0.4,0.5,20,CS-STATE_ART-SCSA_PLUS_V3
1.0,0.6092592592592593,0.8147398843480288,1.0,0.5,0.3333333333333333,0.5,0.4,0.6,21,CS-STATE_ART-SCSA_PLUS_V3
1.0,0.8010204081632653,0.906029422444528,1.0,0.5,0.6666666666666666,0.75,0.8,0.7,22,CS-STATE_ART-SCSA_PLUS_V3
1.0,1.0,1.0,1.0,1.0,1.0,1.0,1.0,1.0,23,CS-STATE_ART-SCSA_PLUS_V3
1.0,0.8412257495590829,0.9196461703481418,1.0,0.5,0.6666666666666666,0.75,0.8,0.9,24,CS-STATE_ART-SCSA_PLUS_V3
1.0,1.0,1.0,1.0,1.0,1.0,1.0,1.0,1.0,25,CS-STATE_ART-SCSA_PLUS_V3
1.0,0.7749999999999999,0.8965508479224736,1.0,0.5,0.6666666666666666,0.75,0.8,0.6,26,CS-STATE_ART-SCSA_PLUS_V3
1.0,0.7311111111111112,0.8934420750106609,1.0,1.0,0.6666666666666666,0.5,0.6,0.5,27,CS-STATE_ART-SCSA_PLUS_V3
0.25,0.44457671957671957,0.6130049420154864,0.0,0.0,0.0,0.25,0.2,0.6,28,CS-STATE_ART-SCSA_PLUS_V3
0.5,0.5,0.6653497124326151,0.0,0.5,0.3333333333333333,0.5,0.4,0.3,29,CS-STATE_ART-SCSA_PLUS_V3
0.3333333333333333,0.4862433862433862,0.6565169942403822,0.0,0.0,0.3333333333333333,0.5,0.4,0.6,30,CS-STATE_ART-SCSA_PLUS_V3
1.0,0.5074074074074074,0.7461976723150332,1.0,0.5,0.3333333333333333,0.25,0.2,0.3,31,CS-STATE_ART-SCSA_PLUS_V3
0.3333333333333333,0.5009523809523809,0.6579462175810854,0.0,0.0,0.3333333333333333,0.5,0.6,0.5,32,CS-STATE_ART-SCSA_PLUS_V3
0.5,0.5555555555555555,0.6978817289434457,0.0,0.5,0.6666666666666666,0.5,0.4,0.3,33,CS-STATE_ART-SCSA_PLUS_V3
1.0,0.6984126984126983,0.86034433104172,1.0,0.5,0.6666666666666666,0.5,0.4,0.3,34,CS-STATE_ART-SCSA_PLUS_V3
,0.0,0.0,0.0,0.0,0.0,0.0,0.0,0.0,35,CS-STATE_ART-SCSA_PLUS_V3
1.0,0.8782627865961199,0.9504206262110482,1.0,1.0,0.6666666666666666,0.75,0.8,0.9,36,CS-STATE_ART-SCSA_PLUS_V3
0.25,0.325,0.5012658353418871,0.0,0.0,0.0,0.25,0.4,0.2,37,CS-STATE_ART-SCSA_PLUS_V3
1.0,1.0,1.0,1.0,1.0,1.0,1.0,1.0,1.0,38,CS-STATE_ART-SCSA_PLUS_V3
1.0,0.9282627865961199,0.9770153702993121,1.0,1.0,1.0,1.0,0.8,0.9,39,CS-STATE_ART-SCSA_PLUS_V3
1.0,0.5911111111111111,0.8002671129756275,1.0,0.5,0.3333333333333333,0.25,0.4,0.5,40,CS-STATE_ART-SCSA_PLUS_V3
0.2,0.28690476190476194,0.4860089900278708,0.0,0.0,0.0,0.0,0.2,0.3,41,CS-STATE_ART-SCSA_PLUS_V3
1.0,0.7592857142857143,0.9043980816456213,1.0,1.0,0.6666666666666666,0.5,0.6,0.5,42,CS-STATE_ART-SCSA_PLUS_V3
,0.0,0.0,0.0,0.0,0.0,0.0,0.0,0.0,43,CS-STATE_ART-SCSA_PLUS_V3
0.3333333333333333,0.3291666666666666,0.5487024654717783,0.0,0.0,0.3333333333333333,0.25,0.2,0.4,44,CS-STATE_ART-SCSA_PLUS_V3
1.0,0.9467813051146384,0.9842184869190973,1.0,1.0,1.0,1.0,1.0,0.9,45,CS-STATE_ART-SCSA_PLUS_V3
1.0,0.75,0.9005471983095722,1.0,1.0,0.6666666666666666,0.5,0.6,0.4,46,CS-STATE_ART-SCSA_PLUS_V3
1.0,0.9060405643738976,0.9667147927059907,1.0,1.0,1.0,0.75,0.8,0.9,47,CS-STATE_ART-SCSA_PLUS_V3
1.0,1.0,1.0,1.0,1.0,1.0,1.0,1.0,1.0,48,CS-STATE_ART-SCSA_PLUS_V3
1.0,0.7260912698412698,0.8631997506525686,1.0,0.5,0.3333333333333333,0.5,0.6,0.8,49,CS-STATE_ART-SCSA_PLUS_V3
1.0,0.810515873015873,0.9322447939063515,1.0,1.0,1.0,0.75,0.6,0.6,50,CS-STATE_ART-SCSA_PLUS_V3
1.0,0.8259259259259258,0.9404511968899848,1.0,1.0,1.0,0.75,0.8,0.6,51,CS-STATE_ART-SCSA_PLUS_V3
,0.0,0.0,0.0,0.0,0.0,0.0,0.0,0.0,53,CS-STATE_ART-SCSA_PLUS_V3
0.3333333333333333,0.41111111111111115,0.5833416105149332,0.0,0.0,0.3333333333333333,0.25,0.4,0.3,54,CS-STATE_ART-SCSA_PLUS_V3
1.0,1.0,1.0,1.0,1.0,1.0,1.0,1.0,1.0,55,CS-STATE_ART-SCSA_PLUS_V3
1.0,0.7182539682539681,0.8843252268199594,1.0,1.0,0.6666666666666666,0.5,0.4,0.4,57,CS-STATE_ART-SCSA_PLUS_V3
1.0,0.8701388888888889,0.9560094522876518,1.0,1.0,1.0,0.75,0.8,0.8,58,CS-STATE_ART-SCSA_PLUS_V3
1.0,1.0,1.0,1.0,1.0,1.0,1.0,1.0,1.0,60,CS-STATE_ART-SCSA_PLUS_V3
0.5,0.5,0.6509209298071326,0.0,0.5,0.3333333333333333,0.5,0.4,0.2,61,CS-STATE_ART-SCSA_PLUS_V3
0.5,0.3619047619047619,0.5881601264058984,0.0,0.5,0.3333333333333333,0.25,0.2,0.3,62,CS-STATE_ART-SCSA_PLUS_V3
0.1111111111111111,0.1111111111111111,0.3010299956639812,0.0,0.0,0.0,0.0,0.0,0.1,63,CS-STATE_ART-SCSA_PLUS_V3
0.25,0.5021825396825397,0.6425958210520417,0.0,0.0,0.0,0.25,0.4,0.6,66,CS-STATE_ART-SCSA_PLUS_V3
1.0,0.852281746031746,0.9429942892150167,1.0,1.0,0.6666666666666666,0.75,0.8,0.8,68,CS-STATE_ART-SCSA_PLUS_V3
1.0,1.0,1.0,1.0,1.0,1.0,1.0,1.0,1.0,70,CS-STATE_ART-SCSA_PLUS_V3
0.5,0.5138888888888888,0.6787622294601761,0.0,0.5,0.6666666666666666,0.5,0.4,0.3,71,CS-STATE_ART-SCSA_PLUS_V3
1.0,0.5911111111111111,0.8002671129756275,1.0,0.5,0.3333333333333333,0.25,0.4,0.5,72,CS-STATE_ART-SCSA_PLUS_V3
1.0,0.751388888888889,0.8878428156094799,1.0,0.5,0.6666666666666666,0.75,0.8,0.6,73,CS-STATE_ART-SCSA_PLUS_V3
0.14285714285714285,0.14285714285714285,0.3333333333333333,0.0,0.0,0.0,0.0,0.0,0.1,74,CS-STATE_ART-SCSA_PLUS_V3
,0.0,0.0,0.0,0.0,0.0,0.0,0.0,0.0,76,CS-STATE_ART-SCSA_PLUS_V3
0.5,0.4761904761904762,0.6546154994739983,0.0,0.5,0.3333333333333333,0.5,0.4,0.3,77,CS-STATE_ART-SCSA_PLUS_V3
1.0,1.0,1.0,1.0,0.5,0.3333333333333333,0.25,0.2,0.1,78,CS-STATE_ART-SCSA_PLUS_V3
0.14285714285714285,0.18253968253968253,0.3889580943680543,0.0,0.0,0.0,0.0,0.0,0.2,79,CS-STATE_ART-SCSA_PLUS_V3
1.0,1.0,1.0,1.0,1.0,1.0,1.0,1.0,1.0,81,CS-STATE_ART-SCSA_PLUS_V3
0.5,0.6329931972789116,0.7538564085554509,0.0,0.5,0.3333333333333333,0.5,0.6,0.7,1,CS-SCSA_PLUS-SCSA_PLUS_V3
1.0,0.7683333333333333,0.8930068676327362,1.0,0.5,0.6666666666666666,0.75,0.8,0.5,2,CS-SCSA_PLUS-SCSA_PLUS_V3
0.2,0.2,0.41443699955334395,0.0,0.0,0.0,0.0,0.2,0.2,3,CS-SCSA_PLUS-SCSA_PLUS_V3
1.0,0.6726190476190477,0.8495981447350542,1.0,0.5,0.6666666666666666,0.5,0.4,0.5,4,CS-SCSA_PLUS-SCSA_PLUS_V3
1.0,0.9087301587301587,0.9714977244644463,1.0,1.0,1.0,1.0,0.8,0.7,5,CS-SCSA_PLUS-SCSA_PLUS_V3
1.0,0.7132936507936508,0.8716476936377875,1.0,0.5,0.6666666666666666,0.75,0.6,0.6,6,CS-SCSA_PLUS-SCSA_PLUS_V3
1.0,0.6976190476190476,0.8659013453423597,1.0,0.5,0.6666666666666666,0.75,0.6,0.5,7,CS-SCSA_PLUS-SCSA_PLUS_V3
1.0,0.9704861111111112,0.9918291064614978,1.0,1.0,1.0,1.0,1.0,0.8,8,CS-SCSA_PLUS-SCSA_PLUS_V3
1.0,0.6092592592592593,0.8147398843480288,1.0,0.5,0.3333333333333333,0.5,0.4,0.6,9,CS-SCSA_PLUS-SCSA_PLUS_V3
1.0,1.0,1.0,1.0,1.0,1.0,1.0,1.0,1.0,10,CS-SCSA_PLUS-SCSA_PLUS_V3
0.25,0.5304421768707482,0.6631747728725315,0.0,0.0,0.0,0.25,0.4,0.7,11,CS-SCSA_PLUS-SCSA_PLUS_V3
1.0,0.9266666666666665,0.9747429528567877,1.0,1.0,1.0,0.75,0.8,0.5,12,CS-SCSA_PLUS-SCSA_PLUS_V3
0.25,0.41349206349206347,0.5890235817902482,0.0,0.0,0.0,0.25,0.2,0.5,13,CS-SCSA_PLUS-SCSA_PLUS_V3
1.0,0.9166666666666666,0.9674679834891693,1.0,1.0,0.6666666666666666,0.75,0.6,0.3,15,CS-SCSA_PLUS-SCSA_PLUS_V3
0.5,0.41666666666666663,0.6052602440527057,0.0,0.5,0.3333333333333333,0.25,0.2,0.2,16,CS-SCSA_PLUS-SCSA_PLUS_V3
1.0,1.0,1.0,1.0,1.0,1.0,1.0,1.0,1.0,17,CS-SCSA_PLUS-SCSA_PLUS_V3
1.0,0.6111111111111112,0.7977228895450266,1.0,0.5,0.3333333333333333,0.25,0.2,0.2,18,CS-SCSA_PLUS-SCSA_PLUS_V3
0.1,0.1,0.2890648263178879,0.0,0.0,0.0,0.0,0.0,0.1,19,CS-SCSA_PLUS-SCSA_PLUS_V3
0.3333333333333333,0.45555555555555555,0.6365964361332774,0.0,0.0,0.3333333333333333,0.5,0.4,0.5,20,CS-SCSA_PLUS-SCSA_PLUS_V3
1.0,0.6092592592592593,0.8147398843480288,1.0,0.5,0.3333333333333333,0.5,0.4,0.6,21,CS-SCSA_PLUS-SCSA_PLUS_V3
1.0,0.8010204081632653,0.906029422444528,1.0,0.5,0.6666666666666666,0.75,0.8,0.7,22,CS-SCSA_PLUS-SCSA_PLUS_V3
1.0,1.0,1.0,1.0,1.0,1.0,1.0,1.0,1.0,23,CS-SCSA_PLUS-SCSA_PLUS_V3
1.0,0.8412257495590829,0.9196461703481418,1.0,0.5,0.6666666666666666,0.75,0.8,0.9,24,CS-SCSA_PLUS-SCSA_PLUS_V3
1.0,1.0,1.0,1.0,1.0,1.0,1.0,1.0,1.0,25,CS-SCSA_PLUS-SCSA_PLUS_V3
1.0,0.7749999999999999,0.8965508479224736,1.0,0.5,0.6666666666666666,0.75,0.8,0.6,26,CS-SCSA_PLUS-SCSA_PLUS_V3
1.0,0.7311111111111112,0.8934420750106609,1.0,1.0,0.6666666666666666,0.5,0.6,0.5,27,CS-SCSA_PLUS-SCSA_PLUS_V3
0.25,0.44457671957671957,0.6130049420154864,0.0,0.0,0.0,0.25,0.2,0.6,28,CS-SCSA_PLUS-SCSA_PLUS_V3
0.5,0.5,0.6653497124326151,0.0,0.5,0.3333333333333333,0.5,0.4,0.3,29,CS-SCSA_PLUS-SCSA_PLUS_V3
0.3333333333333333,0.4862433862433862,0.6565169942403822,0.0,0.0,0.3333333333333333,0.5,0.4,0.6,30,CS-SCSA_PLUS-SCSA_PLUS_V3
1.0,0.5074074074074074,0.7461976723150332,1.0,0.5,0.3333333333333333,0.25,0.2,0.3,31,CS-SCSA_PLUS-SCSA_PLUS_V3
0.3333333333333333,0.5009523809523809,0.6579462175810854,0.0,0.0,0.3333333333333333,0.5,0.6,0.5,32,CS-SCSA_PLUS-SCSA_PLUS_V3
0.5,0.5555555555555555,0.6978817289434457,0.0,0.5,0.6666666666666666,0.5,0.4,0.3,33,CS-SCSA_PLUS-SCSA_PLUS_V3
1.0,0.6984126984126983,0.86034433104172,1.0,0.5,0.6666666666666666,0.5,0.4,0.3,34,CS-SCSA_PLUS-SCSA_PLUS_V3
,0.0,0.0,0.0,0.0,0.0,0.0,0.0,0.0,35,CS-SCSA_PLUS-SCSA_PLUS_V3
1.0,0.8782627865961199,0.9504206262110482,1.0,1.0,0.6666666666666666,0.75,0.8,0.9,36,CS-SCSA_PLUS-SCSA_PLUS_V3
0.25,0.325,0.5012658353418871,0.0,0.0,0.0,0.25,0.4,0.2,37,CS-SCSA_PLUS-SCSA_PLUS_V3
1.0,1.0,1.0,1.0,1.0,1.0,1.0,1.0,1.0,38,CS-SCSA_PLUS-SCSA_PLUS_V3
1.0,0.9282627865961199,0.9770153702993121,1.0,1.0,1.0,1.0,0.8,0.9,39,CS-SCSA_PLUS-SCSA_PLUS_V3
1.0,0.5911111111111111,0.8002671129756275,1.0,0.5,0.3333333333333333,0.25,0.4,0.5,40,CS-SCSA_PLUS-SCSA_PLUS_V3
0.2,0.28690476190476194,0.4860089900278708,0.0,0.0,0.0,0.0,0.2,0.3,41,CS-SCSA_PLUS-SCSA_PLUS_V3
1.0,0.7592857142857143,0.9043980816456213,1.0,1.0,0.6666666666666666,0.5,0.6,0.5,42,CS-SCSA_PLUS-SCSA_PLUS_V3
,0.0,0.0,0.0,0.0,0.0,0.0,0.0,0.0,43,CS-SCSA_PLUS-SCSA_PLUS_V3
0.3333333333333333,0.3291666666666666,0.5487024654717783,0.0,0.0,0.3333333333333333,0.25,0.2,0.4,44,CS-SCSA_PLUS-SCSA_PLUS_V3
1.0,0.9467813051146384,0.9842184869190973,1.0,1.0,1.0,1.0,1.0,0.9,45,CS-SCSA_PLUS-SCSA_PLUS_V3
1.0,0.75,0.9005471983095722,1.0,1.0,0.6666666666666666,0.5,0.6,0.4,46,CS-SCSA_PLUS-SCSA_PLUS_V3
1.0,0.9060405643738976,0.9667147927059907,1.0,1.0,1.0,0.75,0.8,0.9,47,CS-SCSA_PLUS-SCSA_PLUS_V3
1.0,1.0,1.0,1.0,1.0,1.0,1.0,1.0,1.0,48,CS-SCSA_PLUS-SCSA_PLUS_V3
1.0,0.7260912698412698,0.8631997506525686,1.0,0.5,0.3333333333333333,0.5,0.6,0.8,49,CS-SCSA_PLUS-SCSA_PLUS_V3
1.0,0.810515873015873,0.9322447939063515,1.0,1.0,1.0,0.75,0.6,0.6,50,CS-SCSA_PLUS-SCSA_PLUS_V3
1.0,0.8259259259259258,0.9404511968899848,1.0,1.0,1.0,0.75,0.8,0.6,51,CS-SCSA_PLUS-SCSA_PLUS_V3
,0.0,0.0,0.0,0.0,0.0,0.0,0.0,0.0,53,CS-SCSA_PLUS-SCSA_PLUS_V3
0.3333333333333333,0.41111111111111115,0.5833416105149332,0.0,0.0,0.3333333333333333,0.25,0.4,0.3,54,CS-SCSA_PLUS-SCSA_PLUS_V3
1.0,1.0,1.0,1.0,1.0,1.0,1.0,1.0,1.0,55,CS-SCSA_PLUS-SCSA_PLUS_V3
1.0,0.7182539682539681,0.8843252268199594,1.0,1.0,0.6666666666666666,0.5,0.4,0.4,57,CS-SCSA_PLUS-SCSA_PLUS_V3
1.0,0.8701388888888889,0.9560094522876518,1.0,1.0,1.0,0.75,0.8,0.8,58,CS-SCSA_PLUS-SCSA_PLUS_V3
1.0,1.0,1.0,1.0,1.0,1.0,1.0,1.0,1.0,60,CS-SCSA_PLUS-SCSA_PLUS_V3
0.5,0.5,0.6509209298071326,0.0,0.5,0.3333333333333333,0.5,0.4,0.2,61,CS-SCSA_PLUS-SCSA_PLUS_V3
0.5,0.3619047619047619,0.5881601264058984,0.0,0.5,0.3333333333333333,0.25,0.2,0.3,62,CS-SCSA_PLUS-SCSA_PLUS_V3
0.5,0.41111111111111115,0.618890676363047,0.0,0.5,0.3333333333333333,0.25,0.4,0.3,63,CS-SCSA_PLUS-SCSA_PLUS_V3
0.25,0.5021825396825397,0.6425958210520417,0.0,0.0,0.0,0.25,0.4,0.6,66,CS-SCSA_PLUS-SCSA_PLUS_V3
1.0,0.8214285714285714,0.9331394899761783,1.0,1.0,0.6666666666666666,0.75,0.8,0.7,68,CS-SCSA_PLUS-SCSA_PLUS_V3
1.0,1.0,1.0,1.0,1.0,1.0,1.0,1.0,1.0,70,CS-SCSA_PLUS-SCSA_PLUS_V3
0.5,0.5138888888888888,0.6787622294601761,0.0,0.5,0.6666666666666666,0.5,0.4,0.3,71,CS-SCSA_PLUS-SCSA_PLUS_V3
1.0,0.5911111111111111,0.8002671129756275,1.0,0.5,0.3333333333333333,0.25,0.4,0.5,72,CS-SCSA_PLUS-SCSA_PLUS_V3
1.0,0.751388888888889,0.8878428156094799,1.0,0.5,0.6666666666666666,0.75,0.8,0.6,73,CS-SCSA_PLUS-SCSA_PLUS_V3
0.14285714285714285,0.14285714285714285,0.3333333333333333,0.0,0.0,0.0,0.0,0.0,0.1,74,CS-SCSA_PLUS-SCSA_PLUS_V3
,0.0,0.0,0.0,0.0,0.0,0.0,0.0,0.0,76,CS-SCSA_PLUS-SCSA_PLUS_V3
0.5,0.4761904761904762,0.6546154994739983,0.0,0.5,0.3333333333333333,0.5,0.4,0.3,77,CS-SCSA_PLUS-SCSA_PLUS_V3
1.0,1.0,1.0,1.0,0.5,0.3333333333333333,0.25,0.2,0.1,78,CS-SCSA_PLUS-SCSA_PLUS_V3
0.14285714285714285,0.18253968253968253,0.3889580943680543,0.0,0.0,0.0,0.0,0.0,0.2,79,CS-SCSA_PLUS-SCSA_PLUS_V3
1.0,1.0,1.0,1.0,1.0,1.0,1.0,1.0,1.0,81,CS-SCSA_PLUS-SCSA_PLUS_V3
1.0,0.5412698412698413,0.773161590685251,1.0,0.5,0.3333333333333333,0.25,0.2,0.5,1,SC-STATE_ART-SCSA_PLUS_V3
0.14285714285714285,0.17142857142857143,0.38162168437253385,0.0,0.0,0.0,0.0,0.0,0.2,2,SC-STATE_ART-SCSA_PLUS_V3
0.3333333333333333,0.2851851851851852,0.511558309303655,0.0,0.0,0.3333333333333333,0.25,0.2,0.3,3,SC-STATE_ART-SCSA_PLUS_V3
0.3333333333333333,0.5845238095238094,0.7089874950249131,0.0,0.0,0.3333333333333333,0.5,0.6,0.7,4,SC-STATE_ART-SCSA_PLUS_V3
0.3333333333333333,0.5566326530612244,0.6942762582994471,0.0,0.0,0.3333333333333333,0.5,0.4,0.7,5,SC-STATE_ART-SCSA_PLUS_V3
1.0,0.6756802721088436,0.8507697982583751,1.0,0.5,0.6666666666666666,0.5,0.4,0.7,6,SC-STATE_ART-SCSA_PLUS_V3
1.0,0.7496598639455783,0.8864065699084178,1.0,0.5,0.6666666666666666,0.75,0.6,0.7,7,SC-STATE_ART-SCSA_PLUS_V3
1.0,1.0,1.0,1.0,1.0,1.0,1.0,1.0,1.0,8,SC-STATE_ART-SCSA_PLUS_V3
0.2,0.3047619047619048,0.5115075476638682,0.0,0.0,0.0,0.0,0.2,0.4,9,SC-STATE_ART-SCSA_PLUS_V3
1.0,0.8073412698412699,0.9249372331423046,1.0,1.0,0.6666666666666666,0.75,0.6,0.8,10,SC-STATE_ART-SCSA_PLUS_V3
1.0,0.8388888888888889,0.9384745935215791,1.0,1.0,0.6666666666666666,0.75,0.8,0.8,11,SC-STATE_ART-SCSA_PLUS_V3
1.0,0.83015873015873,0.9409528262193453,1.0,1.0,1.0,0.75,0.6,0.6,12,SC-STATE_ART-SCSA_PLUS_V3
0.2,0.24074074074074073,0.45846073882962946,0.0,0.0,0.0,0.0,0.2,0.3,13,SC-STATE_ART-SCSA_PLUS_V3
1.0,0.7611111111111111,0.9052181617170642,1.0,1.0,0.6666666666666666,0.5,0.6,0.4,15,SC-STATE_ART-SCSA_PLUS_V3
0.5,0.4666666666666666,0.6447841584694202,0.0,0.5,0.3333333333333333,0.25,0.4,0.3,16,SC-STATE_ART-SCSA_PLUS_V3
0.14285714285714285,0.14285714285714285,0.3333333333333333,0.0,0.0,0.0,0.0,0.0,0.1,17,SC-STATE_ART-SCSA_PLUS_V3
,0.0,0.0,0.0,0.0,0.0,0.0,0.0,0.0,18,SC-STATE_ART-SCSA_PLUS_V3
1.0,0.9765432098765433,0.9937947856332163,1.0,1.0,1.0,1.0,1.0,0.9,19,SC-STATE_ART-SCSA_PLUS_V3
0.14285714285714285,0.17142857142857143,0.38162168437253385,0.0,0.0,0.0,0.0,0.0,0.2,20,SC-STATE_ART-SCSA_PLUS_V3
1.0,0.6676190476190476,0.8510380730119949,1.0,0.5,0.6666666666666666,0.5,0.6,0.5,21,SC-STATE_ART-SCSA_PLUS_V3
1.0,0.663888888888889,0.8602762833296762,1.0,1.0,0.6666666666666666,0.5,0.4,0.5,22,SC-STATE_ART-SCSA_PLUS_V3
0.1,0.1,0.2890648263178879,0.0,0.0,0.0,0.0,0.0,0.1,23,SC-STATE_ART-SCSA_PLUS_V3
0.5,0.604251700680272,0.7493211223323234,0.0,0.5,0.6666666666666666,0.5,0.4,0.7,24,SC-STATE_ART-SCSA_PLUS_V3
0.3333333333333333,0.6427579365079366,0.73672839926874,0.0,0.0,0.3333333333333333,0.5,0.6,0.8,25,SC-STATE_ART-SCSA_PLUS_V3
1.0,0.7232993197278912,0.8867592887894689,1.0,1.0,0.6666666666666666,0.5,0.4,0.7,26,SC-STATE_ART-SCSA_PLUS_V3
1.0,0.8782627865961199,0.9504206262110482,1.0,1.0,0.6666666666666666,0.75,0.8,0.9,27,SC-STATE_ART-SCSA_PLUS_V3
0.1,0.1,0.2890648263178879,0.0,0.0,0.0,0.0,0.0,0.1,28,SC-STATE_ART-SCSA_PLUS_V3
1.0,0.83015873015873,0.9409528262193453,1.0,1.0,1.0,0.75,0.6,0.6,29,SC-STATE_ART-SCSA_PLUS_V3
1.0,0.7759259259259258,0.9188490368414886,1.0,1.0,1.0,0.75,0.6,0.6,30,SC-STATE_ART-SCSA_PLUS_V3
0.3333333333333333,0.40208333333333335,0.5993138969864685,0.0,0.0,0.3333333333333333,0.5,0.4,0.4,31,SC-STATE_ART-SCSA_PLUS_V3
,0.0,0.0,0.0,0.0,0.0,0.0,0.0,0.0,32,SC-STATE_ART-SCSA_PLUS_V3
1.0,0.7232993197278912,0.8867592887894689,1.0,1.0,0.6666666666666666,0.5,0.4,0.7,33,SC-STATE_ART-SCSA_PLUS_V3
1.0,0.6428571428571428,0.8175295903539445,1.0,0.5,0.3333333333333333,0.25,0.2,0.2,34,SC-STATE_ART-SCSA_PLUS_V3
0.125,0.125,0.31546487678572877,0.0,0.0,0.0,0.0,0.0,0.1,35,SC-STATE_ART-SCSA_PLUS_V3
1.0,1.0,1.0,1.0,1.0,1.0,1.0,1.0,1.0,36,SC-STATE_ART-SCSA_PLUS_V3
1.0,0.8773809523809524,0.958214983820857,1.0,1.0,1.0,0.75,0.8,0.6,37,SC-STATE_ART-SCSA_PLUS_V3
1.0,0.9060405643738976,0.9667147927059907,1.0,1.0,1.0,0.75,0.8,0.9,38,SC-STATE_ART-SCSA_PLUS_V3
1.0,0.9206845238095238,0.9752652438087496,1.0,1.0,1.0,1.0,0.8,0.8,39,SC-STATE_ART-SCSA_PLUS_V3
0.5,0.5976190476190476,0.7407274048032711,0.0,0.5,0.6666666666666666,0.75,0.6,0.5,40,SC-STATE_ART-SCSA_PLUS_V3
1.0,0.5074074074074074,0.7461976723150332,1.0,0.5,0.3333333333333333,0.25,0.2,0.3,41,SC-STATE_ART-SCSA_PLUS_V3
0.25,0.35297619047619044,0.5501555404615289,0.0,0.0,0.0,0.25,0.2,0.4,42,SC-STATE_ART-SCSA_PLUS_V3
1.0,1.0,1.0,1.0,1.0,1.0,1.0,1.0,1.0,43,SC-STATE_ART-SCSA_PLUS_V3
1.0,1.0,1.0,1.0,1.0,1.0,1.0,1.0,1.0,44,SC-STATE_ART-SCSA_PLUS_V3
1.0,0.9626543209876544,0.9895948844467957,1.0,1.0,1.0,1.0,1.0,0.9,45,SC-STATE_ART-SCSA_PLUS_V3
1.0,0.9060405643738976,0.9667147927059907,1.0,1.0,1.0,0.75,0.8,0.9,46,SC-STATE_ART-SCSA_PLUS_V3
1.0,0.9060405643738976,0.9667147927059907,1.0,1.0,1.0,0.75,0.8,0.9,47,SC-STATE_ART-SCSA_PLUS_V3
1.0,1.0,1.0,1.0,1.0,1.0,1.0,1.0,1.0,48,SC-STATE_ART-SCSA_PLUS_V3
0.5,0.5425925925925926,0.7123317756416025,0.0,0.5,0.3333333333333333,0.5,0.6,0.6,49,SC-STATE_ART-SCSA_PLUS_V3
1.0,1.0,1.0,1.0,1.0,1.0,1.0,1.0,1.0,50,SC-STATE_ART-SCSA_PLUS_V3
0.25,0.4023809523809524,0.5849654724986935,0.0,0.0,0.0,0.25,0.2,0.5,51,SC-STATE_ART-SCSA_PLUS_V3
1.0,1.0,1.0,1.0,1.0,0.6666666666666666,0.5,0.4,0.2,53,SC-STATE_ART-SCSA_PLUS_V3
0.5,0.4571428571428572,0.6574017496914832,0.0,0.5,0.3333333333333333,0.5,0.4,0.4,54,SC-STATE_ART-SCSA_PLUS_V3
1.0,1.0,1.0,1.0,1.0,1.0,1.0,1.0,1.0,55,SC-STATE_ART-SCSA_PLUS_V3
1.0,1.0,1.0,1.0,1.0,1.0,1.0,1.0,1.0,57,SC-STATE_ART-SCSA_PLUS_V3
1.0,1.0,1.0,1.0,1.0,1.0,1.0,1.0,1.0,58,SC-STATE_ART-SCSA_PLUS_V3
1.0,1.0,1.0,1.0,1.0,1.0,1.0,1.0,1.0,59,SC-STATE_ART-SCSA_PLUS_V3
1.0,1.0,1.0,1.0,1.0,1.0,1.0,1.0,1.0,60,SC-STATE_ART-SCSA_PLUS_V3
1.0,0.9765432098765433,0.9937947856332163,1.0,1.0,1.0,1.0,1.0,0.9,61,SC-STATE_ART-SCSA_PLUS_V3
0.1111111111111111,0.1111111111111111,0.3010299956639812,0.0,0.0,0.0,0.0,0.0,0.1,62,SC-STATE_ART-SCSA_PLUS_V3
1.0,1.0,1.0,1.0,1.0,1.0,1.0,1.0,1.0,63,SC-STATE_ART-SCSA_PLUS_V3
0.5,0.7856701940035273,0.8328978515038055,0.0,0.5,0.6666666666666666,0.75,0.8,0.9,66,SC-STATE_ART-SCSA_PLUS_V3
0.5,0.5222222222222221,0.7045143510250984,0.0,0.5,0.6666666666666666,0.5,0.4,0.5,67,SC-STATE_ART-SCSA_PLUS_V3
0.3333333333333333,0.6427579365079366,0.73672839926874,0.0,0.0,0.3333333333333333,0.5,0.6,0.8,68,SC-STATE_ART-SCSA_PLUS_V3
0.25,0.4556878306878307,0.6222783806289391,0.0,0.0,0.0,0.25,0.4,0.6,70,SC-STATE_ART-SCSA_PLUS_V3
1.0,1.0,1.0,1.0,1.0,1.0,1.0,1.0,1.0,71,SC-STATE_ART-SCSA_PLUS_V3
1.0,0.9765432098765433,0.9937947856332163,1.0,1.0,1.0,1.0,1.0,0.9,72,SC-STATE_ART-SCSA_PLUS_V3
0.25,0.3673611111111111,0.5598144536257148,0.0,0.0,0.0,0.25,0.4,0.4,73,SC-STATE_ART-SCSA_PLUS_V3
0.5,0.44999999999999996,0.6492233278282461,0.0,0.5,0.3333333333333333,0.25,0.4,0.4,74,SC-STATE_ART-SCSA_PLUS_V3
1.0,1.0,1.0,1.0,1.0,1.0,1.0,1.0,1.0,76,SC-STATE_ART-SCSA_PLUS_V3
1.0,1.0,1.0,1.0,1.0,1.0,1.0,1.0,1.0,77,SC-STATE_ART-SCSA_PLUS_V3
,0.0,0.0,0.0,0.0,0.0,0.0,0.0,0.0,78,SC-STATE_ART-SCSA_PLUS_V3
1.0,0.9888888888888889,0.9971876401972103,1.0,1.0,1.0,1.0,1.0,0.9,79,SC-STATE_ART-SCSA_PLUS_V3
1.0,1.0,1.0,1.0,1.0,1.0,1.0,1.0,1.0,81,SC-STATE_ART-SCSA_PLUS_V3
1.0,0.5412698412698413,0.773161590685251,1.0,0.5,0.3333333333333333,0.25,0.2,0.5,1,SC-SCSA_PLUS-SCSA_PLUS_V3
0.14285714285714285,0.17142857142857143,0.38162168437253385,0.0,0.0,0.0,0.0,0.0,0.2,2,SC-SCSA_PLUS-SCSA_PLUS_V3
0.3333333333333333,0.2851851851851852,0.511558309303655,0.0,0.0,0.3333333333333333,0.25,0.2,0.3,3,SC-SCSA_PLUS-SCSA_PLUS_V3
0.3333333333333333,0.5845238095238094,0.7089874950249131,0.0,0.0,0.3333333333333333,0.5,0.6,0.7,4,SC-SCSA_PLUS-SCSA_PLUS_V3
0.3333333333333333,0.5566326530612244,0.6942762582994471,0.0,0.0,0.3333333333333333,0.5,0.4,0.7,5,SC-SCSA_PLUS-SCSA_PLUS_V3
1.0,0.6756802721088436,0.8507697982583751,1.0,0.5,0.6666666666666666,0.5,0.4,0.7,6,SC-SCSA_PLUS-SCSA_PLUS_V3
1.0,0.7496598639455783,0.8864065699084178,1.0,0.5,0.6666666666666666,0.75,0.6,0.7,7,SC-SCSA_PLUS-SCSA_PLUS_V3
1.0,1.0,1.0,1.0,1.0,1.0,1.0,1.0,1.0,8,SC-SCSA_PLUS-SCSA_PLUS_V3
0.2,0.3047619047619048,0.5115075476638682,0.0,0.0,0.0,0.0,0.2,0.4,9,SC-SCSA_PLUS-SCSA_PLUS_V3
1.0,0.8073412698412699,0.9249372331423046,1.0,1.0,0.6666666666666666,0.75,0.6,0.8,10,SC-SCSA_PLUS-SCSA_PLUS_V3
1.0,0.9626543209876544,0.9895948844467957,1.0,1.0,1.0,1.0,1.0,0.9,11,SC-SCSA_PLUS-SCSA_PLUS_V3
1.0,0.83015873015873,0.9409528262193453,1.0,1.0,1.0,0.75,0.6,0.6,12,SC-SCSA_PLUS-SCSA_PLUS_V3
0.2,0.24074074074074073,0.45846073882962946,0.0,0.0,0.0,0.0,0.2,0.3,13,SC-SCSA_PLUS-SCSA_PLUS_V3
1.0,0.7611111111111111,0.9052181617170642,1.0,1.0,0.6666666666666666,0.5,0.6,0.4,15,SC-SCSA_PLUS-SCSA_PLUS_V3
0.5,0.4666666666666666,0.6447841584694202,0.0,0.5,0.3333333333333333,0.25,0.4,0.3,16,SC-SCSA_PLUS-SCSA_PLUS_V3
0.14285714285714285,0.14285714285714285,0.3333333333333333,0.0,0.0,0.0,0.0,0.0,0.1,17,SC-SCSA_PLUS-SCSA_PLUS_V3
,0.0,0.0,0.0,0.0,0.0,0.0,0.0,0.0,18,SC-SCSA_PLUS-SCSA_PLUS_V3
1.0,0.9765432098765433,0.9937947856332163,1.0,1.0,1.0,1.0,1.0,0.9,19,SC-SCSA_PLUS-SCSA_PLUS_V3
0.14285714285714285,0.17142857142857143,0.38162168437253385,0.0,0.0,0.0,0.0,0.0,0.2,20,SC-SCSA_PLUS-SCSA_PLUS_V3
1.0,0.6676190476190476,0.8510380730119949,1.0,0.5,0.6666666666666666,0.5,0.6,0.5,21,SC-SCSA_PLUS-SCSA_PLUS_V3
1.0,0.663888888888889,0.8602762833296762,1.0,1.0,0.6666666666666666,0.5,0.4,0.5,22,SC-SCSA_PLUS-SCSA_PLUS_V3
0.1,0.1,0.2890648263178879,0.0,0.0,0.0,0.0,0.0,0.1,23,SC-SCSA_PLUS-SCSA_PLUS_V3
0.5,0.604251700680272,0.7493211223323234,0.0,0.5,0.6666666666666666,0.5,0.4,0.7,24,SC-SCSA_PLUS-SCSA_PLUS_V3
0.3333333333333333,0.6427579365079366,0.73672839926874,0.0,0.0,0.3333333333333333,0.5,0.6,0.8,25,SC-SCSA_PLUS-SCSA_PLUS_V3
1.0,0.7232993197278912,0.8867592887894689,1.0,1.0,0.6666666666666666,0.5,0.4,0.7,26,SC-SCSA_PLUS-SCSA_PLUS_V3
1.0,0.8782627865961199,0.9504206262110482,1.0,1.0,0.6666666666666666,0.75,0.8,0.9,27,SC-SCSA_PLUS-SCSA_PLUS_V3
0.1,0.1,0.2890648263178879,0.0,0.0,0.0,0.0,0.0,0.1,28,SC-SCSA_PLUS-SCSA_PLUS_V3
1.0,0.83015873015873,0.9409528262193453,1.0,1.0,1.0,0.75,0.6,0.6,29,SC-SCSA_PLUS-SCSA_PLUS_V3
1.0,0.7759259259259258,0.9188490368414886,1.0,1.0,1.0,0.75,0.6,0.6,30,SC-SCSA_PLUS-SCSA_PLUS_V3
0.3333333333333333,0.40208333333333335,0.5993138969864685,0.0,0.0,0.3333333333333333,0.5,0.4,0.4,31,SC-SCSA_PLUS-SCSA_PLUS_V3
,0.0,0.0,0.0,0.0,0.0,0.0,0.0,0.0,32,SC-SCSA_PLUS-SCSA_PLUS_V3
1.0,0.7232993197278912,0.8867592887894689,1.0,1.0,0.6666666666666666,0.5,0.4,0.7,33,SC-SCSA_PLUS-SCSA_PLUS_V3
1.0,0.6428571428571428,0.8175295903539445,1.0,0.5,0.3333333333333333,0.25,0.2,0.2,34,SC-SCSA_PLUS-SCSA_PLUS_V3
0.125,0.125,0.31546487678572877,0.0,0.0,0.0,0.0,0.0,0.1,35,SC-SCSA_PLUS-SCSA_PLUS_V3
1.0,1.0,1.0,1.0,1.0,1.0,1.0,1.0,1.0,36,SC-SCSA_PLUS-SCSA_PLUS_V3
1.0,0.8773809523809524,0.958214983820857,1.0,1.0,1.0,0.75,0.8,0.6,37,SC-SCSA_PLUS-SCSA_PLUS_V3
1.0,0.9060405643738976,0.9667147927059907,1.0,1.0,1.0,0.75,0.8,0.9,38,SC-SCSA_PLUS-SCSA_PLUS_V3
1.0,0.9206845238095238,0.9752652438087496,1.0,1.0,1.0,1.0,0.8,0.8,39,SC-SCSA_PLUS-SCSA_PLUS_V3
0.5,0.5976190476190476,0.7407274048032711,0.0,0.5,0.6666666666666666,0.75,0.6,0.5,40,SC-SCSA_PLUS-SCSA_PLUS_V3
1.0,0.5074074074074074,0.7461976723150332,1.0,0.5,0.3333333333333333,0.25,0.2,0.3,41,SC-SCSA_PLUS-SCSA_PLUS_V3
0.25,0.35297619047619044,0.5501555404615289,0.0,0.0,0.0,0.25,0.2,0.4,42,SC-SCSA_PLUS-SCSA_PLUS_V3
1.0,1.0,1.0,1.0,1.0,1.0,1.0,1.0,1.0,43,SC-SCSA_PLUS-SCSA_PLUS_V3
1.0,1.0,1.0,1.0,1.0,1.0,1.0,1.0,1.0,44,SC-SCSA_PLUS-SCSA_PLUS_V3
1.0,0.9626543209876544,0.9895948844467957,1.0,1.0,1.0,1.0,1.0,0.9,45,SC-SCSA_PLUS-SCSA_PLUS_V3
1.0,0.9060405643738976,0.9667147927059907,1.0,1.0,1.0,0.75,0.8,0.9,46,SC-SCSA_PLUS-SCSA_PLUS_V3
1.0,0.9060405643738976,0.9667147927059907,1.0,1.0,1.0,0.75,0.8,0.9,47,SC-SCSA_PLUS-SCSA_PLUS_V3
1.0,1.0,1.0,1.0,1.0,1.0,1.0,1.0,1.0,48,SC-SCSA_PLUS-SCSA_PLUS_V3
0.5,0.5425925925925926,0.7123317756416025,0.0,0.5,0.3333333333333333,0.5,0.6,0.6,49,SC-SCSA_PLUS-SCSA_PLUS_V3
1.0,1.0,1.0,1.0,1.0,1.0,1.0,1.0,1.0,50,SC-SCSA_PLUS-SCSA_PLUS_V3
0.25,0.4023809523809524,0.5849654724986935,0.0,0.0,0.0,0.25,0.2,0.5,51,SC-SCSA_PLUS-SCSA_PLUS_V3
1.0,1.0,1.0,1.0,1.0,0.6666666666666666,0.5,0.4,0.2,53,SC-SCSA_PLUS-SCSA_PLUS_V3
0.5,0.4571428571428572,0.6574017496914832,0.0,0.5,0.3333333333333333,0.5,0.4,0.4,54,SC-SCSA_PLUS-SCSA_PLUS_V3
1.0,1.0,1.0,1.0,1.0,1.0,1.0,1.0,1.0,55,SC-SCSA_PLUS-SCSA_PLUS_V3
1.0,1.0,1.0,1.0,1.0,1.0,1.0,1.0,1.0,57,SC-SCSA_PLUS-SCSA_PLUS_V3
1.0,1.0,1.0,1.0,1.0,1.0,1.0,1.0,1.0,58,SC-SCSA_PLUS-SCSA_PLUS_V3
1.0,1.0,1.0,1.0,1.0,1.0,1.0,1.0,1.0,59,SC-SCSA_PLUS-SCSA_PLUS_V3
1.0,1.0,1.0,1.0,1.0,1.0,1.0,1.0,1.0,60,SC-SCSA_PLUS-SCSA_PLUS_V3
1.0,0.9765432098765433,0.9937947856332163,1.0,1.0,1.0,1.0,1.0,0.9,61,SC-SCSA_PLUS-SCSA_PLUS_V3
0.1111111111111111,0.1111111111111111,0.3010299956639812,0.0,0.0,0.0,0.0,0.0,0.1,62,SC-SCSA_PLUS-SCSA_PLUS_V3
1.0,1.0,1.0,1.0,1.0,1.0,1.0,1.0,1.0,63,SC-SCSA_PLUS-SCSA_PLUS_V3
0.5,0.7856701940035273,0.8328978515038055,0.0,0.5,0.6666666666666666,0.75,0.8,0.9,66,SC-SCSA_PLUS-SCSA_PLUS_V3
0.5,0.5222222222222221,0.7045143510250984,0.0,0.5,0.6666666666666666,0.5,0.4,0.5,67,SC-SCSA_PLUS-SCSA_PLUS_V3
0.3333333333333333,0.6427579365079366,0.73672839926874,0.0,0.0,0.3333333333333333,0.5,0.6,0.8,68,SC-SCSA_PLUS-SCSA_PLUS_V3
0.25,0.4556878306878307,0.6222783806289391,0.0,0.0,0.0,0.25,0.4,0.6,70,SC-SCSA_PLUS-SCSA_PLUS_V3
1.0,1.0,1.0,1.0,1.0,1.0,1.0,1.0,1.0,71,SC-SCSA_PLUS-SCSA_PLUS_V3
1.0,0.9765432098765433,0.9937947856332163,1.0,1.0,1.0,1.0,1.0,0.9,72,SC-SCSA_PLUS-SCSA_PLUS_V3
0.25,0.3673611111111111,0.5598144536257148,0.0,0.0,0.0,0.25,0.4,0.4,73,SC-SCSA_PLUS-SCSA_PLUS_V3
0.5,0.44999999999999996,0.6492233278282461,0.0,0.5,0.3333333333333333,0.25,0.4,0.4,74,SC-SCSA_PLUS-SCSA_PLUS_V3
1.0,1.0,1.0,1.0,1.0,1.0,1.0,1.0,1.0,76,SC-SCSA_PLUS-SCSA_PLUS_V3
1.0,1.0,1.0,1.0,1.0,1.0,1.0,1.0,1.0,77,SC-SCSA_PLUS-SCSA_PLUS_V3
,0.0,0.0,0.0,0.0,0.0,0.0,0.0,0.0,78,SC-SCSA_PLUS-SCSA_PLUS_V3
1.0,0.9888888888888889,0.9971876401972103,1.0,1.0,1.0,1.0,1.0,0.9,79,SC-SCSA_PLUS-SCSA_PLUS_V3
1.0,1.0,1.0,1.0,1.0,1.0,1.0,1.0,1.0,81,SC-SCSA_PLUS-SCSA_PLUS_V3
0.2,0.3047619047619048,0.5115075476638682,0.0,0.0,0.0,0.0,0.2,0.4,1,SCSA-STATE_ART-SCSA_PLUS_V3
1.0,0.8644345238095238,0.9466454870600814,1.0,1.0,0.6666666666666666,0.75,0.8,0.8,2,SCSA-STATE_ART-SCSA_PLUS_V3
0.25,0.26785714285714285,0.46845052016107697,0.0,0.0,0.0,0.25,0.2,0.2,3,SCSA-STATE_ART-SCSA_PLUS_V3
0.3333333333333333,0.5160714285714285,0.6635732618910778,0.0,0.0,0.3333333333333333,0.25,0.4,0.6,4,SCSA-STATE_ART-SCSA_PLUS_V3
0.14285714285714285,0.18253968253968253,0.3889580943680543,0.0,0.0,0.0,0.0,0.0,0.2,5,SCSA-STATE_ART-SCSA_PLUS_V3
0.3333333333333333,0.29166666666666663,0.5,0.0,0.0,0.3333333333333333,0.25,0.2,0.2,6,SCSA-STATE_ART-SCSA_PLUS_V3
0.2,0.24074074074074073,0.45846073882962946,0.0,0.0,0.0,0.0,0.2,0.3,7,SCSA-STATE_ART-SCSA_PLUS_V3
1.0,0.7972222222222223,0.9053568677805113,1.0,0.5,0.6666666666666666,0.75,0.8,0.8,8,SCSA-STATE_ART-SCSA_PLUS_V3
0.25,0.5304421768707482,0.6631747728725315,0.0,0.0,0.0,0.25,0.4,0.7,9,SCSA-STATE_ART-SCSA_PLUS_V3
0.3333333333333333,0.4695767195767196,0.6432558214679751,0.0,0.0,0.3333333333333333,0.25,0.4,0.6,10,SCSA-STATE_ART-SCSA_PLUS_V3
0.5,0.6208333333333332,0.7536266569037414,0.0,0.5,0.6666666666666666,0.5,0.6,0.6,11,SCSA-STATE_ART-SCSA_PLUS_V3
0.25,0.4910714285714286,0.6389751319299919,0.0,0.0,0.0,0.25,0.4,0.6,12,SCSA-STATE_ART-SCSA_PLUS_V3
1.0,0.5166666666666666,0.7597974756082397,1.0,0.5,0.3333333333333333,0.25,0.2,0.4,13,SCSA-STATE_ART-SCSA_PLUS_V3
1.0,0.7958333333333333,0.9238417859169579,1.0,1.0,0.6666666666666666,0.75,0.8,0.6,15,SCSA-STATE_ART-SCSA_PLUS_V3
0.2,0.2,0.38685280723454163,0.0,0.0,0.0,0.0,0.2,0.1,16,SCSA-STATE_ART-SCSA_PLUS_V3
0.16666666666666666,0.16666666666666666,0.3562071871080222,0.0,0.0,0.0,0.0,0.0,0.1,17,SCSA-STATE_ART-SCSA_PLUS_V3
0.125,0.125,0.31546487678572877,0.0,0.0,0.0,0.0,0.0,0.1,18,SCSA-STATE_ART-SCSA_PLUS_V3
1.0,0.9626543209876544,0.9895948844467957,1.0,1.0,1.0,1.0,1.0,0.9,19,SCSA-STATE_ART-SCSA_PLUS_V3
0.125,0.1625,0.3706656904013186,0.0,0.0,0.0,0.0,0.0,0.2,20,SCSA-STATE_ART-SCSA_PLUS_V3
0.14285714285714285,0.14285714285714285,0.3333333333333333,0.0,0.0,0.0,0.0,0.0,0.1,21,SCSA-STATE_ART-SCSA_PLUS_V3
1.0,0.5806878306878306,0.7945570282173817,1.0,0.5,0.3333333333333333,0.25,0.4,0.6,22,SCSA-STATE_ART-SCSA_PLUS_V3
,0.0,0.0,0.0,0.0,0.0,0.0,0.0,0.0,23,SCSA-STATE_ART-SCSA_PLUS_V3
1.0,0.7342857142857143,0.8954442351097145,1.0,1.0,0.6666666666666666,0.5,0.6,0.5,24,SCSA-STATE_ART-SCSA_PLUS_V3
1.0,0.8412257495590829,0.9196461703481418,1.0,0.5,0.6666666666666666,0.75,0.8,0.9,25,SCSA-STATE_ART-SCSA_PLUS_V3
1.0,0.6555555555555556,0.8395700624665824,1.0,0.5,0.6666666666666666,0.5,0.4,0.3,26,SCSA-STATE_ART-SCSA_PLUS_V3
1.0,1.0,1.0,1.0,1.0,1.0,1.0,1.0,1.0,27,SCSA-STATE_ART-SCSA_PLUS_V3
0.1,0.1,0.2890648263178879,0.0,0.0,0.0,0.0,0.0,0.1,28,SCSA-STATE_ART-SCSA_PLUS_V3
1.0,0.6370370370370371,0.8357173251870647,1.0,0.5,0.6666666666666666,0.5,0.4,0.6,29,SCSA-STATE_ART-SCSA_PLUS_V3
1.0,0.8956845238095238,0.9641803458261542,1.0,1.0,1.0,0.75,0.8,0.8,30,SCSA-STATE_ART-SCSA_PLUS_V3
0.2,0.25,0.4652347214527331,0.0,0.0,0.0,0.0,0.2,0.3,31,SCSA-STATE_ART-SCSA_PLUS_V3
0.25,0.2361111111111111,0.448643819352159,0.0,0.0,0.0,0.25,0.2,0.2,32,SCSA-STATE_ART-SCSA_PLUS_V3
1.0,0.7968253968253968,0.9044067485064367,1.0,0.5,0.6666666666666666,0.75,0.8,0.7,33,SCSA-STATE_ART-SCSA_PLUS_V3
0.5,0.5533333333333333,0.710110280620427,0.0,0.5,0.3333333333333333,0.5,0.6,0.5,34,SCSA-STATE_ART-SCSA_PLUS_V3
,0.0,0.0,0.0,0.0,0.0,0.0,0.0,0.0,35,SCSA-STATE_ART-SCSA_PLUS_V3
0.5,0.7253968253968255,0.8029580725803853,0.0,0.5,0.6666666666666666,0.75,0.8,0.7,36,SCSA-STATE_ART-SCSA_PLUS_V3
0.3333333333333333,0.43333333333333335,0.6084170171049966,0.0,0.0,0.3333333333333333,0.25,0.4,0.4,37,SCSA-STATE_ART-SCSA_PLUS_V3
1.0,1.0,1.0,1.0,1.0,1.0,1.0,1.0,0.9,38,SCSA-STATE_ART-SCSA_PLUS_V3
1.0,1.0,1.0,1.0,1.0,1.0,1.0,1.0,1.0,39,SCSA-STATE_ART-SCSA_PLUS_V3
1.0,0.6428571428571428,0.8276904491046954,1.0,0.5,0.3333333333333333,0.5,0.4,0.4,40,SCSA-STATE_ART-SCSA_PLUS_V3
0.125,0.125,0.31546487678572877,0.0,0.0,0.0,0.0,0.0,0.1,41,SCSA-STATE_ART-SCSA_PLUS_V3
0.25,0.3291666666666666,0.5375449618872555,0.0,0.0,0.0,0.25,0.2,0.4,42,SCSA-STATE_ART-SCSA_PLUS_V3
0.5,0.373015873015873,0.5937751258332797,0.0,0.5,0.3333333333333333,0.25,0.2,0.3,43,SCSA-STATE_ART-SCSA_PLUS_V3
0.5,0.740702947845805,0.8078696883910291,0.0,0.5,0.6666666666666666,0.75,0.8,0.7,44,SCSA-STATE_ART-SCSA_PLUS_V3
0.3333333333333333,0.4981481481481482,0.6634386775986221,0.0,0.0,0.3333333333333333,0.5,0.4,0.6,45,SCSA-STATE_ART-SCSA_PLUS_V3
0.25,0.45539682539682536,0.6132355269353261,0.0,0.0,0.0,0.25,0.4,0.5,46,SCSA-STATE_ART-SCSA_PLUS_V3
1.0,0.9282627865961199,0.9770153702993121,1.0,1.0,1.0,1.0,0.8,0.9,47,SCSA-STATE_ART-SCSA_PLUS_V3
0.3333333333333333,0.5972789115646258,0.7138991108355571,0.0,0.0,0.3333333333333333,0.5,0.6,0.7,48,SCSA-STATE_ART-SCSA_PLUS_V3
0.2,0.3923809523809524,0.5701022001683288,0.0,0.0,0.0,0.0,0.2,0.5,49,SCSA-STATE_ART-SCSA_PLUS_V3
1.0,0.9467813051146384,0.9842184869190973,1.0,1.0,1.0,1.0,1.0,0.9,50,SCSA-STATE_ART-SCSA_PLUS_V3
1.0,0.7000000000000001,0.8529278650606567,1.0,0.5,0.3333333333333333,0.5,0.6,0.3,51,SCSA-STATE_ART-SCSA_PLUS_V3
,0.0,0.0,0.0,0.0,0.0,0.0,0.0,0.0,53,SCSA-STATE_ART-SCSA_PLUS_V3
1.0,0.7182539682539681,0.8843252268199594,1.0,1.0,0.6666666666666666,0.5,0.4,0.4,54,SCSA-STATE_ART-SCSA_PLUS_V3
1.0,1.0,1.0,1.0,1.0,1.0,1.0,1.0,1.0,55,SCSA-STATE_ART-SCSA_PLUS_V3
1.0,1.0,1.0,1.0,1.0,1.0,1.0,1.0,1.0,57,SCSA-STATE_ART-SCSA_PLUS_V3
1.0,1.0,1.0,1.0,1.0,1.0,1.0,1.0,1.0,58,SCSA-STATE_ART-SCSA_PLUS_V3
1.0,1.0,1.0,1.0,1.0,1.0,1.0,1.0,1.0,60,SCSA-STATE_ART-SCSA_PLUS_V3
0.5,0.35,0.5640920940185894,0.0,0.5,0.3333333333333333,0.25,0.2,0.2,61,SCSA-STATE_ART-SCSA_PLUS_V3
,0.0,0.0,0.0,0.0,0.0,0.0,0.0,0.0,62,SCSA-STATE_ART-SCSA_PLUS_V3
1.0,0.5806878306878306,0.7945570282173817,1.0,0.5,0.3333333333333333,0.25,0.4,0.6,63,SCSA-STATE_ART-SCSA_PLUS_V3
1.0,0.6771825396825396,0.8547658317433304,1.0,0.5,0.6666666666666666,0.5,0.6,0.6,66,SCSA-STATE_ART-SCSA_PLUS_V3
1.0,1.0,1.0,1.0,1.0,1.0,1.0,1.0,0.9,68,SCSA-STATE_ART-SCSA_PLUS_V3
0.16666666666666666,0.23888888888888885,0.4508533838815827,0.0,0.0,0.0,0.0,0.0,0.3,70,SCSA-STATE_ART-SCSA_PLUS_V3
1.0,1.0,1.0,1.0,1.0,1.0,1.0,1.0,1.0,71,SCSA-STATE_ART-SCSA_PLUS_V3
1.0,1.0,1.0,1.0,1.0,1.0,1.0,1.0,1.0,72,SCSA-STATE_ART-SCSA_PLUS_V3
1.0,0.8095238095238094,0.9217868789962071,1.0,1.0,0.6666666666666666,0.5,0.4,0.3,73,SCSA-STATE_ART-SCSA_PLUS_V3
0.5,0.7856701940035273,0.8328978515038055,0.0,0.5,0.6666666666666666,0.75,0.8,0.9,74,SCSA-STATE_ART-SCSA_PLUS_V3
0.5,0.43214285714285716,0.640293831648171,0.0,0.5,0.3333333333333333,0.25,0.4,0.4,76,SCSA-STATE_ART-SCSA_PLUS_V3
1.0,1.0,1.0,1.0,1.0,1.0,1.0,1.0,0.9,77,SCSA-STATE_ART-SCSA_PLUS_V3
1.0,0.6111111111111112,0.7977228895450266,1.0,0.5,0.3333333333333333,0.25,0.2,0.2,78,SCSA-STATE_ART-SCSA_PLUS_V3
1.0,0.9765432098765433,0.9937947856332163,1.0,1.0,1.0,1.0,1.0,0.9,79,SCSA-STATE_ART-SCSA_PLUS_V3
1.0,1.0,1.0,1.0,1.0,1.0,1.0,1.0,1.0,81,SCSA-STATE_ART-SCSA_PLUS_V3
0.2,0.3047619047619048,0.5115075476638682,0.0,0.0,0.0,0.0,0.2,0.4,1,SCSA-SCSA_PLUS-SCSA_PLUS_V3
1.0,0.8644345238095238,0.9466454870600814,1.0,1.0,0.6666666666666666,0.75,0.8,0.8,2,SCSA-SCSA_PLUS-SCSA_PLUS_V3
0.25,0.26785714285714285,0.46845052016107697,0.0,0.0,0.0,0.25,0.2,0.2,3,SCSA-SCSA_PLUS-SCSA_PLUS_V3
0.3333333333333333,0.5160714285714285,0.6635732618910778,0.0,0.0,0.3333333333333333,0.25,0.4,0.6,4,SCSA-SCSA_PLUS-SCSA_PLUS_V3
0.14285714285714285,0.18253968253968253,0.3889580943680543,0.0,0.0,0.0,0.0,0.0,0.2,5,SCSA-SCSA_PLUS-SCSA_PLUS_V3
0.3333333333333333,0.29166666666666663,0.5,0.0,0.0,0.3333333333333333,0.25,0.2,0.2,6,SCSA-SCSA_PLUS-SCSA_PLUS_V3
0.2,0.24074074074074073,0.45846073882962946,0.0,0.0,0.0,0.0,0.2,0.3,7,SCSA-SCSA_PLUS-SCSA_PLUS_V3
1.0,0.7972222222222223,0.9053568677805113,1.0,0.5,0.6666666666666666,0.75,0.8,0.8,8,SCSA-SCSA_PLUS-SCSA_PLUS_V3
0.25,0.5304421768707482,0.6631747728725315,0.0,0.0,0.0,0.25,0.4,0.7,9,SCSA-SCSA_PLUS-SCSA_PLUS_V3
0.3333333333333333,0.4695767195767196,0.6432558214679751,0.0,0.0,0.3333333333333333,0.25,0.4,0.6,10,SCSA-SCSA_PLUS-SCSA_PLUS_V3
1.0,0.719047619047619,0.870715242300424,1.0,0.5,0.6666666666666666,0.5,0.6,0.6,11,SCSA-SCSA_PLUS-SCSA_PLUS_V3
0.25,0.4910714285714286,0.6389751319299919,0.0,0.0,0.0,0.25,0.4,0.6,12,SCSA-SCSA_PLUS-SCSA_PLUS_V3
1.0,0.5166666666666666,0.7597974756082397,1.0,0.5,0.3333333333333333,0.25,0.2,0.4,13,SCSA-SCSA_PLUS-SCSA_PLUS_V3
1.0,0.7958333333333333,0.9238417859169579,1.0,1.0,0.6666666666666666,0.75,0.8,0.6,15,SCSA-SCSA_PLUS-SCSA_PLUS_V3
0.2,0.2,0.38685280723454163,0.0,0.0,0.0,0.0,0.2,0.1,16,SCSA-SCSA_PLUS-SCSA_PLUS_V3
0.16666666666666666,0.16666666666666666,0.3562071871080222,0.0,0.0,0.0,0.0,0.0,0.1,17,SCSA-SCSA_PLUS-SCSA_PLUS_V3
0.125,0.125,0.31546487678572877,0.0,0.0,0.0,0.0,0.0,0.1,18,SCSA-SCSA_PLUS-SCSA_PLUS_V3
1.0,0.9626543209876544,0.9895948844467957,1.0,1.0,1.0,1.0,1.0,0.9,19,SCSA-SCSA_PLUS-SCSA_PLUS_V3
0.125,0.1625,0.3706656904013186,0.0,0.0,0.0,0.0,0.0,0.2,20,SCSA-SCSA_PLUS-SCSA_PLUS_V3
0.14285714285714285,0.14285714285714285,0.3333333333333333,0.0,0.0,0.0,0.0,0.0,0.1,21,SCSA-SCSA_PLUS-SCSA_PLUS_V3
1.0,0.5806878306878306,0.7945570282173817,1.0,0.5,0.3333333333333333,0.25,0.4,0.6,22,SCSA-SCSA_PLUS-SCSA_PLUS_V3
,0.0,0.0,0.0,0.0,0.0,0.0,0.0,0.0,23,SCSA-SCSA_PLUS-SCSA_PLUS_V3
1.0,0.7342857142857143,0.8954442351097145,1.0,1.0,0.6666666666666666,0.5,0.6,0.5,24,SCSA-SCSA_PLUS-SCSA_PLUS_V3
1.0,0.8412257495590829,0.9196461703481418,1.0,0.5,0.6666666666666666,0.75,0.8,0.9,25,SCSA-SCSA_PLUS-SCSA_PLUS_V3
1.0,0.6555555555555556,0.8395700624665824,1.0,0.5,0.6666666666666666,0.5,0.4,0.3,26,SCSA-SCSA_PLUS-SCSA_PLUS_V3
1.0,1.0,1.0,1.0,1.0,1.0,1.0,1.0,1.0,27,SCSA-SCSA_PLUS-SCSA_PLUS_V3
0.1,0.1,0.2890648263178879,0.0,0.0,0.0,0.0,0.0,0.1,28,SCSA-SCSA_PLUS-SCSA_PLUS_V3
1.0,0.6370370370370371,0.8357173251870647,1.0,0.5,0.6666666666666666,0.5,0.4,0.6,29,SCSA-SCSA_PLUS-SCSA_PLUS_V3
1.0,0.8956845238095238,0.9641803458261542,1.0,1.0,1.0,0.75,0.8,0.8,30,SCSA-SCSA_PLUS-SCSA_PLUS_V3
0.2,0.25,0.4652347214527331,0.0,0.0,0.0,0.0,0.2,0.3,31,SCSA-SCSA_PLUS-SCSA_PLUS_V3
0.25,0.2361111111111111,0.448643819352159,0.0,0.0,0.0,0.25,0.2,0.2,32,SCSA-SCSA_PLUS-SCSA_PLUS_V3
1.0,0.7968253968253968,0.9044067485064367,1.0,0.5,0.6666666666666666,0.75,0.8,0.7,33,SCSA-SCSA_PLUS-SCSA_PLUS_V3
0.5,0.5533333333333333,0.710110280620427,0.0,0.5,0.3333333333333333,0.5,0.6,0.5,34,SCSA-SCSA_PLUS-SCSA_PLUS_V3
,0.0,0.0,0.0,0.0,0.0,0.0,0.0,0.0,35,SCSA-SCSA_PLUS-SCSA_PLUS_V3
1.0,0.9704861111111112,0.9918291064614978,1.0,1.0,1.0,1.0,1.0,0.8,36,SCSA-SCSA_PLUS-SCSA_PLUS_V3
0.3333333333333333,0.43333333333333335,0.6084170171049966,0.0,0.0,0.3333333333333333,0.25,0.4,0.4,37,SCSA-SCSA_PLUS-SCSA_PLUS_V3
1.0,1.0,1.0,1.0,1.0,1.0,1.0,1.0,0.9,38,SCSA-SCSA_PLUS-SCSA_PLUS_V3
1.0,1.0,1.0,1.0,1.0,1.0,1.0,1.0,1.0,39,SCSA-SCSA_PLUS-SCSA_PLUS_V3
1.0,0.6428571428571428,0.8276904491046954,1.0,0.5,0.3333333333333333,0.5,0.4,0.4,40,SCSA-SCSA_PLUS-SCSA_PLUS_V3
0.14285714285714285,0.14285714285714285,0.3333333333333333,0.0,0.0,0.0,0.0,0.0,0.1,41,SCSA-SCSA_PLUS-SCSA_PLUS_V3
0.25,0.3291666666666666,0.5375449618872555,0.0,0.0,0.0,0.25,0.2,0.4,42,SCSA-SCSA_PLUS-SCSA_PLUS_V3
0.5,0.373015873015873,0.5937751258332797,0.0,0.5,0.3333333333333333,0.25,0.2,0.3,43,SCSA-SCSA_PLUS-SCSA_PLUS_V3
0.5,0.740702947845805,0.8078696883910291,0.0,0.5,0.6666666666666666,0.75,0.8,0.7,44,SCSA-SCSA_PLUS-SCSA_PLUS_V3
0.3333333333333333,0.4981481481481482,0.6634386775986221,0.0,0.0,0.3333333333333333,0.5,0.4,0.6,45,SCSA-SCSA_PLUS-SCSA_PLUS_V3
0.25,0.45539682539682536,0.6132355269353261,0.0,0.0,0.0,0.25,0.4,0.5,46,SCSA-SCSA_PLUS-SCSA_PLUS_V3
1.0,0.9282627865961199,0.9770153702993121,1.0,1.0,1.0,1.0,0.8,0.9,47,SCSA-SCSA_PLUS-SCSA_PLUS_V3
0.3333333333333333,0.5972789115646258,0.7138991108355571,0.0,0.0,0.3333333333333333,0.5,0.6,0.7,48,SCSA-SCSA_PLUS-SCSA_PLUS_V3
0.2,0.3923809523809524,0.5701022001683288,0.0,0.0,0.0,0.0,0.2,0.5,49,SCSA-SCSA_PLUS-SCSA_PLUS_V3
1.0,0.9467813051146384,0.9842184869190973,1.0,1.0,1.0,1.0,1.0,0.9,50,SCSA-SCSA_PLUS-SCSA_PLUS_V3
1.0,0.7000000000000001,0.8529278650606567,1.0,0.5,0.3333333333333333,0.5,0.6,0.3,51,SCSA-SCSA_PLUS-SCSA_PLUS_V3
,0.0,0.0,0.0,0.0,0.0,0.0,0.0,0.0,53,SCSA-SCSA_PLUS-SCSA_PLUS_V3
1.0,0.7182539682539681,0.8843252268199594,1.0,1.0,0.6666666666666666,0.5,0.4,0.4,54,SCSA-SCSA_PLUS-SCSA_PLUS_V3
1.0,1.0,1.0,1.0,1.0,1.0,1.0,1.0,1.0,55,SCSA-SCSA_PLUS-SCSA_PLUS_V3
1.0,1.0,1.0,1.0,1.0,1.0,1.0,1.0,1.0,57,SCSA-SCSA_PLUS-SCSA_PLUS_V3
1.0,1.0,1.0,1.0,1.0,1.0,1.0,1.0,1.0,58,SCSA-SCSA_PLUS-SCSA_PLUS_V3
1.0,1.0,1.0,1.0,1.0,1.0,1.0,1.0,1.0,60,SCSA-SCSA_PLUS-SCSA_PLUS_V3
0.5,0.35,0.5640920940185894,0.0,0.5,0.3333333333333333,0.25,0.2,0.2,61,SCSA-SCSA_PLUS-SCSA_PLUS_V3
,0.0,0.0,0.0,0.0,0.0,0.0,0.0,0.0,62,SCSA-SCSA_PLUS-SCSA_PLUS_V3
1.0,0.5806878306878306,0.7945570282173817,1.0,0.5,0.3333333333333333,0.25,0.4,0.6,63,SCSA-SCSA_PLUS-SCSA_PLUS_V3
1.0,0.6771825396825396,0.8547658317433304,1.0,0.5,0.6666666666666666,0.5,0.6,0.6,66,SCSA-SCSA_PLUS-SCSA_PLUS_V3
1.0,1.0,1.0,1.0,1.0,1.0,1.0,1.0,0.9,68,SCSA-SCSA_PLUS-SCSA_PLUS_V3
0.16666666666666666,0.23888888888888885,0.4508533838815827,0.0,0.0,0.0,0.0,0.0,0.3,70,SCSA-SCSA_PLUS-SCSA_PLUS_V3
1.0,1.0,1.0,1.0,1.0,1.0,1.0,1.0,1.0,71,SCSA-SCSA_PLUS-SCSA_PLUS_V3
1.0,1.0,1.0,1.0,1.0,1.0,1.0,1.0,1.0,72,SCSA-SCSA_PLUS-SCSA_PLUS_V3
1.0,0.8095238095238094,0.9217868789962071,1.0,1.0,0.6666666666666666,0.5,0.4,0.3,73,SCSA-SCSA_PLUS-SCSA_PLUS_V3
0.5,0.7856701940035273,0.8328978515038055,0.0,0.5,0.6666666666666666,0.75,0.8,0.9,74,SCSA-SCSA_PLUS-SCSA_PLUS_V3
0.5,0.43214285714285716,0.640293831648171,0.0,0.5,0.3333333333333333,0.25,0.4,0.4,76,SCSA-SCSA_PLUS-SCSA_PLUS_V3
1.0,1.0,1.0,1.0,1.0,1.0,1.0,1.0,0.9,77,SCSA-SCSA_PLUS-SCSA_PLUS_V3
1.0,0.6111111111111112,0.7977228895450266,1.0,0.5,0.3333333333333333,0.25,0.2,0.2,78,SCSA-SCSA_PLUS-SCSA_PLUS_V3
1.0,0.9765432098765433,0.9937947856332163,1.0,1.0,1.0,1.0,1.0,0.9,79,SCSA-SCSA_PLUS-SCSA_PLUS_V3
1.0,1.0,1.0,1.0,1.0,1.0,1.0,1.0,1.0,81,SCSA-SCSA_PLUS-SCSA_PLUS_V3
1.0,0.9093537414965985,0.9683310355387569,1.0,1.0,1.0,0.75,0.8,0.7,1,SCSA_PLUS
1.0,0.7968253968253968,0.9044067485064367,1.0,0.5,0.6666666666666666,0.75,0.8,0.7,2,SCSA_PLUS
0.3333333333333333,0.30634920634920637,0.5267175784514114,0.0,0.0,0.3333333333333333,0.25,0.2,0.3,3,SCSA_PLUS
1.0,0.8392857142857142,0.9427731067700876,1.0,1.0,1.0,0.75,0.6,0.5,4,SCSA_PLUS
0.125,0.1625,0.3706656904013186,0.0,0.0,0.0,0.0,0.0,0.2,5,SCSA_PLUS
0.2,0.273015873015873,0.4792350074047671,0.0,0.0,0.0,0.0,0.2,0.3,6,SCSA_PLUS
0.5,0.6083333333333333,0.7315682114753617,0.0,0.5,0.6666666666666666,0.5,0.6,0.4,7,SCSA_PLUS
1.0,1.0,1.0,1.0,1.0,1.0,1.0,1.0,1.0,8,SCSA_PLUS
0.2,0.29583333333333334,0.5045320587035326,0.0,0.0,0.0,0.0,0.2,0.4,9,SCSA_PLUS
0.5,0.7856701940035273,0.8328978515038055,0.0,0.5,0.6666666666666666,0.75,0.8,0.9,10,SCSA_PLUS
0.25,0.41349206349206347,0.5890235817902482,0.0,0.0,0.0,0.25,0.2,0.5,11,SCSA_PLUS
1.0,0.9415178571428572,0.9830168297915421,1.0,1.0,1.0,1.0,1.0,0.8,12,SCSA_PLUS
1.0,0.7041666666666666,0.8665427526082052,1.0,0.5,0.6666666666666666,0.75,0.6,0.4,13,SCSA_PLUS
0.2,0.3047619047619048,0.5115075476638682,0.0,0.0,0.0,0.0,0.2,0.4,15,SCSA_PLUS
0.25,0.43,0.6031171482531632,0.0,0.0,0.0,0.25,0.4,0.5,16,SCSA_PLUS
1.0,0.49583333333333335,0.7438924904678291,1.0,0.5,0.3333333333333333,0.25,0.2,0.4,17,SCSA_PLUS
1.0,1.0,1.0,1.0,0.5,0.3333333333333333,0.25,0.2,0.1,18,SCSA_PLUS
0.2,0.2,0.41443699955334395,0.0,0.0,0.0,0.0,0.2,0.2,19,SCSA_PLUS
1.0,0.8333333333333333,0.9197207891481876,1.0,0.5,0.6666666666666666,0.5,0.4,0.2,20,SCSA_PLUS
0.3333333333333333,0.36507936507936506,0.558226059985166,0.0,0.0,0.3333333333333333,0.25,0.2,0.3,21,SCSA_PLUS
1.0,0.9159722222222222,0.9748459362530401,1.0,1.0,1.0,1.0,1.0,0.8,22,SCSA_PLUS
,0.0,0.0,0.0,0.0,0.0,0.0,0.0,0.0,23,SCSA_PLUS
1.0,0.7377551020408164,0.8824387627196182,1.0,0.5,0.6666666666666666,0.75,0.6,0.7,24,SCSA_PLUS
1.0,1.0,1.0,1.0,1.0,1.0,1.0,1.0,1.0,25,SCSA_PLUS
0.2,0.24285714285714285,0.4415801103577823,0.0,0.0,0.0,0.0,0.2,0.2,26,SCSA_PLUS
0.5,0.6635912698412698,0.7698461250098078,0.0,0.5,0.3333333333333333,0.5,0.6,0.8,27,SCSA_PLUS
0.125,0.125,0.31546487678572877,0.0,0.0,0.0,0.0,0.0,0.1,28,SCSA_PLUS
0.3333333333333333,0.4015873015873016,0.5938524313109838,0.0,0.0,0.3333333333333333,0.25,0.4,0.4,29,SCSA_PLUS
1.0,0.5973544973544974,0.8078182009897891,1.0,0.5,0.3333333333333333,0.5,0.4,0.6,30,SCSA_PLUS
0.5,0.5238095238095237,0.6947702914378464,0.0,0.5,0.6666666666666666,0.5,0.4,0.4,31,SCSA_PLUS
1.0,0.5916666666666667,0.7988614740430418,1.0,0.5,0.3333333333333333,0.25,0.4,0.3,32,SCSA_PLUS
1.0,0.625925925925926,0.8240133229614812,1.0,0.5,0.3333333333333333,0.5,0.6,0.6,33,SCSA_PLUS
1.0,0.5535714285714285,0.7737459235132745,1.0,0.5,0.3333333333333333,0.25,0.2,0.3,34,SCSA_PLUS
0.1,0.1,0.2890648263178879,0.0,0.0,0.0,0.0,0.0,0.1,35,SCSA_PLUS
1.0,0.8956845238095238,0.9641803458261542,1.0,1.0,1.0,0.75,0.8,0.8,36,SCSA_PLUS
0.5,0.6441043083900226,0.7571453504280035,0.0,0.5,0.3333333333333333,0.5,0.6,0.7,37,SCSA_PLUS
1.0,0.908531746031746,0.971614045963685,1.0,1.0,1.0,1.0,0.8,0.8,38,SCSA_PLUS
0.25,0.4023809523809524,0.5849654724986935,0.0,0.0,0.0,0.25,0.2,0.5,39,SCSA_PLUS
1.0,0.9583333333333334,0.9876712785649565,1.0,1.0,1.0,1.0,1.0,0.6,40,SCSA_PLUS
0.25,0.25,0.43067655807339306,0.0,0.0,0.0,0.25,0.2,0.1,41,SCSA_PLUS
1.0,0.6160714285714286,0.8112537795184348,1.0,0.5,0.3333333333333333,0.25,0.4,0.6,42,SCSA_PLUS
0.25,0.31726190476190474,0.5286154657071804,0.0,0.0,0.0,0.25,0.2,0.4,43,SCSA_PLUS
0.5,0.5333333333333333,0.7094100882694506,0.0,0.5,0.6666666666666666,0.5,0.4,0.5,44,SCSA_PLUS
0.3333333333333333,0.5267195767195767,0.6781191542888785,0.0,0.0,0.3333333333333333,0.5,0.6,0.6,45,SCSA_PLUS
0.5,0.6218253968253968,0.7424242840075184,0.0,0.5,0.3333333333333333,0.5,0.6,0.6,46,SCSA_PLUS
1.0,1.0,1.0,1.0,1.0,1.0,1.0,1.0,0.9,47,SCSA_PLUS
1.0,0.7377551020408164,0.8824387627196182,1.0,0.5,0.6666666666666666,0.75,0.6,0.7,48,SCSA_PLUS
1.0,0.6518707482993197,0.8317144247565925,1.0,0.5,0.3333333333333333,0.5,0.4,0.7,49,SCSA_PLUS
1.0,0.8260204081632653,0.9132861715058803,1.0,0.5,0.6666666666666666,0.75,0.8,0.7,50,SCSA_PLUS
1.0,0.975,0.9933222998814618,1.0,1.0,1.0,1.0,1.0,0.8,51,SCSA_PLUS
,0.0,0.0,0.0,0.0,0.0,0.0,0.0,0.0,53,SCSA_PLUS
1.0,0.75,0.9005471983095722,1.0,1.0,0.6666666666666666,0.5,0.6,0.4,54,SCSA_PLUS
1.0,1.0,1.0,1.0,1.0,1.0,1.0,1.0,0.9,55,SCSA_PLUS
0.5,0.5882936507936508,0.7374315349320489,0.0,0.5,0.6666666666666666,0.5,0.4,0.6,57,SCSA_PLUS
1.0,0.9765432098765433,0.9937947856332163,1.0,1.0,1.0,1.0,1.0,0.9,58,SCSA_PLUS
1.0,1.0,1.0,1.0,1.0,1.0,1.0,1.0,1.0,59,SCSA_PLUS
1.0,1.0,1.0,1.0,1.0,1.0,1.0,1.0,1.0,60,SCSA_PLUS
0.5,0.5977777777777777,0.7376801427060833,0.0,0.5,0.6666666666666666,0.5,0.6,0.5,61,SCSA_PLUS
,0.0,0.0,0.0,0.0,0.0,0.0,0.0,0.0,62,SCSA_PLUS
0.5,0.5,0.6858983354753491,0.0,0.5,0.3333333333333333,0.5,0.4,0.5,63,SCSA_PLUS
1.0,1.0,1.0,1.0,1.0,1.0,1.0,1.0,0.8,66,SCSA_PLUS
1.0,0.9111111111111111,0.9708923176105698,1.0,1.0,1.0,1.0,0.8,0.5,67,SCSA_PLUS
1.0,1.0,1.0,1.0,1.0,1.0,1.0,1.0,1.0,68,SCSA_PLUS
1.0,1.0,1.0,1.0,1.0,1.0,1.0,1.0,1.0,70,SCSA_PLUS
1.0,0.8976190476190476,0.9682087825918936,1.0,1.0,1.0,1.0,0.8,0.7,71,SCSA_PLUS
1.0,0.9060405643738976,0.9667147927059907,1.0,1.0,1.0,0.75,0.8,0.9,72,SCSA_PLUS
0.3333333333333333,0.3333333333333333,0.5,0.0,0.0,0.3333333333333333,0.25,0.2,0.1,73,SCSA_PLUS
0.3333333333333333,0.4444444444444444,0.6039071644781281,0.0,0.0,0.3333333333333333,0.5,0.4,0.3,74,SCSA_PLUS
0.2,0.31666666666666665,0.5204370438439433,0.0,0.0,0.0,0.0,0.2,0.4,76,SCSA_PLUS
0.5,0.6185374149659862,0.7577448780125856,0.0,0.5,0.6666666666666666,0.5,0.6,0.7,77,SCSA_PLUS
1.0,1.0,1.0,1.0,1.0,0.6666666666666666,0.5,0.4,0.2,78,SCSA_PLUS
1.0,0.6771825396825396,0.8547658317433304,1.0,0.5,0.6666666666666666,0.5,0.6,0.6,79,SCSA_PLUS
1.0,1.0,1.0,1.0,1.0,1.0,1.0,1.0,1.0,81,SCSA_PLUS
