user_id,algorithm,news_id,ranking,rating,score
1,B1,1369343506939019269,1,5,0.0
3,B1,1369362392749121542,1,2,0.0
43,B1,1360638198573981696,1,2,0.0
46,B1,1369038985188831234,1,3,0.0
32,B1,1369320575945019399,1,3,0.0
54,B1,1368976123896336389,1,5,0.0
7,B1,1359820217090768896,1,4,0.0
44,B1,1326208392923410432,1,5,0.0
9,B1,1292597118763319296,1,5,0.0
74,B1,1368923387532369922,1,3,0.0
57,B1,1369038985188831234,1,4,0.0
76,B1,1338944728969035776,1,4,0.0
78,B1,1367339191961489408,1,3,0.0
8,B1,1368703131652005888,1,5,0.0
33,B1,1369343506939019269,1,4,0.0
55,B1,956689717608595456,1,5,0.0
51,B1,1326208392923410432,1,5,0.0
53,B1,1367323565008154630,1,1,0.0
11,B1,1360638198573981696,1,1,0.0
73,B1,1363564146948665347,1,3,0.0
11,B1,1269640838205902849,1,3,0.0
27,B1,1329983375621435392,1,1,0.0
26,B1,1322229311718494210,1,2,0.0
11,B1,1366709249137643523,1,5,0.0
42,B1,1369362392749121542,1,1,0.0
45,B1,1338619251050115072,1,2,0.0
28,B1,1323671285285703683,1,2,0.0
72,B1,1369343506939019269,1,2,0.0
31,B1,1360224092427812866,1,4,0.0
10,B1,1368317364287180801,1,5,0.0
30,B1,1292597118763319296,1,3,0.0
29,B1,1358793588382052358,1,4,0.0
36,B1,1292597118763319296,1,5,0.0
23,B1,1321088619814109184,1,5,0.0
13,B1,1285952748484083712,1,1,0.0
24,B1,1359900546635870215,1,5,0.0
15,B1,1365372438578667526,1,2,0.0
16,B1,1367629682439454722,1,1,0.0
70,B1,1369343506939019269,1,5,0.0
61,B1,1358793588382052358,1,2,0.0
17,B1,1354993740562137089,1,1,0.0
18,B1,1363561378552958976,1,2,0.0
20,B1,1367491019277799427,1,1,0.0
66,B1,958350559177736194,1,4,0.0
68,B1,1327659608903733249,1,5,0.0
68,B1,1292597118763319296,1,5,0.0
21,B1,1326208392923410432,1,5,0.0
50,B1,1369343506939019269,1,5,0.0
71,B1,1326208392923410432,1,4,0.0
36,B1,1326208392923410432,1,5,0.0
12,B1,1365155419564351490,1,5,0.0
25,B1,1369587331691208706,1,5,0.0
40,B1,1337411829853802496,1,5,0.0
22,B1,1368614821147598851,1,5,0.0
39,B1,425668533293289472,1,3,0.0
38,B1,1368923387532369922,1,5,0.0
47,B1,1367557867260289032,1,5,0.0
34,B1,1369617111014924289,1,3,0.0
35,B1,1340976808989241344,1,2,0.0
41,B1,1326208392923410432,1,3,0.0
60,B1,1326208392923410432,1,5,0.0
41,B1,1346507839909445632,1,3,0.0
58,B1,1367128088832745476,1,5,0.0
62,B1,1312476369830338561,1,4,0.0
49,B1,1357749874645749765,1,5,0.0
19,B1,1369038985188831234,1,5,0.0
6,B1,1339526482142654466,1,4,0.0
5,B1,1369343506939019269,1,3,0.0
81,B1,1369403796443570180,1,5,0.0
79,B1,1354523590742446080,1,3,0.0
2,B1,1363564146948665347,1,5,0.0
4,B1,1369343506939019269,1,5,0.0
37,B1,1368703131652005888,1,4,0.0
63,B1,1369233187860328448,1,3,0.0
77,B1,1369038985188831234,1,2,0.0
48,B1,1369559064485715968,1,5,0.0
63,B1,1369490617592467456,1,1,0.0
26,B1,1363548342832218116,2,2,0.0
27,B1,1370132866093420544,2,3,0.0
28,B1,1363548342832218116,2,3,0.0
54,B1,1369362392749121542,2,5,0.0
32,B1,1364237278516830212,2,3,0.0
11,B1,1363548342832218116,2,2,0.0
11,B1,1327659608903733249,2,5,0.0
11,B1,1367946423736537089,2,1,0.0
51,B1,1369362392749121542,2,1,0.0
53,B1,1367244848978227201,2,1,0.0
73,B1,1369498799673065473,2,2,0.0
10,B1,1368157353695121412,2,5,0.0
31,B1,1307034079381065732,2,4,0.0
29,B1,1369362392749121542,2,5,0.0
30,B1,1369037334885265408,2,3,0.0
45,B1,1365659227256098816,2,3,0.0
42,B1,1369148238138208257,2,1,0.0
72,B1,1329459194601193472,2,5,0.0
35,B1,1367617268734164992,2,1,0.0
22,B1,1369043306487767040,2,5,0.0
40,B1,1329846979401191424,2,1,0.0
38,B1,1369498799673065473,2,4,0.0
39,B1,1359863795586396168,2,4,0.0
36,B1,1357735941637603331,2,5,0.0
36,B1,1350201158426648581,2,5,0.0
25,B1,1329983375621435392,2,5,0.0
12,B1,1361396964227772419,2,5,0.0
47,B1,1368577180557406208,2,5,0.0
60,B1,1369362392749121542,2,5,0.0
58,B1,1368614821147598851,2,5,0.0
41,B1,1356659266732650498,2,2,0.0
71,B1,1343240225129168898,2,4,0.0
41,B1,1340930237819924480,2,2,0.0
34,B1,1368856158010810369,2,3,0.0
24,B1,1292597118763319296,2,3,0.0
63,B1,1363564146948665347,2,5,0.0
63,B1,1352325551621595136,2,1,0.0
44,B1,1359863795586396168,2,3,0.0
7,B1,1364974104491798530,2,4,0.0
3,B1,1369030162298400778,2,2,0.0
1,B1,1151160990995746816,2,5,0.0
46,B1,1368923387532369922,2,3,0.0
43,B1,1367946423736537089,2,2,0.0
8,B1,1363548342832218116,2,5,0.0
78,B1,1367307559640571904,2,1,0.0
55,B1,1367479945686093825,2,5,0.0
33,B1,1368856158010810369,2,4,0.0
74,B1,1369038985188831234,2,3,0.0
9,B1,1362841895030968326,2,1,0.0
76,B1,1360638198573981696,2,3,0.0
57,B1,1368923387532369922,2,4,0.0
20,B1,1368788336333176833,2,1,0.0
66,B1,1355113743504584706,2,3,0.0
17,B1,1358414579328561153,2,5,0.0
18,B1,1338474408743215106,2,2,0.0
21,B1,1356659266732650498,2,2,0.0
50,B1,1326208392923410432,2,3,0.0
68,B1,1364598637163126785,2,5,0.0
68,B1,1349392742212726785,2,5,0.0
13,B1,1312476369830338561,2,4,0.0
61,B1,1326208392923410432,2,4,0.0
23,B1,1350173131823083520,2,5,0.0
70,B1,1368856158010810369,2,5,0.0
15,B1,1361396964227772419,2,2,0.0
16,B1,1346230432036233218,2,1,0.0
62,B1,1354081977062850561,2,4,0.0
48,B1,1344756801242357768,2,5,0.0
77,B1,1368923387532369922,2,5,0.0
4,B1,1369959855692337152,2,1,0.0
49,B1,1366842371724476422,2,1,0.0
19,B1,1368923387532369922,2,5,0.0
37,B1,1357452896976179201,2,1,0.0
79,B1,1362841895030968326,2,4,0.0
5,B1,1368856158010810369,2,5,0.0
6,B1,1326208392923410432,2,4,0.0
2,B1,1369498799673065473,2,4,0.0
81,B1,1368299640421052423,2,5,0.0
2,B1,1367766039254163458,3,5,0.0
1,B1,1343240225129168898,3,5,0.0
78,B1,1368204280629444611,3,1,0.0
79,B1,1324424895749652481,3,3,0.0
5,B1,1369590734672760836,3,5,0.0
81,B1,1368844528170500098,3,5,0.0
76,B1,1367946423736537089,3,4,0.0
77,B1,1352325551621595136,3,4,0.0
48,B1,1369453000570310660,3,5,0.0
18,B1,1298591876963078146,3,2,0.0
20,B1,1363915655720939521,3,5,0.0
62,B1,1366478355558780939,3,4,0.0
49,B1,1344756801242357768,3,1,0.0
37,B1,1298591876963078146,3,1,0.0
3,B1,1363896507242598402,3,4,0.0
70,B1,1369590734672760836,3,5,0.0
36,B1,1367610810789326850,3,5,0.0
36,B1,1363548342832218116,3,5,0.0
15,B1,1321919226341306368,3,2,0.0
66,B1,1361587149062082561,3,1,0.0
24,B1,1312476369830338561,3,5,0.0
61,B1,1356659266732650498,3,4,0.0
13,B1,1354081977062850561,3,3,0.0
63,B1,1369343506939019269,3,1,0.0
68,B1,1292597118763319296,3,5,0.0
68,B1,1369299518739595270,3,2,0.0
21,B1,1369030162298400778,3,1,0.0
63,B1,1369498799673065473,3,4,0.0
50,B1,1369621841204088832,3,3,0.0
16,B1,1367491019277799427,3,5,0.0
17,B1,1316030943174422528,3,5,0.0
19,B1,1329983375621435392,3,4,0.0
26,B1,1337774207971684352,3,4,0.0
11,B1,1292597118763319296,3,5,0.0
11,B1,1368703131652005888,3,2,0.0
11,B1,1363548342832218116,3,5,0.0
73,B1,968884303131234305,3,4,0.0
53,B1,1368652673935933450,3,1,0.0
55,B1,1367225773166190592,3,5,0.0
72,B1,1364604015103778820,3,4,0.0
28,B1,1334641065870159874,3,3,0.0
41,B1,1367323565008154630,3,1,0.0
30,B1,1366239727402196996,3,5,0.0
31,B1,1356766464162762754,3,3,0.0
10,B1,1369007428696743936,3,5,0.0
42,B1,1368116399097344003,3,5,0.0
33,B1,1369590734672760836,3,4,0.0
51,B1,1293138169832103936,3,2,0.0
41,B1,1363671397575266308,3,1,0.0
34,B1,1369590734672760836,3,4,0.0
46,B1,1369482917248970754,3,3,0.0
71,B1,1151160990995746816,3,5,0.0
58,B1,1369339704588570624,3,5,0.0
27,B1,1369343506939019269,3,4,0.0
60,B1,1367262209160736770,3,5,0.0
47,B1,1360638198573981696,3,2,0.0
38,B1,1368619226865471493,3,5,0.0
12,B1,1272637078401097731,3,5,0.0
35,B1,1368776591388647424,3,1,0.0
25,B1,1352325551621595136,3,3,0.0
40,B1,1351182747721748487,3,1,0.0
39,B1,1369362392749121542,3,4,0.0
22,B1,1367120318012280838,3,5,0.0
23,B1,1363548342832218116,3,5,0.0
8,B1,1360637255132434433,3,4,0.0
7,B1,969126955193962496,3,3,0.0
32,B1,1364974104491798530,3,3,0.0
54,B1,1326208392923410432,3,5,0.0
45,B1,1361708535294255106,3,3,0.0
6,B1,1356659266732650498,3,3,0.0
43,B1,1363548342832218116,3,2,0.0
44,B1,1369343506939019269,3,3,0.0
9,B1,1322221808913928193,3,2,0.0
74,B1,1369475640076996610,3,1,0.0
57,B1,762025473794867200,3,3,0.0
4,B1,1352325551621595136,3,2,0.0
29,B1,1369030162298400778,3,5,0.0
61,B1,1369148165471969284,4,3,0.0
70,B1,1368835740529000449,4,5,0.0
24,B1,1355530037152284675,4,5,0.0
81,B1,1366505349386240005,4,5,0.0
5,B1,1369242094217404419,4,5,0.0
77,B1,1354908861572935681,4,5,0.0
13,B1,1362949278365143050,4,1,0.0
36,B1,1151160990995746816,4,5,0.0
36,B1,1322229311718494210,4,4,0.0
66,B1,1316030943174422528,4,2,0.0
15,B1,1272637078401097731,4,2,0.0
19,B1,1354908861572935681,4,4,0.0
68,B1,1366709249137643523,4,5,0.0
16,B1,1368144516558041088,4,1,0.0
17,B1,1367507656269791241,4,5,0.0
21,B1,1367323565008154630,4,1,0.0
68,B1,1323278697466630145,4,5,0.0
50,B1,1369434342053806090,4,3,0.0
78,B1,1367318893191196674,4,1,0.0
27,B1,1354908861572935681,4,4,0.0
58,B1,1369015063705612288,4,5,0.0
11,B1,1366208806535892995,4,5,0.0
60,B1,1356659266732650498,4,5,0.0
11,B1,1364598637163126785,4,5,0.0
34,B1,1368835740529000449,4,4,0.0
47,B1,1368116641360384005,4,5,0.0
46,B1,1369343506939019269,4,3,0.0
71,B1,1356659266732650498,4,5,0.0
40,B1,1331202835334225920,4,1,0.0
23,B1,1261222316803063810,4,4,0.0
22,B1,1361812978425753600,4,4,0.0
12,B1,1321919226341306368,4,5,0.0
38,B1,1369214396489170946,4,5,0.0
25,B1,1369343506939019269,4,5,0.0
35,B1,1352326523026632706,4,1,0.0
39,B1,1356685006916079616,4,2,0.0
53,B1,1369040473008996353,4,3,0.0
72,B1,1364248308781248517,4,5,0.0
76,B1,1366222136591872000,4,3,0.0
1,B1,1312476369830338561,4,4,0.0
2,B1,1369453291936088064,4,4,0.0
79,B1,1292597118763319296,4,5,0.0
49,B1,1320101239363809280,4,1,0.0
37,B1,1338474408743215106,4,1,0.0
48,B1,1253046974389067776,4,1,0.0
3,B1,1367883861271613441,4,5,0.0
18,B1,1189330936300756992,4,5,0.0
62,B1,1362099968824254464,4,4,0.0
20,B1,1368096530268323842,4,5,0.0
63,B1,1369343506939019269,4,2,0.0
63,B1,1354908861572935681,4,2,0.0
30,B1,1360680119854104582,4,5,0.0
31,B1,1362196930252726277,4,3,0.0
41,B1,1352028901229395970,4,1,0.0
41,B1,1365020984802217996,4,1,0.0
33,B1,1369598009084887043,4,3,0.0
51,B1,1356659266732650498,4,5,0.0
10,B1,1368241591299760129,4,5,0.0
42,B1,1326177511684919300,4,2,0.0
55,B1,1368607626494308354,4,5,0.0
73,B1,1369047712184889353,4,5,0.0
26,B1,968452175142649858,4,4,0.0
11,B1,1338944728969035776,4,1,0.0
28,B1,1343640147775152131,4,3,0.0
74,B1,1369598009084887043,4,5,0.0
29,B1,1367323565008154630,4,4,0.0
9,B1,1363548342832218116,4,5,0.0
32,B1,1365618942501285888,4,2,0.0
4,B1,1369598009084887043,4,5,0.0
8,B1,1359964129532862464,4,4,0.0
7,B1,1367244704526393349,4,2,0.0
57,B1,1291098932987269128,4,3,0.0
6,B1,1357425371721965589,4,4,0.0
44,B1,425668533293289472,4,3,0.0
54,B1,1356659266732650498,4,5,0.0
43,B1,1367629682439454722,4,2,0.0
45,B1,1184016623394590721,4,4,0.0
79,B1,1361735737411067909,5,4,0.0
2,B1,1369600439239458820,5,3,0.0
44,B1,1356685006916079616,5,2,0.0
1,B1,1369271796499947520,5,5,0.0
32,B1,969126955193962496,5,3,0.0
54,B1,1273919207038693376,5,5,0.0
78,B1,1369407651914932229,5,1,0.0
4,B1,1368835740529000449,5,5,0.0
55,B1,1368715397415964674,5,3,0.0
28,B1,1355168831413645316,5,5,0.0
51,B1,1344946472618344448,5,5,0.0
53,B1,1369025685893738496,5,1,0.0
29,B1,1366963364975452162,5,3,0.0
57,B1,1323309743218282496,5,3,0.0
30,B1,1367120318012280838,5,4,0.0
31,B1,1362196257624625152,5,1,0.0
25,B1,1354908861572935681,5,5,0.0
61,B1,1242146375950675969,5,3,0.0
22,B1,1369015063705612288,5,4,0.0
60,B1,1342394653887369216,5,5,0.0
50,B1,1356659266732650498,5,5,0.0
49,B1,1253046974389067776,5,5,0.0
21,B1,1367556352445321216,5,5,0.0
23,B1,1354864255749804039,5,5,0.0
58,B1,1300100975793901569,5,5,0.0
24,B1,1362099968824254464,5,5,0.0
34,B1,1369552733536219138,5,3,0.0
35,B1,1273723492186443782,5,3,0.0
27,B1,1368856158010810369,5,5,0.0
26,B1,1364571918876073985,5,3,0.0
33,B1,1368835740529000449,5,4,0.0
36,B1,1343240225129168898,5,5,0.0
39,B1,1287526789707776000,5,2,0.0
38,B1,1369038985188831234,5,5,0.0
71,B1,1312476369830338561,5,4,0.0
12,B1,1364415183607586825,5,2,0.0
47,B1,1367500677002452992,5,5,0.0
46,B1,1368856158010810369,5,5,0.0
70,B1,1352326523026632706,5,5,0.0
40,B1,1355908706026758144,5,5,0.0
72,B1,1259963743716298754,5,3,0.0
10,B1,1368173264602869761,5,5,0.0
42,B1,1368453072666521600,5,5,0.0
73,B1,1368988690211627016,5,3,0.0
11,B1,1354547483083329538,5,2,0.0
11,B1,1345405481628684289,5,1,0.0
11,B1,1327687747117740035,5,5,0.0
15,B1,1364415183607586825,5,3,0.0
37,B1,1189330936300756992,5,2,0.0
17,B1,1367474157626290181,5,5,0.0
66,B1,1354775320658898944,5,2,0.0
16,B1,1369378396216692740,5,1,0.0
68,B1,1366187680472522754,5,5,0.0
68,B1,1293655120706600960,5,4,0.0
13,B1,1365346314956005378,5,2,0.0
18,B1,1365319660405678081,5,1,0.0
63,B1,1367766039254163458,5,3,0.0
63,B1,1368856158010810369,5,5,0.0
48,B1,1299377724415500293,5,3,0.0
19,B1,1352325551621595136,5,4,0.0
20,B1,1369633104269357056,5,5,0.0
62,B1,1334706123971162115,5,4,0.0
36,B1,1322221808913928193,5,4,0.0
41,B1,1355577264512008192,5,4,0.0
7,B1,1369342862656221187,5,4,0.0
6,B1,1274054340517527552,5,3,0.0
77,B1,1369598009084887043,5,4,0.0
5,B1,1368975418741624833,5,5,0.0
3,B1,1366963364975452162,5,2,0.0
76,B1,1357382231816359939,5,3,0.0
81,B1,1369267106215235589,5,5,0.0
43,B1,1338944728969035776,5,2,0.0
74,B1,1368835740529000449,5,5,0.0
9,B1,1322191082235506689,5,4,0.0
45,B1,1310595678226219015,5,3,0.0
8,B1,1349748316901310464,5,5,0.0
41,B1,1338474408743215106,5,3,0.0
50,B1,1369614780676399108,6,3,0.0
49,B1,956689717608595456,6,2,0.0
34,B1,1370098415938498560,6,4,0.0
26,B1,1368999602867802126,6,4,0.0
32,B1,1365376371376205838,6,3,0.0
36,B1,1365001111946420226,6,4,0.0
36,B1,1356659266732650498,6,3,0.0
21,B1,1362475510954156037,6,2,0.0
61,B1,1250919345955446784,6,5,0.0
23,B1,1311068940152401920,6,4,0.0
22,B1,1366209913865703426,6,5,0.0
60,B1,1368760958261268480,6,5,0.0
58,B1,1366234614650478594,6,5,0.0
33,B1,1368978600964349955,6,4,0.0
27,B1,1369590734672760836,6,3,0.0
24,B1,1366478355558780939,6,5,0.0
25,B1,1368856158010810369,6,5,0.0
35,B1,1368939573586386945,6,2,0.0
51,B1,1367214902624980995,6,5,0.0
13,B1,1336808991792525325,6,2,0.0
15,B1,1366804263385501696,6,2,0.0
68,B1,1352380607314145283,6,5,0.0
68,B1,1330751757664837632,6,3,0.0
17,B1,1365629350721249281,6,5,0.0
37,B1,1272338362909655040,6,1,0.0
16,B1,1333807391079428096,6,1,0.0
66,B1,1330977426906689538,6,2,0.0
63,B1,1368848967086215169,6,3,0.0
19,B1,1369343506939019269,6,3,0.0
62,B1,1365346314956005378,6,4,0.0
20,B1,1359371849965199360,6,5,0.0
18,B1,1331689113494446085,6,3,0.0
63,B1,1369441139871387656,6,2,0.0
48,B1,956689717608595456,6,2,0.0
38,B1,1363564146948665347,6,4,0.0
46,B1,1369590734672760836,6,4,0.0
47,B1,1368241591299760129,6,5,0.0
4,B1,1369397597421645834,6,5,0.0
78,B1,1368686691452608517,6,1,0.0
2,B1,1368785659066941440,6,4,0.0
79,B1,1341790679945670656,6,5,0.0
1,B1,1281615412459782145,6,3,0.0
44,B1,1287526789707776000,6,2,0.0
57,B1,1337159750644080645,6,3,0.0
29,B1,1369148165471969284,6,4,0.0
31,B1,1369037449431715843,6,2,0.0
30,B1,1300100975793901569,6,5,0.0
28,B1,1246491727306899456,6,5,0.0
55,B1,1368753671568322564,6,4,0.0
53,B1,1305204600228573184,6,1,0.0
54,B1,1368970511175151620,6,5,0.0
41,B1,1357714688994390016,6,2,0.0
41,B1,1298591876963078146,6,2,0.0
42,B1,1342687407326580737,6,5,0.0
10,B1,1368550065502121985,6,5,0.0
72,B1,1351256621993738240,6,5,0.0
40,B1,1360611979879186438,6,2,0.0
11,B1,1333406580927303682,6,1,0.0
73,B1,1369031455695900677,6,4,0.0
71,B1,1281615412459782145,6,5,0.0
12,B1,1365372438578667526,6,2,0.0
39,B1,1291859496826843137,6,3,0.0
70,B1,1370041595605753862,6,5,0.0
11,B1,1359185296382779393,6,2,0.0
11,B1,1363926533652574218,6,5,0.0
9,B1,1365001111946420226,6,4,0.0
8,B1,1296750375114964992,6,5,0.0
45,B1,1367430380463267844,6,3,0.0
43,B1,1336324934688116743,6,2,0.0
7,B1,1363849575279316998,6,4,0.0
6,B1,1362794394848538628,6,5,0.0
74,B1,1369552733536219138,6,5,0.0
76,B1,1369095591607865347,6,2,0.0
5,B1,1369382939289587718,6,5,0.0
77,B1,1368835740529000449,6,4,0.0
3,B1,1369048640111570951,6,2,0.0
81,B1,1368225636993691649,6,5,0.0
3,B1,1166395659500568579,7,2,0.0
43,B1,1366208806535892995,7,2,0.0
45,B1,1344344721506885641,7,3,0.0
44,B1,1369041862414241800,7,3,0.0
42,B1,1313580109727584256,7,1,0.0
8,B1,1337245958787244033,7,5,0.0
7,B1,1365618942501285888,7,5,0.0
6,B1,1357736029067874305,7,3,0.0
77,B1,1328394654375698433,7,4,0.0
76,B1,1354853026545102849,7,2,0.0
10,B1,1369382325633638404,7,5,0.0
9,B1,1341790679945670656,7,4,0.0
74,B1,1369207595785977860,7,5,0.0
73,B1,1369181799029571589,7,5,0.0
11,B1,1353719280022343683,7,5,0.0
11,B1,1324713186436796417,7,5,0.0
11,B1,1365207153359917058,7,1,0.0
72,B1,1298277043499462656,7,5,0.0
41,B1,1189330936300756992,7,5,0.0
41,B1,1367890477849210881,7,1,0.0
47,B1,1369007428696743936,7,5,0.0
46,B1,1368835740529000449,7,4,0.0
40,B1,1324782095177306119,7,5,0.0
68,B1,1072571174180306945,7,4,0.0
12,B1,1359318229735251977,7,3,0.0
71,B1,1324784149241147394,7,3,0.0
70,B1,1369242094217404419,7,5,0.0
66,B1,423079851592257536,7,2,0.0
15,B1,1359318229735251977,7,4,0.0
13,B1,1337102429532217345,7,4,0.0
68,B1,1359943678354092032,7,5,0.0
63,B1,1368856158010810369,7,5,0.0
18,B1,1368640454028386304,7,2,0.0
17,B1,1362674074732748803,7,1,0.0
16,B1,1369400158912475136,7,1,0.0
39,B1,1258788139159613441,7,2,0.0
38,B1,1368849083201359873,7,5,0.0
37,B1,1326902644322017281,7,4,0.0
48,B1,1367487878259957765,7,2,0.0
62,B1,1336808991792525325,7,4,0.0
20,B1,1366925854421495812,7,5,0.0
19,B1,1369242094217404419,7,3,0.0
63,B1,1369590734672760836,7,5,0.0
60,B1,1361000829247963141,7,5,0.0
23,B1,1331670759102681088,7,5,0.0
22,B1,1300100975793901569,7,2,0.0
21,B1,1365407006253801474,7,1,0.0
26,B1,1358024709137432577,7,2,0.0
25,B1,1369590734672760836,7,5,0.0
24,B1,1363203331745673220,7,5,0.0
61,B1,1359645020974845952,7,5,0.0
36,B1,1322191082235506689,7,5,0.0
36,B1,1312476369830338561,7,3,0.0
50,B1,1368939918727278599,7,5,0.0
28,B1,1329849237299990529,7,3,0.0
27,B1,1369598009084887043,7,5,0.0
58,B1,1366239727402196996,7,5,0.0
31,B1,1322130577684942848,7,2,0.0
30,B1,1362129662336450560,7,4,0.0
29,B1,1250919345955446784,7,4,0.0
57,B1,1339313549626273793,7,3,0.0
55,B1,1366946573528100864,7,4,0.0
33,B1,1369552733536219138,7,4,0.0
32,B1,978970964762513409,7,3,0.0
54,B1,1366963364975452162,7,1,0.0
53,B1,1368239051979943936,7,1,0.0
49,B1,1299377724415500293,7,2,0.0
35,B1,1368954564133654529,7,1,0.0
34,B1,1369500754000699392,7,3,0.0
51,B1,1338474408743215106,7,5,0.0
81,B1,1369226708763746305,7,3,0.0
79,B1,1360011987493789696,7,2,0.0
2,B1,1369579853612281860,7,4,0.0
1,B1,1324784149241147394,7,3,0.0
5,B1,1369517501248372738,7,5,0.0
4,B1,1370128693662785544,7,5,0.0
78,B1,1366894541475696640,7,1,0.0
3,B1,1367559613005004800,8,2,0.0
78,B1,1367295348574728194,8,3,0.0
5,B1,1369543002385956865,8,5,0.0
4,B1,1369242094217404419,8,5,0.0
43,B1,1357714688994390016,8,2,0.0
81,B1,1367226152549577157,8,5,0.0
2,B1,1369587331691208706,8,4,0.0
1,B1,1338474408743215106,8,3,0.0
79,B1,1365017631321858052,8,2,0.0
33,B1,1369113689845022721,8,2,0.0
34,B1,1364311211194675203,8,3,0.0
51,B1,1298591876963078146,8,5,0.0
53,B1,1366247302843621377,8,2,0.0
54,B1,1368971556320206848,8,2,0.0
31,B1,978748491936780289,8,4,0.0
35,B1,1366296962409123843,8,2,0.0
55,B1,1310279026741841922,8,4,0.0
57,B1,1217178366597570560,8,2,0.0
29,B1,1367565531189047299,8,3,0.0
32,B1,1369342862656221187,8,4,0.0
26,B1,970787289638096897,8,4,0.0
30,B1,1366102978739007492,8,3,0.0
24,B1,1365346314956005378,8,3,0.0
61,B1,1354051463190732800,8,4,0.0
36,B1,1317087904569741312,8,5,0.0
60,B1,1369030162298400778,8,5,0.0
36,B1,1341790679945670656,8,4,0.0
50,B1,1367491019277799427,8,5,0.0
49,B1,1310279026741841922,8,5,0.0
28,B1,1340027052037169152,8,5,0.0
27,B1,1368835740529000449,8,4,0.0
58,B1,1362945064209575938,8,5,0.0
62,B1,1336517598029213698,8,4,0.0
21,B1,1217122703766970369,8,3,0.0
23,B1,1344346181976129538,8,5,0.0
22,B1,1366234614650478594,8,5,0.0
63,B1,1368835740529000449,8,5,0.0
25,B1,1368970607216517129,8,5,0.0
19,B1,1328394654375698433,8,3,0.0
20,B1,1368604247760244742,8,3,0.0
48,B1,1054037653379670016,8,2,0.0
63,B1,1369590734672760836,8,5,0.0
37,B1,1368640454028386304,8,3,0.0
11,B1,1309555054295355394,8,5,0.0
72,B1,1362476144830812161,8,4,0.0
11,B1,1360341869478223872,8,5,0.0
41,B1,1365319660405678081,8,3,0.0
41,B1,1366222136591872000,8,4,0.0
70,B1,1369440747641049091,8,4,0.0
71,B1,1298591876963078146,8,3,0.0
12,B1,1366804263385501696,8,5,0.0
40,B1,1357369869222690817,8,2,0.0
46,B1,1369619151506071561,8,3,0.0
47,B1,1369359775230812163,8,5,0.0
15,B1,1339746480014254081,8,3,0.0
13,B1,1357343495132880897,8,2,0.0
68,B1,1357788145794887681,8,5,0.0
68,B1,1360338125655056390,8,5,0.0
18,B1,1368245620344029188,8,1,0.0
17,B1,1316722494255099904,8,5,0.0
16,B1,1367269369521266691,8,5,0.0
66,B1,1354993740562137089,8,3,0.0
39,B1,1252286536738934786,8,3,0.0
38,B1,1367766039254163458,8,5,0.0
8,B1,1361140319002103813,8,4,0.0
73,B1,1369327333824430080,8,3,0.0
74,B1,1370088400410324994,8,4,0.0
9,B1,1322229311718494210,8,2,0.0
76,B1,1349748316901310464,8,2,0.0
7,B1,1365376371376205838,8,4,0.0
6,B1,1367608643596783616,8,3,0.0
77,B1,1369552733536219138,8,3,0.0
42,B1,1369101047826841604,8,1,0.0
10,B1,1368645394348077067,8,5,0.0
11,B1,1341035699970011136,8,5,0.0
44,B1,1258788139159613441,8,4,0.0
45,B1,1345706642080493568,8,3,0.0
49,B1,1301614505823141888,9,5,0.0
50,B1,1342500356316667904,9,3,0.0
28,B1,1331650428115759105,9,3,0.0
24,B1,1369122357307191296,9,3,0.0
61,B1,1341013863110762496,9,3,0.0
47,B1,1368157353695121412,9,5,0.0
36,B1,1362913607105736706,9,5,0.0
54,B1,1367212796631416832,9,2,0.0
60,B1,1273919207038693376,9,5,0.0
36,B1,1337774207971684352,9,5,0.0
68,B1,1323308897638125568,9,5,0.0
70,B1,1369552733536219138,9,5,0.0
40,B1,1323342666361430019,9,5,0.0
72,B1,1346184604827279360,9,5,0.0
11,B1,1316844403797889024,9,5,0.0
10,B1,1368982192194519043,9,4,0.0
11,B1,1360046105170485249,9,3,0.0
27,B1,1369242094217404419,9,4,0.0
58,B1,1360680119854104582,9,5,0.0
37,B1,1365319660405678081,9,1,0.0
20,B1,1359943267148845058,9,1,0.0
63,B1,1369242094217404419,9,2,0.0
63,B1,1369532238304534528,9,4,0.0
48,B1,1349071385360887808,9,3,0.0
22,B1,1367128088832745476,9,4,0.0
62,B1,1369374583598571524,9,4,0.0
25,B1,1369598009084887043,9,5,0.0
23,B1,1192092402061889536,9,4,0.0
19,B1,1366588589191147526,9,3,0.0
21,B1,1367282096289443840,9,3,0.0
53,B1,1368561876972494852,9,1,0.0
32,B1,1363849575279316998,9,4,0.0
79,B1,1322229311718494210,9,3,0.0
35,B1,1332444252895404033,9,1,0.0
34,B1,1367190653269073930,9,5,0.0
57,B1,1325467261239431170,9,5,0.0
30,B1,1367128088832745476,9,3,0.0
29,B1,1367244848978227201,9,3,0.0
55,B1,1367170047081402380,9,4,0.0
26,B1,1339559388303007744,9,2,0.0
31,B1,970013213092757504,9,4,0.0
5,B1,1369612914982846469,9,5,0.0
4,B1,1369453291936088064,9,4,0.0
51,B1,1189330936300756992,9,5,0.0
33,B1,1369207595785977860,9,4,0.0
1,B1,1298591876963078146,9,4,0.0
81,B1,1367112526647934977,9,5,0.0
43,B1,1359185296382779393,9,2,0.0
78,B1,1366609467803074561,9,3,0.0
77,B1,1366588589191147526,9,4,0.0
3,B1,1353812372331220992,9,2,0.0
45,B1,1327627598726377475,9,4,0.0
2,B1,1369601403686182915,9,4,0.0
11,B1,1310618458925740032,9,5,0.0
76,B1,1322665368108716033,9,3,0.0
9,B1,1337774207971684352,9,5,0.0
41,B1,1368640454028386304,9,1,0.0
12,B1,1343974143646044160,9,5,0.0
18,B1,1333425556659064833,9,3,0.0
15,B1,1343974143646044160,9,5,0.0
46,B1,1369552733536219138,9,4,0.0
71,B1,1338474408743215106,9,3,0.0
42,B1,1369418368554569728,9,1,0.0
6,B1,1368667864803213318,9,4,0.0
7,B1,1368972324301602816,9,4,0.0
41,B1,1357382231816359939,9,2,0.0
44,B1,1291859496826843137,9,4,0.0
74,B1,1364311211194675203,9,4,0.0
73,B1,1367763412244172802,9,2,0.0
8,B1,1369095591607865347,9,4,0.0
68,B1,1354966674525597698,9,5,0.0
17,B1,1369000930809581570,9,5,0.0
16,B1,1367300479739441155,9,1,0.0
39,B1,754011760257069056,9,5,0.0
38,B1,1352325551621595136,9,5,0.0
66,B1,1305852766850555904,9,5,0.0
13,B1,1327673915829866501,9,4,0.0
21,B1,1368978816849211392,10,5,0.0
19,B1,1369207595785977860,10,3,0.0
63,B1,1369395917321801728,10,2,0.0
63,B1,1369281300453015552,10,1,0.0
22,B1,1369339704588570624,10,5,0.0
23,B1,1360962032598720516,10,5,0.0
33,B1,1364311211194675203,10,3,0.0
51,B1,1366963364975452162,10,2,0.0
1,B1,1189330936300756992,10,5,0.0
79,B1,1307137727067029506,10,2,0.0
78,B1,1367486237574123525,10,3,0.0
77,B1,1364311211194675203,10,3,0.0
4,B1,1369552733536219138,10,4,0.0
43,B1,1354547483083329538,10,2,0.0
3,B1,1321186362171666432,10,1,0.0
62,B1,1198044435163967488,10,4,0.0
25,B1,1368835740529000449,10,5,0.0
36,B1,1275492317013479424,10,5,0.0
36,B1,1359943678354092032,10,5,0.0
60,B1,1367214902624980995,10,5,0.0
61,B1,1357058139720478731,10,4,0.0
24,B1,1337102429532217345,10,5,0.0
50,B1,1369597995499593729,10,4,0.0
49,B1,1187825368067117057,10,5,0.0
58,B1,1315366562069700616,10,5,0.0
27,B1,1369552733536219138,10,5,0.0
57,B1,1257063194687832064,10,5,0.0
34,B1,1368607437310353408,10,2,0.0
35,B1,1365315694167011328,10,1,0.0
31,B1,1364590913369083904,10,3,0.0
54,B1,1362454325876969478,10,1,0.0
53,B1,1366458502986694658,10,1,0.0
28,B1,1339289131575341057,10,3,0.0
32,B1,1362748149853396993,10,3,0.0
55,B1,1367245903472558081,10,5,0.0
29,B1,1367565667642331136,10,5,0.0
30,B1,1366242438717661187,10,2,0.0
26,B1,1362748296045953027,10,4,0.0
48,B1,1334986629560344579,10,2,0.0
47,B1,1368982192194519043,10,5,0.0
20,B1,1364970371716423682,10,5,0.0
72,B1,1364662601473429514,10,5,0.0
71,B1,1189330936300756992,10,5,0.0
10,B1,1369259792892633089,10,5,0.0
40,B1,1311355905120690176,10,5,0.0
70,B1,1369573257234550784,10,5,0.0
11,B1,1351669168987226112,10,5,0.0
68,B1,1365338873287634950,10,5,0.0
18,B1,1188118588290469890,10,5,0.0
68,B1,1367207527079940101,10,5,0.0
13,B1,1369324832702296067,10,2,0.0
15,B1,1360653537781321732,10,5,0.0
11,B1,1366833859829108738,10,5,0.0
11,B1,1330164072227094528,10,5,0.0
17,B1,1366841911357620225,10,5,0.0
16,B1,1367625056570990592,10,2,0.0
66,B1,1356654923870572546,10,2,0.0
37,B1,1333425556659064833,10,1,0.0
38,B1,1358819633629921283,10,5,0.0
12,B1,1339746480014254081,10,5,0.0
39,B1,1364897061083127808,10,3,0.0
46,B1,1369483145129713665,10,4,0.0
9,B1,1275492317013479424,10,5,0.0
5,B1,1369480643315462144,10,5,0.0
76,B1,1331756802078334982,10,2,0.0
6,B1,1368867018854830081,10,5,0.0
7,B1,1368969473651261440,10,3,0.0
8,B1,1363673526096470017,10,4,0.0
74,B1,1369990624041140230,10,1,0.0
73,B1,1369416324275961858,10,5,0.0
42,B1,1363947240369229825,10,5,0.0
41,B1,1331689113494446085,10,3,0.0
41,B1,1290659734639521798,10,2,0.0
44,B1,1253009440107720704,10,5,0.0
45,B1,1228653223269076992,10,3,0.0
2,B1,1364144723590578176,10,4,0.0
81,B1,1368637578694524931,10,5,0.0
1,CS,1369281593693646851,1,4,0.0
3,CS,1342995722761695232,1,2,0.0
43,CS,1363674987626856448,1,2,0.0
46,CS,1369432600448745472,1,3,0.0
32,CS,976304255685423104,1,4,0.0
54,CS,1369050447797907460,1,2,0.0
7,CS,1369087867939659782,1,3,0.0
44,CS,1369546496165765121,1,3,0.0
9,CS,1319321276171759617,1,5,0.0
74,CS,1369538553219325952,1,1,0.0
57,CS,1369407674366976007,1,1,0.0
76,CS,1332420899471990786,1,3,0.0
78,CS,1367296657705099264,1,3,0.0
8,CS,1365178104310763520,1,4,0.0
33,CS,1369547940017147907,1,3,0.0
55,CS,1366604627689496580,1,5,0.0
51,CS,1366768521854656512,1,5,0.0
53,CS,1367212776641359872,1,1,0.0
11,CS,1334706123971162115,1,1,0.0
73,CS,1369287711480221698,1,4,0.0
11,CS,1334601400836354048,1,5,0.0
27,CS,1369528722538328068,1,4,0.0
26,CS,1348680358619992071,1,3,0.0
11,CS,1347589799947984902,1,5,0.0
42,CS,1361692398867402752,1,5,0.0
45,CS,1358213026541834240,1,4,0.0
28,CS,1311335003599433733,1,5,0.0
72,CS,1365338574908891138,1,4,0.0
31,CS,1369087867939659782,1,3,0.0
10,CS,1320726746329743363,1,5,0.0
30,CS,1369605185455017984,1,5,0.0
29,CS,1341859235756453889,1,3,0.0
36,CS,1330948472992776193,1,5,0.0
23,CS,1325995532259561473,1,5,0.0
13,CS,1365731424322478084,1,5,0.0
24,CS,1357647227808841728,1,3,0.0
15,CS,1331266330176196608,1,3,0.0
16,CS,1352019602151100416,1,1,0.0
70,CS,1369450685708857348,1,4,0.0
61,CS,1357670309525131266,1,1,0.0
17,CS,1336739324658929667,1,5,0.0
18,CS,1327053570794008577,1,2,0.0
20,CS,1369112711032881153,1,3,0.0
66,CS,1361600708764700674,1,5,0.0
68,CS,1359973359568625670,1,3,0.0
68,CS,1319321276171759617,1,5,0.0
21,CS,1272339338995445760,1,1,0.0
50,CS,1369430517381267460,1,3,0.0
71,CS,1337104278398382087,1,5,0.0
36,CS,1319321276171759617,1,5,0.0
12,CS,1370069387974119426,1,5,0.0
25,CS,1370125729199980545,1,5,0.0
40,CS,1338592930022363139,1,5,0.0
22,CS,1369567942690635778,1,5,0.0
39,CS,1369414843720208384,1,4,0.0
38,CS,1368999972792844292,1,5,0.0
47,CS,1367862841907294209,1,5,0.0
34,CS,1369460811760988160,1,4,0.0
35,CS,1322493521245298689,1,1,0.0
41,CS,1356407112385982464,1,1,0.0
60,CS,1151158403135397888,1,5,0.0
41,CS,1367244848978227201,1,1,0.0
58,CS,1364274434111062018,1,5,0.0
62,CS,1369308139158446081,1,3,0.0
49,CS,1306044998408904704,1,5,0.0
19,CS,1369559628183445504,1,3,0.0
6,CS,1349775316366090242,1,2,0.0
5,CS,1369351763355201542,1,4,0.0
81,CS,1368174374247923712,1,5,0.0
79,CS,1319321276171759617,1,3,0.0
2,CS,1369985018878169089,1,3,0.0
4,CS,1369113689845022721,1,2,0.0
37,CS,1349775316366090242,1,4,0.0
63,CS,1369442906671616001,1,5,0.0
77,CS,1363322581076619265,1,5,0.0
48,CS,1369321844449361921,1,5,0.0
63,CS,1369613079433142278,1,4,0.0
26,CS,1359141009272184832,2,3,0.0
27,CS,1369370948634312710,2,1,0.0
28,CS,1333791058765901825,2,2,0.0
54,CS,1367243228701892609,2,5,0.0
32,CS,1367133454241046531,2,4,0.0
11,CS,1319321276171759617,2,5,0.0
11,CS,1333492114408296449,2,5,0.0
11,CS,1334724211689074688,2,1,0.0
51,CS,1315366562069700616,2,2,0.0
53,CS,1361767244125110275,2,1,0.0
73,CS,1368969473651261440,2,3,0.0
10,CS,1351594764056088577,2,5,0.0
31,CS,976286019904401408,2,4,0.0
29,CS,1366184948244176899,2,3,0.0
30,CS,1329121235423297537,2,5,0.0
45,CS,1264644362731913216,2,5,0.0
42,CS,1242185573193768960,2,5,0.0
72,CS,1369286911391637513,2,3,0.0
35,CS,1285629613067038720,2,2,0.0
22,CS,1369483561938649089,2,4,0.0
40,CS,1363945864633401344,2,5,0.0
38,CS,1367625947462184961,2,5,0.0
39,CS,1366870970351427588,2,5,0.0
36,CS,1369087867939659782,2,5,0.0
36,CS,1263620338790944769,2,5,0.0
25,CS,1369579853612281860,2,5,0.0
12,CS,1366121589478154243,2,5,0.0
47,CS,1368234120082554894,2,5,0.0
60,CS,1145785172069146626,2,5,0.0
58,CS,1362410505365839874,2,5,0.0
41,CS,1367295825731227650,2,1,0.0
71,CS,1319639717906821121,2,2,0.0
41,CS,1360941923746349059,2,2,0.0
34,CS,1369585318521802763,2,4,0.0
24,CS,1362902698585071617,2,4,0.0
63,CS,1369492359243763717,2,2,0.0
63,CS,1369377489030705154,2,1,0.0
44,CS,1369102305748992003,2,2,0.0
7,CS,1368234120082554894,2,2,0.0
3,CS,1323456695725625344,2,3,0.0
1,CS,1369388544003895298,2,5,0.0
46,CS,1369593103208886276,2,3,0.0
43,CS,1334706123971162115,2,2,0.0
8,CS,1322209256611852294,2,5,0.0
78,CS,1367327155667935236,2,1,0.0
55,CS,1251269832122777600,2,5,0.0
33,CS,1368604102989541376,2,2,0.0
74,CS,1369563595978252291,2,1,0.0
9,CS,1263620338790944769,2,4,0.0
76,CS,1318996052049973248,2,2,0.0
57,CS,1369595394045444097,2,3,0.0
20,CS,1364622367499157504,2,5,0.0
66,CS,1356664797979369475,2,4,0.0
17,CS,1357403552470212608,2,5,0.0
18,CS,1330556651716243456,2,3,0.0
21,CS,1204781519052652546,2,2,0.0
50,CS,1369425009303822344,2,4,0.0
68,CS,1263620338790944769,2,1,0.0
68,CS,1369308139158446081,2,3,0.0
13,CS,1352017720578105346,2,1,0.0
61,CS,1366212322436423682,2,2,0.0
23,CS,1322232908141113344,2,5,0.0
70,CS,1369547940017147907,2,4,0.0
15,CS,1330905143416659975,2,4,0.0
16,CS,1346143996431646720,2,4,0.0
62,CS,1359973359568625670,2,3,0.0
48,CS,1369294887481450502,2,5,0.0
77,CS,1369521918412472320,2,2,0.0
4,CS,1369456737070313476,2,2,0.0
49,CS,1259322582949679104,2,5,0.0
19,CS,1369617901678964736,2,4,0.0
37,CS,1329150877941305345,2,3,0.0
79,CS,1263620338790944769,2,3,0.0
5,CS,1370004858464534529,2,3,0.0
6,CS,1219085119971000320,2,3,0.0
2,CS,1370003953598013450,2,3,0.0
81,CS,1368487188724350976,2,5,0.0
2,CS,1369610663547518978,3,4,0.0
1,CS,1369253885932617735,3,3,0.0
78,CS,1368218004861911049,3,1,0.0
79,CS,1212045448812417030,3,5,0.0
5,CS,1369468594891948038,3,3,0.0
81,CS,1368234120082554894,3,5,0.0
76,CS,1268243264156524544,3,3,0.0
77,CS,1329140321402445824,3,3,0.0
48,CS,1369460712054153219,3,5,0.0
18,CS,1339195127986794498,3,4,0.0
20,CS,1368272500086476805,3,2,0.0
62,CS,1359935760627953665,3,3,0.0
49,CS,1368669282452840452,3,2,0.0
37,CS,1364320994337427461,3,3,0.0
3,CS,1240704016046116865,3,4,0.0
70,CS,1369352315698872325,3,4,0.0
36,CS,1254427280794845185,3,5,0.0
36,CS,1338550048892710913,3,5,0.0
15,CS,1362920758872133634,3,3,0.0
66,CS,1329790713039523845,3,5,0.0
24,CS,1358898413136396288,3,5,0.0
61,CS,1245049389250273280,3,2,0.0
13,CS,1350865539091066881,3,3,0.0
63,CS,1369425009303822344,3,1,0.0
68,CS,1334601400836354048,3,5,0.0
68,CS,1366752653401853956,3,5,0.0
21,CS,1338181816478539777,3,5,0.0
63,CS,1369360371006472195,3,2,0.0
50,CS,1369617901678964736,3,3,0.0
16,CS,1271896411257241600,3,1,0.0
17,CS,1334527822971490308,3,5,0.0
19,CS,1369425009303822344,3,3,0.0
26,CS,1369296706836250624,3,4,0.0
11,CS,1263620338790944769,3,5,0.0
11,CS,1358058477785120769,3,1,0.0
11,CS,1363238923879653379,3,5,0.0
73,CS,1369352282937065472,3,5,0.0
53,CS,1365708399791505416,3,1,0.0
55,CS,1369343726611529728,3,5,0.0
72,CS,1369435367892455435,3,3,0.0
28,CS,1329469491961503747,3,5,0.0
41,CS,1342918732486594560,3,3,0.0
30,CS,968536670105726977,3,4,0.0
31,CS,1369304506064908290,3,3,0.0
10,CS,1365731424322478084,3,5,0.0
42,CS,1350632339206901761,3,2,0.0
33,CS,1369356888568197133,3,3,0.0
51,CS,1368747076528578560,3,3,0.0
41,CS,1367236110196244482,3,1,0.0
34,CS,1369536457992470528,3,4,0.0
46,CS,1369121138861891587,3,2,0.0
71,CS,1362902698585071617,3,3,0.0
58,CS,1365979945470582784,3,5,0.0
27,CS,1370035059495993348,3,1,0.0
60,CS,1367565062328623104,3,5,0.0
47,CS,1349775316366090242,3,3,0.0
38,CS,1361209516277174279,3,5,0.0
12,CS,1359370632350208003,3,2,0.0
35,CS,1189249540412624898,3,2,0.0
25,CS,1369600442322333699,3,5,0.0
40,CS,1337106387751620613,3,1,0.0
39,CS,1369135857110638592,3,5,0.0
22,CS,1369396362840858635,3,3,0.0
23,CS,1367852411017031682,3,4,0.0
8,CS,1318996052049973248,3,4,0.0
7,CS,1368487188724350976,3,2,0.0
32,CS,1367444872903462913,3,4,0.0
54,CS,1368614821147598851,3,1,0.0
45,CS,1269780932891774976,3,4,0.0
6,CS,1339894034781880323,3,5,0.0
43,CS,1334724211689074688,3,2,0.0
44,CS,1369609984468783107,3,3,0.0
9,CS,1338573100921794560,3,4,0.0
74,CS,1369337073463885828,3,2,0.0
57,CS,1369560664142970881,3,4,0.0
4,CS,1369525973302079490,3,4,0.0
29,CS,1331046811704958985,3,3,0.0
61,CS,1368840460198838272,4,1,0.0
70,CS,1369445460163915780,4,4,0.0
24,CS,1369308139158446081,4,5,0.0
81,CS,1367862841907294209,4,5,0.0
5,CS,1369336610681159680,4,5,0.0
77,CS,1369499281833537540,4,2,0.0
13,CS,1363172378843389952,4,2,0.0
36,CS,1320726746329743363,4,5,0.0
36,CS,1055619307084800000,4,4,0.0
66,CS,1366587272477306883,4,5,0.0
15,CS,1365788765957083149,4,3,0.0
19,CS,1369266567423397891,4,3,0.0
68,CS,1359935760627953665,4,1,0.0
16,CS,1317201419384975365,4,1,0.0
17,CS,1063403538636816385,4,5,0.0
21,CS,1366565826913062914,4,4,0.0
68,CS,1332251315209113601,4,4,0.0
50,CS,1369559628183445504,4,3,0.0
78,CS,1367172928295628802,4,1,0.0
27,CS,1368269027596976129,4,1,0.0
58,CS,1365436528865005568,4,5,0.0
11,CS,1316501262704144384,4,5,0.0
60,CS,1353781237882744833,4,5,0.0
11,CS,1362769948691472385,4,5,0.0
34,CS,1370017497710215170,4,2,0.0
47,CS,1368174374247923712,4,5,0.0
46,CS,1369440894961786880,4,4,0.0
71,CS,1326957720759541761,4,5,0.0
40,CS,1319756701126459398,4,5,0.0
23,CS,1326932771240095749,4,4,0.0
22,CS,1369505213904748554,4,5,0.0
12,CS,1358529006967033856,4,3,0.0
38,CS,1369036451845869573,4,5,0.0
25,CS,1369043756486377472,4,5,0.0
35,CS,1152351180225335296,4,2,0.0
39,CS,421376352319983617,4,4,0.0
53,CS,1366209721124839425,4,2,0.0
72,CS,1363878818100875267,4,4,0.0
76,CS,1363674987626856448,4,2,0.0
1,CS,1369010885075812352,4,4,0.0
2,CS,1369471231448158208,4,4,0.0
79,CS,1357083144407552000,4,5,0.0
49,CS,1334926517722378242,4,3,0.0
37,CS,1351923223638794246,4,1,0.0
48,CS,1369517501248372738,4,5,0.0
3,CS,1306742315667529729,4,3,0.0
18,CS,1340325978170646535,4,3,0.0
62,CS,1366752653401853956,4,5,0.0
20,CS,1369573389845880832,4,5,0.0
63,CS,1369564089211641856,4,5,0.0
63,CS,1369430517381267460,4,3,0.0
30,CS,1367214933423706113,4,3,0.0
31,CS,1369463119479734274,4,4,0.0
41,CS,1339201502443941888,4,1,0.0
41,CS,1367522051762757632,4,3,0.0
33,CS,1369362400403726350,4,4,0.0
51,CS,1327280720084164608,4,3,0.0
10,CS,1337102280059834370,4,4,0.0
42,CS,1369104826869506049,4,2,0.0
55,CS,1367266920689459202,4,5,0.0
73,CS,1366447180521816066,4,3,0.0
26,CS,1369636752336490497,4,4,0.0
11,CS,1086268959492468742,4,5,0.0
28,CS,1332672152995291138,4,2,0.0
74,CS,1369600439239458820,4,2,0.0
29,CS,1245049389250273280,4,3,0.0
9,CS,1333878541398798338,4,5,0.0
32,CS,1369169336326316036,4,4,0.0
4,CS,1369563595978252291,4,1,0.0
8,CS,1354658220585922565,4,4,0.0
7,CS,1367862841907294209,4,4,0.0
57,CS,1369569728541425667,4,4,0.0
6,CS,1368199950169997314,4,5,0.0
44,CS,1369457998523949060,4,5,0.0
54,CS,1366425498226593793,4,3,0.0
43,CS,1316909183225286657,4,2,0.0
45,CS,1366899538502426633,4,5,0.0
79,CS,1330266160202477577,5,3,0.0
2,CS,1369578871478235143,5,5,0.0
44,CS,1369434342053806090,5,2,0.0
1,CS,1369523963974549504,5,5,0.0
32,CS,1369357633283620870,5,3,0.0
54,CS,1277164459446931456,5,2,0.0
78,CS,1367616598727614473,5,2,0.0
4,CS,1369337073463885828,5,4,0.0
55,CS,1366585340849491972,5,5,0.0
28,CS,1329848482446905349,5,5,0.0
51,CS,1367197078829506565,5,5,0.0
53,CS,1367243228701892609,5,1,0.0
29,CS,1250915381646176262,5,3,0.0
57,CS,1369563665867898882,5,4,0.0
30,CS,1368741071870562307,5,3,0.0
31,CS,1369649450688409604,5,3,0.0
25,CS,1369563665867898882,5,5,0.0
61,CS,1369453567367507968,5,3,0.0
22,CS,1369259204725387266,5,5,0.0
60,CS,1365693174493151234,5,5,0.0
50,CS,1369266567423397891,5,4,0.0
49,CS,1316050559518949376,5,5,0.0
21,CS,1367222811727564800,5,5,0.0
23,CS,1307054698931912706,5,4,0.0
58,CS,1360763643135070209,5,3,0.0
24,CS,1363172378843389952,5,5,0.0
34,CS,1370057097107345411,5,3,0.0
35,CS,1272336376927666176,5,2,0.0
27,CS,1369400099223207936,5,1,0.0
26,CS,1367541147787223041,5,4,0.0
33,CS,1369605923732393985,5,2,0.0
36,CS,1365731424322478084,5,5,0.0
39,CS,1368487216775893000,5,5,0.0
38,CS,1352922753565863936,5,4,0.0
71,CS,1363914797335543811,5,2,0.0
12,CS,1359319030587293696,5,3,0.0
47,CS,1368487188724350976,5,5,0.0
46,CS,1368340015001042945,5,4,0.0
70,CS,1369465541925175296,5,5,0.0
40,CS,1336775151128518656,5,5,0.0
72,CS,1369552724228980736,5,4,0.0
10,CS,1368234120082554894,5,5,0.0
42,CS,1325114525104758784,5,1,0.0
73,CS,1366730304740872194,5,3,0.0
11,CS,1327642451427864577,5,5,0.0
11,CS,1354658220585922565,5,1,0.0
11,CS,1330692631551234050,5,5,0.0
15,CS,1354353736580124673,5,4,0.0
37,CS,1365407295384018947,5,1,0.0
17,CS,1320374052847013893,5,5,0.0
66,CS,1022134672929816578,5,5,0.0
16,CS,1326554237053054977,5,1,0.0
68,CS,1350865539091066881,5,5,0.0
68,CS,1366426271023050755,5,3,0.0
13,CS,1358898413136396288,5,4,0.0
18,CS,1337819421973344256,5,2,0.0
63,CS,1369505213904748554,5,2,0.0
63,CS,1369266567423397891,5,3,0.0
48,CS,1369456184554569731,5,5,0.0
19,CS,1369596898127077379,5,3,0.0
20,CS,1368950916024532995,5,2,0.0
62,CS,1357647227808841728,5,3,0.0
36,CS,1358024709137432577,5,5,0.0
41,CS,1291753980247375873,5,4,0.0
7,CS,1368174374247923712,5,3,0.0
6,CS,1369559926629167104,5,5,0.0
77,CS,1349357033301159936,5,3,0.0
5,CS,1369503478880612357,5,5,0.0
3,CS,1153306430100910080,5,3,0.0
76,CS,1334706123971162115,5,3,0.0
81,CS,1368939918727278599,5,5,0.0
43,CS,1290389884927000582,5,2,0.0
74,CS,1370053184589299724,5,4,0.0
9,CS,1327308553418272768,5,3,0.0
45,CS,1335107635767439361,5,4,0.0
8,CS,1268243264156524544,5,4,0.0
41,CS,1316771044049391617,5,1,0.0
50,CS,1369189230489001991,6,4,0.0
49,CS,1271193376147177472,6,5,0.0
34,CS,1369968831666487296,6,3,0.0
26,CS,1368758876015910915,6,4,0.0
32,CS,1369368976128679940,6,4,0.0
36,CS,1337102280059834370,6,5,0.0
36,CS,1306401710386982912,6,3,0.0
21,CS,1369040595310682112,6,2,0.0
61,CS,1261295911185068033,6,5,0.0
23,CS,1349391558269923330,6,4,0.0
22,CS,1369437537907978245,6,3,0.0
60,CS,1365108564679790592,6,5,0.0
58,CS,1361311529392623617,6,5,0.0
33,CS,1369566623913369603,6,4,0.0
27,CS,1369975631744802817,6,1,0.0
24,CS,1319639717906821121,6,4,0.0
25,CS,1369569728541425667,6,5,0.0
35,CS,1330209367002472448,6,1,0.0
51,CS,1330194382914514949,6,5,0.0
13,CS,1351594764056088577,6,3,0.0
15,CS,1258809129218564098,6,3,0.0
68,CS,1315101846596272129,6,5,0.0
68,CS,1365731424322478084,6,5,0.0
17,CS,1330058761323614209,6,5,0.0
37,CS,1356264437729124353,6,1,0.0
16,CS,1275840045761441792,6,1,0.0
66,CS,1358993966020976640,6,3,0.0
63,CS,1368697794417065992,6,3,0.0
19,CS,1369469059427893249,6,3,0.0
62,CS,1319639717906821121,6,3,0.0
20,CS,1369193501875970048,6,5,0.0
18,CS,1359592867380031494,6,1,0.0
63,CS,1369426283919212544,6,2,0.0
48,CS,1369592804683419651,6,5,0.0
38,CS,1363322581076619265,6,5,0.0
46,CS,1369551925285449729,6,3,0.0
47,CS,1369411191316025345,6,5,0.0
4,CS,1369600439239458820,6,4,0.0
78,CS,1368984926410989569,6,1,0.0
2,CS,1369382859534897161,6,3,0.0
79,CS,1355379018791591936,6,3,0.0
1,CS,1369483207935225856,6,3,0.0
44,CS,1369449199343960065,6,5,0.0
57,CS,1369423783086460937,6,3,0.0
29,CS,1368855703612448768,6,3,0.0
31,CS,1364961278729551872,6,4,0.0
30,CS,1363171557250596864,6,3,0.0
28,CS,1313864060669026304,6,1,0.0
55,CS,1367862841907294209,6,5,0.0
53,CS,1369459006129930241,6,1,0.0
54,CS,1369459006129930241,6,2,0.0
41,CS,1366605872718245891,6,3,0.0
41,CS,1366205703392665603,6,4,0.0
42,CS,1356256641814065162,6,5,0.0
10,CS,1369087867939659782,6,5,0.0
72,CS,1369611540475895810,6,4,0.0
40,CS,1341428444190617600,6,2,0.0
11,CS,1367500382717546499,6,5,0.0
73,CS,1366828167936237575,6,4,0.0
71,CS,1369308139158446081,6,2,0.0
12,CS,1331282297014743042,6,5,0.0
39,CS,1368772235683586050,6,3,0.0
70,CS,1369408111698673675,6,5,0.0
11,CS,1364533279261679619,6,5,0.0
11,CS,1349370619616378880,6,5,0.0
9,CS,1312391963241398272,6,4,0.0
8,CS,1363674987626856448,6,3,0.0
45,CS,1359267423346716677,6,4,0.0
43,CS,1359547910619344904,6,2,0.0
7,CS,1368501683219693570,6,3,0.0
6,CS,1204026434739691520,6,5,0.0
74,CS,1369264726656638979,6,2,0.0
76,CS,1334724211689074688,6,2,0.0
5,CS,1369611245616250880,6,5,0.0
77,CS,1369181189932777474,6,2,0.0
3,CS,1324916905954652168,6,3,0.0
81,CS,1366854672955240450,6,5,0.0
3,CS,1368659881260032001,7,3,0.0
43,CS,1358058477785120769,7,2,0.0
45,CS,1330308453508800527,7,3,0.0
44,CS,1369377939381497859,7,5,0.0
42,CS,1367351364477624321,7,5,0.0
8,CS,1334706123971162115,7,2,0.0
7,CS,1368632782042333188,7,4,0.0
6,CS,1369586848163586051,7,2,0.0
77,CS,1352922753565863936,7,3,0.0
76,CS,1316909183225286657,7,3,0.0
10,CS,1352017720578105346,7,4,0.0
9,CS,1361732521428275201,7,1,0.0
74,CS,1369589858763673606,7,2,0.0
73,CS,1369392703054708740,7,3,0.0
11,CS,1319686215642214401,7,5,0.0
11,CS,1361376289475682307,7,5,0.0
11,CS,1316909183225286657,7,5,0.0
72,CS,1370134342106804226,7,2,0.0
41,CS,1369312286674878465,7,3,0.0
41,CS,1350629002302550016,7,1,0.0
47,CS,1369276490832023555,7,5,0.0
46,CS,1369596392834932746,7,4,0.0
40,CS,1359946667429093378,7,2,0.0
68,CS,1337102280059834370,7,4,0.0
12,CS,1369832253816246274,7,5,0.0
71,CS,1357647227808841728,7,4,0.0
70,CS,1369269245704630276,7,5,0.0
66,CS,1364866906658922496,7,3,0.0
15,CS,1303727847966674944,7,2,0.0
13,CS,1369087867939659782,7,3,0.0
68,CS,1332399472039620612,7,5,0.0
63,CS,1369396362840858635,7,2,0.0
18,CS,1362475666504040451,7,1,0.0
17,CS,1358772405536194562,7,5,0.0
16,CS,1316239353505480704,7,1,0.0
39,CS,1364908035932569600,7,5,0.0
38,CS,1369521918412472320,7,5,0.0
37,CS,1331689113494446085,7,1,0.0
48,CS,1369528480627650560,7,5,0.0
62,CS,1337102280059834370,7,3,0.0
20,CS,1369415901964034052,7,3,0.0
19,CS,1369424518092120064,7,3,0.0
63,CS,1369559628183445504,7,2,0.0
60,CS,1367236148385304576,7,5,0.0
23,CS,1354509947288088576,7,4,0.0
22,CS,1369103243960258562,7,4,0.0
21,CS,1366217334658977797,7,5,0.0
26,CS,1369030449398509568,7,4,0.0
25,CS,1369560664142970881,7,5,0.0
24,CS,1326957720759541761,7,5,0.0
61,CS,1341859235756453889,7,2,0.0
36,CS,1352017720578105346,7,5,0.0
36,CS,1334214244632580097,7,4,0.0
50,CS,1369596898127077379,7,2,0.0
28,CS,1366441855416627200,7,5,0.0
27,CS,1369608851306278914,7,5,0.0
58,CS,1367536592617959425,7,5,0.0
31,CS,1365459905717678084,7,3,0.0
30,CS,1290776688284954625,7,3,0.0
29,CS,1366212322436423682,7,4,0.0
57,CS,1369433577339957248,7,4,0.0
55,CS,1299755874915942401,7,5,0.0
33,CS,1369450685708857348,7,3,0.0
32,CS,1369148225433788417,7,2,0.0
54,CS,1367532286359445510,7,2,0.0
53,CS,1366827740175896578,7,1,0.0
49,CS,1183046883347841024,7,5,0.0
35,CS,1362483585169686531,7,2,0.0
34,CS,1369475595466375169,7,3,0.0
51,CS,1368751184434040836,7,3,0.0
81,CS,1361801412741529606,7,5,0.0
79,CS,1324444938923175936,7,2,0.0
2,CS,1370128693662785544,7,4,0.0
1,CS,1369439516679942144,7,5,0.0
5,CS,1369430816389033988,7,5,0.0
4,CS,1370053184589299724,7,2,0.0
78,CS,1366848285361717252,7,2,0.0
3,CS,1256258912866766851,8,4,0.0
78,CS,1367535310733680640,8,2,0.0
5,CS,1368685627303223297,8,3,0.0
4,CS,1369275546044162051,8,5,0.0
43,CS,1349775316366090242,8,2,0.0
81,CS,1367703501367771141,8,5,0.0
2,CS,1369037711324119046,8,4,0.0
1,CS,1370144518100684802,8,3,0.0
79,CS,1322265461359316992,8,2,0.0
33,CS,1369269245704630276,8,2,0.0
34,CS,1369404129643216897,8,3,0.0
51,CS,1366830686498217984,8,5,0.0
53,CS,1367912923641737216,8,1,0.0
54,CS,1326615477037142016,8,2,0.0
31,CS,973719108515717120,8,3,0.0
35,CS,1337396723610771457,8,1,0.0
55,CS,1368174374247923712,8,5,0.0
57,CS,1369335967618904068,8,3,0.0
29,CS,1120471100532625410,8,5,0.0
32,CS,1369533603194040320,8,2,0.0
26,CS,1329540885055356928,8,3,0.0
30,CS,1139203333607043073,8,4,0.0
24,CS,1330948472992776193,8,5,0.0
61,CS,1250915381646176262,8,2,0.0
36,CS,1359973359568625670,8,5,0.0
60,CS,1340053869758394370,8,5,0.0
36,CS,1327711653828337665,8,5,0.0
50,CS,1369469059427893249,8,4,0.0
49,CS,1273665566763433984,8,5,0.0
28,CS,1306669595525226500,8,3,0.0
27,CS,1369571760140615684,8,4,0.0
58,CS,1366889537616498688,8,3,0.0
62,CS,1326957720759541761,8,4,0.0
21,CS,1300100975793901569,8,3,0.0
23,CS,1319019864212713472,8,4,0.0
22,CS,1369410355215142917,8,5,0.0
63,CS,1369438309643153408,8,5,0.0
25,CS,1369377505224884227,8,5,0.0
19,CS,1369569992732250114,8,3,0.0
20,CS,1369146187358539781,8,5,0.0
48,CS,1369489233153515523,8,5,0.0
63,CS,1369617901678964736,8,5,0.0
37,CS,1367114880378146824,8,1,0.0
11,CS,1238490684384071686,8,5,0.0
72,CS,1369533353930727426,8,2,0.0
11,CS,1290389884927000582,8,5,0.0
41,CS,1368740848913973255,8,1,0.0
41,CS,1366833538985721860,8,3,0.0
70,CS,1369469114620731393,8,5,0.0
71,CS,1363172378843389952,8,3,0.0
12,CS,1366380504736534529,8,3,0.0
40,CS,1354759783157534720,8,2,0.0
46,CS,1369332242410049546,8,5,0.0
47,CS,1369397637267488772,8,5,0.0
15,CS,1301536924067393537,8,2,0.0
13,CS,1337104278398382087,8,5,0.0
68,CS,1352017720578105346,8,4,0.0
68,CS,1317126907926773763,8,3,0.0
18,CS,1354527098354819077,8,1,0.0
17,CS,1350151000267632641,8,5,0.0
16,CS,1173620799997186051,8,1,0.0
66,CS,1329456908726644738,8,3,0.0
39,CS,1364156801109938178,8,4,0.0
38,CS,1329140321402445824,8,5,0.0
8,CS,1334724211689074688,8,5,0.0
73,CS,1365259500064804866,8,4,0.0
74,CS,1369396337469501452,8,2,0.0
9,CS,1164279406057201665,8,1,0.0
76,CS,1354658220585922565,8,2,0.0
7,CS,1364237278516830212,8,5,0.0
6,CS,1369418972509179912,8,3,0.0
77,CS,1367625947462184961,8,3,0.0
42,CS,1316378741061320711,8,5,0.0
10,CS,1350865539091066881,8,5,0.0
11,CS,1352347607855726594,8,5,0.0
44,CS,1370028580516732943,8,3,0.0
45,CS,1174371887159242752,8,4,0.0
49,CS,1368483092252401666,9,5,0.0
50,CS,1368697794417065992,9,4,0.0
28,CS,1355246647446544384,9,5,0.0
24,CS,1369087867939659782,9,5,0.0
61,CS,1368017377036660737,9,3,0.0
47,CS,1369347272975282184,9,5,0.0
36,CS,1146224584443727872,9,3,0.0
54,CS,1367548427370786816,9,5,0.0
60,CS,1368328702002671626,9,5,0.0
36,CS,1350865539091066881,9,5,0.0
68,CS,1359835679577018368,9,2,0.0
70,CS,1368604102989541376,9,5,0.0
40,CS,1341514552819724288,9,3,0.0
72,CS,1369389341445873676,9,3,0.0
11,CS,1336325009367678977,9,5,0.0
10,CS,1367862841907294209,9,4,0.0
11,CS,1315698359718551552,9,5,0.0
27,CS,1369303761097785344,9,5,0.0
58,CS,1369090194847186944,9,4,0.0
37,CS,1152354497189965824,9,1,0.0
20,CS,1366181019829686277,9,5,0.0
63,CS,1369573257234550784,9,3,0.0
63,CS,1370127157276606467,9,5,0.0
48,CS,1369570003729649671,9,5,0.0
22,CS,1369402883704229892,9,5,0.0
62,CS,1365731424322478084,9,5,0.0
25,CS,1369547930550611968,9,5,0.0
23,CS,1335651231759552514,9,4,0.0
19,CS,1369189230489001991,9,3,0.0
21,CS,1339526270288322561,9,4,0.0
53,CS,1369050447797907460,9,1,0.0
32,CS,1368911960478257153,9,2,0.0
79,CS,1367702233853259783,9,2,0.0
35,CS,1287306318961872896,9,1,0.0
34,CS,1369460521846575104,9,2,0.0
57,CS,1369572554969583617,9,3,0.0
30,CS,1369307789932265473,9,5,0.0
29,CS,1261295911185068033,9,4,0.0
55,CS,1367288053547626496,9,5,0.0
26,CS,1360897085856313349,9,4,0.0
31,CS,1369075112432046081,9,1,0.0
5,CS,1369377514930507782,9,5,0.0
4,CS,1369049581208670208,9,4,0.0
51,CS,1369056709117808640,9,5,0.0
33,CS,1369321348783345674,9,4,0.0
1,CS,1368604102989541376,9,4,0.0
81,CS,1367548056628039684,9,5,0.0
43,CS,1365178104310763520,9,2,0.0
78,CS,1368236771671162881,9,1,0.0
77,CS,1368999972792844292,9,4,0.0
3,CS,1318297870315839488,9,2,0.0
45,CS,1179754999171047425,9,5,0.0
2,CS,1369271770960850949,9,3,0.0
11,CS,1304866700794363905,9,5,0.0
76,CS,1290389884927000582,9,1,0.0
9,CS,1351540224560668673,9,3,0.0
41,CS,1368999845856436224,9,3,0.0
12,CS,1336435104172765184,9,3,0.0
18,CS,1339377333728391169,9,4,0.0
15,CS,1351560050725294082,9,2,0.0
46,CS,1369106243755900928,9,3,0.0
71,CS,1358898413136396288,9,3,0.0
42,CS,1283200387101712384,9,1,0.0
6,CS,1340053176150614025,9,4,0.0
7,CS,1368519774955798529,9,4,0.0
41,CS,1365710371206488066,9,5,0.0
44,CS,1369332550347407367,9,5,0.0
74,CS,1369538190827270145,9,2,0.0
73,CS,1369045377417162761,9,5,0.0
8,CS,1290389884927000582,9,5,0.0
68,CS,1358898413136396288,9,3,0.0
17,CS,1364970509700595717,9,5,0.0
16,CS,1318907390922788866,9,1,0.0
39,CS,423131090803777536,9,5,0.0
38,CS,1369181189932777474,9,5,0.0
66,CS,1314195121861132288,9,4,0.0
13,CS,1362902698585071617,9,5,0.0
21,CS,1340651032817315842,10,4,0.0
19,CS,1368697794417065992,10,3,0.0
63,CS,1369340768138240000,10,5,0.0
63,CS,1369419121818038275,10,5,0.0
22,CS,1369538412961730562,10,3,0.0
23,CS,1303724853120217088,10,4,0.0
33,CS,1369366150237351943,10,3,0.0
51,CS,1328413175620964353,10,5,0.0
1,CS,1369460811760988160,10,5,0.0
79,CS,1345783947607867393,10,2,0.0
78,CS,1366967661754675207,10,4,0.0
77,CS,1361209516277174279,10,4,0.0
4,CS,1369506070989836290,10,3,0.0
43,CS,1332420899471990786,10,3,0.0
3,CS,1180250671905263616,10,2,0.0
62,CS,1352017720578105346,10,1,0.0
25,CS,1369571000212463617,10,5,0.0
36,CS,1363914797335543811,10,5,0.0
36,CS,1307801712107966476,10,5,0.0
60,CS,1366503879983030273,10,5,0.0
61,CS,1349371181334474754,10,4,0.0
24,CS,1350865539091066881,10,4,0.0
50,CS,1369569992732250114,10,4,0.0
49,CS,1184552999428866048,10,5,0.0
58,CS,1367973079624876035,10,5,0.0
27,CS,1369455485615759360,10,4,0.0
57,CS,1368935548694519808,10,3,0.0
34,CS,1369270015699136512,10,2,0.0
35,CS,1363561378552958976,10,3,0.0
31,CS,1362439231080169474,10,3,0.0
54,CS,1367837304509915140,10,5,0.0
53,CS,1368614821147598851,10,1,0.0
28,CS,1361498566024302597,10,5,0.0
32,CS,1367113449394765824,10,3,0.0
55,CS,1367842722678247427,10,5,0.0
29,CS,1368840460198838272,10,3,0.0
30,CS,1322524023117533184,10,4,0.0
26,CS,1349449506136330241,10,3,0.0
48,CS,1369570221162459143,10,5,0.0
47,CS,1369391021642158086,10,5,0.0
20,CS,1368276753244913665,10,2,0.0
72,CS,1369285101100691456,10,4,0.0
71,CS,1337102280059834370,10,3,0.0
10,CS,1330948472992776193,10,5,0.0
40,CS,1320019327425286144,10,5,0.0
70,CS,1369589127168073728,10,5,0.0
11,CS,1334534887664209922,10,5,0.0
68,CS,1363914797335543811,10,5,0.0
18,CS,1366528818454822914,10,3,0.0
68,CS,1364200104257708046,10,2,0.0
13,CS,1330948472992776193,10,5,0.0
15,CS,1355549351603531783,10,5,0.0
11,CS,1310693744056950787,10,5,0.0
11,CS,1359547910619344904,10,5,0.0
17,CS,1366743775192752129,10,4,0.0
16,CS,1368447074019270656,10,4,0.0
66,CS,1359391903838470147,10,3,0.0
37,CS,1328065268942336000,10,4,0.0
38,CS,1369499281833537540,10,5,0.0
12,CS,1344852533122981888,10,5,0.0
39,CS,1369575294806425603,10,5,0.0
46,CS,1369498268011552768,10,3,0.0
9,CS,1330972658612150272,10,5,0.0
5,CS,1369438777127624709,10,4,0.0
76,CS,1358058477785120769,10,1,0.0
6,CS,1197158580333535232,10,4,0.0
7,CS,1368216046616768513,10,4,0.0
8,CS,1316909183225286657,10,5,0.0
74,CS,1369063128269479936,10,2,0.0
73,CS,1358797009164111874,10,5,0.0
42,CS,1364632186884939780,10,1,0.0
41,CS,1364711711891206151,10,5,0.0
41,CS,1361140001791037440,10,1,0.0
44,CS,1369398802537476096,10,3,0.0
45,CS,1353755766625234944,10,5,0.0
2,CS,1369511733975515142,10,2,0.0
81,CS,1313215942826967040,10,5,0.0
1,SC,1369325020258983936,1,5,0.0
79,SC,1273231711908872193,1,4,0.0
51,SC,1367521202042933249,1,5,0.0
5,SC,1369375444793954323,1,5,0.0
53,SC,1367521202042933249,1,1,0.0
7,SC,1368932010971004931,1,4,0.0
50,SC,1368932010971004931,1,5,0.0
55,SC,1368932010971004931,1,5,0.0
6,SC,1344689933978656771,1,4,0.0
47,SC,1368932010971004931,1,5,0.0
8,SC,1362083047785439239,1,4,0.0
57,SC,1300884239626522624,1,5,0.0
77,SC,1349377838722519040,1,4,0.0
54,SC,1367521202042933249,1,5,0.0
49,SC,1368932010971004931,1,5,0.0
48,SC,1322257618178609153,1,4,0.0
58,SC,1349377838722519040,1,5,0.0
46,SC,1369311531360518146,1,5,0.0
11,SC,1366167129754537984,1,1,0.0
9,SC,1273231711908872193,1,1,0.0
45,SC,1242106541999783936,1,4,0.0
10,SC,1368932010971004931,1,5,0.0
41,SC,1367521202042933249,1,4,0.0
41,SC,1362083047785439239,1,4,0.0
42,SC,1248277743118086144,1,2,0.0
59,SC,1367521202042933249,1,5,0.0
11,SC,1362083047785439239,1,5,0.0
76,SC,1273231711908872193,1,5,0.0
11,SC,1362776603047165957,1,3,0.0
74,SC,1369311531360518146,1,4,0.0
44,SC,1344689933978656771,1,5,0.0
43,SC,1362083047785439239,1,5,0.0
13,SC,1366167129754537984,1,2,0.0
61,SC,1248277743118086144,1,3,0.0
60,SC,1367521202042933249,1,5,0.0
72,SC,1349377838722519040,1,5,0.0
38,SC,1349377838722519040,1,5,0.0
12,SC,1349749578095075328,1,5,0.0
73,SC,1369311531360518146,1,4,0.0
40,SC,1366167129754537984,1,2,0.0
39,SC,1349380288783253504,1,5,0.0
15,SC,1366167129754537984,1,4,0.0
67,SC,1369311531360518146,1,3,0.0
66,SC,1366167129754537984,1,2,0.0
22,SC,1367521202042933249,1,5,0.0
70,SC,1349380288783253504,1,3,0.0
32,SC,1369375444793954323,1,3,0.0
31,SC,1369325020258983936,1,3,0.0
63,SC,1349380288783253504,1,2,0.0
63,SC,1369375444793954323,1,4,0.0
33,SC,1369311531360518146,1,4,0.0
20,SC,1368932010971004931,1,2,0.0
21,SC,1367521202042933249,1,5,0.0
35,SC,1349377838722519040,1,3,0.0
34,SC,1369311531360518146,1,3,0.0
19,SC,1349377838722519040,1,4,0.0
71,SC,1369325020258983936,1,5,0.0
36,SC,1367521202042933249,1,5,0.0
36,SC,1273231711908872193,1,4,0.0
18,SC,1349749578095075328,1,1,0.0
17,SC,1366167129754537984,1,1,0.0
16,SC,1368932010971004931,1,1,0.0
62,SC,1369325020258983936,1,4,0.0
37,SC,1344689933978656771,1,1,0.0
30,SC,1367521202042933249,1,4,0.0
28,SC,1369325020258983936,1,1,0.0
29,SC,1248277743118086144,1,3,0.0
23,SC,1362083047785439239,1,3,0.0
24,SC,1369325020258983936,1,5,0.0
25,SC,1349377838722519040,1,1,0.0
68,SC,1369325020258983936,1,5,0.0
68,SC,1362776603047165957,1,3,0.0
27,SC,1349377838722519040,1,5,0.0
26,SC,1349377838722519040,1,4,0.0
4,SC,1349380288783253504,1,2,0.0
78,SC,1368932010971004931,1,2,0.0
3,SC,1367521202042933249,1,5,0.0
2,SC,1369375444793954323,1,3,0.0
81,SC,1368932010971004931,1,5,0.0
11,SC,1350483251291451392,2,5,0.0
12,SC,1361511252103729153,2,5,0.0
42,SC,1367521202042933249,2,5,0.0
61,SC,1248251408333172738,2,4,0.0
11,SC,1337020338916499463,2,5,0.0
19,SC,1349380288783253504,2,4,0.0
36,SC,1369325020258983936,2,5,0.0
20,SC,1344689933978656771,2,2,0.0
21,SC,1369325020258983936,2,2,0.0
63,SC,1349377838722519040,2,2,0.0
63,SC,1362776603047165957,2,5,0.0
67,SC,1369405604595400711,2,3,0.0
11,SC,1365113385658970113,2,1,0.0
76,SC,1362083047785439239,2,5,0.0
74,SC,1369405604595400711,2,4,0.0
43,SC,1368245651046207493,2,5,0.0
46,SC,1369405604595400711,2,5,0.0
39,SC,1349377838722519040,2,5,0.0
15,SC,1349749578095075328,2,3,0.0
73,SC,1369405604595400711,2,4,0.0
40,SC,1365113385658970113,2,2,0.0
72,SC,1349380288783253504,2,5,0.0
41,SC,1337020338916499463,2,1,0.0
13,SC,1369325020258983936,2,4,0.0
41,SC,1344689933978656771,2,4,0.0
38,SC,1349380288783253504,2,5,0.0
60,SC,1344689933978656771,2,5,0.0
59,SC,1344689933978656771,2,5,0.0
44,SC,1369375444793954323,2,5,0.0
49,SC,1322257618178609153,2,2,0.0
57,SC,1369311531360518146,2,5,0.0
58,SC,1349380288783253504,2,5,0.0
48,SC,1369297616245231638,2,4,0.0
45,SC,1368932010971004931,2,5,0.0
10,SC,1369325020258983936,2,4,0.0
9,SC,1350483251291451392,2,5,0.0
47,SC,1369311531360518146,2,5,0.0
77,SC,1349380288783253504,2,5,0.0
8,SC,1337020338916499463,2,4,0.0
55,SC,1322257618178609153,2,5,0.0
54,SC,1344689933978656771,2,4,0.0
6,SC,1369311531360518146,2,5,0.0
51,SC,1344689933978656771,2,1,0.0
7,SC,1369325020258983936,2,3,0.0
50,SC,1344689933978656771,2,5,0.0
53,SC,1369325020258983936,2,2,0.0
5,SC,1362776603047165957,2,5,0.0
79,SC,1350483251291451392,2,5,0.0
1,SC,1365315820080009221,2,4,0.0
4,SC,1349377838722519040,2,2,0.0
78,SC,1368245651046207493,2,3,0.0
2,SC,1362776603047165957,2,2,0.0
29,SC,1367521202042933249,2,4,0.0
24,SC,1365315820080009221,2,4,0.0
23,SC,1337020338916499463,2,3,0.0
81,SC,1362776603047165957,2,5,0.0
3,SC,1369325020258983936,2,3,0.0
28,SC,1365315820080009221,2,1,0.0
30,SC,1367300793485828097,2,3,0.0
71,SC,1365315820080009221,2,5,0.0
16,SC,1368245651046207493,2,5,0.0
68,SC,1350483251291451392,2,5,0.0
68,SC,1365315820080009221,2,5,0.0
26,SC,1349380288783253504,2,4,0.0
25,SC,1349380288783253504,2,1,0.0
27,SC,1349380288783253504,2,5,0.0
66,SC,1349377838722519040,2,5,0.0
32,SC,1362776603047165957,2,2,0.0
22,SC,1367300793485828097,2,3,0.0
70,SC,1349377838722519040,2,3,0.0
31,SC,1365315820080009221,2,4,0.0
33,SC,1369405604595400711,2,4,0.0
36,SC,1350483251291451392,2,5,0.0
35,SC,1349380288783253504,2,3,0.0
34,SC,1369405604595400711,2,3,0.0
62,SC,1365315820080009221,2,3,0.0
37,SC,1362083047785439239,2,4,0.0
17,SC,1369325020258983936,2,2,0.0
18,SC,1273231711908872193,2,3,0.0
41,SC,1331748997124534274,3,3,0.0
41,SC,1367300793485828097,3,4,0.0
76,SC,1337020338916499463,3,5,0.0
7,SC,1365315820080009221,3,4,0.0
50,SC,1369375444793954323,3,4,0.0
6,SC,1362083047785439239,3,4,0.0
54,SC,1367300793485828097,3,3,0.0
53,SC,1365315820080009221,3,2,0.0
1,SC,1344689933978656771,3,5,0.0
51,SC,1367300793485828097,3,1,0.0
5,SC,1369441796925886465,3,5,0.0
78,SC,1303249708169613313,3,1,0.0
79,SC,1182112257708306433,3,5,0.0
81,SC,1368909409775149064,3,5,0.0
59,SC,1367300793485828097,3,5,0.0
11,SC,1359597695548153864,3,5,0.0
42,SC,1248251408333172738,3,2,0.0
11,SC,1362083047785439239,3,5,0.0
74,SC,1369375444793954323,3,2,0.0
46,SC,1369375444793954323,3,5,0.0
11,SC,1331748997124534274,3,3,0.0
58,SC,1367521202042933249,3,5,0.0
43,SC,1337020338916499463,3,5,0.0
44,SC,1317842770816602114,3,5,0.0
55,SC,1369297616245231638,3,4,0.0
48,SC,1369311531360518146,3,5,0.0
57,SC,1351483359244005376,3,5,0.0
8,SC,1331748997124534274,3,4,0.0
77,SC,1369311531360518146,3,4,0.0
49,SC,1369297616245231638,3,5,0.0
9,SC,1182112257708306433,3,1,0.0
47,SC,1362083047785439239,3,5,0.0
10,SC,1365315820080009221,3,4,0.0
45,SC,1327954760251662337,3,5,0.0
39,SC,1367521202042933249,3,5,0.0
38,SC,1369311531360518146,3,5,0.0
15,SC,1365113385658970113,3,3,0.0
73,SC,1362776603047165957,3,4,0.0
40,SC,1362083047785439239,3,3,0.0
61,SC,1344689933978656771,3,4,0.0
72,SC,1334130051554668547,3,5,0.0
60,SC,1367300793485828097,3,5,0.0
13,SC,1365315820080009221,3,4,0.0
12,SC,1361857937518465025,3,5,0.0
31,SC,1362776603047165957,3,5,0.0
32,SC,1369441796925886465,3,2,0.0
66,SC,1349380288783253504,3,5,0.0
70,SC,1369375444793954323,3,5,0.0
33,SC,1369375444793954323,3,4,0.0
34,SC,1369375444793954323,3,2,0.0
16,SC,1303249708169613313,3,1,0.0
17,SC,1365315820080009221,3,2,0.0
37,SC,1337020338916499463,3,4,0.0
62,SC,1362083047785439239,3,3,0.0
63,SC,1369375444793954323,3,5,0.0
19,SC,1369311531360518146,3,4,0.0
20,SC,1362776603047165957,3,5,0.0
21,SC,1365315820080009221,3,2,0.0
35,SC,1344689933978656771,3,1,0.0
63,SC,1369441796925886465,3,4,0.0
36,SC,1182112257708306433,3,4,0.0
36,SC,1365315820080009221,3,5,0.0
18,SC,1361511252103729153,3,1,0.0
71,SC,1344689933978656771,3,5,0.0
27,SC,1369375444793954323,3,5,0.0
30,SC,1369075493753020420,3,4,0.0
67,SC,1362776603047165957,3,3,0.0
25,SC,1369375444793954323,3,5,0.0
68,SC,1362776603047165957,3,5,0.0
26,SC,1362776603047165957,3,4,0.0
24,SC,1362776603047165957,3,5,0.0
68,SC,1359597695548153864,3,5,0.0
22,SC,1369075493753020420,3,5,0.0
23,SC,1331748997124534274,3,3,0.0
28,SC,1344689933978656771,3,1,0.0
29,SC,1248251408333172738,3,3,0.0
3,SC,1365315820080009221,3,4,0.0
4,SC,1369375444793954323,3,5,0.0
2,SC,1369441796925886465,3,2,0.0
1,SC,1369375444793954323,4,5,0.0
81,SC,1350483251291451392,4,5,0.0
78,SC,1368909409775149064,4,1,0.0
67,SC,1369298875719311360,4,3,0.0
25,SC,1362776603047165957,4,5,0.0
26,SC,1350483251291451392,4,4,0.0
68,SC,1365320876510560258,4,5,0.0
68,SC,1336964656792035329,4,3,0.0
76,SC,1331748997124534274,4,5,0.0
7,SC,1362776603047165957,4,4,0.0
6,SC,1337020338916499463,4,2,0.0
50,SC,1317842770816602114,4,5,0.0
55,SC,1369054744786989056,4,4,0.0
77,SC,1369405604595400711,4,5,0.0
49,SC,1369054744786989056,4,5,0.0
48,SC,1369054744786989056,4,4,0.0
9,SC,1359597695548153864,4,4,0.0
47,SC,1337020338916499463,4,5,0.0
57,SC,1369405604595400711,4,5,0.0
8,SC,1355167587638906880,4,4,0.0
24,SC,1336964656792035329,4,2,0.0
23,SC,1355167587638906880,4,3,0.0
22,SC,1369075561981566976,4,5,0.0
29,SC,1367300793485828097,4,4,0.0
28,SC,1317842770816602114,4,3,0.0
42,SC,1367300793485828097,4,1,0.0
46,SC,1362776603047165957,4,5,0.0
45,SC,1303249708169613313,4,5,0.0
10,SC,1368909409775149064,4,5,0.0
58,SC,1367300793485828097,4,5,0.0
74,SC,1362776603047165957,4,3,0.0
44,SC,1369441796925886465,4,5,0.0
43,SC,1331748997124534274,4,5,0.0
11,SC,1365320876510560258,4,5,0.0
11,SC,1355167587638906880,4,3,0.0
11,SC,1337020338916499463,4,3,0.0
59,SC,1369075493753020420,4,5,0.0
27,SC,1362776603047165957,4,5,0.0
30,SC,1369075561981566976,4,4,0.0
66,SC,1365113385658970113,4,5,0.0
70,SC,1362776603047165957,4,4,0.0
12,SC,1361586402484514816,4,2,0.0
41,SC,1369075493753020420,4,5,0.0
41,SC,1362776603047165957,4,2,0.0
73,SC,1369298875719311360,4,2,0.0
40,SC,1337020338916499463,4,5,0.0
61,SC,1369169111478005763,4,4,0.0
60,SC,1369075493753020420,4,5,0.0
72,SC,1369375444793954323,4,5,0.0
13,SC,1365113385658970113,4,1,0.0
39,SC,1367300793485828097,4,5,0.0
38,SC,1369405604595400711,4,5,0.0
15,SC,1361511252103729153,4,5,0.0
21,SC,1344689933978656771,4,2,0.0
32,SC,1369400194513723396,4,2,0.0
31,SC,1336964656792035329,4,3,0.0
17,SC,1365113385658970113,4,1,0.0
16,SC,1368909409775149064,4,2,0.0
62,SC,1337020338916499463,4,3,0.0
37,SC,1331748997124534274,4,5,0.0
71,SC,1354545532044075013,4,5,0.0
36,SC,1344689933978656771,4,5,0.0
36,SC,1359597695548153864,4,4,0.0
35,SC,1362776603047165957,4,3,0.0
63,SC,1362776603047165957,4,3,0.0
34,SC,1362776603047165957,4,2,0.0
33,SC,1362776603047165957,4,3,0.0
18,SC,1344689933978656771,4,3,0.0
20,SC,1317842770816602114,4,3,0.0
19,SC,1369405604595400711,4,4,0.0
63,SC,1369400194513723396,4,5,0.0
2,SC,1369400194513723396,4,4,0.0
4,SC,1362776603047165957,4,5,0.0
3,SC,1367300793485828097,4,3,0.0
54,SC,1369075493753020420,4,3,0.0
53,SC,1367300793485828097,4,1,0.0
51,SC,1369075493753020420,4,2,0.0
5,SC,1369400194513723396,4,5,0.0
79,SC,1359597695548153864,4,3,0.0
5,SC,1369048387815899139,5,4,0.0
50,SC,1368909409775149064,5,5,0.0
51,SC,1369075561981566976,5,2,0.0
53,SC,1369075493753020420,5,4,0.0
1,SC,1317842770816602114,5,3,0.0
3,SC,1369075493753020420,5,2,0.0
2,SC,1369048387815899139,5,2,0.0
4,SC,1369441796925886465,5,3,0.0
63,SC,1369441796925886465,5,5,0.0
63,SC,1369048387815899139,5,5,0.0
19,SC,1369375444793954323,5,4,0.0
34,SC,1369298875719311360,5,4,0.0
18,SC,1361857937518465025,5,1,0.0
33,SC,1369298875719311360,5,4,0.0
71,SC,1317842770816602114,5,5,0.0
20,SC,1368909409775149064,5,3,0.0
35,SC,1317842770816602114,5,2,0.0
36,SC,1367300793485828097,5,5,0.0
36,SC,1364683920965578753,5,3,0.0
70,SC,1369441796925886465,5,5,0.0
37,SC,1354545532044075013,5,1,0.0
38,SC,1369298875719311360,5,5,0.0
73,SC,1369326799709212680,5,3,0.0
15,SC,1361857937518465025,5,3,0.0
68,SC,1369614175048249346,5,5,0.0
68,SC,1336810117057179649,5,5,0.0
32,SC,1369048387815899139,5,2,0.0
31,SC,1336810117057179649,5,4,0.0
17,SC,1336964656792035329,5,2,0.0
30,SC,1364666742916583427,5,3,0.0
16,SC,1324374402750767104,5,1,0.0
61,SC,1368080635655450627,5,4,0.0
39,SC,1369075493753020420,5,5,0.0
13,SC,1362776603047165957,5,2,0.0
60,SC,1369075561981566976,5,5,0.0
72,SC,1326033569555181568,5,3,0.0
62,SC,1331748997124534274,5,3,0.0
12,SC,1361853779025403905,5,2,0.0
41,SC,1354545532044075013,5,4,0.0
41,SC,1369075561981566976,5,5,0.0
40,SC,1331748997124534274,5,2,0.0
66,SC,1283912982200631298,5,5,0.0
21,SC,1367300793485828097,5,5,0.0
9,SC,1364683920965578753,5,1,0.0
47,SC,1369405604595400711,5,5,0.0
57,SC,1369375444793954323,5,5,0.0
8,SC,1294010972055592962,5,4,0.0
23,SC,1294010972055592962,5,3,0.0
45,SC,1362360519626227713,5,4,0.0
46,SC,1369298875719311360,5,5,0.0
28,SC,1350483251291451392,5,5,0.0
42,SC,1369075493753020420,5,2,0.0
22,SC,1369375444793954323,5,5,0.0
10,SC,1350483251291451392,5,5,0.0
58,SC,1369075493753020420,5,5,0.0
74,SC,1369298875719311360,5,3,0.0
44,SC,1369400194513723396,5,5,0.0
43,SC,1355167587638906880,5,5,0.0
11,SC,1369614175048249346,5,5,0.0
11,SC,1294010972055592962,5,4,0.0
59,SC,1369075561981566976,5,5,0.0
11,SC,1331748997124534274,5,1,0.0
27,SC,1369441796925886465,5,5,0.0
29,SC,1362083047785439239,5,5,0.0
48,SC,1368610152081985537,5,4,0.0
49,SC,1368610152081985537,5,5,0.0
77,SC,1362776603047165957,5,4,0.0
76,SC,1355167587638906880,5,5,0.0
54,SC,1369075561981566976,5,3,0.0
7,SC,1368909409775149064,5,4,0.0
6,SC,1369405604595400711,5,5,0.0
55,SC,1368245651046207493,5,4,0.0
26,SC,1359597695548153864,5,4,0.0
24,SC,1336810117057179649,5,2,0.0
25,SC,1369441796925886465,5,5,0.0
67,SC,1369326799709212680,5,3,0.0
81,SC,1367462925250818061,5,5,0.0
79,SC,1364683920965578753,5,4,0.0
78,SC,1324374402750767104,5,1,0.0
41,SC,1364666742916583427,6,4,0.0
38,SC,1369326799709212680,6,5,0.0
73,SC,1362074171832958980,6,1,0.0
68,SC,1336059119174897665,6,5,0.0
15,SC,1361586402484514816,6,3,0.0
62,SC,1354545532044075013,6,3,0.0
16,SC,1367462925250818061,6,1,0.0
28,SC,1336964656792035329,6,1,0.0
47,SC,1331748997124534274,6,5,0.0
44,SC,1354118501653483523,6,4,0.0
45,SC,1308393354120421376,6,5,0.0
46,SC,1369441796925886465,6,5,0.0
9,SC,1095067826061262848,6,1,0.0
31,SC,1365327872643260420,6,3,0.0
30,SC,1366443197166096385,6,2,0.0
61,SC,1367947939579006979,6,4,0.0
37,SC,1355167587638906880,6,3,0.0
66,SC,1318667750408036352,6,5,0.0
12,SC,1365037827298238464,6,2,0.0
21,SC,1369075493753020420,6,4,0.0
40,SC,1355167587638906880,6,2,0.0
72,SC,1334873913210380298,6,5,0.0
13,SC,1336964656792035329,6,1,0.0
60,SC,1364666742916583427,6,5,0.0
39,SC,1369075561981566976,6,5,0.0
32,SC,1369355243406954501,6,1,0.0
68,SC,1365327872643260420,6,5,0.0
41,SC,1355167587638906880,6,2,0.0
33,SC,1369441796925886465,6,4,0.0
34,SC,1369441796925886465,6,4,0.0
71,SC,1336964656792035329,6,5,0.0
20,SC,1367462925250818061,6,1,0.0
19,SC,1369298875719311360,6,4,0.0
70,SC,1369400194513723396,6,5,0.0
36,SC,1369075493753020420,6,4,0.0
35,SC,1354118501653483523,6,1,0.0
17,SC,1336810117057179649,6,2,0.0
36,SC,1095067826061262848,6,4,0.0
18,SC,1361586402484514816,6,1,0.0
53,SC,1369075561981566976,6,4,0.0
4,SC,1369400194513723396,6,5,0.0
63,SC,1369355243406954501,6,5,0.0
63,SC,1369400194513723396,6,5,0.0
2,SC,1369355243406954501,6,2,0.0
50,SC,1367462925250818061,6,5,0.0
3,SC,1369075561981566976,6,2,0.0
1,SC,1336964656792035329,6,2,0.0
51,SC,1364666742916583427,6,5,0.0
5,SC,1369355243406954501,6,5,0.0
25,SC,1369400194513723396,6,5,0.0
81,SC,1359597695548153864,6,5,0.0
67,SC,1362074171832958980,6,4,0.0
78,SC,1367462925250818061,6,1,0.0
54,SC,1364666742916583427,6,3,0.0
48,SC,1322257265496334336,6,5,0.0
49,SC,1322257265496334336,6,3,0.0
79,SC,1095067826061262848,6,5,0.0
10,SC,1336964656792035329,6,4,0.0
74,SC,1369441796925886465,6,3,0.0
76,SC,1294010972055592962,6,4,0.0
7,SC,1336964656792035329,6,3,0.0
55,SC,1368610152081985537,6,4,0.0
6,SC,1331748997124534274,6,4,0.0
26,SC,1354011094751260673,6,4,0.0
24,SC,1365327872643260420,6,4,0.0
77,SC,1369298875719311360,6,4,0.0
57,SC,1369298875719311360,6,5,0.0
8,SC,1337021907464499204,6,4,0.0
23,SC,1337021907464499204,6,3,0.0
22,SC,1364666742916583427,6,3,0.0
43,SC,1294010972055592962,6,5,0.0
58,SC,1369075561981566976,6,5,0.0
42,SC,1369169111478005763,6,2,0.0
11,SC,1337021907464499204,6,5,0.0
59,SC,1364666742916583427,6,5,0.0
11,SC,1336059119174897665,6,5,0.0
11,SC,1355167587638906880,6,5,0.0
27,SC,1369400194513723396,6,5,0.0
29,SC,1369075493753020420,6,5,0.0
60,SC,1366443197166096385,7,5,0.0
38,SC,1362074171832958980,7,3,0.0
32,SC,1362074171832958980,7,1,0.0
63,SC,1369048387815899139,7,5,0.0
63,SC,1362074171832958980,7,4,0.0
78,SC,1319402828285108225,7,2,0.0
50,SC,1369441796925886465,7,5,0.0
4,SC,1369048387815899139,7,5,0.0
1,SC,1369441796925886465,7,3,0.0
3,SC,1303249708169613313,7,2,0.0
51,SC,1366443197166096385,7,5,0.0
5,SC,1362074171832958980,7,3,0.0
13,SC,1336810117057179649,7,4,0.0
39,SC,1364666742916583427,7,3,0.0
37,SC,1317842770816602114,7,2,0.0
68,SC,1337318168277241857,7,3,0.0
15,SC,1361853779025403905,7,5,0.0
62,SC,1355167587638906880,7,3,0.0
31,SC,1337318168277241857,7,5,0.0
30,SC,1362776603047165957,7,4,0.0
61,SC,1354545532044075013,7,4,0.0
16,SC,1319402828285108225,7,1,0.0
53,SC,1364666742916583427,7,1,0.0
19,SC,1369441796925886465,7,4,0.0
20,SC,1354118501653483523,7,1,0.0
71,SC,1336810117057179649,7,5,0.0
33,SC,1369400194513723396,7,4,0.0
18,SC,1361853779025403905,7,1,0.0
34,SC,1369400194513723396,7,1,0.0
17,SC,1365327872643260420,7,2,0.0
35,SC,1361046993158692866,7,2,0.0
70,SC,1369048387815899139,7,5,0.0
36,SC,1369075561981566976,7,4,0.0
36,SC,1365320876510560258,7,5,0.0
21,SC,1369075561981566976,7,4,0.0
68,SC,1342062601535164416,7,5,0.0
12,SC,1301164188136431616,7,5,0.0
41,SC,1294010972055592962,7,1,0.0
40,SC,1294010972055592962,7,5,0.0
72,SC,1354520696358137868,7,5,0.0
11,SC,1294010972055592962,7,5,0.0
11,SC,1342062601535164416,7,5,0.0
8,SC,1350483251291451392,7,5,0.0
46,SC,1369400194513723396,7,5,0.0
57,SC,1369441796925886465,7,5,0.0
67,SC,1369614175048249346,7,4,0.0
23,SC,1350483251291451392,7,5,0.0
22,SC,1366443197166096385,7,2,0.0
74,SC,1369400194513723396,7,4,0.0
41,SC,1366443197166096385,7,3,0.0
59,SC,1366443197166096385,7,5,0.0
66,SC,1344784297316786177,7,5,0.0
11,SC,1350483251291451392,7,5,0.0
42,SC,1369075561981566976,7,2,0.0
29,SC,1369169111478005763,7,3,0.0
58,SC,1364666742916583427,7,5,0.0
27,SC,1369048387815899139,7,4,0.0
28,SC,1336810117057179649,7,3,0.0
45,SC,1241401189721350145,7,3,0.0
55,SC,1322257265496334336,7,4,0.0
10,SC,1367462925250818061,7,4,0.0
44,SC,1369048387815899139,7,5,0.0
43,SC,1337021907464499204,7,5,0.0
73,SC,1369614175048249346,7,4,0.0
9,SC,1365320876510560258,7,4,0.0
47,SC,1369298875719311360,7,5,0.0
24,SC,1337318168277241857,7,3,0.0
26,SC,1353672852747284480,7,3,0.0
7,SC,1367462925250818061,7,5,0.0
6,SC,1369298875719311360,7,5,0.0
54,SC,1366443197166096385,7,5,0.0
48,SC,1369405604595400711,7,5,0.0
76,SC,1337021907464499204,7,5,0.0
77,SC,1369326799709212680,7,4,0.0
49,SC,1294355303329341442,7,5,0.0
25,SC,1369048387815899139,7,5,0.0
2,SC,1362074171832958980,7,3,0.0
81,SC,1367113993815547906,7,5,0.0
79,SC,1365320876510560258,7,4,0.0
81,SC,1366499073671454725,8,5,0.0
79,SC,1338584496489172992,8,4,0.0
1,SC,1336810117057179649,8,3,0.0
2,SC,1369614175048249346,8,4,0.0
53,SC,1366443197166096385,8,1,0.0
49,SC,1325738196374876161,8,1,0.0
50,SC,1369400194513723396,8,4,0.0
51,SC,1354545532044075013,8,1,0.0
54,SC,1354545532044075013,8,3,0.0
48,SC,1294355303329341442,8,5,0.0
44,SC,1283912982200631298,8,5,0.0
45,SC,1368909409775149064,8,4,0.0
55,SC,1294355303329341442,8,4,0.0
57,SC,1369400194513723396,8,5,0.0
46,SC,1369326799709212680,8,5,0.0
47,SC,1355167587638906880,8,1,0.0
43,SC,1350483251291451392,8,5,0.0
42,SC,1364666742916583427,8,5,0.0
58,SC,1366443197166096385,8,5,0.0
59,SC,1354545532044075013,8,5,0.0
41,SC,1362776603047165957,8,1,0.0
41,SC,1337021907464499204,8,1,0.0
36,SC,1338584496489172992,8,4,0.0
35,SC,1151605021345083392,8,4,0.0
62,SC,1294010972055592962,8,3,0.0
61,SC,1317842770816602114,8,5,0.0
37,SC,1294010972055592962,8,4,0.0
36,SC,1364666742916583427,8,5,0.0
60,SC,1354545532044075013,8,5,0.0
38,SC,1354011094751260673,8,5,0.0
39,SC,1366443197166096385,8,5,0.0
40,SC,1337021907464499204,8,5,0.0
34,SC,1369326799709212680,8,3,0.0
33,SC,1369326799709212680,8,2,0.0
63,SC,1369614175048249346,8,5,0.0
32,SC,1369614175048249346,8,3,0.0
31,SC,1363551492486008834,8,2,0.0
63,SC,1369355243406954501,8,5,0.0
29,SC,1337020338916499463,8,3,0.0
30,SC,1367237010608431106,8,2,0.0
28,SC,1365327872643260420,8,1,0.0
66,SC,1354565152939544576,8,5,0.0
6,SC,1355167587638906880,8,3,0.0
12,SC,1366910062711685124,8,5,0.0
13,SC,1365327872643260420,8,1,0.0
72,SC,1369441796925886465,8,5,0.0
15,SC,1301164188136431616,8,3,0.0
16,SC,1367113993815547906,8,4,0.0
19,SC,1369400194513723396,8,4,0.0
18,SC,1301164188136431616,8,3,0.0
71,SC,1365327872643260420,8,5,0.0
70,SC,1369355243406954501,8,5,0.0
17,SC,1337318168277241857,8,2,0.0
20,SC,1367113993815547906,8,4,0.0
68,SC,1240464261366919171,8,5,0.0
68,SC,1363551492486008834,8,3,0.0
22,SC,1362776603047165957,8,3,0.0
21,SC,1364666742916583427,8,3,0.0
23,SC,1337022746824499203,8,3,0.0
24,SC,1363551492486008834,8,4,0.0
25,SC,1369355243406954501,8,5,0.0
67,SC,1369315042236174343,8,4,0.0
26,SC,1369614175048249346,8,4,0.0
27,SC,1369355243406954501,8,5,0.0
11,SC,1337021907464499204,8,5,0.0
11,SC,1240464261366919171,8,5,0.0
11,SC,1337022746824499203,8,5,0.0
74,SC,1369326799709212680,8,4,0.0
73,SC,1369315042236174343,8,3,0.0
10,SC,1336810117057179649,8,4,0.0
8,SC,1337022746824499203,8,4,0.0
9,SC,1338584496489172992,8,3,0.0
76,SC,1337022746824499203,8,4,0.0
77,SC,1354011094751260673,8,4,0.0
78,SC,1367113993815547906,8,2,0.0
7,SC,1336810117057179649,8,4,0.0
4,SC,1369355243406954501,8,5,0.0
3,SC,1364666742916583427,8,3,0.0
5,SC,1369614175048249346,8,4,0.0
62,SC,1337021907464499204,9,3,0.0
35,SC,1265629710941388800,9,1,0.0
36,SC,1366443197166096385,9,3,0.0
36,SC,1336059119174897665,9,4,0.0
61,SC,1367946026674352134,9,5,0.0
32,SC,1359577321695547392,9,1,0.0
11,SC,1334726779903168512,9,5,0.0
76,SC,1334726779903168512,9,5,0.0
70,SC,1354011094751260673,9,3,0.0
19,SC,1369326799709212680,9,4,0.0
71,SC,1337318168277241857,9,5,0.0
18,SC,1365109273240473600,9,1,0.0
59,SC,1317842770816602114,9,5,0.0
60,SC,1317842770816602114,9,5,0.0
38,SC,1353672852747284480,9,5,0.0
39,SC,1367237010608431106,9,5,0.0
40,SC,1350483251291451392,9,5,0.0
27,SC,1354011094751260673,9,5,0.0
63,SC,1354011094751260673,9,5,0.0
63,SC,1359577321695547392,9,5,0.0
29,SC,1369075561981566976,9,5,0.0
28,SC,1337318168277241857,9,1,0.0
31,SC,1283912982200631298,9,3,0.0
33,SC,1369048387815899139,9,4,0.0
34,SC,1369048387815899139,9,3,0.0
30,SC,1368641210533830657,9,4,0.0
66,SC,1340975456644939777,9,5,0.0
50,SC,1354118501653483523,9,4,0.0
37,SC,1337021907464499204,9,5,0.0
44,SC,1318667750408036352,9,5,0.0
45,SC,1324374402750767104,9,5,0.0
57,SC,1286599815967776768,9,5,0.0
46,SC,1369048387815899139,9,4,0.0
41,SC,1337022746824499203,9,2,0.0
58,SC,1362776603047165957,9,5,0.0
41,SC,1317842770816602114,9,4,0.0
43,SC,1337022746824499203,9,5,0.0
42,SC,1368080635655450627,9,5,0.0
55,SC,1325738196374876161,9,4,0.0
54,SC,1317842770816602114,9,5,0.0
51,SC,1317842770816602114,9,5,0.0
47,SC,1294010972055592962,9,5,0.0
48,SC,1325738196374876161,9,5,0.0
49,SC,1303249708169613313,9,2,0.0
1,SC,1369400194513723396,9,4,0.0
53,SC,1354545532044075013,9,1,0.0
2,SC,1359577321695547392,9,3,0.0
79,SC,1336059119174897665,9,5,0.0
81,SC,1368580185642110982,9,5,0.0
5,SC,1359577321695547392,9,1,0.0
4,SC,1354011094751260673,9,4,0.0
3,SC,1366443197166096385,9,4,0.0
78,SC,1366499073671454725,9,2,0.0
10,SC,1365327872643260420,9,3,0.0
74,SC,1369048387815899139,9,3,0.0
11,SC,1359932980974657536,9,5,0.0
77,SC,1353672852747284480,9,5,0.0
11,SC,1350483251291451392,9,5,0.0
20,SC,1366499073671454725,9,3,0.0
21,SC,1366443197166096385,9,1,0.0
73,SC,1359577321695547392,9,1,0.0
9,SC,1336059119174897665,9,4,0.0
8,SC,1334726779903168512,9,4,0.0
7,SC,1365327872643260420,9,4,0.0
6,SC,1317842770816602114,9,5,0.0
13,SC,1337318168277241857,9,1,0.0
12,SC,1365109273240473600,9,3,0.0
72,SC,1354807067232489475,9,5,0.0
15,SC,1365109273240473600,9,3,0.0
16,SC,1366499073671454725,9,2,0.0
17,SC,1363551492486008834,9,2,0.0
68,SC,1359932980974657536,9,5,0.0
22,SC,1367237010608431106,9,3,0.0
68,SC,1364607745270423556,9,5,0.0
24,SC,1364607745270423556,9,4,0.0
67,SC,1359577321695547392,9,5,0.0
25,SC,1354011094751260673,9,4,0.0
23,SC,1334726779903168512,9,3,0.0
26,SC,1336059119174897665,9,3,0.0
34,SC,1369355243406954501,10,3,0.0
33,SC,1369355243406954501,10,3,0.0
47,SC,1337021907464499204,10,5,0.0
48,SC,1369375444793954323,10,5,0.0
49,SC,1368271872002035713,10,5,0.0
54,SC,1367237010608431106,10,3,0.0
50,SC,1369048387815899139,10,5,0.0
1,SC,1365327872643260420,10,1,0.0
53,SC,1367237010608431106,10,1,0.0
51,SC,1367237010608431106,10,5,0.0
2,SC,1362085735063572482,10,3,0.0
79,SC,1366561763962073092,10,5,0.0
81,SC,1368649404702408707,10,5,0.0
61,SC,1242251884007534592,10,4,0.0
36,SC,1317842770816602114,10,5,0.0
37,SC,1337022746824499203,10,4,0.0
36,SC,1366561763962073092,10,3,0.0
35,SC,1357381035852521474,10,1,0.0
62,SC,1337022746824499203,10,3,0.0
38,SC,1369315042236174343,10,4,0.0
59,SC,1367237010608431106,10,5,0.0
60,SC,1367237010608431106,10,5,0.0
39,SC,1368641210533830657,10,3,0.0
40,SC,1337022746824499203,10,5,0.0
46,SC,1369355243406954501,10,2,0.0
55,SC,1368271872002035713,10,4,0.0
44,SC,1369355243406954501,10,5,0.0
45,SC,1367462925250818061,10,4,0.0
57,SC,1369326799709212680,10,5,0.0
42,SC,1366443197166096385,10,5,0.0
41,SC,1334726779903168512,10,1,0.0
41,SC,1367237010608431106,10,3,0.0
43,SC,1334726779903168512,10,5,0.0
58,SC,1367237010608431106,10,5,0.0
27,SC,1353672852747284480,10,3,0.0
28,SC,1354118501653483523,10,1,0.0
63,SC,1353672852747284480,10,5,0.0
63,SC,1362085735063572482,10,5,0.0
66,SC,1317810926133874689,10,5,0.0
29,SC,1364666742916583427,10,5,0.0
31,SC,1318667750408036352,10,2,0.0
30,SC,1369034842222985216,10,4,0.0
32,SC,1362085735063572482,10,2,0.0
11,SC,1334711453211889665,10,3,0.0
11,SC,1337022746824499203,10,5,0.0
11,SC,1369042864316026881,10,5,0.0
72,SC,1356255250680864768,10,5,0.0
15,SC,1366121589478154243,10,4,0.0
13,SC,1363551492486008834,10,1,0.0
12,SC,1366197120064192513,10,5,0.0
23,SC,1334711453211889665,10,3,0.0
24,SC,1346517996760666117,10,5,0.0
22,SC,1368641210533830657,10,5,0.0
21,SC,1317842770816602114,10,5,0.0
67,SC,1362085735063572482,10,4,0.0
26,SC,1342062601535164416,10,3,0.0
25,SC,1353672852747284480,10,4,0.0
16,SC,1368580185642110982,10,5,0.0
71,SC,1367963978421264385,10,5,0.0
70,SC,1353672852747284480,10,3,0.0
17,SC,1344784297316786177,10,5,0.0
18,SC,1366121589478154243,10,2,0.0
68,SC,1346517996760666117,10,5,0.0
68,SC,1369042864316026881,10,5,0.0
20,SC,1368580185642110982,10,1,0.0
19,SC,1369048387815899139,10,3,0.0
5,SC,1362085735063572482,10,1,0.0
6,SC,1294010972055592962,10,3,0.0
7,SC,1337318168277241857,10,3,0.0
76,SC,1334711453211889665,10,5,0.0
8,SC,1334711453211889665,10,4,0.0
73,SC,1362085735063572482,10,1,0.0
10,SC,1337318168277241857,10,3,0.0
9,SC,1366561763962073092,10,1,0.0
74,SC,1369355243406954501,10,3,0.0
77,SC,1369614175048249346,10,5,0.0
4,SC,1353672852747284480,10,4,0.0
78,SC,1368580185642110982,10,2,0.0
3,SC,1367237010608431106,10,3,0.0
1,SCSA,1364607745270423556,1,5,0.0
3,SCSA,1367894335233142789,1,3,0.0
43,SCSA,1353502767352926208,1,5,0.0
46,SCSA,1369315042236174343,1,3,0.0
32,SCSA,1369292125641269258,1,3,0.0
54,SCSA,1367894335233142789,1,2,0.0
7,SCSA,1364607745270423556,1,2,0.0
44,SCSA,1364664823984779267,1,3,0.0
9,SCSA,1362872757109809152,1,1,0.0
74,SCSA,1369315042236174343,1,5,0.0
57,SCSA,1247840496569012225,1,4,0.0
76,SCSA,1353502767352926208,1,2,0.0
78,SCSA,1368933410085945345,1,1,0.0
8,SCSA,1353502767352926208,1,4,0.0
33,SCSA,1369315042236174343,1,3,0.0
55,SCSA,1299756201509613568,1,5,0.0
51,SCSA,1367894335233142789,1,1,0.0
53,SCSA,1367894335233142789,1,1,0.0
11,SCSA,1353502767352926208,1,2,0.0
73,SCSA,1369395335769038849,1,5,0.0
11,SCSA,1360346403873181707,1,3,0.0
27,SCSA,1369458171467591683,1,5,0.0
26,SCSA,1369458171467591683,1,4,0.0
11,SCSA,1354565152939544576,1,4,0.0
42,SCSA,1367894335233142789,1,5,0.0
45,SCSA,1351283213403095045,1,5,0.0
28,SCSA,1364607745270423556,1,1,0.0
72,SCSA,1367532398825648130,1,5,0.0
31,SCSA,1364607745270423556,1,4,0.0
10,SCSA,1364607745270423556,1,3,0.0
30,SCSA,1367894335233142789,1,4,0.0
29,SCSA,1367894335233142789,1,4,0.0
36,SCSA,1367894335233142789,1,3,0.0
23,SCSA,1353502767352926208,1,3,0.0
13,SCSA,1364607745270423556,1,4,0.0
24,SCSA,1337077938076979205,1,3,0.0
15,SCSA,1360286991011639302,1,3,0.0
16,SCSA,1368933410085945345,1,1,0.0
70,SCSA,1369458171467591683,1,3,0.0
61,SCSA,1354118501653483523,1,5,0.0
17,SCSA,1364607745270423556,1,5,0.0
18,SCSA,1360286991011639302,1,1,0.0
20,SCSA,1339525827118194689,1,1,0.0
66,SCSA,1364664823984779267,1,5,0.0
68,SCSA,1360346403873181707,1,4,0.0
68,SCSA,1337077938076979205,1,5,0.0
21,SCSA,1367894335233142789,1,3,0.0
50,SCSA,1339525827118194689,1,4,0.0
71,SCSA,1364607745270423556,1,5,0.0
36,SCSA,1362872757109809152,1,3,0.0
12,SCSA,1334873913210380298,1,5,0.0
25,SCSA,1369458171467591683,1,5,0.0
40,SCSA,1354565152939544576,1,1,0.0
22,SCSA,1369441796925886465,1,4,0.0
39,SCSA,1367894335233142789,1,4,0.0
38,SCSA,1369395335769038849,1,4,0.0
47,SCSA,1337022746824499203,1,5,0.0
34,SCSA,1369315042236174343,1,4,0.0
35,SCSA,1339525827118194689,1,3,0.0
41,SCSA,1367894335233142789,1,3,0.0
60,SCSA,1367894335233142789,1,5,0.0
41,SCSA,1353502767352926208,1,1,0.0
58,SCSA,1367894335233142789,1,5,0.0
62,SCSA,1364607745270423556,1,3,0.0
49,SCSA,1368932010971004931,1,5,0.0
19,SCSA,1369315042236174343,1,4,0.0
6,SCSA,1337022746824499203,1,2,0.0
5,SCSA,1369292125641269258,1,3,0.0
81,SCSA,1369458171467591683,1,5,0.0
79,SCSA,1362872757109809152,1,4,0.0
2,SCSA,1369292125641269258,1,4,0.0
4,SCSA,1369458171467591683,1,4,0.0
37,SCSA,1353502767352926208,1,3,0.0
63,SCSA,1369292125641269258,1,5,0.0
77,SCSA,1369315042236174343,1,3,0.0
48,SCSA,1369441796925886465,1,5,0.0
63,SCSA,1369458171467591683,1,2,0.0
26,SCSA,1333873034114064385,2,3,0.0
27,SCSA,1369441382973272064,2,5,0.0
28,SCSA,1337077938076979205,2,1,0.0
54,SCSA,1363941648812675075,2,2,0.0
32,SCSA,1369458171467591683,2,4,0.0
11,SCSA,1353502767352926208,2,4,0.0
11,SCSA,1369458171467591683,2,4,0.0
11,SCSA,1351920546011893761,2,4,0.0
51,SCSA,1363941648812675075,2,1,0.0
53,SCSA,1364607745270423556,2,1,0.0
73,SCSA,1369292125641269258,2,5,0.0
10,SCSA,1337077938076979205,2,3,0.0
31,SCSA,1364664823984779267,2,3,0.0
29,SCSA,1337022746824499203,2,4,0.0
30,SCSA,1363941648812675075,2,5,0.0
45,SCSA,1328417466272321537,2,5,0.0
42,SCSA,1363941648812675075,2,5,0.0
72,SCSA,1356255352145272832,2,5,0.0
35,SCSA,1368777274506571779,2,1,0.0
22,SCSA,1367894335233142789,2,5,0.0
40,SCSA,1353502767352926208,2,2,0.0
38,SCSA,1369292125641269258,2,4,0.0
39,SCSA,1363941648812675075,2,4,0.0
36,SCSA,1364607745270423556,2,5,0.0
36,SCSA,1360346403873181707,2,5,0.0
25,SCSA,1369441382973272064,2,5,0.0
12,SCSA,1360286991011639302,2,5,0.0
47,SCSA,1353502767352926208,2,5,0.0
60,SCSA,1363941648812675075,2,5,0.0
58,SCSA,1363941648812675075,2,5,0.0
41,SCSA,1351920546011893761,2,2,0.0
71,SCSA,1337077938076979205,2,4,0.0
41,SCSA,1363941648812675075,2,3,0.0
34,SCSA,1369395335769038849,2,4,0.0
24,SCSA,1369383214062665731,2,3,0.0
63,SCSA,1369458171467591683,2,4,0.0
63,SCSA,1369441382973272064,2,2,0.0
44,SCSA,1317810926133874689,2,5,0.0
7,SCSA,1337077938076979205,2,2,0.0
3,SCSA,1324374402750767104,2,5,0.0
1,SCSA,1337077938076979205,2,3,0.0
46,SCSA,1369395335769038849,2,3,0.0
43,SCSA,1351920546011893761,2,3,0.0
8,SCSA,1351920546011893761,2,4,0.0
78,SCSA,1319343716801236992,2,2,0.0
55,SCSA,1363181398908141579,2,5,0.0
33,SCSA,1369395335769038849,2,3,0.0
74,SCSA,1369395335769038849,2,4,0.0
9,SCSA,1360346403873181707,2,4,0.0
76,SCSA,1351920546011893761,2,2,0.0
57,SCSA,1369315042236174343,2,4,0.0
20,SCSA,1368777274506571779,2,1,0.0
66,SCSA,1283518830950510593,2,2,0.0
17,SCSA,1354565152939544576,2,1,0.0
18,SCSA,1354118501653483523,2,1,0.0
21,SCSA,1364607745270423556,2,1,0.0
50,SCSA,1368777274506571779,2,5,0.0
68,SCSA,1369458171467591683,2,2,0.0
68,SCSA,1369383214062665731,2,5,0.0
13,SCSA,1354565152939544576,2,1,0.0
61,SCSA,1367949455262060544,2,3,0.0
23,SCSA,1351920546011893761,2,3,0.0
70,SCSA,1369441382973272064,2,5,0.0
15,SCSA,1318667750408036352,2,3,0.0
16,SCSA,1319343716801236992,2,5,0.0
62,SCSA,1365327872643260420,2,3,0.0
48,SCSA,1299756201509613568,2,3,0.0
77,SCSA,1369395335769038849,2,5,0.0
4,SCSA,1369441382973272064,2,5,0.0
49,SCSA,1322257618178609153,2,5,0.0
19,SCSA,1369395335769038849,2,4,0.0
37,SCSA,1351920546011893761,2,4,0.0
79,SCSA,1360346403873181707,2,4,0.0
5,SCSA,1369458171467591683,2,4,0.0
6,SCSA,1353502767352926208,2,3,0.0
2,SCSA,1369458171467591683,2,3,0.0
81,SCSA,1333873034114064385,2,5,0.0
2,SCSA,1365007905318133766,3,4,0.0
1,SCSA,1354118501653483523,3,1,0.0
78,SCSA,1367170047081402380,3,1,0.0
79,SCSA,1333873034114064385,3,3,0.0
5,SCSA,1365007905318133766,3,2,0.0
81,SCSA,1368561200754270210,3,5,0.0
76,SCSA,1365416645624143873,3,2,0.0
77,SCSA,1369458171467591683,3,4,0.0
48,SCSA,1363181398908141579,3,3,0.0
18,SCSA,1359941706951524353,3,1,0.0
20,SCSA,1361046993158692866,3,1,0.0
62,SCSA,1337077938076979205,3,3,0.0
49,SCSA,1299756201509613568,3,1,0.0
37,SCSA,1365416645624143873,3,2,0.0
3,SCSA,1364607745270423556,3,2,0.0
70,SCSA,1368622654870192131,3,3,0.0
36,SCSA,1363941648812675075,3,3,0.0
36,SCSA,1333873034114064385,3,5,0.0
15,SCSA,1364664823984779267,3,4,0.0
66,SCSA,1303840025000509448,3,4,0.0
24,SCSA,1336793663792406530,3,5,0.0
61,SCSA,1288988861092245505,3,3,0.0
13,SCSA,1337077938076979205,3,3,0.0
63,SCSA,1368622654870192131,3,5,0.0
68,SCSA,1336793663792406530,3,5,0.0
68,SCSA,1333873034114064385,3,5,0.0
21,SCSA,1363941648812675075,3,4,0.0
63,SCSA,1365007905318133766,3,5,0.0
50,SCSA,1369355243406954501,3,4,0.0
16,SCSA,1367170047081402380,3,1,0.0
17,SCSA,1337077938076979205,3,2,0.0
19,SCSA,1369355243406954501,3,4,0.0
26,SCSA,1359932980974657536,3,4,0.0
11,SCSA,1365416645624143873,3,5,0.0
11,SCSA,1351920546011893761,3,2,0.0
11,SCSA,1333873034114064385,3,3,0.0
73,SCSA,1369458171467591683,3,1,0.0
53,SCSA,1363941648812675075,3,1,0.0
55,SCSA,1368177229285502976,3,5,0.0
72,SCSA,1355169402128363523,3,5,0.0
28,SCSA,1369383214062665731,3,1,0.0
41,SCSA,1354118501653483523,3,3,0.0
30,SCSA,1367315410106736640,3,4,0.0
31,SCSA,1337077938076979205,3,4,0.0
10,SCSA,1369383214062665731,3,4,0.0
42,SCSA,1367947939579006979,3,5,0.0
33,SCSA,1369458171467591683,3,3,0.0
51,SCSA,1354118501653483523,3,5,0.0
41,SCSA,1365416645624143873,3,2,0.0
34,SCSA,1369458171467591683,3,2,0.0
46,SCSA,1369458171467591683,3,4,0.0
71,SCSA,1354118501653483523,3,4,0.0
58,SCSA,1367315410106736640,3,5,0.0
27,SCSA,1368622654870192131,3,5,0.0
60,SCSA,1354118501653483523,3,5,0.0
47,SCSA,1351920546011893761,3,5,0.0
38,SCSA,1365007905318133766,3,4,0.0
12,SCSA,1354807067232489475,3,5,0.0
35,SCSA,1362196066431627265,3,3,0.0
25,SCSA,1368622654870192131,3,4,0.0
40,SCSA,1351920546011893761,3,5,0.0
39,SCSA,1318667750408036352,3,5,0.0
22,SCSA,1363941648812675075,3,5,0.0
23,SCSA,1365416645624143873,3,3,0.0
8,SCSA,1365416645624143873,3,4,0.0
7,SCSA,1369383214062665731,3,3,0.0
32,SCSA,1365007905318133766,3,1,0.0
54,SCSA,1354118501653483523,3,4,0.0
45,SCSA,1340409077751566338,3,3,0.0
6,SCSA,1351920546011893761,3,2,0.0
43,SCSA,1365416645624143873,3,3,0.0
44,SCSA,1283518830950510593,3,5,0.0
9,SCSA,1333873034114064385,3,5,0.0
74,SCSA,1369458171467591683,3,5,0.0
57,SCSA,764216312134590466,3,4,0.0
4,SCSA,1368622654870192131,3,5,0.0
29,SCSA,1366443197166096385,3,5,0.0
61,SCSA,1242143080616087552,4,2,0.0
70,SCSA,1352554075657801732,4,3,0.0
24,SCSA,1369386818169372680,4,3,0.0
81,SCSA,1359932980974657536,4,5,0.0
5,SCSA,1361388306106318857,4,2,0.0
77,SCSA,1368622654870192131,4,4,0.0
13,SCSA,1369383214062665731,4,2,0.0
36,SCSA,1365327872643260420,4,5,0.0
36,SCSA,1366115959623331844,4,3,0.0
66,SCSA,1368217898095964166,4,5,0.0
15,SCSA,1354565152939544576,4,5,0.0
19,SCSA,1353672852747284480,4,4,0.0
68,SCSA,1362069293790162946,4,5,0.0
16,SCSA,1345510484213075968,4,1,0.0
17,SCSA,1369383214062665731,4,2,0.0
21,SCSA,1365327872643260420,4,1,0.0
68,SCSA,1369386818169372680,4,5,0.0
50,SCSA,1361046993158692866,4,5,0.0
78,SCSA,1345510484213075968,4,1,0.0
27,SCSA,1352554075657801732,4,5,0.0
58,SCSA,1368286394792046596,4,5,0.0
11,SCSA,1337463904566456320,4,5,0.0
60,SCSA,1367315410106736640,4,5,0.0
11,SCSA,1362069293790162946,4,5,0.0
34,SCSA,1369441382973272064,4,4,0.0
47,SCSA,1365416645624143873,4,5,0.0
46,SCSA,1369441382973272064,4,4,0.0
71,SCSA,1369383214062665731,4,4,0.0
40,SCSA,1365416645624143873,4,5,0.0
23,SCSA,1337463904566456320,4,3,0.0
22,SCSA,1367315410106736640,4,1,0.0
12,SCSA,1367532398825648130,4,5,0.0
38,SCSA,1359577321695547392,4,4,0.0
25,SCSA,1352554075657801732,4,2,0.0
35,SCSA,1369458171467591683,4,1,0.0
39,SCSA,1364664823984779267,4,4,0.0
53,SCSA,1365327872643260420,4,1,0.0
72,SCSA,1354446870312005635,4,5,0.0
76,SCSA,1337463904566456320,4,2,0.0
1,SCSA,1369383214062665731,4,2,0.0
2,SCSA,1361388306106318857,4,4,0.0
79,SCSA,1366115959623331844,4,5,0.0
49,SCSA,1324374402750767104,4,5,0.0
37,SCSA,1354118501653483523,4,1,0.0
48,SCSA,1368271872002035713,4,4,0.0
3,SCSA,1363941648812675075,4,4,0.0
18,SCSA,1349743109832372225,4,1,0.0
62,SCSA,1353502767352926208,4,3,0.0
20,SCSA,1362196066431627265,4,1,0.0
63,SCSA,1361388306106318857,4,3,0.0
63,SCSA,1352554075657801732,4,2,0.0
30,SCSA,1368286394792046596,4,4,0.0
31,SCSA,1317810926133874689,4,3,0.0
41,SCSA,1337463904566456320,4,1,0.0
41,SCSA,1367315410106736640,4,1,0.0
33,SCSA,1369441382973272064,4,4,0.0
51,SCSA,1367315410106736640,4,1,0.0
10,SCSA,1336793663792406530,4,3,0.0
42,SCSA,1367946026674352134,4,5,0.0
55,SCSA,1368300490895818755,4,5,0.0
73,SCSA,1365007905318133766,4,4,0.0
26,SCSA,1362069293790162946,4,4,0.0
11,SCSA,1365416645624143873,4,2,0.0
28,SCSA,1336793663792406530,4,2,0.0
74,SCSA,1369441382973272064,4,4,0.0
29,SCSA,1363941648812675075,4,4,0.0
9,SCSA,1366115959623331844,4,1,0.0
32,SCSA,1361388306106318857,4,2,0.0
4,SCSA,1352554075657801732,4,1,0.0
8,SCSA,1337463904566456320,4,4,0.0
7,SCSA,1336793663792406530,4,3,0.0
57,SCSA,1319651956579762176,4,5,0.0
6,SCSA,1365416645624143873,4,3,0.0
44,SCSA,1339525827118194689,4,5,0.0
54,SCSA,1367315410106736640,4,2,0.0
43,SCSA,1337463904566456320,4,3,0.0
45,SCSA,1167050866521780224,4,3,0.0
79,SCSA,1359932980974657536,5,4,0.0
2,SCSA,1361701236395958278,5,4,0.0
44,SCSA,1303840025000509448,5,3,0.0
1,SCSA,1336793663792406530,5,2,0.0
32,SCSA,1361701236395958278,5,4,0.0
54,SCSA,1368286394792046596,5,4,0.0
78,SCSA,1368584215403655171,5,1,0.0
4,SCSA,1369226601972563972,5,5,0.0
55,SCSA,1347166067995660290,5,5,0.0
28,SCSA,1369386818169372680,5,1,0.0
51,SCSA,1368286394792046596,5,1,0.0
53,SCSA,1337077938076979205,5,1,0.0
29,SCSA,1367947939579006979,5,5,0.0
57,SCSA,1291094964185825281,5,5,0.0
30,SCSA,1369017812165881859,5,3,0.0
31,SCSA,1369383214062665731,5,2,0.0
25,SCSA,1369226601972563972,5,4,0.0
61,SCSA,1357706176864129027,5,2,0.0
22,SCSA,1368286394792046596,5,2,0.0
60,SCSA,1368286394792046596,5,5,0.0
50,SCSA,1362196066431627265,5,4,0.0
49,SCSA,1369297616245231638,5,1,0.0
21,SCSA,1337077938076979205,5,1,0.0
23,SCSA,1331744604891344896,5,3,0.0
58,SCSA,1369034842222985216,5,5,0.0
24,SCSA,1369372321736232963,5,4,0.0
34,SCSA,1368622654870192131,5,2,0.0
35,SCSA,1364697022847209478,5,3,0.0
27,SCSA,1369226601972563972,5,5,0.0
26,SCSA,1321455751567532032,5,3,0.0
33,SCSA,1368622654870192131,5,4,0.0
36,SCSA,1337077938076979205,5,5,0.0
39,SCSA,1317810926133874689,5,5,0.0
38,SCSA,1361388306106318857,5,4,0.0
71,SCSA,1336793663792406530,5,4,0.0
12,SCSA,1356255352145272832,5,5,0.0
47,SCSA,1337463904566456320,5,5,0.0
46,SCSA,1368622654870192131,5,3,0.0
70,SCSA,1369226601972563972,5,3,0.0
40,SCSA,1337463904566456320,5,3,0.0
72,SCSA,1343929726579187713,5,5,0.0
10,SCSA,1369386818169372680,5,4,0.0
42,SCSA,1354545532044075013,5,2,0.0
73,SCSA,1361388306106318857,5,3,0.0
11,SCSA,1337463904566456320,5,4,0.0
11,SCSA,1331744604891344896,5,2,0.0
11,SCSA,1321455751567532032,5,5,0.0
15,SCSA,1317810926133874689,5,4,0.0
37,SCSA,1337463904566456320,5,4,0.0
17,SCSA,1336793663792406530,5,2,0.0
66,SCSA,1291862297665626112,5,2,0.0
16,SCSA,1368584215403655171,5,1,0.0
68,SCSA,1369372321736232963,5,5,0.0
68,SCSA,1321455751567532032,5,5,0.0
13,SCSA,1336793663792406530,5,4,0.0
18,SCSA,1368297763524448256,5,2,0.0
63,SCSA,1369226601972563972,5,2,0.0
63,SCSA,1361701236395958278,5,3,0.0
48,SCSA,1368177229285502976,5,4,0.0
19,SCSA,1369441382973272064,5,3,0.0
20,SCSA,1369458171467591683,5,5,0.0
62,SCSA,1351920546011893761,5,3,0.0
36,SCSA,1359932980974657536,5,5,0.0
41,SCSA,1331744604891344896,5,1,0.0
7,SCSA,1369386818169372680,5,5,0.0
6,SCSA,1354118501653483523,5,5,0.0
77,SCSA,1352554075657801732,5,5,0.0
5,SCSA,1361701236395958278,5,2,0.0
3,SCSA,1365327872643260420,5,3,0.0
76,SCSA,1331744604891344896,5,2,0.0
81,SCSA,1362069293790162946,5,5,0.0
43,SCSA,1331744604891344896,5,3,0.0
74,SCSA,1368622654870192131,5,3,0.0
9,SCSA,1359932980974657536,5,5,0.0
45,SCSA,1350843455128399879,5,3,0.0
8,SCSA,1331744604891344896,5,4,0.0
41,SCSA,1368286394792046596,5,1,0.0
50,SCSA,1367113993815547906,6,5,0.0
49,SCSA,1363181398908141579,6,1,0.0
34,SCSA,1369226601972563972,6,2,0.0
26,SCSA,1368622654870192131,6,3,0.0
32,SCSA,1366932843067277314,6,2,0.0
36,SCSA,1362069293790162946,6,4,0.0
36,SCSA,1354118501653483523,6,3,0.0
21,SCSA,1354118501653483523,6,2,0.0
61,SCSA,1364321423901085698,6,4,0.0
23,SCSA,1357375687967997959,6,3,0.0
22,SCSA,1369034842222985216,6,5,0.0
60,SCSA,1369034842222985216,6,5,0.0
58,SCSA,1369017812165881859,6,5,0.0
33,SCSA,1369226601972563972,6,4,0.0
27,SCSA,1364851499042537474,6,4,0.0
24,SCSA,1367882927384768524,6,5,0.0
25,SCSA,1364851499042537474,6,5,0.0
35,SCSA,1368760443498532864,6,2,0.0
51,SCSA,1369034842222985216,6,1,0.0
13,SCSA,1369386818169372680,6,5,0.0
15,SCSA,1359941706951524353,6,3,0.0
68,SCSA,1347619092417548288,6,5,0.0
68,SCSA,1367882927384768524,6,3,0.0
17,SCSA,1369386818169372680,6,2,0.0
37,SCSA,1331744604891344896,6,4,0.0
16,SCSA,1368561200754270210,6,1,0.0
66,SCSA,1327398719789150214,6,2,0.0
63,SCSA,1364851499042537474,6,5,0.0
19,SCSA,1352554075657801732,6,4,0.0
62,SCSA,1365416645624143873,6,3,0.0
20,SCSA,1368561200754270210,6,4,0.0
18,SCSA,1339525827118194689,6,4,0.0
63,SCSA,1366932843067277314,6,2,0.0
48,SCSA,1368300490895818755,6,4,0.0
38,SCSA,1361701236395958278,6,4,0.0
46,SCSA,1369226601972563972,6,3,0.0
47,SCSA,1331744604891344896,6,5,0.0
4,SCSA,1364851499042537474,6,2,0.0
78,SCSA,1368561200754270210,6,4,0.0
2,SCSA,1366932843067277314,6,3,0.0
79,SCSA,1362069293790162946,6,5,0.0
1,SCSA,1369386818169372680,6,5,0.0
44,SCSA,1368217898095964166,6,5,0.0
57,SCSA,1296511004063473667,6,5,0.0
29,SCSA,1367946026674352134,6,4,0.0
31,SCSA,1336793663792406530,6,3,0.0
30,SCSA,1367604109113655297,6,4,0.0
28,SCSA,1339525827118194689,6,3,0.0
55,SCSA,1369367452661014538,6,5,0.0
53,SCSA,1369383214062665731,6,1,0.0
54,SCSA,1369034842222985216,6,4,0.0
41,SCSA,1369034842222985216,6,2,0.0
41,SCSA,1364321423901085698,6,3,0.0
42,SCSA,1367949455262060544,6,2,0.0
10,SCSA,1369372321736232963,6,4,0.0
72,SCSA,1365767910543691777,6,5,0.0
40,SCSA,1331744604891344896,6,2,0.0
11,SCSA,1357375687967997959,6,5,0.0
73,SCSA,1361701236395958278,6,1,0.0
71,SCSA,1369386818169372680,6,5,0.0
12,SCSA,1326033569555181568,6,2,0.0
39,SCSA,1367315410106736640,6,5,0.0
70,SCSA,1364851499042537474,6,2,0.0
11,SCSA,1347619092417548288,6,5,0.0
11,SCSA,1331744604891344896,6,5,0.0
9,SCSA,1362069293790162946,6,4,0.0
8,SCSA,1357375687967997959,6,4,0.0
45,SCSA,1319402828285108225,6,5,0.0
43,SCSA,1368933410085945345,6,3,0.0
7,SCSA,1369372321736232963,6,4,0.0
6,SCSA,1337463904566456320,6,2,0.0
74,SCSA,1369226601972563972,6,4,0.0
76,SCSA,1357375687967997959,6,2,0.0
5,SCSA,1366932843067277314,6,2,0.0
77,SCSA,1369226601972563972,6,5,0.0
3,SCSA,1337077938076979205,6,3,0.0
81,SCSA,1367497561645457427,6,5,0.0
3,SCSA,1369383214062665731,7,3,0.0
43,SCSA,1357375687967997959,7,3,0.0
45,SCSA,1334044250942676993,7,4,0.0
44,SCSA,1291862297665626112,7,5,0.0
42,SCSA,1288988861092245505,7,1,0.0
8,SCSA,1358843515149504514,7,4,0.0
7,SCSA,1367882927384768524,7,4,0.0
6,SCSA,1331744604891344896,7,2,0.0
77,SCSA,1364851499042537474,7,5,0.0
76,SCSA,1358843515149504514,7,4,0.0
10,SCSA,1367882927384768524,7,5,0.0
9,SCSA,1364624807220948994,7,1,0.0
74,SCSA,1369015794248671233,7,4,0.0
73,SCSA,1366932843067277314,7,1,0.0
11,SCSA,1357375687967997959,7,5,0.0
11,SCSA,1368622654870192131,7,4,0.0
11,SCSA,1358843515149504514,7,2,0.0
72,SCSA,1334873804582121475,7,5,0.0
41,SCSA,1339525827118194689,7,4,0.0
41,SCSA,1368984433026596867,7,3,0.0
47,SCSA,1357375687967997959,7,1,0.0
46,SCSA,1369015794248671233,7,3,0.0
40,SCSA,1357375687967997959,7,5,0.0
68,SCSA,1369337343270862853,7,3,0.0
12,SCSA,1365812811721543685,7,3,0.0
71,SCSA,1364321423901085698,7,5,0.0
70,SCSA,1369438033892806663,7,3,0.0
66,SCSA,1317811466339221509,7,3,0.0
15,SCSA,1349743109832372225,7,4,0.0
13,SCSA,1369372321736232963,7,1,0.0
68,SCSA,1368622654870192131,7,5,0.0
63,SCSA,1369438033892806663,7,5,0.0
18,SCSA,1366380504736534529,7,2,0.0
17,SCSA,1369372321736232963,7,2,0.0
16,SCSA,1326736922199257089,7,1,0.0
39,SCSA,1368286394792046596,7,5,0.0
38,SCSA,1366932843067277314,7,4,0.0
37,SCSA,1364321423901085698,7,1,0.0
48,SCSA,1347166067995660290,7,2,0.0
62,SCSA,1369383214062665731,7,2,0.0
20,SCSA,1364697022847209478,7,1,0.0
19,SCSA,1364851499042537474,7,4,0.0
63,SCSA,1369030160943611907,7,5,0.0
60,SCSA,1364321423901085698,7,5,0.0
23,SCSA,1358843515149504514,7,3,0.0
22,SCSA,1369017812165881859,7,2,0.0
21,SCSA,1369383214062665731,7,1,0.0
26,SCSA,1352554075657801732,7,1,0.0
25,SCSA,1369438033892806663,7,4,0.0
24,SCSA,1369337343270862853,7,4,0.0
61,SCSA,1339525827118194689,7,3,0.0
36,SCSA,1369383214062665731,7,5,0.0
36,SCSA,1364624807220948994,7,3,0.0
50,SCSA,1368561200754270210,7,5,0.0
28,SCSA,1369372321736232963,7,1,0.0
27,SCSA,1369438033892806663,7,4,0.0
58,SCSA,1367604109113655297,7,5,0.0
31,SCSA,1369386818169372680,7,4,0.0
30,SCSA,1367930915733835777,7,4,0.0
29,SCSA,1353502767352926208,7,3,0.0
57,SCSA,1369395335769038849,7,4,0.0
55,SCSA,1368494502336475136,7,5,0.0
33,SCSA,1369015794248671233,7,4,0.0
32,SCSA,1369030160943611907,7,1,0.0
54,SCSA,1364321423901085698,7,4,0.0
53,SCSA,1336793663792406530,7,1,0.0
49,SCSA,1369054744786989056,7,2,0.0
35,SCSA,1367496989215248388,7,2,0.0
34,SCSA,1369015794248671233,7,2,0.0
51,SCSA,1364321423901085698,7,1,0.0
81,SCSA,1369367467001315336,7,4,0.0
79,SCSA,1364624807220948994,7,5,0.0
2,SCSA,1369030160943611907,7,4,0.0
1,SCSA,1339525827118194689,7,4,0.0
5,SCSA,1369030160943611907,7,3,0.0
4,SCSA,1369438033892806663,7,5,0.0
78,SCSA,1326736922199257089,7,1,0.0
3,SCSA,1336793663792406530,8,3,0.0
78,SCSA,1367649223601238016,8,2,0.0
5,SCSA,1366709656974942211,8,3,0.0
4,SCSA,1369619124318580736,8,5,0.0
43,SCSA,1358843515149504514,8,3,0.0
81,SCSA,1367822755769573377,8,5,0.0
2,SCSA,1366709656974942211,8,5,0.0
1,SCSA,1369372321736232963,8,1,0.0
79,SCSA,1343729046891347968,8,5,0.0
33,SCSA,1369438033892806663,8,4,0.0
34,SCSA,1369438033892806663,8,4,0.0
51,SCSA,1339525827118194689,8,5,0.0
53,SCSA,1367315410106736640,8,1,0.0
54,SCSA,1339525827118194689,8,3,0.0
31,SCSA,1283518830950510593,8,2,0.0
35,SCSA,1362484293650567168,8,3,0.0
55,SCSA,1325498916847153153,8,5,0.0
57,SCSA,1238211420388569088,8,5,0.0
29,SCSA,1351920546011893761,8,3,0.0
32,SCSA,1366709656974942211,8,3,0.0
26,SCSA,1369226601972563972,8,3,0.0
30,SCSA,1367912923641737216,8,4,0.0
24,SCSA,1336596712857743361,8,3,0.0
61,SCSA,1368984433026596867,8,2,0.0
36,SCSA,1336793663792406530,8,5,0.0
60,SCSA,1339525827118194689,8,5,0.0
36,SCSA,1343729046891347968,8,3,0.0
50,SCSA,1364697022847209478,8,5,0.0
49,SCSA,1368271872002035713,8,5,0.0
28,SCSA,1367882927384768524,8,5,0.0
27,SCSA,1369619124318580736,8,4,0.0
58,SCSA,1367930915733835777,8,4,0.0
62,SCSA,1337463904566456320,8,3,0.0
21,SCSA,1336793663792406530,8,3,0.0
23,SCSA,1331741612402237443,8,3,0.0
22,SCSA,1367604109113655297,8,3,0.0
63,SCSA,1369619124318580736,8,5,0.0
25,SCSA,1369619124318580736,8,4,0.0
19,SCSA,1369015794248671233,8,4,0.0
20,SCSA,1368760443498532864,8,2,0.0
48,SCSA,1369367452661014538,8,4,0.0
63,SCSA,1366709656974942211,8,4,0.0
37,SCSA,1339525827118194689,8,5,0.0
11,SCSA,1358843515149504514,8,3,0.0
72,SCSA,1312137847378386944,8,5,0.0
11,SCSA,1331741612402237443,8,2,0.0
41,SCSA,1357375687967997959,8,2,0.0
41,SCSA,1369017812165881859,8,3,0.0
70,SCSA,1369619124318580736,8,4,0.0
71,SCSA,1339525827118194689,8,5,0.0
12,SCSA,1365784358217523201,8,3,0.0
40,SCSA,1358843515149504514,8,2,0.0
46,SCSA,1369438033892806663,8,4,0.0
47,SCSA,1358843515149504514,8,5,0.0
15,SCSA,1368297763524448256,8,3,0.0
13,SCSA,1367882927384768524,8,4,0.0
68,SCSA,1369226601972563972,8,5,0.0
68,SCSA,1336596712857743361,8,4,0.0
18,SCSA,1182112257708306433,8,2,0.0
17,SCSA,1367882927384768524,8,3,0.0
16,SCSA,1367649223601238016,8,1,0.0
66,SCSA,1308893236723953665,8,5,0.0
39,SCSA,1369034842222985216,8,5,0.0
38,SCSA,1369030160943611907,8,4,0.0
8,SCSA,1331741612402237443,8,3,0.0
73,SCSA,1369030160943611907,8,2,0.0
74,SCSA,1369438033892806663,8,4,0.0
9,SCSA,1343729046891347968,8,5,0.0
76,SCSA,1331741612402237443,8,4,0.0
7,SCSA,1363551492486008834,8,3,0.0
6,SCSA,1339525827118194689,8,5,0.0
77,SCSA,1369015794248671233,8,5,0.0
42,SCSA,1367315410106736640,8,1,0.0
10,SCSA,1363551492486008834,8,4,0.0
11,SCSA,1369226601972563972,8,4,0.0
44,SCSA,1327398719789150214,8,5,0.0
45,SCSA,1234157609395146753,8,3,0.0
49,SCSA,1322257265496334336,9,2,0.0
50,SCSA,1368760443498532864,9,5,0.0
28,SCSA,1363551492486008834,9,1,0.0
24,SCSA,1365320876510560258,9,5,0.0
61,SCSA,1358610352313757697,9,3,0.0
47,SCSA,1331741612402237443,9,5,0.0
36,SCSA,1367315410106736640,9,5,0.0
54,SCSA,1368984433026596867,9,3,0.0
60,SCSA,1368984433026596867,9,5,0.0
36,SCSA,1321455751567532032,9,5,0.0
68,SCSA,1365320876510560258,9,4,0.0
70,SCSA,1369495249417101312,9,5,0.0
40,SCSA,1331741612402237443,9,5,0.0
72,SCSA,1356662728111181824,9,5,0.0
11,SCSA,1331741612402237443,9,4,0.0
10,SCSA,1369337343270862853,9,4,0.0
11,SCSA,1358843677582401536,9,2,0.0
27,SCSA,1369495249417101312,9,4,0.0
58,SCSA,1367912923641737216,9,5,0.0
37,SCSA,1368984433026596867,9,3,0.0
20,SCSA,1367497561645457427,9,1,0.0
63,SCSA,1369495249417101312,9,5,0.0
63,SCSA,1364579317964034050,9,5,0.0
48,SCSA,1368494502336475136,9,4,0.0
22,SCSA,1367930915733835777,9,5,0.0
62,SCSA,1336793663792406530,9,2,0.0
25,SCSA,1369495249417101312,9,5,0.0
23,SCSA,1358843677582401536,9,3,0.0
19,SCSA,1369495249417101312,9,4,0.0
21,SCSA,1367315410106736640,9,1,0.0
53,SCSA,1368286394792046596,9,1,0.0
32,SCSA,1364579317964034050,9,2,0.0
79,SCSA,1321455751567532032,9,5,0.0
35,SCSA,1368744769686540290,9,2,0.0
34,SCSA,1369619124318580736,9,4,0.0
57,SCSA,1365047360934526982,9,4,0.0
30,SCSA,1365320876510560258,9,5,0.0
29,SCSA,1365416645624143873,9,3,0.0
55,SCSA,1368933410085945345,9,5,0.0
26,SCSA,1320142365038817281,9,3,0.0
31,SCSA,1369372321736232963,9,1,0.0
5,SCSA,1364579317964034050,9,3,0.0
4,SCSA,1369495249417101312,9,3,0.0
51,SCSA,1368984433026596867,9,1,0.0
33,SCSA,1369619124318580736,9,4,0.0
1,SCSA,1367882927384768524,9,5,0.0
81,SCSA,1368170081633644548,9,4,0.0
43,SCSA,1331741612402237443,9,5,0.0
78,SCSA,1367531774012751878,9,1,0.0
77,SCSA,1369438033892806663,9,5,0.0
3,SCSA,1367315410106736640,9,3,0.0
45,SCSA,1367971795790397440,9,5,0.0
2,SCSA,1364579317964034050,9,5,0.0
11,SCSA,1320142365038817281,9,5,0.0
76,SCSA,1358843677582401536,9,5,0.0
9,SCSA,1321455751567532032,9,5,0.0
41,SCSA,1358843515149504514,9,1,0.0
12,SCSA,1365811680815554560,9,3,0.0
18,SCSA,1362127981234188288,9,3,0.0
15,SCSA,1283518830950510593,9,4,0.0
46,SCSA,1369619124318580736,9,4,0.0
71,SCSA,1369372321736232963,9,5,0.0
42,SCSA,1368286394792046596,9,1,0.0
6,SCSA,1357375687967997959,9,1,0.0
7,SCSA,1369337343270862853,9,2,0.0
41,SCSA,1367604109113655297,9,2,0.0
44,SCSA,1368777274506571779,9,2,0.0
74,SCSA,1369619124318580736,9,5,0.0
73,SCSA,1366709656974942211,9,1,0.0
8,SCSA,1358843677582401536,9,3,0.0
68,SCSA,1320142365038817281,9,5,0.0
17,SCSA,1369337343270862853,9,1,0.0
16,SCSA,1367531774012751878,9,1,0.0
39,SCSA,1283518830950510593,9,5,0.0
38,SCSA,1366709656974942211,9,4,0.0
66,SCSA,1365629350721249281,9,5,0.0
13,SCSA,1369337343270862853,9,1,0.0
21,SCSA,1368286394792046596,10,1,0.0
19,SCSA,1352937076669476864,10,4,0.0
63,SCSA,1369441382973272064,10,5,0.0
63,SCSA,1352937076669476864,10,2,0.0
22,SCSA,1367912923641737216,10,4,0.0
23,SCSA,1290659734639521798,10,3,0.0
33,SCSA,1369495249417101312,10,4,0.0
51,SCSA,1369017812165881859,10,5,0.0
1,SCSA,1363551492486008834,10,1,0.0
79,SCSA,1347619092417548288,10,5,0.0
78,SCSA,1366232555037462531,10,4,0.0
77,SCSA,1369619124318580736,10,5,0.0
4,SCSA,1352937076669476864,10,2,0.0
43,SCSA,1358843677582401536,10,5,0.0
3,SCSA,1368286394792046596,10,3,0.0
62,SCSA,1331744604891344896,10,1,0.0
25,SCSA,1352937076669476864,10,4,0.0
36,SCSA,1368286394792046596,10,5,0.0
36,SCSA,1347619092417548288,10,5,0.0
60,SCSA,1369017812165881859,10,5,0.0
61,SCSA,1358615407775649792,10,2,0.0
24,SCSA,1369307525489844228,10,2,0.0
50,SCSA,1367497561645457427,10,3,0.0
49,SCSA,1368177229285502976,10,5,0.0
58,SCSA,1368641210533830657,10,5,0.0
27,SCSA,1352937076669476864,10,4,0.0
57,SCSA,1070275243552489472,10,4,0.0
34,SCSA,1369495249417101312,10,3,0.0
35,SCSA,1353672852747284480,10,2,0.0
31,SCSA,1303840025000509448,10,2,0.0
54,SCSA,1369017812165881859,10,3,0.0
53,SCSA,1369034842222985216,10,1,0.0
28,SCSA,1369337343270862853,10,1,0.0
32,SCSA,1369441382973272064,10,3,0.0
55,SCSA,1346121159134343168,10,5,0.0
29,SCSA,1337463904566456320,10,3,0.0
30,SCSA,1367565062328623104,10,3,0.0
26,SCSA,1338592930022363139,10,3,0.0
48,SCSA,1325498916847153153,10,5,0.0
47,SCSA,1358843677582401536,10,5,0.0
20,SCSA,1367496989215248388,10,2,0.0
72,SCSA,1329861315624660993,10,5,0.0
71,SCSA,1368984433026596867,10,5,0.0
10,SCSA,1336596712857743361,10,3,0.0
40,SCSA,1358843677582401536,10,2,0.0
70,SCSA,1352937076669476864,10,3,0.0
11,SCSA,1338592930022363139,10,5,0.0
68,SCSA,1338592930022363139,10,5,0.0
18,SCSA,1358569998885785609,10,1,0.0
68,SCSA,1369307525489844228,10,2,0.0
13,SCSA,1336596712857743361,10,1,0.0
15,SCSA,1366380504736534529,10,4,0.0
11,SCSA,1290659734639521798,10,3,0.0
11,SCSA,1358843677582401536,10,4,0.0
17,SCSA,1336596712857743361,10,1,0.0
16,SCSA,1366232555037462531,10,3,0.0
66,SCSA,1321799645652307969,10,5,0.0
37,SCSA,1357375687967997959,10,3,0.0
38,SCSA,1364579317964034050,10,3,0.0
12,SCSA,1334130051554668547,10,5,0.0
39,SCSA,1369017812165881859,10,5,0.0
46,SCSA,1369495249417101312,10,4,0.0
9,SCSA,1347619092417548288,10,5,0.0
5,SCSA,1369441382973272064,10,4,0.0
76,SCSA,1290659734639521798,10,4,0.0
6,SCSA,1358843515149504514,10,3,0.0
7,SCSA,1336596712857743361,10,3,0.0
8,SCSA,1290659734639521798,10,5,0.0
74,SCSA,1369495249417101312,10,5,0.0
73,SCSA,1364579317964034050,10,2,0.0
42,SCSA,1369034842222985216,10,1,0.0
41,SCSA,1367930915733835777,10,2,0.0
41,SCSA,1331741612402237443,10,1,0.0
44,SCSA,1317811466339221509,10,4,0.0
45,SCSA,1319343716801236992,10,5,0.0
2,SCSA,1369441382973272064,10,4,0.0
81,SCSA,1368501683219693570,10,5,0.0
1,B1-STATE_ART,1189330936300756992,1,5,8.665533945834879
1,B1-STATE_ART,1151160990995746816,2,5,1.4960720447607352
1,B1-STATE_ART,1312476369830338561,3,4,0.08477451933250409
1,B1-STATE_ART,1338474408743215106,4,3,0.048777459279972006
1,B1-STATE_ART,1298591876963078146,5,4,-0.03391022231475111
1,B1-STATE_ART,1343240225129168898,6,5,-0.061083752410813714
1,B1-STATE_ART,1369343506939019269,7,5,-0.07302206326800191
1,B1-STATE_ART,1369271796499947520,8,5,-0.10913179310854997
1,B1-STATE_ART,1324784149241147394,9,3,-0.128387740406463
1,B1-STATE_ART,1281615412459782145,10,3,-0.13445160845984058
2,B1-STATE_ART,1368785659066941440,1,4,0.06895023770649474
2,B1-STATE_ART,1367766039254163458,2,5,-0.11345365407177016
2,B1-STATE_ART,1369498799673065473,3,4,-0.132561109094336
2,B1-STATE_ART,1369601403686182915,4,4,-0.14460454606713213
2,B1-STATE_ART,1364144723590578176,5,4,-0.15554708555469174
2,B1-STATE_ART,1369600439239458820,6,3,-0.15639876071727318
2,B1-STATE_ART,1369579853612281860,7,4,-0.1572496819676191
2,B1-STATE_ART,1369453291936088064,8,4,-0.1593434213269606
2,B1-STATE_ART,1369587331691208706,9,4,-0.1606065733764112
2,B1-STATE_ART,1363564146948665347,10,5,-0.16248843678775332
3,B1-STATE_ART,1363896507242598402,1,4,-0.15645862462008048
3,B1-STATE_ART,1367883861271613441,2,5,-0.1579697155419708
3,B1-STATE_ART,1166395659500568579,3,2,-0.15888625631573577
3,B1-STATE_ART,1369362392749121542,4,2,-0.15909190896487796
3,B1-STATE_ART,1369030162298400778,5,2,-0.16083226551576046
3,B1-STATE_ART,1321186362171666432,6,1,-0.16103144262470534
3,B1-STATE_ART,1367559613005004800,7,2,-0.16167006106672557
3,B1-STATE_ART,1369048640111570951,8,2,-0.1622424650446043
3,B1-STATE_ART,1366963364975452162,9,2,-0.16234924228183867
3,B1-STATE_ART,1353812372331220992,10,2,-0.16278360833466257
4,B1-STATE_ART,1369343506939019269,1,5,-0.07302206326800191
4,B1-STATE_ART,1369397597421645834,2,5,-0.12294681398702335
4,B1-STATE_ART,1369242094217404419,3,5,-0.15181601129939953
4,B1-STATE_ART,1369959855692337152,4,1,-0.15853271486181122
4,B1-STATE_ART,1369552733536219138,5,4,-0.15934151108356437
4,B1-STATE_ART,1369453291936088064,6,4,-0.1593434213269606
4,B1-STATE_ART,1370128693662785544,7,5,-0.1606918941059832
4,B1-STATE_ART,1369598009084887043,8,5,-0.1607815135910037
4,B1-STATE_ART,1368835740529000449,9,5,-0.16166907853286147
4,B1-STATE_ART,1352325551621595136,10,2,-0.16248750793191596
5,B1-STATE_ART,1369343506939019269,1,3,-0.07302206326800191
5,B1-STATE_ART,1368975418741624833,2,5,-0.13581837725909607
5,B1-STATE_ART,1369517501248372738,3,5,-0.14947284590793017
5,B1-STATE_ART,1369242094217404419,4,5,-0.15181601129939953
5,B1-STATE_ART,1369382939289587718,5,5,-0.1555352682154784
5,B1-STATE_ART,1369480643315462144,6,5,-0.1576521946261806
5,B1-STATE_ART,1368856158010810369,7,5,-0.15874261562935563
5,B1-STATE_ART,1369612914982846469,8,5,-0.16020493857435153
5,B1-STATE_ART,1369543002385956865,9,5,-0.160573594002984
5,B1-STATE_ART,1369590734672760836,10,5,-0.16134942942099798
6,B1-STATE_ART,1326208392923410432,1,4,0.2252833998316758
6,B1-STATE_ART,1357736029067874305,2,3,0.19151417814258057
6,B1-STATE_ART,1362794394848538628,3,5,0.017803071725431573
6,B1-STATE_ART,1368867018854830081,4,5,-0.09980552801283729
6,B1-STATE_ART,1274054340517527552,5,3,-0.1585088872094345
6,B1-STATE_ART,1368667864803213318,6,4,-0.15885931682302848
6,B1-STATE_ART,1367608643596783616,7,3,-0.16256763251410877
6,B1-STATE_ART,1357425371721965589,8,4,-0.162611933359621
6,B1-STATE_ART,1356659266732650498,9,3,-0.16269646615363442
6,B1-STATE_ART,1339526482142654466,10,4,-0.1629841346258003
7,B1-STATE_ART,1359820217090768896,1,4,-0.15492577179912964
7,B1-STATE_ART,1363849575279316998,2,4,-0.16114439006212528
7,B1-STATE_ART,1369342862656221187,3,4,-0.1611559299035523
7,B1-STATE_ART,969126955193962496,4,3,-0.16157085780287345
7,B1-STATE_ART,1365618942501285888,5,5,-0.16178333314006887
7,B1-STATE_ART,1367244704526393349,6,2,-0.16194639485860637
7,B1-STATE_ART,1365376371376205838,7,4,-0.16199332833098584
7,B1-STATE_ART,1368969473651261440,8,3,-0.16207567598138886
7,B1-STATE_ART,1364974104491798530,9,4,-0.16210898244153016
7,B1-STATE_ART,1368972324301602816,10,4,-0.1622193974961968
8,B1-STATE_ART,1359964129532862464,1,4,6.315136326545075
8,B1-STATE_ART,1360637255132434433,2,4,4.655307840620487
8,B1-STATE_ART,1349748316901310464,3,5,4.314829829320331
8,B1-STATE_ART,1337245958787244033,4,5,2.723077168872436
8,B1-STATE_ART,1368703131652005888,5,5,1.6852254812758782
8,B1-STATE_ART,1296750375114964992,6,5,1.2685726176090701
8,B1-STATE_ART,1363673526096470017,7,4,-0.1110790198138416
8,B1-STATE_ART,1361140319002103813,8,4,-0.11862275878388773
8,B1-STATE_ART,1363548342832218116,9,5,-0.14903146344835963
8,B1-STATE_ART,1369095591607865347,10,4,-0.15394635345067015
9,B1-STATE_ART,1365001111946420226,1,4,0.23600674980248346
9,B1-STATE_ART,1341790679945670656,2,4,0.1491021037293476
9,B1-STATE_ART,1337774207971684352,3,5,-0.1357564443531967
9,B1-STATE_ART,1292597118763319296,4,5,-0.1429053725721892
9,B1-STATE_ART,1322229311718494210,5,2,-0.14381362108733106
9,B1-STATE_ART,1322221808913928193,6,2,-0.14747632832670635
9,B1-STATE_ART,1363548342832218116,7,5,-0.14903146344835963
9,B1-STATE_ART,1275492317013479424,8,5,-0.15081924649286624
9,B1-STATE_ART,1322191082235506689,9,4,-0.16043836406485482
9,B1-STATE_ART,1362841895030968326,10,1,-0.1627717450307724
10,B1-STATE_ART,1369007428696743936,1,5,-0.06514007578311623
10,B1-STATE_ART,1368550065502121985,2,5,-0.07820800135691003
10,B1-STATE_ART,1368982192194519043,3,4,-0.11137224258701735
10,B1-STATE_ART,1368645394348077067,4,5,-0.11987181661684652
10,B1-STATE_ART,1369382325633638404,5,5,-0.12390179134248447
10,B1-STATE_ART,1369259792892633089,6,5,-0.13659669747881586
10,B1-STATE_ART,1368157353695121412,7,5,-0.1423230193109685
10,B1-STATE_ART,1368173264602869761,8,5,-0.15228523085593468
10,B1-STATE_ART,1368317364287180801,9,5,-0.15892975615049776
10,B1-STATE_ART,1368241591299760129,10,5,-0.16173498876759054
11,B1-STATE_ART,1338944728969035776,1,1,2.8290470546723885
11,B1-STATE_ART,1360046105170485249,2,3,2.155131534700637
11,B1-STATE_ART,1368703131652005888,3,2,1.6852254812758782
11,B1-STATE_ART,1360638198573981696,4,1,0.21530071809103263
11,B1-STATE_ART,1327659608903733249,5,5,0.1824647101351958
11,B1-STATE_ART,1354547483083329538,6,2,0.12348413678311981
11,B1-STATE_ART,1366833859829108738,7,5,0.03796971517522597
11,B1-STATE_ART,1309555054295355394,8,5,-0.01381383783944067
11,B1-STATE_ART,1269640838205902849,9,3,-0.0734685076640909
11,B1-STATE_ART,1366208806535892995,10,5,-0.12433690103121174
12,B1-STATE_ART,1321919226341306368,1,5,4.076477753151286
12,B1-STATE_ART,1272637078401097731,2,5,0.5817055126693078
12,B1-STATE_ART,1343974143646044160,3,5,0.05826055247479156
12,B1-STATE_ART,1359318229735251977,4,3,-0.0516311768173564
12,B1-STATE_ART,1365155419564351490,5,5,-0.11950682535485929
12,B1-STATE_ART,1366804263385501696,6,5,-0.13946947483716982
12,B1-STATE_ART,1361396964227772419,7,5,-0.15998849375189347
12,B1-STATE_ART,1365372438578667526,8,2,-0.16103418172620235
12,B1-STATE_ART,1339746480014254081,9,5,-0.16170591780084065
12,B1-STATE_ART,1364415183607586825,10,2,-0.16194073422609415
13,B1-STATE_ART,1312476369830338561,1,4,0.08477451933250409
13,B1-STATE_ART,1357343495132880897,2,2,-0.05619717346754885
13,B1-STATE_ART,1354081977062850561,3,3,-0.07713920594177347
13,B1-STATE_ART,1327673915829866501,4,4,-0.1505481298228717
13,B1-STATE_ART,1337102429532217345,5,4,-0.15279511783762337
13,B1-STATE_ART,1365346314956005378,6,2,-0.1567689906332183
13,B1-STATE_ART,1336808991792525325,7,2,-0.15754919111084767
13,B1-STATE_ART,1285952748484083712,8,1,-0.15857606055232623
13,B1-STATE_ART,1362949278365143050,9,1,-0.1621456150234551
13,B1-STATE_ART,1369324832702296067,10,2,-0.16222840633963398
15,B1-STATE_ART,1321919226341306368,1,2,4.076477753151286
15,B1-STATE_ART,1272637078401097731,2,2,0.5817055126693078
15,B1-STATE_ART,1343974143646044160,3,5,0.05826055247479156
15,B1-STATE_ART,1359318229735251977,4,4,-0.0516311768173564
15,B1-STATE_ART,1366804263385501696,5,2,-0.13946947483716982
15,B1-STATE_ART,1360653537781321732,6,5,-0.14344099131895444
15,B1-STATE_ART,1361396964227772419,7,2,-0.15998849375189347
15,B1-STATE_ART,1365372438578667526,8,2,-0.16103418172620235
15,B1-STATE_ART,1339746480014254081,9,3,-0.16170591780084065
15,B1-STATE_ART,1364415183607586825,10,3,-0.16194073422609415
16,B1-STATE_ART,1367300479739441155,1,1,0.13572483919091416
16,B1-STATE_ART,1367491019277799427,2,5,-0.06772542888453807
16,B1-STATE_ART,1367625056570990592,3,2,-0.11573026795107888
16,B1-STATE_ART,1369400158912475136,4,1,-0.12858372212844588
16,B1-STATE_ART,1369378396216692740,5,1,-0.15501810068371114
16,B1-STATE_ART,1367629682439454722,6,1,-0.16046735611479634
16,B1-STATE_ART,1333807391079428096,7,1,-0.16085079974789807
16,B1-STATE_ART,1368144516558041088,8,1,-0.1614836070784317
16,B1-STATE_ART,1346230432036233218,9,1,-0.1616099677338819
16,B1-STATE_ART,1367269369521266691,10,5,-0.16247278403976176
17,B1-STATE_ART,1365629350721249281,1,5,-0.14877194258128032
17,B1-STATE_ART,1367474157626290181,2,5,-0.15411619984768918
17,B1-STATE_ART,1366841911357620225,3,5,-0.15538691084798498
17,B1-STATE_ART,1358414579328561153,4,5,-0.15544765062012844
17,B1-STATE_ART,1369000930809581570,5,5,-0.15761283903081552
17,B1-STATE_ART,1316030943174422528,6,5,-0.1579451729615373
17,B1-STATE_ART,1367507656269791241,7,5,-0.1598785881961323
17,B1-STATE_ART,1316722494255099904,8,5,-0.1620693953362045
17,B1-STATE_ART,1354993740562137089,9,1,-0.1627781076015847
17,B1-STATE_ART,1362674074732748803,10,1,-0.16305779430356468
18,B1-STATE_ART,1189330936300756992,1,5,8.665533945834879
18,B1-STATE_ART,1333425556659064833,2,3,0.2766430750554002
18,B1-STATE_ART,1338474408743215106,3,2,0.048777459279972006
18,B1-STATE_ART,1331689113494446085,4,3,0.04061324203009344
18,B1-STATE_ART,1298591876963078146,5,2,-0.03391022231475111
18,B1-STATE_ART,1188118588290469890,6,5,-0.06462725734907611
18,B1-STATE_ART,1368640454028386304,7,2,-0.13369346364290247
18,B1-STATE_ART,1363561378552958976,8,2,-0.1615439160295636
18,B1-STATE_ART,1368245620344029188,9,1,-0.16248876802535434
18,B1-STATE_ART,1365319660405678081,10,1,-0.16281019524891926
19,B1-STATE_ART,1369343506939019269,1,3,-0.07302206326800191
19,B1-STATE_ART,1369242094217404419,2,3,-0.15181601129939953
19,B1-STATE_ART,1366588589191147526,3,3,-0.1597327900212887
19,B1-STATE_ART,1369207595785977860,4,3,-0.16059350863599461
19,B1-STATE_ART,1369038985188831234,5,5,-0.16175798563034016
19,B1-STATE_ART,1368923387532369922,6,5,-0.161768199143044
19,B1-STATE_ART,1354908861572935681,7,4,-0.1623538622412656
19,B1-STATE_ART,1352325551621595136,8,4,-0.16248750793191596
19,B1-STATE_ART,1328394654375698433,9,3,-0.16253144692549706
19,B1-STATE_ART,1329983375621435392,10,4,-0.16273278570521474
20,B1-STATE_ART,1367491019277799427,1,1,-0.06772542888453807
20,B1-STATE_ART,1368604247760244742,2,3,-0.09428106430207532
20,B1-STATE_ART,1368788336333176833,3,1,-0.15317893668947602
20,B1-STATE_ART,1369633104269357056,4,5,-0.16125261497378784
20,B1-STATE_ART,1364970371716423682,5,5,-0.16181909204154182
20,B1-STATE_ART,1366925854421495812,6,5,-0.16195661366476305
20,B1-STATE_ART,1363915655720939521,7,5,-0.1619993264250121
20,B1-STATE_ART,1359371849965199360,8,5,-0.16204211719897382
20,B1-STATE_ART,1368096530268323842,9,5,-0.16225094588039812
20,B1-STATE_ART,1359943267148845058,10,1,-0.1624433356566336
21,B1-STATE_ART,1326208392923410432,1,5,0.2252833998316758
21,B1-STATE_ART,1217122703766970369,2,3,-0.03351300828196049
21,B1-STATE_ART,1367282096289443840,3,3,-0.0385201203055948
21,B1-STATE_ART,1367323565008154630,4,1,-0.16059123179605447
21,B1-STATE_ART,1369030162298400778,5,1,-0.16083226551576046
21,B1-STATE_ART,1367556352445321216,6,5,-0.1617906535013151
21,B1-STATE_ART,1365407006253801474,7,1,-0.1622010286412278
21,B1-STATE_ART,1368978816849211392,8,5,-0.16256185869189613
21,B1-STATE_ART,1362475510954156037,9,2,-0.16263916864394135
21,B1-STATE_ART,1356659266732650498,10,2,-0.16269646615363442
22,B1-STATE_ART,1369339704588570624,1,5,-0.026965619634701947
22,B1-STATE_ART,1368614821147598851,2,5,-0.06694871147427538
22,B1-STATE_ART,1367128088832745476,3,4,-0.06998006006771965
22,B1-STATE_ART,1366209913865703426,4,5,-0.08106831646842914
22,B1-STATE_ART,1369015063705612288,5,4,-0.1434324146486657
22,B1-STATE_ART,1366234614650478594,6,5,-0.15588144498202539
22,B1-STATE_ART,1367120318012280838,7,5,-0.15882830331003037
22,B1-STATE_ART,1300100975793901569,8,2,-0.15887769033765878
22,B1-STATE_ART,1361812978425753600,9,4,-0.1599060917071534
22,B1-STATE_ART,1369043306487767040,10,5,-0.16218800041231088
23,B1-STATE_ART,1360962032598720516,1,5,-0.09885002792179934
23,B1-STATE_ART,1331670759102681088,2,5,-0.10141625281617361
23,B1-STATE_ART,1344346181976129538,3,5,-0.10723181362513534
23,B1-STATE_ART,1192092402061889536,4,4,-0.1301608090109155
23,B1-STATE_ART,1350173131823083520,5,5,-0.13906522906694707
23,B1-STATE_ART,1311068940152401920,6,4,-0.14768449172417406
23,B1-STATE_ART,1363548342832218116,7,5,-0.14903146344835963
23,B1-STATE_ART,1354864255749804039,8,5,-0.1548629376075392
23,B1-STATE_ART,1261222316803063810,9,4,-0.1553241489314109
23,B1-STATE_ART,1321088619814109184,10,5,-0.1622680943969741
24,B1-STATE_ART,1312476369830338561,1,5,0.08477451933250409
24,B1-STATE_ART,1359900546635870215,2,5,-0.07876346259671962
24,B1-STATE_ART,1362099968824254464,3,5,-0.12706296429765765
24,B1-STATE_ART,1355530037152284675,4,5,-0.12877376480152905
24,B1-STATE_ART,1292597118763319296,5,3,-0.1429053725721892
24,B1-STATE_ART,1337102429532217345,6,5,-0.15279511783762337
24,B1-STATE_ART,1366478355558780939,7,5,-0.15636850244604816
24,B1-STATE_ART,1365346314956005378,8,3,-0.1567689906332183
24,B1-STATE_ART,1369122357307191296,9,3,-0.16087062236367475
24,B1-STATE_ART,1363203331745673220,10,5,-0.1622304410551539
25,B1-STATE_ART,1369343506939019269,1,5,-0.07302206326800191
25,B1-STATE_ART,1368856158010810369,2,5,-0.15874261562935563
25,B1-STATE_ART,1369587331691208706,3,5,-0.1606065733764112
25,B1-STATE_ART,1369598009084887043,4,5,-0.1607815135910037
25,B1-STATE_ART,1368970607216517129,5,5,-0.16085719884692656
25,B1-STATE_ART,1369590734672760836,6,5,-0.16134942942099798
25,B1-STATE_ART,1368835740529000449,7,5,-0.16166907853286147
25,B1-STATE_ART,1354908861572935681,8,5,-0.1623538622412656
25,B1-STATE_ART,1352325551621595136,9,3,-0.16248750793191596
25,B1-STATE_ART,1329983375621435392,10,5,-0.16273278570521474
26,B1-STATE_ART,1337774207971684352,1,4,-0.1357564443531967
26,B1-STATE_ART,1358024709137432577,2,2,-0.1388452776813344
26,B1-STATE_ART,1339559388303007744,3,2,-0.14146109886190428
26,B1-STATE_ART,1322229311718494210,4,2,-0.14381362108733106
26,B1-STATE_ART,1363548342832218116,5,2,-0.14903146344835963
26,B1-STATE_ART,1362748296045953027,6,4,-0.16068931558263233
26,B1-STATE_ART,968452175142649858,7,4,-0.1611914323159613
26,B1-STATE_ART,1368999602867802126,8,4,-0.1618937550414308
26,B1-STATE_ART,1364571918876073985,9,3,-0.16189963961432555
26,B1-STATE_ART,970787289638096897,10,4,-0.1619603338596324
27,B1-STATE_ART,1369343506939019269,1,4,-0.07302206326800191
27,B1-STATE_ART,1369242094217404419,2,4,-0.15181601129939953
27,B1-STATE_ART,1368856158010810369,3,5,-0.15874261562935563
27,B1-STATE_ART,1369552733536219138,4,5,-0.15934151108356437
27,B1-STATE_ART,1370132866093420544,5,3,-0.15951184211013403
27,B1-STATE_ART,1369598009084887043,6,5,-0.1607815135910037
27,B1-STATE_ART,1369590734672760836,7,3,-0.16134942942099798
27,B1-STATE_ART,1368835740529000449,8,4,-0.16166907853286147
27,B1-STATE_ART,1354908861572935681,9,4,-0.1623538622412656
27,B1-STATE_ART,1329983375621435392,10,1,-0.16273278570521474
28,B1-STATE_ART,1323671285285703683,1,2,0.010371620841574539
28,B1-STATE_ART,1339289131575341057,2,3,-0.05737492949405414
28,B1-STATE_ART,1246491727306899456,3,5,-0.0687719947714581
28,B1-STATE_ART,1343640147775152131,4,3,-0.11418471720355547
28,B1-STATE_ART,1331650428115759105,5,3,-0.1194701039361454
28,B1-STATE_ART,1363548342832218116,6,3,-0.14903146344835963
28,B1-STATE_ART,1329849237299990529,7,3,-0.1491608044510596
28,B1-STATE_ART,1334641065870159874,8,3,-0.1569999692617527
28,B1-STATE_ART,1340027052037169152,9,5,-0.15846686888312284
28,B1-STATE_ART,1355168831413645316,10,5,-0.15950863829693865
29,B1-STATE_ART,1367565667642331136,1,5,0.7511532421972342
29,B1-STATE_ART,1250919345955446784,2,4,-0.06080188676314979
29,B1-STATE_ART,1367565531189047299,3,3,-0.15309708542303885
29,B1-STATE_ART,1369362392749121542,4,5,-0.15909190896487796
29,B1-STATE_ART,1367244848978227201,5,3,-0.1595111166607213
29,B1-STATE_ART,1367323565008154630,6,4,-0.16059123179605447
29,B1-STATE_ART,1369030162298400778,7,5,-0.16083226551576046
29,B1-STATE_ART,1358793588382052358,8,4,-0.16184104710178704
29,B1-STATE_ART,1366963364975452162,9,3,-0.16234924228183867
29,B1-STATE_ART,1369148165471969284,10,4,-0.16240694315223939
30,B1-STATE_ART,1360680119854104582,1,5,0.05047563715324429
30,B1-STATE_ART,1367128088832745476,2,3,-0.06998006006771965
30,B1-STATE_ART,1292597118763319296,3,3,-0.1429053725721892
30,B1-STATE_ART,1366102978739007492,4,3,-0.147089452215813
30,B1-STATE_ART,1362129662336450560,5,4,-0.15065009168296795
30,B1-STATE_ART,1366239727402196996,6,5,-0.15674724721071373
30,B1-STATE_ART,1367120318012280838,7,4,-0.15882830331003037
30,B1-STATE_ART,1300100975793901569,8,5,-0.15887769033765878
30,B1-STATE_ART,1366242438717661187,9,2,-0.1620693291459133
30,B1-STATE_ART,1369037334885265408,10,3,-0.16270478749360662
31,B1-STATE_ART,978748491936780289,1,4,0.2594306475297401
31,B1-STATE_ART,1369037449431715843,2,2,0.16832653832384262
31,B1-STATE_ART,1307034079381065732,3,4,-0.08604890498932052
31,B1-STATE_ART,1364590913369083904,4,3,-0.08861269864085312
31,B1-STATE_ART,1362196257624625152,5,1,-0.1378475333833678
31,B1-STATE_ART,1356766464162762754,6,3,-0.1480571412824225
31,B1-STATE_ART,970013213092757504,7,4,-0.15817464121310343
31,B1-STATE_ART,1360224092427812866,8,4,-0.15950634989779844
31,B1-STATE_ART,1362196930252726277,9,3,-0.1613593388118195
31,B1-STATE_ART,1322130577684942848,10,2,-0.1629991718103319
32,B1-STATE_ART,978970964762513409,1,3,-0.15652808507450736
32,B1-STATE_ART,1363849575279316998,2,4,-0.16114439006212528
32,B1-STATE_ART,1369342862656221187,3,4,-0.1611559299035523
32,B1-STATE_ART,969126955193962496,4,3,-0.16157085780287345
32,B1-STATE_ART,1364237278516830212,5,3,-0.16177981299460498
32,B1-STATE_ART,1365618942501285888,6,2,-0.16178333314006887
32,B1-STATE_ART,1369320575945019399,7,3,-0.1619412835087755
32,B1-STATE_ART,1365376371376205838,8,3,-0.16199332833098584
32,B1-STATE_ART,1364974104491798530,9,3,-0.16210898244153016
32,B1-STATE_ART,1362748149853396993,10,3,-0.1621752849914065
33,B1-STATE_ART,1369343506939019269,1,4,-0.07302206326800191
33,B1-STATE_ART,1368856158010810369,2,4,-0.15874261562935563
33,B1-STATE_ART,1369552733536219138,3,4,-0.15934151108356437
33,B1-STATE_ART,1369113689845022721,4,2,-0.1601909963427916
33,B1-STATE_ART,1369207595785977860,5,4,-0.16059350863599461
33,B1-STATE_ART,1369598009084887043,6,3,-0.1607815135910037
33,B1-STATE_ART,1369590734672760836,7,4,-0.16134942942099798
33,B1-STATE_ART,1368835740529000449,8,4,-0.16166907853286147
33,B1-STATE_ART,1364311211194675203,9,3,-0.16189717494454375
33,B1-STATE_ART,1368978600964349955,10,4,-0.16197437230965633
34,B1-STATE_ART,1370098415938498560,1,4,-0.11364328425770914
34,B1-STATE_ART,1368856158010810369,2,3,-0.15874261562935563
34,B1-STATE_ART,1369552733536219138,3,3,-0.15934151108356437
34,B1-STATE_ART,1369500754000699392,4,3,-0.16093076764199196
34,B1-STATE_ART,1369590734672760836,5,4,-0.16134942942099798
34,B1-STATE_ART,1368835740529000449,6,4,-0.16166907853286147
34,B1-STATE_ART,1368607437310353408,7,2,-0.16185770546610834
34,B1-STATE_ART,1364311211194675203,8,3,-0.16189717494454375
34,B1-STATE_ART,1369617111014924289,9,3,-0.1619011450258721
34,B1-STATE_ART,1367190653269073930,10,5,-0.16263841006980048
35,B1-STATE_ART,1366296962409123843,1,2,0.23760792033225775
35,B1-STATE_ART,1332444252895404033,2,1,0.034544005021453376
35,B1-STATE_ART,1340976808989241344,3,2,-0.053862802763658714
35,B1-STATE_ART,1368939573586386945,4,2,-0.13616115006835702
35,B1-STATE_ART,1365315694167011328,5,1,-0.1447961908659007
35,B1-STATE_ART,1273723492186443782,6,3,-0.15241731574507783
35,B1-STATE_ART,1367617268734164992,7,1,-0.16130753344735574
35,B1-STATE_ART,1368776591388647424,8,1,-0.1616839137101712
35,B1-STATE_ART,1368954564133654529,9,1,-0.161778435863471
35,B1-STATE_ART,1352326523026632706,10,1,-0.16224901000434713
36,B1-STATE_ART,1151160990995746816,1,5,1.4960720447607352
36,B1-STATE_ART,1367610810789326850,2,5,1.1697495289527238
36,B1-STATE_ART,1365001111946420226,3,4,0.23600674980248346
36,B1-STATE_ART,1326208392923410432,4,5,0.2252833998316758
36,B1-STATE_ART,1341790679945670656,5,4,0.1491021037293476
36,B1-STATE_ART,1312476369830338561,6,3,0.08477451933250409
36,B1-STATE_ART,1357735941637603331,7,5,0.040685151554922756
36,B1-STATE_ART,1343240225129168898,8,5,-0.061083752410813714
36,B1-STATE_ART,1350201158426648581,9,5,-0.10084335316289807
36,B1-STATE_ART,1337774207971684352,10,5,-0.1357564443531967
37,B1-STATE_ART,1189330936300756992,1,2,8.665533945834879
37,B1-STATE_ART,1368703131652005888,2,4,1.6852254812758782
37,B1-STATE_ART,1333425556659064833,3,1,0.2766430750554002
37,B1-STATE_ART,1338474408743215106,4,1,0.048777459279972006
37,B1-STATE_ART,1326902644322017281,5,4,0.007359269154729266
37,B1-STATE_ART,1298591876963078146,6,1,-0.03391022231475111
37,B1-STATE_ART,1368640454028386304,7,3,-0.13369346364290247
37,B1-STATE_ART,1272338362909655040,8,1,-0.1618062307704627
37,B1-STATE_ART,1357452896976179201,9,1,-0.1618152299194341
37,B1-STATE_ART,1365319660405678081,10,1,-0.16281019524891926
38,B1-STATE_ART,1367766039254163458,1,5,-0.11345365407177016
38,B1-STATE_ART,1369498799673065473,2,4,-0.132561109094336
38,B1-STATE_ART,1369038985188831234,3,5,-0.16175798563034016
38,B1-STATE_ART,1368923387532369922,4,5,-0.161768199143044
38,B1-STATE_ART,1358819633629921283,5,5,-0.16232532613497258
38,B1-STATE_ART,1368849083201359873,6,5,-0.16248103588957885
38,B1-STATE_ART,1352325551621595136,7,5,-0.16248750793191596
38,B1-STATE_ART,1363564146948665347,8,4,-0.16248843678775332
38,B1-STATE_ART,1369214396489170946,9,5,-0.16264481772049189
38,B1-STATE_ART,1368619226865471493,10,5,-0.16275538523384211
39,B1-STATE_ART,1356685006916079616,1,2,0.8418451212746282
39,B1-STATE_ART,1258788139159613441,2,2,0.5977320895726578
39,B1-STATE_ART,1287526789707776000,3,2,0.10176055272520114
39,B1-STATE_ART,1252286536738934786,4,3,0.07627626642120623
39,B1-STATE_ART,1359863795586396168,5,4,-0.03428132666083891
39,B1-STATE_ART,754011760257069056,6,5,-0.15104542810266156
39,B1-STATE_ART,1291859496826843137,7,3,-0.15277662073141793
39,B1-STATE_ART,425668533293289472,8,3,-0.15833761118049214
39,B1-STATE_ART,1369362392749121542,9,4,-0.15909190896487796
39,B1-STATE_ART,1364897061083127808,10,3,-0.16194941283486758
40,B1-STATE_ART,1323342666361430019,1,5,-0.02578468175056935
40,B1-STATE_ART,1324782095177306119,2,5,-0.0863381050152591
40,B1-STATE_ART,1351182747721748487,3,1,-0.11617175643051754
40,B1-STATE_ART,1337411829853802496,4,5,-0.12621051840308525
40,B1-STATE_ART,1360611979879186438,5,2,-0.14067630670321682
40,B1-STATE_ART,1311355905120690176,6,5,-0.14207911512168067
40,B1-STATE_ART,1331202835334225920,7,1,-0.1464860632395715
40,B1-STATE_ART,1329846979401191424,8,1,-0.14782986186467756
40,B1-STATE_ART,1355908706026758144,9,5,-0.1495295008203516
40,B1-STATE_ART,1357369869222690817,10,2,-0.15748965105821766
41,B1-STATE_ART,1189330936300756992,1,5,8.665533945834879
41,B1-STATE_ART,1340930237819924480,2,2,5.1236805164148675
41,B1-STATE_ART,1346507839909445632,3,3,1.7391406210334235
41,B1-STATE_ART,1357382231816359939,4,2,0.5219354859555995
41,B1-STATE_ART,1326208392923410432,5,3,0.2252833998316758
41,B1-STATE_ART,1367890477849210881,6,1,0.2128439147188041
41,B1-STATE_ART,1338474408743215106,7,3,0.048777459279972006
41,B1-STATE_ART,1331689113494446085,8,3,0.04061324203009344
41,B1-STATE_ART,1298591876963078146,9,2,-0.03391022231475111
41,B1-STATE_ART,1352028901229395970,10,1,-0.08515468224417
42,B1-STATE_ART,1342687407326580737,1,5,-0.05280695926630999
42,B1-STATE_ART,1368453072666521600,2,5,-0.14885968001924302
42,B1-STATE_ART,1326177511684919300,3,2,-0.1557152185988639
42,B1-STATE_ART,1363947240369229825,4,5,-0.1581696348289118
42,B1-STATE_ART,1369362392749121542,5,1,-0.15909190896487796
42,B1-STATE_ART,1369101047826841604,6,1,-0.1619469094177423
42,B1-STATE_ART,1369148238138208257,7,1,-0.16273210472135455
42,B1-STATE_ART,1369418368554569728,8,1,-0.16275123484225554
42,B1-STATE_ART,1368116399097344003,9,5,-0.16326108690447083
42,B1-STATE_ART,1313580109727584256,10,1,-0.16326108690447083
43,B1-STATE_ART,1336324934688116743,1,2,4.678074264309584
43,B1-STATE_ART,1338944728969035776,2,2,2.8290470546723885
43,B1-STATE_ART,1360638198573981696,3,2,0.21530071809103263
43,B1-STATE_ART,1354547483083329538,4,2,0.12348413678311981
43,B1-STATE_ART,1366208806535892995,5,2,-0.12433690103121174
43,B1-STATE_ART,1357714688994390016,6,2,-0.1307035773996101
43,B1-STATE_ART,1367946423736537089,7,2,-0.1367561813873199
43,B1-STATE_ART,1363548342832218116,8,2,-0.14903146344835963
43,B1-STATE_ART,1359185296382779393,9,2,-0.15372430074002963
43,B1-STATE_ART,1367629682439454722,10,2,-0.16046735611479634
44,B1-STATE_ART,1356685006916079616,1,2,0.8418451212746282
44,B1-STATE_ART,1258788139159613441,2,4,0.5977320895726578
44,B1-STATE_ART,1253009440107720704,3,5,0.2634383523325531
44,B1-STATE_ART,1326208392923410432,4,5,0.2252833998316758
44,B1-STATE_ART,1287526789707776000,5,2,0.10176055272520114
44,B1-STATE_ART,1359863795586396168,6,3,-0.03428132666083891
44,B1-STATE_ART,1369343506939019269,7,3,-0.07302206326800191
44,B1-STATE_ART,1291859496826843137,8,4,-0.15277662073141793
44,B1-STATE_ART,425668533293289472,9,3,-0.15833761118049214
44,B1-STATE_ART,1369041862414241800,10,3,-0.16133553992955596
45,B1-STATE_ART,1310595678226219015,1,3,0.25695772733896677
45,B1-STATE_ART,1344344721506885641,2,3,0.22829928802995061
45,B1-STATE_ART,1327627598726377475,3,4,0.05326403578698846
45,B1-STATE_ART,1367430380463267844,4,3,-0.03405050352303936
45,B1-STATE_ART,1345706642080493568,5,3,-0.04725316541817685
45,B1-STATE_ART,1184016623394590721,6,4,-0.08119370887179778
45,B1-STATE_ART,1365659227256098816,7,3,-0.10513444436692905
45,B1-STATE_ART,1228653223269076992,8,3,-0.12212008344975642
45,B1-STATE_ART,1338619251050115072,9,2,-0.12950069183635732
45,B1-STATE_ART,1361708535294255106,10,3,-0.156916900286406
46,B1-STATE_ART,1369343506939019269,1,3,-0.07302206326800191
46,B1-STATE_ART,1369483145129713665,2,4,-0.15130058887861259
46,B1-STATE_ART,1369482917248970754,3,3,-0.1571936824318297
46,B1-STATE_ART,1368856158010810369,4,5,-0.15874261562935563
46,B1-STATE_ART,1369552733536219138,5,4,-0.15934151108356437
46,B1-STATE_ART,1369590734672760836,6,4,-0.16134942942099798
46,B1-STATE_ART,1368835740529000449,7,4,-0.16166907853286147
46,B1-STATE_ART,1369038985188831234,8,3,-0.16175798563034016
46,B1-STATE_ART,1368923387532369922,9,3,-0.161768199143044
46,B1-STATE_ART,1369619151506071561,10,3,-0.16201049690069844
47,B1-STATE_ART,1360638198573981696,1,2,0.21530071809103263
47,B1-STATE_ART,1368116641360384005,2,5,0.1540072122964022
47,B1-STATE_ART,1369007428696743936,3,5,-0.06514007578311623
47,B1-STATE_ART,1368577180557406208,4,5,-0.09915926616760418
47,B1-STATE_ART,1368982192194519043,5,5,-0.11137224258701735
47,B1-STATE_ART,1367557867260289032,6,5,-0.12410205409740827
47,B1-STATE_ART,1368157353695121412,7,5,-0.1423230193109685
47,B1-STATE_ART,1367500677002452992,8,5,-0.16086586051394944
47,B1-STATE_ART,1368241591299760129,9,5,-0.16173498876759054
47,B1-STATE_ART,1369359775230812163,10,5,-0.16203142899373876
48,B1-STATE_ART,1054037653379670016,1,2,-0.10574915919781376
48,B1-STATE_ART,1349071385360887808,2,3,-0.15021704329366264
48,B1-STATE_ART,1369453000570310660,3,5,-0.1520162612032226
48,B1-STATE_ART,1334986629560344579,4,2,-0.1555340402373831
48,B1-STATE_ART,1367487878259957765,5,2,-0.15722290649184475
48,B1-STATE_ART,1253046974389067776,6,1,-0.1592097143571196
48,B1-STATE_ART,1369559064485715968,7,5,-0.16023766738345246
48,B1-STATE_ART,1344756801242357768,8,5,-0.1624985107439488
48,B1-STATE_ART,1299377724415500293,9,3,-0.1625302964786059
48,B1-STATE_ART,956689717608595456,10,2,-0.1628903113961111
49,B1-STATE_ART,1301614505823141888,1,5,-0.14104928411503745
49,B1-STATE_ART,1310279026741841922,2,5,-0.14361413031675652
49,B1-STATE_ART,1187825368067117057,3,5,-0.1523297272657003
49,B1-STATE_ART,1253046974389067776,4,5,-0.1592097143571196
49,B1-STATE_ART,1366842371724476422,5,1,-0.16053504033602886
49,B1-STATE_ART,1357749874645749765,6,5,-0.16136944317938667
49,B1-STATE_ART,1320101239363809280,7,1,-0.16159670973405496
49,B1-STATE_ART,1344756801242357768,8,1,-0.1624985107439488
49,B1-STATE_ART,1299377724415500293,9,2,-0.1625302964786059
49,B1-STATE_ART,956689717608595456,10,2,-0.1628903113961111
50,B1-STATE_ART,1326208392923410432,1,3,0.2252833998316758
50,B1-STATE_ART,1367491019277799427,2,5,-0.06772542888453807
50,B1-STATE_ART,1369343506939019269,3,5,-0.07302206326800191
50,B1-STATE_ART,1342500356316667904,4,3,-0.11272570807485771
50,B1-STATE_ART,1369434342053806090,5,3,-0.14591667171681733
50,B1-STATE_ART,1369621841204088832,6,3,-0.15798662364497013
50,B1-STATE_ART,1368939918727278599,7,5,-0.16058182977221921
50,B1-STATE_ART,1369597995499593729,8,4,-0.16157081967650033
50,B1-STATE_ART,1369614780676399108,9,3,-0.16186729286734614
50,B1-STATE_ART,1356659266732650498,10,5,-0.16269646615363442
51,B1-STATE_ART,1189330936300756992,1,5,8.665533945834879
51,B1-STATE_ART,1326208392923410432,2,5,0.2252833998316758
51,B1-STATE_ART,1338474408743215106,3,5,0.048777459279972006
51,B1-STATE_ART,1344946472618344448,4,5,-0.005257327787195
51,B1-STATE_ART,1298591876963078146,5,5,-0.03391022231475111
51,B1-STATE_ART,1367214902624980995,6,5,-0.06780699377343558
51,B1-STATE_ART,1293138169832103936,7,2,-0.07510086080570703
51,B1-STATE_ART,1369362392749121542,8,1,-0.15909190896487796
51,B1-STATE_ART,1366963364975452162,9,2,-0.16234924228183867
51,B1-STATE_ART,1356659266732650498,10,5,-0.16269646615363442
53,B1-STATE_ART,1368652673935933450,1,1,-0.1169208101311051
53,B1-STATE_ART,1368561876972494852,2,1,-0.13362789159687696
53,B1-STATE_ART,1366247302843621377,3,2,-0.1539387930543095
53,B1-STATE_ART,1305204600228573184,4,1,-0.1563226198534057
53,B1-STATE_ART,1367244848978227201,5,1,-0.1595111166607213
53,B1-STATE_ART,1366458502986694658,6,1,-0.159515647050704
53,B1-STATE_ART,1368239051979943936,7,1,-0.16056075671266534
53,B1-STATE_ART,1367323565008154630,8,1,-0.16059123179605447
53,B1-STATE_ART,1369040473008996353,9,3,-0.16211784274262164
53,B1-STATE_ART,1369025685893738496,10,1,-0.16247840010430456
54,B1-STATE_ART,1326208392923410432,1,5,0.2252833998316758
54,B1-STATE_ART,1273919207038693376,2,5,-0.014961174052412743
54,B1-STATE_ART,1362454325876969478,3,1,-0.09777325577580408
54,B1-STATE_ART,1368970511175151620,4,5,-0.15182811054251005
54,B1-STATE_ART,1368976123896336389,5,5,-0.1587858982648942
54,B1-STATE_ART,1369362392749121542,6,5,-0.15909190896487796
54,B1-STATE_ART,1368971556320206848,7,2,-0.16152757037081866
54,B1-STATE_ART,1367212796631416832,8,2,-0.16164367567422516
54,B1-STATE_ART,1366963364975452162,9,1,-0.16234924228183867
54,B1-STATE_ART,1356659266732650498,10,5,-0.16269646615363442
55,B1-STATE_ART,1310279026741841922,1,4,-0.14361413031675652
55,B1-STATE_ART,1368753671568322564,2,4,-0.14505161571355346
55,B1-STATE_ART,1368715397415964674,3,3,-0.1505829315625166
55,B1-STATE_ART,1366946573528100864,4,4,-0.15122879149384508
55,B1-STATE_ART,1367479945686093825,5,5,-0.15374825342839618
55,B1-STATE_ART,1367245903472558081,6,5,-0.15768864703809035
55,B1-STATE_ART,1368607626494308354,7,5,-0.16081994534480257
55,B1-STATE_ART,1367225773166190592,8,5,-0.16118110649963685
55,B1-STATE_ART,1367170047081402380,9,4,-0.1626959818520871
55,B1-STATE_ART,956689717608595456,10,5,-0.1628903113961111
57,B1-STATE_ART,1323309743218282496,1,3,2.9489371638777055
57,B1-STATE_ART,1325467261239431170,2,5,1.7586405257397701
57,B1-STATE_ART,1257063194687832064,3,5,1.001491680767928
57,B1-STATE_ART,1339313549626273793,4,3,0.5991356449380802
57,B1-STATE_ART,1291098932987269128,5,3,0.4576277144261145
57,B1-STATE_ART,1337159750644080645,6,3,-0.024781544283861083
57,B1-STATE_ART,1217178366597570560,7,2,-0.15496469674258012
57,B1-STATE_ART,1369038985188831234,8,4,-0.16175798563034016
57,B1-STATE_ART,1368923387532369922,9,4,-0.161768199143044
57,B1-STATE_ART,762025473794867200,10,3,-0.162596560639553
58,B1-STATE_ART,1360680119854104582,1,5,0.05047563715324429
58,B1-STATE_ART,1369339704588570624,2,5,-0.026965619634701947
58,B1-STATE_ART,1368614821147598851,3,5,-0.06694871147427538
58,B1-STATE_ART,1367128088832745476,4,5,-0.06998006006771965
58,B1-STATE_ART,1362945064209575938,5,5,-0.13505944284221566
58,B1-STATE_ART,1369015063705612288,6,5,-0.1434324146486657
58,B1-STATE_ART,1366234614650478594,7,5,-0.15588144498202539
58,B1-STATE_ART,1366239727402196996,8,5,-0.15674724721071373
58,B1-STATE_ART,1315366562069700616,9,5,-0.1587034688188275
58,B1-STATE_ART,1300100975793901569,10,5,-0.15887769033765878
60,B1-STATE_ART,1326208392923410432,1,5,0.2252833998316758
60,B1-STATE_ART,1273919207038693376,2,5,-0.014961174052412743
60,B1-STATE_ART,1342394653887369216,3,5,-0.017492473245013726
60,B1-STATE_ART,1367214902624980995,4,5,-0.06780699377343558
60,B1-STATE_ART,1361000829247963141,5,5,-0.14971834430364847
60,B1-STATE_ART,1369362392749121542,6,5,-0.15909190896487796
60,B1-STATE_ART,1369030162298400778,7,5,-0.16083226551576046
60,B1-STATE_ART,1368760958261268480,8,5,-0.16221574105414122
60,B1-STATE_ART,1356659266732650498,9,5,-0.16269646615363442
60,B1-STATE_ART,1367262209160736770,10,5,-0.16326108690447083
61,B1-STATE_ART,1341013863110762496,1,3,0.9794157079964128
61,B1-STATE_ART,1326208392923410432,2,4,0.2252833998316758
61,B1-STATE_ART,1250919345955446784,3,5,-0.06080188676314979
61,B1-STATE_ART,1354051463190732800,4,4,-0.1354485332959967
61,B1-STATE_ART,1242146375950675969,5,3,-0.16141196418194562
61,B1-STATE_ART,1359645020974845952,6,5,-0.16178437056198136
61,B1-STATE_ART,1358793588382052358,7,2,-0.16184104710178704
61,B1-STATE_ART,1357058139720478731,8,4,-0.16235343968232094
61,B1-STATE_ART,1369148165471969284,9,3,-0.16240694315223939
61,B1-STATE_ART,1356659266732650498,10,4,-0.16269646615363442
62,B1-STATE_ART,1312476369830338561,1,4,0.08477451933250409
62,B1-STATE_ART,1354081977062850561,2,4,-0.07713920594177347
62,B1-STATE_ART,1362099968824254464,3,4,-0.12706296429765765
62,B1-STATE_ART,1334706123971162115,4,4,-0.1320757840737022
62,B1-STATE_ART,1198044435163967488,5,4,-0.13769793959647703
62,B1-STATE_ART,1366478355558780939,6,4,-0.15636850244604816
62,B1-STATE_ART,1365346314956005378,7,4,-0.1567689906332183
62,B1-STATE_ART,1336808991792525325,8,4,-0.15754919111084767
62,B1-STATE_ART,1336517598029213698,9,4,-0.160289883612536
62,B1-STATE_ART,1369374583598571524,10,4,-0.16226522832108464
63,B1-STATE_ART,1369343506939019269,1,2,-0.07302206326800191
63,B1-STATE_ART,1369343506939019269,2,1,-0.07302206326800191
63,B1-STATE_ART,1367766039254163458,3,3,-0.11345365407177016
63,B1-STATE_ART,1369498799673065473,4,4,-0.132561109094336
63,B1-STATE_ART,1369281300453015552,5,1,-0.1336471140312251
63,B1-STATE_ART,1369490617592467456,6,1,-0.13830517228899977
63,B1-STATE_ART,1369242094217404419,7,2,-0.15181601129939953
63,B1-STATE_ART,1368848967086215169,8,3,-0.1534827693594637
63,B1-STATE_ART,1368856158010810369,9,5,-0.15874261562935563
63,B1-STATE_ART,1368856158010810369,10,5,-0.15874261562935563
66,B1-STATE_ART,1305852766850555904,1,5,1.5461000311361601
66,B1-STATE_ART,958350559177736194,2,4,0.5402519944868122
66,B1-STATE_ART,1330977426906689538,3,2,-0.14121838611265902
66,B1-STATE_ART,1355113743504584706,4,3,-0.15592220634577975
66,B1-STATE_ART,1316030943174422528,5,2,-0.1579451729615373
66,B1-STATE_ART,1354775320658898944,6,2,-0.16136461111006142
66,B1-STATE_ART,423079851592257536,7,2,-0.16156749770648543
66,B1-STATE_ART,1356654923870572546,8,2,-0.161996946804255
66,B1-STATE_ART,1354993740562137089,9,3,-0.1627781076015847
66,B1-STATE_ART,1361587149062082561,10,1,-0.16277957318982827
68,B1-STATE_ART,1327659608903733249,1,5,0.1824647101351958
68,B1-STATE_ART,1352380607314145283,2,5,-0.009043475023541102
68,B1-STATE_ART,1293655120706600960,3,4,-0.05503185752749789
68,B1-STATE_ART,1323278697466630145,4,5,-0.09282888638256448
68,B1-STATE_ART,1354966674525597698,5,5,-0.10176788890149362
68,B1-STATE_ART,1349392742212726785,6,5,-0.10617070775226269
68,B1-STATE_ART,1357788145794887681,7,5,-0.1271946170200474
68,B1-STATE_ART,1366187680472522754,8,5,-0.12724750580593022
68,B1-STATE_ART,1072571174180306945,9,4,-0.13716416283887084
68,B1-STATE_ART,1367207527079940101,10,5,-0.13876858827434468
70,B1-STATE_ART,1369343506939019269,1,5,-0.07302206326800191
70,B1-STATE_ART,1369242094217404419,2,5,-0.15181601129939953
70,B1-STATE_ART,1369440747641049091,3,4,-0.1523436656208824
70,B1-STATE_ART,1370041595605753862,4,5,-0.1566575725784098
70,B1-STATE_ART,1369573257234550784,5,5,-0.15750876853268703
70,B1-STATE_ART,1368856158010810369,6,5,-0.15874261562935563
70,B1-STATE_ART,1369552733536219138,7,5,-0.15934151108356437
70,B1-STATE_ART,1369590734672760836,8,5,-0.16134942942099798
70,B1-STATE_ART,1368835740529000449,9,5,-0.16166907853286147
70,B1-STATE_ART,1352326523026632706,10,5,-0.16224901000434713
71,B1-STATE_ART,1189330936300756992,1,5,8.665533945834879
71,B1-STATE_ART,1151160990995746816,2,5,1.4960720447607352
71,B1-STATE_ART,1326208392923410432,3,4,0.2252833998316758
71,B1-STATE_ART,1312476369830338561,4,4,0.08477451933250409
71,B1-STATE_ART,1338474408743215106,5,3,0.048777459279972006
71,B1-STATE_ART,1298591876963078146,6,3,-0.03391022231475111
71,B1-STATE_ART,1343240225129168898,7,4,-0.061083752410813714
71,B1-STATE_ART,1324784149241147394,8,3,-0.128387740406463
71,B1-STATE_ART,1281615412459782145,9,5,-0.13445160845984058
71,B1-STATE_ART,1356659266732650498,10,5,-0.16269646615363442
72,B1-STATE_ART,1346184604827279360,1,5,1.721602723904527
72,B1-STATE_ART,1364248308781248517,2,5,-0.044525656194177164
72,B1-STATE_ART,1369343506939019269,3,2,-0.07302206326800191
72,B1-STATE_ART,1298277043499462656,4,5,-0.07481849398208411
72,B1-STATE_ART,1351256621993738240,5,5,-0.09755776234402448
72,B1-STATE_ART,1364662601473429514,6,5,-0.10017914304333317
72,B1-STATE_ART,1329459194601193472,7,5,-0.12120245301333249
72,B1-STATE_ART,1364604015103778820,8,4,-0.12326222143909066
72,B1-STATE_ART,1259963743716298754,9,3,-0.15509286506827794
72,B1-STATE_ART,1362476144830812161,10,4,-0.16216552622018202
73,B1-STATE_ART,1369498799673065473,1,2,-0.132561109094336
73,B1-STATE_ART,1367763412244172802,2,2,-0.15177666504085596
73,B1-STATE_ART,968884303131234305,3,4,-0.15961720100715554
73,B1-STATE_ART,1368988690211627016,4,3,-0.16123533742621707
73,B1-STATE_ART,1369181799029571589,5,5,-0.16127547723699515
73,B1-STATE_ART,1369031455695900677,6,4,-0.16184344809999132
73,B1-STATE_ART,1369047712184889353,7,5,-0.1622863536388969
73,B1-STATE_ART,1369327333824430080,8,3,-0.16243098580301557
73,B1-STATE_ART,1363564146948665347,9,3,-0.16248843678775332
73,B1-STATE_ART,1369416324275961858,10,5,-0.16249858171174356
74,B1-STATE_ART,1369990624041140230,1,1,-0.1370351274936381
74,B1-STATE_ART,1369475640076996610,2,1,-0.15774437238167088
74,B1-STATE_ART,1370088400410324994,3,4,-0.1581974608344973
74,B1-STATE_ART,1369552733536219138,4,5,-0.15934151108356437
74,B1-STATE_ART,1369207595785977860,5,5,-0.16059350863599461
74,B1-STATE_ART,1369598009084887043,6,5,-0.1607815135910037
74,B1-STATE_ART,1368835740529000449,7,5,-0.16166907853286147
74,B1-STATE_ART,1369038985188831234,8,3,-0.16175798563034016
74,B1-STATE_ART,1368923387532369922,9,3,-0.161768199143044
74,B1-STATE_ART,1364311211194675203,10,4,-0.16189717494454375
76,B1-STATE_ART,1322665368108716033,1,3,12.445718664255494
76,B1-STATE_ART,1349748316901310464,2,2,4.314829829320331
76,B1-STATE_ART,1338944728969035776,3,4,2.8290470546723885
76,B1-STATE_ART,1357382231816359939,4,3,0.5219354859555995
76,B1-STATE_ART,1360638198573981696,5,3,0.21530071809103263
76,B1-STATE_ART,1331756802078334982,6,2,0.10797655313698663
76,B1-STATE_ART,1366222136591872000,7,3,-0.09541260437343473
76,B1-STATE_ART,1354853026545102849,8,2,-0.11427825241800951
76,B1-STATE_ART,1367946423736537089,9,4,-0.1367561813873199
76,B1-STATE_ART,1369095591607865347,10,2,-0.15394635345067015
77,B1-STATE_ART,1369552733536219138,1,3,-0.15934151108356437
77,B1-STATE_ART,1366588589191147526,2,4,-0.1597327900212887
77,B1-STATE_ART,1369598009084887043,3,4,-0.1607815135910037
77,B1-STATE_ART,1368835740529000449,4,4,-0.16166907853286147
77,B1-STATE_ART,1369038985188831234,5,2,-0.16175798563034016
77,B1-STATE_ART,1368923387532369922,6,5,-0.161768199143044
77,B1-STATE_ART,1364311211194675203,7,3,-0.16189717494454375
77,B1-STATE_ART,1354908861572935681,8,5,-0.1623538622412656
77,B1-STATE_ART,1352325551621595136,9,4,-0.16248750793191596
77,B1-STATE_ART,1328394654375698433,10,4,-0.16253144692549706
78,B1-STATE_ART,1368204280629444611,1,1,-0.12210487594745807
78,B1-STATE_ART,1368686691452608517,2,1,-0.13612992367145657
78,B1-STATE_ART,1367339191961489408,3,3,-0.13920631472129352
78,B1-STATE_ART,1367318893191196674,4,1,-0.1519413478927967
78,B1-STATE_ART,1367307559640571904,5,1,-0.15437807042762092
78,B1-STATE_ART,1366609467803074561,6,3,-0.15500142121555166
78,B1-STATE_ART,1367295348574728194,7,3,-0.15557936486204413
78,B1-STATE_ART,1366894541475696640,8,1,-0.15902491291863535
78,B1-STATE_ART,1367486237574123525,9,3,-0.16065052523563828
78,B1-STATE_ART,1369407651914932229,10,1,-0.16141774468151696
79,B1-STATE_ART,1324424895749652481,1,3,0.24094072005846046
79,B1-STATE_ART,1341790679945670656,2,5,0.1491021037293476
79,B1-STATE_ART,1360011987493789696,3,2,-0.1300664378202662
79,B1-STATE_ART,1292597118763319296,4,5,-0.1429053725721892
79,B1-STATE_ART,1322229311718494210,5,3,-0.14381362108733106
79,B1-STATE_ART,1307137727067029506,6,2,-0.14720377118742553
79,B1-STATE_ART,1361735737411067909,7,4,-0.1488361764426219
79,B1-STATE_ART,1365017631321858052,8,2,-0.1493892911028487
79,B1-STATE_ART,1354523590742446080,9,3,-0.14981801375807038
79,B1-STATE_ART,1362841895030968326,10,4,-0.1627717450307724
81,B1-STATE_ART,1368299640421052423,1,5,-0.018986574770647687
81,B1-STATE_ART,1368225636993691649,2,5,-0.05227152066488182
81,B1-STATE_ART,1369267106215235589,3,5,-0.07316813842162638
81,B1-STATE_ART,1367112526647934977,4,5,-0.13059724273869433
81,B1-STATE_ART,1366505349386240005,5,5,-0.13389041032410864
81,B1-STATE_ART,1368637578694524931,6,5,-0.14831847290906688
81,B1-STATE_ART,1369403796443570180,7,5,-0.1514899001564155
81,B1-STATE_ART,1369226708763746305,8,3,-0.15493602404004575
81,B1-STATE_ART,1368844528170500098,9,5,-0.15946277995206798
81,B1-STATE_ART,1367226152549577157,10,5,-0.16220261040379144
1,B1-SCSA_PLUS,1189330936300756992,1,5,134920.21874142578
1,B1-SCSA_PLUS,1151160990995746816,2,5,41119.23242595107
1,B1-SCSA_PLUS,1338474408743215106,3,3,9183.617712134519
1,B1-SCSA_PLUS,1312476369830338561,4,4,7951.917705515229
1,B1-SCSA_PLUS,1298591876963078146,5,4,5677.762565792783
1,B1-SCSA_PLUS,1343240225129168898,6,5,5348.498141946044
1,B1-SCSA_PLUS,1369343506939019269,7,5,3052.5694870533866
1,B1-SCSA_PLUS,1324784149241147394,8,3,1487.0583584579765
1,B1-SCSA_PLUS,1281615412459782145,9,3,949.8462257214832
1,B1-SCSA_PLUS,1369271796499947520,10,5,892.8485201328039
2,B1-SCSA_PLUS,1368785659066941440,1,4,12109.468816894041
2,B1-SCSA_PLUS,1369498799673065473,2,4,1436.9814638059615
2,B1-SCSA_PLUS,1367766039254163458,3,5,1235.5292622760137
2,B1-SCSA_PLUS,1364144723590578176,4,4,354.41238434764614
2,B1-SCSA_PLUS,1369600439239458820,5,3,157.3357758830301
2,B1-SCSA_PLUS,1369579853612281860,6,4,103.51221140607231
2,B1-SCSA_PLUS,1369601403686182915,7,4,93.73730247405577
2,B1-SCSA_PLUS,1369453291936088064,8,4,75.33609987982398
2,B1-SCSA_PLUS,1369587331691208706,9,4,25.68668204527878
2,B1-SCSA_PLUS,1363564146948665347,10,5,15.577720180514646
3,B1-SCSA_PLUS,1363896507242598402,1,4,143.07881879075515
3,B1-SCSA_PLUS,1166395659500568579,2,2,116.4002817564314
3,B1-SCSA_PLUS,1367883861271613441,3,5,86.85807345178088
3,B1-SCSA_PLUS,1369362392749121542,4,2,83.56967545085017
3,B1-SCSA_PLUS,1369030162298400778,5,2,56.4833757412624
3,B1-SCSA_PLUS,1321186362171666432,6,1,51.88146317409905
3,B1-SCSA_PLUS,1367559613005004800,7,2,22.416298692407878
3,B1-SCSA_PLUS,1353812372331220992,8,2,3.346684330364264
3,B1-SCSA_PLUS,1366963364975452162,9,2,2.3399325854926567
3,B1-SCSA_PLUS,1369048640111570951,10,2,1.5729706018487974
4,B1-SCSA_PLUS,1369343506939019269,1,5,3052.5694870533866
4,B1-SCSA_PLUS,1369397597421645834,2,5,662.6453361764799
4,B1-SCSA_PLUS,1369242094217404419,3,5,437.3897896322216
4,B1-SCSA_PLUS,1369959855692337152,4,1,127.32413791512309
4,B1-SCSA_PLUS,1369552733536219138,5,4,84.59643139580761
4,B1-SCSA_PLUS,1369453291936088064,6,4,75.33609987982398
4,B1-SCSA_PLUS,1369598009084887043,7,5,49.876975904269024
4,B1-SCSA_PLUS,1370128693662785544,8,5,48.94007640810729
4,B1-SCSA_PLUS,1368835740529000449,9,5,13.871839562013273
4,B1-SCSA_PLUS,1352325551621595136,10,2,1.4430630981945995
5,B1-SCSA_PLUS,1369343506939019269,1,3,3052.5694870533866
5,B1-SCSA_PLUS,1369242094217404419,2,5,437.3897896322216
5,B1-SCSA_PLUS,1368975418741624833,3,5,358.5742265216529
5,B1-SCSA_PLUS,1369382939289587718,4,5,149.16059810656742
5,B1-SCSA_PLUS,1369517501248372738,5,5,113.23107731495364
5,B1-SCSA_PLUS,1368856158010810369,6,5,78.3358500023968
5,B1-SCSA_PLUS,1369480643315462144,7,5,72.7088097311266
5,B1-SCSA_PLUS,1369612914982846469,8,5,67.93835734071531
5,B1-SCSA_PLUS,1369543002385956865,9,5,61.759828785331315
5,B1-SCSA_PLUS,1369590734672760836,10,5,8.836922611859853
6,B1-SCSA_PLUS,1357736029067874305,1,3,12930.046014857424
6,B1-SCSA_PLUS,1326208392923410432,2,4,7423.365063089659
6,B1-SCSA_PLUS,1362794394848538628,3,5,7300.754437235448
6,B1-SCSA_PLUS,1368867018854830081,4,5,2566.1773805660428
6,B1-SCSA_PLUS,1274054340517527552,5,3,103.2651516971683
6,B1-SCSA_PLUS,1368667864803213318,6,4,84.98137554206221
6,B1-SCSA_PLUS,1356659266732650498,7,3,16.043216210577913
6,B1-SCSA_PLUS,1367608643596783616,8,3,13.78645025712203
6,B1-SCSA_PLUS,1357425371721965589,9,4,4.540072970597563
6,B1-SCSA_PLUS,1339526482142654466,10,4,3.8439151819665596
7,B1-SCSA_PLUS,1359820217090768896,1,4,72.811424594381
7,B1-SCSA_PLUS,1369342862656221187,2,4,21.89438678618926
7,B1-SCSA_PLUS,1363849575279316998,3,4,21.38962240912134
7,B1-SCSA_PLUS,1365618942501285888,4,5,20.805813460847652
7,B1-SCSA_PLUS,969126955193962496,5,3,8.609499006324624
7,B1-SCSA_PLUS,1368972324301602816,6,4,7.331830368497564
7,B1-SCSA_PLUS,1368969473651261440,7,3,6.713778387372121
7,B1-SCSA_PLUS,1367244704526393349,8,2,5.196484796475472
7,B1-SCSA_PLUS,1364974104491798530,9,4,2.7176094018815413
7,B1-SCSA_PLUS,1365376371376205838,10,4,2.635253638580498
8,B1-SCSA_PLUS,1359964129532862464,1,4,209440.79215303974
8,B1-SCSA_PLUS,1360637255132434433,2,4,199259.5783005402
8,B1-SCSA_PLUS,1349748316901310464,3,5,178416.63778930844
8,B1-SCSA_PLUS,1337245958787244033,4,5,95145.33810596463
8,B1-SCSA_PLUS,1296750375114964992,5,5,55848.97223511098
8,B1-SCSA_PLUS,1368703131652005888,6,5,40736.93147289572
8,B1-SCSA_PLUS,1363673526096470017,7,4,2157.543947455813
8,B1-SCSA_PLUS,1361140319002103813,8,4,2110.2996341273806
8,B1-SCSA_PLUS,1363548342832218116,9,5,564.0716396595491
8,B1-SCSA_PLUS,1369095591607865347,10,4,425.0038235806322
9,B1-SCSA_PLUS,1341790679945670656,1,4,9981.620861890397
9,B1-SCSA_PLUS,1365001111946420226,2,4,3348.912400354559
9,B1-SCSA_PLUS,1337774207971684352,3,5,1014.0645918351063
9,B1-SCSA_PLUS,1292597118763319296,4,5,923.9358770786881
9,B1-SCSA_PLUS,1275492317013479424,5,5,601.2006279607789
9,B1-SCSA_PLUS,1363548342832218116,6,5,564.0716396595491
9,B1-SCSA_PLUS,1322221808913928193,7,2,435.87804551084804
9,B1-SCSA_PLUS,1322229311718494210,8,2,424.8455355110607
9,B1-SCSA_PLUS,1322191082235506689,9,4,86.02427078939004
9,B1-SCSA_PLUS,1362841895030968326,10,1,21.67230638312159
10,B1-SCSA_PLUS,1369007428696743936,1,5,6118.282326289246
10,B1-SCSA_PLUS,1368550065502121985,2,5,5248.041905252149
10,B1-SCSA_PLUS,1368645394348077067,3,5,2815.2335647899404
10,B1-SCSA_PLUS,1368982192194519043,4,4,1729.4615353888503
10,B1-SCSA_PLUS,1369259792892633089,5,5,1700.944340311975
10,B1-SCSA_PLUS,1368157353695121412,6,5,1159.5968108768725
10,B1-SCSA_PLUS,1368173264602869761,7,5,544.229565938618
10,B1-SCSA_PLUS,1369382325633638404,8,5,543.0031844067852
10,B1-SCSA_PLUS,1368317364287180801,9,5,285.97418943476424
10,B1-SCSA_PLUS,1368241591299760129,10,5,11.710443680941612
11,B1-SCSA_PLUS,1338944728969035776,1,1,117845.10612161113
11,B1-SCSA_PLUS,1360046105170485249,2,3,59466.80393037452
11,B1-SCSA_PLUS,1368703131652005888,3,2,40736.93147289572
11,B1-SCSA_PLUS,1360638198573981696,4,1,13949.229241914129
11,B1-SCSA_PLUS,1327659608903733249,5,5,11351.672208818916
11,B1-SCSA_PLUS,1354547483083329538,6,2,8760.442974154334
11,B1-SCSA_PLUS,1366833859829108738,7,5,7736.910319472366
11,B1-SCSA_PLUS,1309555054295355394,8,5,4522.717613251091
11,B1-SCSA_PLUS,1269640838205902849,9,3,3320.30767829557
11,B1-SCSA_PLUS,1366208806535892995,10,5,1552.9924937147518
12,B1-SCSA_PLUS,1321919226341306368,1,5,52538.816783354545
12,B1-SCSA_PLUS,1272637078401097731,2,5,21485.326117873585
12,B1-SCSA_PLUS,1343974143646044160,3,5,12951.435006144999
12,B1-SCSA_PLUS,1359318229735251977,4,3,6975.85480504099
12,B1-SCSA_PLUS,1365155419564351490,5,5,3021.5628853060084
12,B1-SCSA_PLUS,1366804263385501696,6,5,1715.8546593985402
12,B1-SCSA_PLUS,1361396964227772419,7,5,235.98741659345316
12,B1-SCSA_PLUS,1365372438578667526,8,2,131.90927661273793
12,B1-SCSA_PLUS,1339746480014254081,9,5,11.939045082012415
12,B1-SCSA_PLUS,1364415183607586825,10,2,4.339857020059771
13,B1-SCSA_PLUS,1312476369830338561,1,4,7951.917705515229
13,B1-SCSA_PLUS,1357343495132880897,2,2,3340.296760479442
13,B1-SCSA_PLUS,1354081977062850561,3,3,2479.937746711315
13,B1-SCSA_PLUS,1327673915829866501,4,4,376.6404830300103
13,B1-SCSA_PLUS,1336808991792525325,5,2,209.91600367187627
13,B1-SCSA_PLUS,1365346314956005378,6,2,134.07703840369484
13,B1-SCSA_PLUS,1285952748484083712,7,1,121.65672370034201
13,B1-SCSA_PLUS,1337102429532217345,8,4,121.53644674500744
13,B1-SCSA_PLUS,1362949278365143050,9,1,18.93605493769136
13,B1-SCSA_PLUS,1369324832702296067,10,2,13.994140489736836
15,B1-SCSA_PLUS,1321919226341306368,1,2,52538.816783354545
15,B1-SCSA_PLUS,1272637078401097731,2,2,21485.326117873585
15,B1-SCSA_PLUS,1343974143646044160,3,5,12951.435006144999
15,B1-SCSA_PLUS,1359318229735251977,4,4,6975.85480504099
15,B1-SCSA_PLUS,1366804263385501696,5,2,1715.8546593985402
15,B1-SCSA_PLUS,1360653537781321732,6,5,1684.2643163178777
15,B1-SCSA_PLUS,1361396964227772419,7,2,235.98741659345316
15,B1-SCSA_PLUS,1365372438578667526,8,2,131.90927661273793
15,B1-SCSA_PLUS,1339746480014254081,9,3,11.939045082012415
15,B1-SCSA_PLUS,1364415183607586825,10,3,4.339857020059771
16,B1-SCSA_PLUS,1367300479739441155,1,1,12747.91095144938
16,B1-SCSA_PLUS,1367491019277799427,2,5,3559.0325961193867
16,B1-SCSA_PLUS,1369400158912475136,3,1,1546.5244269214372
16,B1-SCSA_PLUS,1367625056570990592,4,2,803.0586163481489
16,B1-SCSA_PLUS,1369378396216692740,5,1,301.10317489539915
16,B1-SCSA_PLUS,1367629682439454722,6,1,86.2862153139546
16,B1-SCSA_PLUS,1368144516558041088,7,1,75.57524683451318
16,B1-SCSA_PLUS,1333807391079428096,8,1,68.22756865887989
16,B1-SCSA_PLUS,1367269369521266691,9,5,31.682142186215845
16,B1-SCSA_PLUS,1346230432036233218,10,1,16.79687069310067
17,B1-SCSA_PLUS,1365629350721249281,1,5,536.0328914760464
17,B1-SCSA_PLUS,1367474157626290181,2,5,339.42184415938004
17,B1-SCSA_PLUS,1366841911357620225,3,5,325.2347352955419
17,B1-SCSA_PLUS,1358414579328561153,4,5,250.12573701111478
17,B1-SCSA_PLUS,1369000930809581570,5,5,210.63868141160066
17,B1-SCSA_PLUS,1316030943174422528,6,5,159.15362168315164
17,B1-SCSA_PLUS,1367507656269791241,7,5,127.42369151443121
17,B1-SCSA_PLUS,1316722494255099904,8,5,53.307000774755586
17,B1-SCSA_PLUS,1354993740562137089,9,1,23.83487934449963
17,B1-SCSA_PLUS,1362674074732748803,10,1,4.593810395719885
18,B1-SCSA_PLUS,1189330936300756992,1,5,134920.21874142578
18,B1-SCSA_PLUS,1333425556659064833,2,3,16439.40874261363
18,B1-SCSA_PLUS,1331689113494446085,3,3,10666.019322859038
18,B1-SCSA_PLUS,1338474408743215106,4,2,9183.617712134519
18,B1-SCSA_PLUS,1298591876963078146,5,2,5677.762565792783
18,B1-SCSA_PLUS,1188118588290469890,6,5,3931.8764856632606
18,B1-SCSA_PLUS,1368640454028386304,7,2,1005.19646714728
18,B1-SCSA_PLUS,1363561378552958976,8,2,107.37331429624719
18,B1-SCSA_PLUS,1368245620344029188,9,1,16.286153317936506
18,B1-SCSA_PLUS,1365319660405678081,10,1,6.526972798248173
19,B1-SCSA_PLUS,1369343506939019269,1,3,3052.5694870533866
19,B1-SCSA_PLUS,1369242094217404419,2,3,437.3897896322216
19,B1-SCSA_PLUS,1366588589191147526,3,3,111.37211660735613
19,B1-SCSA_PLUS,1369207595785977860,4,3,45.12102914999753
19,B1-SCSA_PLUS,1368923387532369922,5,5,29.32003606349311
19,B1-SCSA_PLUS,1369038985188831234,6,5,13.725867387772164
19,B1-SCSA_PLUS,1354908861572935681,7,4,3.657768966790572
19,B1-SCSA_PLUS,1329983375621435392,8,4,3.120586914016175
19,B1-SCSA_PLUS,1352325551621595136,9,4,1.4430630981945995
19,B1-SCSA_PLUS,1328394654375698433,10,3,1.3410557573996984
20,B1-SCSA_PLUS,1367491019277799427,1,1,3559.0325961193867
20,B1-SCSA_PLUS,1368604247760244742,2,3,3418.037503982346
20,B1-SCSA_PLUS,1368788336333176833,3,1,412.8348182353329
20,B1-SCSA_PLUS,1369633104269357056,4,5,28.187162746180604
20,B1-SCSA_PLUS,1359943267148845058,5,1,12.656697847890628
20,B1-SCSA_PLUS,1366925854421495812,6,5,5.901207464948412
20,B1-SCSA_PLUS,1368096530268323842,7,5,5.316063110577038
20,B1-SCSA_PLUS,1364970371716423682,8,5,4.474638332538482
20,B1-SCSA_PLUS,1363915655720939521,9,5,4.471428234396519
20,B1-SCSA_PLUS,1359371849965199360,10,5,1.3361672744290323
21,B1-SCSA_PLUS,1326208392923410432,1,5,7423.365063089659
21,B1-SCSA_PLUS,1367282096289443840,2,3,6032.530062891771
21,B1-SCSA_PLUS,1217122703766970369,3,3,5449.945562940171
21,B1-SCSA_PLUS,1367556352445321216,4,5,84.47881351698689
21,B1-SCSA_PLUS,1367323565008154630,5,1,65.38255819740944
21,B1-SCSA_PLUS,1369030162298400778,6,1,56.4833757412624
21,B1-SCSA_PLUS,1365407006253801474,7,1,26.632148397439426
21,B1-SCSA_PLUS,1356659266732650498,8,2,16.043216210577913
21,B1-SCSA_PLUS,1368978816849211392,9,5,4.730878269373891
21,B1-SCSA_PLUS,1362475510954156037,10,2,2.7566318681119433
22,B1-SCSA_PLUS,1368614821147598851,1,5,5156.791875981811
22,B1-SCSA_PLUS,1369339704588570624,2,5,5128.533819915251
22,B1-SCSA_PLUS,1366209913865703426,3,5,3447.1916095092975
22,B1-SCSA_PLUS,1367128088832745476,4,4,1197.2558069727702
22,B1-SCSA_PLUS,1369015063705612288,5,4,910.158565327777
22,B1-SCSA_PLUS,1366234614650478594,6,5,203.1744698780541
22,B1-SCSA_PLUS,1300100975793901569,7,2,118.08660109530452
22,B1-SCSA_PLUS,1367120318012280838,8,5,101.90664511045294
22,B1-SCSA_PLUS,1361812978425753600,9,4,68.8865386444805
22,B1-SCSA_PLUS,1369043306487767040,10,5,2.7282859807957265
23,B1-SCSA_PLUS,1331670759102681088,1,5,2849.3038975564377
23,B1-SCSA_PLUS,1344346181976129538,2,5,2116.8936053097673
23,B1-SCSA_PLUS,1360962032598720516,3,5,2020.0115394166717
23,B1-SCSA_PLUS,1350173131823083520,4,5,1154.0715752243818
23,B1-SCSA_PLUS,1192092402061889536,5,4,1062.1377266959487
23,B1-SCSA_PLUS,1311068940152401920,6,4,638.256929143199
23,B1-SCSA_PLUS,1363548342832218116,7,5,564.0716396595491
23,B1-SCSA_PLUS,1354864255749804039,8,5,330.72452181831704
23,B1-SCSA_PLUS,1261222316803063810,9,4,238.4873829045611
23,B1-SCSA_PLUS,1321088619814109184,10,5,7.95738422223376
24,B1-SCSA_PLUS,1312476369830338561,1,5,7951.917705515229
24,B1-SCSA_PLUS,1359900546635870215,2,5,2458.238434977929
24,B1-SCSA_PLUS,1355530037152284675,3,5,1664.5218479934226
24,B1-SCSA_PLUS,1362099968824254464,4,5,1304.6549321390776
24,B1-SCSA_PLUS,1292597118763319296,5,3,923.9358770786881
24,B1-SCSA_PLUS,1366478355558780939,6,5,198.3674501049842
24,B1-SCSA_PLUS,1365346314956005378,7,3,134.07703840369484
24,B1-SCSA_PLUS,1337102429532217345,8,5,121.53644674500744
24,B1-SCSA_PLUS,1363203331745673220,9,5,61.79783163519136
24,B1-SCSA_PLUS,1369122357307191296,10,3,43.887514480603066
25,B1-SCSA_PLUS,1369343506939019269,1,5,3052.5694870533866
25,B1-SCSA_PLUS,1368856158010810369,2,5,78.3358500023968
25,B1-SCSA_PLUS,1368970607216517129,3,5,52.52893366746015
25,B1-SCSA_PLUS,1369598009084887043,4,5,49.876975904269024
25,B1-SCSA_PLUS,1369587331691208706,5,5,25.68668204527878
25,B1-SCSA_PLUS,1368835740529000449,6,5,13.871839562013273
25,B1-SCSA_PLUS,1369590734672760836,7,5,8.836922611859853
25,B1-SCSA_PLUS,1354908861572935681,8,5,3.657768966790572
25,B1-SCSA_PLUS,1329983375621435392,9,5,3.120586914016175
25,B1-SCSA_PLUS,1352325551621595136,10,3,1.4430630981945995
26,B1-SCSA_PLUS,1358024709137432577,1,2,1030.7199794152946
26,B1-SCSA_PLUS,1337774207971684352,2,4,1014.0645918351063
26,B1-SCSA_PLUS,1339559388303007744,3,2,975.8271860339812
26,B1-SCSA_PLUS,1363548342832218116,4,2,564.0716396595491
26,B1-SCSA_PLUS,1322229311718494210,5,2,424.8455355110607
26,B1-SCSA_PLUS,1368999602867802126,6,4,24.14594394852386
26,B1-SCSA_PLUS,968452175142649858,7,4,20.279108298415064
26,B1-SCSA_PLUS,1362748296045953027,8,4,20.062278805790072
26,B1-SCSA_PLUS,970787289638096897,9,4,12.956162162557106
26,B1-SCSA_PLUS,1364571918876073985,10,3,7.061878547508617
27,B1-SCSA_PLUS,1369343506939019269,1,4,3052.5694870533866
27,B1-SCSA_PLUS,1369242094217404419,2,4,437.3897896322216
27,B1-SCSA_PLUS,1369552733536219138,3,5,84.59643139580761
27,B1-SCSA_PLUS,1370132866093420544,4,3,78.53176154171452
27,B1-SCSA_PLUS,1368856158010810369,5,5,78.3358500023968
27,B1-SCSA_PLUS,1369598009084887043,6,5,49.876975904269024
27,B1-SCSA_PLUS,1368835740529000449,7,4,13.871839562013273
27,B1-SCSA_PLUS,1369590734672760836,8,3,8.836922611859853
27,B1-SCSA_PLUS,1354908861572935681,9,4,3.657768966790572
27,B1-SCSA_PLUS,1329983375621435392,10,1,3.120586914016175
28,B1-SCSA_PLUS,1323671285285703683,1,2,6599.100120043975
28,B1-SCSA_PLUS,1339289131575341057,2,3,4737.810136360286
28,B1-SCSA_PLUS,1246491727306899456,3,5,2740.465367834282
28,B1-SCSA_PLUS,1331650428115759105,4,3,2201.5711720868544
28,B1-SCSA_PLUS,1343640147775152131,5,3,1855.1529494698964
28,B1-SCSA_PLUS,1363548342832218116,6,3,564.0716396595491
28,B1-SCSA_PLUS,1329849237299990529,7,3,398.444018294015
28,B1-SCSA_PLUS,1334641065870159874,8,3,211.4090975479253
28,B1-SCSA_PLUS,1340027052037169152,9,5,171.97180391707954
28,B1-SCSA_PLUS,1355168831413645316,10,5,113.89184737086978
29,B1-SCSA_PLUS,1367565667642331136,1,5,29309.722410285114
29,B1-SCSA_PLUS,1250919345955446784,2,4,6596.0989421935055
29,B1-SCSA_PLUS,1367565531189047299,3,3,503.9972820229542
29,B1-SCSA_PLUS,1369362392749121542,4,5,83.56967545085017
29,B1-SCSA_PLUS,1367323565008154630,5,4,65.38255819740944
29,B1-SCSA_PLUS,1369030162298400778,6,5,56.4833757412624
29,B1-SCSA_PLUS,1367244848978227201,7,3,43.95674917154232
29,B1-SCSA_PLUS,1358793588382052358,8,4,31.16677264283908
29,B1-SCSA_PLUS,1369148165471969284,9,4,4.824447150502457
29,B1-SCSA_PLUS,1366963364975452162,10,3,2.3399325854926567
30,B1-SCSA_PLUS,1360680119854104582,1,5,3890.234328136228
30,B1-SCSA_PLUS,1367128088832745476,2,3,1197.2558069727702
30,B1-SCSA_PLUS,1292597118763319296,3,3,923.9358770786881
30,B1-SCSA_PLUS,1362129662336450560,4,4,567.479451931913
30,B1-SCSA_PLUS,1366102978739007492,5,3,350.0109814869476
30,B1-SCSA_PLUS,1366239727402196996,6,5,205.6865630966886
30,B1-SCSA_PLUS,1300100975793901569,7,5,118.08660109530452
30,B1-SCSA_PLUS,1367120318012280838,8,4,101.90664511045294
30,B1-SCSA_PLUS,1366242438717661187,9,2,15.847523863649883
30,B1-SCSA_PLUS,1369037334885265408,10,3,10.631124691476984
31,B1-SCSA_PLUS,1369037449431715843,1,2,23365.791762689176
31,B1-SCSA_PLUS,978748491936780289,2,4,14186.670564749355
31,B1-SCSA_PLUS,1364590913369083904,3,3,4300.1480267577645
31,B1-SCSA_PLUS,1307034079381065732,4,4,2966.8338219192365
31,B1-SCSA_PLUS,1356766464162762754,5,3,984.2312695162068
31,B1-SCSA_PLUS,1362196257624625152,6,1,246.02069710776232
31,B1-SCSA_PLUS,1360224092427812866,7,4,65.5597399599383
31,B1-SCSA_PLUS,970013213092757504,8,4,39.746673751302644
31,B1-SCSA_PLUS,1362196930252726277,9,3,20.62687826814751
31,B1-SCSA_PLUS,1322130577684942848,10,2,9.453831896486204
32,B1-SCSA_PLUS,978970964762513409,1,3,68.632630773229
32,B1-SCSA_PLUS,1369320575945019399,2,3,22.485472607738387
32,B1-SCSA_PLUS,1369342862656221187,3,4,21.89438678618926
32,B1-SCSA_PLUS,1363849575279316998,4,4,21.38962240912134
32,B1-SCSA_PLUS,1365618942501285888,5,2,20.805813460847652
32,B1-SCSA_PLUS,969126955193962496,6,3,8.609499006324624
32,B1-SCSA_PLUS,1362748149853396993,7,3,8.243689393527573
32,B1-SCSA_PLUS,1364237278516830212,8,3,4.586472204605361
32,B1-SCSA_PLUS,1364974104491798530,9,3,2.7176094018815413
32,B1-SCSA_PLUS,1365376371376205838,10,3,2.635253638580498
33,B1-SCSA_PLUS,1369343506939019269,1,4,3052.5694870533866
33,B1-SCSA_PLUS,1369552733536219138,2,4,84.59643139580761
33,B1-SCSA_PLUS,1368856158010810369,3,4,78.3358500023968
33,B1-SCSA_PLUS,1369113689845022721,4,2,58.22231892594735
33,B1-SCSA_PLUS,1369598009084887043,5,3,49.876975904269024
33,B1-SCSA_PLUS,1369207595785977860,6,4,45.12102914999753
33,B1-SCSA_PLUS,1368978600964349955,7,4,17.076387781996814
33,B1-SCSA_PLUS,1368835740529000449,8,4,13.871839562013273
33,B1-SCSA_PLUS,1369590734672760836,9,4,8.836922611859853
33,B1-SCSA_PLUS,1364311211194675203,10,3,3.772653403090615
34,B1-SCSA_PLUS,1370098415938498560,1,4,999.628760211348
34,B1-SCSA_PLUS,1369552733536219138,2,3,84.59643139580761
34,B1-SCSA_PLUS,1368856158010810369,3,3,78.3358500023968
34,B1-SCSA_PLUS,1369500754000699392,4,3,19.14132947593772
34,B1-SCSA_PLUS,1368835740529000449,5,4,13.871839562013273
34,B1-SCSA_PLUS,1369590734672760836,6,4,8.836922611859853
34,B1-SCSA_PLUS,1369617111014924289,7,3,7.701286978162342
34,B1-SCSA_PLUS,1368607437310353408,8,2,5.8745001495325075
34,B1-SCSA_PLUS,1364311211194675203,9,3,3.772653403090615
34,B1-SCSA_PLUS,1367190653269073930,10,5,3.3622497025663622
35,B1-SCSA_PLUS,1366296962409123843,1,2,13358.607890524998
35,B1-SCSA_PLUS,1332444252895404033,2,1,8200.351704737453
35,B1-SCSA_PLUS,1340976808989241344,3,2,1409.9498231198156
35,B1-SCSA_PLUS,1368939573586386945,4,2,1309.0266024215862
35,B1-SCSA_PLUS,1365315694167011328,5,1,888.7782243945264
35,B1-SCSA_PLUS,1273723492186443782,6,3,267.98847027704505
35,B1-SCSA_PLUS,1368776591388647424,7,1,25.494236180592843
35,B1-SCSA_PLUS,1367617268734164992,8,1,9.230065573880024
35,B1-SCSA_PLUS,1368954564133654529,9,1,4.1693488825307465
35,B1-SCSA_PLUS,1352326523026632706,10,1,0.6094637998825578
36,B1-SCSA_PLUS,1151160990995746816,1,5,41119.23242595107
36,B1-SCSA_PLUS,1367610810789326850,2,5,27390.029745306394
36,B1-SCSA_PLUS,1341790679945670656,3,4,9981.620861890397
36,B1-SCSA_PLUS,1312476369830338561,4,3,7951.917705515229
36,B1-SCSA_PLUS,1357735941637603331,5,5,7735.909467523679
36,B1-SCSA_PLUS,1326208392923410432,6,5,7423.365063089659
36,B1-SCSA_PLUS,1343240225129168898,7,5,5348.498141946044
36,B1-SCSA_PLUS,1365001111946420226,8,4,3348.912400354559
36,B1-SCSA_PLUS,1350201158426648581,9,5,1945.9867314785877
36,B1-SCSA_PLUS,1337774207971684352,10,5,1014.0645918351063
37,B1-SCSA_PLUS,1189330936300756992,1,2,134920.21874142578
37,B1-SCSA_PLUS,1368703131652005888,2,4,40736.93147289572
37,B1-SCSA_PLUS,1333425556659064833,3,1,16439.40874261363
37,B1-SCSA_PLUS,1338474408743215106,4,1,9183.617712134519
37,B1-SCSA_PLUS,1298591876963078146,5,1,5677.762565792783
37,B1-SCSA_PLUS,1326902644322017281,6,4,3579.922145805065
37,B1-SCSA_PLUS,1368640454028386304,7,3,1005.19646714728
37,B1-SCSA_PLUS,1357452896976179201,8,1,18.346923959447505
37,B1-SCSA_PLUS,1365319660405678081,9,1,6.526972798248173
37,B1-SCSA_PLUS,1272338362909655040,10,1,5.3547596220364975
38,B1-SCSA_PLUS,1369498799673065473,1,4,1436.9814638059615
38,B1-SCSA_PLUS,1367766039254163458,2,5,1235.5292622760137
38,B1-SCSA_PLUS,1368923387532369922,3,5,29.32003606349311
38,B1-SCSA_PLUS,1363564146948665347,4,4,15.577720180514646
38,B1-SCSA_PLUS,1369038985188831234,5,5,13.725867387772164
38,B1-SCSA_PLUS,1369214396489170946,6,5,8.694264336142037
38,B1-SCSA_PLUS,1358819633629921283,7,5,5.04991804219667
38,B1-SCSA_PLUS,1368619226865471493,8,5,4.573569850821965
38,B1-SCSA_PLUS,1352325551621595136,9,5,1.4430630981945995
38,B1-SCSA_PLUS,1368849083201359873,10,5,1.3665752366842716
39,B1-SCSA_PLUS,1356685006916079616,1,2,56306.99820740671
39,B1-SCSA_PLUS,1258788139159613441,2,2,29807.941996789916
39,B1-SCSA_PLUS,1287526789707776000,3,2,14624.790047341636
39,B1-SCSA_PLUS,1359863795586396168,4,4,7604.445187961115
39,B1-SCSA_PLUS,1252286536738934786,5,3,7509.396513917805
39,B1-SCSA_PLUS,1291859496826843137,6,3,461.62374267891323
39,B1-SCSA_PLUS,754011760257069056,7,5,330.3689677763718
39,B1-SCSA_PLUS,1369362392749121542,8,4,83.56967545085017
39,B1-SCSA_PLUS,425668533293289472,9,3,79.83747491684886
39,B1-SCSA_PLUS,1364897061083127808,10,3,8.743770592686673
40,B1-SCSA_PLUS,1323342666361430019,1,5,5434.11557140836
40,B1-SCSA_PLUS,1324782095177306119,2,5,3488.394295402413
40,B1-SCSA_PLUS,1351182747721748487,3,1,2367.262181765863
40,B1-SCSA_PLUS,1337411829853802496,4,5,1657.8539584945981
40,B1-SCSA_PLUS,1360611979879186438,5,2,1023.8221562544535
40,B1-SCSA_PLUS,1311355905120690176,6,5,625.618902487908
40,B1-SCSA_PLUS,1355908706026758144,7,5,612.6703520754338
40,B1-SCSA_PLUS,1331202835334225920,8,1,590.2979852313914
40,B1-SCSA_PLUS,1329846979401191424,9,1,411.3827423808918
40,B1-SCSA_PLUS,1357369869222690817,10,2,184.343404507874
41,B1-SCSA_PLUS,1340930237819924480,1,2,149462.2338670793
41,B1-SCSA_PLUS,1189330936300756992,2,5,134920.21874142578
41,B1-SCSA_PLUS,1346507839909445632,3,3,83874.7191515402
41,B1-SCSA_PLUS,1357382231816359939,4,2,43692.365654350266
41,B1-SCSA_PLUS,1367890477849210881,5,1,14835.990336420982
41,B1-SCSA_PLUS,1331689113494446085,6,3,10666.019322859038
41,B1-SCSA_PLUS,1338474408743215106,7,3,9183.617712134519
41,B1-SCSA_PLUS,1326208392923410432,8,3,7423.365063089659
41,B1-SCSA_PLUS,1298591876963078146,9,2,5677.762565792783
41,B1-SCSA_PLUS,1352028901229395970,10,1,5035.795157160864
42,B1-SCSA_PLUS,1342687407326580737,1,5,7421.166107537257
42,B1-SCSA_PLUS,1368453072666521600,2,5,660.1587890809893
42,B1-SCSA_PLUS,1326177511684919300,3,2,321.18104267307854
42,B1-SCSA_PLUS,1363947240369229825,4,5,264.8112176263572
42,B1-SCSA_PLUS,1369362392749121542,5,1,83.56967545085017
42,B1-SCSA_PLUS,1369418368554569728,6,1,19.422895686860482
42,B1-SCSA_PLUS,1369101047826841604,7,1,15.153484036006251
42,B1-SCSA_PLUS,1369148238138208257,8,1,5.953164124746224
42,B1-SCSA_PLUS,1313580109727584256,9,1,1.0152820864510534
42,B1-SCSA_PLUS,1368116399097344003,10,5,0.09781655682995644
43,B1-SCSA_PLUS,1338944728969035776,1,2,117845.10612161113
43,B1-SCSA_PLUS,1336324934688116743,2,2,107374.78710831069
43,B1-SCSA_PLUS,1360638198573981696,3,2,13949.229241914129
43,B1-SCSA_PLUS,1354547483083329538,4,2,8760.442974154334
43,B1-SCSA_PLUS,1357714688994390016,5,2,2016.4610765508012
43,B1-SCSA_PLUS,1366208806535892995,6,2,1552.9924937147518
43,B1-SCSA_PLUS,1367946423736537089,7,2,1083.7713227669954
43,B1-SCSA_PLUS,1363548342832218116,8,2,564.0716396595491
43,B1-SCSA_PLUS,1359185296382779393,9,2,389.41027397170956
43,B1-SCSA_PLUS,1367629682439454722,10,2,86.2862153139546
44,B1-SCSA_PLUS,1356685006916079616,1,2,56306.99820740671
44,B1-SCSA_PLUS,1258788139159613441,2,4,29807.941996789916
44,B1-SCSA_PLUS,1253009440107720704,3,5,17711.511128878145
44,B1-SCSA_PLUS,1287526789707776000,4,2,14624.790047341636
44,B1-SCSA_PLUS,1359863795586396168,5,3,7604.445187961115
44,B1-SCSA_PLUS,1326208392923410432,6,5,7423.365063089659
44,B1-SCSA_PLUS,1369343506939019269,7,3,3052.5694870533866
44,B1-SCSA_PLUS,1291859496826843137,8,4,461.62374267891323
44,B1-SCSA_PLUS,425668533293289472,9,3,79.83747491684886
44,B1-SCSA_PLUS,1369041862414241800,10,3,49.84698216279623
45,B1-SCSA_PLUS,1344344721506885641,1,3,24192.97075192769
45,B1-SCSA_PLUS,1310595678226219015,2,3,22913.823485345278
45,B1-SCSA_PLUS,1327627598726377475,3,4,11400.300104661741
45,B1-SCSA_PLUS,1367430380463267844,4,3,8576.473281714168
45,B1-SCSA_PLUS,1345706642080493568,5,3,7019.449931232675
45,B1-SCSA_PLUS,1184016623394590721,6,4,4229.702204837036
45,B1-SCSA_PLUS,1365659227256098816,7,3,3753.40038597159
45,B1-SCSA_PLUS,1228653223269076992,8,3,2395.1180829370014
45,B1-SCSA_PLUS,1338619251050115072,9,2,1996.7116950948346
45,B1-SCSA_PLUS,1361708535294255106,10,3,289.6177454583892
46,B1-SCSA_PLUS,1369343506939019269,1,3,3052.5694870533866
46,B1-SCSA_PLUS,1369483145129713665,2,4,178.59566541964745
46,B1-SCSA_PLUS,1369552733536219138,3,4,84.59643139580761
46,B1-SCSA_PLUS,1368856158010810369,4,5,78.3358500023968
46,B1-SCSA_PLUS,1369482917248970754,5,3,60.558752867401246
46,B1-SCSA_PLUS,1368923387532369922,6,3,29.32003606349311
46,B1-SCSA_PLUS,1368835740529000449,7,4,13.871839562013273
46,B1-SCSA_PLUS,1369038985188831234,8,3,13.725867387772164
46,B1-SCSA_PLUS,1369590734672760836,9,4,8.836922611859853
46,B1-SCSA_PLUS,1369619151506071561,10,3,7.0364928171310615
47,B1-SCSA_PLUS,1360638198573981696,1,2,13949.229241914129
47,B1-SCSA_PLUS,1368116641360384005,2,5,8149.85250219339
47,B1-SCSA_PLUS,1369007428696743936,3,5,6118.282326289246
47,B1-SCSA_PLUS,1368577180557406208,4,5,4302.730351372259
47,B1-SCSA_PLUS,1367557867260289032,5,5,1929.3283015128857
47,B1-SCSA_PLUS,1368982192194519043,6,5,1729.4615353888503
47,B1-SCSA_PLUS,1368157353695121412,7,5,1159.5968108768725
47,B1-SCSA_PLUS,1367500677002452992,8,5,71.92991116178396
47,B1-SCSA_PLUS,1368241591299760129,9,5,11.710443680941612
47,B1-SCSA_PLUS,1369359775230812163,10,5,7.346964473781299
48,B1-SCSA_PLUS,1054037653379670016,1,2,2797.5253189586574
48,B1-SCSA_PLUS,1349071385360887808,2,3,783.9402066640203
48,B1-SCSA_PLUS,1369453000570310660,3,5,494.43126946990606
48,B1-SCSA_PLUS,1334986629560344579,4,2,411.58166259624153
48,B1-SCSA_PLUS,1367487878259957765,5,2,136.75025548723875
48,B1-SCSA_PLUS,1253046974389067776,6,1,87.17589743491334
48,B1-SCSA_PLUS,1369559064485715968,7,5,73.81797487516354
48,B1-SCSA_PLUS,1344756801242357768,8,5,11.957283978077516
48,B1-SCSA_PLUS,1299377724415500293,9,3,9.3263554113111
48,B1-SCSA_PLUS,956689717608595456,10,2,1.2294765291247791
49,B1-SCSA_PLUS,1310279026741841922,1,5,1273.2107758162674
49,B1-SCSA_PLUS,1301614505823141888,2,5,482.9370961165948
49,B1-SCSA_PLUS,1187825368067117057,3,5,433.8855798819365
49,B1-SCSA_PLUS,1357749874645749765,4,5,97.98460564596127
49,B1-SCSA_PLUS,1253046974389067776,5,5,87.17589743491334
49,B1-SCSA_PLUS,1366842371724476422,6,1,60.368799884691946
49,B1-SCSA_PLUS,1320101239363809280,7,1,25.968536076451212
49,B1-SCSA_PLUS,1344756801242357768,8,1,11.957283978077516
49,B1-SCSA_PLUS,1299377724415500293,9,2,9.3263554113111
49,B1-SCSA_PLUS,956689717608595456,10,2,1.2294765291247791
50,B1-SCSA_PLUS,1326208392923410432,1,3,7423.365063089659
50,B1-SCSA_PLUS,1367491019277799427,2,5,3559.0325961193867
50,B1-SCSA_PLUS,1369343506939019269,3,5,3052.5694870533866
50,B1-SCSA_PLUS,1342500356316667904,4,3,2883.131413593422
50,B1-SCSA_PLUS,1369434342053806090,5,3,297.82821475899436
50,B1-SCSA_PLUS,1369621841204088832,6,3,129.4750195779725
50,B1-SCSA_PLUS,1368939918727278599,7,5,57.72886616627898
50,B1-SCSA_PLUS,1369614780676399108,8,3,16.43457019138601
50,B1-SCSA_PLUS,1356659266732650498,9,5,16.043216210577913
50,B1-SCSA_PLUS,1369597995499593729,10,4,14.834073684586935
51,B1-SCSA_PLUS,1189330936300756992,1,5,134920.21874142578
51,B1-SCSA_PLUS,1338474408743215106,2,5,9183.617712134519
51,B1-SCSA_PLUS,1344946472618344448,3,5,8397.610708194643
51,B1-SCSA_PLUS,1326208392923410432,4,5,7423.365063089659
51,B1-SCSA_PLUS,1298591876963078146,5,5,5677.762565792783
51,B1-SCSA_PLUS,1293138169832103936,6,2,4616.107604746966
51,B1-SCSA_PLUS,1367214902624980995,7,5,2894.7106858226794
51,B1-SCSA_PLUS,1369362392749121542,8,1,83.56967545085017
51,B1-SCSA_PLUS,1356659266732650498,9,5,16.043216210577913
51,B1-SCSA_PLUS,1366963364975452162,10,2,2.3399325854926567
53,B1-SCSA_PLUS,1368652673935933450,1,1,2307.460943084473
53,B1-SCSA_PLUS,1368561876972494852,2,1,859.9152953447731
53,B1-SCSA_PLUS,1366247302843621377,3,2,225.13846333049742
53,B1-SCSA_PLUS,1305204600228573184,4,1,215.3523970655866
53,B1-SCSA_PLUS,1366458502986694658,5,1,84.86402727082884
53,B1-SCSA_PLUS,1367323565008154630,6,1,65.38255819740944
53,B1-SCSA_PLUS,1367244848978227201,7,1,43.95674917154232
53,B1-SCSA_PLUS,1368239051979943936,8,1,31.59725273056721
53,B1-SCSA_PLUS,1369025685893738496,9,1,7.518291827372101
53,B1-SCSA_PLUS,1369040473008996353,10,3,2.8647479482316234
54,B1-SCSA_PLUS,1326208392923410432,1,5,7423.365063089659
54,B1-SCSA_PLUS,1273919207038693376,2,5,5730.73606623245
54,B1-SCSA_PLUS,1362454325876969478,3,1,3058.270849753656
54,B1-SCSA_PLUS,1368970511175151620,4,5,149.2726187016955
54,B1-SCSA_PLUS,1368971556320206848,5,2,94.09670025109602
54,B1-SCSA_PLUS,1369362392749121542,6,5,83.56967545085017
54,B1-SCSA_PLUS,1368976123896336389,7,5,51.64049079148189
54,B1-SCSA_PLUS,1356659266732650498,8,5,16.043216210577913
54,B1-SCSA_PLUS,1366963364975452162,9,1,2.3399325854926567
54,B1-SCSA_PLUS,1367212796631416832,10,2,1.6641177169318135
55,B1-SCSA_PLUS,1310279026741841922,1,4,1273.2107758162674
55,B1-SCSA_PLUS,1368753671568322564,2,4,971.9416887817214
55,B1-SCSA_PLUS,1368715397415964674,3,3,549.8765672849479
55,B1-SCSA_PLUS,1366946573528100864,4,4,468.87468250583817
55,B1-SCSA_PLUS,1367479945686093825,5,5,391.33595901737243
55,B1-SCSA_PLUS,1367245903472558081,6,5,217.93940059764748
55,B1-SCSA_PLUS,1368607626494308354,7,5,52.68906581161894
55,B1-SCSA_PLUS,1367225773166190592,8,5,48.095443985777635
55,B1-SCSA_PLUS,1367170047081402380,9,4,2.0010686276084173
55,B1-SCSA_PLUS,956689717608595456,10,5,1.2294765291247791
57,B1-SCSA_PLUS,1323309743218282496,1,3,199792.95187114752
57,B1-SCSA_PLUS,1325467261239431170,2,5,116129.81900853889
57,B1-SCSA_PLUS,1257063194687832064,3,5,37411.57017081166
57,B1-SCSA_PLUS,1291098932987269128,4,3,35973.659259390246
57,B1-SCSA_PLUS,1339313549626273793,5,3,32678.884016467444
57,B1-SCSA_PLUS,1337159750644080645,6,3,9426.14284469475
57,B1-SCSA_PLUS,1217178366597570560,7,2,311.204854283635
57,B1-SCSA_PLUS,1368923387532369922,8,4,29.32003606349311
57,B1-SCSA_PLUS,1369038985188831234,9,4,13.725867387772164
57,B1-SCSA_PLUS,762025473794867200,10,3,6.307509552821815
58,B1-SCSA_PLUS,1368614821147598851,1,5,5156.791875981811
58,B1-SCSA_PLUS,1369339704588570624,2,5,5128.533819915251
58,B1-SCSA_PLUS,1360680119854104582,3,5,3890.234328136228
58,B1-SCSA_PLUS,1367128088832745476,4,5,1197.2558069727702
58,B1-SCSA_PLUS,1362945064209575938,5,5,978.421202287475
58,B1-SCSA_PLUS,1369015063705612288,6,5,910.158565327777
58,B1-SCSA_PLUS,1366239727402196996,7,5,205.6865630966886
58,B1-SCSA_PLUS,1366234614650478594,8,5,203.1744698780541
58,B1-SCSA_PLUS,1315366562069700616,9,5,129.8832500330523
58,B1-SCSA_PLUS,1300100975793901569,10,5,118.08660109530452
60,B1-SCSA_PLUS,1326208392923410432,1,5,7423.365063089659
60,B1-SCSA_PLUS,1342394653887369216,2,5,7225.009987219206
60,B1-SCSA_PLUS,1273919207038693376,3,5,5730.73606623245
60,B1-SCSA_PLUS,1367214902624980995,4,5,2894.7106858226794
60,B1-SCSA_PLUS,1361000829247963141,5,5,653.9767120859641
60,B1-SCSA_PLUS,1369362392749121542,6,5,83.56967545085017
60,B1-SCSA_PLUS,1369030162298400778,7,5,56.4833757412624
60,B1-SCSA_PLUS,1356659266732650498,8,5,16.043216210577913
60,B1-SCSA_PLUS,1368760958261268480,9,5,7.328758895675665
60,B1-SCSA_PLUS,1367262209160736770,10,5,0.3048898929433753
61,B1-SCSA_PLUS,1341013863110762496,1,3,41975.14639992955
61,B1-SCSA_PLUS,1326208392923410432,2,4,7423.365063089659
61,B1-SCSA_PLUS,1250919345955446784,3,5,6596.0989421935055
61,B1-SCSA_PLUS,1354051463190732800,4,4,417.02757005599113
61,B1-SCSA_PLUS,1359645020974845952,5,5,36.06708700672005
61,B1-SCSA_PLUS,1358793588382052358,6,2,31.16677264283908
61,B1-SCSA_PLUS,1356659266732650498,7,4,16.043216210577913
61,B1-SCSA_PLUS,1357058139720478731,8,4,8.940450886678963
61,B1-SCSA_PLUS,1369148165471969284,9,3,4.824447150502457
61,B1-SCSA_PLUS,1242146375950675969,10,3,3.015851416544457
62,B1-SCSA_PLUS,1312476369830338561,1,4,7951.917705515229
62,B1-SCSA_PLUS,1354081977062850561,2,4,2479.937746711315
62,B1-SCSA_PLUS,1362099968824254464,3,4,1304.6549321390776
62,B1-SCSA_PLUS,1198044435163967488,4,4,970.3298629180175
62,B1-SCSA_PLUS,1334706123971162115,5,4,388.25657882491294
62,B1-SCSA_PLUS,1336808991792525325,6,4,209.91600367187627
62,B1-SCSA_PLUS,1366478355558780939,7,4,198.3674501049842
62,B1-SCSA_PLUS,1336517598029213698,8,4,152.88067356913254
62,B1-SCSA_PLUS,1365346314956005378,9,4,134.07703840369484
62,B1-SCSA_PLUS,1369374583598571524,10,4,2.2101243817229896
63,B1-SCSA_PLUS,1369343506939019269,1,2,3052.5694870533866
63,B1-SCSA_PLUS,1369343506939019269,2,1,3052.5694870533866
63,B1-SCSA_PLUS,1369498799673065473,3,4,1436.9814638059615
63,B1-SCSA_PLUS,1367766039254163458,4,3,1235.5292622760137
63,B1-SCSA_PLUS,1368848967086215169,5,3,548.2255519710584
63,B1-SCSA_PLUS,1369490617592467456,6,1,542.2156343937796
63,B1-SCSA_PLUS,1369242094217404419,7,2,437.3897896322216
63,B1-SCSA_PLUS,1369281300453015552,8,1,278.8591637670596
63,B1-SCSA_PLUS,1368856158010810369,9,5,78.3358500023968
63,B1-SCSA_PLUS,1368856158010810369,10,5,78.3358500023968
66,B1-SCSA_PLUS,1305852766850555904,1,5,72634.15927557347
66,B1-SCSA_PLUS,958350559177736194,2,4,17782.4325949191
66,B1-SCSA_PLUS,1330977426906689538,3,2,921.2507911473406
66,B1-SCSA_PLUS,1316030943174422528,4,2,159.15362168315164
66,B1-SCSA_PLUS,1355113743504584706,5,3,146.9372553138921
66,B1-SCSA_PLUS,1361587149062082561,6,1,27.26310767258415
66,B1-SCSA_PLUS,1354993740562137089,7,3,23.83487934449963
66,B1-SCSA_PLUS,1354775320658898944,8,2,22.313672933335873
66,B1-SCSA_PLUS,423079851592257536,9,2,21.992534735628993
66,B1-SCSA_PLUS,1356654923870572546,10,2,9.548791458690646
68,B1-SCSA_PLUS,1327659608903733249,1,5,11351.672208818916
68,B1-SCSA_PLUS,1293655120706600960,2,4,4493.489759907713
68,B1-SCSA_PLUS,1352380607314145283,3,5,3849.478239542625
68,B1-SCSA_PLUS,1354966674525597698,4,5,3765.887186348917
68,B1-SCSA_PLUS,1323278697466630145,5,5,2968.4443356240713
68,B1-SCSA_PLUS,1349392742212726785,6,5,1910.5729805645044
68,B1-SCSA_PLUS,1366187680472522754,7,5,1552.735875209766
68,B1-SCSA_PLUS,1357788145794887681,8,5,1347.1019726593152
68,B1-SCSA_PLUS,1367207527079940101,9,5,1150.0093435126462
68,B1-SCSA_PLUS,1364598637163126785,10,5,956.8082058460656
70,B1-SCSA_PLUS,1369343506939019269,1,5,3052.5694870533866
70,B1-SCSA_PLUS,1369242094217404419,2,5,437.3897896322216
70,B1-SCSA_PLUS,1369440747641049091,3,4,205.34598902987193
70,B1-SCSA_PLUS,1370041595605753862,4,5,110.052160364123
70,B1-SCSA_PLUS,1369552733536219138,5,5,84.59643139580761
70,B1-SCSA_PLUS,1368856158010810369,6,5,78.3358500023968
70,B1-SCSA_PLUS,1369573257234550784,7,5,48.05460937724591
70,B1-SCSA_PLUS,1368835740529000449,8,5,13.871839562013273
70,B1-SCSA_PLUS,1369590734672760836,9,5,8.836922611859853
70,B1-SCSA_PLUS,1352326523026632706,10,5,0.6094637998825578
71,B1-SCSA_PLUS,1189330936300756992,1,5,134920.21874142578
71,B1-SCSA_PLUS,1151160990995746816,2,5,41119.23242595107
71,B1-SCSA_PLUS,1338474408743215106,3,3,9183.617712134519
71,B1-SCSA_PLUS,1312476369830338561,4,4,7951.917705515229
71,B1-SCSA_PLUS,1326208392923410432,5,4,7423.365063089659
71,B1-SCSA_PLUS,1298591876963078146,6,3,5677.762565792783
71,B1-SCSA_PLUS,1343240225129168898,7,4,5348.498141946044
71,B1-SCSA_PLUS,1324784149241147394,8,3,1487.0583584579765
71,B1-SCSA_PLUS,1281615412459782145,9,5,949.8462257214832
71,B1-SCSA_PLUS,1356659266732650498,10,5,16.043216210577913
72,B1-SCSA_PLUS,1346184604827279360,1,5,64672.379549097706
72,B1-SCSA_PLUS,1364248308781248517,2,5,4153.670819703572
72,B1-SCSA_PLUS,1298277043499462656,3,5,3912.183817028659
72,B1-SCSA_PLUS,1369343506939019269,4,2,3052.5694870533866
72,B1-SCSA_PLUS,1351256621993738240,5,5,3029.594996668337
72,B1-SCSA_PLUS,1364662601473429514,6,5,2176.146012927456
72,B1-SCSA_PLUS,1364604015103778820,7,4,1784.920456069647
72,B1-SCSA_PLUS,1329459194601193472,8,5,1030.8759134080046
72,B1-SCSA_PLUS,1259963743716298754,9,3,192.3813269990693
72,B1-SCSA_PLUS,1362476144830812161,10,4,11.220192244130967
73,B1-SCSA_PLUS,1369498799673065473,1,2,1436.9814638059615
73,B1-SCSA_PLUS,1367763412244172802,2,2,498.74040849875115
73,B1-SCSA_PLUS,968884303131234305,3,4,41.95277219905859
73,B1-SCSA_PLUS,1368988690211627016,4,3,25.50305746850602
73,B1-SCSA_PLUS,1363564146948665347,5,3,15.577720180514646
73,B1-SCSA_PLUS,1369031455695900677,6,4,13.75711834461591
73,B1-SCSA_PLUS,1369047712184889353,7,5,12.52681905786058
73,B1-SCSA_PLUS,1369181799029571589,8,5,11.077173175168621
73,B1-SCSA_PLUS,1369416324275961858,9,5,9.372169703855835
73,B1-SCSA_PLUS,1369327333824430080,10,3,8.003030221584051
74,B1-SCSA_PLUS,1369990624041140230,1,1,275.05567418669597
74,B1-SCSA_PLUS,1370088400410324994,2,4,146.94289899162982
74,B1-SCSA_PLUS,1369552733536219138,3,5,84.59643139580761
74,B1-SCSA_PLUS,1369475640076996610,4,1,51.06194200701517
74,B1-SCSA_PLUS,1369598009084887043,5,5,49.876975904269024
74,B1-SCSA_PLUS,1369207595785977860,6,5,45.12102914999753
74,B1-SCSA_PLUS,1368923387532369922,7,3,29.32003606349311
74,B1-SCSA_PLUS,1368835740529000449,8,5,13.871839562013273
74,B1-SCSA_PLUS,1369038985188831234,9,3,13.725867387772164
74,B1-SCSA_PLUS,1364311211194675203,10,4,3.772653403090615
76,B1-SCSA_PLUS,1349748316901310464,1,2,178416.63778930844
76,B1-SCSA_PLUS,1322665368108716033,2,3,156769.8266121663
76,B1-SCSA_PLUS,1338944728969035776,3,4,117845.10612161113
76,B1-SCSA_PLUS,1357382231816359939,4,3,43692.365654350266
76,B1-SCSA_PLUS,1360638198573981696,5,3,13949.229241914129
76,B1-SCSA_PLUS,1331756802078334982,6,2,10946.644928855403
76,B1-SCSA_PLUS,1366222136591872000,7,3,2918.156649983895
76,B1-SCSA_PLUS,1354853026545102849,8,2,1430.5478356650015
76,B1-SCSA_PLUS,1367946423736537089,9,4,1083.7713227669954
76,B1-SCSA_PLUS,1369095591607865347,10,2,425.0038235806322
77,B1-SCSA_PLUS,1366588589191147526,1,4,111.37211660735613
77,B1-SCSA_PLUS,1369552733536219138,2,3,84.59643139580761
77,B1-SCSA_PLUS,1369598009084887043,3,4,49.876975904269024
77,B1-SCSA_PLUS,1368923387532369922,4,5,29.32003606349311
77,B1-SCSA_PLUS,1368835740529000449,5,4,13.871839562013273
77,B1-SCSA_PLUS,1369038985188831234,6,2,13.725867387772164
77,B1-SCSA_PLUS,1364311211194675203,7,3,3.772653403090615
77,B1-SCSA_PLUS,1354908861572935681,8,5,3.657768966790572
77,B1-SCSA_PLUS,1352325551621595136,9,4,1.4430630981945995
77,B1-SCSA_PLUS,1328394654375698433,10,4,1.3410557573996984
78,B1-SCSA_PLUS,1368204280629444611,1,1,2007.172595206886
78,B1-SCSA_PLUS,1368686691452608517,2,1,1231.679095311086
78,B1-SCSA_PLUS,1367339191961489408,3,3,1018.4423155334441
78,B1-SCSA_PLUS,1367318893191196674,4,1,418.3426912372663
78,B1-SCSA_PLUS,1367307559640571904,5,1,356.0998943521692
78,B1-SCSA_PLUS,1367295348574728194,6,3,326.0561336642655
78,B1-SCSA_PLUS,1366609467803074561,7,3,250.66002187644727
78,B1-SCSA_PLUS,1366894541475696640,8,1,177.68428489857052
78,B1-SCSA_PLUS,1367486237574123525,9,3,48.313733324863584
78,B1-SCSA_PLUS,1369407651914932229,10,1,33.71513249724124
79,B1-SCSA_PLUS,1324424895749652481,1,3,11275.220059813619
79,B1-SCSA_PLUS,1341790679945670656,2,5,9981.620861890397
79,B1-SCSA_PLUS,1360011987493789696,3,2,950.6644564976109
79,B1-SCSA_PLUS,1292597118763319296,4,5,923.9358770786881
79,B1-SCSA_PLUS,1354523590742446080,5,3,449.2255640007722
79,B1-SCSA_PLUS,1322229311718494210,6,3,424.8455355110607
79,B1-SCSA_PLUS,1365017631321858052,7,2,408.551028860467
79,B1-SCSA_PLUS,1361735737411067909,8,4,388.5158529691026
79,B1-SCSA_PLUS,1307137727067029506,9,2,349.9599394745848
79,B1-SCSA_PLUS,1362841895030968326,10,4,21.67230638312159
81,B1-SCSA_PLUS,1368299640421052423,1,5,10442.55580254719
81,B1-SCSA_PLUS,1368225636993691649,2,5,6062.702628914442
81,B1-SCSA_PLUS,1369267106215235589,3,5,5056.235428137185
81,B1-SCSA_PLUS,1367112526647934977,4,5,2137.9093322364265
81,B1-SCSA_PLUS,1366505349386240005,5,5,1048.1430993382144
81,B1-SCSA_PLUS,1368637578694524931,6,5,739.845685146598
81,B1-SCSA_PLUS,1369226708763746305,7,3,523.1636667803832
81,B1-SCSA_PLUS,1369403796443570180,8,5,517.8204878003128
81,B1-SCSA_PLUS,1368844528170500098,9,5,84.73488303494312
81,B1-SCSA_PLUS,1367226152549577157,10,5,26.310827755596705
1,CS-STATE_ART,1369010885075812352,1,4,-0.1312259051124595
1,CS-STATE_ART,1370144518100684802,2,3,-0.15548278557936632
1,CS-STATE_ART,1369253885932617735,3,3,-0.15580200548993606
1,CS-STATE_ART,1369281593693646851,4,4,-0.1561199717744623
1,CS-STATE_ART,1369483207935225856,5,3,-0.1567145788502301
1,CS-STATE_ART,1368604102989541376,6,4,-0.15762070537052023
1,CS-STATE_ART,1369388544003895298,7,5,-0.15844609982773442
1,CS-STATE_ART,1369460811760988160,8,5,-0.1597057666735173
1,CS-STATE_ART,1369439516679942144,9,5,-0.15983409450081992
1,CS-STATE_ART,1369523963974549504,10,5,-0.16017386526778174
2,CS-STATE_ART,1369985018878169089,1,3,0.1545866937368472
2,CS-STATE_ART,1370003953598013450,2,3,-0.14884030324216274
2,CS-STATE_ART,1369037711324119046,3,4,-0.1499696551205348
2,CS-STATE_ART,1369511733975515142,4,2,-0.1501932261198858
2,CS-STATE_ART,1369578871478235143,5,5,-0.15698799876889374
2,CS-STATE_ART,1369471231448158208,6,4,-0.1586723414830121
2,CS-STATE_ART,1369271770960850949,7,3,-0.15999953184797694
2,CS-STATE_ART,1369382859534897161,8,3,-0.1600141218049419
2,CS-STATE_ART,1370128693662785544,9,4,-0.1606918941059832
2,CS-STATE_ART,1369610663547518978,10,4,-0.16142881385798638
3,CS-STATE_ART,1342995722761695232,1,2,-0.13985641625602072
3,CS-STATE_ART,1368659881260032001,2,3,-0.1550910437292035
3,CS-STATE_ART,1240704016046116865,3,4,-0.15772454665633917
3,CS-STATE_ART,1306742315667529729,4,3,-0.15828427830524278
3,CS-STATE_ART,1180250671905263616,5,2,-0.15953714332227037
3,CS-STATE_ART,1256258912866766851,6,4,-0.15969958963935377
3,CS-STATE_ART,1324916905954652168,7,3,-0.1608864516450352
3,CS-STATE_ART,1323456695725625344,8,3,-0.1611353859989065
3,CS-STATE_ART,1153306430100910080,9,3,-0.16180447160572273
3,CS-STATE_ART,1318297870315839488,10,2,-0.16241537599152567
4,CS-STATE_ART,1369456737070313476,1,2,-0.14760439812650908
4,CS-STATE_ART,1369506070989836290,2,3,-0.15064116679001896
4,CS-STATE_ART,1370053184589299724,3,2,-0.15636592891265136
4,CS-STATE_ART,1369600439239458820,4,4,-0.15639876071727318
4,CS-STATE_ART,1369525973302079490,5,4,-0.15642399629474465
4,CS-STATE_ART,1369049581208670208,6,4,-0.15896067066677197
4,CS-STATE_ART,1369563595978252291,7,1,-0.15947007571244065
4,CS-STATE_ART,1369337073463885828,8,4,-0.15952589940535342
4,CS-STATE_ART,1369113689845022721,9,2,-0.1601909963427916
4,CS-STATE_ART,1369275546044162051,10,5,-0.16046252255943885
5,CS-STATE_ART,1368685627303223297,1,3,-0.12968128148138236
5,CS-STATE_ART,1369503478880612357,2,5,-0.1462456190780128
5,CS-STATE_ART,1369377514930507782,3,5,-0.15513722376102515
5,CS-STATE_ART,1370004858464534529,4,3,-0.15528272065968
5,CS-STATE_ART,1369468594891948038,5,3,-0.15763462631194478
5,CS-STATE_ART,1369430816389033988,6,5,-0.1579484923492495
5,CS-STATE_ART,1369351763355201542,7,4,-0.15994690774123857
5,CS-STATE_ART,1369438777127624709,8,4,-0.16065420218775184
5,CS-STATE_ART,1369611245616250880,9,5,-0.1617706840021739
5,CS-STATE_ART,1369336610681159680,10,5,-0.16234947741853117
6,CS-STATE_ART,1204026434739691520,1,5,0.8183232520730329
6,CS-STATE_ART,1197158580333535232,2,4,0.27392409303898263
6,CS-STATE_ART,1219085119971000320,3,3,0.2705565788096393
6,CS-STATE_ART,1349775316366090242,4,2,-0.08745331587264027
6,CS-STATE_ART,1340053176150614025,5,4,-0.15715122826246047
6,CS-STATE_ART,1368199950169997314,6,5,-0.16002182462411974
6,CS-STATE_ART,1369559926629167104,7,5,-0.16060631859380387
6,CS-STATE_ART,1369418972509179912,8,3,-0.16167400772609392
6,CS-STATE_ART,1339894034781880323,9,5,-0.1617049645081019
6,CS-STATE_ART,1369586848163586051,10,2,-0.1617592895292476
7,CS-STATE_ART,1367862841907294209,1,4,-0.010198789245847651
7,CS-STATE_ART,1368487188724350976,2,2,-0.06648540827708722
7,CS-STATE_ART,1368632782042333188,3,4,-0.09518127287118457
7,CS-STATE_ART,1368501683219693570,4,3,-0.13797545345684709
7,CS-STATE_ART,1368174374247923712,5,3,-0.13905178307306104
7,CS-STATE_ART,1369087867939659782,6,3,-0.14349738680864121
7,CS-STATE_ART,1368519774955798529,7,4,-0.151369265812557
7,CS-STATE_ART,1368234120082554894,8,2,-0.15778443897096378
7,CS-STATE_ART,1368216046616768513,9,4,-0.16177165721250822
7,CS-STATE_ART,1364237278516830212,10,5,-0.16177981299460498
8,CS-STATE_ART,1322209256611852294,1,5,9.605111974510496
8,CS-STATE_ART,1354658220585922565,2,4,3.9825833742471706
8,CS-STATE_ART,1334724211689074688,3,5,2.6932319277629166
8,CS-STATE_ART,1316909183225286657,4,5,0.819967714372644
8,CS-STATE_ART,1318996052049973248,5,4,0.5419721755296094
8,CS-STATE_ART,1290389884927000582,6,5,0.218555436212838
8,CS-STATE_ART,1268243264156524544,7,4,0.19261143545637258
8,CS-STATE_ART,1365178104310763520,8,4,-0.09382928418237832
8,CS-STATE_ART,1363674987626856448,9,3,-0.12469212438349081
8,CS-STATE_ART,1334706123971162115,10,2,-0.1320757840737022
9,CS-STATE_ART,1164279406057201665,1,1,1.2984011746481625
9,CS-STATE_ART,1361732521428275201,2,1,0.21481232770977093
9,CS-STATE_ART,1351540224560668673,3,3,-0.05053883575619143
9,CS-STATE_ART,1319321276171759617,4,5,-0.062126355000262125
9,CS-STATE_ART,1312391963241398272,5,4,-0.12680549572685162
9,CS-STATE_ART,1263620338790944769,6,4,-0.13248377963946267
9,CS-STATE_ART,1330972658612150272,7,5,-0.14076790308797146
9,CS-STATE_ART,1338573100921794560,8,4,-0.15080834640034618
9,CS-STATE_ART,1333878541398798338,9,5,-0.1508219774464205
9,CS-STATE_ART,1327308553418272768,10,3,-0.1533296978909383
10,CS-STATE_ART,1337102280059834370,1,4,0.1008281502107142
10,CS-STATE_ART,1350865539091066881,2,5,-0.005165996965306128
10,CS-STATE_ART,1367862841907294209,3,4,-0.010198789245847651
10,CS-STATE_ART,1351594764056088577,4,5,-0.0967575524042348
10,CS-STATE_ART,1320726746329743363,5,5,-0.11256368741400277
10,CS-STATE_ART,1365731424322478084,6,5,-0.13290347402706248
10,CS-STATE_ART,1330948472992776193,7,5,-0.14023334237759844
10,CS-STATE_ART,1369087867939659782,8,5,-0.14349738680864121
10,CS-STATE_ART,1368234120082554894,9,5,-0.15778443897096378
10,CS-STATE_ART,1352017720578105346,10,4,-0.16141779242611498
11,CS-STATE_ART,1358058477785120769,1,1,12.899278738410155
11,CS-STATE_ART,1354658220585922565,2,1,3.9825833742471706
11,CS-STATE_ART,1334724211689074688,3,1,2.6932319277629166
11,CS-STATE_ART,1316909183225286657,4,5,0.819967714372644
11,CS-STATE_ART,1290389884927000582,5,5,0.218555436212838
11,CS-STATE_ART,1362769948691472385,6,5,0.016046697743208358
11,CS-STATE_ART,1352347607855726594,7,5,-0.04657510680934314
11,CS-STATE_ART,1310693744056950787,8,5,-0.04808611318552288
11,CS-STATE_ART,1349370619616378880,9,5,-0.05408371084274118
11,CS-STATE_ART,1319321276171759617,10,5,-0.062126355000262125
12,CS-STATE_ART,1344852533122981888,1,5,2.138431590824769
12,CS-STATE_ART,1331282297014743042,2,5,0.1547804791812662
12,CS-STATE_ART,1369832253816246274,3,5,-0.057220266127927466
12,CS-STATE_ART,1366121589478154243,4,5,-0.09234531722239857
12,CS-STATE_ART,1366380504736534529,5,3,-0.1406106114477888
12,CS-STATE_ART,1359370632350208003,6,2,-0.143001609551199
12,CS-STATE_ART,1358529006967033856,7,3,-0.1523863246239296
12,CS-STATE_ART,1336435104172765184,8,3,-0.15434477676402428
12,CS-STATE_ART,1370069387974119426,9,5,-0.16253406132356968
12,CS-STATE_ART,1359319030587293696,10,3,-0.16271022568248358
13,CS-STATE_ART,1350865539091066881,1,3,-0.005165996965306128
13,CS-STATE_ART,1351594764056088577,2,3,-0.0967575524042348
13,CS-STATE_ART,1358898413136396288,3,4,-0.12777869104481576
13,CS-STATE_ART,1365731424322478084,4,5,-0.13290347402706248
13,CS-STATE_ART,1330948472992776193,5,5,-0.14023334237759844
13,CS-STATE_ART,1369087867939659782,6,3,-0.14349738680864121
13,CS-STATE_ART,1337104278398382087,7,5,-0.1544084644048266
13,CS-STATE_ART,1352017720578105346,8,1,-0.16141779242611498
13,CS-STATE_ART,1362902698585071617,9,5,-0.1624389310246469
13,CS-STATE_ART,1363172378843389952,10,2,-0.16281305126203027
15,CS-STATE_ART,1365788765957083149,1,3,-0.15142249776715946
15,CS-STATE_ART,1258809129218564098,2,3,-0.15228008525506223
15,CS-STATE_ART,1330905143416659975,3,4,-0.15642287793921825
15,CS-STATE_ART,1351560050725294082,4,2,-0.15780988452508946
15,CS-STATE_ART,1331266330176196608,5,3,-0.15901542440233074
15,CS-STATE_ART,1301536924067393537,6,2,-0.15963867001225732
15,CS-STATE_ART,1355549351603531783,7,5,-0.15971487755366368
15,CS-STATE_ART,1303727847966674944,8,2,-0.161478002457324
15,CS-STATE_ART,1362920758872133634,9,3,-0.16240523214715646
15,CS-STATE_ART,1354353736580124673,10,4,-0.16268230311495263
16,CS-STATE_ART,1368447074019270656,1,4,0.21348212490528246
16,CS-STATE_ART,1346143996431646720,2,4,-0.10307257314016796
16,CS-STATE_ART,1271896411257241600,3,1,-0.13929618616579037
16,CS-STATE_ART,1275840045761441792,4,1,-0.15011509197650277
16,CS-STATE_ART,1326554237053054977,5,1,-0.15242225660286324
16,CS-STATE_ART,1352019602151100416,6,1,-0.1535082804934826
16,CS-STATE_ART,1318907390922788866,7,1,-0.15861320480290578
16,CS-STATE_ART,1173620799997186051,8,1,-0.1597261169597225
16,CS-STATE_ART,1316239353505480704,9,1,-0.16069548416732543
16,CS-STATE_ART,1317201419384975365,10,1,-0.16215593056252256
17,CS-STATE_ART,1320374052847013893,1,5,-0.15246703757568872
17,CS-STATE_ART,1366743775192752129,2,4,-0.15418252146818615
17,CS-STATE_ART,1357403552470212608,3,5,-0.154725814896896
17,CS-STATE_ART,1334527822971490308,4,5,-0.1558479365995145
17,CS-STATE_ART,1350151000267632641,5,5,-0.15837501280805655
17,CS-STATE_ART,1364970509700595717,6,5,-0.15904355455907218
17,CS-STATE_ART,1330058761323614209,7,5,-0.15991786726441112
17,CS-STATE_ART,1358772405536194562,8,5,-0.1602894410086965
17,CS-STATE_ART,1336739324658929667,9,5,-0.1610990855045166
17,CS-STATE_ART,1063403538636816385,10,5,-0.16292409473953443
18,CS-STATE_ART,1340325978170646535,1,3,0.2648478762802137
18,CS-STATE_ART,1327053570794008577,2,2,0.02525259212368395
18,CS-STATE_ART,1366528818454822914,3,3,-0.011053796940822603
18,CS-STATE_ART,1330556651716243456,4,3,-0.058977475860808766
18,CS-STATE_ART,1354527098354819077,5,1,-0.13512366257040717
18,CS-STATE_ART,1337819421973344256,6,2,-0.14752522715307023
18,CS-STATE_ART,1359592867380031494,7,1,-0.14867146841379375
18,CS-STATE_ART,1339195127986794498,8,4,-0.16226000082959244
18,CS-STATE_ART,1362475666504040451,9,1,-0.1628903113961111
18,CS-STATE_ART,1339377333728391169,10,4,-0.1630706885071806
19,CS-STATE_ART,1368697794417065992,1,3,-0.08735036234877963
19,CS-STATE_ART,1369425009303822344,2,3,-0.1397998831823555
19,CS-STATE_ART,1369266567423397891,3,3,-0.1471952625162108
19,CS-STATE_ART,1369469059427893249,4,3,-0.154880934390866
19,CS-STATE_ART,1369189230489001991,5,3,-0.15780842021954625
19,CS-STATE_ART,1369596898127077379,6,3,-0.1604663579495648
19,CS-STATE_ART,1369424518092120064,7,3,-0.16048601353450287
19,CS-STATE_ART,1369569992732250114,8,3,-0.16049760698956442
19,CS-STATE_ART,1369617901678964736,9,4,-0.1608433136342031
19,CS-STATE_ART,1369559628183445504,10,3,-0.16179128389032052
20,CS-STATE_ART,1368950916024532995,1,2,-0.05570508542801794
20,CS-STATE_ART,1369415901964034052,2,3,-0.12399063932021115
20,CS-STATE_ART,1369146187358539781,3,5,-0.15712593573223393
20,CS-STATE_ART,1368272500086476805,4,2,-0.16031521361767342
20,CS-STATE_ART,1368276753244913665,5,2,-0.16068674050766296
20,CS-STATE_ART,1369112711032881153,6,3,-0.16091447546896023
20,CS-STATE_ART,1369193501875970048,7,5,-0.16141362807813958
20,CS-STATE_ART,1366181019829686277,8,5,-0.16220529536051698
20,CS-STATE_ART,1364622367499157504,9,5,-0.16220693276825174
20,CS-STATE_ART,1369573389845880832,10,5,-0.16239923463135872
21,CS-STATE_ART,1204781519052652546,1,2,0.04161047002861552
21,CS-STATE_ART,1338181816478539777,2,5,-0.052771002214628174
21,CS-STATE_ART,1366565826913062914,3,4,-0.1461050808889453
21,CS-STATE_ART,1366217334658977797,4,5,-0.1490603723252406
21,CS-STATE_ART,1300100975793901569,5,3,-0.15887769033765878
21,CS-STATE_ART,1272339338995445760,6,1,-0.1609886767417202
21,CS-STATE_ART,1340651032817315842,7,4,-0.16112068869530802
21,CS-STATE_ART,1367222811727564800,8,5,-0.16134281468156966
21,CS-STATE_ART,1369040595310682112,9,2,-0.16207998847167476
21,CS-STATE_ART,1339526270288322561,10,4,-0.16276015469142724
22,CS-STATE_ART,1369396362840858635,1,3,-0.13878112193759026
22,CS-STATE_ART,1369402883704229892,2,5,-0.13997096744353488
22,CS-STATE_ART,1369538412961730562,3,3,-0.15269450262077364
22,CS-STATE_ART,1369103243960258562,4,4,-0.15428697314158651
22,CS-STATE_ART,1369410355215142917,5,5,-0.15630347531320732
22,CS-STATE_ART,1369567942690635778,6,5,-0.15865211764232307
22,CS-STATE_ART,1369505213904748554,7,5,-0.16018206446886166
22,CS-STATE_ART,1369483561938649089,8,4,-0.16033516965250302
22,CS-STATE_ART,1369259204725387266,9,5,-0.1609372270708816
22,CS-STATE_ART,1369437537907978245,10,3,-0.1623396946911232
23,CS-STATE_ART,1322232908141113344,1,5,-0.04092310992083215
23,CS-STATE_ART,1325995532259561473,2,5,-0.057539440503610685
23,CS-STATE_ART,1335651231759552514,3,4,-0.07376060132136883
23,CS-STATE_ART,1307054698931912706,4,4,-0.08701067878606353
23,CS-STATE_ART,1349391558269923330,5,4,-0.1390515104578154
23,CS-STATE_ART,1303724853120217088,6,4,-0.14650454653354655
23,CS-STATE_ART,1319019864212713472,7,4,-0.15092039740867635
23,CS-STATE_ART,1367852411017031682,8,4,-0.1538130546821346
23,CS-STATE_ART,1354509947288088576,9,4,-0.154936833117701
23,CS-STATE_ART,1326932771240095749,10,4,-0.1593285507991584
24,CS-STATE_ART,1357647227808841728,1,3,0.19893479294459962
24,CS-STATE_ART,1319639717906821121,2,4,0.015498587719569856
24,CS-STATE_ART,1350865539091066881,3,4,-0.005165996965306128
24,CS-STATE_ART,1358898413136396288,4,5,-0.12777869104481576
24,CS-STATE_ART,1330948472992776193,5,5,-0.14023334237759844
24,CS-STATE_ART,1369087867939659782,6,5,-0.14349738680864121
24,CS-STATE_ART,1326957720759541761,7,5,-0.15250208948571686
24,CS-STATE_ART,1369308139158446081,8,5,-0.15785197348435479
24,CS-STATE_ART,1362902698585071617,9,4,-0.1624389310246469
24,CS-STATE_ART,1363172378843389952,10,5,-0.16281305126203027
25,CS-STATE_ART,1369377505224884227,1,5,-0.10257473275134575
25,CS-STATE_ART,1369043756486377472,2,5,-0.1423662834972271
25,CS-STATE_ART,1369600442322333699,3,5,-0.15045349300541797
25,CS-STATE_ART,1369579853612281860,4,5,-0.1572496819676191
25,CS-STATE_ART,1370125729199980545,5,5,-0.15864853896609232
25,CS-STATE_ART,1369569728541425667,6,5,-0.15907945818704788
25,CS-STATE_ART,1369560664142970881,7,5,-0.15993970043877664
25,CS-STATE_ART,1369571000212463617,8,5,-0.16100653809445678
25,CS-STATE_ART,1369547930550611968,9,5,-0.16118460567380646
25,CS-STATE_ART,1369563665867898882,10,5,-0.1619306650918613
26,CS-STATE_ART,1329540885055356928,1,3,-0.14368441395438455
26,CS-STATE_ART,1349449506136330241,2,3,-0.15053167673339787
26,CS-STATE_ART,1360897085856313349,3,4,-0.1615010204652871
26,CS-STATE_ART,1348680358619992071,4,3,-0.1616742112105847
26,CS-STATE_ART,1368758876015910915,5,4,-0.1618078569785993
26,CS-STATE_ART,1369030449398509568,6,4,-0.16185719859041342
26,CS-STATE_ART,1369296706836250624,7,4,-0.16203480965212752
26,CS-STATE_ART,1359141009272184832,8,3,-0.1622733577868156
26,CS-STATE_ART,1367541147787223041,9,4,-0.1623132968471929
26,CS-STATE_ART,1369636752336490497,10,4,-0.16246558670793046
27,CS-STATE_ART,1370035059495993348,1,1,0.5730279897940919
27,CS-STATE_ART,1368269027596976129,2,1,-0.09862927028791674
27,CS-STATE_ART,1369303761097785344,3,5,-0.14659730640400387
27,CS-STATE_ART,1369528722538328068,4,4,-0.15038164467042087
27,CS-STATE_ART,1369370948634312710,5,1,-0.15541178147188345
27,CS-STATE_ART,1369571760140615684,6,4,-0.15590037735026796
27,CS-STATE_ART,1369455485615759360,7,4,-0.15602648082474124
27,CS-STATE_ART,1369608851306278914,8,5,-0.1581652861640415
27,CS-STATE_ART,1369975631744802817,9,1,-0.15824338457539652
27,CS-STATE_ART,1369400099223207936,10,1,-0.16070179969003393
28,CS-STATE_ART,1332672152995291138,1,2,-0.053968640660883284
28,CS-STATE_ART,1361498566024302597,2,5,-0.11603779041320694
28,CS-STATE_ART,1306669595525226500,3,3,-0.12794363520595042
28,CS-STATE_ART,1333791058765901825,4,2,-0.13360040291263714
28,CS-STATE_ART,1366441855416627200,5,5,-0.14756352011832574
28,CS-STATE_ART,1329848482446905349,6,5,-0.15290716948650063
28,CS-STATE_ART,1355246647446544384,7,5,-0.15544695018083396
28,CS-STATE_ART,1311335003599433733,8,5,-0.15624773564203676
28,CS-STATE_ART,1329469491961503747,9,5,-0.1578821604178956
28,CS-STATE_ART,1313864060669026304,10,1,-0.16206155473278444
29,CS-STATE_ART,1366184948244176899,1,3,0.17710892646344034
29,CS-STATE_ART,1341859235756453889,2,3,-0.11928390797550685
29,CS-STATE_ART,1331046811704958985,3,3,-0.12193545577388935
29,CS-STATE_ART,1250915381646176262,4,3,-0.15466501509999248
29,CS-STATE_ART,1261295911185068033,5,4,-0.1609898734687295
29,CS-STATE_ART,1245049389250273280,6,3,-0.16163140887580882
29,CS-STATE_ART,1120471100532625410,7,5,-0.16251843148103784
29,CS-STATE_ART,1366212322436423682,8,4,-0.16269646615363442
29,CS-STATE_ART,1368855703612448768,9,3,-0.16286455801808417
29,CS-STATE_ART,1368840460198838272,10,3,-0.16291805685468283
30,CS-STATE_ART,1290776688284954625,1,3,-0.11813326777019302
30,CS-STATE_ART,1322524023117533184,2,4,-0.13850330057700877
30,CS-STATE_ART,1329121235423297537,3,5,-0.14365449067425462
30,CS-STATE_ART,1139203333607043073,4,4,-0.14858445477753449
30,CS-STATE_ART,1369307789932265473,5,5,-0.15574245567118997
30,CS-STATE_ART,1363171557250596864,6,3,-0.16032038711094246
30,CS-STATE_ART,968536670105726977,7,4,-0.1610328225802145
30,CS-STATE_ART,1369605185455017984,8,5,-0.16147896554107083
30,CS-STATE_ART,1368741071870562307,9,3,-0.1621039602797921
30,CS-STATE_ART,1367214933423706113,10,3,-0.16260475300457725
31,CS-STATE_ART,1369087867939659782,1,3,-0.14349738680864121
31,CS-STATE_ART,1365459905717678084,2,3,-0.16051994120283908
31,CS-STATE_ART,976286019904401408,3,4,-0.16104537453743975
31,CS-STATE_ART,1369649450688409604,4,3,-0.16160631304680423
31,CS-STATE_ART,973719108515717120,5,3,-0.16163500249249727
31,CS-STATE_ART,1369463119479734274,6,4,-0.16182893029813325
31,CS-STATE_ART,1362439231080169474,7,3,-0.16204232083106226
31,CS-STATE_ART,1364961278729551872,8,4,-0.16204493967561825
31,CS-STATE_ART,1369075112432046081,9,1,-0.16216575184232426
31,CS-STATE_ART,1369304506064908290,10,3,-0.16269189510889262
32,CS-STATE_ART,1367133454241046531,1,4,-0.1386643120165588
32,CS-STATE_ART,1369169336326316036,2,4,-0.15031563248452823
32,CS-STATE_ART,976304255685423104,3,4,-0.1603169777701433
32,CS-STATE_ART,1369368976128679940,4,4,-0.1616489636025227
32,CS-STATE_ART,1369357633283620870,5,3,-0.1620524186917239
32,CS-STATE_ART,1367444872903462913,6,4,-0.16215225410933434
32,CS-STATE_ART,1369533603194040320,7,2,-0.1621777142116386
32,CS-STATE_ART,1369148225433788417,8,2,-0.1622516269262953
32,CS-STATE_ART,1367113449394765824,9,3,-0.162266689043346
32,CS-STATE_ART,1368911960478257153,10,2,-0.16234141690379222
33,CS-STATE_ART,1369366150237351943,1,3,-0.13062264657210143
33,CS-STATE_ART,1369547940017147907,2,3,-0.13104382597284028
33,CS-STATE_ART,1368604102989541376,3,2,-0.15762070537052023
33,CS-STATE_ART,1369269245704630276,4,2,-0.15800806056635888
33,CS-STATE_ART,1369321348783345674,5,4,-0.1584250394135548
33,CS-STATE_ART,1369566623913369603,6,4,-0.15916978410769925
33,CS-STATE_ART,1369450685708857348,7,3,-0.15943233905627735
33,CS-STATE_ART,1369356888568197133,8,3,-0.1595190480951559
33,CS-STATE_ART,1369362400403726350,9,4,-0.1610621246439199
33,CS-STATE_ART,1369605923732393985,10,2,-0.16219806840646073
34,CS-STATE_ART,1369404129643216897,1,3,-0.13458019767801657
34,CS-STATE_ART,1369460521846575104,2,2,-0.13571816788995608
34,CS-STATE_ART,1370017497710215170,3,2,-0.14234999447183225
34,CS-STATE_ART,1369536457992470528,4,4,-0.15114743619435692
34,CS-STATE_ART,1369270015699136512,5,2,-0.15484876113960439
34,CS-STATE_ART,1369968831666487296,6,3,-0.15703103166142013
34,CS-STATE_ART,1370057097107345411,7,3,-0.15745091071521994
34,CS-STATE_ART,1369475595466375169,8,3,-0.15816385676765146
34,CS-STATE_ART,1369460811760988160,9,4,-0.1597057666735173
34,CS-STATE_ART,1369585318521802763,10,4,-0.1605040615186143
35,CS-STATE_ART,1337396723610771457,1,1,0.0959134209815244
35,CS-STATE_ART,1152351180225335296,2,2,0.05682049795907656
35,CS-STATE_ART,1189249540412624898,3,2,-0.014854004344830469
35,CS-STATE_ART,1322493521245298689,4,1,-0.015694499428656555
35,CS-STATE_ART,1330209367002472448,5,1,-0.020250873464649138
35,CS-STATE_ART,1362483585169686531,6,2,-0.06414606711013685
35,CS-STATE_ART,1287306318961872896,7,1,-0.1294706624250547
35,CS-STATE_ART,1285629613067038720,8,2,-0.15109433067484992
35,CS-STATE_ART,1363561378552958976,9,3,-0.1615439160295636
35,CS-STATE_ART,1272336376927666176,10,2,-0.16200072191880313
36,CS-STATE_ART,1146224584443727872,1,3,0.9979423343445964
36,CS-STATE_ART,1055619307084800000,2,4,0.3468043862657819
36,CS-STATE_ART,1337102280059834370,3,5,0.1008281502107142
36,CS-STATE_ART,1350865539091066881,4,5,-0.005165996965306128
36,CS-STATE_ART,1319321276171759617,5,5,-0.062126355000262125
36,CS-STATE_ART,1254427280794845185,6,5,-0.09539671002919502
36,CS-STATE_ART,1338550048892710913,7,5,-0.10726534132499412
36,CS-STATE_ART,1320726746329743363,8,5,-0.11256368741400277
36,CS-STATE_ART,1334214244632580097,9,4,-0.11276378155429609
36,CS-STATE_ART,1307801712107966476,10,5,-0.1323501782208748
37,CS-STATE_ART,1351923223638794246,1,1,0.45324832218817807
37,CS-STATE_ART,1356264437729124353,2,1,0.13609383013892407
37,CS-STATE_ART,1331689113494446085,3,1,0.04061324203009344
37,CS-STATE_ART,1328065268942336000,4,4,-0.02415474027698325
37,CS-STATE_ART,1367114880378146824,5,1,-0.041424536483973075
37,CS-STATE_ART,1349775316366090242,6,4,-0.08745331587264027
37,CS-STATE_ART,1152354497189965824,7,1,-0.09452150193447835
37,CS-STATE_ART,1329150877941305345,8,3,-0.15707775169075242
37,CS-STATE_ART,1365407295384018947,9,1,-0.1620490293069972
37,CS-STATE_ART,1364320994337427461,10,3,-0.16234425481272088
38,CS-STATE_ART,1367625947462184961,1,5,-0.14865159320630988
38,CS-STATE_ART,1363322581076619265,2,5,-0.15904605881024234
38,CS-STATE_ART,1369521918412472320,3,5,-0.16117225154748693
38,CS-STATE_ART,1369181189932777474,4,5,-0.16143247988500004
38,CS-STATE_ART,1352922753565863936,5,4,-0.1618818639980376
38,CS-STATE_ART,1369499281833537540,6,5,-0.1618971945198322
38,CS-STATE_ART,1368999972792844292,7,5,-0.16202754897972851
38,CS-STATE_ART,1361209516277174279,8,5,-0.1622929320216088
38,CS-STATE_ART,1369036451845869573,9,5,-0.16255937014909336
38,CS-STATE_ART,1329140321402445824,10,5,-0.16260101036304464
39,CS-STATE_ART,1369414843720208384,1,4,-0.09746807497385157
39,CS-STATE_ART,1369135857110638592,2,5,-0.12352600992571092
39,CS-STATE_ART,423131090803777536,3,5,-0.15678632523386876
39,CS-STATE_ART,1364908035932569600,4,5,-0.15913249489181064
39,CS-STATE_ART,421376352319983617,5,4,-0.16038094947885193
39,CS-STATE_ART,1366870970351427588,6,5,-0.16052886555097187
39,CS-STATE_ART,1368487216775893000,7,5,-0.16132110141731723
39,CS-STATE_ART,1364156801109938178,8,4,-0.16236677198418548
39,CS-STATE_ART,1369575294806425603,9,5,-0.162396094820928
39,CS-STATE_ART,1368772235683586050,10,3,-0.1625429434788583
40,CS-STATE_ART,1320019327425286144,1,5,0.09425829826911945
40,CS-STATE_ART,1341514552819724288,2,3,-0.06825069014151254
40,CS-STATE_ART,1354759783157534720,3,2,-0.13517344722280003
40,CS-STATE_ART,1336775151128518656,4,5,-0.13738198243485958
40,CS-STATE_ART,1341428444190617600,5,2,-0.13947692146483684
40,CS-STATE_ART,1338592930022363139,6,5,-0.1462227479128133
40,CS-STATE_ART,1337106387751620613,7,1,-0.15262972434451733
40,CS-STATE_ART,1359946667429093378,8,2,-0.15293755983338245
40,CS-STATE_ART,1319756701126459398,9,5,-0.15593299379778822
40,CS-STATE_ART,1363945864633401344,10,5,-0.1587494710309002
41,CS-STATE_ART,1356407112385982464,1,1,12.855715630254767
41,CS-STATE_ART,1342918732486594560,2,3,6.251479868117624
41,CS-STATE_ART,1316771044049391617,3,1,2.3223312453128
41,CS-STATE_ART,1367522051762757632,4,3,0.547915187517189
41,CS-STATE_ART,1367295825731227650,5,1,0.4898587654210508
41,CS-STATE_ART,1368999845856436224,6,3,0.28586740143157624
41,CS-STATE_ART,1350629002302550016,7,1,0.08364370740790499
41,CS-STATE_ART,1364711711891206151,8,5,0.05785470594234074
41,CS-STATE_ART,1291753980247375873,9,4,-0.007761736980412747
41,CS-STATE_ART,1365710371206488066,10,5,-0.08140851536870142
42,CS-STATE_ART,1283200387101712384,1,1,-0.13897514471977965
42,CS-STATE_ART,1367351364477624321,2,5,-0.1460518112226265
42,CS-STATE_ART,1316378741061320711,3,5,-0.15659491876874326
42,CS-STATE_ART,1356256641814065162,4,5,-0.1572686365315415
42,CS-STATE_ART,1361692398867402752,5,5,-0.16026348980557711
42,CS-STATE_ART,1364632186884939780,6,1,-0.1608970545030705
42,CS-STATE_ART,1242185573193768960,7,5,-0.1620594530993722
42,CS-STATE_ART,1325114525104758784,8,1,-0.16234804894562732
42,CS-STATE_ART,1350632339206901761,9,2,-0.1624559668407866
42,CS-STATE_ART,1369104826869506049,10,2,-0.16265293605073738
43,CS-STATE_ART,1358058477785120769,1,2,12.899278738410155
43,CS-STATE_ART,1334724211689074688,2,2,2.6932319277629166
43,CS-STATE_ART,1316909183225286657,3,2,0.819967714372644
43,CS-STATE_ART,1332420899471990786,4,3,0.2988122943204065
43,CS-STATE_ART,1290389884927000582,5,2,0.218555436212838
43,CS-STATE_ART,1349775316366090242,6,2,-0.08745331587264027
43,CS-STATE_ART,1365178104310763520,7,2,-0.09382928418237832
43,CS-STATE_ART,1363674987626856448,8,2,-0.12469212438349081
43,CS-STATE_ART,1334706123971162115,9,2,-0.1320757840737022
43,CS-STATE_ART,1359547910619344904,10,2,-0.13258565705166822
44,CS-STATE_ART,1369546496165765121,1,3,-0.12682943544296987
44,CS-STATE_ART,1369398802537476096,2,3,-0.13083420541830285
44,CS-STATE_ART,1369434342053806090,3,2,-0.14591667171681733
44,CS-STATE_ART,1370028580516732943,4,3,-0.15108268699060923
44,CS-STATE_ART,1369449199343960065,5,5,-0.15499642204220526
44,CS-STATE_ART,1369102305748992003,6,2,-0.15528679552382704
44,CS-STATE_ART,1369377939381497859,7,5,-0.15530579772501113
44,CS-STATE_ART,1369457998523949060,8,5,-0.15543726120704537
44,CS-STATE_ART,1369332550347407367,9,5,-0.15859271857282584
44,CS-STATE_ART,1369609984468783107,10,3,-0.16006336099509885
45,CS-STATE_ART,1264644362731913216,1,5,-0.151083619240934
45,CS-STATE_ART,1366899538502426633,2,5,-0.15113073978286715
45,CS-STATE_ART,1359267423346716677,3,4,-0.15761508280856634
45,CS-STATE_ART,1358213026541834240,4,4,-0.1586801718138165
45,CS-STATE_ART,1353755766625234944,5,5,-0.15888297173021104
45,CS-STATE_ART,1330308453508800527,6,3,-0.16125346665533857
45,CS-STATE_ART,1174371887159242752,7,4,-0.16143993567077067
45,CS-STATE_ART,1179754999171047425,8,5,-0.16216656668655527
45,CS-STATE_ART,1335107635767439361,9,4,-0.1621814180530258
45,CS-STATE_ART,1269780932891774976,10,4,-0.16220541772603628
46,CS-STATE_ART,1368340015001042945,1,4,-0.010928312801766267
46,CS-STATE_ART,1369498268011552768,2,3,-0.12873621471292646
46,CS-STATE_ART,1369440894961786880,3,4,-0.13384788998444225
46,CS-STATE_ART,1369551925285449729,4,3,-0.155155733494474
46,CS-STATE_ART,1369593103208886276,5,3,-0.15850628491228896
46,CS-STATE_ART,1369121138861891587,6,2,-0.16041616269409337
46,CS-STATE_ART,1369106243755900928,7,3,-0.16098166817881582
46,CS-STATE_ART,1369596392834932746,8,4,-0.16101907165514123
46,CS-STATE_ART,1369432600448745472,9,3,-0.1611893285576494
46,CS-STATE_ART,1369332242410049546,10,5,-0.1615882960639536
47,CS-STATE_ART,1367862841907294209,1,5,-0.010198789245847651
47,CS-STATE_ART,1368487188724350976,2,5,-0.06648540827708722
47,CS-STATE_ART,1349775316366090242,3,3,-0.08745331587264027
47,CS-STATE_ART,1368174374247923712,4,5,-0.13905178307306104
47,CS-STATE_ART,1369411191316025345,5,5,-0.15338894721722385
47,CS-STATE_ART,1368234120082554894,6,5,-0.15778443897096378
47,CS-STATE_ART,1369391021642158086,7,5,-0.16067516300085677
47,CS-STATE_ART,1369397637267488772,8,5,-0.1617499338395457
47,CS-STATE_ART,1369276490832023555,9,5,-0.16210547171121137
47,CS-STATE_ART,1369347272975282184,10,5,-0.1625348251250073
48,CS-STATE_ART,1369456184554569731,1,5,0.27776293150522674
48,CS-STATE_ART,1369570003729649671,2,5,-0.14474748478450275
48,CS-STATE_ART,1369528480627650560,3,5,-0.1456118588699968
48,CS-STATE_ART,1369517501248372738,4,5,-0.14947284590793017
48,CS-STATE_ART,1369489233153515523,5,5,-0.15634759911608598
48,CS-STATE_ART,1369294887481450502,6,5,-0.16031758651808498
48,CS-STATE_ART,1369321844449361921,7,5,-0.16044873530603276
48,CS-STATE_ART,1369570221162459143,8,5,-0.16096691523138143
48,CS-STATE_ART,1369592804683419651,9,5,-0.16140998820743047
48,CS-STATE_ART,1369460712054153219,10,5,-0.16160069752324008
49,CS-STATE_ART,1368483092252401666,1,5,0.06296310378053417
49,CS-STATE_ART,1368669282452840452,2,2,-0.11364551691467242
49,CS-STATE_ART,1273665566763433984,3,5,-0.15345679893181613
49,CS-STATE_ART,1271193376147177472,4,5,-0.1546017753823085
49,CS-STATE_ART,1259322582949679104,5,5,-0.16066812149624274
49,CS-STATE_ART,1184552999428866048,6,5,-0.1608215017804267
49,CS-STATE_ART,1306044998408904704,7,5,-0.16106315343151903
49,CS-STATE_ART,1183046883347841024,8,5,-0.16163938079149157
49,CS-STATE_ART,1316050559518949376,9,5,-0.1617948333711683
49,CS-STATE_ART,1334926517722378242,10,3,-0.16227247377893844
50,CS-STATE_ART,1368697794417065992,1,4,-0.08735036234877963
50,CS-STATE_ART,1369425009303822344,2,4,-0.1397998831823555
50,CS-STATE_ART,1369430517381267460,3,3,-0.14365205550126792
50,CS-STATE_ART,1369266567423397891,4,4,-0.1471952625162108
50,CS-STATE_ART,1369469059427893249,5,4,-0.154880934390866
50,CS-STATE_ART,1369189230489001991,6,4,-0.15780842021954625
50,CS-STATE_ART,1369596898127077379,7,2,-0.1604663579495648
50,CS-STATE_ART,1369569992732250114,8,4,-0.16049760698956442
50,CS-STATE_ART,1369617901678964736,9,3,-0.1608433136342031
50,CS-STATE_ART,1369559628183445504,10,3,-0.16179128389032052
51,CS-STATE_ART,1330194382914514949,1,5,0.2243276853829842
51,CS-STATE_ART,1328413175620964353,2,5,-0.027956146007458896
51,CS-STATE_ART,1327280720084164608,3,3,-0.04634521565804762
51,CS-STATE_ART,1367197078829506565,4,5,-0.0842865034392534
51,CS-STATE_ART,1368751184434040836,5,3,-0.15359730270266092
51,CS-STATE_ART,1366830686498217984,6,5,-0.1559287717236577
51,CS-STATE_ART,1315366562069700616,7,2,-0.1587034688188275
51,CS-STATE_ART,1369056709117808640,8,5,-0.1616971920749081
51,CS-STATE_ART,1366768521854656512,9,5,-0.1619680429239624
51,CS-STATE_ART,1368747076528578560,10,3,-0.16208615575810176
53,CS-STATE_ART,1368614821147598851,1,1,-0.06694871147427538
53,CS-STATE_ART,1361767244125110275,2,1,-0.08887201635644543
53,CS-STATE_ART,1366209721124839425,3,2,-0.10571455346808198
53,CS-STATE_ART,1365708399791505416,4,1,-0.11009445482216439
53,CS-STATE_ART,1367912923641737216,5,1,-0.16052254522173293
53,CS-STATE_ART,1367212776641359872,6,1,-0.16164367567422516
53,CS-STATE_ART,1369050447797907460,7,1,-0.16211378536221702
53,CS-STATE_ART,1366827740175896578,8,1,-0.16216830992999928
53,CS-STATE_ART,1367243228701892609,9,1,-0.16242497893393595
53,CS-STATE_ART,1369459006129930241,10,1,-0.16302078343589785
54,CS-STATE_ART,1368614821147598851,1,1,-0.06694871147427538
54,CS-STATE_ART,1277164459446931456,2,2,-0.10893580561593642
54,CS-STATE_ART,1367532286359445510,3,2,-0.13335090262701602
54,CS-STATE_ART,1326615477037142016,4,2,-0.15220866322691984
54,CS-STATE_ART,1367548427370786816,5,5,-0.15952536272566964
54,CS-STATE_ART,1366425498226593793,6,3,-0.15980295146923829
54,CS-STATE_ART,1367837304509915140,7,5,-0.15988753712014658
54,CS-STATE_ART,1369050447797907460,8,2,-0.16211378536221702
54,CS-STATE_ART,1367243228701892609,9,5,-0.16242497893393595
54,CS-STATE_ART,1369459006129930241,10,2,-0.16302078343589785
55,CS-STATE_ART,1367862841907294209,1,5,-0.010198789245847651
55,CS-STATE_ART,1366604627689496580,2,5,-0.12016453176787516
55,CS-STATE_ART,1368174374247923712,3,5,-0.13905178307306104
55,CS-STATE_ART,1367266920689459202,4,5,-0.15406380847869156
55,CS-STATE_ART,1366585340849491972,5,5,-0.15999681044053007
55,CS-STATE_ART,1367288053547626496,6,5,-0.16100983463981045
55,CS-STATE_ART,1369343726611529728,7,5,-0.16146724708094798
55,CS-STATE_ART,1367842722678247427,8,5,-0.16216189436712378
55,CS-STATE_ART,1299755874915942401,9,5,-0.16260908586494133
55,CS-STATE_ART,1251269832122777600,10,5,-0.1629002341891777
57,CS-STATE_ART,1368935548694519808,1,3,-0.14672647409623402
57,CS-STATE_ART,1369335967618904068,2,3,-0.15337611049309985
57,CS-STATE_ART,1369423783086460937,3,3,-0.15759956311415216
57,CS-STATE_ART,1369569728541425667,4,4,-0.15907945818704788
57,CS-STATE_ART,1369560664142970881,5,4,-0.15993970043877664
57,CS-STATE_ART,1369595394045444097,6,3,-0.16008054536141011
57,CS-STATE_ART,1369407674366976007,7,1,-0.16034185176027188
57,CS-STATE_ART,1369433577339957248,8,4,-0.16128256375032263
57,CS-STATE_ART,1369563665867898882,9,4,-0.1619306650918613
57,CS-STATE_ART,1369572554969583617,10,3,-0.16194502152831014
58,CS-STATE_ART,1360763643135070209,1,3,-0.14855573119619211
58,CS-STATE_ART,1367536592617959425,2,5,-0.1580688331880358
58,CS-STATE_ART,1365436528865005568,3,5,-0.1582624372226564
58,CS-STATE_ART,1364274434111062018,4,5,-0.16114504324737433
58,CS-STATE_ART,1367973079624876035,5,5,-0.1616238204318218
58,CS-STATE_ART,1369090194847186944,6,4,-0.161737257021415
58,CS-STATE_ART,1362410505365839874,7,5,-0.1619915847402436
58,CS-STATE_ART,1366889537616498688,8,3,-0.16226777658206912
58,CS-STATE_ART,1361311529392623617,9,5,-0.1623279552979563
58,CS-STATE_ART,1365979945470582784,10,5,-0.16255621026686964
60,CS-STATE_ART,1353781237882744833,1,5,0.5713923713203038
60,CS-STATE_ART,1151158403135397888,2,5,0.4684180454513989
60,CS-STATE_ART,1365108564679790592,3,5,-0.12269077898432934
60,CS-STATE_ART,1145785172069146626,4,5,-0.15369457452050414
60,CS-STATE_ART,1367236148385304576,5,5,-0.15584019856193793
60,CS-STATE_ART,1368328702002671626,6,5,-0.15726616456331344
60,CS-STATE_ART,1365693174493151234,7,5,-0.1604097931836662
60,CS-STATE_ART,1367565062328623104,8,5,-0.1608099338205883
60,CS-STATE_ART,1340053869758394370,9,5,-0.16153153789020117
60,CS-STATE_ART,1366503879983030273,10,5,-0.16316451173686977
61,CS-STATE_ART,1341859235756453889,1,2,-0.11928390797550685
61,CS-STATE_ART,1250915381646176262,2,2,-0.15466501509999248
61,CS-STATE_ART,1349371181334474754,3,4,-0.1604373302771226
61,CS-STATE_ART,1261295911185068033,4,5,-0.1609898734687295
61,CS-STATE_ART,1245049389250273280,5,2,-0.16163140887580882
61,CS-STATE_ART,1368017377036660737,6,3,-0.16169050804782442
61,CS-STATE_ART,1357670309525131266,7,1,-0.162258629093907
61,CS-STATE_ART,1366212322436423682,8,2,-0.16269646615363442
61,CS-STATE_ART,1368840460198838272,9,1,-0.16291805685468283
61,CS-STATE_ART,1369453567367507968,10,3,-0.1631221952632345
62,CS-STATE_ART,1357647227808841728,1,3,0.19893479294459962
62,CS-STATE_ART,1337102280059834370,2,3,0.1008281502107142
62,CS-STATE_ART,1319639717906821121,3,3,0.015498587719569856
62,CS-STATE_ART,1365731424322478084,4,5,-0.13290347402706248
62,CS-STATE_ART,1366752653401853956,5,5,-0.14548019557867783
62,CS-STATE_ART,1326957720759541761,6,4,-0.15250208948571686
62,CS-STATE_ART,1369308139158446081,7,3,-0.15785197348435479
62,CS-STATE_ART,1352017720578105346,8,1,-0.16141779242611498
62,CS-STATE_ART,1359973359568625670,9,3,-0.16190628335894788
62,CS-STATE_ART,1359935760627953665,10,3,-0.16236686235637116
63,CS-STATE_ART,1368697794417065992,1,3,-0.08735036234877963
63,CS-STATE_ART,1369396362840858635,2,2,-0.13878112193759026
63,CS-STATE_ART,1369425009303822344,3,1,-0.1397998831823555
63,CS-STATE_ART,1369419121818038275,4,5,-0.14219685720538683
63,CS-STATE_ART,1369430517381267460,5,3,-0.14365205550126792
63,CS-STATE_ART,1369266567423397891,6,3,-0.1471952625162108
63,CS-STATE_ART,1369377489030705154,7,1,-0.15469321201463515
63,CS-STATE_ART,1369426283919212544,8,2,-0.15613398731988054
63,CS-STATE_ART,1369573257234550784,9,3,-0.15750876853268703
63,CS-STATE_ART,1369492359243763717,10,2,-0.15799896263252483
66,CS-STATE_ART,1329456908726644738,1,3,-0.1554899874150148
66,CS-STATE_ART,1022134672929816578,2,5,-0.15640477354810703
66,CS-STATE_ART,1361600708764700674,3,5,-0.15925222227068253
66,CS-STATE_ART,1364866906658922496,4,3,-0.15988256897886516
66,CS-STATE_ART,1329790713039523845,5,5,-0.16081110019977266
66,CS-STATE_ART,1314195121861132288,6,4,-0.16087723072958837
66,CS-STATE_ART,1356664797979369475,7,4,-0.16221159223805406
66,CS-STATE_ART,1366587272477306883,8,5,-0.16233212150437754
66,CS-STATE_ART,1358993966020976640,9,3,-0.1625445722841667
66,CS-STATE_ART,1359391903838470147,10,3,-0.1626672385108982
68,CS-STATE_ART,1337102280059834370,1,4,0.1008281502107142
68,CS-STATE_ART,1350865539091066881,2,5,-0.005165996965306128
68,CS-STATE_ART,1319321276171759617,3,5,-0.062126355000262125
68,CS-STATE_ART,1315101846596272129,4,5,-0.07691414943806875
68,CS-STATE_ART,1358898413136396288,5,3,-0.12777869104481576
68,CS-STATE_ART,1263620338790944769,6,1,-0.13248377963946267
68,CS-STATE_ART,1365731424322478084,7,5,-0.13290347402706248
68,CS-STATE_ART,1366752653401853956,8,5,-0.14548019557867783
68,CS-STATE_ART,1332399472039620612,9,5,-0.15004862923974732
68,CS-STATE_ART,1332251315209113601,10,4,-0.15431953158151723
70,CS-STATE_ART,1369547940017147907,1,4,-0.13104382597284028
70,CS-STATE_ART,1369445460163915780,2,4,-0.14303089136341082
70,CS-STATE_ART,1369469114620731393,3,5,-0.14735848802110668
70,CS-STATE_ART,1369352315698872325,4,4,-0.15612321798172665
70,CS-STATE_ART,1368604102989541376,5,5,-0.15762070537052023
70,CS-STATE_ART,1369269245704630276,6,5,-0.15800806056635888
70,CS-STATE_ART,1369465541925175296,7,5,-0.15920297886608198
70,CS-STATE_ART,1369450685708857348,8,4,-0.15943233905627735
70,CS-STATE_ART,1369589127168073728,9,5,-0.15955340746580893
70,CS-STATE_ART,1369408111698673675,10,5,-0.16012616118276754
71,CS-STATE_ART,1357647227808841728,1,4,0.19893479294459962
71,CS-STATE_ART,1337102280059834370,2,3,0.1008281502107142
71,CS-STATE_ART,1319639717906821121,3,2,0.015498587719569856
71,CS-STATE_ART,1358898413136396288,4,3,-0.12777869104481576
71,CS-STATE_ART,1326957720759541761,5,5,-0.15250208948571686
71,CS-STATE_ART,1337104278398382087,6,5,-0.1544084644048266
71,CS-STATE_ART,1369308139158446081,7,2,-0.15785197348435479
71,CS-STATE_ART,1363914797335543811,8,2,-0.16024246856747967
71,CS-STATE_ART,1362902698585071617,9,3,-0.1624389310246469
71,CS-STATE_ART,1363172378843389952,10,3,-0.16281305126203027
72,CS-STATE_ART,1365338574908891138,1,4,-0.1084557750897959
72,CS-STATE_ART,1363878818100875267,2,4,-0.14721516118028846
72,CS-STATE_ART,1369611540475895810,3,4,-0.1548284926111332
72,CS-STATE_ART,1369435367892455435,4,3,-0.15501497004368783
72,CS-STATE_ART,1369533353930727426,5,2,-0.15566278140939438
72,CS-STATE_ART,1369285101100691456,6,4,-0.15869971243297734
72,CS-STATE_ART,1370134342106804226,7,2,-0.1592079932613288
72,CS-STATE_ART,1369552724228980736,8,4,-0.15993578437790326
72,CS-STATE_ART,1369389341445873676,9,3,-0.1604410872894803
72,CS-STATE_ART,1369286911391637513,10,3,-0.16147565337056757
73,CS-STATE_ART,1369352282937065472,1,5,-0.15845780142876453
73,CS-STATE_ART,1366447180521816066,2,3,-0.1594169562058956
73,CS-STATE_ART,1369392703054708740,3,3,-0.16129550983581054
73,CS-STATE_ART,1365259500064804866,4,4,-0.16164655987242893
73,CS-STATE_ART,1369287711480221698,5,4,-0.16179250983022475
73,CS-STATE_ART,1368969473651261440,6,3,-0.16207567598138886
73,CS-STATE_ART,1366730304740872194,7,3,-0.16208135584257516
73,CS-STATE_ART,1369045377417162761,8,5,-0.16221657752159307
73,CS-STATE_ART,1358797009164111874,9,5,-0.16254946014659136
73,CS-STATE_ART,1366828167936237575,10,4,-0.1625497271611999
74,CS-STATE_ART,1369063128269479936,1,2,-0.07969429833446573
74,CS-STATE_ART,1370053184589299724,2,4,-0.15636592891265136
74,CS-STATE_ART,1369600439239458820,3,2,-0.15639876071727318
74,CS-STATE_ART,1369396337469501452,4,2,-0.15647050014886033
74,CS-STATE_ART,1369538190827270145,5,2,-0.1585947635281514
74,CS-STATE_ART,1369538553219325952,6,1,-0.15864089507582713
74,CS-STATE_ART,1369563595978252291,7,1,-0.15947007571244065
74,CS-STATE_ART,1369337073463885828,8,2,-0.15952589940535342
74,CS-STATE_ART,1369589858763673606,9,2,-0.1603483972184976
74,CS-STATE_ART,1369264726656638979,10,2,-0.16202617801340424
76,CS-STATE_ART,1358058477785120769,1,1,12.899278738410155
76,CS-STATE_ART,1354658220585922565,2,2,3.9825833742471706
76,CS-STATE_ART,1334724211689074688,3,2,2.6932319277629166
76,CS-STATE_ART,1316909183225286657,4,3,0.819967714372644
76,CS-STATE_ART,1318996052049973248,5,2,0.5419721755296094
76,CS-STATE_ART,1332420899471990786,6,3,0.2988122943204065
76,CS-STATE_ART,1290389884927000582,7,1,0.218555436212838
76,CS-STATE_ART,1268243264156524544,8,3,0.19261143545637258
76,CS-STATE_ART,1363674987626856448,9,2,-0.12469212438349081
76,CS-STATE_ART,1334706123971162115,10,3,-0.1320757840737022
77,CS-STATE_ART,1367625947462184961,1,3,-0.14865159320630988
77,CS-STATE_ART,1363322581076619265,2,5,-0.15904605881024234
77,CS-STATE_ART,1369521918412472320,3,2,-0.16117225154748693
77,CS-STATE_ART,1369181189932777474,4,2,-0.16143247988500004
77,CS-STATE_ART,1352922753565863936,5,3,-0.1618818639980376
77,CS-STATE_ART,1369499281833537540,6,2,-0.1618971945198322
77,CS-STATE_ART,1368999972792844292,7,4,-0.16202754897972851
77,CS-STATE_ART,1361209516277174279,8,4,-0.1622929320216088
77,CS-STATE_ART,1349357033301159936,9,3,-0.1623621064294471
77,CS-STATE_ART,1329140321402445824,10,3,-0.16260101036304464
78,CS-STATE_ART,1367172928295628802,1,1,-0.06289134073842188
78,CS-STATE_ART,1367616598727614473,2,2,-0.09504205553943283
78,CS-STATE_ART,1367327155667935236,3,1,-0.10274661020997973
78,CS-STATE_ART,1368218004861911049,4,1,-0.11856747393938318
78,CS-STATE_ART,1366848285361717252,5,2,-0.12262737920888346
78,CS-STATE_ART,1368984926410989569,6,1,-0.12539988218000403
78,CS-STATE_ART,1366967661754675207,7,4,-0.1498330882606289
78,CS-STATE_ART,1367535310733680640,8,2,-0.15585647715851217
78,CS-STATE_ART,1367296657705099264,9,3,-0.16019249299148933
78,CS-STATE_ART,1368236771671162881,10,1,-0.1624265568181974
79,CS-STATE_ART,1367702233853259783,1,2,3.671664752318745
79,CS-STATE_ART,1212045448812417030,2,5,-0.019353504828431276
79,CS-STATE_ART,1355379018791591936,3,3,-0.019552331835761782
79,CS-STATE_ART,1319321276171759617,4,3,-0.062126355000262125
79,CS-STATE_ART,1322265461359316992,5,2,-0.09475417380106294
79,CS-STATE_ART,1345783947607867393,6,2,-0.12306978514579439
79,CS-STATE_ART,1330266160202477577,7,3,-0.12426369333342671
79,CS-STATE_ART,1263620338790944769,8,3,-0.13248377963946267
79,CS-STATE_ART,1357083144407552000,9,5,-0.14287002060035778
79,CS-STATE_ART,1324444938923175936,10,2,-0.15706422555680097
81,CS-STATE_ART,1366854672955240450,1,5,0.2804942721794451
81,CS-STATE_ART,1367862841907294209,2,5,-0.010198789245847651
81,CS-STATE_ART,1368487188724350976,3,5,-0.06648540827708722
81,CS-STATE_ART,1367703501367771141,4,5,-0.07784002844493029
81,CS-STATE_ART,1367548056628039684,5,5,-0.1216807529226671
81,CS-STATE_ART,1368174374247923712,6,5,-0.13905178307306104
81,CS-STATE_ART,1313215942826967040,7,5,-0.1436321216423849
81,CS-STATE_ART,1368234120082554894,8,5,-0.15778443897096378
81,CS-STATE_ART,1368939918727278599,9,5,-0.16058182977221921
81,CS-STATE_ART,1361801412741529606,10,5,-0.16068181163025777
1,CS-SCSA_PLUS,1369010885075812352,1,4,502.2265853239639
1,CS-SCSA_PLUS,1370144518100684802,2,3,189.60589920985356
1,CS-SCSA_PLUS,1369253885932617735,3,3,178.72693720342974
1,CS-SCSA_PLUS,1368604102989541376,4,4,138.79071142239496
1,CS-SCSA_PLUS,1369388544003895298,5,5,89.01597194502823
1,CS-SCSA_PLUS,1369281593693646851,6,4,88.09689981159443
1,CS-SCSA_PLUS,1369523963974549504,7,5,58.47477829101451
1,CS-SCSA_PLUS,1369439516679942144,8,5,57.675437120829685
1,CS-SCSA_PLUS,1369483207935225856,9,3,51.179883902927614
1,CS-SCSA_PLUS,1369460811760988160,10,5,34.57567899495561
2,CS-SCSA_PLUS,1369985018878169089,1,3,2662.960386463125
2,CS-SCSA_PLUS,1370003953598013450,2,3,477.5242600266508
2,CS-SCSA_PLUS,1369511733975515142,3,2,457.64428862434227
2,CS-SCSA_PLUS,1369037711324119046,4,4,167.3221400400342
2,CS-SCSA_PLUS,1369471231448158208,5,4,68.24797746420087
2,CS-SCSA_PLUS,1369382859534897161,6,3,61.897495453703236
2,CS-SCSA_PLUS,1369578871478235143,7,5,59.913571749195164
2,CS-SCSA_PLUS,1370128693662785544,8,4,48.94007640810729
2,CS-SCSA_PLUS,1369271770960850949,9,3,38.24274867058125
2,CS-SCSA_PLUS,1369610663547518978,10,4,15.629797607544141
3,CS-SCSA_PLUS,1342995722761695232,1,2,779.3722845228244
3,CS-SCSA_PLUS,1368659881260032001,2,3,368.5314781124977
3,CS-SCSA_PLUS,1240704016046116865,3,4,202.07788416221317
3,CS-SCSA_PLUS,1306742315667529729,4,3,189.48073897451528
3,CS-SCSA_PLUS,1180250671905263616,5,2,120.33163266458953
3,CS-SCSA_PLUS,1256258912866766851,6,4,110.90902623684906
3,CS-SCSA_PLUS,1323456695725625344,7,3,81.70630996692677
3,CS-SCSA_PLUS,1324916905954652168,8,3,77.6627772268795
3,CS-SCSA_PLUS,1153306430100910080,9,3,26.899143789713058
3,CS-SCSA_PLUS,1318297870315839488,10,2,9.713820562271803
4,CS-SCSA_PLUS,1369506070989836290,1,3,257.38501633884135
4,CS-SCSA_PLUS,1369456737070313476,2,2,194.96076561930667
4,CS-SCSA_PLUS,1369600439239458820,3,4,157.3357758830301
4,CS-SCSA_PLUS,1369525973302079490,4,4,107.62285617805772
4,CS-SCSA_PLUS,1369563595978252291,5,1,96.85478676717676
4,CS-SCSA_PLUS,1370053184589299724,6,2,89.72458407750709
4,CS-SCSA_PLUS,1369337073463885828,7,4,89.40418283814167
4,CS-SCSA_PLUS,1369049581208670208,8,4,74.29088662244435
4,CS-SCSA_PLUS,1369113689845022721,9,2,58.22231892594735
4,CS-SCSA_PLUS,1369275546044162051,10,5,39.56500665821665
5,CS-SCSA_PLUS,1368685627303223297,1,3,482.60080402332244
5,CS-SCSA_PLUS,1369503478880612357,2,5,301.4490559832123
5,CS-SCSA_PLUS,1369468594891948038,3,3,197.00932339316722
5,CS-SCSA_PLUS,1369377514930507782,4,5,162.22933306596067
5,CS-SCSA_PLUS,1370004858464534529,5,3,142.9910117911759
5,CS-SCSA_PLUS,1369430816389033988,6,5,88.3779642371627
5,CS-SCSA_PLUS,1369351763355201542,7,4,58.143144246410415
5,CS-SCSA_PLUS,1369438777127624709,8,4,24.188089225243164
5,CS-SCSA_PLUS,1369336610681159680,9,5,12.949298587375283
5,CS-SCSA_PLUS,1369611245616250880,10,5,10.469849006436798
6,CS-SCSA_PLUS,1204026434739691520,1,5,30560.158153925717
6,CS-SCSA_PLUS,1219085119971000320,2,3,18525.913932301937
6,CS-SCSA_PLUS,1197158580333535232,3,4,15885.016458563845
6,CS-SCSA_PLUS,1349775316366090242,4,2,3538.615154006255
6,CS-SCSA_PLUS,1340053176150614025,5,4,222.76161533284179
6,CS-SCSA_PLUS,1369559926629167104,6,5,32.492769585163195
6,CS-SCSA_PLUS,1368199950169997314,7,5,28.213721397434888
6,CS-SCSA_PLUS,1339894034781880323,8,5,26.508669231687993
6,CS-SCSA_PLUS,1369586848163586051,9,2,16.67458651107342
6,CS-SCSA_PLUS,1369418972509179912,10,3,10.643215962932373
7,CS-SCSA_PLUS,1367862841907294209,1,4,9341.067660063727
7,CS-SCSA_PLUS,1368487188724350976,2,2,3682.276290531465
7,CS-SCSA_PLUS,1368632782042333188,3,4,3636.5747592413472
7,CS-SCSA_PLUS,1368501683219693570,4,3,1561.2515857043938
7,CS-SCSA_PLUS,1369087867939659782,5,3,1278.0589562926086
7,CS-SCSA_PLUS,1368174374247923712,6,3,1139.3741282599874
7,CS-SCSA_PLUS,1368519774955798529,7,4,677.7189226712641
7,CS-SCSA_PLUS,1368234120082554894,8,2,268.4222782634203
7,CS-SCSA_PLUS,1368216046616768513,9,4,30.080377433446156
7,CS-SCSA_PLUS,1364237278516830212,10,5,4.586472204605361
8,CS-SCSA_PLUS,1322209256611852294,1,5,178947.0553698767
8,CS-SCSA_PLUS,1354658220585922565,2,4,144348.09748048385
8,CS-SCSA_PLUS,1334724211689074688,3,5,88147.1415243851
8,CS-SCSA_PLUS,1316909183225286657,4,5,44444.87015879787
8,CS-SCSA_PLUS,1318996052049973248,5,4,23845.426515110677
8,CS-SCSA_PLUS,1290389884927000582,6,5,17024.9730031952
8,CS-SCSA_PLUS,1268243264156524544,7,4,13579.341766648206
8,CS-SCSA_PLUS,1365178104310763520,8,4,2069.160351319916
8,CS-SCSA_PLUS,1363674987626856448,9,3,1765.7885066988388
8,CS-SCSA_PLUS,1334706123971162115,10,2,388.25657882491294
9,CS-SCSA_PLUS,1164279406057201665,1,1,57789.187945051766
9,CS-SCSA_PLUS,1361732521428275201,2,1,14565.659076846963
9,CS-SCSA_PLUS,1351540224560668673,3,3,4025.3467619462635
9,CS-SCSA_PLUS,1319321276171759617,4,5,3469.818900408973
9,CS-SCSA_PLUS,1330972658612150272,5,5,1009.0021068124016
9,CS-SCSA_PLUS,1312391963241398272,6,4,791.3013796444611
9,CS-SCSA_PLUS,1333878541398798338,7,5,679.2886364418031
9,CS-SCSA_PLUS,1263620338790944769,8,4,627.5095180449563
9,CS-SCSA_PLUS,1327308553418272768,9,3,422.8759563113216
9,CS-SCSA_PLUS,1338573100921794560,10,4,368.485777348524
10,CS-SCSA_PLUS,1367862841907294209,1,4,9341.067660063727
10,CS-SCSA_PLUS,1337102280059834370,2,4,7705.113014797259
10,CS-SCSA_PLUS,1350865539091066881,3,5,3611.9288311722376
10,CS-SCSA_PLUS,1320726746329743363,4,5,2660.4198828391054
10,CS-SCSA_PLUS,1351594764056088577,5,5,2036.1955235000585
10,CS-SCSA_PLUS,1365731424322478084,6,5,1385.2320345941264
10,CS-SCSA_PLUS,1369087867939659782,7,5,1278.0589562926086
10,CS-SCSA_PLUS,1330948472992776193,8,5,286.0067090557557
10,CS-SCSA_PLUS,1368234120082554894,9,5,268.4222782634203
10,CS-SCSA_PLUS,1352017720578105346,10,4,42.537076780830844
11,CS-SCSA_PLUS,1358058477785120769,1,1,592365.1287977837
11,CS-SCSA_PLUS,1354658220585922565,2,1,144348.09748048385
11,CS-SCSA_PLUS,1334724211689074688,3,1,88147.1415243851
11,CS-SCSA_PLUS,1316909183225286657,4,5,44444.87015879787
11,CS-SCSA_PLUS,1290389884927000582,5,5,17024.9730031952
11,CS-SCSA_PLUS,1362769948691472385,6,5,6579.519541963993
11,CS-SCSA_PLUS,1310693744056950787,7,5,5151.262457686909
11,CS-SCSA_PLUS,1352347607855726594,8,5,4540.689821313288
11,CS-SCSA_PLUS,1319321276171759617,9,5,3469.818900408973
11,CS-SCSA_PLUS,1349370619616378880,10,5,3053.9344584902133
12,CS-SCSA_PLUS,1344852533122981888,1,5,97309.01900353593
12,CS-SCSA_PLUS,1331282297014743042,2,5,23531.357351294377
12,CS-SCSA_PLUS,1369832253816246274,3,5,9726.822644226275
12,CS-SCSA_PLUS,1366121589478154243,4,5,6064.531891634113
12,CS-SCSA_PLUS,1366380504736534529,5,3,1744.6607771669626
12,CS-SCSA_PLUS,1359370632350208003,6,2,1418.2873385513285
12,CS-SCSA_PLUS,1358529006967033856,7,3,933.7875021797582
12,CS-SCSA_PLUS,1336435104172765184,8,3,246.72362997456398
12,CS-SCSA_PLUS,1370069387974119426,9,5,29.72584870738615
12,CS-SCSA_PLUS,1359319030587293696,10,3,15.064894509758842
13,CS-SCSA_PLUS,1350865539091066881,1,3,3611.9288311722376
13,CS-SCSA_PLUS,1351594764056088577,2,3,2036.1955235000585
13,CS-SCSA_PLUS,1365731424322478084,3,5,1385.2320345941264
13,CS-SCSA_PLUS,1369087867939659782,4,3,1278.0589562926086
13,CS-SCSA_PLUS,1358898413136396288,5,4,1129.389087037036
13,CS-SCSA_PLUS,1337104278398382087,6,5,406.4557640371186
13,CS-SCSA_PLUS,1330948472992776193,7,5,286.0067090557557
13,CS-SCSA_PLUS,1352017720578105346,8,1,42.537076780830844
13,CS-SCSA_PLUS,1363172378843389952,9,2,9.652200945618393
13,CS-SCSA_PLUS,1362902698585071617,10,5,3.349003410027305
15,CS-SCSA_PLUS,1365788765957083149,1,3,391.11717863343216
15,CS-SCSA_PLUS,1330905143416659975,2,4,255.91173920940687
15,CS-SCSA_PLUS,1258809129218564098,3,3,234.86767757235663
15,CS-SCSA_PLUS,1355549351603531783,4,5,126.12782415209348
15,CS-SCSA_PLUS,1331266330176196608,5,3,108.05565541330836
15,CS-SCSA_PLUS,1301536924067393537,6,2,98.34862964030964
15,CS-SCSA_PLUS,1351560050725294082,7,2,79.47885049643054
15,CS-SCSA_PLUS,1303727847966674944,8,2,65.37833676103617
15,CS-SCSA_PLUS,1354353736580124673,9,4,32.25511813594927
15,CS-SCSA_PLUS,1362920758872133634,10,3,16.465468193207585
16,CS-SCSA_PLUS,1368447074019270656,1,4,9830.35358266464
16,CS-SCSA_PLUS,1346143996431646720,2,4,1499.1849910769383
16,CS-SCSA_PLUS,1271896411257241600,3,1,1044.0259681371804
16,CS-SCSA_PLUS,1352019602151100416,4,1,410.2599444722033
16,CS-SCSA_PLUS,1326554237053054977,5,1,398.5365372386984
16,CS-SCSA_PLUS,1275840045761441792,6,1,382.2806568660315
16,CS-SCSA_PLUS,1318907390922788866,7,1,167.63170274927816
16,CS-SCSA_PLUS,1173620799997186051,8,1,117.43787213480587
16,CS-SCSA_PLUS,1316239353505480704,9,1,87.43694222538633
16,CS-SCSA_PLUS,1317201419384975365,10,1,17.912250554565997
17,CS-SCSA_PLUS,1320374052847013893,1,5,610.456176779121
17,CS-SCSA_PLUS,1366743775192752129,2,4,489.18778760735194
17,CS-SCSA_PLUS,1357403552470212608,3,5,254.3519845377275
17,CS-SCSA_PLUS,1364970509700595717,4,5,166.1218230037093
17,CS-SCSA_PLUS,1334527822971490308,5,5,157.88495912563064
17,CS-SCSA_PLUS,1350151000267632641,6,5,157.35393056693053
17,CS-SCSA_PLUS,1358772405536194562,7,5,93.25318930831965
17,CS-SCSA_PLUS,1330058761323614209,8,5,85.4769821264108
17,CS-SCSA_PLUS,1336739324658929667,9,5,29.18768440322703
17,CS-SCSA_PLUS,1063403538636816385,10,5,0.08642479432853899
18,CS-SCSA_PLUS,1340325978170646535,1,3,20250.605606249126
18,CS-SCSA_PLUS,1366528818454822914,2,3,8417.248497409955
18,CS-SCSA_PLUS,1327053570794008577,3,2,6590.466381970813
18,CS-SCSA_PLUS,1330556651716243456,4,3,5145.125802455768
18,CS-SCSA_PLUS,1354527098354819077,5,1,1131.7896162235597
18,CS-SCSA_PLUS,1337819421973344256,6,2,669.5212026738014
18,CS-SCSA_PLUS,1359592867380031494,7,1,485.64071727794226
18,CS-SCSA_PLUS,1339195127986794498,8,4,11.088477906264636
18,CS-SCSA_PLUS,1339377333728391169,9,4,6.808078794419183
18,CS-SCSA_PLUS,1362475666504040451,10,1,2.4982029639845935
19,CS-SCSA_PLUS,1368697794417065992,1,3,948.3931171254613
19,CS-SCSA_PLUS,1369266567423397891,2,3,462.13412499606414
19,CS-SCSA_PLUS,1369425009303822344,3,3,205.33543978726857
19,CS-SCSA_PLUS,1369189230489001991,4,3,199.60647400302415
19,CS-SCSA_PLUS,1369469059427893249,5,3,130.6939295011295
19,CS-SCSA_PLUS,1369596898127077379,6,3,53.32824444574006
19,CS-SCSA_PLUS,1369424518092120064,7,3,37.23262882976607
19,CS-SCSA_PLUS,1369617901678964736,8,4,28.231803988708304
19,CS-SCSA_PLUS,1369569992732250114,9,3,26.845541609519053
19,CS-SCSA_PLUS,1369559628183445504,10,3,12.934886493032788
20,CS-SCSA_PLUS,1368950916024532995,1,2,7264.272468306378
20,CS-SCSA_PLUS,1369415901964034052,2,3,707.0580812754336
20,CS-SCSA_PLUS,1368276753244913665,3,2,166.43497225244118
20,CS-SCSA_PLUS,1369146187358539781,4,5,156.3696478478598
20,CS-SCSA_PLUS,1368272500086476805,5,2,130.50664405047118
20,CS-SCSA_PLUS,1369112711032881153,6,3,90.6364655978976
20,CS-SCSA_PLUS,1369193501875970048,7,5,27.659934452628022
20,CS-SCSA_PLUS,1369573389845880832,8,5,11.459453758178494
20,CS-SCSA_PLUS,1366181019829686277,9,5,7.127292253154927
20,CS-SCSA_PLUS,1364622367499157504,10,5,2.1123996527693083
21,CS-SCSA_PLUS,1204781519052652546,1,2,9273.821105442597
21,CS-SCSA_PLUS,1338181816478539777,2,5,3524.76823479543
21,CS-SCSA_PLUS,1366565826913062914,3,4,456.068419844242
21,CS-SCSA_PLUS,1366217334658977797,4,5,395.994556314897
21,CS-SCSA_PLUS,1300100975793901569,5,3,118.08660109530452
21,CS-SCSA_PLUS,1272339338995445760,6,1,73.45896447571589
21,CS-SCSA_PLUS,1367222811727564800,7,5,27.42973863045716
21,CS-SCSA_PLUS,1340651032817315842,8,4,12.717689737046616
21,CS-SCSA_PLUS,1339526270288322561,9,4,6.80892959861636
21,CS-SCSA_PLUS,1369040595310682112,10,2,2.855134174817186
22,CS-SCSA_PLUS,1369396362840858635,1,3,776.0504444414541
22,CS-SCSA_PLUS,1369402883704229892,2,5,380.6986201109806
22,CS-SCSA_PLUS,1369410355215142917,3,5,230.65476012997317
22,CS-SCSA_PLUS,1369538412961730562,4,3,126.2713077176679
22,CS-SCSA_PLUS,1369103243960258562,5,4,90.17580805381635
22,CS-SCSA_PLUS,1369567942690635778,6,5,86.29011980572967
22,CS-SCSA_PLUS,1369483561938649089,7,4,49.22198795056311
22,CS-SCSA_PLUS,1369505213904748554,8,5,36.10947316823957
22,CS-SCSA_PLUS,1369259204725387266,9,5,29.83045191499522
22,CS-SCSA_PLUS,1369437537907978245,10,3,7.622658598572416
23,CS-SCSA_PLUS,1325995532259561473,1,5,4549.844849356612
23,CS-SCSA_PLUS,1307054698931912706,2,4,3642.706830338361
23,CS-SCSA_PLUS,1335651231759552514,3,4,2529.577357366322
23,CS-SCSA_PLUS,1322232908141113344,4,5,2471.2909536998486
23,CS-SCSA_PLUS,1349391558269923330,5,4,1137.805468141982
23,CS-SCSA_PLUS,1303724853120217088,6,4,731.1329186914596
23,CS-SCSA_PLUS,1319019864212713472,7,4,431.08940206948364
23,CS-SCSA_PLUS,1367852411017031682,8,4,374.053532807598
23,CS-SCSA_PLUS,1354509947288088576,9,4,208.64448301838155
23,CS-SCSA_PLUS,1326932771240095749,10,4,129.16113451269493
24,CS-SCSA_PLUS,1357647227808841728,1,3,12104.311137941846
24,CS-SCSA_PLUS,1319639717906821121,2,4,4294.604647493273
24,CS-SCSA_PLUS,1350865539091066881,3,4,3611.9288311722376
24,CS-SCSA_PLUS,1369087867939659782,4,5,1278.0589562926086
24,CS-SCSA_PLUS,1358898413136396288,5,5,1129.389087037036
24,CS-SCSA_PLUS,1369308139158446081,6,5,369.6646139510171
24,CS-SCSA_PLUS,1330948472992776193,7,5,286.0067090557557
24,CS-SCSA_PLUS,1326957720759541761,8,5,124.21973121092162
24,CS-SCSA_PLUS,1363172378843389952,9,5,9.652200945618393
24,CS-SCSA_PLUS,1362902698585071617,10,4,3.349003410027305
25,CS-SCSA_PLUS,1369377505224884227,1,5,1044.782538357345
25,CS-SCSA_PLUS,1369043756486377472,2,5,298.86748153272964
25,CS-SCSA_PLUS,1369600442322333699,3,5,288.98162400194803
25,CS-SCSA_PLUS,1370125729199980545,4,5,121.23502429857493
25,CS-SCSA_PLUS,1369579853612281860,5,5,103.51221140607231
25,CS-SCSA_PLUS,1369547930550611968,6,5,53.32313790203429
25,CS-SCSA_PLUS,1369560664142970881,7,5,44.01444260013663
25,CS-SCSA_PLUS,1369569728541425667,8,5,37.51235378713854
25,CS-SCSA_PLUS,1369571000212463617,9,5,24.063092211479145
25,CS-SCSA_PLUS,1369563665867898882,10,5,9.6552087974431
26,CS-SCSA_PLUS,1329540885055356928,1,3,649.087286446091
26,CS-SCSA_PLUS,1349449506136330241,2,3,411.946735826038
26,CS-SCSA_PLUS,1369296706836250624,3,4,21.173460493224898
26,CS-SCSA_PLUS,1348680358619992071,4,3,19.951258823999375
26,CS-SCSA_PLUS,1368758876015910915,5,4,16.200357259093476
26,CS-SCSA_PLUS,1360897085856313349,6,4,13.08237979728934
26,CS-SCSA_PLUS,1369030449398509568,7,4,6.672156271003204
26,CS-SCSA_PLUS,1359141009272184832,8,3,4.309127121314091
26,CS-SCSA_PLUS,1369636752336490497,9,4,3.527563290895586
26,CS-SCSA_PLUS,1367541147787223041,10,4,1.9358974785299903
27,CS-SCSA_PLUS,1370035059495993348,1,1,4104.068381383251
27,CS-SCSA_PLUS,1368269027596976129,2,1,882.418835063225
27,CS-SCSA_PLUS,1369303761097785344,3,5,361.23803273967764
27,CS-SCSA_PLUS,1369528722538328068,4,4,237.72608026457718
27,CS-SCSA_PLUS,1369571760140615684,5,4,109.97460436006936
27,CS-SCSA_PLUS,1369370948634312710,6,1,86.82109399471099
27,CS-SCSA_PLUS,1369455485615759360,7,4,86.61293646157358
27,CS-SCSA_PLUS,1369975631744802817,8,1,86.58031434710504
27,CS-SCSA_PLUS,1369608851306278914,9,5,43.31051664915101
27,CS-SCSA_PLUS,1369400099223207936,10,1,36.507436116385584
28,CS-SCSA_PLUS,1332672152995291138,1,2,5076.066689728286
28,CS-SCSA_PLUS,1361498566024302597,2,5,1255.0577996270347
28,CS-SCSA_PLUS,1333791058765901825,3,2,990.4914353173372
28,CS-SCSA_PLUS,1306669595525226500,4,3,904.9430917379622
28,CS-SCSA_PLUS,1366441855416627200,5,5,808.3095504922902
28,CS-SCSA_PLUS,1329848482446905349,6,5,363.85212841787
28,CS-SCSA_PLUS,1355246647446544384,7,5,295.87878108441345
28,CS-SCSA_PLUS,1311335003599433733,8,5,186.89500008724988
28,CS-SCSA_PLUS,1329469491961503747,9,5,177.04672009229182
28,CS-SCSA_PLUS,1313864060669026304,10,1,18.861509750672585
29,CS-SCSA_PLUS,1366184948244176899,1,3,15032.424394985434
29,CS-SCSA_PLUS,1331046811704958985,2,3,2992.682031143601
29,CS-SCSA_PLUS,1341859235756453889,3,3,2100.8960606502424
29,CS-SCSA_PLUS,1250915381646176262,4,3,637.4721708130696
29,CS-SCSA_PLUS,1261295911185068033,5,4,57.08366999916232
29,CS-SCSA_PLUS,1245049389250273280,6,3,23.63078088081662
29,CS-SCSA_PLUS,1366212322436423682,7,4,17.480000716057607
29,CS-SCSA_PLUS,1368855703612448768,8,3,4.001978604596951
29,CS-SCSA_PLUS,1368840460198838272,9,3,2.3255279516419267
29,CS-SCSA_PLUS,1120471100532625410,10,5,1.8630480921511603
30,CS-SCSA_PLUS,1290776688284954625,1,3,2388.9568641704054
30,CS-SCSA_PLUS,1322524023117533184,2,4,979.3555394497417
30,CS-SCSA_PLUS,1329121235423297537,3,5,736.0223278362719
30,CS-SCSA_PLUS,1139203333607043073,4,4,549.6993014871341
30,CS-SCSA_PLUS,1369307789932265473,5,5,64.2992591176889
30,CS-SCSA_PLUS,1363171557250596864,6,3,63.61036082520218
30,CS-SCSA_PLUS,1368741071870562307,7,3,29.651871064973406
30,CS-SCSA_PLUS,1369605185455017984,8,5,27.47127109481983
30,CS-SCSA_PLUS,968536670105726977,9,4,14.710555291255595
30,CS-SCSA_PLUS,1367214933423706113,10,3,10.347577852461564
31,CS-SCSA_PLUS,1369087867939659782,1,3,1278.0589562926086
31,CS-SCSA_PLUS,1369463119479734274,2,4,33.89778900721122
31,CS-SCSA_PLUS,1365459905717678084,3,3,21.547873190831798
31,CS-SCSA_PLUS,1369649450688409604,4,3,18.815996661990965
31,CS-SCSA_PLUS,976286019904401408,5,4,11.3988675195819
31,CS-SCSA_PLUS,973719108515717120,6,3,9.724635860773198
31,CS-SCSA_PLUS,1369075112432046081,7,1,9.395098516472494
31,CS-SCSA_PLUS,1364961278729551872,8,4,3.3526747307974896
31,CS-SCSA_PLUS,1369304506064908290,9,3,2.1719609348985522
31,CS-SCSA_PLUS,1362439231080169474,10,3,1.978457791473016
32,CS-SCSA_PLUS,1367133454241046531,1,4,1237.0085935839465
32,CS-SCSA_PLUS,1369169336326316036,2,4,334.6859706581062
32,CS-SCSA_PLUS,976304255685423104,3,4,35.3511439387908
32,CS-SCSA_PLUS,1369368976128679940,4,4,20.553136998535493
32,CS-SCSA_PLUS,1367113449394765824,5,3,6.348249594135536
32,CS-SCSA_PLUS,1368911960478257153,6,2,4.74539545054989
32,CS-SCSA_PLUS,1369148225433788417,7,2,4.042798694194917
32,CS-SCSA_PLUS,1369357633283620870,8,3,2.658011163935513
32,CS-SCSA_PLUS,1369533603194040320,9,2,2.084004822895829
32,CS-SCSA_PLUS,1367444872903462913,10,4,1.3365798441115824
33,CS-SCSA_PLUS,1369547940017147907,1,3,703.2311496008624
33,CS-SCSA_PLUS,1369366150237351943,2,3,519.8519278059788
33,CS-SCSA_PLUS,1368604102989541376,3,2,138.79071142239496
33,CS-SCSA_PLUS,1369450685708857348,4,3,120.48806264984961
33,CS-SCSA_PLUS,1369566623913369603,5,4,116.65566356344029
33,CS-SCSA_PLUS,1369321348783345674,6,4,113.50489276701063
33,CS-SCSA_PLUS,1369269245704630276,7,2,77.0463236838331
33,CS-SCSA_PLUS,1369356888568197133,8,3,69.78724258206168
33,CS-SCSA_PLUS,1369362400403726350,9,4,35.194398805794194
33,CS-SCSA_PLUS,1369605923732393985,10,2,11.674602941773074
34,CS-SCSA_PLUS,1369404129643216897,1,3,448.9147522311512
34,CS-SCSA_PLUS,1370017497710215170,2,2,402.3011011094437
34,CS-SCSA_PLUS,1369460521846575104,3,2,301.44988930612436
34,CS-SCSA_PLUS,1370057097107345411,4,3,206.47203101694333
34,CS-SCSA_PLUS,1369536457992470528,5,4,168.72076913520579
34,CS-SCSA_PLUS,1369968831666487296,6,3,144.70327204291831
34,CS-SCSA_PLUS,1369270015699136512,7,2,136.18347898007295
34,CS-SCSA_PLUS,1369475595466375169,8,3,77.17855207032662
34,CS-SCSA_PLUS,1369460811760988160,9,4,34.57567899495561
34,CS-SCSA_PLUS,1369585318521802763,10,4,21.04717663658778
35,CS-SCSA_PLUS,1152351180225335296,1,2,9589.426987140761
35,CS-SCSA_PLUS,1337396723610771457,2,1,8932.390475834769
35,CS-SCSA_PLUS,1330209367002472448,3,1,7580.088587940467
35,CS-SCSA_PLUS,1322493521245298689,4,1,7264.059032165708
35,CS-SCSA_PLUS,1189249540412624898,5,2,6119.06974180979
35,CS-SCSA_PLUS,1362483585169686531,6,2,4463.693388516158
35,CS-SCSA_PLUS,1287306318961872896,7,1,1831.1710693026207
35,CS-SCSA_PLUS,1285629613067038720,8,2,300.0659084565316
35,CS-SCSA_PLUS,1363561378552958976,9,3,107.37331429624719
35,CS-SCSA_PLUS,1272336376927666176,10,2,5.4355195744666736
36,CS-SCSA_PLUS,1146224584443727872,1,3,31599.841340946277
36,CS-SCSA_PLUS,1055619307084800000,2,4,14371.57083408196
36,CS-SCSA_PLUS,1337102280059834370,3,5,7705.113014797259
36,CS-SCSA_PLUS,1350865539091066881,4,5,3611.9288311722376
36,CS-SCSA_PLUS,1319321276171759617,5,5,3469.818900408973
36,CS-SCSA_PLUS,1320726746329743363,6,5,2660.4198828391054
36,CS-SCSA_PLUS,1254427280794845185,7,5,2480.6767945060014
36,CS-SCSA_PLUS,1334214244632580097,8,4,1628.4984726731784
36,CS-SCSA_PLUS,1307801712107966476,9,5,1463.1746285101217
36,CS-SCSA_PLUS,1365731424322478084,10,5,1385.2320345941264
37,CS-SCSA_PLUS,1351923223638794246,1,1,17239.03070380263
37,CS-SCSA_PLUS,1356264437729124353,2,1,14202.987216621337
37,CS-SCSA_PLUS,1331689113494446085,3,1,10666.019322859038
37,CS-SCSA_PLUS,1367114880378146824,4,1,5566.065152246967
37,CS-SCSA_PLUS,1328065268942336000,5,4,5300.9139444467
37,CS-SCSA_PLUS,1349775316366090242,6,4,3538.615154006255
37,CS-SCSA_PLUS,1152354497189965824,7,1,2887.794239507932
37,CS-SCSA_PLUS,1329150877941305345,8,3,197.47313072295327
37,CS-SCSA_PLUS,1364320994337427461,9,3,28.80425532292711
37,CS-SCSA_PLUS,1365407295384018947,10,1,23.48270508385444
38,CS-SCSA_PLUS,1367625947462184961,1,5,651.1233917482868
38,CS-SCSA_PLUS,1363322581076619265,2,5,131.6392666239354
38,CS-SCSA_PLUS,1369521918412472320,3,5,41.67354638529643
38,CS-SCSA_PLUS,1369499281833537540,4,5,16.540101989033165
38,CS-SCSA_PLUS,1369181189932777474,5,5,10.515313986172316
38,CS-SCSA_PLUS,1352922753565863936,6,4,9.231476838053805
38,CS-SCSA_PLUS,1368999972792844292,7,5,7.313141386765492
38,CS-SCSA_PLUS,1361209516277174279,8,5,6.170279346031736
38,CS-SCSA_PLUS,1329140321402445824,9,5,3.1221694959768014
38,CS-SCSA_PLUS,1369036451845869573,10,5,1.4631946697446319
39,CS-SCSA_PLUS,1369135857110638592,1,5,2047.6252305811454
39,CS-SCSA_PLUS,1369414843720208384,2,4,705.7749997428119
39,CS-SCSA_PLUS,1364908035932569600,3,5,156.80725868313527
39,CS-SCSA_PLUS,423131090803777536,4,5,92.27105779087687
39,CS-SCSA_PLUS,1366870970351427588,5,5,59.38979219541847
39,CS-SCSA_PLUS,421376352319983617,6,4,44.38042062105532
39,CS-SCSA_PLUS,1368487216775893000,7,5,38.02690179098109
39,CS-SCSA_PLUS,1369575294806425603,8,5,4.847382364833075
39,CS-SCSA_PLUS,1364156801109938178,9,4,3.7496059450038395
39,CS-SCSA_PLUS,1368772235683586050,10,3,2.148466549325788
40,CS-SCSA_PLUS,1320019327425286144,1,5,6287.704112075956
40,CS-SCSA_PLUS,1341514552819724288,2,3,3586.8396108335232
40,CS-SCSA_PLUS,1354759783157534720,3,2,1373.7750996211985
40,CS-SCSA_PLUS,1341428444190617600,4,2,708.3245940483788
40,CS-SCSA_PLUS,1336775151128518656,5,5,664.8007217134588
40,CS-SCSA_PLUS,1338592930022363139,6,5,575.6083647073599
40,CS-SCSA_PLUS,1319756701126459398,7,5,423.7904110425978
40,CS-SCSA_PLUS,1359946667429093378,8,2,419.79916349608936
40,CS-SCSA_PLUS,1337106387751620613,9,1,263.29008732558196
40,CS-SCSA_PLUS,1363945864633401344,10,5,175.51310372508655
41,CS-SCSA_PLUS,1356407112385982464,1,1,316479.2688279467
41,CS-SCSA_PLUS,1342918732486594560,2,3,267915.85945604555
41,CS-SCSA_PLUS,1316771044049391617,3,1,67068.00949290642
41,CS-SCSA_PLUS,1367295825731227650,4,1,25417.002199506922
41,CS-SCSA_PLUS,1367522051762757632,5,3,23151.937004147312
41,CS-SCSA_PLUS,1368999845856436224,6,3,14544.879363872786
41,CS-SCSA_PLUS,1350629002302550016,7,1,11579.180209512939
41,CS-SCSA_PLUS,1364711711891206151,8,5,9411.250938156683
41,CS-SCSA_PLUS,1291753980247375873,9,4,6872.061524369209
41,CS-SCSA_PLUS,1365710371206488066,10,5,4020.3826465049697
42,CS-SCSA_PLUS,1283200387101712384,1,1,1231.525589789133
42,CS-SCSA_PLUS,1367351364477624321,2,5,1077.008921258506
42,CS-SCSA_PLUS,1316378741061320711,3,5,256.1482010580974
42,CS-SCSA_PLUS,1356256641814065162,4,5,159.93630950867916
42,CS-SCSA_PLUS,1361692398867402752,5,5,87.95296844805253
42,CS-SCSA_PLUS,1364632186884939780,6,1,24.33058754671246
42,CS-SCSA_PLUS,1242185573193768960,7,5,5.926776815802456
42,CS-SCSA_PLUS,1325114525104758784,8,1,5.378141428975529
42,CS-SCSA_PLUS,1369104826869506049,9,2,4.235452112029081
42,CS-SCSA_PLUS,1350632339206901761,10,2,2.4398610912339764
43,CS-SCSA_PLUS,1358058477785120769,1,2,592365.1287977837
43,CS-SCSA_PLUS,1334724211689074688,2,2,88147.1415243851
43,CS-SCSA_PLUS,1316909183225286657,3,2,44444.87015879787
43,CS-SCSA_PLUS,1290389884927000582,4,2,17024.9730031952
43,CS-SCSA_PLUS,1332420899471990786,5,3,16770.676798310375
43,CS-SCSA_PLUS,1349775316366090242,6,2,3538.615154006255
43,CS-SCSA_PLUS,1365178104310763520,7,2,2069.160351319916
43,CS-SCSA_PLUS,1363674987626856448,8,2,1765.7885066988388
43,CS-SCSA_PLUS,1359547910619344904,9,2,1350.0472583725602
43,CS-SCSA_PLUS,1334706123971162115,10,2,388.25657882491294
44,CS-SCSA_PLUS,1369546496165765121,1,3,918.8152171390079
44,CS-SCSA_PLUS,1370028580516732943,2,3,336.99941281151655
44,CS-SCSA_PLUS,1369434342053806090,3,2,297.82821475899436
44,CS-SCSA_PLUS,1369398802537476096,4,3,289.3957434693077
44,CS-SCSA_PLUS,1369449199343960065,5,5,182.992517563308
44,CS-SCSA_PLUS,1369102305748992003,6,2,144.08890067392676
44,CS-SCSA_PLUS,1369377939381497859,7,5,133.44978852853882
44,CS-SCSA_PLUS,1369332550347407367,8,5,103.87607594877096
44,CS-SCSA_PLUS,1369457998523949060,9,5,86.5973316505516
44,CS-SCSA_PLUS,1369609984468783107,10,3,44.57498095512276
45,CS-SCSA_PLUS,1366899538502426633,1,5,497.34538302855157
45,CS-SCSA_PLUS,1264644362731913216,2,5,391.5856024111754
45,CS-SCSA_PLUS,1359267423346716677,3,4,112.79973961375289
45,CS-SCSA_PLUS,1353755766625234944,4,5,90.70884360976136
45,CS-SCSA_PLUS,1358213026541834240,5,4,58.397143842086386
45,CS-SCSA_PLUS,1330308453508800527,6,3,50.95015021837457
45,CS-SCSA_PLUS,1174371887159242752,7,4,31.932718348360194
45,CS-SCSA_PLUS,1335107635767439361,8,4,25.534901687385844
45,CS-SCSA_PLUS,1269780932891774976,9,4,10.482300279571604
45,CS-SCSA_PLUS,1179754999171047425,10,5,8.163372799484664
46,CS-SCSA_PLUS,1368340015001042945,1,4,1482.73116849844
46,CS-SCSA_PLUS,1369498268011552768,2,3,449.4874984531216
46,CS-SCSA_PLUS,1369440894961786880,3,4,432.22527426045593
46,CS-SCSA_PLUS,1369593103208886276,4,3,106.31737519401797
46,CS-SCSA_PLUS,1369551925285449729,5,3,104.69029267849436
46,CS-SCSA_PLUS,1369121138861891587,6,2,68.12670862808831
46,CS-SCSA_PLUS,1369106243755900928,7,3,42.740637120667024
46,CS-SCSA_PLUS,1369432600448745472,8,3,27.486298457474234
46,CS-SCSA_PLUS,1369332242410049546,9,5,14.807306394096903
46,CS-SCSA_PLUS,1369596392834932746,10,4,9.688357086356277
47,CS-SCSA_PLUS,1367862841907294209,1,5,9341.067660063727
47,CS-SCSA_PLUS,1368487188724350976,2,5,3682.276290531465
47,CS-SCSA_PLUS,1349775316366090242,3,3,3538.615154006255
47,CS-SCSA_PLUS,1368174374247923712,4,5,1139.3741282599874
47,CS-SCSA_PLUS,1368234120082554894,5,5,268.4222782634203
47,CS-SCSA_PLUS,1369411191316025345,6,5,255.3689199001035
47,CS-SCSA_PLUS,1369391021642158086,7,5,25.58897215344206
47,CS-SCSA_PLUS,1369276490832023555,8,5,15.23182744785984
47,CS-SCSA_PLUS,1369397637267488772,9,5,10.65401323413473
47,CS-SCSA_PLUS,1369347272975282184,10,5,6.050880378987902
48,CS-SCSA_PLUS,1369456184554569731,1,5,5259.634456721547
48,CS-SCSA_PLUS,1369528480627650560,2,5,331.4267931375809
48,CS-SCSA_PLUS,1369570003729649671,3,5,299.11911421452186
48,CS-SCSA_PLUS,1369517501248372738,4,5,113.23107731495364
48,CS-SCSA_PLUS,1369489233153515523,5,5,104.30728896710035
48,CS-SCSA_PLUS,1369294887481450502,6,5,76.18115053762442
48,CS-SCSA_PLUS,1369321844449361921,7,5,58.61532491020039
48,CS-SCSA_PLUS,1369570221162459143,8,5,29.469752838957533
48,CS-SCSA_PLUS,1369592804683419651,9,5,25.007818761175116
48,CS-SCSA_PLUS,1369460712054153219,10,5,22.230067502356874
49,CS-SCSA_PLUS,1368483092252401666,1,5,9531.096176526411
49,CS-SCSA_PLUS,1368669282452840452,2,2,1996.0781667995054
49,CS-SCSA_PLUS,1271193376147177472,3,5,269.62000221460937
49,CS-SCSA_PLUS,1273665566763433984,4,5,249.6328807883015
49,CS-SCSA_PLUS,1306044998408904704,5,5,58.356541775034216
49,CS-SCSA_PLUS,1184552999428866048,6,5,39.792308093276006
49,CS-SCSA_PLUS,1259322582949679104,7,5,38.47516378047017
49,CS-SCSA_PLUS,1316050559518949376,8,5,30.032030386060164
49,CS-SCSA_PLUS,1334926517722378242,9,3,29.118833307665323
49,CS-SCSA_PLUS,1183046883347841024,10,5,17.139332273222685
50,CS-SCSA_PLUS,1368697794417065992,1,4,948.3931171254613
50,CS-SCSA_PLUS,1369430517381267460,2,3,483.62211187871856
50,CS-SCSA_PLUS,1369266567423397891,3,4,462.13412499606414
50,CS-SCSA_PLUS,1369425009303822344,4,4,205.33543978726857
50,CS-SCSA_PLUS,1369189230489001991,5,4,199.60647400302415
50,CS-SCSA_PLUS,1369469059427893249,6,4,130.6939295011295
50,CS-SCSA_PLUS,1369596898127077379,7,2,53.32824444574006
50,CS-SCSA_PLUS,1369617901678964736,8,3,28.231803988708304
50,CS-SCSA_PLUS,1369569992732250114,9,4,26.845541609519053
50,CS-SCSA_PLUS,1369559628183445504,10,3,12.934886493032788
51,CS-SCSA_PLUS,1330194382914514949,1,5,10655.192311815485
51,CS-SCSA_PLUS,1328413175620964353,2,5,6588.305609843155
51,CS-SCSA_PLUS,1327280720084164608,3,3,4867.9394157811685
51,CS-SCSA_PLUS,1367197078829506565,4,5,1405.0581061916032
51,CS-SCSA_PLUS,1368751184434040836,5,3,355.4252122237411
51,CS-SCSA_PLUS,1366830686498217984,6,5,227.95468116053226
51,CS-SCSA_PLUS,1315366562069700616,7,2,129.8832500330523
51,CS-SCSA_PLUS,1366768521854656512,8,5,61.907568262126595
51,CS-SCSA_PLUS,1368747076528578560,9,3,16.98999456071221
51,CS-SCSA_PLUS,1369056709117808640,10,5,2.1840027619501194
53,CS-SCSA_PLUS,1368614821147598851,1,1,5156.791875981811
53,CS-SCSA_PLUS,1361767244125110275,2,1,3943.2987109168616
53,CS-SCSA_PLUS,1365708399791505416,3,1,2833.052956762394
53,CS-SCSA_PLUS,1366209721124839425,4,2,2128.978023420198
53,CS-SCSA_PLUS,1367912923641737216,5,1,93.47540339330973
53,CS-SCSA_PLUS,1366827740175896578,6,1,32.95676616119276
53,CS-SCSA_PLUS,1367243228701892609,7,1,19.953942501169895
53,CS-SCSA_PLUS,1369459006129930241,8,1,13.34770270210761
53,CS-SCSA_PLUS,1369050447797907460,9,1,2.8561416540306976
53,CS-SCSA_PLUS,1367212776641359872,10,1,1.6641174559044778
54,CS-SCSA_PLUS,1368614821147598851,1,1,5156.791875981811
54,CS-SCSA_PLUS,1277164459446931456,2,2,2301.979990555273
54,CS-SCSA_PLUS,1367532286359445510,3,2,1718.8110610622246
54,CS-SCSA_PLUS,1326615477037142016,4,2,294.6504495615058
54,CS-SCSA_PLUS,1367548427370786816,5,5,262.5454462681913
54,CS-SCSA_PLUS,1366425498226593793,6,3,85.63642982239676
54,CS-SCSA_PLUS,1367837304509915140,7,5,72.32428718839812
54,CS-SCSA_PLUS,1367243228701892609,8,5,19.953942501169895
54,CS-SCSA_PLUS,1369459006129930241,9,2,13.34770270210761
54,CS-SCSA_PLUS,1369050447797907460,10,2,2.8561416540306976
55,CS-SCSA_PLUS,1367862841907294209,1,5,9341.067660063727
55,CS-SCSA_PLUS,1366604627689496580,2,5,2151.474683843384
55,CS-SCSA_PLUS,1368174374247923712,3,5,1139.3741282599874
55,CS-SCSA_PLUS,1367266920689459202,4,5,374.548223674317
55,CS-SCSA_PLUS,1367288053547626496,5,5,113.18895890475238
55,CS-SCSA_PLUS,1366585340849491972,6,5,85.02672875613388
55,CS-SCSA_PLUS,1369343726611529728,7,5,43.20536975564484
55,CS-SCSA_PLUS,1251269832122777600,8,5,2.986570760778397
55,CS-SCSA_PLUS,1367842722678247427,9,5,1.9438944069343707
55,CS-SCSA_PLUS,1299755874915942401,10,5,1.2843609646975729
57,CS-SCSA_PLUS,1369335967618904068,1,3,214.4289887261538
57,CS-SCSA_PLUS,1368935548694519808,2,3,147.50271432639542
57,CS-SCSA_PLUS,1369423783086460937,3,3,132.98992585986596
57,CS-SCSA_PLUS,1369595394045444097,4,3,46.055602113186346
57,CS-SCSA_PLUS,1369433577339957248,5,4,45.190175584579045
57,CS-SCSA_PLUS,1369560664142970881,6,4,44.01444260013663
57,CS-SCSA_PLUS,1369569728541425667,7,4,37.51235378713854
57,CS-SCSA_PLUS,1369407674366976007,8,1,35.83951955725558
57,CS-SCSA_PLUS,1369563665867898882,9,4,9.6552087974431
57,CS-SCSA_PLUS,1369572554969583617,10,3,6.358863800716607
58,CS-SCSA_PLUS,1360763643135070209,1,3,718.6682207668747
58,CS-SCSA_PLUS,1365436528865005568,2,5,320.71343681867137
58,CS-SCSA_PLUS,1367536592617959425,3,5,197.7917675892902
58,CS-SCSA_PLUS,1364274434111062018,4,5,31.982721469283717
58,CS-SCSA_PLUS,1369090194847186944,5,4,15.784078833816952
58,CS-SCSA_PLUS,1367973079624876035,6,5,11.650879045726306
58,CS-SCSA_PLUS,1362410505365839874,7,5,11.435591603297693
58,CS-SCSA_PLUS,1365979945470582784,8,5,6.465840732163095
58,CS-SCSA_PLUS,1361311529392623617,9,5,3.710820840423376
58,CS-SCSA_PLUS,1366889537616498688,10,3,1.3962236056915411
60,CS-SCSA_PLUS,1353781237882744833,1,5,34819.52115631451
60,CS-SCSA_PLUS,1151158403135397888,2,5,18828.569760773647
60,CS-SCSA_PLUS,1365108564679790592,3,5,956.7968690498209
60,CS-SCSA_PLUS,1367236148385304576,4,5,438.90674020880425
60,CS-SCSA_PLUS,1145785172069146626,5,5,320.4008500255967
60,CS-SCSA_PLUS,1368328702002671626,6,5,252.8340589234857
60,CS-SCSA_PLUS,1365693174493151234,7,5,74.3355342650074
60,CS-SCSA_PLUS,1367565062328623104,8,5,41.05678323486748
60,CS-SCSA_PLUS,1340053869758394370,9,5,17.391935601336474
60,CS-SCSA_PLUS,1366503879983030273,10,5,10.594506878146511
61,CS-SCSA_PLUS,1341859235756453889,1,2,2100.8960606502424
61,CS-SCSA_PLUS,1250915381646176262,2,2,637.4721708130696
61,CS-SCSA_PLUS,1349371181334474754,3,4,61.22512090789147
61,CS-SCSA_PLUS,1261295911185068033,4,5,57.08366999916232
61,CS-SCSA_PLUS,1245049389250273280,5,2,23.63078088081662
61,CS-SCSA_PLUS,1366212322436423682,6,2,17.480000716057607
61,CS-SCSA_PLUS,1357670309525131266,7,1,3.729763378246543
61,CS-SCSA_PLUS,1368017377036660737,8,3,2.538502526683896
61,CS-SCSA_PLUS,1368840460198838272,9,1,2.3255279516419267
61,CS-SCSA_PLUS,1369453567367507968,10,3,2.0723293430285485
62,CS-SCSA_PLUS,1357647227808841728,1,3,12104.311137941846
62,CS-SCSA_PLUS,1337102280059834370,2,3,7705.113014797259
62,CS-SCSA_PLUS,1319639717906821121,3,3,4294.604647493273
62,CS-SCSA_PLUS,1365731424322478084,4,5,1385.2320345941264
62,CS-SCSA_PLUS,1366752653401853956,5,5,867.1361588041102
62,CS-SCSA_PLUS,1369308139158446081,6,3,369.6646139510171
62,CS-SCSA_PLUS,1326957720759541761,7,4,124.21973121092162
62,CS-SCSA_PLUS,1352017720578105346,8,1,42.537076780830844
62,CS-SCSA_PLUS,1359973359568625670,9,3,3.84263040605278
62,CS-SCSA_PLUS,1359935760627953665,10,3,3.151206986412712
63,CS-SCSA_PLUS,1368697794417065992,1,3,948.3931171254613
63,CS-SCSA_PLUS,1369396362840858635,2,2,776.0504444414541
63,CS-SCSA_PLUS,1369419121818038275,3,5,588.9859635363853
63,CS-SCSA_PLUS,1369430517381267460,4,3,483.62211187871856
63,CS-SCSA_PLUS,1369266567423397891,5,3,462.13412499606414
63,CS-SCSA_PLUS,1369425009303822344,6,1,205.33543978726857
63,CS-SCSA_PLUS,1369377489030705154,7,1,179.31131459918046
63,CS-SCSA_PLUS,1369492359243763717,8,2,121.50563482136116
63,CS-SCSA_PLUS,1370127157276606467,9,5,83.43536142702729
63,CS-SCSA_PLUS,1369442906671616001,10,5,70.80042369243232
66,CS-SCSA_PLUS,1329456908726644738,1,3,248.02160946942163
66,CS-SCSA_PLUS,1022134672929816578,2,5,154.11320048113737
66,CS-SCSA_PLUS,1364866906658922496,3,3,111.33362323103553
66,CS-SCSA_PLUS,1361600708764700674,4,5,110.0012435861492
66,CS-SCSA_PLUS,1329790713039523845,5,5,39.08629786049976
66,CS-SCSA_PLUS,1314195121861132288,6,4,33.394028150923326
66,CS-SCSA_PLUS,1366587272477306883,7,5,16.034263886848596
66,CS-SCSA_PLUS,1359391903838470147,8,3,10.917699286171748
66,CS-SCSA_PLUS,1358993966020976640,9,3,3.4855937652262474
66,CS-SCSA_PLUS,1356664797979369475,10,4,3.221638385281094
68,CS-SCSA_PLUS,1337102280059834370,1,4,7705.113014797259
68,CS-SCSA_PLUS,1350865539091066881,2,5,3611.9288311722376
68,CS-SCSA_PLUS,1319321276171759617,3,5,3469.818900408973
68,CS-SCSA_PLUS,1315101846596272129,4,5,2394.859938337696
68,CS-SCSA_PLUS,1365731424322478084,5,5,1385.2320345941264
68,CS-SCSA_PLUS,1358898413136396288,6,3,1129.389087037036
68,CS-SCSA_PLUS,1366752653401853956,7,5,867.1361588041102
68,CS-SCSA_PLUS,1332399472039620612,8,5,701.962244624972
68,CS-SCSA_PLUS,1263620338790944769,9,1,627.5095180449563
68,CS-SCSA_PLUS,1369308139158446081,10,3,369.6646139510171
70,CS-SCSA_PLUS,1369547940017147907,1,4,703.2311496008624
70,CS-SCSA_PLUS,1369469114620731393,2,5,304.46077461349364
70,CS-SCSA_PLUS,1369445460163915780,3,4,177.10653432254963
70,CS-SCSA_PLUS,1369352315698872325,4,4,161.95036678465917
70,CS-SCSA_PLUS,1368604102989541376,5,5,138.79071142239496
70,CS-SCSA_PLUS,1369450685708857348,6,4,120.48806264984961
70,CS-SCSA_PLUS,1369269245704630276,7,5,77.0463236838331
70,CS-SCSA_PLUS,1369465541925175296,8,5,70.82201312492681
70,CS-SCSA_PLUS,1369408111698673675,9,5,47.05615700247704
70,CS-SCSA_PLUS,1369589127168073728,10,5,34.726520502356045
71,CS-SCSA_PLUS,1357647227808841728,1,4,12104.311137941846
71,CS-SCSA_PLUS,1337102280059834370,2,3,7705.113014797259
71,CS-SCSA_PLUS,1319639717906821121,3,2,4294.604647493273
71,CS-SCSA_PLUS,1358898413136396288,4,3,1129.389087037036
71,CS-SCSA_PLUS,1337104278398382087,5,5,406.4557640371186
71,CS-SCSA_PLUS,1369308139158446081,6,2,369.6646139510171
71,CS-SCSA_PLUS,1326957720759541761,7,5,124.21973121092162
71,CS-SCSA_PLUS,1363914797335543811,8,2,76.86618373970961
71,CS-SCSA_PLUS,1363172378843389952,9,3,9.652200945618393
71,CS-SCSA_PLUS,1362902698585071617,10,3,3.349003410027305
72,CS-SCSA_PLUS,1365338574908891138,1,4,2137.913682842744
72,CS-SCSA_PLUS,1363878818100875267,2,4,739.7378848594092
72,CS-SCSA_PLUS,1369533353930727426,3,2,141.68045955926365
72,CS-SCSA_PLUS,1369611540475895810,4,4,140.19607531038784
72,CS-SCSA_PLUS,1369435367892455435,5,3,131.10589157453475
72,CS-SCSA_PLUS,1369285101100691456,6,4,83.98327609264678
72,CS-SCSA_PLUS,1370134342106804226,7,2,80.9967089513664
72,CS-SCSA_PLUS,1369552724228980736,8,4,63.85677878308013
72,CS-SCSA_PLUS,1369389341445873676,9,3,33.07028806312582
72,CS-SCSA_PLUS,1369286911391637513,10,3,22.02965890086591
73,CS-SCSA_PLUS,1369352282937065472,1,5,103.51523057148405
73,CS-SCSA_PLUS,1369392703054708740,2,3,21.25859870368732
73,CS-SCSA_PLUS,1366447180521816066,3,3,16.02008000606102
73,CS-SCSA_PLUS,1369287711480221698,4,4,15.1697845986936
73,CS-SCSA_PLUS,1369045377417162761,5,5,14.482126997072966
73,CS-SCSA_PLUS,1365259500064804866,6,4,12.56701755743597
73,CS-SCSA_PLUS,1368969473651261440,7,3,6.713778387372121
73,CS-SCSA_PLUS,1366730304740872194,8,3,6.025314656975787
73,CS-SCSA_PLUS,1366828167936237575,9,4,5.242827225684559
73,CS-SCSA_PLUS,1358797009164111874,10,5,2.6031263968386598
74,CS-SCSA_PLUS,1369063128269479936,1,2,729.0916821073148
74,CS-SCSA_PLUS,1369600439239458820,2,2,157.3357758830301
74,CS-SCSA_PLUS,1369538190827270145,3,2,132.05763906460194
74,CS-SCSA_PLUS,1369538553219325952,4,1,117.32470392061362
74,CS-SCSA_PLUS,1369396337469501452,5,2,105.32403177758972
74,CS-SCSA_PLUS,1369563595978252291,6,1,96.85478676717676
74,CS-SCSA_PLUS,1370053184589299724,7,4,89.72458407750709
74,CS-SCSA_PLUS,1369337073463885828,8,2,89.40418283814167
74,CS-SCSA_PLUS,1369589858763673606,9,2,27.579613701534186
74,CS-SCSA_PLUS,1369264726656638979,10,2,22.73405804734426
76,CS-SCSA_PLUS,1358058477785120769,1,1,592365.1287977837
76,CS-SCSA_PLUS,1354658220585922565,2,2,144348.09748048385
76,CS-SCSA_PLUS,1334724211689074688,3,2,88147.1415243851
76,CS-SCSA_PLUS,1316909183225286657,4,3,44444.87015879787
76,CS-SCSA_PLUS,1318996052049973248,5,2,23845.426515110677
76,CS-SCSA_PLUS,1290389884927000582,6,1,17024.9730031952
76,CS-SCSA_PLUS,1332420899471990786,7,3,16770.676798310375
76,CS-SCSA_PLUS,1268243264156524544,8,3,13579.341766648206
76,CS-SCSA_PLUS,1363674987626856448,9,2,1765.7885066988388
76,CS-SCSA_PLUS,1334706123971162115,10,3,388.25657882491294
77,CS-SCSA_PLUS,1367625947462184961,1,3,651.1233917482868
77,CS-SCSA_PLUS,1363322581076619265,2,5,131.6392666239354
77,CS-SCSA_PLUS,1369521918412472320,3,2,41.67354638529643
77,CS-SCSA_PLUS,1369499281833537540,4,2,16.540101989033165
77,CS-SCSA_PLUS,1369181189932777474,5,2,10.515313986172316
77,CS-SCSA_PLUS,1352922753565863936,6,3,9.231476838053805
77,CS-SCSA_PLUS,1368999972792844292,7,4,7.313141386765492
77,CS-SCSA_PLUS,1361209516277174279,8,4,6.170279346031736
77,CS-SCSA_PLUS,1349357033301159936,9,3,3.7629944365856116
77,CS-SCSA_PLUS,1329140321402445824,10,3,3.1221694959768014
78,CS-SCSA_PLUS,1367172928295628802,1,1,5064.537182380468
78,CS-SCSA_PLUS,1367327155667935236,2,1,4052.179237283662
78,CS-SCSA_PLUS,1368218004861911049,3,1,2895.1724411257583
78,CS-SCSA_PLUS,1366848285361717252,4,2,2105.305324340144
78,CS-SCSA_PLUS,1368984926410989569,5,1,1471.173863308582
78,CS-SCSA_PLUS,1367616598727614473,6,2,1426.8486050926965
78,CS-SCSA_PLUS,1366967661754675207,7,4,647.0410054493593
78,CS-SCSA_PLUS,1367535310733680640,8,2,451.0960099508569
78,CS-SCSA_PLUS,1367296657705099264,9,3,100.13334525229133
78,CS-SCSA_PLUS,1368236771671162881,10,1,7.208628060018855
79,CS-SCSA_PLUS,1367702233853259783,1,2,123799.85998468667
79,CS-SCSA_PLUS,1355379018791591936,2,3,7048.719505484335
79,CS-SCSA_PLUS,1212045448812417030,3,5,3912.299699565752
79,CS-SCSA_PLUS,1319321276171759617,4,3,3469.818900408973
79,CS-SCSA_PLUS,1322265461359316992,5,2,1838.5209319777464
79,CS-SCSA_PLUS,1330266160202477577,6,3,1441.5656550806168
79,CS-SCSA_PLUS,1345783947607867393,7,2,1177.3050900849544
79,CS-SCSA_PLUS,1263620338790944769,8,3,627.5095180449563
79,CS-SCSA_PLUS,1357083144407552000,9,5,620.5080382133928
79,CS-SCSA_PLUS,1324444938923175936,10,2,326.12728550664536
81,CS-SCSA_PLUS,1366854672955240450,1,5,14407.047962926057
81,CS-SCSA_PLUS,1367862841907294209,2,5,9341.067660063727
81,CS-SCSA_PLUS,1368487188724350976,3,5,3682.276290531465
81,CS-SCSA_PLUS,1367548056628039684,4,5,2165.9603827137853
81,CS-SCSA_PLUS,1367703501367771141,5,5,1938.2863383711872
81,CS-SCSA_PLUS,1368174374247923712,6,5,1139.3741282599874
81,CS-SCSA_PLUS,1313215942826967040,7,5,788.1855105200717
81,CS-SCSA_PLUS,1368234120082554894,8,5,268.4222782634203
81,CS-SCSA_PLUS,1368939918727278599,9,5,57.72886616627898
81,CS-SCSA_PLUS,1361801412741529606,10,5,10.029870781036356
1,SC-STATE_ART,1317842770816602114,1,3,-0.012647848419380605
1,SC-STATE_ART,1336810117057179649,2,3,-0.11385006520257479
1,SC-STATE_ART,1344689933978656771,3,5,-0.12690558993515466
1,SC-STATE_ART,1369325020258983936,4,5,-0.1384317847683292
1,SC-STATE_ART,1336964656792035329,5,2,-0.14023695875293207
1,SC-STATE_ART,1365315820080009221,6,4,-0.1405406542759533
1,SC-STATE_ART,1369441796925886465,7,3,-0.15743537047928802
1,SC-STATE_ART,1369375444793954323,8,5,-0.158221370759571
1,SC-STATE_ART,1369400194513723396,9,4,-0.16003039471600533
1,SC-STATE_ART,1365327872643260420,10,1,-0.1623579599275923
2,SC-STATE_ART,1362074171832958980,1,3,-0.14544836800752695
2,SC-STATE_ART,1369441796925886465,2,2,-0.15743537047928802
2,SC-STATE_ART,1369375444793954323,3,3,-0.158221370759571
2,SC-STATE_ART,1362085735063572482,4,3,-0.15868617340593824
2,SC-STATE_ART,1369048387815899139,5,2,-0.15929802066937204
2,SC-STATE_ART,1359577321695547392,6,3,-0.1599066147603767
2,SC-STATE_ART,1369400194513723396,7,4,-0.16003039471600533
2,SC-STATE_ART,1369614175048249346,8,4,-0.16028890952435781
2,SC-STATE_ART,1369355243406954501,9,2,-0.16119039123784681
2,SC-STATE_ART,1362776603047165957,10,2,-0.1616210752921332
3,SC-STATE_ART,1364666742916583427,1,3,-0.13030259051523496
3,SC-STATE_ART,1369325020258983936,2,3,-0.1384317847683292
3,SC-STATE_ART,1365315820080009221,3,4,-0.1405406542759533
3,SC-STATE_ART,1367521202042933249,4,5,-0.15300631426322778
3,SC-STATE_ART,1367300793485828097,5,3,-0.15860056222685429
3,SC-STATE_ART,1303249708169613313,6,2,-0.16019305083330923
3,SC-STATE_ART,1367237010608431106,7,3,-0.16228613794792768
3,SC-STATE_ART,1366443197166096385,8,4,-0.1624720926413561
3,SC-STATE_ART,1369075493753020420,9,2,-0.16268443983927036
3,SC-STATE_ART,1369075561981566976,10,2,-0.16275602801691258
4,SC-STATE_ART,1369441796925886465,1,3,-0.15743537047928802
4,SC-STATE_ART,1369375444793954323,2,5,-0.158221370759571
4,SC-STATE_ART,1369048387815899139,3,5,-0.15929802066937204
4,SC-STATE_ART,1369400194513723396,4,5,-0.16003039471600533
4,SC-STATE_ART,1369355243406954501,5,5,-0.16119039123784681
4,SC-STATE_ART,1362776603047165957,6,5,-0.1616210752921332
4,SC-STATE_ART,1349377838722519040,7,2,-0.1617505457339032
4,SC-STATE_ART,1354011094751260673,8,4,-0.16192064545861493
4,SC-STATE_ART,1349380288783253504,9,2,-0.1619251796950947
4,SC-STATE_ART,1353672852747284480,10,4,-0.16236036771834148
5,SC-STATE_ART,1362074171832958980,1,3,-0.14544836800752695
5,SC-STATE_ART,1369441796925886465,2,5,-0.15743537047928802
5,SC-STATE_ART,1369375444793954323,3,5,-0.158221370759571
5,SC-STATE_ART,1362085735063572482,4,1,-0.15868617340593824
5,SC-STATE_ART,1369048387815899139,5,4,-0.15929802066937204
5,SC-STATE_ART,1359577321695547392,6,1,-0.1599066147603767
5,SC-STATE_ART,1369400194513723396,7,5,-0.16003039471600533
5,SC-STATE_ART,1369614175048249346,8,4,-0.16028890952435781
5,SC-STATE_ART,1369355243406954501,9,5,-0.16119039123784681
5,SC-STATE_ART,1362776603047165957,10,5,-0.1616210752921332
6,SC-STATE_ART,1362083047785439239,1,4,1.9782493142553246
6,SC-STATE_ART,1337020338916499463,2,2,1.7528845407177986
6,SC-STATE_ART,1294010972055592962,3,3,0.2819856467928434
6,SC-STATE_ART,1331748997124534274,4,4,0.04266400795091706
6,SC-STATE_ART,1317842770816602114,5,5,-0.012647848419380605
6,SC-STATE_ART,1355167587638906880,6,3,-0.08137949488613379
6,SC-STATE_ART,1344689933978656771,7,4,-0.12690558993515466
6,SC-STATE_ART,1369311531360518146,8,5,-0.16217802858925454
6,SC-STATE_ART,1369298875719311360,9,5,-0.1624780879287033
6,SC-STATE_ART,1369405604595400711,10,5,-0.16259998657761504
7,SC-STATE_ART,1336810117057179649,1,4,-0.11385006520257479
7,SC-STATE_ART,1368909409775149064,2,4,-0.12097280555960736
7,SC-STATE_ART,1369325020258983936,3,3,-0.1384317847683292
7,SC-STATE_ART,1336964656792035329,4,3,-0.14023695875293207
7,SC-STATE_ART,1365315820080009221,5,4,-0.1405406542759533
7,SC-STATE_ART,1337318168277241857,6,3,-0.1444666671088421
7,SC-STATE_ART,1367462925250818061,7,5,-0.1561974805081122
7,SC-STATE_ART,1368932010971004931,8,4,-0.1613441685603854
7,SC-STATE_ART,1362776603047165957,9,4,-0.1616210752921332
7,SC-STATE_ART,1365327872643260420,10,4,-0.1623579599275923
8,SC-STATE_ART,1362083047785439239,1,4,1.9782493142553246
8,SC-STATE_ART,1337020338916499463,2,4,1.7528845407177986
8,SC-STATE_ART,1337022746824499203,3,4,1.522513486320188
8,SC-STATE_ART,1337021907464499204,4,4,1.0137618845538725
8,SC-STATE_ART,1334711453211889665,5,4,0.4442273377518687
8,SC-STATE_ART,1294010972055592962,6,4,0.2819856467928434
8,SC-STATE_ART,1331748997124534274,7,4,0.04266400795091706
8,SC-STATE_ART,1334726779903168512,8,4,0.010746085475311733
8,SC-STATE_ART,1355167587638906880,9,4,-0.08137949488613379
8,SC-STATE_ART,1350483251291451392,10,5,-0.14289182958675023
9,SC-STATE_ART,1095067826061262848,1,1,6.573077989097101
9,SC-STATE_ART,1273231711908872193,2,1,2.581129894904356
9,SC-STATE_ART,1182112257708306433,3,1,-0.04383045009819281
9,SC-STATE_ART,1350483251291451392,4,5,-0.14289182958675023
9,SC-STATE_ART,1336059119174897665,5,4,-0.1529007931665888
9,SC-STATE_ART,1366561763962073092,6,1,-0.15708429440322777
9,SC-STATE_ART,1359597695548153864,7,4,-0.1601442970151674
9,SC-STATE_ART,1338584496489172992,8,3,-0.16119365438446756
9,SC-STATE_ART,1365320876510560258,9,4,-0.1618194753125917
9,SC-STATE_ART,1364683920965578753,10,1,-0.1627716157699001
10,SC-STATE_ART,1336810117057179649,1,4,-0.11385006520257479
10,SC-STATE_ART,1368909409775149064,2,5,-0.12097280555960736
10,SC-STATE_ART,1369325020258983936,3,4,-0.1384317847683292
10,SC-STATE_ART,1336964656792035329,4,4,-0.14023695875293207
10,SC-STATE_ART,1365315820080009221,5,4,-0.1405406542759533
10,SC-STATE_ART,1350483251291451392,6,5,-0.14289182958675023
10,SC-STATE_ART,1337318168277241857,7,3,-0.1444666671088421
10,SC-STATE_ART,1367462925250818061,8,4,-0.1561974805081122
10,SC-STATE_ART,1368932010971004931,9,5,-0.1613441685603854
10,SC-STATE_ART,1365327872643260420,10,3,-0.1623579599275923
11,SC-STATE_ART,1362083047785439239,1,5,1.9782493142553246
11,SC-STATE_ART,1362083047785439239,2,5,1.9782493142553246
11,SC-STATE_ART,1337020338916499463,3,3,1.7528845407177986
11,SC-STATE_ART,1337020338916499463,4,5,1.7528845407177986
11,SC-STATE_ART,1337022746824499203,5,5,1.522513486320188
11,SC-STATE_ART,1337022746824499203,6,5,1.522513486320188
11,SC-STATE_ART,1337021907464499204,7,5,1.0137618845538725
11,SC-STATE_ART,1337021907464499204,8,5,1.0137618845538725
11,SC-STATE_ART,1334711453211889665,9,3,0.4442273377518687
11,SC-STATE_ART,1294010972055592962,10,5,0.2819856467928434
12,SC-STATE_ART,1301164188136431616,1,5,0.7709524433678134
12,SC-STATE_ART,1365109273240473600,2,3,0.01548233889198566
12,SC-STATE_ART,1361511252103729153,3,5,-0.14729897978002646
12,SC-STATE_ART,1349749578095075328,4,5,-0.16129089510476388
12,SC-STATE_ART,1361586402484514816,5,2,-0.16152731628349717
12,SC-STATE_ART,1361853779025403905,6,2,-0.16192560642696516
12,SC-STATE_ART,1366197120064192513,7,5,-0.16212177210362202
12,SC-STATE_ART,1361857937518465025,8,5,-0.1622675017795243
12,SC-STATE_ART,1366910062711685124,9,5,-0.16241441153439715
12,SC-STATE_ART,1365037827298238464,10,2,-0.1625495227459047
13,SC-STATE_ART,1365113385658970113,1,1,-0.018059530576186728
13,SC-STATE_ART,1336810117057179649,2,4,-0.11385006520257479
13,SC-STATE_ART,1369325020258983936,3,4,-0.1384317847683292
13,SC-STATE_ART,1336964656792035329,4,1,-0.14023695875293207
13,SC-STATE_ART,1365315820080009221,5,4,-0.1405406542759533
13,SC-STATE_ART,1337318168277241857,6,1,-0.1444666671088421
13,SC-STATE_ART,1366167129754537984,7,2,-0.16121432575915334
13,SC-STATE_ART,1362776603047165957,8,2,-0.1616210752921332
13,SC-STATE_ART,1363551492486008834,9,1,-0.1622242890101785
13,SC-STATE_ART,1365327872643260420,10,1,-0.1623579599275923
15,SC-STATE_ART,1301164188136431616,1,3,0.7709524433678134
15,SC-STATE_ART,1365109273240473600,2,3,0.01548233889198566
15,SC-STATE_ART,1365113385658970113,3,3,-0.018059530576186728
15,SC-STATE_ART,1366121589478154243,4,4,-0.09234531722239857
15,SC-STATE_ART,1361511252103729153,5,5,-0.14729897978002646
15,SC-STATE_ART,1366167129754537984,6,4,-0.16121432575915334
15,SC-STATE_ART,1349749578095075328,7,3,-0.16129089510476388
15,SC-STATE_ART,1361586402484514816,8,3,-0.16152731628349717
15,SC-STATE_ART,1361853779025403905,9,5,-0.16192560642696516
15,SC-STATE_ART,1361857937518465025,10,3,-0.1622675017795243
16,SC-STATE_ART,1367113993815547906,1,4,-0.029761322530998134
16,SC-STATE_ART,1368245651046207493,2,5,-0.11587668525816505
16,SC-STATE_ART,1368909409775149064,3,2,-0.12097280555960736
16,SC-STATE_ART,1367462925250818061,4,1,-0.1561974805081122
16,SC-STATE_ART,1368580185642110982,5,5,-0.15695435040341854
16,SC-STATE_ART,1366499073671454725,6,2,-0.15879209205277411
16,SC-STATE_ART,1303249708169613313,7,1,-0.16019305083330923
16,SC-STATE_ART,1368932010971004931,8,1,-0.1613441685603854
16,SC-STATE_ART,1319402828285108225,9,1,-0.16190339242230234
16,SC-STATE_ART,1324374402750767104,10,1,-0.16264838872816453
17,SC-STATE_ART,1365113385658970113,1,1,-0.018059530576186728
17,SC-STATE_ART,1336810117057179649,2,2,-0.11385006520257479
17,SC-STATE_ART,1369325020258983936,3,2,-0.1384317847683292
17,SC-STATE_ART,1336964656792035329,4,2,-0.14023695875293207
17,SC-STATE_ART,1365315820080009221,5,2,-0.1405406542759533
17,SC-STATE_ART,1337318168277241857,6,2,-0.1444666671088421
17,SC-STATE_ART,1344784297316786177,7,5,-0.1466207283219629
17,SC-STATE_ART,1366167129754537984,8,1,-0.16121432575915334
17,SC-STATE_ART,1363551492486008834,9,2,-0.1622242890101785
17,SC-STATE_ART,1365327872643260420,10,2,-0.1623579599275923
18,SC-STATE_ART,1273231711908872193,1,3,2.581129894904356
18,SC-STATE_ART,1301164188136431616,2,3,0.7709524433678134
18,SC-STATE_ART,1365109273240473600,3,1,0.01548233889198566
18,SC-STATE_ART,1366121589478154243,4,2,-0.09234531722239857
18,SC-STATE_ART,1344689933978656771,5,3,-0.12690558993515466
18,SC-STATE_ART,1361511252103729153,6,1,-0.14729897978002646
18,SC-STATE_ART,1349749578095075328,7,1,-0.16129089510476388
18,SC-STATE_ART,1361586402484514816,8,1,-0.16152731628349717
18,SC-STATE_ART,1361853779025403905,9,1,-0.16192560642696516
18,SC-STATE_ART,1361857937518465025,10,1,-0.1622675017795243
19,SC-STATE_ART,1369441796925886465,1,4,-0.15743537047928802
19,SC-STATE_ART,1369375444793954323,2,4,-0.158221370759571
19,SC-STATE_ART,1369048387815899139,3,3,-0.15929802066937204
19,SC-STATE_ART,1369400194513723396,4,4,-0.16003039471600533
19,SC-STATE_ART,1369326799709212680,5,4,-0.16154612761383313
19,SC-STATE_ART,1349377838722519040,6,4,-0.1617505457339032
19,SC-STATE_ART,1349380288783253504,7,4,-0.1619251796950947
19,SC-STATE_ART,1369311531360518146,8,4,-0.16217802858925454
19,SC-STATE_ART,1369298875719311360,9,4,-0.1624780879287033
19,SC-STATE_ART,1369405604595400711,10,4,-0.16259998657761504
20,SC-STATE_ART,1317842770816602114,1,3,-0.012647848419380605
20,SC-STATE_ART,1367113993815547906,2,4,-0.029761322530998134
20,SC-STATE_ART,1368909409775149064,3,3,-0.12097280555960736
20,SC-STATE_ART,1344689933978656771,4,2,-0.12690558993515466
20,SC-STATE_ART,1367462925250818061,5,1,-0.1561974805081122
20,SC-STATE_ART,1368580185642110982,6,1,-0.15695435040341854
20,SC-STATE_ART,1366499073671454725,7,3,-0.15879209205277411
20,SC-STATE_ART,1368932010971004931,8,2,-0.1613441685603854
20,SC-STATE_ART,1362776603047165957,9,5,-0.1616210752921332
20,SC-STATE_ART,1354118501653483523,10,1,-0.1626934571397117
21,SC-STATE_ART,1317842770816602114,1,5,-0.012647848419380605
21,SC-STATE_ART,1344689933978656771,2,2,-0.12690558993515466
21,SC-STATE_ART,1364666742916583427,3,3,-0.13030259051523496
21,SC-STATE_ART,1369325020258983936,4,2,-0.1384317847683292
21,SC-STATE_ART,1365315820080009221,5,2,-0.1405406542759533
21,SC-STATE_ART,1367521202042933249,6,5,-0.15300631426322778
21,SC-STATE_ART,1367300793485828097,7,5,-0.15860056222685429
21,SC-STATE_ART,1366443197166096385,8,1,-0.1624720926413561
21,SC-STATE_ART,1369075493753020420,9,4,-0.16268443983927036
21,SC-STATE_ART,1369075561981566976,10,4,-0.16275602801691258
22,SC-STATE_ART,1364666742916583427,1,3,-0.13030259051523496
22,SC-STATE_ART,1368641210533830657,2,5,-0.1492307220489527
22,SC-STATE_ART,1367521202042933249,3,5,-0.15300631426322778
22,SC-STATE_ART,1369375444793954323,4,5,-0.158221370759571
22,SC-STATE_ART,1367300793485828097,5,3,-0.15860056222685429
22,SC-STATE_ART,1362776603047165957,6,3,-0.1616210752921332
22,SC-STATE_ART,1367237010608431106,7,3,-0.16228613794792768
22,SC-STATE_ART,1366443197166096385,8,2,-0.1624720926413561
22,SC-STATE_ART,1369075493753020420,9,5,-0.16268443983927036
22,SC-STATE_ART,1369075561981566976,10,5,-0.16275602801691258
23,SC-STATE_ART,1362083047785439239,1,3,1.9782493142553246
23,SC-STATE_ART,1337020338916499463,2,3,1.7528845407177986
23,SC-STATE_ART,1337022746824499203,3,3,1.522513486320188
23,SC-STATE_ART,1337021907464499204,4,3,1.0137618845538725
23,SC-STATE_ART,1334711453211889665,5,3,0.4442273377518687
23,SC-STATE_ART,1294010972055592962,6,3,0.2819856467928434
23,SC-STATE_ART,1331748997124534274,7,3,0.04266400795091706
23,SC-STATE_ART,1334726779903168512,8,3,0.010746085475311733
23,SC-STATE_ART,1355167587638906880,9,3,-0.08137949488613379
23,SC-STATE_ART,1350483251291451392,10,5,-0.14289182958675023
24,SC-STATE_ART,1364607745270423556,1,4,0.15814341714407787
24,SC-STATE_ART,1336810117057179649,2,2,-0.11385006520257479
24,SC-STATE_ART,1369325020258983936,3,5,-0.1384317847683292
24,SC-STATE_ART,1336964656792035329,4,2,-0.14023695875293207
24,SC-STATE_ART,1365315820080009221,5,4,-0.1405406542759533
24,SC-STATE_ART,1337318168277241857,6,3,-0.1444666671088421
24,SC-STATE_ART,1346517996760666117,7,5,-0.15941689388901223
24,SC-STATE_ART,1362776603047165957,8,5,-0.1616210752921332
24,SC-STATE_ART,1363551492486008834,9,4,-0.1622242890101785
24,SC-STATE_ART,1365327872643260420,10,4,-0.1623579599275923
25,SC-STATE_ART,1369441796925886465,1,5,-0.15743537047928802
25,SC-STATE_ART,1369375444793954323,2,5,-0.158221370759571
25,SC-STATE_ART,1369048387815899139,3,5,-0.15929802066937204
25,SC-STATE_ART,1369400194513723396,4,5,-0.16003039471600533
25,SC-STATE_ART,1369355243406954501,5,5,-0.16119039123784681
25,SC-STATE_ART,1362776603047165957,6,5,-0.1616210752921332
25,SC-STATE_ART,1349377838722519040,7,1,-0.1617505457339032
25,SC-STATE_ART,1354011094751260673,8,4,-0.16192064545861493
25,SC-STATE_ART,1349380288783253504,9,1,-0.1619251796950947
25,SC-STATE_ART,1353672852747284480,10,4,-0.16236036771834148
26,SC-STATE_ART,1350483251291451392,1,4,-0.14289182958675023
26,SC-STATE_ART,1342062601535164416,2,3,-0.14950298212288118
26,SC-STATE_ART,1336059119174897665,3,3,-0.1529007931665888
26,SC-STATE_ART,1359597695548153864,4,4,-0.1601442970151674
26,SC-STATE_ART,1369614175048249346,5,4,-0.16028890952435781
26,SC-STATE_ART,1362776603047165957,6,4,-0.1616210752921332
26,SC-STATE_ART,1349377838722519040,7,4,-0.1617505457339032
26,SC-STATE_ART,1354011094751260673,8,4,-0.16192064545861493
26,SC-STATE_ART,1349380288783253504,9,4,-0.1619251796950947
26,SC-STATE_ART,1353672852747284480,10,3,-0.16236036771834148
27,SC-STATE_ART,1369441796925886465,1,5,-0.15743537047928802
27,SC-STATE_ART,1369375444793954323,2,5,-0.158221370759571
27,SC-STATE_ART,1369048387815899139,3,4,-0.15929802066937204
27,SC-STATE_ART,1369400194513723396,4,5,-0.16003039471600533
27,SC-STATE_ART,1369355243406954501,5,5,-0.16119039123784681
27,SC-STATE_ART,1362776603047165957,6,5,-0.1616210752921332
27,SC-STATE_ART,1349377838722519040,7,5,-0.1617505457339032
27,SC-STATE_ART,1354011094751260673,8,5,-0.16192064545861493
27,SC-STATE_ART,1349380288783253504,9,5,-0.1619251796950947
27,SC-STATE_ART,1353672852747284480,10,3,-0.16236036771834148
28,SC-STATE_ART,1317842770816602114,1,3,-0.012647848419380605
28,SC-STATE_ART,1336810117057179649,2,3,-0.11385006520257479
28,SC-STATE_ART,1344689933978656771,3,1,-0.12690558993515466
28,SC-STATE_ART,1369325020258983936,4,1,-0.1384317847683292
28,SC-STATE_ART,1336964656792035329,5,1,-0.14023695875293207
28,SC-STATE_ART,1365315820080009221,6,1,-0.1405406542759533
28,SC-STATE_ART,1350483251291451392,7,5,-0.14289182958675023
28,SC-STATE_ART,1337318168277241857,8,1,-0.1444666671088421
28,SC-STATE_ART,1365327872643260420,9,1,-0.1623579599275923
28,SC-STATE_ART,1354118501653483523,10,1,-0.1626934571397117
29,SC-STATE_ART,1362083047785439239,1,5,1.9782493142553246
29,SC-STATE_ART,1337020338916499463,2,3,1.7528845407177986
29,SC-STATE_ART,1364666742916583427,3,5,-0.13030259051523496
29,SC-STATE_ART,1367521202042933249,4,4,-0.15300631426322778
29,SC-STATE_ART,1367300793485828097,5,4,-0.15860056222685429
29,SC-STATE_ART,1248277743118086144,6,3,-0.16153625806373478
29,SC-STATE_ART,1248251408333172738,7,3,-0.16255368357427188
29,SC-STATE_ART,1369075493753020420,8,5,-0.16268443983927036
29,SC-STATE_ART,1369075561981566976,9,5,-0.16275602801691258
29,SC-STATE_ART,1369169111478005763,10,3,-0.163016326348334
30,SC-STATE_ART,1364666742916583427,1,3,-0.13030259051523496
30,SC-STATE_ART,1368641210533830657,2,4,-0.1492307220489527
30,SC-STATE_ART,1367521202042933249,3,4,-0.15300631426322778
30,SC-STATE_ART,1367300793485828097,4,3,-0.15860056222685429
30,SC-STATE_ART,1362776603047165957,5,4,-0.1616210752921332
30,SC-STATE_ART,1367237010608431106,6,2,-0.16228613794792768
30,SC-STATE_ART,1366443197166096385,7,2,-0.1624720926413561
30,SC-STATE_ART,1369075493753020420,8,4,-0.16268443983927036
30,SC-STATE_ART,1369075561981566976,9,4,-0.16275602801691258
30,SC-STATE_ART,1369034842222985216,10,4,-0.16285972135834859
31,SC-STATE_ART,1336810117057179649,1,4,-0.11385006520257479
31,SC-STATE_ART,1369325020258983936,2,3,-0.1384317847683292
31,SC-STATE_ART,1336964656792035329,3,3,-0.14023695875293207
31,SC-STATE_ART,1365315820080009221,4,4,-0.1405406542759533
31,SC-STATE_ART,1337318168277241857,5,5,-0.1444666671088421
31,SC-STATE_ART,1283912982200631298,6,3,-0.1507222759617388
31,SC-STATE_ART,1318667750408036352,7,2,-0.15914967195903287
31,SC-STATE_ART,1362776603047165957,8,5,-0.1616210752921332
31,SC-STATE_ART,1363551492486008834,9,2,-0.1622242890101785
31,SC-STATE_ART,1365327872643260420,10,3,-0.1623579599275923
32,SC-STATE_ART,1362074171832958980,1,1,-0.14544836800752695
32,SC-STATE_ART,1369441796925886465,2,2,-0.15743537047928802
32,SC-STATE_ART,1369375444793954323,3,3,-0.158221370759571
32,SC-STATE_ART,1362085735063572482,4,2,-0.15868617340593824
32,SC-STATE_ART,1369048387815899139,5,2,-0.15929802066937204
32,SC-STATE_ART,1359577321695547392,6,1,-0.1599066147603767
32,SC-STATE_ART,1369400194513723396,7,2,-0.16003039471600533
32,SC-STATE_ART,1369614175048249346,8,3,-0.16028890952435781
32,SC-STATE_ART,1369355243406954501,9,1,-0.16119039123784681
32,SC-STATE_ART,1362776603047165957,10,2,-0.1616210752921332
33,SC-STATE_ART,1369441796925886465,1,4,-0.15743537047928802
33,SC-STATE_ART,1369375444793954323,2,4,-0.158221370759571
33,SC-STATE_ART,1369048387815899139,3,4,-0.15929802066937204
33,SC-STATE_ART,1369400194513723396,4,4,-0.16003039471600533
33,SC-STATE_ART,1369355243406954501,5,3,-0.16119039123784681
33,SC-STATE_ART,1369326799709212680,6,2,-0.16154612761383313
33,SC-STATE_ART,1362776603047165957,7,3,-0.1616210752921332
33,SC-STATE_ART,1369311531360518146,8,4,-0.16217802858925454
33,SC-STATE_ART,1369298875719311360,9,4,-0.1624780879287033
33,SC-STATE_ART,1369405604595400711,10,4,-0.16259998657761504
34,SC-STATE_ART,1369441796925886465,1,4,-0.15743537047928802
34,SC-STATE_ART,1369375444793954323,2,2,-0.158221370759571
34,SC-STATE_ART,1369048387815899139,3,3,-0.15929802066937204
34,SC-STATE_ART,1369400194513723396,4,1,-0.16003039471600533
34,SC-STATE_ART,1369355243406954501,5,3,-0.16119039123784681
34,SC-STATE_ART,1369326799709212680,6,3,-0.16154612761383313
34,SC-STATE_ART,1362776603047165957,7,2,-0.1616210752921332
34,SC-STATE_ART,1369311531360518146,8,3,-0.16217802858925454
34,SC-STATE_ART,1369298875719311360,9,4,-0.1624780879287033
34,SC-STATE_ART,1369405604595400711,10,3,-0.16259998657761504
35,SC-STATE_ART,1151605021345083392,1,4,-0.01040943199898986
35,SC-STATE_ART,1317842770816602114,2,2,-0.012647848419380605
35,SC-STATE_ART,1265629710941388800,3,1,-0.12105287081931439
35,SC-STATE_ART,1344689933978656771,4,1,-0.12690558993515466
35,SC-STATE_ART,1361046993158692866,5,2,-0.14924817255877695
35,SC-STATE_ART,1357381035852521474,6,1,-0.16145200380499466
35,SC-STATE_ART,1362776603047165957,7,3,-0.1616210752921332
35,SC-STATE_ART,1349377838722519040,8,3,-0.1617505457339032
35,SC-STATE_ART,1349380288783253504,9,3,-0.1619251796950947
35,SC-STATE_ART,1354118501653483523,10,1,-0.1626934571397117
36,SC-STATE_ART,1095067826061262848,1,4,6.573077989097101
36,SC-STATE_ART,1273231711908872193,2,4,2.581129894904356
36,SC-STATE_ART,1317842770816602114,3,5,-0.012647848419380605
36,SC-STATE_ART,1182112257708306433,4,4,-0.04383045009819281
36,SC-STATE_ART,1344689933978656771,5,5,-0.12690558993515466
36,SC-STATE_ART,1364666742916583427,6,5,-0.13030259051523496
36,SC-STATE_ART,1369325020258983936,7,5,-0.1384317847683292
36,SC-STATE_ART,1365315820080009221,8,5,-0.1405406542759533
36,SC-STATE_ART,1350483251291451392,9,5,-0.14289182958675023
36,SC-STATE_ART,1336059119174897665,10,4,-0.1529007931665888
37,SC-STATE_ART,1362083047785439239,1,4,1.9782493142553246
37,SC-STATE_ART,1337020338916499463,2,4,1.7528845407177986
37,SC-STATE_ART,1337022746824499203,3,4,1.522513486320188
37,SC-STATE_ART,1337021907464499204,4,5,1.0137618845538725
37,SC-STATE_ART,1294010972055592962,5,4,0.2819856467928434
37,SC-STATE_ART,1331748997124534274,6,5,0.04266400795091706
37,SC-STATE_ART,1317842770816602114,7,2,-0.012647848419380605
37,SC-STATE_ART,1355167587638906880,8,3,-0.08137949488613379
37,SC-STATE_ART,1354545532044075013,9,1,-0.11405258037001766
37,SC-STATE_ART,1344689933978656771,10,1,-0.12690558993515466
38,SC-STATE_ART,1362074171832958980,1,3,-0.14544836800752695
38,SC-STATE_ART,1369326799709212680,2,5,-0.16154612761383313
38,SC-STATE_ART,1349377838722519040,3,5,-0.1617505457339032
38,SC-STATE_ART,1354011094751260673,4,5,-0.16192064545861493
38,SC-STATE_ART,1349380288783253504,5,5,-0.1619251796950947
38,SC-STATE_ART,1369315042236174343,6,4,-0.16204525126394473
38,SC-STATE_ART,1369311531360518146,7,5,-0.16217802858925454
38,SC-STATE_ART,1353672852747284480,8,5,-0.16236036771834148
38,SC-STATE_ART,1369298875719311360,9,5,-0.1624780879287033
38,SC-STATE_ART,1369405604595400711,10,5,-0.16259998657761504
39,SC-STATE_ART,1364666742916583427,1,3,-0.13030259051523496
39,SC-STATE_ART,1368641210533830657,2,3,-0.1492307220489527
39,SC-STATE_ART,1367521202042933249,3,5,-0.15300631426322778
39,SC-STATE_ART,1367300793485828097,4,5,-0.15860056222685429
39,SC-STATE_ART,1349377838722519040,5,5,-0.1617505457339032
39,SC-STATE_ART,1349380288783253504,6,5,-0.1619251796950947
39,SC-STATE_ART,1367237010608431106,7,5,-0.16228613794792768
39,SC-STATE_ART,1366443197166096385,8,5,-0.1624720926413561
39,SC-STATE_ART,1369075493753020420,9,5,-0.16268443983927036
39,SC-STATE_ART,1369075561981566976,10,5,-0.16275602801691258
40,SC-STATE_ART,1362083047785439239,1,3,1.9782493142553246
40,SC-STATE_ART,1337020338916499463,2,5,1.7528845407177986
40,SC-STATE_ART,1337022746824499203,3,5,1.522513486320188
40,SC-STATE_ART,1337021907464499204,4,5,1.0137618845538725
40,SC-STATE_ART,1294010972055592962,5,5,0.2819856467928434
40,SC-STATE_ART,1331748997124534274,6,2,0.04266400795091706
40,SC-STATE_ART,1365113385658970113,7,2,-0.018059530576186728
40,SC-STATE_ART,1355167587638906880,8,2,-0.08137949488613379
40,SC-STATE_ART,1350483251291451392,9,5,-0.14289182958675023
40,SC-STATE_ART,1366167129754537984,10,2,-0.16121432575915334
41,SC-STATE_ART,1362083047785439239,1,4,1.9782493142553246
41,SC-STATE_ART,1337020338916499463,2,1,1.7528845407177986
41,SC-STATE_ART,1337022746824499203,3,2,1.522513486320188
41,SC-STATE_ART,1337021907464499204,4,1,1.0137618845538725
41,SC-STATE_ART,1294010972055592962,5,1,0.2819856467928434
41,SC-STATE_ART,1331748997124534274,6,3,0.04266400795091706
41,SC-STATE_ART,1334726779903168512,7,1,0.010746085475311733
41,SC-STATE_ART,1317842770816602114,8,4,-0.012647848419380605
41,SC-STATE_ART,1355167587638906880,9,2,-0.08137949488613379
41,SC-STATE_ART,1354545532044075013,10,4,-0.11405258037001766
42,SC-STATE_ART,1364666742916583427,1,5,-0.13030259051523496
42,SC-STATE_ART,1367521202042933249,2,5,-0.15300631426322778
42,SC-STATE_ART,1367300793485828097,3,1,-0.15860056222685429
42,SC-STATE_ART,1248277743118086144,4,2,-0.16153625806373478
42,SC-STATE_ART,1366443197166096385,5,5,-0.1624720926413561
42,SC-STATE_ART,1248251408333172738,6,2,-0.16255368357427188
42,SC-STATE_ART,1368080635655450627,7,5,-0.16262587900697406
42,SC-STATE_ART,1369075493753020420,8,2,-0.16268443983927036
42,SC-STATE_ART,1369075561981566976,9,2,-0.16275602801691258
42,SC-STATE_ART,1369169111478005763,10,2,-0.163016326348334
43,SC-STATE_ART,1362083047785439239,1,5,1.9782493142553246
43,SC-STATE_ART,1337020338916499463,2,5,1.7528845407177986
43,SC-STATE_ART,1337022746824499203,3,5,1.522513486320188
43,SC-STATE_ART,1337021907464499204,4,5,1.0137618845538725
43,SC-STATE_ART,1294010972055592962,5,5,0.2819856467928434
43,SC-STATE_ART,1331748997124534274,6,5,0.04266400795091706
43,SC-STATE_ART,1334726779903168512,7,5,0.010746085475311733
43,SC-STATE_ART,1355167587638906880,8,5,-0.08137949488613379
43,SC-STATE_ART,1368245651046207493,9,5,-0.11587668525816505
43,SC-STATE_ART,1350483251291451392,10,5,-0.14289182958675023
44,SC-STATE_ART,1317842770816602114,1,5,-0.012647848419380605
44,SC-STATE_ART,1344689933978656771,2,5,-0.12690558993515466
44,SC-STATE_ART,1283912982200631298,3,5,-0.1507222759617388
44,SC-STATE_ART,1369441796925886465,4,5,-0.15743537047928802
44,SC-STATE_ART,1369375444793954323,5,5,-0.158221370759571
44,SC-STATE_ART,1318667750408036352,6,5,-0.15914967195903287
44,SC-STATE_ART,1369048387815899139,7,5,-0.15929802066937204
44,SC-STATE_ART,1369400194513723396,8,5,-0.16003039471600533
44,SC-STATE_ART,1369355243406954501,9,5,-0.16119039123784681
44,SC-STATE_ART,1354118501653483523,10,4,-0.1626934571397117
45,SC-STATE_ART,1327954760251662337,1,5,0.0859501262056396
45,SC-STATE_ART,1368909409775149064,2,4,-0.12097280555960736
45,SC-STATE_ART,1367462925250818061,3,4,-0.1561974805081122
45,SC-STATE_ART,1241401189721350145,4,3,-0.15842157315882005
45,SC-STATE_ART,1303249708169613313,5,5,-0.16019305083330923
45,SC-STATE_ART,1368932010971004931,6,5,-0.1613441685603854
45,SC-STATE_ART,1362360519626227713,7,4,-0.16231660382773694
45,SC-STATE_ART,1324374402750767104,8,5,-0.16264838872816453
45,SC-STATE_ART,1242106541999783936,9,4,-0.16309873847725326
45,SC-STATE_ART,1308393354120421376,10,5,-0.16311300498081588
46,SC-STATE_ART,1369441796925886465,1,5,-0.15743537047928802
46,SC-STATE_ART,1369375444793954323,2,5,-0.158221370759571
46,SC-STATE_ART,1369048387815899139,3,4,-0.15929802066937204
46,SC-STATE_ART,1369400194513723396,4,5,-0.16003039471600533
46,SC-STATE_ART,1369355243406954501,5,2,-0.16119039123784681
46,SC-STATE_ART,1369326799709212680,6,5,-0.16154612761383313
46,SC-STATE_ART,1362776603047165957,7,5,-0.1616210752921332
46,SC-STATE_ART,1369311531360518146,8,5,-0.16217802858925454
46,SC-STATE_ART,1369298875719311360,9,5,-0.1624780879287033
46,SC-STATE_ART,1369405604595400711,10,5,-0.16259998657761504
47,SC-STATE_ART,1362083047785439239,1,5,1.9782493142553246
47,SC-STATE_ART,1337020338916499463,2,5,1.7528845407177986
47,SC-STATE_ART,1337021907464499204,3,5,1.0137618845538725
47,SC-STATE_ART,1294010972055592962,4,5,0.2819856467928434
47,SC-STATE_ART,1331748997124534274,5,5,0.04266400795091706
47,SC-STATE_ART,1355167587638906880,6,1,-0.08137949488613379
47,SC-STATE_ART,1368932010971004931,7,5,-0.1613441685603854
47,SC-STATE_ART,1369311531360518146,8,5,-0.16217802858925454
47,SC-STATE_ART,1369298875719311360,9,5,-0.1624780879287033
47,SC-STATE_ART,1369405604595400711,10,5,-0.16259998657761504
48,SC-STATE_ART,1322257618178609153,1,4,-0.07952053956161123
48,SC-STATE_ART,1325738196374876161,2,5,-0.15530652962393923
48,SC-STATE_ART,1369375444793954323,3,5,-0.158221370759571
48,SC-STATE_ART,1322257265496334336,4,5,-0.16136645088243978
48,SC-STATE_ART,1368610152081985537,5,4,-0.16152954702608616
48,SC-STATE_ART,1369054744786989056,6,4,-0.1617422157751127
48,SC-STATE_ART,1369311531360518146,7,5,-0.16217802858925454
48,SC-STATE_ART,1369405604595400711,8,5,-0.16259998657761504
48,SC-STATE_ART,1294355303329341442,9,5,-0.1626394599575682
48,SC-STATE_ART,1369297616245231638,10,4,-0.16287743470709765
49,SC-STATE_ART,1322257618178609153,1,2,-0.07952053956161123
49,SC-STATE_ART,1325738196374876161,2,1,-0.15530652962393923
49,SC-STATE_ART,1303249708169613313,3,2,-0.16019305083330923
49,SC-STATE_ART,1368932010971004931,4,5,-0.1613441685603854
49,SC-STATE_ART,1322257265496334336,5,3,-0.16136645088243978
49,SC-STATE_ART,1368610152081985537,6,5,-0.16152954702608616
49,SC-STATE_ART,1369054744786989056,7,5,-0.1617422157751127
49,SC-STATE_ART,1294355303329341442,8,5,-0.1626394599575682
49,SC-STATE_ART,1368271872002035713,9,5,-0.16277895100296028
49,SC-STATE_ART,1369297616245231638,10,5,-0.16287743470709765
50,SC-STATE_ART,1317842770816602114,1,5,-0.012647848419380605
50,SC-STATE_ART,1368909409775149064,2,5,-0.12097280555960736
50,SC-STATE_ART,1344689933978656771,3,5,-0.12690558993515466
50,SC-STATE_ART,1367462925250818061,4,5,-0.1561974805081122
50,SC-STATE_ART,1369441796925886465,5,5,-0.15743537047928802
50,SC-STATE_ART,1369375444793954323,6,4,-0.158221370759571
50,SC-STATE_ART,1369048387815899139,7,5,-0.15929802066937204
50,SC-STATE_ART,1369400194513723396,8,4,-0.16003039471600533
50,SC-STATE_ART,1368932010971004931,9,5,-0.1613441685603854
50,SC-STATE_ART,1354118501653483523,10,4,-0.1626934571397117
51,SC-STATE_ART,1317842770816602114,1,5,-0.012647848419380605
51,SC-STATE_ART,1354545532044075013,2,1,-0.11405258037001766
51,SC-STATE_ART,1344689933978656771,3,1,-0.12690558993515466
51,SC-STATE_ART,1364666742916583427,4,5,-0.13030259051523496
51,SC-STATE_ART,1367521202042933249,5,5,-0.15300631426322778
51,SC-STATE_ART,1367300793485828097,6,1,-0.15860056222685429
51,SC-STATE_ART,1367237010608431106,7,5,-0.16228613794792768
51,SC-STATE_ART,1366443197166096385,8,5,-0.1624720926413561
51,SC-STATE_ART,1369075493753020420,9,2,-0.16268443983927036
51,SC-STATE_ART,1369075561981566976,10,2,-0.16275602801691258
53,SC-STATE_ART,1354545532044075013,1,1,-0.11405258037001766
53,SC-STATE_ART,1364666742916583427,2,1,-0.13030259051523496
53,SC-STATE_ART,1369325020258983936,3,2,-0.1384317847683292
53,SC-STATE_ART,1365315820080009221,4,2,-0.1405406542759533
53,SC-STATE_ART,1367521202042933249,5,1,-0.15300631426322778
53,SC-STATE_ART,1367300793485828097,6,1,-0.15860056222685429
53,SC-STATE_ART,1367237010608431106,7,1,-0.16228613794792768
53,SC-STATE_ART,1366443197166096385,8,1,-0.1624720926413561
53,SC-STATE_ART,1369075493753020420,9,4,-0.16268443983927036
53,SC-STATE_ART,1369075561981566976,10,4,-0.16275602801691258
54,SC-STATE_ART,1317842770816602114,1,5,-0.012647848419380605
54,SC-STATE_ART,1354545532044075013,2,3,-0.11405258037001766
54,SC-STATE_ART,1344689933978656771,3,4,-0.12690558993515466
54,SC-STATE_ART,1364666742916583427,4,3,-0.13030259051523496
54,SC-STATE_ART,1367521202042933249,5,5,-0.15300631426322778
54,SC-STATE_ART,1367300793485828097,6,3,-0.15860056222685429
54,SC-STATE_ART,1367237010608431106,7,3,-0.16228613794792768
54,SC-STATE_ART,1366443197166096385,8,5,-0.1624720926413561
54,SC-STATE_ART,1369075493753020420,9,3,-0.16268443983927036
54,SC-STATE_ART,1369075561981566976,10,3,-0.16275602801691258
55,SC-STATE_ART,1322257618178609153,1,5,-0.07952053956161123
55,SC-STATE_ART,1368245651046207493,2,4,-0.11587668525816505
55,SC-STATE_ART,1325738196374876161,3,4,-0.15530652962393923
55,SC-STATE_ART,1368932010971004931,4,5,-0.1613441685603854
55,SC-STATE_ART,1322257265496334336,5,4,-0.16136645088243978
55,SC-STATE_ART,1368610152081985537,6,4,-0.16152954702608616
55,SC-STATE_ART,1369054744786989056,7,4,-0.1617422157751127
55,SC-STATE_ART,1294355303329341442,8,4,-0.1626394599575682
55,SC-STATE_ART,1368271872002035713,9,4,-0.16277895100296028
55,SC-STATE_ART,1369297616245231638,10,4,-0.16287743470709765
57,SC-STATE_ART,1286599815967776768,1,5,0.01842575958405447
57,SC-STATE_ART,1351483359244005376,2,5,-0.1462491653205881
57,SC-STATE_ART,1300884239626522624,3,5,-0.14794582275030602
57,SC-STATE_ART,1369441796925886465,4,5,-0.15743537047928802
57,SC-STATE_ART,1369375444793954323,5,5,-0.158221370759571
57,SC-STATE_ART,1369400194513723396,6,5,-0.16003039471600533
57,SC-STATE_ART,1369326799709212680,7,5,-0.16154612761383313
57,SC-STATE_ART,1369311531360518146,8,5,-0.16217802858925454
57,SC-STATE_ART,1369298875719311360,9,5,-0.1624780879287033
57,SC-STATE_ART,1369405604595400711,10,5,-0.16259998657761504
58,SC-STATE_ART,1364666742916583427,1,5,-0.13030259051523496
58,SC-STATE_ART,1367521202042933249,2,5,-0.15300631426322778
58,SC-STATE_ART,1367300793485828097,3,5,-0.15860056222685429
58,SC-STATE_ART,1362776603047165957,4,5,-0.1616210752921332
58,SC-STATE_ART,1349377838722519040,5,5,-0.1617505457339032
58,SC-STATE_ART,1349380288783253504,6,5,-0.1619251796950947
58,SC-STATE_ART,1367237010608431106,7,5,-0.16228613794792768
58,SC-STATE_ART,1366443197166096385,8,5,-0.1624720926413561
58,SC-STATE_ART,1369075493753020420,9,5,-0.16268443983927036
58,SC-STATE_ART,1369075561981566976,10,5,-0.16275602801691258
59,SC-STATE_ART,1317842770816602114,1,5,-0.012647848419380605
59,SC-STATE_ART,1354545532044075013,2,5,-0.11405258037001766
59,SC-STATE_ART,1344689933978656771,3,5,-0.12690558993515466
59,SC-STATE_ART,1364666742916583427,4,5,-0.13030259051523496
59,SC-STATE_ART,1367521202042933249,5,5,-0.15300631426322778
59,SC-STATE_ART,1367300793485828097,6,5,-0.15860056222685429
59,SC-STATE_ART,1367237010608431106,7,5,-0.16228613794792768
59,SC-STATE_ART,1366443197166096385,8,5,-0.1624720926413561
59,SC-STATE_ART,1369075493753020420,9,5,-0.16268443983927036
59,SC-STATE_ART,1369075561981566976,10,5,-0.16275602801691258
60,SC-STATE_ART,1317842770816602114,1,5,-0.012647848419380605
60,SC-STATE_ART,1354545532044075013,2,5,-0.11405258037001766
60,SC-STATE_ART,1344689933978656771,3,5,-0.12690558993515466
60,SC-STATE_ART,1364666742916583427,4,5,-0.13030259051523496
60,SC-STATE_ART,1367521202042933249,5,5,-0.15300631426322778
60,SC-STATE_ART,1367300793485828097,6,5,-0.15860056222685429
60,SC-STATE_ART,1367237010608431106,7,5,-0.16228613794792768
60,SC-STATE_ART,1366443197166096385,8,5,-0.1624720926413561
60,SC-STATE_ART,1369075493753020420,9,5,-0.16268443983927036
60,SC-STATE_ART,1369075561981566976,10,5,-0.16275602801691258
61,SC-STATE_ART,1317842770816602114,1,5,-0.012647848419380605
61,SC-STATE_ART,1354545532044075013,2,4,-0.11405258037001766
61,SC-STATE_ART,1344689933978656771,3,4,-0.12690558993515466
61,SC-STATE_ART,1367947939579006979,4,4,-0.16007096412379945
61,SC-STATE_ART,1248277743118086144,5,3,-0.16153625806373478
61,SC-STATE_ART,1242251884007534592,6,4,-0.16193559736881177
61,SC-STATE_ART,1367946026674352134,7,5,-0.16240198778797424
61,SC-STATE_ART,1248251408333172738,8,4,-0.16255368357427188
61,SC-STATE_ART,1368080635655450627,9,4,-0.16262587900697406
61,SC-STATE_ART,1369169111478005763,10,4,-0.163016326348334
62,SC-STATE_ART,1362083047785439239,1,3,1.9782493142553246
62,SC-STATE_ART,1337020338916499463,2,3,1.7528845407177986
62,SC-STATE_ART,1337022746824499203,3,3,1.522513486320188
62,SC-STATE_ART,1337021907464499204,4,3,1.0137618845538725
62,SC-STATE_ART,1294010972055592962,5,3,0.2819856467928434
62,SC-STATE_ART,1331748997124534274,6,3,0.04266400795091706
62,SC-STATE_ART,1355167587638906880,7,3,-0.08137949488613379
62,SC-STATE_ART,1354545532044075013,8,3,-0.11405258037001766
62,SC-STATE_ART,1369325020258983936,9,4,-0.1384317847683292
62,SC-STATE_ART,1365315820080009221,10,3,-0.1405406542759533
63,SC-STATE_ART,1362074171832958980,1,4,-0.14544836800752695
63,SC-STATE_ART,1369441796925886465,2,4,-0.15743537047928802
63,SC-STATE_ART,1369441796925886465,3,5,-0.15743537047928802
63,SC-STATE_ART,1369375444793954323,4,4,-0.158221370759571
63,SC-STATE_ART,1369375444793954323,5,5,-0.158221370759571
63,SC-STATE_ART,1362085735063572482,6,5,-0.15868617340593824
63,SC-STATE_ART,1369048387815899139,7,5,-0.15929802066937204
63,SC-STATE_ART,1369048387815899139,8,5,-0.15929802066937204
63,SC-STATE_ART,1359577321695547392,9,5,-0.1599066147603767
63,SC-STATE_ART,1369400194513723396,10,5,-0.16003039471600533
66,SC-STATE_ART,1365113385658970113,1,5,-0.018059530576186728
66,SC-STATE_ART,1317810926133874689,2,5,-0.12918411232001803
66,SC-STATE_ART,1344784297316786177,3,5,-0.1466207283219629
66,SC-STATE_ART,1283912982200631298,4,5,-0.1507222759617388
66,SC-STATE_ART,1318667750408036352,5,5,-0.15914967195903287
66,SC-STATE_ART,1340975456644939777,6,5,-0.16071176551127495
66,SC-STATE_ART,1366167129754537984,7,2,-0.16121432575915334
66,SC-STATE_ART,1354565152939544576,8,5,-0.1617418991725094
66,SC-STATE_ART,1349377838722519040,9,5,-0.1617505457339032
66,SC-STATE_ART,1349380288783253504,10,5,-0.1619251796950947
67,SC-STATE_ART,1362074171832958980,1,4,-0.14544836800752695
67,SC-STATE_ART,1362085735063572482,2,4,-0.15868617340593824
67,SC-STATE_ART,1359577321695547392,3,5,-0.1599066147603767
67,SC-STATE_ART,1369614175048249346,4,4,-0.16028890952435781
67,SC-STATE_ART,1369326799709212680,5,3,-0.16154612761383313
67,SC-STATE_ART,1362776603047165957,6,3,-0.1616210752921332
67,SC-STATE_ART,1369315042236174343,7,4,-0.16204525126394473
67,SC-STATE_ART,1369311531360518146,8,3,-0.16217802858925454
67,SC-STATE_ART,1369298875719311360,9,3,-0.1624780879287033
67,SC-STATE_ART,1369405604595400711,10,3,-0.16259998657761504
68,SC-STATE_ART,1364607745270423556,1,5,0.15814341714407787
68,SC-STATE_ART,1336810117057179649,2,5,-0.11385006520257479
68,SC-STATE_ART,1369325020258983936,3,5,-0.1384317847683292
68,SC-STATE_ART,1336964656792035329,4,3,-0.14023695875293207
68,SC-STATE_ART,1365315820080009221,5,5,-0.1405406542759533
68,SC-STATE_ART,1350483251291451392,6,5,-0.14289182958675023
68,SC-STATE_ART,1337318168277241857,7,3,-0.1444666671088421
68,SC-STATE_ART,1342062601535164416,8,5,-0.14950298212288118
68,SC-STATE_ART,1336059119174897665,9,5,-0.1529007931665888
68,SC-STATE_ART,1240464261366919171,10,5,-0.15332609011578746
70,SC-STATE_ART,1369441796925886465,1,5,-0.15743537047928802
70,SC-STATE_ART,1369375444793954323,2,5,-0.158221370759571
70,SC-STATE_ART,1369048387815899139,3,5,-0.15929802066937204
70,SC-STATE_ART,1369400194513723396,4,5,-0.16003039471600533
70,SC-STATE_ART,1369355243406954501,5,5,-0.16119039123784681
70,SC-STATE_ART,1362776603047165957,6,4,-0.1616210752921332
70,SC-STATE_ART,1349377838722519040,7,3,-0.1617505457339032
70,SC-STATE_ART,1354011094751260673,8,3,-0.16192064545861493
70,SC-STATE_ART,1349380288783253504,9,3,-0.1619251796950947
70,SC-STATE_ART,1353672852747284480,10,3,-0.16236036771834148
71,SC-STATE_ART,1317842770816602114,1,5,-0.012647848419380605
71,SC-STATE_ART,1336810117057179649,2,5,-0.11385006520257479
71,SC-STATE_ART,1354545532044075013,3,5,-0.11405258037001766
71,SC-STATE_ART,1344689933978656771,4,5,-0.12690558993515466
71,SC-STATE_ART,1369325020258983936,5,5,-0.1384317847683292
71,SC-STATE_ART,1336964656792035329,6,5,-0.14023695875293207
71,SC-STATE_ART,1365315820080009221,7,5,-0.1405406542759533
71,SC-STATE_ART,1337318168277241857,8,5,-0.1444666671088421
71,SC-STATE_ART,1367963978421264385,9,5,-0.16195263332605744
71,SC-STATE_ART,1365327872643260420,10,5,-0.1623579599275923
72,SC-STATE_ART,1369441796925886465,1,5,-0.15743537047928802
72,SC-STATE_ART,1369375444793954323,2,5,-0.158221370759571
72,SC-STATE_ART,1354520696358137868,3,5,-0.15862184800681206
72,SC-STATE_ART,1349377838722519040,4,5,-0.1617505457339032
72,SC-STATE_ART,1326033569555181568,5,3,-0.16176880523581905
72,SC-STATE_ART,1349380288783253504,6,5,-0.1619251796950947
72,SC-STATE_ART,1356255250680864768,7,5,-0.16199482922553396
72,SC-STATE_ART,1354807067232489475,8,5,-0.16228781583418495
72,SC-STATE_ART,1334873913210380298,9,5,-0.1623400502829117
72,SC-STATE_ART,1334130051554668547,10,5,-0.1629176563950277
73,SC-STATE_ART,1362074171832958980,1,1,-0.14544836800752695
73,SC-STATE_ART,1362085735063572482,2,1,-0.15868617340593824
73,SC-STATE_ART,1359577321695547392,3,1,-0.1599066147603767
73,SC-STATE_ART,1369614175048249346,4,4,-0.16028890952435781
73,SC-STATE_ART,1369326799709212680,5,3,-0.16154612761383313
73,SC-STATE_ART,1362776603047165957,6,4,-0.1616210752921332
73,SC-STATE_ART,1369315042236174343,7,3,-0.16204525126394473
73,SC-STATE_ART,1369311531360518146,8,4,-0.16217802858925454
73,SC-STATE_ART,1369298875719311360,9,2,-0.1624780879287033
73,SC-STATE_ART,1369405604595400711,10,4,-0.16259998657761504
74,SC-STATE_ART,1369441796925886465,1,3,-0.15743537047928802
74,SC-STATE_ART,1369375444793954323,2,2,-0.158221370759571
74,SC-STATE_ART,1369048387815899139,3,3,-0.15929802066937204
74,SC-STATE_ART,1369400194513723396,4,4,-0.16003039471600533
74,SC-STATE_ART,1369355243406954501,5,3,-0.16119039123784681
74,SC-STATE_ART,1369326799709212680,6,4,-0.16154612761383313
74,SC-STATE_ART,1362776603047165957,7,3,-0.1616210752921332
74,SC-STATE_ART,1369311531360518146,8,4,-0.16217802858925454
74,SC-STATE_ART,1369298875719311360,9,3,-0.1624780879287033
74,SC-STATE_ART,1369405604595400711,10,4,-0.16259998657761504
76,SC-STATE_ART,1273231711908872193,1,5,2.581129894904356
76,SC-STATE_ART,1362083047785439239,2,5,1.9782493142553246
76,SC-STATE_ART,1337020338916499463,3,5,1.7528845407177986
76,SC-STATE_ART,1337022746824499203,4,4,1.522513486320188
76,SC-STATE_ART,1337021907464499204,5,5,1.0137618845538725
76,SC-STATE_ART,1334711453211889665,6,5,0.4442273377518687
76,SC-STATE_ART,1294010972055592962,7,4,0.2819856467928434
76,SC-STATE_ART,1331748997124534274,8,5,0.04266400795091706
76,SC-STATE_ART,1334726779903168512,9,5,0.010746085475311733
76,SC-STATE_ART,1355167587638906880,10,5,-0.08137949488613379
77,SC-STATE_ART,1369614175048249346,1,5,-0.16028890952435781
77,SC-STATE_ART,1369326799709212680,2,4,-0.16154612761383313
77,SC-STATE_ART,1362776603047165957,3,4,-0.1616210752921332
77,SC-STATE_ART,1349377838722519040,4,4,-0.1617505457339032
77,SC-STATE_ART,1354011094751260673,5,4,-0.16192064545861493
77,SC-STATE_ART,1349380288783253504,6,5,-0.1619251796950947
77,SC-STATE_ART,1369311531360518146,7,4,-0.16217802858925454
77,SC-STATE_ART,1353672852747284480,8,5,-0.16236036771834148
77,SC-STATE_ART,1369298875719311360,9,4,-0.1624780879287033
77,SC-STATE_ART,1369405604595400711,10,5,-0.16259998657761504
78,SC-STATE_ART,1367113993815547906,1,2,-0.029761322530998134
78,SC-STATE_ART,1368245651046207493,2,3,-0.11587668525816505
78,SC-STATE_ART,1368909409775149064,3,1,-0.12097280555960736
78,SC-STATE_ART,1367462925250818061,4,1,-0.1561974805081122
78,SC-STATE_ART,1368580185642110982,5,2,-0.15695435040341854
78,SC-STATE_ART,1366499073671454725,6,2,-0.15879209205277411
78,SC-STATE_ART,1303249708169613313,7,1,-0.16019305083330923
78,SC-STATE_ART,1368932010971004931,8,2,-0.1613441685603854
78,SC-STATE_ART,1319402828285108225,9,2,-0.16190339242230234
78,SC-STATE_ART,1324374402750767104,10,1,-0.16264838872816453
79,SC-STATE_ART,1095067826061262848,1,5,6.573077989097101
79,SC-STATE_ART,1273231711908872193,2,4,2.581129894904356
79,SC-STATE_ART,1182112257708306433,3,5,-0.04383045009819281
79,SC-STATE_ART,1350483251291451392,4,5,-0.14289182958675023
79,SC-STATE_ART,1336059119174897665,5,5,-0.1529007931665888
79,SC-STATE_ART,1366561763962073092,6,5,-0.15708429440322777
79,SC-STATE_ART,1359597695548153864,7,3,-0.1601442970151674
79,SC-STATE_ART,1338584496489172992,8,4,-0.16119365438446756
79,SC-STATE_ART,1365320876510560258,9,4,-0.1618194753125917
79,SC-STATE_ART,1364683920965578753,10,4,-0.1627716157699001
81,SC-STATE_ART,1367113993815547906,1,5,-0.029761322530998134
81,SC-STATE_ART,1368909409775149064,2,5,-0.12097280555960736
81,SC-STATE_ART,1350483251291451392,3,5,-0.14289182958675023
81,SC-STATE_ART,1367462925250818061,4,5,-0.1561974805081122
81,SC-STATE_ART,1368580185642110982,5,5,-0.15695435040341854
81,SC-STATE_ART,1368649404702408707,6,5,-0.1571687686524953
81,SC-STATE_ART,1366499073671454725,7,5,-0.15879209205277411
81,SC-STATE_ART,1359597695548153864,8,5,-0.1601442970151674
81,SC-STATE_ART,1368932010971004931,9,5,-0.1613441685603854
81,SC-STATE_ART,1362776603047165957,10,5,-0.1616210752921332
1,SC-SCSA_PLUS,1336810117057179649,1,3,3686.3647174083862
1,SC-SCSA_PLUS,1317842770816602114,2,3,3318.64509220273
1,SC-SCSA_PLUS,1336964656792035329,3,2,1743.8311047117008
1,SC-SCSA_PLUS,1344689933978656771,4,5,1716.488433567864
1,SC-SCSA_PLUS,1369325020258983936,5,5,1550.8602202397292
1,SC-SCSA_PLUS,1365315820080009221,6,4,1240.7533394386414
1,SC-SCSA_PLUS,1369441796925886465,7,3,114.70384284457229
1,SC-SCSA_PLUS,1369375444793954323,8,5,78.85820860151212
1,SC-SCSA_PLUS,1369400194513723396,9,4,51.60472962258795
1,SC-SCSA_PLUS,1365327872643260420,10,1,25.38170895618625
2,SC-SCSA_PLUS,1362074171832958980,1,3,727.336261547019
2,SC-SCSA_PLUS,1362085735063572482,2,3,277.23531643963815
2,SC-SCSA_PLUS,1359577321695547392,3,3,158.6106033815568
2,SC-SCSA_PLUS,1369441796925886465,4,2,114.70384284457229
2,SC-SCSA_PLUS,1369375444793954323,5,3,78.85820860151212
2,SC-SCSA_PLUS,1369355243406954501,6,2,67.7580637806263
2,SC-SCSA_PLUS,1369400194513723396,7,4,51.60472962258795
2,SC-SCSA_PLUS,1369048387815899139,8,2,48.39079004413051
2,SC-SCSA_PLUS,1369614175048249346,9,4,34.57165971373229
2,SC-SCSA_PLUS,1362776603047165957,10,2,2.712549076935986
3,SC-SCSA_PLUS,1369325020258983936,1,3,1550.8602202397292
3,SC-SCSA_PLUS,1365315820080009221,2,4,1240.7533394386414
3,SC-SCSA_PLUS,1364666742916583427,3,3,888.2709121165096
3,SC-SCSA_PLUS,1367521202042933249,4,5,453.6071446607348
3,SC-SCSA_PLUS,1367300793485828097,5,3,83.0509232285498
3,SC-SCSA_PLUS,1303249708169613313,6,2,51.93046705675805
3,SC-SCSA_PLUS,1369075493753020420,7,2,16.52541486901971
3,SC-SCSA_PLUS,1369075561981566976,8,2,13.280018894423272
3,SC-SCSA_PLUS,1366443197166096385,9,4,11.005863335792482
3,SC-SCSA_PLUS,1367237010608431106,10,3,8.53747527434702
4,SC-SCSA_PLUS,1369441796925886465,1,3,114.70384284457229
4,SC-SCSA_PLUS,1369375444793954323,2,5,78.85820860151212
4,SC-SCSA_PLUS,1369355243406954501,3,5,67.7580637806263
4,SC-SCSA_PLUS,1369400194513723396,4,5,51.60472962258795
4,SC-SCSA_PLUS,1369048387815899139,5,5,48.39079004413051
4,SC-SCSA_PLUS,1349377838722519040,6,2,3.0935838444177484
4,SC-SCSA_PLUS,1362776603047165957,7,5,2.712549076935986
4,SC-SCSA_PLUS,1349380288783253504,8,2,1.894733759576288
4,SC-SCSA_PLUS,1354011094751260673,9,4,1.3966005589633141
4,SC-SCSA_PLUS,1353672852747284480,10,4,0.7009686540802981
5,SC-SCSA_PLUS,1362074171832958980,1,3,727.336261547019
5,SC-SCSA_PLUS,1362085735063572482,2,1,277.23531643963815
5,SC-SCSA_PLUS,1359577321695547392,3,1,158.6106033815568
5,SC-SCSA_PLUS,1369441796925886465,4,5,114.70384284457229
5,SC-SCSA_PLUS,1369375444793954323,5,5,78.85820860151212
5,SC-SCSA_PLUS,1369355243406954501,6,5,67.7580637806263
5,SC-SCSA_PLUS,1369400194513723396,7,5,51.60472962258795
5,SC-SCSA_PLUS,1369048387815899139,8,4,48.39079004413051
5,SC-SCSA_PLUS,1369614175048249346,9,4,34.57165971373229
5,SC-SCSA_PLUS,1362776603047165957,10,5,2.712549076935986
6,SC-SCSA_PLUS,1337020338916499463,1,2,91535.97878535106
6,SC-SCSA_PLUS,1362083047785439239,2,4,52420.29798354695
6,SC-SCSA_PLUS,1294010972055592962,3,3,15465.95044567157
6,SC-SCSA_PLUS,1331748997124534274,4,4,7850.610690368499
6,SC-SCSA_PLUS,1317842770816602114,5,5,3318.64509220273
6,SC-SCSA_PLUS,1355167587638906880,6,3,1838.5265555631136
6,SC-SCSA_PLUS,1344689933978656771,7,4,1716.488433567864
6,SC-SCSA_PLUS,1369298875719311360,8,5,8.565677988489155
6,SC-SCSA_PLUS,1369311531360518146,9,5,8.024867974421666
6,SC-SCSA_PLUS,1369405604595400711,10,5,5.448182073234883
7,SC-SCSA_PLUS,1336810117057179649,1,4,3686.3647174083862
7,SC-SCSA_PLUS,1368909409775149064,2,4,3451.8474217604526
7,SC-SCSA_PLUS,1336964656792035329,3,3,1743.8311047117008
7,SC-SCSA_PLUS,1369325020258983936,4,3,1550.8602202397292
7,SC-SCSA_PLUS,1365315820080009221,5,4,1240.7533394386414
7,SC-SCSA_PLUS,1367462925250818061,6,5,519.7161016849124
7,SC-SCSA_PLUS,1337318168277241857,7,3,441.4481734512268
7,SC-SCSA_PLUS,1368932010971004931,8,4,75.37529004371483
7,SC-SCSA_PLUS,1365327872643260420,9,4,25.38170895618625
7,SC-SCSA_PLUS,1362776603047165957,10,4,2.712549076935986
8,SC-SCSA_PLUS,1337020338916499463,1,4,91535.97878535106
8,SC-SCSA_PLUS,1337022746824499203,2,4,76128.00602428085
8,SC-SCSA_PLUS,1337021907464499204,3,4,67495.30843558513
8,SC-SCSA_PLUS,1362083047785439239,4,4,52420.29798354695
8,SC-SCSA_PLUS,1294010972055592962,5,4,15465.95044567157
8,SC-SCSA_PLUS,1334711453211889665,6,4,15222.608067918824
8,SC-SCSA_PLUS,1331748997124534274,7,4,7850.610690368499
8,SC-SCSA_PLUS,1334726779903168512,8,4,6028.992399246261
8,SC-SCSA_PLUS,1355167587638906880,9,4,1838.5265555631136
8,SC-SCSA_PLUS,1350483251291451392,10,5,876.7925348994657
9,SC-SCSA_PLUS,1095067826061262848,1,1,169223.15448479887
9,SC-SCSA_PLUS,1273231711908872193,2,1,78586.42708027009
9,SC-SCSA_PLUS,1182112257708306433,3,1,5531.354104341975
9,SC-SCSA_PLUS,1350483251291451392,4,5,876.7925348994657
9,SC-SCSA_PLUS,1336059119174897665,5,4,281.39043504025636
9,SC-SCSA_PLUS,1366561763962073092,6,1,196.84293256913767
9,SC-SCSA_PLUS,1359597695548153864,7,4,72.49915094434344
9,SC-SCSA_PLUS,1365320876510560258,8,4,49.32393813778372
9,SC-SCSA_PLUS,1338584496489172992,9,3,22.068570034345615
9,SC-SCSA_PLUS,1364683920965578753,10,1,1.3637345663091696
10,SC-SCSA_PLUS,1336810117057179649,1,4,3686.3647174083862
10,SC-SCSA_PLUS,1368909409775149064,2,5,3451.8474217604526
10,SC-SCSA_PLUS,1336964656792035329,3,4,1743.8311047117008
10,SC-SCSA_PLUS,1369325020258983936,4,4,1550.8602202397292
10,SC-SCSA_PLUS,1365315820080009221,5,4,1240.7533394386414
10,SC-SCSA_PLUS,1350483251291451392,6,5,876.7925348994657
10,SC-SCSA_PLUS,1367462925250818061,7,4,519.7161016849124
10,SC-SCSA_PLUS,1337318168277241857,8,3,441.4481734512268
10,SC-SCSA_PLUS,1368932010971004931,9,5,75.37529004371483
10,SC-SCSA_PLUS,1365327872643260420,10,3,25.38170895618625
11,SC-SCSA_PLUS,1337020338916499463,1,5,91535.97878535106
11,SC-SCSA_PLUS,1337020338916499463,2,3,91535.97878535106
11,SC-SCSA_PLUS,1337022746824499203,3,5,76128.00602428085
11,SC-SCSA_PLUS,1337022746824499203,4,5,76128.00602428085
11,SC-SCSA_PLUS,1337021907464499204,5,5,67495.30843558513
11,SC-SCSA_PLUS,1337021907464499204,6,5,67495.30843558513
11,SC-SCSA_PLUS,1362083047785439239,7,5,52420.29798354695
11,SC-SCSA_PLUS,1362083047785439239,8,5,52420.29798354695
11,SC-SCSA_PLUS,1294010972055592962,9,4,15465.95044567157
11,SC-SCSA_PLUS,1294010972055592962,10,5,15465.95044567157
12,SC-SCSA_PLUS,1301164188136431616,1,5,62691.53768157425
12,SC-SCSA_PLUS,1365109273240473600,2,3,15677.373189681737
12,SC-SCSA_PLUS,1361511252103729153,3,5,761.4633611773477
12,SC-SCSA_PLUS,1349749578095075328,4,5,74.967514976197
12,SC-SCSA_PLUS,1361586402484514816,5,2,44.27693205766702
12,SC-SCSA_PLUS,1361853779025403905,6,2,26.61313769887085
12,SC-SCSA_PLUS,1361857937518465025,7,5,10.514886711947327
12,SC-SCSA_PLUS,1365037827298238464,8,2,10.084598450841934
12,SC-SCSA_PLUS,1366910062711685124,9,5,1.9247046342748013
12,SC-SCSA_PLUS,1366197120064192513,10,5,1.9142808571246601
13,SC-SCSA_PLUS,1365113385658970113,1,1,12360.017547246229
13,SC-SCSA_PLUS,1336810117057179649,2,4,3686.3647174083862
13,SC-SCSA_PLUS,1336964656792035329,3,1,1743.8311047117008
13,SC-SCSA_PLUS,1369325020258983936,4,4,1550.8602202397292
13,SC-SCSA_PLUS,1365315820080009221,5,4,1240.7533394386414
13,SC-SCSA_PLUS,1337318168277241857,6,1,441.4481734512268
13,SC-SCSA_PLUS,1366167129754537984,7,2,51.51175664755724
13,SC-SCSA_PLUS,1365327872643260420,8,1,25.38170895618625
13,SC-SCSA_PLUS,1363551492486008834,9,1,6.980876106179094
13,SC-SCSA_PLUS,1362776603047165957,10,2,2.712549076935986
15,SC-SCSA_PLUS,1301164188136431616,1,3,62691.53768157425
15,SC-SCSA_PLUS,1365109273240473600,2,3,15677.373189681737
15,SC-SCSA_PLUS,1365113385658970113,3,3,12360.017547246229
15,SC-SCSA_PLUS,1366121589478154243,4,4,6064.531891634113
15,SC-SCSA_PLUS,1361511252103729153,5,5,761.4633611773477
15,SC-SCSA_PLUS,1349749578095075328,6,3,74.967514976197
15,SC-SCSA_PLUS,1366167129754537984,7,4,51.51175664755724
15,SC-SCSA_PLUS,1361586402484514816,8,3,44.27693205766702
15,SC-SCSA_PLUS,1361853779025403905,9,5,26.61313769887085
15,SC-SCSA_PLUS,1361857937518465025,10,3,10.514886711947327
16,SC-SCSA_PLUS,1367113993815547906,1,4,5552.706194610533
16,SC-SCSA_PLUS,1368909409775149064,2,2,3451.8474217604526
16,SC-SCSA_PLUS,1368245651046207493,3,5,1929.9246528782753
16,SC-SCSA_PLUS,1367462925250818061,4,1,519.7161016849124
16,SC-SCSA_PLUS,1368580185642110982,5,5,378.5396111747708
16,SC-SCSA_PLUS,1366499073671454725,6,2,205.3484228262181
16,SC-SCSA_PLUS,1368932010971004931,7,1,75.37529004371483
16,SC-SCSA_PLUS,1303249708169613313,8,1,51.93046705675805
16,SC-SCSA_PLUS,1319402828285108225,9,1,16.122108890946482
16,SC-SCSA_PLUS,1324374402750767104,10,1,9.61752966074838
17,SC-SCSA_PLUS,1365113385658970113,1,1,12360.017547246229
17,SC-SCSA_PLUS,1336810117057179649,2,2,3686.3647174083862
17,SC-SCSA_PLUS,1336964656792035329,3,2,1743.8311047117008
17,SC-SCSA_PLUS,1369325020258983936,4,2,1550.8602202397292
17,SC-SCSA_PLUS,1365315820080009221,5,2,1240.7533394386414
17,SC-SCSA_PLUS,1337318168277241857,6,2,441.4481734512268
17,SC-SCSA_PLUS,1344784297316786177,7,5,434.0771927893748
17,SC-SCSA_PLUS,1366167129754537984,8,1,51.51175664755724
17,SC-SCSA_PLUS,1365327872643260420,9,2,25.38170895618625
17,SC-SCSA_PLUS,1363551492486008834,10,2,6.980876106179094
18,SC-SCSA_PLUS,1273231711908872193,1,3,78586.42708027009
18,SC-SCSA_PLUS,1301164188136431616,2,3,62691.53768157425
18,SC-SCSA_PLUS,1365109273240473600,3,1,15677.373189681737
18,SC-SCSA_PLUS,1366121589478154243,4,2,6064.531891634113
18,SC-SCSA_PLUS,1344689933978656771,5,3,1716.488433567864
18,SC-SCSA_PLUS,1361511252103729153,6,1,761.4633611773477
18,SC-SCSA_PLUS,1349749578095075328,7,1,74.967514976197
18,SC-SCSA_PLUS,1361586402484514816,8,1,44.27693205766702
18,SC-SCSA_PLUS,1361853779025403905,9,1,26.61313769887085
18,SC-SCSA_PLUS,1361857937518465025,10,1,10.514886711947327
19,SC-SCSA_PLUS,1369441796925886465,1,4,114.70384284457229
19,SC-SCSA_PLUS,1369375444793954323,2,4,78.85820860151212
19,SC-SCSA_PLUS,1369400194513723396,3,4,51.60472962258795
19,SC-SCSA_PLUS,1369048387815899139,4,3,48.39079004413051
19,SC-SCSA_PLUS,1369298875719311360,5,4,8.565677988489155
19,SC-SCSA_PLUS,1369311531360518146,6,4,8.024867974421666
19,SC-SCSA_PLUS,1369326799709212680,7,4,7.10694763594484
19,SC-SCSA_PLUS,1369405604595400711,8,4,5.448182073234883
19,SC-SCSA_PLUS,1349377838722519040,9,4,3.0935838444177484
19,SC-SCSA_PLUS,1349380288783253504,10,4,1.894733759576288
20,SC-SCSA_PLUS,1367113993815547906,1,4,5552.706194610533
20,SC-SCSA_PLUS,1368909409775149064,2,3,3451.8474217604526
20,SC-SCSA_PLUS,1317842770816602114,3,3,3318.64509220273
20,SC-SCSA_PLUS,1344689933978656771,4,2,1716.488433567864
20,SC-SCSA_PLUS,1367462925250818061,5,1,519.7161016849124
20,SC-SCSA_PLUS,1368580185642110982,6,1,378.5396111747708
20,SC-SCSA_PLUS,1366499073671454725,7,3,205.3484228262181
20,SC-SCSA_PLUS,1368932010971004931,8,2,75.37529004371483
20,SC-SCSA_PLUS,1354118501653483523,9,1,5.85108584567089
20,SC-SCSA_PLUS,1362776603047165957,10,5,2.712549076935986
21,SC-SCSA_PLUS,1317842770816602114,1,5,3318.64509220273
21,SC-SCSA_PLUS,1344689933978656771,2,2,1716.488433567864
21,SC-SCSA_PLUS,1369325020258983936,3,2,1550.8602202397292
21,SC-SCSA_PLUS,1365315820080009221,4,2,1240.7533394386414
21,SC-SCSA_PLUS,1364666742916583427,5,3,888.2709121165096
21,SC-SCSA_PLUS,1367521202042933249,6,5,453.6071446607348
21,SC-SCSA_PLUS,1367300793485828097,7,5,83.0509232285498
21,SC-SCSA_PLUS,1369075493753020420,8,4,16.52541486901971
21,SC-SCSA_PLUS,1369075561981566976,9,4,13.280018894423272
21,SC-SCSA_PLUS,1366443197166096385,10,1,11.005863335792482
22,SC-SCSA_PLUS,1364666742916583427,1,3,888.2709121165096
22,SC-SCSA_PLUS,1368641210533830657,2,5,554.9841532599067
22,SC-SCSA_PLUS,1367521202042933249,3,5,453.6071446607348
22,SC-SCSA_PLUS,1367300793485828097,4,3,83.0509232285498
22,SC-SCSA_PLUS,1369375444793954323,5,5,78.85820860151212
22,SC-SCSA_PLUS,1369075493753020420,6,5,16.52541486901971
22,SC-SCSA_PLUS,1369075561981566976,7,5,13.280018894423272
22,SC-SCSA_PLUS,1366443197166096385,8,2,11.005863335792482
22,SC-SCSA_PLUS,1367237010608431106,9,3,8.53747527434702
22,SC-SCSA_PLUS,1362776603047165957,10,3,2.712549076935986
23,SC-SCSA_PLUS,1337020338916499463,1,3,91535.97878535106
23,SC-SCSA_PLUS,1337022746824499203,2,3,76128.00602428085
23,SC-SCSA_PLUS,1337021907464499204,3,3,67495.30843558513
23,SC-SCSA_PLUS,1362083047785439239,4,3,52420.29798354695
23,SC-SCSA_PLUS,1294010972055592962,5,3,15465.95044567157
23,SC-SCSA_PLUS,1334711453211889665,6,3,15222.608067918824
23,SC-SCSA_PLUS,1331748997124534274,7,3,7850.610690368499
23,SC-SCSA_PLUS,1334726779903168512,8,3,6028.992399246261
23,SC-SCSA_PLUS,1355167587638906880,9,3,1838.5265555631136
23,SC-SCSA_PLUS,1350483251291451392,10,5,876.7925348994657
24,SC-SCSA_PLUS,1364607745270423556,1,4,14565.146750784681
24,SC-SCSA_PLUS,1336810117057179649,2,2,3686.3647174083862
24,SC-SCSA_PLUS,1336964656792035329,3,2,1743.8311047117008
24,SC-SCSA_PLUS,1369325020258983936,4,5,1550.8602202397292
24,SC-SCSA_PLUS,1365315820080009221,5,4,1240.7533394386414
24,SC-SCSA_PLUS,1337318168277241857,6,3,441.4481734512268
24,SC-SCSA_PLUS,1346517996760666117,7,5,109.49283332257392
24,SC-SCSA_PLUS,1365327872643260420,8,4,25.38170895618625
24,SC-SCSA_PLUS,1363551492486008834,9,4,6.980876106179094
24,SC-SCSA_PLUS,1362776603047165957,10,5,2.712549076935986
25,SC-SCSA_PLUS,1369441796925886465,1,5,114.70384284457229
25,SC-SCSA_PLUS,1369375444793954323,2,5,78.85820860151212
25,SC-SCSA_PLUS,1369355243406954501,3,5,67.7580637806263
25,SC-SCSA_PLUS,1369400194513723396,4,5,51.60472962258795
25,SC-SCSA_PLUS,1369048387815899139,5,5,48.39079004413051
25,SC-SCSA_PLUS,1349377838722519040,6,1,3.0935838444177484
25,SC-SCSA_PLUS,1362776603047165957,7,5,2.712549076935986
25,SC-SCSA_PLUS,1349380288783253504,8,1,1.894733759576288
25,SC-SCSA_PLUS,1354011094751260673,9,4,1.3966005589633141
25,SC-SCSA_PLUS,1353672852747284480,10,4,0.7009686540802981
26,SC-SCSA_PLUS,1350483251291451392,1,4,876.7925348994657
26,SC-SCSA_PLUS,1342062601535164416,2,3,470.4943430769807
26,SC-SCSA_PLUS,1336059119174897665,3,3,281.39043504025636
26,SC-SCSA_PLUS,1359597695548153864,4,4,72.49915094434344
26,SC-SCSA_PLUS,1369614175048249346,5,4,34.57165971373229
26,SC-SCSA_PLUS,1349377838722519040,6,4,3.0935838444177484
26,SC-SCSA_PLUS,1362776603047165957,7,4,2.712549076935986
26,SC-SCSA_PLUS,1349380288783253504,8,4,1.894733759576288
26,SC-SCSA_PLUS,1354011094751260673,9,4,1.3966005589633141
26,SC-SCSA_PLUS,1353672852747284480,10,3,0.7009686540802981
27,SC-SCSA_PLUS,1369441796925886465,1,5,114.70384284457229
27,SC-SCSA_PLUS,1369375444793954323,2,5,78.85820860151212
27,SC-SCSA_PLUS,1369355243406954501,3,5,67.7580637806263
27,SC-SCSA_PLUS,1369400194513723396,4,5,51.60472962258795
27,SC-SCSA_PLUS,1369048387815899139,5,4,48.39079004413051
27,SC-SCSA_PLUS,1349377838722519040,6,5,3.0935838444177484
27,SC-SCSA_PLUS,1362776603047165957,7,5,2.712549076935986
27,SC-SCSA_PLUS,1349380288783253504,8,5,1.894733759576288
27,SC-SCSA_PLUS,1354011094751260673,9,5,1.3966005589633141
27,SC-SCSA_PLUS,1353672852747284480,10,3,0.7009686540802981
28,SC-SCSA_PLUS,1336810117057179649,1,3,3686.3647174083862
28,SC-SCSA_PLUS,1317842770816602114,2,3,3318.64509220273
28,SC-SCSA_PLUS,1336964656792035329,3,1,1743.8311047117008
28,SC-SCSA_PLUS,1344689933978656771,4,1,1716.488433567864
28,SC-SCSA_PLUS,1369325020258983936,5,1,1550.8602202397292
28,SC-SCSA_PLUS,1365315820080009221,6,1,1240.7533394386414
28,SC-SCSA_PLUS,1350483251291451392,7,5,876.7925348994657
28,SC-SCSA_PLUS,1337318168277241857,8,1,441.4481734512268
28,SC-SCSA_PLUS,1365327872643260420,9,1,25.38170895618625
28,SC-SCSA_PLUS,1354118501653483523,10,1,5.85108584567089
29,SC-SCSA_PLUS,1337020338916499463,1,3,91535.97878535106
29,SC-SCSA_PLUS,1362083047785439239,2,5,52420.29798354695
29,SC-SCSA_PLUS,1364666742916583427,3,5,888.2709121165096
29,SC-SCSA_PLUS,1367521202042933249,4,4,453.6071446607348
29,SC-SCSA_PLUS,1367300793485828097,5,4,83.0509232285498
29,SC-SCSA_PLUS,1369075493753020420,6,5,16.52541486901971
29,SC-SCSA_PLUS,1369075561981566976,7,5,13.280018894423272
29,SC-SCSA_PLUS,1248277743118086144,8,3,4.1752161577638045
29,SC-SCSA_PLUS,1248251408333172738,9,3,2.3818081997185425
29,SC-SCSA_PLUS,1369169111478005763,10,3,1.6441201258852893
30,SC-SCSA_PLUS,1364666742916583427,1,3,888.2709121165096
30,SC-SCSA_PLUS,1368641210533830657,2,4,554.9841532599067
30,SC-SCSA_PLUS,1367521202042933249,3,4,453.6071446607348
30,SC-SCSA_PLUS,1367300793485828097,4,3,83.0509232285498
30,SC-SCSA_PLUS,1369075493753020420,5,4,16.52541486901971
30,SC-SCSA_PLUS,1369075561981566976,6,4,13.280018894423272
30,SC-SCSA_PLUS,1366443197166096385,7,2,11.005863335792482
30,SC-SCSA_PLUS,1367237010608431106,8,2,8.53747527434702
30,SC-SCSA_PLUS,1369034842222985216,9,4,6.138694784760325
30,SC-SCSA_PLUS,1362776603047165957,10,4,2.712549076935986
31,SC-SCSA_PLUS,1336810117057179649,1,4,3686.3647174083862
31,SC-SCSA_PLUS,1336964656792035329,2,3,1743.8311047117008
31,SC-SCSA_PLUS,1369325020258983936,3,3,1550.8602202397292
31,SC-SCSA_PLUS,1365315820080009221,4,4,1240.7533394386414
31,SC-SCSA_PLUS,1337318168277241857,5,5,441.4481734512268
31,SC-SCSA_PLUS,1283912982200631298,6,3,376.88316788238495
31,SC-SCSA_PLUS,1318667750408036352,7,2,104.90475923348032
31,SC-SCSA_PLUS,1365327872643260420,8,3,25.38170895618625
31,SC-SCSA_PLUS,1363551492486008834,9,2,6.980876106179094
31,SC-SCSA_PLUS,1362776603047165957,10,5,2.712549076935986
32,SC-SCSA_PLUS,1362074171832958980,1,1,727.336261547019
32,SC-SCSA_PLUS,1362085735063572482,2,2,277.23531643963815
32,SC-SCSA_PLUS,1359577321695547392,3,1,158.6106033815568
32,SC-SCSA_PLUS,1369441796925886465,4,2,114.70384284457229
32,SC-SCSA_PLUS,1369375444793954323,5,3,78.85820860151212
32,SC-SCSA_PLUS,1369355243406954501,6,1,67.7580637806263
32,SC-SCSA_PLUS,1369400194513723396,7,2,51.60472962258795
32,SC-SCSA_PLUS,1369048387815899139,8,2,48.39079004413051
32,SC-SCSA_PLUS,1369614175048249346,9,3,34.57165971373229
32,SC-SCSA_PLUS,1362776603047165957,10,2,2.712549076935986
33,SC-SCSA_PLUS,1369441796925886465,1,4,114.70384284457229
33,SC-SCSA_PLUS,1369375444793954323,2,4,78.85820860151212
33,SC-SCSA_PLUS,1369355243406954501,3,3,67.7580637806263
33,SC-SCSA_PLUS,1369400194513723396,4,4,51.60472962258795
33,SC-SCSA_PLUS,1369048387815899139,5,4,48.39079004413051
33,SC-SCSA_PLUS,1369298875719311360,6,4,8.565677988489155
33,SC-SCSA_PLUS,1369311531360518146,7,4,8.024867974421666
33,SC-SCSA_PLUS,1369326799709212680,8,2,7.10694763594484
33,SC-SCSA_PLUS,1369405604595400711,9,4,5.448182073234883
33,SC-SCSA_PLUS,1362776603047165957,10,3,2.712549076935986
34,SC-SCSA_PLUS,1369441796925886465,1,4,114.70384284457229
34,SC-SCSA_PLUS,1369375444793954323,2,2,78.85820860151212
34,SC-SCSA_PLUS,1369355243406954501,3,3,67.7580637806263
34,SC-SCSA_PLUS,1369400194513723396,4,1,51.60472962258795
34,SC-SCSA_PLUS,1369048387815899139,5,3,48.39079004413051
34,SC-SCSA_PLUS,1369298875719311360,6,4,8.565677988489155
34,SC-SCSA_PLUS,1369311531360518146,7,3,8.024867974421666
34,SC-SCSA_PLUS,1369326799709212680,8,3,7.10694763594484
34,SC-SCSA_PLUS,1369405604595400711,9,3,5.448182073234883
34,SC-SCSA_PLUS,1362776603047165957,10,2,2.712549076935986
35,SC-SCSA_PLUS,1151605021345083392,1,4,3392.806525735454
35,SC-SCSA_PLUS,1317842770816602114,2,2,3318.64509220273
35,SC-SCSA_PLUS,1344689933978656771,3,1,1716.488433567864
35,SC-SCSA_PLUS,1265629710941388800,4,1,885.871768069754
35,SC-SCSA_PLUS,1361046993158692866,5,2,639.37346563021
35,SC-SCSA_PLUS,1357381035852521474,6,1,49.64918586027349
35,SC-SCSA_PLUS,1354118501653483523,7,1,5.85108584567089
35,SC-SCSA_PLUS,1349377838722519040,8,3,3.0935838444177484
35,SC-SCSA_PLUS,1362776603047165957,9,3,2.712549076935986
35,SC-SCSA_PLUS,1349380288783253504,10,3,1.894733759576288
36,SC-SCSA_PLUS,1095067826061262848,1,4,169223.15448479887
36,SC-SCSA_PLUS,1273231711908872193,2,4,78586.42708027009
36,SC-SCSA_PLUS,1182112257708306433,3,4,5531.354104341975
36,SC-SCSA_PLUS,1317842770816602114,4,5,3318.64509220273
36,SC-SCSA_PLUS,1344689933978656771,5,5,1716.488433567864
36,SC-SCSA_PLUS,1369325020258983936,6,5,1550.8602202397292
36,SC-SCSA_PLUS,1365315820080009221,7,5,1240.7533394386414
36,SC-SCSA_PLUS,1364666742916583427,8,5,888.2709121165096
36,SC-SCSA_PLUS,1350483251291451392,9,5,876.7925348994657
36,SC-SCSA_PLUS,1367521202042933249,10,5,453.6071446607348
37,SC-SCSA_PLUS,1337020338916499463,1,4,91535.97878535106
37,SC-SCSA_PLUS,1337022746824499203,2,4,76128.00602428085
37,SC-SCSA_PLUS,1337021907464499204,3,5,67495.30843558513
37,SC-SCSA_PLUS,1362083047785439239,4,4,52420.29798354695
37,SC-SCSA_PLUS,1294010972055592962,5,4,15465.95044567157
37,SC-SCSA_PLUS,1331748997124534274,6,5,7850.610690368499
37,SC-SCSA_PLUS,1317842770816602114,7,2,3318.64509220273
37,SC-SCSA_PLUS,1354545532044075013,8,1,2829.3380553140646
37,SC-SCSA_PLUS,1355167587638906880,9,3,1838.5265555631136
37,SC-SCSA_PLUS,1344689933978656771,10,1,1716.488433567864
38,SC-SCSA_PLUS,1362074171832958980,1,3,727.336261547019
38,SC-SCSA_PLUS,1369298875719311360,2,5,8.565677988489155
38,SC-SCSA_PLUS,1369311531360518146,3,5,8.024867974421666
38,SC-SCSA_PLUS,1369326799709212680,4,5,7.10694763594484
38,SC-SCSA_PLUS,1369405604595400711,5,5,5.448182073234883
38,SC-SCSA_PLUS,1369315042236174343,6,4,3.3729879649947727
38,SC-SCSA_PLUS,1349377838722519040,7,5,3.0935838444177484
38,SC-SCSA_PLUS,1349380288783253504,8,5,1.894733759576288
38,SC-SCSA_PLUS,1354011094751260673,9,5,1.3966005589633141
38,SC-SCSA_PLUS,1353672852747284480,10,5,0.7009686540802981
39,SC-SCSA_PLUS,1364666742916583427,1,3,888.2709121165096
39,SC-SCSA_PLUS,1368641210533830657,2,3,554.9841532599067
39,SC-SCSA_PLUS,1367521202042933249,3,5,453.6071446607348
39,SC-SCSA_PLUS,1367300793485828097,4,5,83.0509232285498
39,SC-SCSA_PLUS,1369075493753020420,5,5,16.52541486901971
39,SC-SCSA_PLUS,1369075561981566976,6,5,13.280018894423272
39,SC-SCSA_PLUS,1366443197166096385,7,5,11.005863335792482
39,SC-SCSA_PLUS,1367237010608431106,8,5,8.53747527434702
39,SC-SCSA_PLUS,1349377838722519040,9,5,3.0935838444177484
39,SC-SCSA_PLUS,1349380288783253504,10,5,1.894733759576288
40,SC-SCSA_PLUS,1337020338916499463,1,5,91535.97878535106
40,SC-SCSA_PLUS,1337022746824499203,2,5,76128.00602428085
40,SC-SCSA_PLUS,1337021907464499204,3,5,67495.30843558513
40,SC-SCSA_PLUS,1362083047785439239,4,3,52420.29798354695
40,SC-SCSA_PLUS,1294010972055592962,5,5,15465.95044567157
40,SC-SCSA_PLUS,1365113385658970113,6,2,12360.017547246229
40,SC-SCSA_PLUS,1331748997124534274,7,2,7850.610690368499
40,SC-SCSA_PLUS,1355167587638906880,8,2,1838.5265555631136
40,SC-SCSA_PLUS,1350483251291451392,9,5,876.7925348994657
40,SC-SCSA_PLUS,1366167129754537984,10,2,51.51175664755724
41,SC-SCSA_PLUS,1337020338916499463,1,1,91535.97878535106
41,SC-SCSA_PLUS,1337022746824499203,2,2,76128.00602428085
41,SC-SCSA_PLUS,1337021907464499204,3,1,67495.30843558513
41,SC-SCSA_PLUS,1362083047785439239,4,4,52420.29798354695
41,SC-SCSA_PLUS,1294010972055592962,5,1,15465.95044567157
41,SC-SCSA_PLUS,1331748997124534274,6,3,7850.610690368499
41,SC-SCSA_PLUS,1334726779903168512,7,1,6028.992399246261
41,SC-SCSA_PLUS,1317842770816602114,8,4,3318.64509220273
41,SC-SCSA_PLUS,1354545532044075013,9,4,2829.3380553140646
41,SC-SCSA_PLUS,1355167587638906880,10,2,1838.5265555631136
42,SC-SCSA_PLUS,1364666742916583427,1,5,888.2709121165096
42,SC-SCSA_PLUS,1367521202042933249,2,5,453.6071446607348
42,SC-SCSA_PLUS,1367300793485828097,3,1,83.0509232285498
42,SC-SCSA_PLUS,1369075493753020420,4,2,16.52541486901971
42,SC-SCSA_PLUS,1369075561981566976,5,2,13.280018894423272
42,SC-SCSA_PLUS,1366443197166096385,6,5,11.005863335792482
42,SC-SCSA_PLUS,1248277743118086144,7,2,4.1752161577638045
42,SC-SCSA_PLUS,1368080635655450627,8,5,3.284100939608221
42,SC-SCSA_PLUS,1248251408333172738,9,2,2.3818081997185425
42,SC-SCSA_PLUS,1369169111478005763,10,2,1.6441201258852893
43,SC-SCSA_PLUS,1337020338916499463,1,5,91535.97878535106
43,SC-SCSA_PLUS,1337022746824499203,2,5,76128.00602428085
43,SC-SCSA_PLUS,1337021907464499204,3,5,67495.30843558513
43,SC-SCSA_PLUS,1362083047785439239,4,5,52420.29798354695
43,SC-SCSA_PLUS,1294010972055592962,5,5,15465.95044567157
43,SC-SCSA_PLUS,1331748997124534274,6,5,7850.610690368499
43,SC-SCSA_PLUS,1334726779903168512,7,5,6028.992399246261
43,SC-SCSA_PLUS,1368245651046207493,8,5,1929.9246528782753
43,SC-SCSA_PLUS,1355167587638906880,9,5,1838.5265555631136
43,SC-SCSA_PLUS,1350483251291451392,10,5,876.7925348994657
44,SC-SCSA_PLUS,1317842770816602114,1,5,3318.64509220273
44,SC-SCSA_PLUS,1344689933978656771,2,5,1716.488433567864
44,SC-SCSA_PLUS,1283912982200631298,3,5,376.88316788238495
44,SC-SCSA_PLUS,1369441796925886465,4,5,114.70384284457229
44,SC-SCSA_PLUS,1318667750408036352,5,5,104.90475923348032
44,SC-SCSA_PLUS,1369375444793954323,6,5,78.85820860151212
44,SC-SCSA_PLUS,1369355243406954501,7,5,67.7580637806263
44,SC-SCSA_PLUS,1369400194513723396,8,5,51.60472962258795
44,SC-SCSA_PLUS,1369048387815899139,9,5,48.39079004413051
44,SC-SCSA_PLUS,1354118501653483523,10,4,5.85108584567089
45,SC-SCSA_PLUS,1327954760251662337,1,5,13834.597958429351
45,SC-SCSA_PLUS,1368909409775149064,2,4,3451.8474217604526
45,SC-SCSA_PLUS,1367462925250818061,3,4,519.7161016849124
45,SC-SCSA_PLUS,1241401189721350145,4,3,266.7999289266216
45,SC-SCSA_PLUS,1368932010971004931,5,5,75.37529004371483
45,SC-SCSA_PLUS,1362360519626227713,6,4,53.0093736696682
45,SC-SCSA_PLUS,1303249708169613313,7,5,51.93046705675805
45,SC-SCSA_PLUS,1308393354120421376,8,5,13.412948916215056
45,SC-SCSA_PLUS,1324374402750767104,9,5,9.61752966074838
45,SC-SCSA_PLUS,1242106541999783936,10,4,8.224371184503976
46,SC-SCSA_PLUS,1369441796925886465,1,5,114.70384284457229
46,SC-SCSA_PLUS,1369375444793954323,2,5,78.85820860151212
46,SC-SCSA_PLUS,1369355243406954501,3,2,67.7580637806263
46,SC-SCSA_PLUS,1369400194513723396,4,5,51.60472962258795
46,SC-SCSA_PLUS,1369048387815899139,5,4,48.39079004413051
46,SC-SCSA_PLUS,1369298875719311360,6,5,8.565677988489155
46,SC-SCSA_PLUS,1369311531360518146,7,5,8.024867974421666
46,SC-SCSA_PLUS,1369326799709212680,8,5,7.10694763594484
46,SC-SCSA_PLUS,1369405604595400711,9,5,5.448182073234883
46,SC-SCSA_PLUS,1362776603047165957,10,5,2.712549076935986
47,SC-SCSA_PLUS,1337020338916499463,1,5,91535.97878535106
47,SC-SCSA_PLUS,1337021907464499204,2,5,67495.30843558513
47,SC-SCSA_PLUS,1362083047785439239,3,5,52420.29798354695
47,SC-SCSA_PLUS,1294010972055592962,4,5,15465.95044567157
47,SC-SCSA_PLUS,1331748997124534274,5,5,7850.610690368499
47,SC-SCSA_PLUS,1355167587638906880,6,1,1838.5265555631136
47,SC-SCSA_PLUS,1368932010971004931,7,5,75.37529004371483
47,SC-SCSA_PLUS,1369298875719311360,8,5,8.565677988489155
47,SC-SCSA_PLUS,1369311531360518146,9,5,8.024867974421666
47,SC-SCSA_PLUS,1369405604595400711,10,5,5.448182073234883
48,SC-SCSA_PLUS,1322257618178609153,1,4,1763.5701762387705
48,SC-SCSA_PLUS,1325738196374876161,2,5,569.9126138975389
48,SC-SCSA_PLUS,1369375444793954323,3,5,78.85820860151212
48,SC-SCSA_PLUS,1322257265496334336,4,5,49.986028505577174
48,SC-SCSA_PLUS,1369311531360518146,5,5,8.024867974421666
48,SC-SCSA_PLUS,1294355303329341442,6,5,5.967417521377103
48,SC-SCSA_PLUS,1369405604595400711,7,5,5.448182073234883
48,SC-SCSA_PLUS,1369054744786989056,8,4,4.707604395530262
48,SC-SCSA_PLUS,1369297616245231638,9,4,3.5685993337754387
48,SC-SCSA_PLUS,1368610152081985537,10,4,1.506572080370615
49,SC-SCSA_PLUS,1322257618178609153,1,2,1763.5701762387705
49,SC-SCSA_PLUS,1325738196374876161,2,1,569.9126138975389
49,SC-SCSA_PLUS,1368932010971004931,3,5,75.37529004371483
49,SC-SCSA_PLUS,1303249708169613313,4,2,51.93046705675805
49,SC-SCSA_PLUS,1322257265496334336,5,3,49.986028505577174
49,SC-SCSA_PLUS,1294355303329341442,6,5,5.967417521377103
49,SC-SCSA_PLUS,1369054744786989056,7,5,4.707604395530262
49,SC-SCSA_PLUS,1369297616245231638,8,5,3.5685993337754387
49,SC-SCSA_PLUS,1368271872002035713,9,5,3.500074985802453
49,SC-SCSA_PLUS,1368610152081985537,10,5,1.506572080370615
50,SC-SCSA_PLUS,1368909409775149064,1,5,3451.8474217604526
50,SC-SCSA_PLUS,1317842770816602114,2,5,3318.64509220273
50,SC-SCSA_PLUS,1344689933978656771,3,5,1716.488433567864
50,SC-SCSA_PLUS,1367462925250818061,4,5,519.7161016849124
50,SC-SCSA_PLUS,1369441796925886465,5,5,114.70384284457229
50,SC-SCSA_PLUS,1369375444793954323,6,4,78.85820860151212
50,SC-SCSA_PLUS,1368932010971004931,7,5,75.37529004371483
50,SC-SCSA_PLUS,1369400194513723396,8,4,51.60472962258795
50,SC-SCSA_PLUS,1369048387815899139,9,5,48.39079004413051
50,SC-SCSA_PLUS,1354118501653483523,10,4,5.85108584567089
51,SC-SCSA_PLUS,1317842770816602114,1,5,3318.64509220273
51,SC-SCSA_PLUS,1354545532044075013,2,1,2829.3380553140646
51,SC-SCSA_PLUS,1344689933978656771,3,1,1716.488433567864
51,SC-SCSA_PLUS,1364666742916583427,4,5,888.2709121165096
51,SC-SCSA_PLUS,1367521202042933249,5,5,453.6071446607348
51,SC-SCSA_PLUS,1367300793485828097,6,1,83.0509232285498
51,SC-SCSA_PLUS,1369075493753020420,7,2,16.52541486901971
51,SC-SCSA_PLUS,1369075561981566976,8,2,13.280018894423272
51,SC-SCSA_PLUS,1366443197166096385,9,5,11.005863335792482
51,SC-SCSA_PLUS,1367237010608431106,10,5,8.53747527434702
53,SC-SCSA_PLUS,1354545532044075013,1,1,2829.3380553140646
53,SC-SCSA_PLUS,1369325020258983936,2,2,1550.8602202397292
53,SC-SCSA_PLUS,1365315820080009221,3,2,1240.7533394386414
53,SC-SCSA_PLUS,1364666742916583427,4,1,888.2709121165096
53,SC-SCSA_PLUS,1367521202042933249,5,1,453.6071446607348
53,SC-SCSA_PLUS,1367300793485828097,6,1,83.0509232285498
53,SC-SCSA_PLUS,1369075493753020420,7,4,16.52541486901971
53,SC-SCSA_PLUS,1369075561981566976,8,4,13.280018894423272
53,SC-SCSA_PLUS,1366443197166096385,9,1,11.005863335792482
53,SC-SCSA_PLUS,1367237010608431106,10,1,8.53747527434702
54,SC-SCSA_PLUS,1317842770816602114,1,5,3318.64509220273
54,SC-SCSA_PLUS,1354545532044075013,2,3,2829.3380553140646
54,SC-SCSA_PLUS,1344689933978656771,3,4,1716.488433567864
54,SC-SCSA_PLUS,1364666742916583427,4,3,888.2709121165096
54,SC-SCSA_PLUS,1367521202042933249,5,5,453.6071446607348
54,SC-SCSA_PLUS,1367300793485828097,6,3,83.0509232285498
54,SC-SCSA_PLUS,1369075493753020420,7,3,16.52541486901971
54,SC-SCSA_PLUS,1369075561981566976,8,3,13.280018894423272
54,SC-SCSA_PLUS,1366443197166096385,9,5,11.005863335792482
54,SC-SCSA_PLUS,1367237010608431106,10,3,8.53747527434702
55,SC-SCSA_PLUS,1368245651046207493,1,4,1929.9246528782753
55,SC-SCSA_PLUS,1322257618178609153,2,5,1763.5701762387705
55,SC-SCSA_PLUS,1325738196374876161,3,4,569.9126138975389
55,SC-SCSA_PLUS,1368932010971004931,4,5,75.37529004371483
55,SC-SCSA_PLUS,1322257265496334336,5,4,49.986028505577174
55,SC-SCSA_PLUS,1294355303329341442,6,4,5.967417521377103
55,SC-SCSA_PLUS,1369054744786989056,7,4,4.707604395530262
55,SC-SCSA_PLUS,1369297616245231638,8,4,3.5685993337754387
55,SC-SCSA_PLUS,1368271872002035713,9,4,3.500074985802453
55,SC-SCSA_PLUS,1368610152081985537,10,4,1.506572080370615
57,SC-SCSA_PLUS,1286599815967776768,1,5,11443.671709256812
57,SC-SCSA_PLUS,1351483359244005376,2,5,1270.2362384138798
57,SC-SCSA_PLUS,1300884239626522624,3,5,595.250619865656
57,SC-SCSA_PLUS,1369441796925886465,4,5,114.70384284457229
57,SC-SCSA_PLUS,1369375444793954323,5,5,78.85820860151212
57,SC-SCSA_PLUS,1369400194513723396,6,5,51.60472962258795
57,SC-SCSA_PLUS,1369298875719311360,7,5,8.565677988489155
57,SC-SCSA_PLUS,1369311531360518146,8,5,8.024867974421666
57,SC-SCSA_PLUS,1369326799709212680,9,5,7.10694763594484
57,SC-SCSA_PLUS,1369405604595400711,10,5,5.448182073234883
58,SC-SCSA_PLUS,1364666742916583427,1,5,888.2709121165096
58,SC-SCSA_PLUS,1367521202042933249,2,5,453.6071446607348
58,SC-SCSA_PLUS,1367300793485828097,3,5,83.0509232285498
58,SC-SCSA_PLUS,1369075493753020420,4,5,16.52541486901971
58,SC-SCSA_PLUS,1369075561981566976,5,5,13.280018894423272
58,SC-SCSA_PLUS,1366443197166096385,6,5,11.005863335792482
58,SC-SCSA_PLUS,1367237010608431106,7,5,8.53747527434702
58,SC-SCSA_PLUS,1349377838722519040,8,5,3.0935838444177484
58,SC-SCSA_PLUS,1362776603047165957,9,5,2.712549076935986
58,SC-SCSA_PLUS,1349380288783253504,10,5,1.894733759576288
59,SC-SCSA_PLUS,1317842770816602114,1,5,3318.64509220273
59,SC-SCSA_PLUS,1354545532044075013,2,5,2829.3380553140646
59,SC-SCSA_PLUS,1344689933978656771,3,5,1716.488433567864
59,SC-SCSA_PLUS,1364666742916583427,4,5,888.2709121165096
59,SC-SCSA_PLUS,1367521202042933249,5,5,453.6071446607348
59,SC-SCSA_PLUS,1367300793485828097,6,5,83.0509232285498
59,SC-SCSA_PLUS,1369075493753020420,7,5,16.52541486901971
59,SC-SCSA_PLUS,1369075561981566976,8,5,13.280018894423272
59,SC-SCSA_PLUS,1366443197166096385,9,5,11.005863335792482
59,SC-SCSA_PLUS,1367237010608431106,10,5,8.53747527434702
60,SC-SCSA_PLUS,1317842770816602114,1,5,3318.64509220273
60,SC-SCSA_PLUS,1354545532044075013,2,5,2829.3380553140646
60,SC-SCSA_PLUS,1344689933978656771,3,5,1716.488433567864
60,SC-SCSA_PLUS,1364666742916583427,4,5,888.2709121165096
60,SC-SCSA_PLUS,1367521202042933249,5,5,453.6071446607348
60,SC-SCSA_PLUS,1367300793485828097,6,5,83.0509232285498
60,SC-SCSA_PLUS,1369075493753020420,7,5,16.52541486901971
60,SC-SCSA_PLUS,1369075561981566976,8,5,13.280018894423272
60,SC-SCSA_PLUS,1366443197166096385,9,5,11.005863335792482
60,SC-SCSA_PLUS,1367237010608431106,10,5,8.53747527434702
61,SC-SCSA_PLUS,1317842770816602114,1,5,3318.64509220273
61,SC-SCSA_PLUS,1354545532044075013,2,4,2829.3380553140646
61,SC-SCSA_PLUS,1344689933978656771,3,4,1716.488433567864
61,SC-SCSA_PLUS,1367947939579006979,4,4,126.08752024072263
61,SC-SCSA_PLUS,1367946026674352134,5,5,21.755241541522622
61,SC-SCSA_PLUS,1248277743118086144,6,3,4.1752161577638045
61,SC-SCSA_PLUS,1368080635655450627,7,4,3.284100939608221
61,SC-SCSA_PLUS,1248251408333172738,8,4,2.3818081997185425
61,SC-SCSA_PLUS,1242251884007534592,9,4,1.875671060491252
61,SC-SCSA_PLUS,1369169111478005763,10,4,1.6441201258852893
62,SC-SCSA_PLUS,1337020338916499463,1,3,91535.97878535106
62,SC-SCSA_PLUS,1337022746824499203,2,3,76128.00602428085
62,SC-SCSA_PLUS,1337021907464499204,3,3,67495.30843558513
62,SC-SCSA_PLUS,1362083047785439239,4,3,52420.29798354695
62,SC-SCSA_PLUS,1294010972055592962,5,3,15465.95044567157
62,SC-SCSA_PLUS,1331748997124534274,6,3,7850.610690368499
62,SC-SCSA_PLUS,1354545532044075013,7,3,2829.3380553140646
62,SC-SCSA_PLUS,1355167587638906880,8,3,1838.5265555631136
62,SC-SCSA_PLUS,1369325020258983936,9,4,1550.8602202397292
62,SC-SCSA_PLUS,1365315820080009221,10,3,1240.7533394386414
63,SC-SCSA_PLUS,1362074171832958980,1,4,727.336261547019
63,SC-SCSA_PLUS,1362085735063572482,2,5,277.23531643963815
63,SC-SCSA_PLUS,1359577321695547392,3,5,158.6106033815568
63,SC-SCSA_PLUS,1369441796925886465,4,4,114.70384284457229
63,SC-SCSA_PLUS,1369441796925886465,5,5,114.70384284457229
63,SC-SCSA_PLUS,1369375444793954323,6,5,78.85820860151212
63,SC-SCSA_PLUS,1369375444793954323,7,4,78.85820860151212
63,SC-SCSA_PLUS,1369355243406954501,8,5,67.7580637806263
63,SC-SCSA_PLUS,1369355243406954501,9,5,67.7580637806263
63,SC-SCSA_PLUS,1369400194513723396,10,5,51.60472962258795
66,SC-SCSA_PLUS,1365113385658970113,1,5,12360.017547246229
66,SC-SCSA_PLUS,1317810926133874689,2,5,1883.1177735836065
66,SC-SCSA_PLUS,1344784297316786177,3,5,434.0771927893748
66,SC-SCSA_PLUS,1283912982200631298,4,5,376.88316788238495
66,SC-SCSA_PLUS,1318667750408036352,5,5,104.90475923348032
66,SC-SCSA_PLUS,1340975456644939777,6,5,59.66404783583966
66,SC-SCSA_PLUS,1366167129754537984,7,2,51.51175664755724
66,SC-SCSA_PLUS,1354565152939544576,8,5,47.80674917524349
66,SC-SCSA_PLUS,1349377838722519040,9,5,3.0935838444177484
66,SC-SCSA_PLUS,1349380288783253504,10,5,1.894733759576288
67,SC-SCSA_PLUS,1362074171832958980,1,4,727.336261547019
67,SC-SCSA_PLUS,1362085735063572482,2,4,277.23531643963815
67,SC-SCSA_PLUS,1359577321695547392,3,5,158.6106033815568
67,SC-SCSA_PLUS,1369614175048249346,4,4,34.57165971373229
67,SC-SCSA_PLUS,1369298875719311360,5,3,8.565677988489155
67,SC-SCSA_PLUS,1369311531360518146,6,3,8.024867974421666
67,SC-SCSA_PLUS,1369326799709212680,7,3,7.10694763594484
67,SC-SCSA_PLUS,1369405604595400711,8,3,5.448182073234883
67,SC-SCSA_PLUS,1369315042236174343,9,4,3.3729879649947727
67,SC-SCSA_PLUS,1362776603047165957,10,3,2.712549076935986
68,SC-SCSA_PLUS,1364607745270423556,1,5,14565.146750784681
68,SC-SCSA_PLUS,1336810117057179649,2,5,3686.3647174083862
68,SC-SCSA_PLUS,1336964656792035329,3,3,1743.8311047117008
68,SC-SCSA_PLUS,1369325020258983936,4,5,1550.8602202397292
68,SC-SCSA_PLUS,1365315820080009221,5,5,1240.7533394386414
68,SC-SCSA_PLUS,1350483251291451392,6,5,876.7925348994657
68,SC-SCSA_PLUS,1342062601535164416,7,5,470.4943430769807
68,SC-SCSA_PLUS,1359932980974657536,8,5,445.8997620912705
68,SC-SCSA_PLUS,1337318168277241857,9,3,441.4481734512268
68,SC-SCSA_PLUS,1240464261366919171,10,5,340.40182025337475
70,SC-SCSA_PLUS,1369441796925886465,1,5,114.70384284457229
70,SC-SCSA_PLUS,1369375444793954323,2,5,78.85820860151212
70,SC-SCSA_PLUS,1369355243406954501,3,5,67.7580637806263
70,SC-SCSA_PLUS,1369400194513723396,4,5,51.60472962258795
70,SC-SCSA_PLUS,1369048387815899139,5,5,48.39079004413051
70,SC-SCSA_PLUS,1349377838722519040,6,3,3.0935838444177484
70,SC-SCSA_PLUS,1362776603047165957,7,4,2.712549076935986
70,SC-SCSA_PLUS,1349380288783253504,8,3,1.894733759576288
70,SC-SCSA_PLUS,1354011094751260673,9,3,1.3966005589633141
70,SC-SCSA_PLUS,1353672852747284480,10,3,0.7009686540802981
71,SC-SCSA_PLUS,1336810117057179649,1,5,3686.3647174083862
71,SC-SCSA_PLUS,1317842770816602114,2,5,3318.64509220273
71,SC-SCSA_PLUS,1354545532044075013,3,5,2829.3380553140646
71,SC-SCSA_PLUS,1336964656792035329,4,5,1743.8311047117008
71,SC-SCSA_PLUS,1344689933978656771,5,5,1716.488433567864
71,SC-SCSA_PLUS,1369325020258983936,6,5,1550.8602202397292
71,SC-SCSA_PLUS,1365315820080009221,7,5,1240.7533394386414
71,SC-SCSA_PLUS,1337318168277241857,8,5,441.4481734512268
71,SC-SCSA_PLUS,1365327872643260420,9,5,25.38170895618625
71,SC-SCSA_PLUS,1367963978421264385,10,5,6.541143276272749
72,SC-SCSA_PLUS,1354520696358137868,1,5,116.0336934376707
72,SC-SCSA_PLUS,1369441796925886465,2,5,114.70384284457229
72,SC-SCSA_PLUS,1369375444793954323,3,5,78.85820860151212
72,SC-SCSA_PLUS,1356255250680864768,4,5,16.53073945005074
72,SC-SCSA_PLUS,1326033569555181568,5,3,14.254086215875216
72,SC-SCSA_PLUS,1334873913210380298,6,5,3.355843790599515
72,SC-SCSA_PLUS,1349377838722519040,7,5,3.0935838444177484
72,SC-SCSA_PLUS,1354807067232489475,8,5,2.1215397006940138
72,SC-SCSA_PLUS,1349380288783253504,9,5,1.894733759576288
72,SC-SCSA_PLUS,1334130051554668547,10,5,1.348212306815467
73,SC-SCSA_PLUS,1362074171832958980,1,1,727.336261547019
73,SC-SCSA_PLUS,1362085735063572482,2,1,277.23531643963815
73,SC-SCSA_PLUS,1359577321695547392,3,1,158.6106033815568
73,SC-SCSA_PLUS,1369614175048249346,4,4,34.57165971373229
73,SC-SCSA_PLUS,1369298875719311360,5,2,8.565677988489155
73,SC-SCSA_PLUS,1369311531360518146,6,4,8.024867974421666
73,SC-SCSA_PLUS,1369326799709212680,7,3,7.10694763594484
73,SC-SCSA_PLUS,1369405604595400711,8,4,5.448182073234883
73,SC-SCSA_PLUS,1369315042236174343,9,3,3.3729879649947727
73,SC-SCSA_PLUS,1362776603047165957,10,4,2.712549076935986
74,SC-SCSA_PLUS,1369441796925886465,1,3,114.70384284457229
74,SC-SCSA_PLUS,1369375444793954323,2,2,78.85820860151212
74,SC-SCSA_PLUS,1369355243406954501,3,3,67.7580637806263
74,SC-SCSA_PLUS,1369400194513723396,4,4,51.60472962258795
74,SC-SCSA_PLUS,1369048387815899139,5,3,48.39079004413051
74,SC-SCSA_PLUS,1369298875719311360,6,3,8.565677988489155
74,SC-SCSA_PLUS,1369311531360518146,7,4,8.024867974421666
74,SC-SCSA_PLUS,1369326799709212680,8,4,7.10694763594484
74,SC-SCSA_PLUS,1369405604595400711,9,4,5.448182073234883
74,SC-SCSA_PLUS,1362776603047165957,10,3,2.712549076935986
76,SC-SCSA_PLUS,1337020338916499463,1,5,91535.97878535106
76,SC-SCSA_PLUS,1273231711908872193,2,5,78586.42708027009
76,SC-SCSA_PLUS,1337022746824499203,3,4,76128.00602428085
76,SC-SCSA_PLUS,1337021907464499204,4,5,67495.30843558513
76,SC-SCSA_PLUS,1362083047785439239,5,5,52420.29798354695
76,SC-SCSA_PLUS,1294010972055592962,6,4,15465.95044567157
76,SC-SCSA_PLUS,1334711453211889665,7,5,15222.608067918824
76,SC-SCSA_PLUS,1331748997124534274,8,5,7850.610690368499
76,SC-SCSA_PLUS,1334726779903168512,9,5,6028.992399246261
76,SC-SCSA_PLUS,1355167587638906880,10,5,1838.5265555631136
77,SC-SCSA_PLUS,1369614175048249346,1,5,34.57165971373229
77,SC-SCSA_PLUS,1369298875719311360,2,4,8.565677988489155
77,SC-SCSA_PLUS,1369311531360518146,3,4,8.024867974421666
77,SC-SCSA_PLUS,1369326799709212680,4,4,7.10694763594484
77,SC-SCSA_PLUS,1369405604595400711,5,5,5.448182073234883
77,SC-SCSA_PLUS,1349377838722519040,6,4,3.0935838444177484
77,SC-SCSA_PLUS,1362776603047165957,7,4,2.712549076935986
77,SC-SCSA_PLUS,1349380288783253504,8,5,1.894733759576288
77,SC-SCSA_PLUS,1354011094751260673,9,4,1.3966005589633141
77,SC-SCSA_PLUS,1353672852747284480,10,5,0.7009686540802981
78,SC-SCSA_PLUS,1367113993815547906,1,2,5552.706194610533
78,SC-SCSA_PLUS,1368909409775149064,2,1,3451.8474217604526
78,SC-SCSA_PLUS,1368245651046207493,3,3,1929.9246528782753
78,SC-SCSA_PLUS,1367462925250818061,4,1,519.7161016849124
78,SC-SCSA_PLUS,1368580185642110982,5,2,378.5396111747708
78,SC-SCSA_PLUS,1366499073671454725,6,2,205.3484228262181
78,SC-SCSA_PLUS,1368932010971004931,7,2,75.37529004371483
78,SC-SCSA_PLUS,1303249708169613313,8,1,51.93046705675805
78,SC-SCSA_PLUS,1319402828285108225,9,2,16.122108890946482
78,SC-SCSA_PLUS,1324374402750767104,10,1,9.61752966074838
79,SC-SCSA_PLUS,1095067826061262848,1,5,169223.15448479887
79,SC-SCSA_PLUS,1273231711908872193,2,4,78586.42708027009
79,SC-SCSA_PLUS,1182112257708306433,3,5,5531.354104341975
79,SC-SCSA_PLUS,1350483251291451392,4,5,876.7925348994657
79,SC-SCSA_PLUS,1336059119174897665,5,5,281.39043504025636
79,SC-SCSA_PLUS,1366561763962073092,6,5,196.84293256913767
79,SC-SCSA_PLUS,1359597695548153864,7,3,72.49915094434344
79,SC-SCSA_PLUS,1365320876510560258,8,4,49.32393813778372
79,SC-SCSA_PLUS,1338584496489172992,9,4,22.068570034345615
79,SC-SCSA_PLUS,1364683920965578753,10,4,1.3637345663091696
81,SC-SCSA_PLUS,1367113993815547906,1,5,5552.706194610533
81,SC-SCSA_PLUS,1368909409775149064,2,5,3451.8474217604526
81,SC-SCSA_PLUS,1350483251291451392,3,5,876.7925348994657
81,SC-SCSA_PLUS,1367462925250818061,4,5,519.7161016849124
81,SC-SCSA_PLUS,1368649404702408707,5,5,413.0972279340711
81,SC-SCSA_PLUS,1368580185642110982,6,5,378.5396111747708
81,SC-SCSA_PLUS,1366499073671454725,7,5,205.3484228262181
81,SC-SCSA_PLUS,1368932010971004931,8,5,75.37529004371483
81,SC-SCSA_PLUS,1359597695548153864,9,5,72.49915094434344
81,SC-SCSA_PLUS,1362776603047165957,10,5,2.712549076935986
1,SCSA-STATE_ART,1364607745270423556,1,5,0.15814341714407787
1,SCSA-STATE_ART,1339525827118194689,2,4,-0.03887995582502068
1,SCSA-STATE_ART,1337077938076979205,3,3,-0.1514914697726787
1,SCSA-STATE_ART,1367882927384768524,4,5,-0.15329852445505293
1,SCSA-STATE_ART,1336793663792406530,5,2,-0.15899590429959662
1,SCSA-STATE_ART,1369386818169372680,6,5,-0.16196945948694028
1,SCSA-STATE_ART,1369383214062665731,7,2,-0.1619771478345075
1,SCSA-STATE_ART,1363551492486008834,8,1,-0.1622242890101785
1,SCSA-STATE_ART,1369372321736232963,9,1,-0.1623682998941281
1,SCSA-STATE_ART,1354118501653483523,10,1,-0.1626934571397117
2,SCSA-STATE_ART,1365007905318133766,1,4,-0.13768873889958996
2,SCSA-STATE_ART,1366709656974942211,2,5,-0.1394375052243632
2,SCSA-STATE_ART,1361701236395958278,3,4,-0.14446510344358682
2,SCSA-STATE_ART,1369441382973272064,4,4,-0.14736864841342553
2,SCSA-STATE_ART,1364579317964034050,5,5,-0.1485508750733014
2,SCSA-STATE_ART,1361388306106318857,6,4,-0.15475331088110703
2,SCSA-STATE_ART,1369030160943611907,7,4,-0.1604686032774996
2,SCSA-STATE_ART,1366932843067277314,8,3,-0.1612231545723697
2,SCSA-STATE_ART,1369292125641269258,9,4,-0.1619979259031211
2,SCSA-STATE_ART,1369458171467591683,10,3,-0.1620526925449209
3,SCSA-STATE_ART,1364607745270423556,1,2,0.15814341714407787
3,SCSA-STATE_ART,1337077938076979205,2,3,-0.1514914697726787
3,SCSA-STATE_ART,1367894335233142789,3,3,-0.15839433111823875
3,SCSA-STATE_ART,1336793663792406530,4,3,-0.15899590429959662
3,SCSA-STATE_ART,1363941648812675075,5,4,-0.1600253654296599
3,SCSA-STATE_ART,1369383214062665731,6,3,-0.1619771478345075
3,SCSA-STATE_ART,1368286394792046596,7,3,-0.162271572345154
3,SCSA-STATE_ART,1365327872643260420,8,3,-0.1623579599275923
3,SCSA-STATE_ART,1324374402750767104,9,5,-0.16264838872816453
3,SCSA-STATE_ART,1367315410106736640,10,3,-0.1629176563950277
4,SCSA-STATE_ART,1369441382973272064,1,5,-0.14736864841342553
4,SCSA-STATE_ART,1369495249417101312,2,3,-0.14994155545922294
4,SCSA-STATE_ART,1369226601972563972,3,5,-0.16125601151625013
4,SCSA-STATE_ART,1368622654870192131,4,5,-0.16142646892113027
4,SCSA-STATE_ART,1369438033892806663,5,5,-0.1614420235489199
4,SCSA-STATE_ART,1369619124318580736,6,5,-0.16155752799471415
4,SCSA-STATE_ART,1369458171467591683,7,4,-0.1620526925449209
4,SCSA-STATE_ART,1364851499042537474,8,2,-0.16221524869930015
4,SCSA-STATE_ART,1352554075657801732,9,1,-0.16254188299511702
4,SCSA-STATE_ART,1352937076669476864,10,2,-0.16285043917309297
5,SCSA-STATE_ART,1365007905318133766,1,2,-0.13768873889958996
5,SCSA-STATE_ART,1366709656974942211,2,3,-0.1394375052243632
5,SCSA-STATE_ART,1361701236395958278,3,2,-0.14446510344358682
5,SCSA-STATE_ART,1369441382973272064,4,4,-0.14736864841342553
5,SCSA-STATE_ART,1364579317964034050,5,3,-0.1485508750733014
5,SCSA-STATE_ART,1361388306106318857,6,2,-0.15475331088110703
5,SCSA-STATE_ART,1369030160943611907,7,3,-0.1604686032774996
5,SCSA-STATE_ART,1366932843067277314,8,2,-0.1612231545723697
5,SCSA-STATE_ART,1369292125641269258,9,3,-0.1619979259031211
5,SCSA-STATE_ART,1369458171467591683,10,4,-0.1620526925449209
6,SCSA-STATE_ART,1337022746824499203,1,2,1.522513486320188
6,SCSA-STATE_ART,1351920546011893761,2,2,1.3654915218742583
6,SCSA-STATE_ART,1365416645624143873,3,3,1.352063197003944
6,SCSA-STATE_ART,1337463904566456320,4,2,1.2925489724102472
6,SCSA-STATE_ART,1358843515149504514,5,3,0.18714062376005267
6,SCSA-STATE_ART,1331744604891344896,6,2,0.16271656809978113
6,SCSA-STATE_ART,1339525827118194689,7,5,-0.03887995582502068
6,SCSA-STATE_ART,1353502767352926208,8,3,-0.08581479228989936
6,SCSA-STATE_ART,1357375687967997959,9,1,-0.1322147295008666
6,SCSA-STATE_ART,1354118501653483523,10,5,-0.1626934571397117
7,SCSA-STATE_ART,1364607745270423556,1,2,0.15814341714407787
7,SCSA-STATE_ART,1337077938076979205,2,2,-0.1514914697726787
7,SCSA-STATE_ART,1367882927384768524,3,4,-0.15329852445505293
7,SCSA-STATE_ART,1336793663792406530,4,3,-0.15899590429959662
7,SCSA-STATE_ART,1336596712857743361,5,3,-0.16087383216849266
7,SCSA-STATE_ART,1369386818169372680,6,5,-0.16196945948694028
7,SCSA-STATE_ART,1369383214062665731,7,3,-0.1619771478345075
7,SCSA-STATE_ART,1363551492486008834,8,3,-0.1622242890101785
7,SCSA-STATE_ART,1369337343270862853,9,2,-0.16230574715285712
7,SCSA-STATE_ART,1369372321736232963,10,4,-0.1623682998941281
8,SCSA-STATE_ART,1351920546011893761,1,4,1.3654915218742583
8,SCSA-STATE_ART,1365416645624143873,2,4,1.352063197003944
8,SCSA-STATE_ART,1337463904566456320,3,4,1.2925489724102472
8,SCSA-STATE_ART,1358843677582401536,4,3,0.9431325564939711
8,SCSA-STATE_ART,1331741612402237443,5,3,0.2669490359302921
8,SCSA-STATE_ART,1358843515149504514,6,4,0.18714062376005267
8,SCSA-STATE_ART,1331744604891344896,7,4,0.16271656809978113
8,SCSA-STATE_ART,1353502767352926208,8,4,-0.08581479228989936
8,SCSA-STATE_ART,1290659734639521798,9,5,-0.09388391124280858
8,SCSA-STATE_ART,1357375687967997959,10,4,-0.1322147295008666
9,SCSA-STATE_ART,1321455751567532032,1,5,-0.06056330978192362
9,SCSA-STATE_ART,1333873034114064385,2,5,-0.10490736571346042
9,SCSA-STATE_ART,1343729046891347968,3,5,-0.14388723828005037
9,SCSA-STATE_ART,1359932980974657536,4,5,-0.15478179878195203
9,SCSA-STATE_ART,1366115959623331844,5,1,-0.1567167050255976
9,SCSA-STATE_ART,1347619092417548288,6,5,-0.15679240711867998
9,SCSA-STATE_ART,1362069293790162946,7,4,-0.15775414054742581
9,SCSA-STATE_ART,1360346403873181707,8,4,-0.15888531885611126
9,SCSA-STATE_ART,1364624807220948994,9,1,-0.16009886210320087
9,SCSA-STATE_ART,1362872757109809152,10,1,-0.16234826693959664
10,SCSA-STATE_ART,1364607745270423556,1,3,0.15814341714407787
10,SCSA-STATE_ART,1337077938076979205,2,3,-0.1514914697726787
10,SCSA-STATE_ART,1367882927384768524,3,5,-0.15329852445505293
10,SCSA-STATE_ART,1336793663792406530,4,3,-0.15899590429959662
10,SCSA-STATE_ART,1336596712857743361,5,3,-0.16087383216849266
10,SCSA-STATE_ART,1369386818169372680,6,4,-0.16196945948694028
10,SCSA-STATE_ART,1369383214062665731,7,4,-0.1619771478345075
10,SCSA-STATE_ART,1363551492486008834,8,4,-0.1622242890101785
10,SCSA-STATE_ART,1369337343270862853,9,4,-0.16230574715285712
10,SCSA-STATE_ART,1369372321736232963,10,4,-0.1623682998941281
11,SCSA-STATE_ART,1351920546011893761,1,4,1.3654915218742583
11,SCSA-STATE_ART,1351920546011893761,2,2,1.3654915218742583
11,SCSA-STATE_ART,1365416645624143873,3,5,1.352063197003944
11,SCSA-STATE_ART,1365416645624143873,4,2,1.352063197003944
11,SCSA-STATE_ART,1337463904566456320,5,5,1.2925489724102472
11,SCSA-STATE_ART,1337463904566456320,6,4,1.2925489724102472
11,SCSA-STATE_ART,1358843677582401536,7,2,0.9431325564939711
11,SCSA-STATE_ART,1358843677582401536,8,4,0.9431325564939711
11,SCSA-STATE_ART,1331741612402237443,9,4,0.2669490359302921
11,SCSA-STATE_ART,1331741612402237443,10,2,0.2669490359302921
12,SCSA-STATE_ART,1360286991011639302,1,5,-0.15276467557114853
12,SCSA-STATE_ART,1367532398825648130,2,5,-0.16121993792220848
12,SCSA-STATE_ART,1326033569555181568,3,2,-0.16176880523581905
12,SCSA-STATE_ART,1365812811721543685,4,3,-0.16214249633973823
12,SCSA-STATE_ART,1356255352145272832,5,5,-0.16226691210726413
12,SCSA-STATE_ART,1354807067232489475,6,5,-0.16228781583418495
12,SCSA-STATE_ART,1334873913210380298,7,5,-0.1623400502829117
12,SCSA-STATE_ART,1365811680815554560,8,3,-0.1623518282442769
12,SCSA-STATE_ART,1365784358217523201,9,3,-0.16255381942680683
12,SCSA-STATE_ART,1334130051554668547,10,5,-0.1629176563950277
13,SCSA-STATE_ART,1364607745270423556,1,4,0.15814341714407787
13,SCSA-STATE_ART,1337077938076979205,2,3,-0.1514914697726787
13,SCSA-STATE_ART,1367882927384768524,3,4,-0.15329852445505293
13,SCSA-STATE_ART,1336793663792406530,4,4,-0.15899590429959662
13,SCSA-STATE_ART,1336596712857743361,5,1,-0.16087383216849266
13,SCSA-STATE_ART,1354565152939544576,6,1,-0.1617418991725094
13,SCSA-STATE_ART,1369386818169372680,7,5,-0.16196945948694028
13,SCSA-STATE_ART,1369383214062665731,8,2,-0.1619771478345075
13,SCSA-STATE_ART,1369337343270862853,9,1,-0.16230574715285712
13,SCSA-STATE_ART,1369372321736232963,10,1,-0.1623682998941281
15,SCSA-STATE_ART,1364664823984779267,1,4,-0.08505591236422134
15,SCSA-STATE_ART,1368297763524448256,2,3,-0.08835546243868034
15,SCSA-STATE_ART,1317810926133874689,3,4,-0.12918411232001803
15,SCSA-STATE_ART,1366380504736534529,4,4,-0.1406106114477888
15,SCSA-STATE_ART,1360286991011639302,5,3,-0.15276467557114853
15,SCSA-STATE_ART,1359941706951524353,6,3,-0.15816124696838108
15,SCSA-STATE_ART,1318667750408036352,7,3,-0.15914967195903287
15,SCSA-STATE_ART,1349743109832372225,8,4,-0.1617186298039415
15,SCSA-STATE_ART,1354565152939544576,9,5,-0.1617418991725094
15,SCSA-STATE_ART,1283518830950510593,10,4,-0.1621187040011568
16,SCSA-STATE_ART,1368561200754270210,1,1,0.38100997072506226
16,SCSA-STATE_ART,1366232555037462531,2,3,0.16494129552663925
16,SCSA-STATE_ART,1319343716801236992,3,5,-0.14673009956013566
16,SCSA-STATE_ART,1367531774012751878,4,1,-0.15555461865822937
16,SCSA-STATE_ART,1368933410085945345,5,1,-0.158241675314955
16,SCSA-STATE_ART,1345510484213075968,6,1,-0.16148089480623054
16,SCSA-STATE_ART,1326736922199257089,7,1,-0.1615990631356641
16,SCSA-STATE_ART,1368584215403655171,8,1,-0.16250993603289163
16,SCSA-STATE_ART,1367649223601238016,9,1,-0.162515760155467
16,SCSA-STATE_ART,1367170047081402380,10,1,-0.1626959818520871
17,SCSA-STATE_ART,1364607745270423556,1,5,0.15814341714407787
17,SCSA-STATE_ART,1337077938076979205,2,2,-0.1514914697726787
17,SCSA-STATE_ART,1367882927384768524,3,3,-0.15329852445505293
17,SCSA-STATE_ART,1336793663792406530,4,2,-0.15899590429959662
17,SCSA-STATE_ART,1336596712857743361,5,1,-0.16087383216849266
17,SCSA-STATE_ART,1354565152939544576,6,1,-0.1617418991725094
17,SCSA-STATE_ART,1369386818169372680,7,2,-0.16196945948694028
17,SCSA-STATE_ART,1369383214062665731,8,2,-0.1619771478345075
17,SCSA-STATE_ART,1369337343270862853,9,1,-0.16230574715285712
17,SCSA-STATE_ART,1369372321736232963,10,2,-0.1623682998941281
18,SCSA-STATE_ART,1339525827118194689,1,4,-0.03887995582502068
18,SCSA-STATE_ART,1182112257708306433,2,2,-0.04383045009819281
18,SCSA-STATE_ART,1368297763524448256,3,2,-0.08835546243868034
18,SCSA-STATE_ART,1358569998885785609,4,1,-0.12286192243370794
18,SCSA-STATE_ART,1366380504736534529,5,2,-0.1406106114477888
18,SCSA-STATE_ART,1360286991011639302,6,1,-0.15276467557114853
18,SCSA-STATE_ART,1359941706951524353,7,1,-0.15816124696838108
18,SCSA-STATE_ART,1349743109832372225,8,1,-0.1617186298039415
18,SCSA-STATE_ART,1362127981234188288,9,3,-0.16245315686916328
18,SCSA-STATE_ART,1354118501653483523,10,1,-0.1626934571397117
19,SCSA-STATE_ART,1369441382973272064,1,3,-0.14736864841342553
19,SCSA-STATE_ART,1369495249417101312,2,4,-0.14994155545922294
19,SCSA-STATE_ART,1369015794248671233,3,4,-0.16113379848586523
19,SCSA-STATE_ART,1369355243406954501,4,4,-0.16119039123784681
19,SCSA-STATE_ART,1369395335769038849,5,4,-0.16179179271649785
19,SCSA-STATE_ART,1369315042236174343,6,4,-0.16204525126394473
19,SCSA-STATE_ART,1364851499042537474,7,4,-0.16221524869930015
19,SCSA-STATE_ART,1353672852747284480,8,4,-0.16236036771834148
19,SCSA-STATE_ART,1352554075657801732,9,4,-0.16254188299511702
19,SCSA-STATE_ART,1352937076669476864,10,4,-0.16285043917309297
20,SCSA-STATE_ART,1368561200754270210,1,4,0.38100997072506226
20,SCSA-STATE_ART,1339525827118194689,2,1,-0.03887995582502068
20,SCSA-STATE_ART,1367497561645457427,3,1,-0.12649337531736587
20,SCSA-STATE_ART,1361046993158692866,4,1,-0.14924817255877695
20,SCSA-STATE_ART,1362196066431627265,5,1,-0.1519540540161951
20,SCSA-STATE_ART,1368760443498532864,6,2,-0.15946241638005518
20,SCSA-STATE_ART,1364697022847209478,7,1,-0.16042395551412714
20,SCSA-STATE_ART,1367496989215248388,8,2,-0.1607300799151481
20,SCSA-STATE_ART,1369458171467591683,9,5,-0.1620526925449209
20,SCSA-STATE_ART,1368777274506571779,10,1,-0.16232276360057277
21,SCSA-STATE_ART,1364607745270423556,1,1,0.15814341714407787
21,SCSA-STATE_ART,1337077938076979205,2,1,-0.1514914697726787
21,SCSA-STATE_ART,1367894335233142789,3,3,-0.15839433111823875
21,SCSA-STATE_ART,1336793663792406530,4,3,-0.15899590429959662
21,SCSA-STATE_ART,1363941648812675075,5,4,-0.1600253654296599
21,SCSA-STATE_ART,1369383214062665731,6,1,-0.1619771478345075
21,SCSA-STATE_ART,1368286394792046596,7,1,-0.162271572345154
21,SCSA-STATE_ART,1365327872643260420,8,1,-0.1623579599275923
21,SCSA-STATE_ART,1354118501653483523,9,2,-0.1626934571397117
21,SCSA-STATE_ART,1367315410106736640,10,1,-0.1629176563950277
22,SCSA-STATE_ART,1369441796925886465,1,4,-0.15743537047928802
22,SCSA-STATE_ART,1369017812165881859,2,2,-0.1582114667319785
22,SCSA-STATE_ART,1367894335233142789,3,5,-0.15839433111823875
22,SCSA-STATE_ART,1363941648812675075,4,5,-0.1600253654296599
22,SCSA-STATE_ART,1367912923641737216,5,4,-0.16052254522173293
22,SCSA-STATE_ART,1367930915733835777,6,5,-0.1610679610426875
22,SCSA-STATE_ART,1368286394792046596,7,2,-0.162271572345154
22,SCSA-STATE_ART,1367604109113655297,8,3,-0.16257688954591829
22,SCSA-STATE_ART,1369034842222985216,9,5,-0.16285972135834859
22,SCSA-STATE_ART,1367315410106736640,10,1,-0.1629176563950277
23,SCSA-STATE_ART,1351920546011893761,1,3,1.3654915218742583
23,SCSA-STATE_ART,1365416645624143873,2,3,1.352063197003944
23,SCSA-STATE_ART,1337463904566456320,3,3,1.2925489724102472
23,SCSA-STATE_ART,1358843677582401536,4,3,0.9431325564939711
23,SCSA-STATE_ART,1331741612402237443,5,3,0.2669490359302921
23,SCSA-STATE_ART,1358843515149504514,6,3,0.18714062376005267
23,SCSA-STATE_ART,1331744604891344896,7,3,0.16271656809978113
23,SCSA-STATE_ART,1353502767352926208,8,3,-0.08581479228989936
23,SCSA-STATE_ART,1290659734639521798,9,3,-0.09388391124280858
23,SCSA-STATE_ART,1357375687967997959,10,3,-0.1322147295008666
24,SCSA-STATE_ART,1337077938076979205,1,3,-0.1514914697726787
24,SCSA-STATE_ART,1367882927384768524,2,5,-0.15329852445505293
24,SCSA-STATE_ART,1336793663792406530,3,5,-0.15899590429959662
24,SCSA-STATE_ART,1336596712857743361,4,3,-0.16087383216849266
24,SCSA-STATE_ART,1365320876510560258,5,5,-0.1618194753125917
24,SCSA-STATE_ART,1369386818169372680,6,3,-0.16196945948694028
24,SCSA-STATE_ART,1369383214062665731,7,3,-0.1619771478345075
24,SCSA-STATE_ART,1369307525489844228,8,2,-0.16209495315586772
24,SCSA-STATE_ART,1369337343270862853,9,4,-0.16230574715285712
24,SCSA-STATE_ART,1369372321736232963,10,4,-0.1623682998941281
25,SCSA-STATE_ART,1369441382973272064,1,5,-0.14736864841342553
25,SCSA-STATE_ART,1369495249417101312,2,5,-0.14994155545922294
25,SCSA-STATE_ART,1369226601972563972,3,4,-0.16125601151625013
25,SCSA-STATE_ART,1368622654870192131,4,4,-0.16142646892113027
25,SCSA-STATE_ART,1369438033892806663,5,4,-0.1614420235489199
25,SCSA-STATE_ART,1369619124318580736,6,4,-0.16155752799471415
25,SCSA-STATE_ART,1369458171467591683,7,5,-0.1620526925449209
25,SCSA-STATE_ART,1364851499042537474,8,5,-0.16221524869930015
25,SCSA-STATE_ART,1352554075657801732,9,2,-0.16254188299511702
25,SCSA-STATE_ART,1352937076669476864,10,4,-0.16285043917309297
26,SCSA-STATE_ART,1321455751567532032,1,3,-0.06056330978192362
26,SCSA-STATE_ART,1333873034114064385,2,3,-0.10490736571346042
26,SCSA-STATE_ART,1320142365038817281,3,3,-0.11130999141045847
26,SCSA-STATE_ART,1338592930022363139,4,3,-0.1462227479128133
26,SCSA-STATE_ART,1359932980974657536,5,4,-0.15478179878195203
26,SCSA-STATE_ART,1362069293790162946,6,4,-0.15775414054742581
26,SCSA-STATE_ART,1369226601972563972,7,3,-0.16125601151625013
26,SCSA-STATE_ART,1368622654870192131,8,3,-0.16142646892113027
26,SCSA-STATE_ART,1369458171467591683,9,4,-0.1620526925449209
26,SCSA-STATE_ART,1352554075657801732,10,1,-0.16254188299511702
27,SCSA-STATE_ART,1369441382973272064,1,5,-0.14736864841342553
27,SCSA-STATE_ART,1369495249417101312,2,4,-0.14994155545922294
27,SCSA-STATE_ART,1369226601972563972,3,5,-0.16125601151625013
27,SCSA-STATE_ART,1368622654870192131,4,5,-0.16142646892113027
27,SCSA-STATE_ART,1369438033892806663,5,4,-0.1614420235489199
27,SCSA-STATE_ART,1369619124318580736,6,4,-0.16155752799471415
27,SCSA-STATE_ART,1369458171467591683,7,5,-0.1620526925449209
27,SCSA-STATE_ART,1364851499042537474,8,4,-0.16221524869930015
27,SCSA-STATE_ART,1352554075657801732,9,5,-0.16254188299511702
27,SCSA-STATE_ART,1352937076669476864,10,4,-0.16285043917309297
28,SCSA-STATE_ART,1364607745270423556,1,1,0.15814341714407787
28,SCSA-STATE_ART,1339525827118194689,2,3,-0.03887995582502068
28,SCSA-STATE_ART,1337077938076979205,3,1,-0.1514914697726787
28,SCSA-STATE_ART,1367882927384768524,4,5,-0.15329852445505293
28,SCSA-STATE_ART,1336793663792406530,5,2,-0.15899590429959662
28,SCSA-STATE_ART,1369386818169372680,6,1,-0.16196945948694028
28,SCSA-STATE_ART,1369383214062665731,7,1,-0.1619771478345075
28,SCSA-STATE_ART,1363551492486008834,8,1,-0.1622242890101785
28,SCSA-STATE_ART,1369337343270862853,9,1,-0.16230574715285712
28,SCSA-STATE_ART,1369372321736232963,10,1,-0.1623682998941281
29,SCSA-STATE_ART,1337022746824499203,1,4,1.522513486320188
29,SCSA-STATE_ART,1351920546011893761,2,3,1.3654915218742583
29,SCSA-STATE_ART,1365416645624143873,3,3,1.352063197003944
29,SCSA-STATE_ART,1337463904566456320,4,3,1.2925489724102472
29,SCSA-STATE_ART,1353502767352926208,5,3,-0.08581479228989936
29,SCSA-STATE_ART,1367894335233142789,6,4,-0.15839433111823875
29,SCSA-STATE_ART,1363941648812675075,7,4,-0.1600253654296599
29,SCSA-STATE_ART,1367947939579006979,8,5,-0.16007096412379945
29,SCSA-STATE_ART,1367946026674352134,9,4,-0.16240198778797424
29,SCSA-STATE_ART,1366443197166096385,10,5,-0.1624720926413561
30,SCSA-STATE_ART,1369017812165881859,1,3,-0.1582114667319785
30,SCSA-STATE_ART,1367894335233142789,2,4,-0.15839433111823875
30,SCSA-STATE_ART,1363941648812675075,3,5,-0.1600253654296599
30,SCSA-STATE_ART,1367912923641737216,4,4,-0.16052254522173293
30,SCSA-STATE_ART,1367565062328623104,5,3,-0.1608099338205883
30,SCSA-STATE_ART,1367930915733835777,6,4,-0.1610679610426875
30,SCSA-STATE_ART,1365320876510560258,7,5,-0.1618194753125917
30,SCSA-STATE_ART,1368286394792046596,8,4,-0.162271572345154
30,SCSA-STATE_ART,1367604109113655297,9,4,-0.16257688954591829
30,SCSA-STATE_ART,1367315410106736640,10,4,-0.1629176563950277
31,SCSA-STATE_ART,1364607745270423556,1,4,0.15814341714407787
31,SCSA-STATE_ART,1364664823984779267,2,3,-0.08505591236422134
31,SCSA-STATE_ART,1303840025000509448,3,2,-0.1037733167114671
31,SCSA-STATE_ART,1317810926133874689,4,3,-0.12918411232001803
31,SCSA-STATE_ART,1337077938076979205,5,4,-0.1514914697726787
31,SCSA-STATE_ART,1336793663792406530,6,3,-0.15899590429959662
31,SCSA-STATE_ART,1369386818169372680,7,4,-0.16196945948694028
31,SCSA-STATE_ART,1369383214062665731,8,2,-0.1619771478345075
31,SCSA-STATE_ART,1283518830950510593,9,2,-0.1621187040011568
31,SCSA-STATE_ART,1369372321736232963,10,1,-0.1623682998941281
32,SCSA-STATE_ART,1365007905318133766,1,1,-0.13768873889958996
32,SCSA-STATE_ART,1366709656974942211,2,3,-0.1394375052243632
32,SCSA-STATE_ART,1361701236395958278,3,4,-0.14446510344358682
32,SCSA-STATE_ART,1369441382973272064,4,3,-0.14736864841342553
32,SCSA-STATE_ART,1364579317964034050,5,2,-0.1485508750733014
32,SCSA-STATE_ART,1361388306106318857,6,2,-0.15475331088110703
32,SCSA-STATE_ART,1369030160943611907,7,1,-0.1604686032774996
32,SCSA-STATE_ART,1366932843067277314,8,2,-0.1612231545723697
32,SCSA-STATE_ART,1369292125641269258,9,3,-0.1619979259031211
32,SCSA-STATE_ART,1369458171467591683,10,4,-0.1620526925449209
33,SCSA-STATE_ART,1369441382973272064,1,4,-0.14736864841342553
33,SCSA-STATE_ART,1369495249417101312,2,4,-0.14994155545922294
33,SCSA-STATE_ART,1369015794248671233,3,4,-0.16113379848586523
33,SCSA-STATE_ART,1369226601972563972,4,4,-0.16125601151625013
33,SCSA-STATE_ART,1368622654870192131,5,4,-0.16142646892113027
33,SCSA-STATE_ART,1369438033892806663,6,4,-0.1614420235489199
33,SCSA-STATE_ART,1369619124318580736,7,4,-0.16155752799471415
33,SCSA-STATE_ART,1369395335769038849,8,3,-0.16179179271649785
33,SCSA-STATE_ART,1369315042236174343,9,3,-0.16204525126394473
33,SCSA-STATE_ART,1369458171467591683,10,3,-0.1620526925449209
34,SCSA-STATE_ART,1369441382973272064,1,4,-0.14736864841342553
34,SCSA-STATE_ART,1369495249417101312,2,3,-0.14994155545922294
34,SCSA-STATE_ART,1369015794248671233,3,2,-0.16113379848586523
34,SCSA-STATE_ART,1369226601972563972,4,2,-0.16125601151625013
34,SCSA-STATE_ART,1368622654870192131,5,2,-0.16142646892113027
34,SCSA-STATE_ART,1369438033892806663,6,4,-0.1614420235489199
34,SCSA-STATE_ART,1369619124318580736,7,4,-0.16155752799471415
34,SCSA-STATE_ART,1369395335769038849,8,4,-0.16179179271649785
34,SCSA-STATE_ART,1369315042236174343,9,4,-0.16204525126394473
34,SCSA-STATE_ART,1369458171467591683,10,2,-0.1620526925449209
35,SCSA-STATE_ART,1339525827118194689,1,3,-0.03887995582502068
35,SCSA-STATE_ART,1362196066431627265,2,3,-0.1519540540161951
35,SCSA-STATE_ART,1368760443498532864,3,2,-0.15946241638005518
35,SCSA-STATE_ART,1364697022847209478,4,3,-0.16042395551412714
35,SCSA-STATE_ART,1367496989215248388,5,2,-0.1607300799151481
35,SCSA-STATE_ART,1362484293650567168,6,3,-0.16161452111700966
35,SCSA-STATE_ART,1369458171467591683,7,1,-0.1620526925449209
35,SCSA-STATE_ART,1368777274506571779,8,1,-0.16232276360057277
35,SCSA-STATE_ART,1353672852747284480,9,2,-0.16236036771834148
35,SCSA-STATE_ART,1368744769686540290,10,2,-0.16247909751163947
36,SCSA-STATE_ART,1364607745270423556,1,5,0.15814341714407787
36,SCSA-STATE_ART,1321455751567532032,2,5,-0.06056330978192362
36,SCSA-STATE_ART,1333873034114064385,3,5,-0.10490736571346042
36,SCSA-STATE_ART,1343729046891347968,4,3,-0.14388723828005037
36,SCSA-STATE_ART,1337077938076979205,5,5,-0.1514914697726787
36,SCSA-STATE_ART,1359932980974657536,6,5,-0.15478179878195203
36,SCSA-STATE_ART,1366115959623331844,7,3,-0.1567167050255976
36,SCSA-STATE_ART,1347619092417548288,8,5,-0.15679240711867998
36,SCSA-STATE_ART,1362069293790162946,9,4,-0.15775414054742581
36,SCSA-STATE_ART,1367894335233142789,10,3,-0.15839433111823875
37,SCSA-STATE_ART,1351920546011893761,1,4,1.3654915218742583
37,SCSA-STATE_ART,1365416645624143873,2,2,1.352063197003944
37,SCSA-STATE_ART,1337463904566456320,3,4,1.2925489724102472
37,SCSA-STATE_ART,1331744604891344896,4,4,0.16271656809978113
37,SCSA-STATE_ART,1339525827118194689,5,5,-0.03887995582502068
37,SCSA-STATE_ART,1353502767352926208,6,3,-0.08581479228989936
37,SCSA-STATE_ART,1357375687967997959,7,3,-0.1322147295008666
37,SCSA-STATE_ART,1364321423901085698,8,1,-0.1618289919260795
37,SCSA-STATE_ART,1368984433026596867,9,3,-0.16254001199801418
37,SCSA-STATE_ART,1354118501653483523,10,1,-0.1626934571397117
38,SCSA-STATE_ART,1365007905318133766,1,4,-0.13768873889958996
38,SCSA-STATE_ART,1366709656974942211,2,4,-0.1394375052243632
38,SCSA-STATE_ART,1361701236395958278,3,4,-0.14446510344358682
38,SCSA-STATE_ART,1364579317964034050,4,3,-0.1485508750733014
38,SCSA-STATE_ART,1361388306106318857,5,4,-0.15475331088110703
38,SCSA-STATE_ART,1359577321695547392,6,4,-0.1599066147603767
38,SCSA-STATE_ART,1369030160943611907,7,4,-0.1604686032774996
38,SCSA-STATE_ART,1366932843067277314,8,4,-0.1612231545723697
38,SCSA-STATE_ART,1369395335769038849,9,4,-0.16179179271649785
38,SCSA-STATE_ART,1369292125641269258,10,4,-0.1619979259031211
39,SCSA-STATE_ART,1364664823984779267,1,4,-0.08505591236422134
39,SCSA-STATE_ART,1317810926133874689,2,5,-0.12918411232001803
39,SCSA-STATE_ART,1369017812165881859,3,5,-0.1582114667319785
39,SCSA-STATE_ART,1367894335233142789,4,4,-0.15839433111823875
39,SCSA-STATE_ART,1318667750408036352,5,5,-0.15914967195903287
39,SCSA-STATE_ART,1363941648812675075,6,4,-0.1600253654296599
39,SCSA-STATE_ART,1283518830950510593,7,5,-0.1621187040011568
39,SCSA-STATE_ART,1368286394792046596,8,5,-0.162271572345154
39,SCSA-STATE_ART,1369034842222985216,9,5,-0.16285972135834859
39,SCSA-STATE_ART,1367315410106736640,10,5,-0.1629176563950277
40,SCSA-STATE_ART,1351920546011893761,1,5,1.3654915218742583
40,SCSA-STATE_ART,1365416645624143873,2,5,1.352063197003944
40,SCSA-STATE_ART,1337463904566456320,3,3,1.2925489724102472
40,SCSA-STATE_ART,1358843677582401536,4,2,0.9431325564939711
40,SCSA-STATE_ART,1331741612402237443,5,5,0.2669490359302921
40,SCSA-STATE_ART,1358843515149504514,6,2,0.18714062376005267
40,SCSA-STATE_ART,1331744604891344896,7,2,0.16271656809978113
40,SCSA-STATE_ART,1353502767352926208,8,2,-0.08581479228989936
40,SCSA-STATE_ART,1357375687967997959,9,5,-0.1322147295008666
40,SCSA-STATE_ART,1354565152939544576,10,1,-0.1617418991725094
41,SCSA-STATE_ART,1351920546011893761,1,2,1.3654915218742583
41,SCSA-STATE_ART,1365416645624143873,2,2,1.352063197003944
41,SCSA-STATE_ART,1337463904566456320,3,1,1.2925489724102472
41,SCSA-STATE_ART,1331741612402237443,4,1,0.2669490359302921
41,SCSA-STATE_ART,1358843515149504514,5,1,0.18714062376005267
41,SCSA-STATE_ART,1331744604891344896,6,1,0.16271656809978113
41,SCSA-STATE_ART,1339525827118194689,7,4,-0.03887995582502068
41,SCSA-STATE_ART,1353502767352926208,8,1,-0.08581479228989936
41,SCSA-STATE_ART,1357375687967997959,9,2,-0.1322147295008666
41,SCSA-STATE_ART,1369017812165881859,10,3,-0.1582114667319785
42,SCSA-STATE_ART,1354545532044075013,1,2,-0.11405258037001766
42,SCSA-STATE_ART,1288988861092245505,2,1,-0.1272630928080207
42,SCSA-STATE_ART,1367894335233142789,3,5,-0.15839433111823875
42,SCSA-STATE_ART,1367949455262060544,4,2,-0.15977182834802614
42,SCSA-STATE_ART,1363941648812675075,5,5,-0.1600253654296599
42,SCSA-STATE_ART,1367947939579006979,6,5,-0.16007096412379945
42,SCSA-STATE_ART,1368286394792046596,7,1,-0.162271572345154
42,SCSA-STATE_ART,1367946026674352134,8,5,-0.16240198778797424
42,SCSA-STATE_ART,1369034842222985216,9,1,-0.16285972135834859
42,SCSA-STATE_ART,1367315410106736640,10,1,-0.1629176563950277
43,SCSA-STATE_ART,1351920546011893761,1,3,1.3654915218742583
43,SCSA-STATE_ART,1365416645624143873,2,3,1.352063197003944
43,SCSA-STATE_ART,1337463904566456320,3,3,1.2925489724102472
43,SCSA-STATE_ART,1358843677582401536,4,5,0.9431325564939711
43,SCSA-STATE_ART,1331741612402237443,5,5,0.2669490359302921
43,SCSA-STATE_ART,1358843515149504514,6,3,0.18714062376005267
43,SCSA-STATE_ART,1331744604891344896,7,3,0.16271656809978113
43,SCSA-STATE_ART,1353502767352926208,8,5,-0.08581479228989936
43,SCSA-STATE_ART,1357375687967997959,9,3,-0.1322147295008666
43,SCSA-STATE_ART,1368933410085945345,10,3,-0.158241675314955
44,SCSA-STATE_ART,1339525827118194689,1,5,-0.03887995582502068
44,SCSA-STATE_ART,1364664823984779267,2,3,-0.08505591236422134
44,SCSA-STATE_ART,1303840025000509448,3,3,-0.1037733167114671
44,SCSA-STATE_ART,1368217898095964166,4,5,-0.12218713890080873
44,SCSA-STATE_ART,1317810926133874689,5,5,-0.12918411232001803
44,SCSA-STATE_ART,1327398719789150214,6,5,-0.15075844474203384
44,SCSA-STATE_ART,1291862297665626112,7,5,-0.1523232706653703
44,SCSA-STATE_ART,1317811466339221509,8,4,-0.15725057835839867
44,SCSA-STATE_ART,1283518830950510593,9,5,-0.1621187040011568
44,SCSA-STATE_ART,1368777274506571779,10,2,-0.16232276360057277
45,SCSA-STATE_ART,1334044250942676993,1,4,0.24587580698988856
45,SCSA-STATE_ART,1328417466272321537,2,5,-0.03595674113291622
45,SCSA-STATE_ART,1351283213403095045,3,5,-0.07770552646839846
45,SCSA-STATE_ART,1167050866521780224,4,3,-0.0784511079453341
45,SCSA-STATE_ART,1367971795790397440,5,5,-0.1218683756480156
45,SCSA-STATE_ART,1340409077751566338,6,3,-0.14618371861017496
45,SCSA-STATE_ART,1319343716801236992,7,5,-0.14673009956013566
45,SCSA-STATE_ART,1350843455128399879,8,3,-0.16040625651359405
45,SCSA-STATE_ART,1234157609395146753,9,3,-0.16154684351616758
45,SCSA-STATE_ART,1319402828285108225,10,5,-0.16190339242230234
46,SCSA-STATE_ART,1369441382973272064,1,4,-0.14736864841342553
46,SCSA-STATE_ART,1369495249417101312,2,4,-0.14994155545922294
46,SCSA-STATE_ART,1369015794248671233,3,3,-0.16113379848586523
46,SCSA-STATE_ART,1369226601972563972,4,3,-0.16125601151625013
46,SCSA-STATE_ART,1368622654870192131,5,3,-0.16142646892113027
46,SCSA-STATE_ART,1369438033892806663,6,4,-0.1614420235489199
46,SCSA-STATE_ART,1369619124318580736,7,4,-0.16155752799471415
46,SCSA-STATE_ART,1369395335769038849,8,3,-0.16179179271649785
46,SCSA-STATE_ART,1369315042236174343,9,3,-0.16204525126394473
46,SCSA-STATE_ART,1369458171467591683,10,4,-0.1620526925449209
47,SCSA-STATE_ART,1337022746824499203,1,5,1.522513486320188
47,SCSA-STATE_ART,1351920546011893761,2,5,1.3654915218742583
47,SCSA-STATE_ART,1365416645624143873,3,5,1.352063197003944
47,SCSA-STATE_ART,1337463904566456320,4,5,1.2925489724102472
47,SCSA-STATE_ART,1358843677582401536,5,5,0.9431325564939711
47,SCSA-STATE_ART,1331741612402237443,6,5,0.2669490359302921
47,SCSA-STATE_ART,1358843515149504514,7,5,0.18714062376005267
47,SCSA-STATE_ART,1331744604891344896,8,5,0.16271656809978113
47,SCSA-STATE_ART,1353502767352926208,9,5,-0.08581479228989936
47,SCSA-STATE_ART,1357375687967997959,10,1,-0.1322147295008666
48,SCSA-STATE_ART,1325498916847153153,1,5,-0.13803297204395518
48,SCSA-STATE_ART,1369441796925886465,2,5,-0.15743537047928802
48,SCSA-STATE_ART,1368177229285502976,3,4,-0.16182241199789368
48,SCSA-STATE_ART,1368494502336475136,4,4,-0.16195271414451481
48,SCSA-STATE_ART,1347166067995660290,5,2,-0.16214332514295748
48,SCSA-STATE_ART,1369367452661014538,6,4,-0.16225265796888877
48,SCSA-STATE_ART,1368300490895818755,7,4,-0.16229611476412525
48,SCSA-STATE_ART,1368271872002035713,8,4,-0.16277895100296028
48,SCSA-STATE_ART,1363181398908141579,9,3,-0.1627944949747454
48,SCSA-STATE_ART,1299756201509613568,10,3,-0.16302276469284072
49,SCSA-STATE_ART,1322257618178609153,1,5,-0.07952053956161123
49,SCSA-STATE_ART,1368932010971004931,2,5,-0.1613441685603854
49,SCSA-STATE_ART,1322257265496334336,3,2,-0.16136645088243978
49,SCSA-STATE_ART,1369054744786989056,4,2,-0.1617422157751127
49,SCSA-STATE_ART,1368177229285502976,5,5,-0.16182241199789368
49,SCSA-STATE_ART,1324374402750767104,6,5,-0.16264838872816453
49,SCSA-STATE_ART,1368271872002035713,7,5,-0.16277895100296028
49,SCSA-STATE_ART,1363181398908141579,8,1,-0.1627944949747454
49,SCSA-STATE_ART,1369297616245231638,9,1,-0.16287743470709765
49,SCSA-STATE_ART,1299756201509613568,10,1,-0.16302276469284072
50,SCSA-STATE_ART,1368561200754270210,1,5,0.38100997072506226
50,SCSA-STATE_ART,1367113993815547906,2,5,-0.029761322530998134
50,SCSA-STATE_ART,1339525827118194689,3,4,-0.03887995582502068
50,SCSA-STATE_ART,1367497561645457427,4,3,-0.12649337531736587
50,SCSA-STATE_ART,1361046993158692866,5,5,-0.14924817255877695
50,SCSA-STATE_ART,1362196066431627265,6,4,-0.1519540540161951
50,SCSA-STATE_ART,1368760443498532864,7,5,-0.15946241638005518
50,SCSA-STATE_ART,1364697022847209478,8,5,-0.16042395551412714
50,SCSA-STATE_ART,1369355243406954501,9,4,-0.16119039123784681
50,SCSA-STATE_ART,1368777274506571779,10,5,-0.16232276360057277
51,SCSA-STATE_ART,1339525827118194689,1,5,-0.03887995582502068
51,SCSA-STATE_ART,1369017812165881859,2,5,-0.1582114667319785
51,SCSA-STATE_ART,1367894335233142789,3,1,-0.15839433111823875
51,SCSA-STATE_ART,1363941648812675075,4,1,-0.1600253654296599
51,SCSA-STATE_ART,1364321423901085698,5,1,-0.1618289919260795
51,SCSA-STATE_ART,1368286394792046596,6,1,-0.162271572345154
51,SCSA-STATE_ART,1368984433026596867,7,1,-0.16254001199801418
51,SCSA-STATE_ART,1354118501653483523,8,5,-0.1626934571397117
51,SCSA-STATE_ART,1369034842222985216,9,1,-0.16285972135834859
51,SCSA-STATE_ART,1367315410106736640,10,1,-0.1629176563950277
53,SCSA-STATE_ART,1364607745270423556,1,1,0.15814341714407787
53,SCSA-STATE_ART,1337077938076979205,2,1,-0.1514914697726787
53,SCSA-STATE_ART,1367894335233142789,3,1,-0.15839433111823875
53,SCSA-STATE_ART,1336793663792406530,4,1,-0.15899590429959662
53,SCSA-STATE_ART,1363941648812675075,5,1,-0.1600253654296599
53,SCSA-STATE_ART,1369383214062665731,6,1,-0.1619771478345075
53,SCSA-STATE_ART,1368286394792046596,7,1,-0.162271572345154
53,SCSA-STATE_ART,1365327872643260420,8,1,-0.1623579599275923
53,SCSA-STATE_ART,1369034842222985216,9,1,-0.16285972135834859
53,SCSA-STATE_ART,1367315410106736640,10,1,-0.1629176563950277
54,SCSA-STATE_ART,1339525827118194689,1,3,-0.03887995582502068
54,SCSA-STATE_ART,1369017812165881859,2,3,-0.1582114667319785
54,SCSA-STATE_ART,1367894335233142789,3,2,-0.15839433111823875
54,SCSA-STATE_ART,1363941648812675075,4,2,-0.1600253654296599
54,SCSA-STATE_ART,1364321423901085698,5,4,-0.1618289919260795
54,SCSA-STATE_ART,1368286394792046596,6,4,-0.162271572345154
54,SCSA-STATE_ART,1368984433026596867,7,3,-0.16254001199801418
54,SCSA-STATE_ART,1354118501653483523,8,4,-0.1626934571397117
54,SCSA-STATE_ART,1369034842222985216,9,4,-0.16285972135834859
54,SCSA-STATE_ART,1367315410106736640,10,2,-0.1629176563950277
55,SCSA-STATE_ART,1325498916847153153,1,5,-0.13803297204395518
55,SCSA-STATE_ART,1368933410085945345,2,5,-0.158241675314955
55,SCSA-STATE_ART,1368177229285502976,3,5,-0.16182241199789368
55,SCSA-STATE_ART,1346121159134343168,4,5,-0.16186461272667968
55,SCSA-STATE_ART,1368494502336475136,5,5,-0.16195271414451481
55,SCSA-STATE_ART,1347166067995660290,6,5,-0.16214332514295748
55,SCSA-STATE_ART,1369367452661014538,7,5,-0.16225265796888877
55,SCSA-STATE_ART,1368300490895818755,8,5,-0.16229611476412525
55,SCSA-STATE_ART,1363181398908141579,9,5,-0.1627944949747454
55,SCSA-STATE_ART,1299756201509613568,10,5,-0.16302276469284072
57,SCSA-STATE_ART,1319651956579762176,1,5,0.540657599943253
57,SCSA-STATE_ART,1296511004063473667,2,5,0.12649332540461908
57,SCSA-STATE_ART,1238211420388569088,3,5,0.035204797282406115
57,SCSA-STATE_ART,1365047360934526982,4,4,-0.031031400135387684
57,SCSA-STATE_ART,1291094964185825281,5,5,-0.05939902422868242
57,SCSA-STATE_ART,1070275243552489472,6,4,-0.0871359296670186
57,SCSA-STATE_ART,1369395335769038849,7,4,-0.16179179271649785
57,SCSA-STATE_ART,1369315042236174343,8,4,-0.16204525126394473
57,SCSA-STATE_ART,1247840496569012225,9,4,-0.16207168416000065
57,SCSA-STATE_ART,764216312134590466,10,4,-0.16224994610086999
58,SCSA-STATE_ART,1368641210533830657,1,5,-0.1492307220489527
58,SCSA-STATE_ART,1369017812165881859,2,5,-0.1582114667319785
58,SCSA-STATE_ART,1367894335233142789,3,5,-0.15839433111823875
58,SCSA-STATE_ART,1363941648812675075,4,5,-0.1600253654296599
58,SCSA-STATE_ART,1367912923641737216,5,5,-0.16052254522173293
58,SCSA-STATE_ART,1367930915733835777,6,4,-0.1610679610426875
58,SCSA-STATE_ART,1368286394792046596,7,5,-0.162271572345154
58,SCSA-STATE_ART,1367604109113655297,8,5,-0.16257688954591829
58,SCSA-STATE_ART,1369034842222985216,9,5,-0.16285972135834859
58,SCSA-STATE_ART,1367315410106736640,10,5,-0.1629176563950277
60,SCSA-STATE_ART,1339525827118194689,1,5,-0.03887995582502068
60,SCSA-STATE_ART,1369017812165881859,2,5,-0.1582114667319785
60,SCSA-STATE_ART,1367894335233142789,3,5,-0.15839433111823875
60,SCSA-STATE_ART,1363941648812675075,4,5,-0.1600253654296599
60,SCSA-STATE_ART,1364321423901085698,5,5,-0.1618289919260795
60,SCSA-STATE_ART,1368286394792046596,6,5,-0.162271572345154
60,SCSA-STATE_ART,1368984433026596867,7,5,-0.16254001199801418
60,SCSA-STATE_ART,1354118501653483523,8,5,-0.1626934571397117
60,SCSA-STATE_ART,1369034842222985216,9,5,-0.16285972135834859
60,SCSA-STATE_ART,1367315410106736640,10,5,-0.1629176563950277
61,SCSA-STATE_ART,1339525827118194689,1,3,-0.03887995582502068
61,SCSA-STATE_ART,1288988861092245505,2,3,-0.1272630928080207
61,SCSA-STATE_ART,1367949455262060544,3,3,-0.15977182834802614
61,SCSA-STATE_ART,1364321423901085698,4,4,-0.1618289919260795
61,SCSA-STATE_ART,1358610352313757697,5,3,-0.16197188963713427
61,SCSA-STATE_ART,1242143080616087552,6,2,-0.162394680611172
61,SCSA-STATE_ART,1368984433026596867,7,2,-0.16254001199801418
61,SCSA-STATE_ART,1354118501653483523,8,5,-0.1626934571397117
61,SCSA-STATE_ART,1358615407775649792,9,2,-0.16291985464561376
61,SCSA-STATE_ART,1357706176864129027,10,2,-0.1629386445344312
62,SCSA-STATE_ART,1351920546011893761,1,3,1.3654915218742583
62,SCSA-STATE_ART,1365416645624143873,2,3,1.352063197003944
62,SCSA-STATE_ART,1337463904566456320,3,3,1.2925489724102472
62,SCSA-STATE_ART,1331744604891344896,4,1,0.16271656809978113
62,SCSA-STATE_ART,1364607745270423556,5,3,0.15814341714407787
62,SCSA-STATE_ART,1353502767352926208,6,3,-0.08581479228989936
62,SCSA-STATE_ART,1337077938076979205,7,3,-0.1514914697726787
62,SCSA-STATE_ART,1336793663792406530,8,2,-0.15899590429959662
62,SCSA-STATE_ART,1369383214062665731,9,2,-0.1619771478345075
62,SCSA-STATE_ART,1365327872643260420,10,3,-0.1623579599275923
63,SCSA-STATE_ART,1365007905318133766,1,5,-0.13768873889958996
63,SCSA-STATE_ART,1366709656974942211,2,4,-0.1394375052243632
63,SCSA-STATE_ART,1361701236395958278,3,3,-0.14446510344358682
63,SCSA-STATE_ART,1369441382973272064,4,2,-0.14736864841342553
63,SCSA-STATE_ART,1369441382973272064,5,5,-0.14736864841342553
63,SCSA-STATE_ART,1364579317964034050,6,5,-0.1485508750733014
63,SCSA-STATE_ART,1369495249417101312,7,5,-0.14994155545922294
63,SCSA-STATE_ART,1361388306106318857,8,3,-0.15475331088110703
63,SCSA-STATE_ART,1369030160943611907,9,5,-0.1604686032774996
63,SCSA-STATE_ART,1366932843067277314,10,2,-0.1612231545723697
66,SCSA-STATE_ART,1321799645652307969,1,5,0.050249781870906354
66,SCSA-STATE_ART,1364664823984779267,2,5,-0.08505591236422134
66,SCSA-STATE_ART,1303840025000509448,3,4,-0.1037733167114671
66,SCSA-STATE_ART,1368217898095964166,4,5,-0.12218713890080873
66,SCSA-STATE_ART,1365629350721249281,5,5,-0.14877194258128032
66,SCSA-STATE_ART,1327398719789150214,6,2,-0.15075844474203384
66,SCSA-STATE_ART,1291862297665626112,7,2,-0.1523232706653703
66,SCSA-STATE_ART,1308893236723953665,8,5,-0.15252486827059736
66,SCSA-STATE_ART,1317811466339221509,9,3,-0.15725057835839867
66,SCSA-STATE_ART,1283518830950510593,10,2,-0.1621187040011568
68,SCSA-STATE_ART,1321455751567532032,1,5,-0.06056330978192362
68,SCSA-STATE_ART,1333873034114064385,2,5,-0.10490736571346042
68,SCSA-STATE_ART,1320142365038817281,3,5,-0.11130999141045847
68,SCSA-STATE_ART,1338592930022363139,4,5,-0.1462227479128133
68,SCSA-STATE_ART,1337077938076979205,5,5,-0.1514914697726787
68,SCSA-STATE_ART,1367882927384768524,6,3,-0.15329852445505293
68,SCSA-STATE_ART,1347619092417548288,7,5,-0.15679240711867998
68,SCSA-STATE_ART,1362069293790162946,8,5,-0.15775414054742581
68,SCSA-STATE_ART,1360346403873181707,9,4,-0.15888531885611126
68,SCSA-STATE_ART,1336793663792406530,10,5,-0.15899590429959662
70,SCSA-STATE_ART,1369441382973272064,1,5,-0.14736864841342553
70,SCSA-STATE_ART,1369495249417101312,2,5,-0.14994155545922294
70,SCSA-STATE_ART,1369226601972563972,3,3,-0.16125601151625013
70,SCSA-STATE_ART,1368622654870192131,4,3,-0.16142646892113027
70,SCSA-STATE_ART,1369438033892806663,5,3,-0.1614420235489199
70,SCSA-STATE_ART,1369619124318580736,6,4,-0.16155752799471415
70,SCSA-STATE_ART,1369458171467591683,7,3,-0.1620526925449209
70,SCSA-STATE_ART,1364851499042537474,8,2,-0.16221524869930015
70,SCSA-STATE_ART,1352554075657801732,9,3,-0.16254188299511702
70,SCSA-STATE_ART,1352937076669476864,10,3,-0.16285043917309297
71,SCSA-STATE_ART,1364607745270423556,1,5,0.15814341714407787
71,SCSA-STATE_ART,1339525827118194689,2,5,-0.03887995582502068
71,SCSA-STATE_ART,1337077938076979205,3,4,-0.1514914697726787
71,SCSA-STATE_ART,1336793663792406530,4,4,-0.15899590429959662
71,SCSA-STATE_ART,1364321423901085698,5,5,-0.1618289919260795
71,SCSA-STATE_ART,1369386818169372680,6,5,-0.16196945948694028
71,SCSA-STATE_ART,1369383214062665731,7,4,-0.1619771478345075
71,SCSA-STATE_ART,1369372321736232963,8,5,-0.1623682998941281
71,SCSA-STATE_ART,1368984433026596867,9,5,-0.16254001199801418
71,SCSA-STATE_ART,1354118501653483523,10,4,-0.1626934571397117
72,SCSA-STATE_ART,1356662728111181824,1,5,-0.15636658402863085
72,SCSA-STATE_ART,1343929726579187713,2,5,-0.1599771740171698
72,SCSA-STATE_ART,1365767910543691777,3,5,-0.1599904658832262
72,SCSA-STATE_ART,1367532398825648130,4,5,-0.16121993792220848
72,SCSA-STATE_ART,1312137847378386944,5,5,-0.1616324460308844
72,SCSA-STATE_ART,1334873804582121475,6,5,-0.16205234793294093
72,SCSA-STATE_ART,1354446870312005635,7,5,-0.16205658248384164
72,SCSA-STATE_ART,1355169402128363523,8,5,-0.16218026382673795
72,SCSA-STATE_ART,1356255352145272832,9,5,-0.16226691210726413
72,SCSA-STATE_ART,1329861315624660993,10,5,-0.16283159977455564
73,SCSA-STATE_ART,1365007905318133766,1,4,-0.13768873889958996
73,SCSA-STATE_ART,1366709656974942211,2,1,-0.1394375052243632
73,SCSA-STATE_ART,1361701236395958278,3,1,-0.14446510344358682
73,SCSA-STATE_ART,1364579317964034050,4,2,-0.1485508750733014
73,SCSA-STATE_ART,1361388306106318857,5,3,-0.15475331088110703
73,SCSA-STATE_ART,1369030160943611907,6,2,-0.1604686032774996
73,SCSA-STATE_ART,1366932843067277314,7,1,-0.1612231545723697
73,SCSA-STATE_ART,1369395335769038849,8,5,-0.16179179271649785
73,SCSA-STATE_ART,1369292125641269258,9,5,-0.1619979259031211
73,SCSA-STATE_ART,1369458171467591683,10,1,-0.1620526925449209
74,SCSA-STATE_ART,1369441382973272064,1,4,-0.14736864841342553
74,SCSA-STATE_ART,1369495249417101312,2,5,-0.14994155545922294
74,SCSA-STATE_ART,1369015794248671233,3,4,-0.16113379848586523
74,SCSA-STATE_ART,1369226601972563972,4,4,-0.16125601151625013
74,SCSA-STATE_ART,1368622654870192131,5,3,-0.16142646892113027
74,SCSA-STATE_ART,1369438033892806663,6,4,-0.1614420235489199
74,SCSA-STATE_ART,1369619124318580736,7,5,-0.16155752799471415
74,SCSA-STATE_ART,1369395335769038849,8,4,-0.16179179271649785
74,SCSA-STATE_ART,1369315042236174343,9,5,-0.16204525126394473
74,SCSA-STATE_ART,1369458171467591683,10,5,-0.1620526925449209
76,SCSA-STATE_ART,1351920546011893761,1,2,1.3654915218742583
76,SCSA-STATE_ART,1365416645624143873,2,2,1.352063197003944
76,SCSA-STATE_ART,1337463904566456320,3,2,1.2925489724102472
76,SCSA-STATE_ART,1358843677582401536,4,5,0.9431325564939711
76,SCSA-STATE_ART,1331741612402237443,5,4,0.2669490359302921
76,SCSA-STATE_ART,1358843515149504514,6,4,0.18714062376005267
76,SCSA-STATE_ART,1331744604891344896,7,2,0.16271656809978113
76,SCSA-STATE_ART,1353502767352926208,8,2,-0.08581479228989936
76,SCSA-STATE_ART,1290659734639521798,9,4,-0.09388391124280858
76,SCSA-STATE_ART,1357375687967997959,10,2,-0.1322147295008666
77,SCSA-STATE_ART,1369015794248671233,1,5,-0.16113379848586523
77,SCSA-STATE_ART,1369226601972563972,2,5,-0.16125601151625013
77,SCSA-STATE_ART,1368622654870192131,3,4,-0.16142646892113027
77,SCSA-STATE_ART,1369438033892806663,4,5,-0.1614420235489199
77,SCSA-STATE_ART,1369619124318580736,5,5,-0.16155752799471415
77,SCSA-STATE_ART,1369395335769038849,6,5,-0.16179179271649785
77,SCSA-STATE_ART,1369315042236174343,7,3,-0.16204525126394473
77,SCSA-STATE_ART,1369458171467591683,8,4,-0.1620526925449209
77,SCSA-STATE_ART,1364851499042537474,9,5,-0.16221524869930015
77,SCSA-STATE_ART,1352554075657801732,10,5,-0.16254188299511702
78,SCSA-STATE_ART,1368561200754270210,1,4,0.38100997072506226
78,SCSA-STATE_ART,1366232555037462531,2,4,0.16494129552663925
78,SCSA-STATE_ART,1319343716801236992,3,2,-0.14673009956013566
78,SCSA-STATE_ART,1367531774012751878,4,1,-0.15555461865822937
78,SCSA-STATE_ART,1368933410085945345,5,1,-0.158241675314955
78,SCSA-STATE_ART,1345510484213075968,6,1,-0.16148089480623054
78,SCSA-STATE_ART,1326736922199257089,7,1,-0.1615990631356641
78,SCSA-STATE_ART,1368584215403655171,8,1,-0.16250993603289163
78,SCSA-STATE_ART,1367649223601238016,9,2,-0.162515760155467
78,SCSA-STATE_ART,1367170047081402380,10,1,-0.1626959818520871
79,SCSA-STATE_ART,1321455751567532032,1,5,-0.06056330978192362
79,SCSA-STATE_ART,1333873034114064385,2,3,-0.10490736571346042
79,SCSA-STATE_ART,1343729046891347968,3,5,-0.14388723828005037
79,SCSA-STATE_ART,1359932980974657536,4,4,-0.15478179878195203
79,SCSA-STATE_ART,1366115959623331844,5,5,-0.1567167050255976
79,SCSA-STATE_ART,1347619092417548288,6,5,-0.15679240711867998
79,SCSA-STATE_ART,1362069293790162946,7,5,-0.15775414054742581
79,SCSA-STATE_ART,1360346403873181707,8,4,-0.15888531885611126
79,SCSA-STATE_ART,1364624807220948994,9,5,-0.16009886210320087
79,SCSA-STATE_ART,1362872757109809152,10,4,-0.16234826693959664
81,SCSA-STATE_ART,1368561200754270210,1,5,0.38100997072506226
81,SCSA-STATE_ART,1367822755769573377,2,5,-0.0647045687104689
81,SCSA-STATE_ART,1368170081633644548,3,4,-0.08482021680225563
81,SCSA-STATE_ART,1333873034114064385,4,5,-0.10490736571346042
81,SCSA-STATE_ART,1367497561645457427,5,5,-0.12649337531736587
81,SCSA-STATE_ART,1369367467001315336,6,4,-0.1288669931501002
81,SCSA-STATE_ART,1368501683219693570,7,5,-0.13797545345684709
81,SCSA-STATE_ART,1359932980974657536,8,5,-0.15478179878195203
81,SCSA-STATE_ART,1362069293790162946,9,5,-0.15775414054742581
81,SCSA-STATE_ART,1369458171467591683,10,5,-0.1620526925449209
1,SCSA-SCSA_PLUS,1364607745270423556,1,5,14565.146750784681
1,SCSA-SCSA_PLUS,1339525827118194689,2,4,3887.419263280145
1,SCSA-SCSA_PLUS,1337077938076979205,3,3,629.1056239179003
1,SCSA-SCSA_PLUS,1367882927384768524,4,5,343.39308424381676
1,SCSA-SCSA_PLUS,1336793663792406530,5,2,219.38072871923873
1,SCSA-SCSA_PLUS,1369386818169372680,6,5,25.58862800831706
1,SCSA-SCSA_PLUS,1369383214062665731,7,2,16.118629430851186
1,SCSA-SCSA_PLUS,1363551492486008834,8,1,6.980876106179094
1,SCSA-SCSA_PLUS,1354118501653483523,9,1,5.85108584567089
1,SCSA-SCSA_PLUS,1369372321736232963,10,1,2.20993968322397
2,SCSA-SCSA_PLUS,1366709656974942211,1,5,1207.0441951194061
2,SCSA-SCSA_PLUS,1365007905318133766,2,4,787.2150321488255
2,SCSA-SCSA_PLUS,1361701236395958278,3,4,714.3107672149162
2,SCSA-SCSA_PLUS,1364579317964034050,4,5,618.9174904669693
2,SCSA-SCSA_PLUS,1361388306106318857,5,4,364.4238776661783
2,SCSA-SCSA_PLUS,1369441382973272064,6,4,174.5604246560723
2,SCSA-SCSA_PLUS,1369030160943611907,7,4,56.60030584661035
2,SCSA-SCSA_PLUS,1366932843067277314,8,3,29.106464727747177
2,SCSA-SCSA_PLUS,1369292125641269258,9,4,17.71487552428316
2,SCSA-SCSA_PLUS,1369458171467591683,10,3,4.793478939251034
3,SCSA-SCSA_PLUS,1364607745270423556,1,2,14565.146750784681
3,SCSA-SCSA_PLUS,1337077938076979205,2,3,629.1056239179003
3,SCSA-SCSA_PLUS,1336793663792406530,3,3,219.38072871923873
3,SCSA-SCSA_PLUS,1367894335233142789,4,3,170.85870608725887
3,SCSA-SCSA_PLUS,1363941648812675075,5,4,135.93209629470897
3,SCSA-SCSA_PLUS,1365327872643260420,6,3,25.38170895618625
3,SCSA-SCSA_PLUS,1369383214062665731,7,3,16.118629430851186
3,SCSA-SCSA_PLUS,1324374402750767104,8,5,9.61752966074838
3,SCSA-SCSA_PLUS,1368286394792046596,9,3,1.577731177353678
3,SCSA-SCSA_PLUS,1367315410106736640,10,3,1.5595333010514443
4,SCSA-SCSA_PLUS,1369495249417101312,1,3,251.64971798627315
4,SCSA-SCSA_PLUS,1369441382973272064,2,5,174.5604246560723
4,SCSA-SCSA_PLUS,1368622654870192131,3,5,21.490113548438927
4,SCSA-SCSA_PLUS,1369226601972563972,4,5,19.20013419189834
4,SCSA-SCSA_PLUS,1369619124318580736,5,5,11.517740432392525
4,SCSA-SCSA_PLUS,1369438033892806663,6,5,10.87148916371206
4,SCSA-SCSA_PLUS,1369458171467591683,7,4,4.793478939251034
4,SCSA-SCSA_PLUS,1352554075657801732,8,1,1.4491870294181106
4,SCSA-SCSA_PLUS,1364851499042537474,9,2,1.3400654473448708
4,SCSA-SCSA_PLUS,1352937076669476864,10,2,1.302104066070817
5,SCSA-SCSA_PLUS,1366709656974942211,1,3,1207.0441951194061
5,SCSA-SCSA_PLUS,1365007905318133766,2,2,787.2150321488255
5,SCSA-SCSA_PLUS,1361701236395958278,3,2,714.3107672149162
5,SCSA-SCSA_PLUS,1364579317964034050,4,3,618.9174904669693
5,SCSA-SCSA_PLUS,1361388306106318857,5,2,364.4238776661783
5,SCSA-SCSA_PLUS,1369441382973272064,6,4,174.5604246560723
5,SCSA-SCSA_PLUS,1369030160943611907,7,3,56.60030584661035
5,SCSA-SCSA_PLUS,1366932843067277314,8,2,29.106464727747177
5,SCSA-SCSA_PLUS,1369292125641269258,9,3,17.71487552428316
5,SCSA-SCSA_PLUS,1369458171467591683,10,4,4.793478939251034
6,SCSA-SCSA_PLUS,1365416645624143873,1,3,79069.19757227854
6,SCSA-SCSA_PLUS,1337022746824499203,2,2,76128.00602428085
6,SCSA-SCSA_PLUS,1351920546011893761,3,2,74390.5475917714
6,SCSA-SCSA_PLUS,1337463904566456320,4,2,43527.399345379476
6,SCSA-SCSA_PLUS,1331744604891344896,5,2,9965.826990520885
6,SCSA-SCSA_PLUS,1358843515149504514,6,3,7491.5300356001
6,SCSA-SCSA_PLUS,1339525827118194689,7,5,3887.419263280145
6,SCSA-SCSA_PLUS,1353502767352926208,8,3,2768.0697611234855
6,SCSA-SCSA_PLUS,1357375687967997959,9,1,1749.829028848073
6,SCSA-SCSA_PLUS,1354118501653483523,10,5,5.85108584567089
7,SCSA-SCSA_PLUS,1364607745270423556,1,2,14565.146750784681
7,SCSA-SCSA_PLUS,1337077938076979205,2,2,629.1056239179003
7,SCSA-SCSA_PLUS,1367882927384768524,3,4,343.39308424381676
7,SCSA-SCSA_PLUS,1336793663792406530,4,3,219.38072871923873
7,SCSA-SCSA_PLUS,1336596712857743361,5,3,77.36094600347106
7,SCSA-SCSA_PLUS,1369386818169372680,6,5,25.58862800831706
7,SCSA-SCSA_PLUS,1369383214062665731,7,3,16.118629430851186
7,SCSA-SCSA_PLUS,1369337343270862853,8,2,14.825053674952981
7,SCSA-SCSA_PLUS,1363551492486008834,9,3,6.980876106179094
7,SCSA-SCSA_PLUS,1369372321736232963,10,4,2.20993968322397
8,SCSA-SCSA_PLUS,1365416645624143873,1,4,79069.19757227854
8,SCSA-SCSA_PLUS,1351920546011893761,2,4,74390.5475917714
8,SCSA-SCSA_PLUS,1337463904566456320,3,4,43527.399345379476
8,SCSA-SCSA_PLUS,1358843677582401536,4,3,14742.094701852986
8,SCSA-SCSA_PLUS,1331741612402237443,5,3,11015.833891760663
8,SCSA-SCSA_PLUS,1331744604891344896,6,4,9965.826990520885
8,SCSA-SCSA_PLUS,1358843515149504514,7,4,7491.5300356001
8,SCSA-SCSA_PLUS,1290659734639521798,8,5,3212.634477955934
8,SCSA-SCSA_PLUS,1353502767352926208,9,4,2768.0697611234855
8,SCSA-SCSA_PLUS,1357375687967997959,10,4,1749.829028848073
9,SCSA-SCSA_PLUS,1321455751567532032,1,5,2802.1447852266283
9,SCSA-SCSA_PLUS,1333873034114064385,2,5,1862.0620400849632
9,SCSA-SCSA_PLUS,1343729046891347968,3,5,528.2148003644209
9,SCSA-SCSA_PLUS,1359932980974657536,4,5,445.8997620912705
9,SCSA-SCSA_PLUS,1347619092417548288,5,5,275.8088159999599
9,SCSA-SCSA_PLUS,1362069293790162946,6,4,198.87570056909385
9,SCSA-SCSA_PLUS,1366115959623331844,7,1,146.7261787335528
9,SCSA-SCSA_PLUS,1360346403873181707,8,4,138.20326331737215
9,SCSA-SCSA_PLUS,1364624807220948994,9,1,51.19402974001589
9,SCSA-SCSA_PLUS,1362872757109809152,10,1,14.900936558159156
10,SCSA-SCSA_PLUS,1364607745270423556,1,3,14565.146750784681
10,SCSA-SCSA_PLUS,1337077938076979205,2,3,629.1056239179003
10,SCSA-SCSA_PLUS,1367882927384768524,3,5,343.39308424381676
10,SCSA-SCSA_PLUS,1336793663792406530,4,3,219.38072871923873
10,SCSA-SCSA_PLUS,1336596712857743361,5,3,77.36094600347106
10,SCSA-SCSA_PLUS,1369386818169372680,6,4,25.58862800831706
10,SCSA-SCSA_PLUS,1369383214062665731,7,4,16.118629430851186
10,SCSA-SCSA_PLUS,1369337343270862853,8,4,14.825053674952981
10,SCSA-SCSA_PLUS,1363551492486008834,9,4,6.980876106179094
10,SCSA-SCSA_PLUS,1369372321736232963,10,4,2.20993968322397
11,SCSA-SCSA_PLUS,1365416645624143873,1,5,79069.19757227854
11,SCSA-SCSA_PLUS,1365416645624143873,2,2,79069.19757227854
11,SCSA-SCSA_PLUS,1351920546011893761,3,4,74390.5475917714
11,SCSA-SCSA_PLUS,1351920546011893761,4,2,74390.5475917714
11,SCSA-SCSA_PLUS,1337463904566456320,5,5,43527.399345379476
11,SCSA-SCSA_PLUS,1337463904566456320,6,4,43527.399345379476
11,SCSA-SCSA_PLUS,1358843677582401536,7,2,14742.094701852986
11,SCSA-SCSA_PLUS,1358843677582401536,8,4,14742.094701852986
11,SCSA-SCSA_PLUS,1331741612402237443,9,4,11015.833891760663
11,SCSA-SCSA_PLUS,1331741612402237443,10,2,11015.833891760663
12,SCSA-SCSA_PLUS,1360286991011639302,1,5,920.908002607988
12,SCSA-SCSA_PLUS,1367532398825648130,2,5,34.91100102529262
12,SCSA-SCSA_PLUS,1326033569555181568,3,2,14.254086215875216
12,SCSA-SCSA_PLUS,1365811680815554560,4,3,4.407241007082251
12,SCSA-SCSA_PLUS,1334873913210380298,5,5,3.355843790599515
12,SCSA-SCSA_PLUS,1365812811721543685,6,3,3.3041049985415287
12,SCSA-SCSA_PLUS,1354807067232489475,7,5,2.1215397006940138
12,SCSA-SCSA_PLUS,1334130051554668547,8,5,1.348212306815467
12,SCSA-SCSA_PLUS,1365784358217523201,9,3,1.284775993230183
12,SCSA-SCSA_PLUS,1356255352145272832,10,5,1.2462541096050344
13,SCSA-SCSA_PLUS,1364607745270423556,1,4,14565.146750784681
13,SCSA-SCSA_PLUS,1337077938076979205,2,3,629.1056239179003
13,SCSA-SCSA_PLUS,1367882927384768524,3,4,343.39308424381676
13,SCSA-SCSA_PLUS,1336793663792406530,4,4,219.38072871923873
13,SCSA-SCSA_PLUS,1336596712857743361,5,1,77.36094600347106
13,SCSA-SCSA_PLUS,1354565152939544576,6,1,47.80674917524349
13,SCSA-SCSA_PLUS,1369386818169372680,7,5,25.58862800831706
13,SCSA-SCSA_PLUS,1369383214062665731,8,2,16.118629430851186
13,SCSA-SCSA_PLUS,1369337343270862853,9,1,14.825053674952981
13,SCSA-SCSA_PLUS,1369372321736232963,10,1,2.20993968322397
15,SCSA-SCSA_PLUS,1368297763524448256,1,3,6512.673797909371
15,SCSA-SCSA_PLUS,1364664823984779267,2,4,5020.701719755106
15,SCSA-SCSA_PLUS,1317810926133874689,3,4,1883.1177735836065
15,SCSA-SCSA_PLUS,1366380504736534529,4,4,1744.6607771669626
15,SCSA-SCSA_PLUS,1360286991011639302,5,3,920.908002607988
15,SCSA-SCSA_PLUS,1359941706951524353,6,3,379.20571076216163
15,SCSA-SCSA_PLUS,1318667750408036352,7,3,104.90475923348032
15,SCSA-SCSA_PLUS,1349743109832372225,8,4,52.79394769152736
15,SCSA-SCSA_PLUS,1354565152939544576,9,5,47.80674917524349
15,SCSA-SCSA_PLUS,1283518830950510593,10,4,24.218569057607272
16,SCSA-SCSA_PLUS,1368561200754270210,1,1,24727.376011343455
16,SCSA-SCSA_PLUS,1366232555037462531,2,3,10492.55449791289
16,SCSA-SCSA_PLUS,1319343716801236992,3,5,896.4276675871909
16,SCSA-SCSA_PLUS,1367531774012751878,4,1,308.59245240327186
16,SCSA-SCSA_PLUS,1368933410085945345,5,1,222.00700212642244
16,SCSA-SCSA_PLUS,1326736922199257089,6,1,74.95175866971074
16,SCSA-SCSA_PLUS,1368584215403655171,7,1,14.230907526593189
16,SCSA-SCSA_PLUS,1367649223601238016,8,1,11.052052900935243
16,SCSA-SCSA_PLUS,1345510484213075968,9,1,4.856373906347175
16,SCSA-SCSA_PLUS,1367170047081402380,10,1,2.0010686276084173
17,SCSA-SCSA_PLUS,1364607745270423556,1,5,14565.146750784681
17,SCSA-SCSA_PLUS,1337077938076979205,2,2,629.1056239179003
17,SCSA-SCSA_PLUS,1367882927384768524,3,3,343.39308424381676
17,SCSA-SCSA_PLUS,1336793663792406530,4,2,219.38072871923873
17,SCSA-SCSA_PLUS,1336596712857743361,5,1,77.36094600347106
17,SCSA-SCSA_PLUS,1354565152939544576,6,1,47.80674917524349
17,SCSA-SCSA_PLUS,1369386818169372680,7,2,25.58862800831706
17,SCSA-SCSA_PLUS,1369383214062665731,8,2,16.118629430851186
17,SCSA-SCSA_PLUS,1369337343270862853,9,1,14.825053674952981
17,SCSA-SCSA_PLUS,1369372321736232963,10,2,2.20993968322397
18,SCSA-SCSA_PLUS,1368297763524448256,1,2,6512.673797909371
18,SCSA-SCSA_PLUS,1182112257708306433,2,2,5531.354104341975
18,SCSA-SCSA_PLUS,1339525827118194689,3,4,3887.419263280145
18,SCSA-SCSA_PLUS,1358569998885785609,4,1,3501.883759834945
18,SCSA-SCSA_PLUS,1366380504736534529,5,2,1744.6607771669626
18,SCSA-SCSA_PLUS,1360286991011639302,6,1,920.908002607988
18,SCSA-SCSA_PLUS,1359941706951524353,7,1,379.20571076216163
18,SCSA-SCSA_PLUS,1349743109832372225,8,1,52.79394769152736
18,SCSA-SCSA_PLUS,1354118501653483523,9,1,5.85108584567089
18,SCSA-SCSA_PLUS,1362127981234188288,10,3,1.8499241322629854
19,SCSA-SCSA_PLUS,1369495249417101312,1,4,251.64971798627315
19,SCSA-SCSA_PLUS,1369441382973272064,2,3,174.5604246560723
19,SCSA-SCSA_PLUS,1369355243406954501,3,4,67.7580637806263
19,SCSA-SCSA_PLUS,1369015794248671233,4,4,17.68763149599703
19,SCSA-SCSA_PLUS,1369395335769038849,5,4,10.656392007601085
19,SCSA-SCSA_PLUS,1369315042236174343,6,4,3.3729879649947727
19,SCSA-SCSA_PLUS,1352554075657801732,7,4,1.4491870294181106
19,SCSA-SCSA_PLUS,1364851499042537474,8,4,1.3400654473448708
19,SCSA-SCSA_PLUS,1352937076669476864,9,4,1.302104066070817
19,SCSA-SCSA_PLUS,1353672852747284480,10,4,0.7009686540802981
20,SCSA-SCSA_PLUS,1368561200754270210,1,4,24727.376011343455
20,SCSA-SCSA_PLUS,1339525827118194689,2,1,3887.419263280145
20,SCSA-SCSA_PLUS,1367497561645457427,3,1,1863.0286632709629
20,SCSA-SCSA_PLUS,1362196066431627265,4,1,709.2542709144469
20,SCSA-SCSA_PLUS,1361046993158692866,5,1,639.37346563021
20,SCSA-SCSA_PLUS,1364697022847209478,6,1,134.50095496854436
20,SCSA-SCSA_PLUS,1367496989215248388,7,2,102.83607009763585
20,SCSA-SCSA_PLUS,1368760443498532864,8,2,42.125858247836575
20,SCSA-SCSA_PLUS,1368777274506571779,9,1,9.415762505798684
20,SCSA-SCSA_PLUS,1369458171467591683,10,5,4.793478939251034
21,SCSA-SCSA_PLUS,1364607745270423556,1,1,14565.146750784681
21,SCSA-SCSA_PLUS,1337077938076979205,2,1,629.1056239179003
21,SCSA-SCSA_PLUS,1336793663792406530,3,3,219.38072871923873
21,SCSA-SCSA_PLUS,1367894335233142789,4,3,170.85870608725887
21,SCSA-SCSA_PLUS,1363941648812675075,5,4,135.93209629470897
21,SCSA-SCSA_PLUS,1365327872643260420,6,1,25.38170895618625
21,SCSA-SCSA_PLUS,1369383214062665731,7,1,16.118629430851186
21,SCSA-SCSA_PLUS,1354118501653483523,8,2,5.85108584567089
21,SCSA-SCSA_PLUS,1368286394792046596,9,1,1.577731177353678
21,SCSA-SCSA_PLUS,1367315410106736640,10,1,1.5595333010514443
22,SCSA-SCSA_PLUS,1367894335233142789,1,5,170.85870608725887
22,SCSA-SCSA_PLUS,1369017812165881859,2,2,150.59003997691323
22,SCSA-SCSA_PLUS,1367930915733835777,3,5,136.19430440486988
22,SCSA-SCSA_PLUS,1363941648812675075,4,5,135.93209629470897
22,SCSA-SCSA_PLUS,1369441796925886465,5,4,114.70384284457229
22,SCSA-SCSA_PLUS,1367912923641737216,6,4,93.47540339330973
22,SCSA-SCSA_PLUS,1367604109113655297,7,3,17.32811308246149
22,SCSA-SCSA_PLUS,1369034842222985216,8,5,6.138694784760325
22,SCSA-SCSA_PLUS,1368286394792046596,9,2,1.577731177353678
22,SCSA-SCSA_PLUS,1367315410106736640,10,1,1.5595333010514443
23,SCSA-SCSA_PLUS,1365416645624143873,1,3,79069.19757227854
23,SCSA-SCSA_PLUS,1351920546011893761,2,3,74390.5475917714
23,SCSA-SCSA_PLUS,1337463904566456320,3,3,43527.399345379476
23,SCSA-SCSA_PLUS,1358843677582401536,4,3,14742.094701852986
23,SCSA-SCSA_PLUS,1331741612402237443,5,3,11015.833891760663
23,SCSA-SCSA_PLUS,1331744604891344896,6,3,9965.826990520885
23,SCSA-SCSA_PLUS,1358843515149504514,7,3,7491.5300356001
23,SCSA-SCSA_PLUS,1290659734639521798,8,3,3212.634477955934
23,SCSA-SCSA_PLUS,1353502767352926208,9,3,2768.0697611234855
23,SCSA-SCSA_PLUS,1357375687967997959,10,3,1749.829028848073
24,SCSA-SCSA_PLUS,1337077938076979205,1,3,629.1056239179003
24,SCSA-SCSA_PLUS,1367882927384768524,2,5,343.39308424381676
24,SCSA-SCSA_PLUS,1336793663792406530,3,5,219.38072871923873
24,SCSA-SCSA_PLUS,1336596712857743361,4,3,77.36094600347106
24,SCSA-SCSA_PLUS,1365320876510560258,5,5,49.32393813778372
24,SCSA-SCSA_PLUS,1369307525489844228,6,2,40.76681908884601
24,SCSA-SCSA_PLUS,1369386818169372680,7,3,25.58862800831706
24,SCSA-SCSA_PLUS,1369383214062665731,8,3,16.118629430851186
24,SCSA-SCSA_PLUS,1369337343270862853,9,4,14.825053674952981
24,SCSA-SCSA_PLUS,1369372321736232963,10,4,2.20993968322397
25,SCSA-SCSA_PLUS,1369495249417101312,1,5,251.64971798627315
25,SCSA-SCSA_PLUS,1369441382973272064,2,5,174.5604246560723
25,SCSA-SCSA_PLUS,1368622654870192131,3,4,21.490113548438927
25,SCSA-SCSA_PLUS,1369226601972563972,4,4,19.20013419189834
25,SCSA-SCSA_PLUS,1369619124318580736,5,4,11.517740432392525
25,SCSA-SCSA_PLUS,1369438033892806663,6,4,10.87148916371206
25,SCSA-SCSA_PLUS,1369458171467591683,7,5,4.793478939251034
25,SCSA-SCSA_PLUS,1352554075657801732,8,2,1.4491870294181106
25,SCSA-SCSA_PLUS,1364851499042537474,9,5,1.3400654473448708
25,SCSA-SCSA_PLUS,1352937076669476864,10,4,1.302104066070817
26,SCSA-SCSA_PLUS,1321455751567532032,1,3,2802.1447852266283
26,SCSA-SCSA_PLUS,1320142365038817281,2,3,2221.0631006137605
26,SCSA-SCSA_PLUS,1333873034114064385,3,3,1862.0620400849632
26,SCSA-SCSA_PLUS,1338592930022363139,4,3,575.6083647073599
26,SCSA-SCSA_PLUS,1359932980974657536,5,4,445.8997620912705
26,SCSA-SCSA_PLUS,1362069293790162946,6,4,198.87570056909385
26,SCSA-SCSA_PLUS,1368622654870192131,7,3,21.490113548438927
26,SCSA-SCSA_PLUS,1369226601972563972,8,3,19.20013419189834
26,SCSA-SCSA_PLUS,1369458171467591683,9,4,4.793478939251034
26,SCSA-SCSA_PLUS,1352554075657801732,10,1,1.4491870294181106
27,SCSA-SCSA_PLUS,1369495249417101312,1,4,251.64971798627315
27,SCSA-SCSA_PLUS,1369441382973272064,2,5,174.5604246560723
27,SCSA-SCSA_PLUS,1368622654870192131,3,5,21.490113548438927
27,SCSA-SCSA_PLUS,1369226601972563972,4,5,19.20013419189834
27,SCSA-SCSA_PLUS,1369619124318580736,5,4,11.517740432392525
27,SCSA-SCSA_PLUS,1369438033892806663,6,4,10.87148916371206
27,SCSA-SCSA_PLUS,1369458171467591683,7,5,4.793478939251034
27,SCSA-SCSA_PLUS,1352554075657801732,8,5,1.4491870294181106
27,SCSA-SCSA_PLUS,1364851499042537474,9,4,1.3400654473448708
27,SCSA-SCSA_PLUS,1352937076669476864,10,4,1.302104066070817
28,SCSA-SCSA_PLUS,1364607745270423556,1,1,14565.146750784681
28,SCSA-SCSA_PLUS,1339525827118194689,2,3,3887.419263280145
28,SCSA-SCSA_PLUS,1337077938076979205,3,1,629.1056239179003
28,SCSA-SCSA_PLUS,1367882927384768524,4,5,343.39308424381676
28,SCSA-SCSA_PLUS,1336793663792406530,5,2,219.38072871923873
28,SCSA-SCSA_PLUS,1369386818169372680,6,1,25.58862800831706
28,SCSA-SCSA_PLUS,1369383214062665731,7,1,16.118629430851186
28,SCSA-SCSA_PLUS,1369337343270862853,8,1,14.825053674952981
28,SCSA-SCSA_PLUS,1363551492486008834,9,1,6.980876106179094
28,SCSA-SCSA_PLUS,1369372321736232963,10,1,2.20993968322397
29,SCSA-SCSA_PLUS,1365416645624143873,1,3,79069.19757227854
29,SCSA-SCSA_PLUS,1337022746824499203,2,4,76128.00602428085
29,SCSA-SCSA_PLUS,1351920546011893761,3,3,74390.5475917714
29,SCSA-SCSA_PLUS,1337463904566456320,4,3,43527.399345379476
29,SCSA-SCSA_PLUS,1353502767352926208,5,3,2768.0697611234855
29,SCSA-SCSA_PLUS,1367894335233142789,6,4,170.85870608725887
29,SCSA-SCSA_PLUS,1363941648812675075,7,4,135.93209629470897
29,SCSA-SCSA_PLUS,1367947939579006979,8,5,126.08752024072263
29,SCSA-SCSA_PLUS,1367946026674352134,9,4,21.755241541522622
29,SCSA-SCSA_PLUS,1366443197166096385,10,5,11.005863335792482
30,SCSA-SCSA_PLUS,1367894335233142789,1,4,170.85870608725887
30,SCSA-SCSA_PLUS,1369017812165881859,2,3,150.59003997691323
30,SCSA-SCSA_PLUS,1367930915733835777,3,4,136.19430440486988
30,SCSA-SCSA_PLUS,1363941648812675075,4,5,135.93209629470897
30,SCSA-SCSA_PLUS,1367912923641737216,5,4,93.47540339330973
30,SCSA-SCSA_PLUS,1365320876510560258,6,5,49.32393813778372
30,SCSA-SCSA_PLUS,1367565062328623104,7,3,41.05678323486748
30,SCSA-SCSA_PLUS,1367604109113655297,8,4,17.32811308246149
30,SCSA-SCSA_PLUS,1368286394792046596,9,4,1.577731177353678
30,SCSA-SCSA_PLUS,1367315410106736640,10,4,1.5595333010514443
31,SCSA-SCSA_PLUS,1364607745270423556,1,4,14565.146750784681
31,SCSA-SCSA_PLUS,1364664823984779267,2,3,5020.701719755106
31,SCSA-SCSA_PLUS,1303840025000509448,3,2,3824.352030940907
31,SCSA-SCSA_PLUS,1317810926133874689,4,3,1883.1177735836065
31,SCSA-SCSA_PLUS,1337077938076979205,5,4,629.1056239179003
31,SCSA-SCSA_PLUS,1336793663792406530,6,3,219.38072871923873
31,SCSA-SCSA_PLUS,1369386818169372680,7,4,25.58862800831706
31,SCSA-SCSA_PLUS,1283518830950510593,8,2,24.218569057607272
31,SCSA-SCSA_PLUS,1369383214062665731,9,2,16.118629430851186
31,SCSA-SCSA_PLUS,1369372321736232963,10,1,2.20993968322397
32,SCSA-SCSA_PLUS,1366709656974942211,1,3,1207.0441951194061
32,SCSA-SCSA_PLUS,1365007905318133766,2,1,787.2150321488255
32,SCSA-SCSA_PLUS,1361701236395958278,3,4,714.3107672149162
32,SCSA-SCSA_PLUS,1364579317964034050,4,2,618.9174904669693
32,SCSA-SCSA_PLUS,1361388306106318857,5,2,364.4238776661783
32,SCSA-SCSA_PLUS,1369441382973272064,6,3,174.5604246560723
32,SCSA-SCSA_PLUS,1369030160943611907,7,1,56.60030584661035
32,SCSA-SCSA_PLUS,1366932843067277314,8,2,29.106464727747177
32,SCSA-SCSA_PLUS,1369292125641269258,9,3,17.71487552428316
32,SCSA-SCSA_PLUS,1369458171467591683,10,4,4.793478939251034
33,SCSA-SCSA_PLUS,1369495249417101312,1,4,251.64971798627315
33,SCSA-SCSA_PLUS,1369441382973272064,2,4,174.5604246560723
33,SCSA-SCSA_PLUS,1368622654870192131,3,4,21.490113548438927
33,SCSA-SCSA_PLUS,1369226601972563972,4,4,19.20013419189834
33,SCSA-SCSA_PLUS,1369015794248671233,5,4,17.68763149599703
33,SCSA-SCSA_PLUS,1369619124318580736,6,4,11.517740432392525
33,SCSA-SCSA_PLUS,1369438033892806663,7,4,10.87148916371206
33,SCSA-SCSA_PLUS,1369395335769038849,8,3,10.656392007601085
33,SCSA-SCSA_PLUS,1369458171467591683,9,3,4.793478939251034
33,SCSA-SCSA_PLUS,1369315042236174343,10,3,3.3729879649947727
34,SCSA-SCSA_PLUS,1369495249417101312,1,3,251.64971798627315
34,SCSA-SCSA_PLUS,1369441382973272064,2,4,174.5604246560723
34,SCSA-SCSA_PLUS,1368622654870192131,3,2,21.490113548438927
34,SCSA-SCSA_PLUS,1369226601972563972,4,2,19.20013419189834
34,SCSA-SCSA_PLUS,1369015794248671233,5,2,17.68763149599703
34,SCSA-SCSA_PLUS,1369619124318580736,6,4,11.517740432392525
34,SCSA-SCSA_PLUS,1369438033892806663,7,4,10.87148916371206
34,SCSA-SCSA_PLUS,1369395335769038849,8,4,10.656392007601085
34,SCSA-SCSA_PLUS,1369458171467591683,9,2,4.793478939251034
34,SCSA-SCSA_PLUS,1369315042236174343,10,4,3.3729879649947727
35,SCSA-SCSA_PLUS,1339525827118194689,1,3,3887.419263280145
35,SCSA-SCSA_PLUS,1362196066431627265,2,3,709.2542709144469
35,SCSA-SCSA_PLUS,1364697022847209478,3,3,134.50095496854436
35,SCSA-SCSA_PLUS,1367496989215248388,4,2,102.83607009763585
35,SCSA-SCSA_PLUS,1362484293650567168,5,3,43.9670292454423
35,SCSA-SCSA_PLUS,1368760443498532864,6,2,42.125858247836575
35,SCSA-SCSA_PLUS,1368777274506571779,7,1,9.415762505798684
35,SCSA-SCSA_PLUS,1369458171467591683,8,1,4.793478939251034
35,SCSA-SCSA_PLUS,1368744769686540290,9,2,4.105427907545753
35,SCSA-SCSA_PLUS,1353672852747284480,10,2,0.7009686540802981
36,SCSA-SCSA_PLUS,1364607745270423556,1,5,14565.146750784681
36,SCSA-SCSA_PLUS,1321455751567532032,2,5,2802.1447852266283
36,SCSA-SCSA_PLUS,1333873034114064385,3,5,1862.0620400849632
36,SCSA-SCSA_PLUS,1337077938076979205,4,5,629.1056239179003
36,SCSA-SCSA_PLUS,1343729046891347968,5,3,528.2148003644209
36,SCSA-SCSA_PLUS,1359932980974657536,6,5,445.8997620912705
36,SCSA-SCSA_PLUS,1347619092417548288,7,5,275.8088159999599
36,SCSA-SCSA_PLUS,1336793663792406530,8,5,219.38072871923873
36,SCSA-SCSA_PLUS,1362069293790162946,9,4,198.87570056909385
36,SCSA-SCSA_PLUS,1367894335233142789,10,3,170.85870608725887
37,SCSA-SCSA_PLUS,1365416645624143873,1,2,79069.19757227854
37,SCSA-SCSA_PLUS,1351920546011893761,2,4,74390.5475917714
37,SCSA-SCSA_PLUS,1337463904566456320,3,4,43527.399345379476
37,SCSA-SCSA_PLUS,1331744604891344896,4,4,9965.826990520885
37,SCSA-SCSA_PLUS,1339525827118194689,5,5,3887.419263280145
37,SCSA-SCSA_PLUS,1353502767352926208,6,3,2768.0697611234855
37,SCSA-SCSA_PLUS,1357375687967997959,7,3,1749.829028848073
37,SCSA-SCSA_PLUS,1354118501653483523,8,1,5.85108584567089
37,SCSA-SCSA_PLUS,1368984433026596867,9,3,4.17345560974918
37,SCSA-SCSA_PLUS,1364321423901085698,10,1,2.499157297152121
38,SCSA-SCSA_PLUS,1366709656974942211,1,4,1207.0441951194061
38,SCSA-SCSA_PLUS,1365007905318133766,2,4,787.2150321488255
38,SCSA-SCSA_PLUS,1361701236395958278,3,4,714.3107672149162
38,SCSA-SCSA_PLUS,1364579317964034050,4,3,618.9174904669693
38,SCSA-SCSA_PLUS,1361388306106318857,5,4,364.4238776661783
38,SCSA-SCSA_PLUS,1359577321695547392,6,4,158.6106033815568
38,SCSA-SCSA_PLUS,1369030160943611907,7,4,56.60030584661035
38,SCSA-SCSA_PLUS,1366932843067277314,8,4,29.106464727747177
38,SCSA-SCSA_PLUS,1369292125641269258,9,4,17.71487552428316
38,SCSA-SCSA_PLUS,1369395335769038849,10,4,10.656392007601085
39,SCSA-SCSA_PLUS,1364664823984779267,1,4,5020.701719755106
39,SCSA-SCSA_PLUS,1317810926133874689,2,5,1883.1177735836065
39,SCSA-SCSA_PLUS,1367894335233142789,3,4,170.85870608725887
39,SCSA-SCSA_PLUS,1369017812165881859,4,5,150.59003997691323
39,SCSA-SCSA_PLUS,1363941648812675075,5,4,135.93209629470897
39,SCSA-SCSA_PLUS,1318667750408036352,6,5,104.90475923348032
39,SCSA-SCSA_PLUS,1283518830950510593,7,5,24.218569057607272
39,SCSA-SCSA_PLUS,1369034842222985216,8,5,6.138694784760325
39,SCSA-SCSA_PLUS,1368286394792046596,9,5,1.577731177353678
39,SCSA-SCSA_PLUS,1367315410106736640,10,5,1.5595333010514443
40,SCSA-SCSA_PLUS,1365416645624143873,1,5,79069.19757227854
40,SCSA-SCSA_PLUS,1351920546011893761,2,5,74390.5475917714
40,SCSA-SCSA_PLUS,1337463904566456320,3,3,43527.399345379476
40,SCSA-SCSA_PLUS,1358843677582401536,4,2,14742.094701852986
40,SCSA-SCSA_PLUS,1331741612402237443,5,5,11015.833891760663
40,SCSA-SCSA_PLUS,1331744604891344896,6,2,9965.826990520885
40,SCSA-SCSA_PLUS,1358843515149504514,7,2,7491.5300356001
40,SCSA-SCSA_PLUS,1353502767352926208,8,2,2768.0697611234855
40,SCSA-SCSA_PLUS,1357375687967997959,9,5,1749.829028848073
40,SCSA-SCSA_PLUS,1354565152939544576,10,1,47.80674917524349
41,SCSA-SCSA_PLUS,1365416645624143873,1,2,79069.19757227854
41,SCSA-SCSA_PLUS,1351920546011893761,2,2,74390.5475917714
41,SCSA-SCSA_PLUS,1337463904566456320,3,1,43527.399345379476
41,SCSA-SCSA_PLUS,1331741612402237443,4,1,11015.833891760663
41,SCSA-SCSA_PLUS,1331744604891344896,5,1,9965.826990520885
41,SCSA-SCSA_PLUS,1358843515149504514,6,1,7491.5300356001
41,SCSA-SCSA_PLUS,1339525827118194689,7,4,3887.419263280145
41,SCSA-SCSA_PLUS,1353502767352926208,8,1,2768.0697611234855
41,SCSA-SCSA_PLUS,1357375687967997959,9,2,1749.829028848073
41,SCSA-SCSA_PLUS,1367894335233142789,10,3,170.85870608725887
42,SCSA-SCSA_PLUS,1354545532044075013,1,2,2829.3380553140646
42,SCSA-SCSA_PLUS,1288988861092245505,2,1,2467.4988979385885
42,SCSA-SCSA_PLUS,1367894335233142789,3,5,170.85870608725887
42,SCSA-SCSA_PLUS,1363941648812675075,4,5,135.93209629470897
42,SCSA-SCSA_PLUS,1367947939579006979,5,5,126.08752024072263
42,SCSA-SCSA_PLUS,1367949455262060544,6,2,96.2279761256285
42,SCSA-SCSA_PLUS,1367946026674352134,7,5,21.755241541522622
42,SCSA-SCSA_PLUS,1369034842222985216,8,1,6.138694784760325
42,SCSA-SCSA_PLUS,1368286394792046596,9,1,1.577731177353678
42,SCSA-SCSA_PLUS,1367315410106736640,10,1,1.5595333010514443
43,SCSA-SCSA_PLUS,1365416645624143873,1,3,79069.19757227854
43,SCSA-SCSA_PLUS,1351920546011893761,2,3,74390.5475917714
43,SCSA-SCSA_PLUS,1337463904566456320,3,3,43527.399345379476
43,SCSA-SCSA_PLUS,1358843677582401536,4,5,14742.094701852986
43,SCSA-SCSA_PLUS,1331741612402237443,5,5,11015.833891760663
43,SCSA-SCSA_PLUS,1331744604891344896,6,3,9965.826990520885
43,SCSA-SCSA_PLUS,1358843515149504514,7,3,7491.5300356001
43,SCSA-SCSA_PLUS,1353502767352926208,8,5,2768.0697611234855
43,SCSA-SCSA_PLUS,1357375687967997959,9,3,1749.829028848073
43,SCSA-SCSA_PLUS,1368933410085945345,10,3,222.00700212642244
44,SCSA-SCSA_PLUS,1364664823984779267,1,3,5020.701719755106
44,SCSA-SCSA_PLUS,1339525827118194689,2,5,3887.419263280145
44,SCSA-SCSA_PLUS,1303840025000509448,3,3,3824.352030940907
44,SCSA-SCSA_PLUS,1368217898095964166,4,5,3334.248798333524
44,SCSA-SCSA_PLUS,1317810926133874689,5,5,1883.1177735836065
44,SCSA-SCSA_PLUS,1327398719789150214,6,5,835.7133983444033
44,SCSA-SCSA_PLUS,1291862297665626112,7,5,347.9530030189479
44,SCSA-SCSA_PLUS,1317811466339221509,8,4,261.27948727209514
44,SCSA-SCSA_PLUS,1283518830950510593,9,5,24.218569057607272
44,SCSA-SCSA_PLUS,1368777274506571779,10,2,9.415762505798684
45,SCSA-SCSA_PLUS,1334044250942676993,1,4,22742.02202341017
45,SCSA-SCSA_PLUS,1328417466272321537,2,5,8244.154260293786
45,SCSA-SCSA_PLUS,1351283213403095045,3,5,4669.443425016162
45,SCSA-SCSA_PLUS,1167050866521780224,4,3,3098.7652920553246
45,SCSA-SCSA_PLUS,1367971795790397440,5,5,2737.686046377721
45,SCSA-SCSA_PLUS,1340409077751566338,6,3,1323.1102758628197
45,SCSA-SCSA_PLUS,1319343716801236992,7,5,896.4276675871909
45,SCSA-SCSA_PLUS,1350843455128399879,8,3,138.77430149939164
45,SCSA-SCSA_PLUS,1234157609395146753,9,3,86.29456036206795
45,SCSA-SCSA_PLUS,1319402828285108225,10,5,16.122108890946482
46,SCSA-SCSA_PLUS,1369495249417101312,1,4,251.64971798627315
46,SCSA-SCSA_PLUS,1369441382973272064,2,4,174.5604246560723
46,SCSA-SCSA_PLUS,1368622654870192131,3,3,21.490113548438927
46,SCSA-SCSA_PLUS,1369226601972563972,4,3,19.20013419189834
46,SCSA-SCSA_PLUS,1369015794248671233,5,3,17.68763149599703
46,SCSA-SCSA_PLUS,1369619124318580736,6,4,11.517740432392525
46,SCSA-SCSA_PLUS,1369438033892806663,7,4,10.87148916371206
46,SCSA-SCSA_PLUS,1369395335769038849,8,3,10.656392007601085
46,SCSA-SCSA_PLUS,1369458171467591683,9,4,4.793478939251034
46,SCSA-SCSA_PLUS,1369315042236174343,10,3,3.3729879649947727
47,SCSA-SCSA_PLUS,1365416645624143873,1,5,79069.19757227854
47,SCSA-SCSA_PLUS,1337022746824499203,2,5,76128.00602428085
47,SCSA-SCSA_PLUS,1351920546011893761,3,5,74390.5475917714
47,SCSA-SCSA_PLUS,1337463904566456320,4,5,43527.399345379476
47,SCSA-SCSA_PLUS,1358843677582401536,5,5,14742.094701852986
47,SCSA-SCSA_PLUS,1331741612402237443,6,5,11015.833891760663
47,SCSA-SCSA_PLUS,1331744604891344896,7,5,9965.826990520885
47,SCSA-SCSA_PLUS,1358843515149504514,8,5,7491.5300356001
47,SCSA-SCSA_PLUS,1353502767352926208,9,5,2768.0697611234855
47,SCSA-SCSA_PLUS,1357375687967997959,10,1,1749.829028848073
48,SCSA-SCSA_PLUS,1325498916847153153,1,5,1411.594235598971
48,SCSA-SCSA_PLUS,1369441796925886465,2,5,114.70384284457229
48,SCSA-SCSA_PLUS,1368300490895818755,3,4,13.563703536441615
48,SCSA-SCSA_PLUS,1363181398908141579,4,3,12.999359890416326
48,SCSA-SCSA_PLUS,1369367452661014538,5,4,9.181314687916904
48,SCSA-SCSA_PLUS,1368271872002035713,6,4,3.500074985802453
48,SCSA-SCSA_PLUS,1368494502336475136,7,4,2.8118972700759706
48,SCSA-SCSA_PLUS,1347166067995660290,8,2,2.4813819907723396
48,SCSA-SCSA_PLUS,1368177229285502976,9,4,1.9753392562510852
48,SCSA-SCSA_PLUS,1299756201509613568,10,3,0.12324732837247546
49,SCSA-SCSA_PLUS,1322257618178609153,1,5,1763.5701762387705
49,SCSA-SCSA_PLUS,1368932010971004931,2,5,75.37529004371483
49,SCSA-SCSA_PLUS,1322257265496334336,3,2,49.986028505577174
49,SCSA-SCSA_PLUS,1363181398908141579,4,1,12.999359890416326
49,SCSA-SCSA_PLUS,1324374402750767104,5,5,9.61752966074838
49,SCSA-SCSA_PLUS,1369054744786989056,6,2,4.707604395530262
49,SCSA-SCSA_PLUS,1369297616245231638,7,1,3.5685993337754387
49,SCSA-SCSA_PLUS,1368271872002035713,8,5,3.500074985802453
49,SCSA-SCSA_PLUS,1368177229285502976,9,5,1.9753392562510852
49,SCSA-SCSA_PLUS,1299756201509613568,10,1,0.12324732837247546
50,SCSA-SCSA_PLUS,1368561200754270210,1,5,24727.376011343455
50,SCSA-SCSA_PLUS,1367113993815547906,2,5,5552.706194610533
50,SCSA-SCSA_PLUS,1339525827118194689,3,4,3887.419263280145
50,SCSA-SCSA_PLUS,1367497561645457427,4,3,1863.0286632709629
50,SCSA-SCSA_PLUS,1362196066431627265,5,4,709.2542709144469
50,SCSA-SCSA_PLUS,1361046993158692866,6,5,639.37346563021
50,SCSA-SCSA_PLUS,1364697022847209478,7,5,134.50095496854436
50,SCSA-SCSA_PLUS,1369355243406954501,8,4,67.7580637806263
50,SCSA-SCSA_PLUS,1368760443498532864,9,5,42.125858247836575
50,SCSA-SCSA_PLUS,1368777274506571779,10,5,9.415762505798684
51,SCSA-SCSA_PLUS,1339525827118194689,1,5,3887.419263280145
51,SCSA-SCSA_PLUS,1367894335233142789,2,1,170.85870608725887
51,SCSA-SCSA_PLUS,1369017812165881859,3,5,150.59003997691323
51,SCSA-SCSA_PLUS,1363941648812675075,4,1,135.93209629470897
51,SCSA-SCSA_PLUS,1369034842222985216,5,1,6.138694784760325
51,SCSA-SCSA_PLUS,1354118501653483523,6,5,5.85108584567089
51,SCSA-SCSA_PLUS,1368984433026596867,7,1,4.17345560974918
51,SCSA-SCSA_PLUS,1364321423901085698,8,1,2.499157297152121
51,SCSA-SCSA_PLUS,1368286394792046596,9,1,1.577731177353678
51,SCSA-SCSA_PLUS,1367315410106736640,10,1,1.5595333010514443
53,SCSA-SCSA_PLUS,1364607745270423556,1,1,14565.146750784681
53,SCSA-SCSA_PLUS,1337077938076979205,2,1,629.1056239179003
53,SCSA-SCSA_PLUS,1336793663792406530,3,1,219.38072871923873
53,SCSA-SCSA_PLUS,1367894335233142789,4,1,170.85870608725887
53,SCSA-SCSA_PLUS,1363941648812675075,5,1,135.93209629470897
53,SCSA-SCSA_PLUS,1365327872643260420,6,1,25.38170895618625
53,SCSA-SCSA_PLUS,1369383214062665731,7,1,16.118629430851186
53,SCSA-SCSA_PLUS,1369034842222985216,8,1,6.138694784760325
53,SCSA-SCSA_PLUS,1368286394792046596,9,1,1.577731177353678
53,SCSA-SCSA_PLUS,1367315410106736640,10,1,1.5595333010514443
54,SCSA-SCSA_PLUS,1339525827118194689,1,3,3887.419263280145
54,SCSA-SCSA_PLUS,1367894335233142789,2,2,170.85870608725887
54,SCSA-SCSA_PLUS,1369017812165881859,3,3,150.59003997691323
54,SCSA-SCSA_PLUS,1363941648812675075,4,2,135.93209629470897
54,SCSA-SCSA_PLUS,1369034842222985216,5,4,6.138694784760325
54,SCSA-SCSA_PLUS,1354118501653483523,6,4,5.85108584567089
54,SCSA-SCSA_PLUS,1368984433026596867,7,3,4.17345560974918
54,SCSA-SCSA_PLUS,1364321423901085698,8,4,2.499157297152121
54,SCSA-SCSA_PLUS,1368286394792046596,9,4,1.577731177353678
54,SCSA-SCSA_PLUS,1367315410106736640,10,2,1.5595333010514443
55,SCSA-SCSA_PLUS,1325498916847153153,1,5,1411.594235598971
55,SCSA-SCSA_PLUS,1368933410085945345,2,5,222.00700212642244
55,SCSA-SCSA_PLUS,1368300490895818755,3,5,13.563703536441615
55,SCSA-SCSA_PLUS,1363181398908141579,4,5,12.999359890416326
55,SCSA-SCSA_PLUS,1369367452661014538,5,5,9.181314687916904
55,SCSA-SCSA_PLUS,1346121159134343168,6,5,4.228867082108108
55,SCSA-SCSA_PLUS,1368494502336475136,7,5,2.8118972700759706
55,SCSA-SCSA_PLUS,1347166067995660290,8,5,2.4813819907723396
55,SCSA-SCSA_PLUS,1368177229285502976,9,5,1.9753392562510852
55,SCSA-SCSA_PLUS,1299756201509613568,10,5,0.12324732837247546
57,SCSA-SCSA_PLUS,1319651956579762176,1,5,19863.025845071803
57,SCSA-SCSA_PLUS,1296511004063473667,2,5,16826.14519397074
57,SCSA-SCSA_PLUS,1238211420388569088,3,5,11818.323014169247
57,SCSA-SCSA_PLUS,1365047360934526982,4,4,8778.376466938309
57,SCSA-SCSA_PLUS,1291094964185825281,5,5,6047.160618461561
57,SCSA-SCSA_PLUS,1070275243552489472,6,4,3945.591015519154
57,SCSA-SCSA_PLUS,1247840496569012225,7,4,33.82538697876552
57,SCSA-SCSA_PLUS,1369395335769038849,8,4,10.656392007601085
57,SCSA-SCSA_PLUS,764216312134590466,9,4,5.231218239316592
57,SCSA-SCSA_PLUS,1369315042236174343,10,4,3.3729879649947727
58,SCSA-SCSA_PLUS,1368641210533830657,1,5,554.9841532599067
58,SCSA-SCSA_PLUS,1367894335233142789,2,5,170.85870608725887
58,SCSA-SCSA_PLUS,1369017812165881859,3,5,150.59003997691323
58,SCSA-SCSA_PLUS,1367930915733835777,4,4,136.19430440486988
58,SCSA-SCSA_PLUS,1363941648812675075,5,5,135.93209629470897
58,SCSA-SCSA_PLUS,1367912923641737216,6,5,93.47540339330973
58,SCSA-SCSA_PLUS,1367604109113655297,7,5,17.32811308246149
58,SCSA-SCSA_PLUS,1369034842222985216,8,5,6.138694784760325
58,SCSA-SCSA_PLUS,1368286394792046596,9,5,1.577731177353678
58,SCSA-SCSA_PLUS,1367315410106736640,10,5,1.5595333010514443
60,SCSA-SCSA_PLUS,1339525827118194689,1,5,3887.419263280145
60,SCSA-SCSA_PLUS,1367894335233142789,2,5,170.85870608725887
60,SCSA-SCSA_PLUS,1369017812165881859,3,5,150.59003997691323
60,SCSA-SCSA_PLUS,1363941648812675075,4,5,135.93209629470897
60,SCSA-SCSA_PLUS,1369034842222985216,5,5,6.138694784760325
60,SCSA-SCSA_PLUS,1354118501653483523,6,5,5.85108584567089
60,SCSA-SCSA_PLUS,1368984433026596867,7,5,4.17345560974918
60,SCSA-SCSA_PLUS,1364321423901085698,8,5,2.499157297152121
60,SCSA-SCSA_PLUS,1368286394792046596,9,5,1.577731177353678
60,SCSA-SCSA_PLUS,1367315410106736640,10,5,1.5595333010514443
61,SCSA-SCSA_PLUS,1339525827118194689,1,3,3887.419263280145
61,SCSA-SCSA_PLUS,1288988861092245505,2,3,2467.4988979385885
61,SCSA-SCSA_PLUS,1367949455262060544,3,3,96.2279761256285
61,SCSA-SCSA_PLUS,1358610352313757697,4,3,55.443052863500256
61,SCSA-SCSA_PLUS,1358615407775649792,5,2,32.97307720795283
61,SCSA-SCSA_PLUS,1354118501653483523,6,5,5.85108584567089
61,SCSA-SCSA_PLUS,1368984433026596867,7,2,4.17345560974918
61,SCSA-SCSA_PLUS,1364321423901085698,8,4,2.499157297152121
61,SCSA-SCSA_PLUS,1357706176864129027,9,2,1.7354887294291996
61,SCSA-SCSA_PLUS,1242143080616087552,10,2,1.2350487087109283
62,SCSA-SCSA_PLUS,1365416645624143873,1,3,79069.19757227854
62,SCSA-SCSA_PLUS,1351920546011893761,2,3,74390.5475917714
62,SCSA-SCSA_PLUS,1337463904566456320,3,3,43527.399345379476
62,SCSA-SCSA_PLUS,1364607745270423556,4,3,14565.146750784681
62,SCSA-SCSA_PLUS,1331744604891344896,5,1,9965.826990520885
62,SCSA-SCSA_PLUS,1353502767352926208,6,3,2768.0697611234855
62,SCSA-SCSA_PLUS,1337077938076979205,7,3,629.1056239179003
62,SCSA-SCSA_PLUS,1336793663792406530,8,2,219.38072871923873
62,SCSA-SCSA_PLUS,1365327872643260420,9,3,25.38170895618625
62,SCSA-SCSA_PLUS,1369383214062665731,10,2,16.118629430851186
63,SCSA-SCSA_PLUS,1366709656974942211,1,4,1207.0441951194061
63,SCSA-SCSA_PLUS,1365007905318133766,2,5,787.2150321488255
63,SCSA-SCSA_PLUS,1361701236395958278,3,3,714.3107672149162
63,SCSA-SCSA_PLUS,1364579317964034050,4,5,618.9174904669693
63,SCSA-SCSA_PLUS,1361388306106318857,5,3,364.4238776661783
63,SCSA-SCSA_PLUS,1369495249417101312,6,5,251.64971798627315
63,SCSA-SCSA_PLUS,1369441382973272064,7,5,174.5604246560723
63,SCSA-SCSA_PLUS,1369441382973272064,8,2,174.5604246560723
63,SCSA-SCSA_PLUS,1369030160943611907,9,5,56.60030584661035
63,SCSA-SCSA_PLUS,1366932843067277314,10,2,29.106464727747177
66,SCSA-SCSA_PLUS,1321799645652307969,1,5,9712.074067678424
66,SCSA-SCSA_PLUS,1364664823984779267,2,5,5020.701719755106
66,SCSA-SCSA_PLUS,1303840025000509448,3,4,3824.352030940907
66,SCSA-SCSA_PLUS,1368217898095964166,4,5,3334.248798333524
66,SCSA-SCSA_PLUS,1327398719789150214,5,2,835.7133983444033
66,SCSA-SCSA_PLUS,1365629350721249281,6,5,536.0328914760464
66,SCSA-SCSA_PLUS,1308893236723953665,7,5,384.1776606957617
66,SCSA-SCSA_PLUS,1291862297665626112,8,2,347.9530030189479
66,SCSA-SCSA_PLUS,1317811466339221509,9,3,261.27948727209514
66,SCSA-SCSA_PLUS,1283518830950510593,10,2,24.218569057607272
68,SCSA-SCSA_PLUS,1321455751567532032,1,5,2802.1447852266283
68,SCSA-SCSA_PLUS,1320142365038817281,2,5,2221.0631006137605
68,SCSA-SCSA_PLUS,1333873034114064385,3,5,1862.0620400849632
68,SCSA-SCSA_PLUS,1337077938076979205,4,5,629.1056239179003
68,SCSA-SCSA_PLUS,1338592930022363139,5,5,575.6083647073599
68,SCSA-SCSA_PLUS,1367882927384768524,6,3,343.39308424381676
68,SCSA-SCSA_PLUS,1347619092417548288,7,5,275.8088159999599
68,SCSA-SCSA_PLUS,1336793663792406530,8,5,219.38072871923873
68,SCSA-SCSA_PLUS,1362069293790162946,9,5,198.87570056909385
68,SCSA-SCSA_PLUS,1360346403873181707,10,4,138.20326331737215
70,SCSA-SCSA_PLUS,1369495249417101312,1,5,251.64971798627315
70,SCSA-SCSA_PLUS,1369441382973272064,2,5,174.5604246560723
70,SCSA-SCSA_PLUS,1368622654870192131,3,3,21.490113548438927
70,SCSA-SCSA_PLUS,1369226601972563972,4,3,19.20013419189834
70,SCSA-SCSA_PLUS,1369619124318580736,5,4,11.517740432392525
70,SCSA-SCSA_PLUS,1369438033892806663,6,3,10.87148916371206
70,SCSA-SCSA_PLUS,1369458171467591683,7,3,4.793478939251034
70,SCSA-SCSA_PLUS,1352554075657801732,8,3,1.4491870294181106
70,SCSA-SCSA_PLUS,1364851499042537474,9,2,1.3400654473448708
70,SCSA-SCSA_PLUS,1352937076669476864,10,3,1.302104066070817
71,SCSA-SCSA_PLUS,1364607745270423556,1,5,14565.146750784681
71,SCSA-SCSA_PLUS,1339525827118194689,2,5,3887.419263280145
71,SCSA-SCSA_PLUS,1337077938076979205,3,4,629.1056239179003
71,SCSA-SCSA_PLUS,1336793663792406530,4,4,219.38072871923873
71,SCSA-SCSA_PLUS,1369386818169372680,5,5,25.58862800831706
71,SCSA-SCSA_PLUS,1369383214062665731,6,4,16.118629430851186
71,SCSA-SCSA_PLUS,1354118501653483523,7,4,5.85108584567089
71,SCSA-SCSA_PLUS,1368984433026596867,8,5,4.17345560974918
71,SCSA-SCSA_PLUS,1364321423901085698,9,5,2.499157297152121
71,SCSA-SCSA_PLUS,1369372321736232963,10,5,2.20993968322397
72,SCSA-SCSA_PLUS,1356662728111181824,1,5,353.8211383531808
72,SCSA-SCSA_PLUS,1365767910543691777,2,5,114.94303907888309
72,SCSA-SCSA_PLUS,1367532398825648130,3,5,34.91100102529262
72,SCSA-SCSA_PLUS,1343929726579187713,4,5,19.86571331403216
72,SCSA-SCSA_PLUS,1312137847378386944,5,5,10.032404799258588
72,SCSA-SCSA_PLUS,1334873804582121475,6,5,3.7275659605412823
72,SCSA-SCSA_PLUS,1354446870312005635,7,5,3.327072734540142
72,SCSA-SCSA_PLUS,1329861315624660993,8,5,2.715760125607777
72,SCSA-SCSA_PLUS,1355169402128363523,9,5,1.6168055870643283
72,SCSA-SCSA_PLUS,1356255352145272832,10,5,1.2462541096050344
73,SCSA-SCSA_PLUS,1366709656974942211,1,1,1207.0441951194061
73,SCSA-SCSA_PLUS,1365007905318133766,2,4,787.2150321488255
73,SCSA-SCSA_PLUS,1361701236395958278,3,1,714.3107672149162
73,SCSA-SCSA_PLUS,1364579317964034050,4,2,618.9174904669693
73,SCSA-SCSA_PLUS,1361388306106318857,5,3,364.4238776661783
73,SCSA-SCSA_PLUS,1369030160943611907,6,2,56.60030584661035
73,SCSA-SCSA_PLUS,1366932843067277314,7,1,29.106464727747177
73,SCSA-SCSA_PLUS,1369292125641269258,8,5,17.71487552428316
73,SCSA-SCSA_PLUS,1369395335769038849,9,5,10.656392007601085
73,SCSA-SCSA_PLUS,1369458171467591683,10,1,4.793478939251034
74,SCSA-SCSA_PLUS,1369495249417101312,1,5,251.64971798627315
74,SCSA-SCSA_PLUS,1369441382973272064,2,4,174.5604246560723
74,SCSA-SCSA_PLUS,1368622654870192131,3,3,21.490113548438927
74,SCSA-SCSA_PLUS,1369226601972563972,4,4,19.20013419189834
74,SCSA-SCSA_PLUS,1369015794248671233,5,4,17.68763149599703
74,SCSA-SCSA_PLUS,1369619124318580736,6,5,11.517740432392525
74,SCSA-SCSA_PLUS,1369438033892806663,7,4,10.87148916371206
74,SCSA-SCSA_PLUS,1369395335769038849,8,4,10.656392007601085
74,SCSA-SCSA_PLUS,1369458171467591683,9,5,4.793478939251034
74,SCSA-SCSA_PLUS,1369315042236174343,10,5,3.3729879649947727
76,SCSA-SCSA_PLUS,1365416645624143873,1,2,79069.19757227854
76,SCSA-SCSA_PLUS,1351920546011893761,2,2,74390.5475917714
76,SCSA-SCSA_PLUS,1337463904566456320,3,2,43527.399345379476
76,SCSA-SCSA_PLUS,1358843677582401536,4,5,14742.094701852986
76,SCSA-SCSA_PLUS,1331741612402237443,5,4,11015.833891760663
76,SCSA-SCSA_PLUS,1331744604891344896,6,2,9965.826990520885
76,SCSA-SCSA_PLUS,1358843515149504514,7,4,7491.5300356001
76,SCSA-SCSA_PLUS,1290659734639521798,8,4,3212.634477955934
76,SCSA-SCSA_PLUS,1353502767352926208,9,2,2768.0697611234855
76,SCSA-SCSA_PLUS,1357375687967997959,10,2,1749.829028848073
77,SCSA-SCSA_PLUS,1368622654870192131,1,4,21.490113548438927
77,SCSA-SCSA_PLUS,1369226601972563972,2,5,19.20013419189834
77,SCSA-SCSA_PLUS,1369015794248671233,3,5,17.68763149599703
77,SCSA-SCSA_PLUS,1369619124318580736,4,5,11.517740432392525
77,SCSA-SCSA_PLUS,1369438033892806663,5,5,10.87148916371206
77,SCSA-SCSA_PLUS,1369395335769038849,6,5,10.656392007601085
77,SCSA-SCSA_PLUS,1369458171467591683,7,4,4.793478939251034
77,SCSA-SCSA_PLUS,1369315042236174343,8,3,3.3729879649947727
77,SCSA-SCSA_PLUS,1352554075657801732,9,5,1.4491870294181106
77,SCSA-SCSA_PLUS,1364851499042537474,10,5,1.3400654473448708
78,SCSA-SCSA_PLUS,1368561200754270210,1,4,24727.376011343455
78,SCSA-SCSA_PLUS,1366232555037462531,2,4,10492.55449791289
78,SCSA-SCSA_PLUS,1319343716801236992,3,2,896.4276675871909
78,SCSA-SCSA_PLUS,1367531774012751878,4,1,308.59245240327186
78,SCSA-SCSA_PLUS,1368933410085945345,5,1,222.00700212642244
78,SCSA-SCSA_PLUS,1326736922199257089,6,1,74.95175866971074
78,SCSA-SCSA_PLUS,1368584215403655171,7,1,14.230907526593189
78,SCSA-SCSA_PLUS,1367649223601238016,8,2,11.052052900935243
78,SCSA-SCSA_PLUS,1345510484213075968,9,1,4.856373906347175
78,SCSA-SCSA_PLUS,1367170047081402380,10,1,2.0010686276084173
79,SCSA-SCSA_PLUS,1321455751567532032,1,5,2802.1447852266283
79,SCSA-SCSA_PLUS,1333873034114064385,2,3,1862.0620400849632
79,SCSA-SCSA_PLUS,1343729046891347968,3,5,528.2148003644209
79,SCSA-SCSA_PLUS,1359932980974657536,4,4,445.8997620912705
79,SCSA-SCSA_PLUS,1347619092417548288,5,5,275.8088159999599
79,SCSA-SCSA_PLUS,1362069293790162946,6,5,198.87570056909385
79,SCSA-SCSA_PLUS,1366115959623331844,7,5,146.7261787335528
79,SCSA-SCSA_PLUS,1360346403873181707,8,4,138.20326331737215
79,SCSA-SCSA_PLUS,1364624807220948994,9,5,51.19402974001589
79,SCSA-SCSA_PLUS,1362872757109809152,10,4,14.900936558159156
81,SCSA-SCSA_PLUS,1368561200754270210,1,5,24727.376011343455
81,SCSA-SCSA_PLUS,1367822755769573377,2,5,4287.27567385218
81,SCSA-SCSA_PLUS,1368170081633644548,3,4,3971.6371146784986
81,SCSA-SCSA_PLUS,1367497561645457427,4,5,1863.0286632709629
81,SCSA-SCSA_PLUS,1333873034114064385,5,5,1862.0620400849632
81,SCSA-SCSA_PLUS,1369367467001315336,6,4,1804.926919633764
81,SCSA-SCSA_PLUS,1368501683219693570,7,5,1561.2515857043938
81,SCSA-SCSA_PLUS,1359932980974657536,8,5,445.8997620912705
81,SCSA-SCSA_PLUS,1362069293790162946,9,5,198.87570056909385
81,SCSA-SCSA_PLUS,1369458171467591683,10,5,4.793478939251034
1,B1-STATE_ART-SCSA_PLUS_V3,1189330936300756992,1,5,13.170337953166024
1,B1-STATE_ART-SCSA_PLUS_V3,1151160990995746816,2,5,2.6803080171746156
1,B1-STATE_ART-SCSA_PLUS_V3,1343240225129168898,3,5,0.22265802149642508
1,B1-STATE_ART-SCSA_PLUS_V3,1324784149241147394,4,3,0.11921737108571633
1,B1-STATE_ART-SCSA_PLUS_V3,1338474408743215106,5,3,0.09508136245034038
1,B1-STATE_ART-SCSA_PLUS_V3,1281615412459782145,6,3,-0.18672637691078967
1,B1-STATE_ART-SCSA_PLUS_V3,1312476369830338561,7,4,-0.34647744057306284
1,B1-STATE_ART-SCSA_PLUS_V3,1298591876963078146,8,4,-0.7684689915695079
1,B1-STATE_ART-SCSA_PLUS_V3,1369343506939019269,9,5,-4.283547532878784
1,B1-STATE_ART-SCSA_PLUS_V3,1369271796499947520,10,5,-9.331262921319768
2,B1-STATE_ART-SCSA_PLUS_V3,1369498799673065473,1,4,1.017755292367069
2,B1-STATE_ART-SCSA_PLUS_V3,1368785659066941440,2,4,0.650804158048808
2,B1-STATE_ART-SCSA_PLUS_V3,1369587331691208706,3,4,-0.5659603889322518
2,B1-STATE_ART-SCSA_PLUS_V3,1363564146948665347,4,5,-0.7089250943951978
2,B1-STATE_ART-SCSA_PLUS_V3,1367766039254163458,5,5,-0.8349463278321971
2,B1-STATE_ART-SCSA_PLUS_V3,1369600439239458820,6,3,-1.3282593773372822
2,B1-STATE_ART-SCSA_PLUS_V3,1369601403686182915,7,4,-1.5945845454145717
2,B1-STATE_ART-SCSA_PLUS_V3,1364144723590578176,8,4,-1.9516648115732051
2,B1-STATE_ART-SCSA_PLUS_V3,1369453291936088064,9,4,-2.082540293586643
2,B1-STATE_ART-SCSA_PLUS_V3,1369579853612281860,10,4,-6.860426889961051
3,B1-STATE_ART-SCSA_PLUS_V3,1369030162298400778,1,2,0.5418508412101273
3,B1-STATE_ART-SCSA_PLUS_V3,1353812372331220992,2,2,0.2179269764743894
3,B1-STATE_ART-SCSA_PLUS_V3,1166395659500568579,3,2,0.1196367917537921
3,B1-STATE_ART-SCSA_PLUS_V3,1367559613005004800,4,2,0.04690928541073505
3,B1-STATE_ART-SCSA_PLUS_V3,1321186362171666432,5,1,-0.14324502420220672
3,B1-STATE_ART-SCSA_PLUS_V3,1369048640111570951,6,2,-0.32742799775806175
3,B1-STATE_ART-SCSA_PLUS_V3,1366963364975452162,7,2,-0.6725999993709812
3,B1-STATE_ART-SCSA_PLUS_V3,1367883861271613441,8,5,-1.2163105182627512
3,B1-STATE_ART-SCSA_PLUS_V3,1369362392749121542,9,2,-1.2719221422094182
3,B1-STATE_ART-SCSA_PLUS_V3,1363896507242598402,10,4,-1.8364369339426265
4,B1-STATE_ART-SCSA_PLUS_V3,1368835740529000449,1,5,-0.6374802994299746
4,B1-STATE_ART-SCSA_PLUS_V3,1369959855692337152,2,1,-0.7280709162363042
4,B1-STATE_ART-SCSA_PLUS_V3,1352325551621595136,3,2,-1.094923362245103
4,B1-STATE_ART-SCSA_PLUS_V3,1369242094217404419,4,5,-1.9465721637060882
4,B1-STATE_ART-SCSA_PLUS_V3,1369552733536219138,5,4,-1.9965297315609636
4,B1-STATE_ART-SCSA_PLUS_V3,1369453291936088064,6,4,-2.082540293586643
4,B1-STATE_ART-SCSA_PLUS_V3,1370128693662785544,7,5,-2.3396043173287446
4,B1-STATE_ART-SCSA_PLUS_V3,1369598009084887043,8,5,-3.052758107235024
4,B1-STATE_ART-SCSA_PLUS_V3,1369397597421645834,9,5,-3.7210123464442337
4,B1-STATE_ART-SCSA_PLUS_V3,1369343506939019269,10,5,-4.283547532878784
5,B1-STATE_ART-SCSA_PLUS_V3,1369543002385956865,1,5,0.4424760533655573
5,B1-STATE_ART-SCSA_PLUS_V3,1369612914982846469,2,5,-0.6527855396401135
5,B1-STATE_ART-SCSA_PLUS_V3,1368856158010810369,3,5,-0.7599573760882662
5,B1-STATE_ART-SCSA_PLUS_V3,1369517501248372738,4,5,-1.6535455202151172
5,B1-STATE_ART-SCSA_PLUS_V3,1369480643315462144,5,5,-1.6798550721811467
5,B1-STATE_ART-SCSA_PLUS_V3,1369242094217404419,6,5,-1.9465721637060882
5,B1-STATE_ART-SCSA_PLUS_V3,1368975418741624833,7,5,-2.459467152350766
5,B1-STATE_ART-SCSA_PLUS_V3,1369590734672760836,8,5,-3.42032150714393
5,B1-STATE_ART-SCSA_PLUS_V3,1369343506939019269,9,3,-4.283547532878784
5,B1-STATE_ART-SCSA_PLUS_V3,1369382939289587718,10,5,-6.889418647693049
6,B1-STATE_ART-SCSA_PLUS_V3,1339526482142654466,1,4,1.8138716516757292
6,B1-STATE_ART-SCSA_PLUS_V3,1356659266732650498,2,3,1.7366632911494624
6,B1-STATE_ART-SCSA_PLUS_V3,1357736029067874305,3,3,1.6224573412989676
6,B1-STATE_ART-SCSA_PLUS_V3,1362794394848538628,4,5,0.3931224445732534
6,B1-STATE_ART-SCSA_PLUS_V3,1368867018854830081,5,5,0.3544367551565172
6,B1-STATE_ART-SCSA_PLUS_V3,1357425371721965589,6,4,0.1345663447806732
6,B1-STATE_ART-SCSA_PLUS_V3,1274054340517527552,7,3,-0.2174226567457094
6,B1-STATE_ART-SCSA_PLUS_V3,1367608643596783616,8,3,-0.5043549666506609
6,B1-STATE_ART-SCSA_PLUS_V3,1326208392923410432,9,4,-0.5375426037794763
6,B1-STATE_ART-SCSA_PLUS_V3,1368667864803213318,10,4,-2.337192909877718
7,B1-STATE_ART-SCSA_PLUS_V3,1368972324301602816,1,4,0.47243253089558507
7,B1-STATE_ART-SCSA_PLUS_V3,1368969473651261440,2,3,-0.4205881329053484
7,B1-STATE_ART-SCSA_PLUS_V3,969126955193962496,3,3,-0.558465938445157
7,B1-STATE_ART-SCSA_PLUS_V3,1359820217090768896,4,4,-0.661757889273262
7,B1-STATE_ART-SCSA_PLUS_V3,1367244704526393349,5,2,-0.7900124935647587
7,B1-STATE_ART-SCSA_PLUS_V3,1363849575279316998,6,4,-1.1948558674723815
7,B1-STATE_ART-SCSA_PLUS_V3,1365618942501285888,7,5,-1.5784184860366126
7,B1-STATE_ART-SCSA_PLUS_V3,1369342862656221187,8,4,-1.80324232296635
7,B1-STATE_ART-SCSA_PLUS_V3,1365376371376205838,9,4,-1.826179664320411
7,B1-STATE_ART-SCSA_PLUS_V3,1364974104491798530,10,4,-2.0158543599750396
8,B1-STATE_ART-SCSA_PLUS_V3,1359964129532862464,1,4,12.103313230688276
8,B1-STATE_ART-SCSA_PLUS_V3,1360637255132434433,2,4,10.678791379554722
8,B1-STATE_ART-SCSA_PLUS_V3,1349748316901310464,3,5,8.5365548680521
8,B1-STATE_ART-SCSA_PLUS_V3,1337245958787244033,4,5,6.210487445077232
8,B1-STATE_ART-SCSA_PLUS_V3,1368703131652005888,5,5,5.997016009862429
8,B1-STATE_ART-SCSA_PLUS_V3,1296750375114964992,6,5,3.71437241998367
8,B1-STATE_ART-SCSA_PLUS_V3,1361140319002103813,7,4,2.601279972614014
8,B1-STATE_ART-SCSA_PLUS_V3,1363673526096470017,8,4,-0.023782490342108976
8,B1-STATE_ART-SCSA_PLUS_V3,1369095591607865347,9,4,-0.16336369364272832
8,B1-STATE_ART-SCSA_PLUS_V3,1363548342832218116,10,5,-2.453300714766769
9,B1-STATE_ART-SCSA_PLUS_V3,1362841895030968326,1,1,3.3660194823597203
9,B1-STATE_ART-SCSA_PLUS_V3,1337774207971684352,2,5,3.1963956246636913
9,B1-STATE_ART-SCSA_PLUS_V3,1341790679945670656,3,4,1.8273460591292416
9,B1-STATE_ART-SCSA_PLUS_V3,1322191082235506689,4,4,0.6601379252812025
9,B1-STATE_ART-SCSA_PLUS_V3,1322221808913928193,5,2,0.375640548127797
9,B1-STATE_ART-SCSA_PLUS_V3,1292597118763319296,6,5,0.26534577650120783
9,B1-STATE_ART-SCSA_PLUS_V3,1322229311718494210,7,2,0.10455876759935788
9,B1-STATE_ART-SCSA_PLUS_V3,1365001111946420226,8,4,-0.2091319628623289
9,B1-STATE_ART-SCSA_PLUS_V3,1275492317013479424,9,5,-0.3436281800397225
9,B1-STATE_ART-SCSA_PLUS_V3,1363548342832218116,10,5,-2.453300714766769
10,B1-STATE_ART-SCSA_PLUS_V3,1368550065502121985,1,5,3.5111343174847853
10,B1-STATE_ART-SCSA_PLUS_V3,1368317364287180801,2,5,3.372929157843156
10,B1-STATE_ART-SCSA_PLUS_V3,1368241591299760129,3,5,0.9194908069062582
10,B1-STATE_ART-SCSA_PLUS_V3,1369007428696743936,4,5,0.9191013736147325
10,B1-STATE_ART-SCSA_PLUS_V3,1368645394348077067,5,5,0.21469910531056813
10,B1-STATE_ART-SCSA_PLUS_V3,1368157353695121412,6,5,-0.28467870151674707
10,B1-STATE_ART-SCSA_PLUS_V3,1369382325633638404,7,5,-0.34065313445191514
10,B1-STATE_ART-SCSA_PLUS_V3,1368982192194519043,8,4,-0.5012378444898195
10,B1-STATE_ART-SCSA_PLUS_V3,1368173264602869761,9,5,-0.9214002105519346
10,B1-STATE_ART-SCSA_PLUS_V3,1369259792892633089,10,5,-2.008691704755319
11,B1-STATE_ART-SCSA_PLUS_V3,1338944728969035776,1,1,8.347835854913901
11,B1-STATE_ART-SCSA_PLUS_V3,1368703131652005888,2,2,5.997016009862429
11,B1-STATE_ART-SCSA_PLUS_V3,1360046105170485249,3,3,3.6267377043973523
11,B1-STATE_ART-SCSA_PLUS_V3,1360638198573981696,4,1,1.4013921108236589
11,B1-STATE_ART-SCSA_PLUS_V3,1354547483083329538,5,2,1.158327336507613
11,B1-STATE_ART-SCSA_PLUS_V3,1327659608903733249,6,5,0.916947969210367
11,B1-STATE_ART-SCSA_PLUS_V3,1309555054295355394,7,5,0.5368930676645526
11,B1-STATE_ART-SCSA_PLUS_V3,1366833859829108738,8,5,0.38081330655002055
11,B1-STATE_ART-SCSA_PLUS_V3,1366208806535892995,9,5,-0.06491412132525541
11,B1-STATE_ART-SCSA_PLUS_V3,1269640838205902849,10,3,-1.226795167460646
12,B1-STATE_ART-SCSA_PLUS_V3,1321919226341306368,1,5,6.602674005668622
12,B1-STATE_ART-SCSA_PLUS_V3,1343974143646044160,2,5,2.917138464341229
12,B1-STATE_ART-SCSA_PLUS_V3,1361396964227772419,3,5,2.481915754510287
12,B1-STATE_ART-SCSA_PLUS_V3,1365372438578667526,4,2,0.60999118678011
12,B1-STATE_ART-SCSA_PLUS_V3,1339746480014254081,5,5,0.5344605073077618
12,B1-STATE_ART-SCSA_PLUS_V3,1365155419564351490,6,5,-0.014646526041466504
12,B1-STATE_ART-SCSA_PLUS_V3,1272637078401097731,7,5,-0.019079609741875597
12,B1-STATE_ART-SCSA_PLUS_V3,1359318229735251977,8,3,-0.06169220645818006
12,B1-STATE_ART-SCSA_PLUS_V3,1366804263385501696,9,5,-0.1299022928383061
12,B1-STATE_ART-SCSA_PLUS_V3,1364415183607586825,10,2,-0.9544325399135879
13,B1-STATE_ART-SCSA_PLUS_V3,1369324832702296067,1,2,0.7934412327037619
13,B1-STATE_ART-SCSA_PLUS_V3,1336808991792525325,2,2,0.47488528866005664
13,B1-STATE_ART-SCSA_PLUS_V3,1365346314956005378,3,2,-0.13024120238018022
13,B1-STATE_ART-SCSA_PLUS_V3,1312476369830338561,4,4,-0.34647744057306284
13,B1-STATE_ART-SCSA_PLUS_V3,1327673915829866501,5,4,-0.5040860125713365
13,B1-STATE_ART-SCSA_PLUS_V3,1362949278365143050,6,1,-0.761684968676631
13,B1-STATE_ART-SCSA_PLUS_V3,1357343495132880897,7,2,-1.0331206146331247
13,B1-STATE_ART-SCSA_PLUS_V3,1285952748484083712,8,1,-1.1290859628855405
13,B1-STATE_ART-SCSA_PLUS_V3,1354081977062850561,9,3,-1.3217999989738152
13,B1-STATE_ART-SCSA_PLUS_V3,1337102429532217345,10,4,-1.4973805990016253
15,B1-STATE_ART-SCSA_PLUS_V3,1321919226341306368,1,2,6.602674005668622
15,B1-STATE_ART-SCSA_PLUS_V3,1343974143646044160,2,5,2.917138464341229
15,B1-STATE_ART-SCSA_PLUS_V3,1361396964227772419,3,2,2.481915754510287
15,B1-STATE_ART-SCSA_PLUS_V3,1365372438578667526,4,2,0.60999118678011
15,B1-STATE_ART-SCSA_PLUS_V3,1339746480014254081,5,3,0.5344605073077618
15,B1-STATE_ART-SCSA_PLUS_V3,1360653537781321732,6,5,0.3071275063946052
15,B1-STATE_ART-SCSA_PLUS_V3,1272637078401097731,7,2,-0.019079609741875597
15,B1-STATE_ART-SCSA_PLUS_V3,1359318229735251977,8,4,-0.06169220645818006
15,B1-STATE_ART-SCSA_PLUS_V3,1366804263385501696,9,2,-0.1299022928383061
15,B1-STATE_ART-SCSA_PLUS_V3,1364415183607586825,10,3,-0.9544325399135879
16,B1-STATE_ART-SCSA_PLUS_V3,1367269369521266691,1,5,3.4768722051241063
16,B1-STATE_ART-SCSA_PLUS_V3,1369400158912475136,2,1,2.4362774143547936
16,B1-STATE_ART-SCSA_PLUS_V3,1368144516558041088,3,1,2.299759211140912
16,B1-STATE_ART-SCSA_PLUS_V3,1346230432036233218,4,1,0.6127781843164516
16,B1-STATE_ART-SCSA_PLUS_V3,1369378396216692740,5,1,0.4986912904611672
16,B1-STATE_ART-SCSA_PLUS_V3,1367491019277799427,6,5,0.4728792698057718
16,B1-STATE_ART-SCSA_PLUS_V3,1367629682439454722,7,1,0.05196479390678189
16,B1-STATE_ART-SCSA_PLUS_V3,1367300479739441155,8,1,-0.1090108305558556
16,B1-STATE_ART-SCSA_PLUS_V3,1333807391079428096,9,1,-0.1924995473653357
16,B1-STATE_ART-SCSA_PLUS_V3,1367625056570990592,10,2,-0.6715771044863247
17,B1-STATE_ART-SCSA_PLUS_V3,1362674074732748803,1,1,1.814054658033701
17,B1-STATE_ART-SCSA_PLUS_V3,1316722494255099904,2,5,1.1021322067178285
17,B1-STATE_ART-SCSA_PLUS_V3,1354993740562137089,3,1,0.8019367591919462
17,B1-STATE_ART-SCSA_PLUS_V3,1369000930809581570,4,5,0.6685219196111336
17,B1-STATE_ART-SCSA_PLUS_V3,1367507656269791241,5,5,0.5952032546273501
17,B1-STATE_ART-SCSA_PLUS_V3,1365629350721249281,6,5,0.07713175051477816
17,B1-STATE_ART-SCSA_PLUS_V3,1358414579328561153,7,5,-0.02727930566538157
17,B1-STATE_ART-SCSA_PLUS_V3,1367474157626290181,8,5,-0.6524760223115337
17,B1-STATE_ART-SCSA_PLUS_V3,1366841911357620225,9,5,-2.2822044613771397
17,B1-STATE_ART-SCSA_PLUS_V3,1316030943174422528,10,5,-3.130183381208236
18,B1-STATE_ART-SCSA_PLUS_V3,1189330936300756992,1,5,13.170337953166024
18,B1-STATE_ART-SCSA_PLUS_V3,1333425556659064833,2,3,1.8337708556369567
18,B1-STATE_ART-SCSA_PLUS_V3,1331689113494446085,3,3,1.5891790465367919
18,B1-STATE_ART-SCSA_PLUS_V3,1365319660405678081,4,1,1.4262248290423767
18,B1-STATE_ART-SCSA_PLUS_V3,1368245620344029188,5,1,0.11540564553316701
18,B1-STATE_ART-SCSA_PLUS_V3,1338474408743215106,6,2,0.09508136245034038
18,B1-STATE_ART-SCSA_PLUS_V3,1363561378552958976,7,2,0.010435976030854556
18,B1-STATE_ART-SCSA_PLUS_V3,1188118588290469890,8,5,-0.14442319395085704
18,B1-STATE_ART-SCSA_PLUS_V3,1368640454028386304,9,2,-0.3956364526033211
18,B1-STATE_ART-SCSA_PLUS_V3,1298591876963078146,10,2,-0.7684689915695079
19,B1-STATE_ART-SCSA_PLUS_V3,1329983375621435392,1,4,0.5012169340740982
19,B1-STATE_ART-SCSA_PLUS_V3,1368923387532369922,2,5,0.03525253446521034
19,B1-STATE_ART-SCSA_PLUS_V3,1369038985188831234,3,5,-0.0394326062734303
19,B1-STATE_ART-SCSA_PLUS_V3,1354908861572935681,4,4,-0.339568856819857
19,B1-STATE_ART-SCSA_PLUS_V3,1328394654375698433,5,3,-0.44189252319044564
19,B1-STATE_ART-SCSA_PLUS_V3,1369207595785977860,6,3,-0.6905950142437205
19,B1-STATE_ART-SCSA_PLUS_V3,1366588589191147526,7,3,-1.0527184597946182
19,B1-STATE_ART-SCSA_PLUS_V3,1352325551621595136,8,4,-1.094923362245103
19,B1-STATE_ART-SCSA_PLUS_V3,1369242094217404419,9,3,-1.9465721637060882
19,B1-STATE_ART-SCSA_PLUS_V3,1369343506939019269,10,3,-4.283547532878784
20,B1-STATE_ART-SCSA_PLUS_V3,1368788336333176833,1,1,0.5092241707330036
20,B1-STATE_ART-SCSA_PLUS_V3,1367491019277799427,2,1,0.4728792698057718
20,B1-STATE_ART-SCSA_PLUS_V3,1368604247760244742,3,3,0.0705529339821373
20,B1-STATE_ART-SCSA_PLUS_V3,1368096530268323842,4,5,-0.0019855831532559526
20,B1-STATE_ART-SCSA_PLUS_V3,1363915655720939521,5,5,-0.22194317248781126
20,B1-STATE_ART-SCSA_PLUS_V3,1369633104269357056,6,5,-0.2640740687280753
20,B1-STATE_ART-SCSA_PLUS_V3,1359943267148845058,7,1,-1.2039623161072595
20,B1-STATE_ART-SCSA_PLUS_V3,1359371849965199360,8,5,-1.675188778661368
20,B1-STATE_ART-SCSA_PLUS_V3,1366925854421495812,9,5,-2.115913421270098
20,B1-STATE_ART-SCSA_PLUS_V3,1364970371716423682,10,5,-2.2841024810696786
21,B1-STATE_ART-SCSA_PLUS_V3,1356659266732650498,1,2,1.7366632911494624
21,B1-STATE_ART-SCSA_PLUS_V3,1217122703766970369,2,3,0.7529139533461127
21,B1-STATE_ART-SCSA_PLUS_V3,1369030162298400778,3,1,0.5418508412101273
21,B1-STATE_ART-SCSA_PLUS_V3,1367556352445321216,4,5,0.3337519258527118
21,B1-STATE_ART-SCSA_PLUS_V3,1367323565008154630,5,1,-0.20154466882629157
21,B1-STATE_ART-SCSA_PLUS_V3,1368978816849211392,6,5,-0.20934249278120057
21,B1-STATE_ART-SCSA_PLUS_V3,1365407006253801474,7,1,-0.4710232740737562
21,B1-STATE_ART-SCSA_PLUS_V3,1326208392923410432,8,5,-0.5375426037794763
21,B1-STATE_ART-SCSA_PLUS_V3,1367282096289443840,9,3,-0.554515846299374
21,B1-STATE_ART-SCSA_PLUS_V3,1362475510954156037,10,2,-0.6812224007750874
22,B1-STATE_ART-SCSA_PLUS_V3,1366234614650478594,1,5,1.0610663430298861
22,B1-STATE_ART-SCSA_PLUS_V3,1300100975793901569,2,2,0.5663209426541804
22,B1-STATE_ART-SCSA_PLUS_V3,1366209913865703426,3,5,-0.13845343833973855
22,B1-STATE_ART-SCSA_PLUS_V3,1368614821147598851,4,5,-0.2628788092811815
22,B1-STATE_ART-SCSA_PLUS_V3,1367120318012280838,5,5,-0.4179552361863115
22,B1-STATE_ART-SCSA_PLUS_V3,1361812978425753600,6,4,-0.5289740432727155
22,B1-STATE_ART-SCSA_PLUS_V3,1369339704588570624,7,5,-0.554480036175046
22,B1-STATE_ART-SCSA_PLUS_V3,1367128088832745476,8,4,-1.0287567434234524
22,B1-STATE_ART-SCSA_PLUS_V3,1369043306487767040,9,5,-1.7074130258233833
22,B1-STATE_ART-SCSA_PLUS_V3,1369015063705612288,10,4,-2.5441242367319266
23,B1-STATE_ART-SCSA_PLUS_V3,1350173131823083520,1,5,0.845405272532615
23,B1-STATE_ART-SCSA_PLUS_V3,1311068940152401920,2,4,0.5979122767887519
23,B1-STATE_ART-SCSA_PLUS_V3,1331670759102681088,3,5,0.5672912026867231
23,B1-STATE_ART-SCSA_PLUS_V3,1261222316803063810,4,4,0.3019819360644165
23,B1-STATE_ART-SCSA_PLUS_V3,1344346181976129538,5,5,0.03317862461964776
23,B1-STATE_ART-SCSA_PLUS_V3,1360962032598720516,6,5,-0.3175998389407401
23,B1-STATE_ART-SCSA_PLUS_V3,1321088619814109184,7,5,-0.4672998620632098
23,B1-STATE_ART-SCSA_PLUS_V3,1192092402061889536,8,4,-0.8103265598610778
23,B1-STATE_ART-SCSA_PLUS_V3,1354864255749804039,9,5,-1.3891340356892503
23,B1-STATE_ART-SCSA_PLUS_V3,1363548342832218116,10,5,-2.453300714766769
24,B1-STATE_ART-SCSA_PLUS_V3,1363203331745673220,1,5,3.367056296598583
24,B1-STATE_ART-SCSA_PLUS_V3,1292597118763319296,2,3,0.26534577650120783
24,B1-STATE_ART-SCSA_PLUS_V3,1355530037152284675,3,5,0.1501133018528493
24,B1-STATE_ART-SCSA_PLUS_V3,1365346314956005378,4,3,-0.13024120238018022
24,B1-STATE_ART-SCSA_PLUS_V3,1369122357307191296,5,3,-0.2036054607677234
24,B1-STATE_ART-SCSA_PLUS_V3,1366478355558780939,6,5,-0.2677269845711609
24,B1-STATE_ART-SCSA_PLUS_V3,1312476369830338561,7,5,-0.34647744057306284
24,B1-STATE_ART-SCSA_PLUS_V3,1362099968824254464,8,5,-0.39973133343034284
24,B1-STATE_ART-SCSA_PLUS_V3,1359900546635870215,9,5,-0.698386325361354
24,B1-STATE_ART-SCSA_PLUS_V3,1337102429532217345,10,5,-1.4973805990016253
25,B1-STATE_ART-SCSA_PLUS_V3,1368970607216517129,1,5,0.573329460917345
25,B1-STATE_ART-SCSA_PLUS_V3,1329983375621435392,2,5,0.5012169340740982
25,B1-STATE_ART-SCSA_PLUS_V3,1354908861572935681,3,5,-0.339568856819857
25,B1-STATE_ART-SCSA_PLUS_V3,1369587331691208706,4,5,-0.5659603889322518
25,B1-STATE_ART-SCSA_PLUS_V3,1368835740529000449,5,5,-0.6374802994299746
25,B1-STATE_ART-SCSA_PLUS_V3,1368856158010810369,6,5,-0.7599573760882662
25,B1-STATE_ART-SCSA_PLUS_V3,1352325551621595136,7,3,-1.094923362245103
25,B1-STATE_ART-SCSA_PLUS_V3,1369598009084887043,8,5,-3.052758107235024
25,B1-STATE_ART-SCSA_PLUS_V3,1369590734672760836,9,5,-3.42032150714393
25,B1-STATE_ART-SCSA_PLUS_V3,1369343506939019269,10,5,-4.283547532878784
26,B1-STATE_ART-SCSA_PLUS_V3,1337774207971684352,1,4,3.1963956246636913
26,B1-STATE_ART-SCSA_PLUS_V3,1322229311718494210,2,2,0.10455876759935788
26,B1-STATE_ART-SCSA_PLUS_V3,968452175142649858,3,4,-0.14125490783947905
26,B1-STATE_ART-SCSA_PLUS_V3,1362748296045953027,4,4,-0.3147145257314074
26,B1-STATE_ART-SCSA_PLUS_V3,1364571918876073985,5,3,-0.5967768991677334
26,B1-STATE_ART-SCSA_PLUS_V3,1358024709137432577,6,2,-0.8285642234417999
26,B1-STATE_ART-SCSA_PLUS_V3,970787289638096897,7,4,-0.9916448619981256
26,B1-STATE_ART-SCSA_PLUS_V3,1368999602867802126,8,4,-2.1232357262180734
26,B1-STATE_ART-SCSA_PLUS_V3,1363548342832218116,9,2,-2.453300714766769
26,B1-STATE_ART-SCSA_PLUS_V3,1339559388303007744,10,2,-2.473454249860161
27,B1-STATE_ART-SCSA_PLUS_V3,1329983375621435392,1,1,0.5012169340740982
27,B1-STATE_ART-SCSA_PLUS_V3,1354908861572935681,2,4,-0.339568856819857
27,B1-STATE_ART-SCSA_PLUS_V3,1368835740529000449,3,4,-0.6374802994299746
27,B1-STATE_ART-SCSA_PLUS_V3,1368856158010810369,4,5,-0.7599573760882662
27,B1-STATE_ART-SCSA_PLUS_V3,1369242094217404419,5,4,-1.9465721637060882
27,B1-STATE_ART-SCSA_PLUS_V3,1369552733536219138,6,5,-1.9965297315609636
27,B1-STATE_ART-SCSA_PLUS_V3,1370132866093420544,7,3,-2.010505443769429
27,B1-STATE_ART-SCSA_PLUS_V3,1369598009084887043,8,5,-3.052758107235024
27,B1-STATE_ART-SCSA_PLUS_V3,1369590734672760836,9,3,-3.42032150714393
27,B1-STATE_ART-SCSA_PLUS_V3,1369343506939019269,10,4,-4.283547532878784
28,B1-STATE_ART-SCSA_PLUS_V3,1331650428115759105,1,3,3.436657050122056
28,B1-STATE_ART-SCSA_PLUS_V3,1343640147775152131,2,3,0.8127914664966901
28,B1-STATE_ART-SCSA_PLUS_V3,1323671285285703683,3,2,0.6341569216243185
28,B1-STATE_ART-SCSA_PLUS_V3,1329849237299990529,4,3,0.47865248921982023
28,B1-STATE_ART-SCSA_PLUS_V3,1340027052037169152,5,5,0.37158816488634167
28,B1-STATE_ART-SCSA_PLUS_V3,1339289131575341057,6,3,0.2817877204423984
28,B1-STATE_ART-SCSA_PLUS_V3,1355168831413645316,7,5,0.2625738356864402
28,B1-STATE_ART-SCSA_PLUS_V3,1246491727306899456,8,5,-0.7382257135610233
28,B1-STATE_ART-SCSA_PLUS_V3,1334641065870159874,9,3,-1.327801815815659
28,B1-STATE_ART-SCSA_PLUS_V3,1363548342832218116,10,3,-2.453300714766769
29,B1-STATE_ART-SCSA_PLUS_V3,1367565531189047299,1,3,3.381735737420804
29,B1-STATE_ART-SCSA_PLUS_V3,1367565667642331136,2,5,2.1651867468311083
29,B1-STATE_ART-SCSA_PLUS_V3,1358793588382052358,3,4,1.0249641668091702
29,B1-STATE_ART-SCSA_PLUS_V3,1369030162298400778,4,5,0.5418508412101273
29,B1-STATE_ART-SCSA_PLUS_V3,1250919345955446784,5,4,-0.014786558296788831
29,B1-STATE_ART-SCSA_PLUS_V3,1367323565008154630,6,4,-0.20154466882629157
29,B1-STATE_ART-SCSA_PLUS_V3,1369148165471969284,7,4,-0.3713330380321657
29,B1-STATE_ART-SCSA_PLUS_V3,1366963364975452162,8,3,-0.6725999993709812
29,B1-STATE_ART-SCSA_PLUS_V3,1369362392749121542,9,5,-1.2719221422094182
29,B1-STATE_ART-SCSA_PLUS_V3,1367244848978227201,10,3,-1.290159799963242
30,B1-STATE_ART-SCSA_PLUS_V3,1366239727402196996,1,5,0.8929532322644167
30,B1-STATE_ART-SCSA_PLUS_V3,1369037334885265408,2,3,0.6876644603030617
30,B1-STATE_ART-SCSA_PLUS_V3,1300100975793901569,3,5,0.5663209426541804
30,B1-STATE_ART-SCSA_PLUS_V3,1292597118763319296,4,3,0.26534577650120783
30,B1-STATE_ART-SCSA_PLUS_V3,1366242438717661187,5,2,-0.0027458231663222282
30,B1-STATE_ART-SCSA_PLUS_V3,1367120318012280838,6,4,-0.4179552361863115
30,B1-STATE_ART-SCSA_PLUS_V3,1362129662336450560,7,4,-0.6514332148036373
30,B1-STATE_ART-SCSA_PLUS_V3,1360680119854104582,8,5,-0.8584769493003562
30,B1-STATE_ART-SCSA_PLUS_V3,1367128088832745476,9,3,-1.0287567434234524
30,B1-STATE_ART-SCSA_PLUS_V3,1366102978739007492,10,3,-1.317925333554286
31,B1-STATE_ART-SCSA_PLUS_V3,1364590913369083904,1,3,1.935379467354965
31,B1-STATE_ART-SCSA_PLUS_V3,1356766464162762754,2,3,1.7298361293300157
31,B1-STATE_ART-SCSA_PLUS_V3,1322130577684942848,3,2,1.703766487830204
31,B1-STATE_ART-SCSA_PLUS_V3,1360224092427812866,4,4,0.061128502291681194
31,B1-STATE_ART-SCSA_PLUS_V3,970013213092757504,5,4,-0.025268835463736726
31,B1-STATE_ART-SCSA_PLUS_V3,978748491936780289,6,4,-0.21688351064173858
31,B1-STATE_ART-SCSA_PLUS_V3,1369037449431715843,7,2,-0.5205696582869014
31,B1-STATE_ART-SCSA_PLUS_V3,1362196257624625152,8,1,-0.7770560815061966
31,B1-STATE_ART-SCSA_PLUS_V3,1307034079381065732,9,4,-1.1401752764342339
31,B1-STATE_ART-SCSA_PLUS_V3,1362196930252726277,10,3,-1.4388111549998168
32,B1-STATE_ART-SCSA_PLUS_V3,1369320575945019399,1,3,0.14345542229672897
32,B1-STATE_ART-SCSA_PLUS_V3,969126955193962496,2,3,-0.558465938445157
32,B1-STATE_ART-SCSA_PLUS_V3,1362748149853396993,3,3,-0.9450849190104422
32,B1-STATE_ART-SCSA_PLUS_V3,1363849575279316998,4,4,-1.1948558674723815
32,B1-STATE_ART-SCSA_PLUS_V3,1365618942501285888,5,2,-1.5784184860366126
32,B1-STATE_ART-SCSA_PLUS_V3,1369342862656221187,6,4,-1.80324232296635
32,B1-STATE_ART-SCSA_PLUS_V3,1365376371376205838,7,3,-1.826179664320411
32,B1-STATE_ART-SCSA_PLUS_V3,1364974104491798530,8,3,-2.0158543599750396
32,B1-STATE_ART-SCSA_PLUS_V3,1364237278516830212,9,3,-2.4758479532666846
32,B1-STATE_ART-SCSA_PLUS_V3,978970964762513409,10,3,-3.302339231902795
33,B1-STATE_ART-SCSA_PLUS_V3,1368978600964349955,1,4,-0.29588233170081035
33,B1-STATE_ART-SCSA_PLUS_V3,1369113689845022721,2,2,-0.5428874642491776
33,B1-STATE_ART-SCSA_PLUS_V3,1368835740529000449,3,4,-0.6374802994299746
33,B1-STATE_ART-SCSA_PLUS_V3,1369207595785977860,4,4,-0.6905950142437205
33,B1-STATE_ART-SCSA_PLUS_V3,1368856158010810369,5,4,-0.7599573760882662
33,B1-STATE_ART-SCSA_PLUS_V3,1369552733536219138,6,4,-1.9965297315609636
33,B1-STATE_ART-SCSA_PLUS_V3,1364311211194675203,7,3,-2.8868218084625052
33,B1-STATE_ART-SCSA_PLUS_V3,1369598009084887043,8,3,-3.052758107235024
33,B1-STATE_ART-SCSA_PLUS_V3,1369590734672760836,9,4,-3.42032150714393
33,B1-STATE_ART-SCSA_PLUS_V3,1369343506939019269,10,4,-4.283547532878784
34,B1-STATE_ART-SCSA_PLUS_V3,1367190653269073930,1,5,0.07515757311558072
34,B1-STATE_ART-SCSA_PLUS_V3,1369500754000699392,2,3,-0.5859263572522552
34,B1-STATE_ART-SCSA_PLUS_V3,1368835740529000449,3,4,-0.6374802994299746
34,B1-STATE_ART-SCSA_PLUS_V3,1368856158010810369,4,3,-0.7599573760882662
34,B1-STATE_ART-SCSA_PLUS_V3,1368607437310353408,5,2,-0.969838106752718
34,B1-STATE_ART-SCSA_PLUS_V3,1369617111014924289,6,3,-1.418934497720023
34,B1-STATE_ART-SCSA_PLUS_V3,1369552733536219138,7,3,-1.9965297315609636
34,B1-STATE_ART-SCSA_PLUS_V3,1364311211194675203,8,3,-2.8868218084625052
34,B1-STATE_ART-SCSA_PLUS_V3,1370098415938498560,9,4,-3.166099934895694
34,B1-STATE_ART-SCSA_PLUS_V3,1369590734672760836,10,4,-3.42032150714393
35,B1-STATE_ART-SCSA_PLUS_V3,1365315694167011328,1,1,3.3947765877631055
35,B1-STATE_ART-SCSA_PLUS_V3,1273723492186443782,2,3,0.5911286676914459
35,B1-STATE_ART-SCSA_PLUS_V3,1332444252895404033,3,1,0.44581945340032114
35,B1-STATE_ART-SCSA_PLUS_V3,1340976808989241344,4,2,0.18494108179453922
35,B1-STATE_ART-SCSA_PLUS_V3,1366296962409123843,5,2,-0.26375845818186033
35,B1-STATE_ART-SCSA_PLUS_V3,1368939573586386945,6,2,-0.3855286271234116
35,B1-STATE_ART-SCSA_PLUS_V3,1352326523026632706,7,1,-0.632907100687823
35,B1-STATE_ART-SCSA_PLUS_V3,1368776591388647424,8,1,-0.8747698044017455
35,B1-STATE_ART-SCSA_PLUS_V3,1368954564133654529,9,1,-1.1168810292840277
35,B1-STATE_ART-SCSA_PLUS_V3,1367617268734164992,10,1,-1.1559816142277908
36,B1-STATE_ART-SCSA_PLUS_V3,1337774207971684352,1,5,3.1963956246636913
36,B1-STATE_ART-SCSA_PLUS_V3,1151160990995746816,2,5,2.6803080171746156
36,B1-STATE_ART-SCSA_PLUS_V3,1341790679945670656,3,4,1.8273460591292416
36,B1-STATE_ART-SCSA_PLUS_V3,1367610810789326850,4,5,1.682295365404322
36,B1-STATE_ART-SCSA_PLUS_V3,1357735941637603331,5,5,1.080132758295844
36,B1-STATE_ART-SCSA_PLUS_V3,1343240225129168898,6,5,0.22265802149642508
36,B1-STATE_ART-SCSA_PLUS_V3,1365001111946420226,7,4,-0.2091319628623289
36,B1-STATE_ART-SCSA_PLUS_V3,1312476369830338561,8,3,-0.34647744057306284
36,B1-STATE_ART-SCSA_PLUS_V3,1350201158426648581,9,5,-0.5118970098531083
36,B1-STATE_ART-SCSA_PLUS_V3,1326208392923410432,10,5,-0.5375426037794763
37,B1-STATE_ART-SCSA_PLUS_V3,1189330936300756992,1,2,13.170337953166024
37,B1-STATE_ART-SCSA_PLUS_V3,1368703131652005888,2,4,5.997016009862429
37,B1-STATE_ART-SCSA_PLUS_V3,1333425556659064833,3,1,1.8337708556369567
37,B1-STATE_ART-SCSA_PLUS_V3,1365319660405678081,4,1,1.4262248290423767
37,B1-STATE_ART-SCSA_PLUS_V3,1272338362909655040,5,1,0.9637227190925146
37,B1-STATE_ART-SCSA_PLUS_V3,1338474408743215106,6,1,0.09508136245034038
37,B1-STATE_ART-SCSA_PLUS_V3,1357452896976179201,7,1,-0.3527812204550397
37,B1-STATE_ART-SCSA_PLUS_V3,1368640454028386304,8,3,-0.3956364526033211
37,B1-STATE_ART-SCSA_PLUS_V3,1298591876963078146,9,1,-0.7684689915695079
37,B1-STATE_ART-SCSA_PLUS_V3,1326902644322017281,10,4,-1.3294174972696615
38,B1-STATE_ART-SCSA_PLUS_V3,1369498799673065473,1,4,1.017755292367069
38,B1-STATE_ART-SCSA_PLUS_V3,1369214396489170946,2,5,0.6572913423622382
38,B1-STATE_ART-SCSA_PLUS_V3,1368619226865471493,3,5,0.5672811583171669
38,B1-STATE_ART-SCSA_PLUS_V3,1358819633629921283,4,5,0.35429803554481765
38,B1-STATE_ART-SCSA_PLUS_V3,1368923387532369922,5,5,0.03525253446521034
38,B1-STATE_ART-SCSA_PLUS_V3,1369038985188831234,6,5,-0.0394326062734303
38,B1-STATE_ART-SCSA_PLUS_V3,1368849083201359873,7,5,-0.6107906268176222
38,B1-STATE_ART-SCSA_PLUS_V3,1363564146948665347,8,4,-0.7089250943951978
38,B1-STATE_ART-SCSA_PLUS_V3,1367766039254163458,9,5,-0.8349463278321971
38,B1-STATE_ART-SCSA_PLUS_V3,1352325551621595136,10,5,-1.094923362245103
39,B1-STATE_ART-SCSA_PLUS_V3,1356685006916079616,1,2,5.0373112711364545
39,B1-STATE_ART-SCSA_PLUS_V3,1359863795586396168,2,4,1.4151443169837419
39,B1-STATE_ART-SCSA_PLUS_V3,1291859496826843137,3,3,0.5389831664469501
39,B1-STATE_ART-SCSA_PLUS_V3,1287526789707776000,4,2,0.41925136606536384
39,B1-STATE_ART-SCSA_PLUS_V3,1364897061083127808,5,3,0.1648247706578481
39,B1-STATE_ART-SCSA_PLUS_V3,425668533293289472,6,3,0.11720135283024176
39,B1-STATE_ART-SCSA_PLUS_V3,1252286536738934786,7,3,0.05468949603871581
39,B1-STATE_ART-SCSA_PLUS_V3,1258788139159613441,8,2,-0.5481706622756389
39,B1-STATE_ART-SCSA_PLUS_V3,754011760257069056,9,5,-0.7531911108398307
39,B1-STATE_ART-SCSA_PLUS_V3,1369362392749121542,10,4,-1.2719221422094182
40,B1-STATE_ART-SCSA_PLUS_V3,1337411829853802496,1,5,2.807090947517097
40,B1-STATE_ART-SCSA_PLUS_V3,1323342666361430019,2,5,2.5110974373023884
40,B1-STATE_ART-SCSA_PLUS_V3,1311355905120690176,3,5,0.2273151626602738
40,B1-STATE_ART-SCSA_PLUS_V3,1324782095177306119,4,5,0.1816927741351839
40,B1-STATE_ART-SCSA_PLUS_V3,1355908706026758144,5,5,-0.06672190465654095
40,B1-STATE_ART-SCSA_PLUS_V3,1351182747721748487,6,1,-0.3445846164891477
40,B1-STATE_ART-SCSA_PLUS_V3,1329846979401191424,7,1,-1.3287725928777046
40,B1-STATE_ART-SCSA_PLUS_V3,1360611979879186438,8,2,-1.458541040359657
40,B1-STATE_ART-SCSA_PLUS_V3,1357369869222690817,9,2,-1.6601643240569637
40,B1-STATE_ART-SCSA_PLUS_V3,1331202835334225920,10,1,-2.769413109420777
41,B1-STATE_ART-SCSA_PLUS_V3,1189330936300756992,1,5,13.170337953166024
41,B1-STATE_ART-SCSA_PLUS_V3,1340930237819924480,2,2,9.902859095516977
41,B1-STATE_ART-SCSA_PLUS_V3,1346507839909445632,3,3,6.342778015633503
41,B1-STATE_ART-SCSA_PLUS_V3,1357382231816359939,4,2,4.560163422124346
41,B1-STATE_ART-SCSA_PLUS_V3,1367890477849210881,5,1,1.6758596376668151
41,B1-STATE_ART-SCSA_PLUS_V3,1331689113494446085,6,3,1.5891790465367919
41,B1-STATE_ART-SCSA_PLUS_V3,1338474408743215106,7,3,0.09508136245034038
41,B1-STATE_ART-SCSA_PLUS_V3,1352028901229395970,8,1,-0.3235322204301623
41,B1-STATE_ART-SCSA_PLUS_V3,1326208392923410432,9,3,-0.5375426037794763
41,B1-STATE_ART-SCSA_PLUS_V3,1298591876963078146,10,2,-0.7684689915695079
42,B1-STATE_ART-SCSA_PLUS_V3,1368453072666521600,1,5,3.4986854621363346
42,B1-STATE_ART-SCSA_PLUS_V3,1368116399097344003,2,5,1.7033983699875097
42,B1-STATE_ART-SCSA_PLUS_V3,1342687407326580737,3,5,1.2190395454062626
42,B1-STATE_ART-SCSA_PLUS_V3,1369148238138208257,4,1,0.6643454696333345
42,B1-STATE_ART-SCSA_PLUS_V3,1313580109727584256,5,1,0.13480255986719208
42,B1-STATE_ART-SCSA_PLUS_V3,1369418368554569728,6,1,0.003138505877785299
42,B1-STATE_ART-SCSA_PLUS_V3,1326177511684919300,7,2,-0.5870196191146263
42,B1-STATE_ART-SCSA_PLUS_V3,1369101047826841604,8,1,-0.8621822944367853
42,B1-STATE_ART-SCSA_PLUS_V3,1369362392749121542,9,1,-1.2719221422094182
42,B1-STATE_ART-SCSA_PLUS_V3,1363947240369229825,10,5,-1.4767190497041776
43,B1-STATE_ART-SCSA_PLUS_V3,1336324934688116743,1,2,9.538332916572683
43,B1-STATE_ART-SCSA_PLUS_V3,1338944728969035776,2,2,8.347835854913901
43,B1-STATE_ART-SCSA_PLUS_V3,1360638198573981696,3,2,1.4013921108236589
43,B1-STATE_ART-SCSA_PLUS_V3,1357714688994390016,4,2,1.368166145710809
43,B1-STATE_ART-SCSA_PLUS_V3,1354547483083329538,5,2,1.158327336507613
43,B1-STATE_ART-SCSA_PLUS_V3,1359185296382779393,6,2,1.0492517141005304
43,B1-STATE_ART-SCSA_PLUS_V3,1367946423736537089,7,2,0.16001041994184395
43,B1-STATE_ART-SCSA_PLUS_V3,1367629682439454722,8,2,0.05196479390678189
43,B1-STATE_ART-SCSA_PLUS_V3,1366208806535892995,9,2,-0.06491412132525541
43,B1-STATE_ART-SCSA_PLUS_V3,1363548342832218116,10,2,-2.453300714766769
44,B1-STATE_ART-SCSA_PLUS_V3,1356685006916079616,1,2,5.0373112711364545
44,B1-STATE_ART-SCSA_PLUS_V3,1359863795586396168,2,3,1.4151443169837419
44,B1-STATE_ART-SCSA_PLUS_V3,1291859496826843137,3,4,0.5389831664469501
44,B1-STATE_ART-SCSA_PLUS_V3,1287526789707776000,4,2,0.41925136606536384
44,B1-STATE_ART-SCSA_PLUS_V3,425668533293289472,5,3,0.11720135283024176
44,B1-STATE_ART-SCSA_PLUS_V3,1326208392923410432,6,5,-0.5375426037794763
44,B1-STATE_ART-SCSA_PLUS_V3,1258788139159613441,7,4,-0.5481706622756389
44,B1-STATE_ART-SCSA_PLUS_V3,1369041862414241800,8,3,-0.6873888329413294
44,B1-STATE_ART-SCSA_PLUS_V3,1253009440107720704,9,5,-1.4106629548114777
44,B1-STATE_ART-SCSA_PLUS_V3,1369343506939019269,10,3,-4.283547532878784
45,B1-STATE_ART-SCSA_PLUS_V3,1344344721506885641,1,3,1.5034071472862192
45,B1-STATE_ART-SCSA_PLUS_V3,1345706642080493568,2,3,1.3785785792104155
45,B1-STATE_ART-SCSA_PLUS_V3,1338619251050115072,3,2,0.9633169172692301
45,B1-STATE_ART-SCSA_PLUS_V3,1310595678226219015,4,3,0.3445851462163963
45,B1-STATE_ART-SCSA_PLUS_V3,1367430380463267844,5,3,0.096577346030013
45,B1-STATE_ART-SCSA_PLUS_V3,1361708535294255106,6,3,-0.03227444126704357
45,B1-STATE_ART-SCSA_PLUS_V3,1184016623394590721,7,4,-0.13275819076217077
45,B1-STATE_ART-SCSA_PLUS_V3,1228653223269076992,8,3,-0.22246443972091492
45,B1-STATE_ART-SCSA_PLUS_V3,1365659227256098816,9,3,-0.5542167588436386
45,B1-STATE_ART-SCSA_PLUS_V3,1327627598726377475,10,4,-1.1866186313766625
46,B1-STATE_ART-SCSA_PLUS_V3,1368923387532369922,1,3,0.03525253446521034
46,B1-STATE_ART-SCSA_PLUS_V3,1369038985188831234,2,3,-0.0394326062734303
46,B1-STATE_ART-SCSA_PLUS_V3,1368835740529000449,3,4,-0.6374802994299746
46,B1-STATE_ART-SCSA_PLUS_V3,1368856158010810369,4,5,-0.7599573760882662
46,B1-STATE_ART-SCSA_PLUS_V3,1369619151506071561,5,3,-1.5329383733351667
46,B1-STATE_ART-SCSA_PLUS_V3,1369483145129713665,6,4,-1.598132151789689
46,B1-STATE_ART-SCSA_PLUS_V3,1369552733536219138,7,4,-1.9965297315609636
46,B1-STATE_ART-SCSA_PLUS_V3,1369482917248970754,8,3,-2.6188814405076912
46,B1-STATE_ART-SCSA_PLUS_V3,1369590734672760836,9,4,-3.42032150714393
46,B1-STATE_ART-SCSA_PLUS_V3,1369343506939019269,10,3,-4.283547532878784
47,B1-STATE_ART-SCSA_PLUS_V3,1360638198573981696,1,2,1.4013921108236589
47,B1-STATE_ART-SCSA_PLUS_V3,1368116641360384005,2,5,1.0336780460128676
47,B1-STATE_ART-SCSA_PLUS_V3,1367557867260289032,3,5,0.936474399197908
47,B1-STATE_ART-SCSA_PLUS_V3,1368241591299760129,4,5,0.9194908069062582
47,B1-STATE_ART-SCSA_PLUS_V3,1369007428696743936,5,5,0.9191013736147325
47,B1-STATE_ART-SCSA_PLUS_V3,1369359775230812163,6,5,0.08230358061246111
47,B1-STATE_ART-SCSA_PLUS_V3,1367500677002452992,7,5,0.029578142597141678
47,B1-STATE_ART-SCSA_PLUS_V3,1368157353695121412,8,5,-0.28467870151674707
47,B1-STATE_ART-SCSA_PLUS_V3,1368982192194519043,9,5,-0.5012378444898195
47,B1-STATE_ART-SCSA_PLUS_V3,1368577180557406208,10,5,-0.8085114425867045
48,B1-STATE_ART-SCSA_PLUS_V3,956689717608595456,1,2,1.729102180317461
48,B1-STATE_ART-SCSA_PLUS_V3,1344756801242357768,2,5,0.6414911183474923
48,B1-STATE_ART-SCSA_PLUS_V3,1349071385360887808,3,3,0.04929200036340565
48,B1-STATE_ART-SCSA_PLUS_V3,1334986629560344579,4,2,-0.17147641322548848
48,B1-STATE_ART-SCSA_PLUS_V3,1299377724415500293,5,3,-0.3429071807246088
48,B1-STATE_ART-SCSA_PLUS_V3,1367487878259957765,6,2,-0.5758766448272562
48,B1-STATE_ART-SCSA_PLUS_V3,1253046974389067776,7,1,-1.6191861186151213
48,B1-STATE_ART-SCSA_PLUS_V3,1369559064485715968,8,5,-1.863596428633656
48,B1-STATE_ART-SCSA_PLUS_V3,1369453000570310660,9,5,-1.9768953152500979
48,B1-STATE_ART-SCSA_PLUS_V3,1054037653379670016,10,2,-2.3764638232361444
49,B1-STATE_ART-SCSA_PLUS_V3,956689717608595456,1,2,1.729102180317461
49,B1-STATE_ART-SCSA_PLUS_V3,1357749874645749765,2,5,1.1728208351791303
49,B1-STATE_ART-SCSA_PLUS_V3,1187825368067117057,3,5,0.860977016004805
49,B1-STATE_ART-SCSA_PLUS_V3,1344756801242357768,4,1,0.6414911183474923
49,B1-STATE_ART-SCSA_PLUS_V3,1301614505823141888,5,5,0.13947009376109779
49,B1-STATE_ART-SCSA_PLUS_V3,1320101239363809280,6,1,0.12272761943499232
49,B1-STATE_ART-SCSA_PLUS_V3,1299377724415500293,7,2,-0.3429071807246088
49,B1-STATE_ART-SCSA_PLUS_V3,1366842371724476422,8,1,-0.6411171415202079
49,B1-STATE_ART-SCSA_PLUS_V3,1310279026741841922,9,5,-0.6647707911230013
49,B1-STATE_ART-SCSA_PLUS_V3,1253046974389067776,10,5,-1.6191861186151213
50,B1-STATE_ART-SCSA_PLUS_V3,1356659266732650498,1,5,1.7366632911494624
50,B1-STATE_ART-SCSA_PLUS_V3,1369621841204088832,2,3,0.5887587000796869
50,B1-STATE_ART-SCSA_PLUS_V3,1367491019277799427,3,5,0.4728792698057718
50,B1-STATE_ART-SCSA_PLUS_V3,1342500356316667904,4,3,-0.1906482909300221
50,B1-STATE_ART-SCSA_PLUS_V3,1326208392923410432,5,3,-0.5375426037794763
50,B1-STATE_ART-SCSA_PLUS_V3,1369597995499593729,6,4,-0.5941581938485742
50,B1-STATE_ART-SCSA_PLUS_V3,1369614780676399108,7,3,-1.3590627717563653
50,B1-STATE_ART-SCSA_PLUS_V3,1368939918727278599,8,5,-1.667253183456757
50,B1-STATE_ART-SCSA_PLUS_V3,1369343506939019269,9,5,-4.283547532878784
50,B1-STATE_ART-SCSA_PLUS_V3,1369434342053806090,10,3,-4.466303907616872
51,B1-STATE_ART-SCSA_PLUS_V3,1189330936300756992,1,5,13.170337953166024
51,B1-STATE_ART-SCSA_PLUS_V3,1356659266732650498,2,5,1.7366632911494624
51,B1-STATE_ART-SCSA_PLUS_V3,1293138169832103936,3,2,1.147161624515136
51,B1-STATE_ART-SCSA_PLUS_V3,1344946472618344448,4,5,0.2365670301230201
51,B1-STATE_ART-SCSA_PLUS_V3,1367214902624980995,5,5,0.22366468306659656
51,B1-STATE_ART-SCSA_PLUS_V3,1338474408743215106,6,5,0.09508136245034038
51,B1-STATE_ART-SCSA_PLUS_V3,1326208392923410432,7,5,-0.5375426037794763
51,B1-STATE_ART-SCSA_PLUS_V3,1366963364975452162,8,2,-0.6725999993709812
51,B1-STATE_ART-SCSA_PLUS_V3,1298591876963078146,9,5,-0.7684689915695079
51,B1-STATE_ART-SCSA_PLUS_V3,1369362392749121542,10,1,-1.2719221422094182
53,B1-STATE_ART-SCSA_PLUS_V3,1369025685893738496,1,1,1.6294262729779347
53,B1-STATE_ART-SCSA_PLUS_V3,1305204600228573184,2,1,1.1665054357607916
53,B1-STATE_ART-SCSA_PLUS_V3,1366247302843621377,3,2,0.8935276353892061
53,B1-STATE_ART-SCSA_PLUS_V3,1368239051979943936,4,1,0.8084508652749909
53,B1-STATE_ART-SCSA_PLUS_V3,1368652673935933450,5,1,0.6319300318295278
53,B1-STATE_ART-SCSA_PLUS_V3,1366458502986694658,6,1,0.2461963297192633
53,B1-STATE_ART-SCSA_PLUS_V3,1367323565008154630,7,1,-0.20154466882629157
53,B1-STATE_ART-SCSA_PLUS_V3,1368561876972494852,8,1,-0.3175344043116017
53,B1-STATE_ART-SCSA_PLUS_V3,1369040473008996353,9,3,-0.41558265305254066
53,B1-STATE_ART-SCSA_PLUS_V3,1367244848978227201,10,1,-1.290159799963242
54,B1-STATE_ART-SCSA_PLUS_V3,1356659266732650498,1,5,1.7366632911494624
54,B1-STATE_ART-SCSA_PLUS_V3,1368971556320206848,2,2,0.9799717957700771
54,B1-STATE_ART-SCSA_PLUS_V3,1362454325876969478,3,1,0.9689869357150426
54,B1-STATE_ART-SCSA_PLUS_V3,1273919207038693376,4,5,-0.5058638219503542
54,B1-STATE_ART-SCSA_PLUS_V3,1326208392923410432,5,5,-0.5375426037794763
54,B1-STATE_ART-SCSA_PLUS_V3,1366963364975452162,6,1,-0.6725999993709812
54,B1-STATE_ART-SCSA_PLUS_V3,1368970511175151620,7,5,-0.6739095973183776
54,B1-STATE_ART-SCSA_PLUS_V3,1367212796631416832,8,2,-0.9619006245511822
54,B1-STATE_ART-SCSA_PLUS_V3,1368976123896336389,9,5,-0.9773135478342003
54,B1-STATE_ART-SCSA_PLUS_V3,1369362392749121542,10,5,-1.2719221422094182
55,B1-STATE_ART-SCSA_PLUS_V3,956689717608595456,1,5,1.729102180317461
55,B1-STATE_ART-SCSA_PLUS_V3,1366946573528100864,2,4,0.9136806138483979
55,B1-STATE_ART-SCSA_PLUS_V3,1368753671568322564,3,4,0.6702083739371418
55,B1-STATE_ART-SCSA_PLUS_V3,1368715397415964674,4,3,0.22290177444916856
55,B1-STATE_ART-SCSA_PLUS_V3,1368607626494308354,5,5,-0.044156965126390585
55,B1-STATE_ART-SCSA_PLUS_V3,1367170047081402380,6,4,-0.35459981167226234
55,B1-STATE_ART-SCSA_PLUS_V3,1367225773166190592,7,5,-0.6428230089747438
55,B1-STATE_ART-SCSA_PLUS_V3,1310279026741841922,8,4,-0.6647707911230013
55,B1-STATE_ART-SCSA_PLUS_V3,1367479945686093825,9,5,-0.9784782425408125
55,B1-STATE_ART-SCSA_PLUS_V3,1367245903472558081,10,5,-1.2137610634186142
57,B1-STATE_ART-SCSA_PLUS_V3,1323309743218282496,1,3,8.75816290810156
57,B1-STATE_ART-SCSA_PLUS_V3,1257063194687832064,2,5,5.0249374267358835
57,B1-STATE_ART-SCSA_PLUS_V3,1291098932987269128,3,3,4.419577786546036
57,B1-STATE_ART-SCSA_PLUS_V3,1325467261239431170,4,5,3.3486694088103723
57,B1-STATE_ART-SCSA_PLUS_V3,1339313549626273793,5,3,0.44849726160563785
57,B1-STATE_ART-SCSA_PLUS_V3,762025473794867200,6,3,0.1443463434343396
57,B1-STATE_ART-SCSA_PLUS_V3,1217178366597570560,7,2,0.1121918781807825
57,B1-STATE_ART-SCSA_PLUS_V3,1368923387532369922,8,4,0.03525253446521034
57,B1-STATE_ART-SCSA_PLUS_V3,1369038985188831234,9,4,-0.0394326062734303
57,B1-STATE_ART-SCSA_PLUS_V3,1337159750644080645,10,3,-0.706393219882062
58,B1-STATE_ART-SCSA_PLUS_V3,1315366562069700616,1,5,1.3904025848950947
58,B1-STATE_ART-SCSA_PLUS_V3,1366234614650478594,2,5,1.0610663430298861
58,B1-STATE_ART-SCSA_PLUS_V3,1366239727402196996,3,5,0.8929532322644167
58,B1-STATE_ART-SCSA_PLUS_V3,1300100975793901569,4,5,0.5663209426541804
58,B1-STATE_ART-SCSA_PLUS_V3,1368614821147598851,5,5,-0.2628788092811815
58,B1-STATE_ART-SCSA_PLUS_V3,1369339704588570624,6,5,-0.554480036175046
58,B1-STATE_ART-SCSA_PLUS_V3,1360680119854104582,7,5,-0.8584769493003562
58,B1-STATE_ART-SCSA_PLUS_V3,1367128088832745476,8,5,-1.0287567434234524
58,B1-STATE_ART-SCSA_PLUS_V3,1362945064209575938,9,5,-1.4295900588858244
58,B1-STATE_ART-SCSA_PLUS_V3,1369015063705612288,10,5,-2.5441242367319266
60,B1-STATE_ART-SCSA_PLUS_V3,1361000829247963141,1,5,3.387020281071515
60,B1-STATE_ART-SCSA_PLUS_V3,1356659266732650498,2,5,1.7366632911494624
60,B1-STATE_ART-SCSA_PLUS_V3,1367262209160736770,3,5,1.7034003990610898
60,B1-STATE_ART-SCSA_PLUS_V3,1368760958261268480,4,5,1.487829204802273
60,B1-STATE_ART-SCSA_PLUS_V3,1342394653887369216,5,5,0.9104225594019006
60,B1-STATE_ART-SCSA_PLUS_V3,1369030162298400778,6,5,0.5418508412101273
60,B1-STATE_ART-SCSA_PLUS_V3,1367214902624980995,7,5,0.22366468306659656
60,B1-STATE_ART-SCSA_PLUS_V3,1273919207038693376,8,5,-0.5058638219503542
60,B1-STATE_ART-SCSA_PLUS_V3,1326208392923410432,9,5,-0.5375426037794763
60,B1-STATE_ART-SCSA_PLUS_V3,1369362392749121542,10,5,-1.2719221422094182
61,B1-STATE_ART-SCSA_PLUS_V3,1356659266732650498,1,4,1.7366632911494624
61,B1-STATE_ART-SCSA_PLUS_V3,1358793588382052358,2,2,1.0249641668091702
61,B1-STATE_ART-SCSA_PLUS_V3,1341013863110762496,3,3,0.9777437765336494
61,B1-STATE_ART-SCSA_PLUS_V3,1359645020974845952,4,5,0.2947054304387985
61,B1-STATE_ART-SCSA_PLUS_V3,1250919345955446784,5,5,-0.014786558296788831
61,B1-STATE_ART-SCSA_PLUS_V3,1369148165471969284,6,3,-0.3713330380321657
61,B1-STATE_ART-SCSA_PLUS_V3,1326208392923410432,7,4,-0.5375426037794763
61,B1-STATE_ART-SCSA_PLUS_V3,1354051463190732800,8,4,-1.0298279939882078
61,B1-STATE_ART-SCSA_PLUS_V3,1357058139720478731,9,4,-1.2927577459645145
61,B1-STATE_ART-SCSA_PLUS_V3,1242146375950675969,10,3,-2.3604337892780833
62,B1-STATE_ART-SCSA_PLUS_V3,1198044435163967488,1,4,0.6072563527988893
62,B1-STATE_ART-SCSA_PLUS_V3,1336808991792525325,2,4,0.47488528866005664
62,B1-STATE_ART-SCSA_PLUS_V3,1365346314956005378,3,4,-0.13024120238018022
62,B1-STATE_ART-SCSA_PLUS_V3,1336517598029213698,4,4,-0.21740143271338583
62,B1-STATE_ART-SCSA_PLUS_V3,1366478355558780939,5,4,-0.2677269845711609
62,B1-STATE_ART-SCSA_PLUS_V3,1312476369830338561,6,4,-0.34647744057306284
62,B1-STATE_ART-SCSA_PLUS_V3,1362099968824254464,7,4,-0.39973133343034284
62,B1-STATE_ART-SCSA_PLUS_V3,1334706123971162115,8,4,-0.47847121446422775
62,B1-STATE_ART-SCSA_PLUS_V3,1369374583598571524,9,4,-0.9740671783939685
62,B1-STATE_ART-SCSA_PLUS_V3,1354081977062850561,10,4,-1.3217999989738152
63,B1-STATE_ART-SCSA_PLUS_V3,1369498799673065473,1,4,1.017755292367069
63,B1-STATE_ART-SCSA_PLUS_V3,1368856158010810369,2,5,-0.7599573760882662
63,B1-STATE_ART-SCSA_PLUS_V3,1368856158010810369,3,5,-0.7599573760882662
63,B1-STATE_ART-SCSA_PLUS_V3,1367766039254163458,4,3,-0.8349463278321971
63,B1-STATE_ART-SCSA_PLUS_V3,1369242094217404419,5,2,-1.9465721637060882
63,B1-STATE_ART-SCSA_PLUS_V3,1368848967086215169,6,3,-2.7889361423011754
63,B1-STATE_ART-SCSA_PLUS_V3,1369490617592467456,7,1,-3.996871779801021
63,B1-STATE_ART-SCSA_PLUS_V3,1369343506939019269,8,2,-4.283547532878784
63,B1-STATE_ART-SCSA_PLUS_V3,1369343506939019269,9,1,-4.283547532878784
63,B1-STATE_ART-SCSA_PLUS_V3,1369281300453015552,10,1,-8.823507300911277
66,B1-STATE_ART-SCSA_PLUS_V3,1305852766850555904,1,5,3.148823872267598
66,B1-STATE_ART-SCSA_PLUS_V3,958350559177736194,2,4,3.081610643848053
66,B1-STATE_ART-SCSA_PLUS_V3,1361587149062082561,3,1,1.7041880607792177
66,B1-STATE_ART-SCSA_PLUS_V3,1354993740562137089,4,3,0.8019367591919462
66,B1-STATE_ART-SCSA_PLUS_V3,1355113743504584706,5,3,0.618694452189642
66,B1-STATE_ART-SCSA_PLUS_V3,1356654923870572546,6,2,0.42589964846316
66,B1-STATE_ART-SCSA_PLUS_V3,1330977426906689538,7,2,0.41356197733851585
66,B1-STATE_ART-SCSA_PLUS_V3,423079851592257536,8,2,-0.521039342071243
66,B1-STATE_ART-SCSA_PLUS_V3,1354775320658898944,9,2,-2.088570439189631
66,B1-STATE_ART-SCSA_PLUS_V3,1316030943174422528,10,2,-3.130183381208236
68,B1-STATE_ART-SCSA_PLUS_V3,1323278697466630145,1,5,1.9678562465267357
68,B1-STATE_ART-SCSA_PLUS_V3,1327659608903733249,2,5,0.916947969210367
68,B1-STATE_ART-SCSA_PLUS_V3,1367207527079940101,3,5,0.6510233244773918
68,B1-STATE_ART-SCSA_PLUS_V3,1293655120706600960,4,4,0.3329857379146048
68,B1-STATE_ART-SCSA_PLUS_V3,1352380607314145283,5,5,-0.0023350584078734187
68,B1-STATE_ART-SCSA_PLUS_V3,1354966674525597698,6,5,-0.07826842115393862
68,B1-STATE_ART-SCSA_PLUS_V3,1072571174180306945,7,4,-0.23032639646074884
68,B1-STATE_ART-SCSA_PLUS_V3,1366187680472522754,8,5,-0.4634289781982301
68,B1-STATE_ART-SCSA_PLUS_V3,1349392742212726785,9,5,-0.6108199957691949
68,B1-STATE_ART-SCSA_PLUS_V3,1357788145794887681,10,5,-0.8239644777320091
70,B1-STATE_ART-SCSA_PLUS_V3,1352326523026632706,1,5,-0.632907100687823
70,B1-STATE_ART-SCSA_PLUS_V3,1368835740529000449,2,5,-0.6374802994299746
70,B1-STATE_ART-SCSA_PLUS_V3,1368856158010810369,3,5,-0.7599573760882662
70,B1-STATE_ART-SCSA_PLUS_V3,1370041595605753862,4,5,-1.1539660629433568
70,B1-STATE_ART-SCSA_PLUS_V3,1369242094217404419,5,5,-1.9465721637060882
70,B1-STATE_ART-SCSA_PLUS_V3,1369552733536219138,6,5,-1.9965297315609636
70,B1-STATE_ART-SCSA_PLUS_V3,1369440747641049091,7,4,-2.7487596905131406
70,B1-STATE_ART-SCSA_PLUS_V3,1369573257234550784,8,5,-2.8857981845092118
70,B1-STATE_ART-SCSA_PLUS_V3,1369590734672760836,9,5,-3.42032150714393
70,B1-STATE_ART-SCSA_PLUS_V3,1369343506939019269,10,5,-4.283547532878784
71,B1-STATE_ART-SCSA_PLUS_V3,1189330936300756992,1,5,13.170337953166024
71,B1-STATE_ART-SCSA_PLUS_V3,1151160990995746816,2,5,2.6803080171746156
71,B1-STATE_ART-SCSA_PLUS_V3,1356659266732650498,3,5,1.7366632911494624
71,B1-STATE_ART-SCSA_PLUS_V3,1343240225129168898,4,4,0.22265802149642508
71,B1-STATE_ART-SCSA_PLUS_V3,1324784149241147394,5,3,0.11921737108571633
71,B1-STATE_ART-SCSA_PLUS_V3,1338474408743215106,6,3,0.09508136245034038
71,B1-STATE_ART-SCSA_PLUS_V3,1281615412459782145,7,5,-0.18672637691078967
71,B1-STATE_ART-SCSA_PLUS_V3,1312476369830338561,8,4,-0.34647744057306284
71,B1-STATE_ART-SCSA_PLUS_V3,1326208392923410432,9,4,-0.5375426037794763
71,B1-STATE_ART-SCSA_PLUS_V3,1298591876963078146,10,3,-0.7684689915695079
72,B1-STATE_ART-SCSA_PLUS_V3,1346184604827279360,1,5,0.9918927207591656
72,B1-STATE_ART-SCSA_PLUS_V3,1364662601473429514,2,5,-0.5879995472018709
72,B1-STATE_ART-SCSA_PLUS_V3,1362476144830812161,3,4,-1.0629216395261634
72,B1-STATE_ART-SCSA_PLUS_V3,1259963743716298754,4,3,-1.6023397518753528
72,B1-STATE_ART-SCSA_PLUS_V3,1364604015103778820,5,4,-1.606627870694853
72,B1-STATE_ART-SCSA_PLUS_V3,1351256621993738240,6,5,-1.6308114875617525
72,B1-STATE_ART-SCSA_PLUS_V3,1298277043499462656,7,5,-1.6522059267728006
72,B1-STATE_ART-SCSA_PLUS_V3,1329459194601193472,8,5,-2.236040080719617
72,B1-STATE_ART-SCSA_PLUS_V3,1364248308781248517,9,5,-2.9922225552244264
72,B1-STATE_ART-SCSA_PLUS_V3,1369343506939019269,10,2,-4.283547532878784
73,B1-STATE_ART-SCSA_PLUS_V3,1369498799673065473,1,2,1.017755292367069
73,B1-STATE_ART-SCSA_PLUS_V3,1369327333824430080,2,3,0.3428254386224696
73,B1-STATE_ART-SCSA_PLUS_V3,1369416324275961858,3,5,0.3339349334736719
73,B1-STATE_ART-SCSA_PLUS_V3,1363564146948665347,4,3,-0.7089250943951978
73,B1-STATE_ART-SCSA_PLUS_V3,968884303131234305,5,4,-0.7563087666625942
73,B1-STATE_ART-SCSA_PLUS_V3,1367763412244172802,6,2,-0.7914584273052133
73,B1-STATE_ART-SCSA_PLUS_V3,1369047712184889353,7,5,-0.8175131716336613
73,B1-STATE_ART-SCSA_PLUS_V3,1369031455695900677,8,4,-0.9734611576625259
73,B1-STATE_ART-SCSA_PLUS_V3,1368988690211627016,9,3,-1.8835034135021207
73,B1-STATE_ART-SCSA_PLUS_V3,1369181799029571589,10,5,-2.8459392183164636
74,B1-STATE_ART-SCSA_PLUS_V3,1368923387532369922,1,3,0.03525253446521034
74,B1-STATE_ART-SCSA_PLUS_V3,1369038985188831234,2,3,-0.0394326062734303
74,B1-STATE_ART-SCSA_PLUS_V3,1368835740529000449,3,5,-0.6374802994299746
74,B1-STATE_ART-SCSA_PLUS_V3,1369207595785977860,4,5,-0.6905950142437205
74,B1-STATE_ART-SCSA_PLUS_V3,1369552733536219138,5,5,-1.9965297315609636
74,B1-STATE_ART-SCSA_PLUS_V3,1364311211194675203,6,4,-2.8868218084625052
74,B1-STATE_ART-SCSA_PLUS_V3,1369598009084887043,7,5,-3.052758107235024
74,B1-STATE_ART-SCSA_PLUS_V3,1370088400410324994,8,4,-3.4718780461789986
74,B1-STATE_ART-SCSA_PLUS_V3,1369475640076996610,9,1,-4.262195336095376
74,B1-STATE_ART-SCSA_PLUS_V3,1369990624041140230,10,1,-10.49050811591501
76,B1-STATE_ART-SCSA_PLUS_V3,1322665368108716033,1,3,20.032721698782023
76,B1-STATE_ART-SCSA_PLUS_V3,1349748316901310464,2,2,8.5365548680521
76,B1-STATE_ART-SCSA_PLUS_V3,1338944728969035776,3,4,8.347835854913901
76,B1-STATE_ART-SCSA_PLUS_V3,1357382231816359939,4,3,4.560163422124346
76,B1-STATE_ART-SCSA_PLUS_V3,1354853026545102849,5,2,1.4357947225928578
76,B1-STATE_ART-SCSA_PLUS_V3,1360638198573981696,6,3,1.4013921108236589
76,B1-STATE_ART-SCSA_PLUS_V3,1366222136591872000,7,3,0.21305203699800618
76,B1-STATE_ART-SCSA_PLUS_V3,1367946423736537089,8,4,0.16001041994184395
76,B1-STATE_ART-SCSA_PLUS_V3,1369095591607865347,9,2,-0.16336369364272832
76,B1-STATE_ART-SCSA_PLUS_V3,1331756802078334982,10,2,-0.6510230207688888
77,B1-STATE_ART-SCSA_PLUS_V3,1368923387532369922,1,5,0.03525253446521034
77,B1-STATE_ART-SCSA_PLUS_V3,1369038985188831234,2,2,-0.0394326062734303
77,B1-STATE_ART-SCSA_PLUS_V3,1354908861572935681,3,5,-0.339568856819857
77,B1-STATE_ART-SCSA_PLUS_V3,1328394654375698433,4,4,-0.44189252319044564
77,B1-STATE_ART-SCSA_PLUS_V3,1368835740529000449,5,4,-0.6374802994299746
77,B1-STATE_ART-SCSA_PLUS_V3,1366588589191147526,6,4,-1.0527184597946182
77,B1-STATE_ART-SCSA_PLUS_V3,1352325551621595136,7,4,-1.094923362245103
77,B1-STATE_ART-SCSA_PLUS_V3,1369552733536219138,8,3,-1.9965297315609636
77,B1-STATE_ART-SCSA_PLUS_V3,1364311211194675203,9,3,-2.8868218084625052
77,B1-STATE_ART-SCSA_PLUS_V3,1369598009084887043,10,4,-3.052758107235024
78,B1-STATE_ART-SCSA_PLUS_V3,1367318893191196674,1,1,2.9965241219418286
78,B1-STATE_ART-SCSA_PLUS_V3,1367295348574728194,2,3,2.4570249915688205
78,B1-STATE_ART-SCSA_PLUS_V3,1368686691452608517,3,1,1.484652040181768
78,B1-STATE_ART-SCSA_PLUS_V3,1366894541475696640,4,1,1.0953408488869631
78,B1-STATE_ART-SCSA_PLUS_V3,1367307559640571904,5,1,1.0913334157536063
78,B1-STATE_ART-SCSA_PLUS_V3,1367339191961489408,6,3,0.6665411101856094
78,B1-STATE_ART-SCSA_PLUS_V3,1366609467803074561,7,3,-0.37599144167862264
78,B1-STATE_ART-SCSA_PLUS_V3,1368204280629444611,8,1,-0.5337293855725594
78,B1-STATE_ART-SCSA_PLUS_V3,1367486237574123525,9,3,-1.215586959683529
78,B1-STATE_ART-SCSA_PLUS_V3,1369407651914932229,10,1,-2.1676618413419506
79,B1-STATE_ART-SCSA_PLUS_V3,1362841895030968326,1,4,3.3660194823597203
79,B1-STATE_ART-SCSA_PLUS_V3,1324424895749652481,2,3,2.328891349333935
79,B1-STATE_ART-SCSA_PLUS_V3,1341790679945670656,3,5,1.8273460591292416
79,B1-STATE_ART-SCSA_PLUS_V3,1307137727067029506,4,2,1.2530573642855916
79,B1-STATE_ART-SCSA_PLUS_V3,1354523590742446080,5,3,0.9335485961952211
79,B1-STATE_ART-SCSA_PLUS_V3,1292597118763319296,6,5,0.26534577650120783
79,B1-STATE_ART-SCSA_PLUS_V3,1360011987493789696,7,2,0.11676496833616265
79,B1-STATE_ART-SCSA_PLUS_V3,1361735737411067909,8,4,0.11641009087504564
79,B1-STATE_ART-SCSA_PLUS_V3,1322229311718494210,9,3,0.10455876759935788
79,B1-STATE_ART-SCSA_PLUS_V3,1365017631321858052,10,2,-0.880867451643703
81,B1-STATE_ART-SCSA_PLUS_V3,1369267106215235589,1,5,2.742112904871804
81,B1-STATE_ART-SCSA_PLUS_V3,1368225636993691649,2,5,1.0791217379824911
81,B1-STATE_ART-SCSA_PLUS_V3,1366505349386240005,3,5,1.0699669298150911
81,B1-STATE_ART-SCSA_PLUS_V3,1369403796443570180,4,5,0.855208238191629
81,B1-STATE_ART-SCSA_PLUS_V3,1369226708763746305,5,3,0.7468132783403494
81,B1-STATE_ART-SCSA_PLUS_V3,1367112526647934977,6,5,0.42876298834245624
81,B1-STATE_ART-SCSA_PLUS_V3,1368299640421052423,7,5,0.07720292042365386
81,B1-STATE_ART-SCSA_PLUS_V3,1367226152549577157,8,5,-0.019151674988154524
81,B1-STATE_ART-SCSA_PLUS_V3,1368844528170500098,9,5,-0.5040993592243495
81,B1-STATE_ART-SCSA_PLUS_V3,1368637578694524931,10,5,-0.7968816914541796
1,B1-SCSA_PLUS-SCSA_PLUS_V3,1189330936300756992,1,5,13.170337953166024
1,B1-SCSA_PLUS-SCSA_PLUS_V3,1151160990995746816,2,5,2.6803080171746156
1,B1-SCSA_PLUS-SCSA_PLUS_V3,1343240225129168898,3,5,0.22265802149642508
1,B1-SCSA_PLUS-SCSA_PLUS_V3,1324784149241147394,4,3,0.11921737108571633
1,B1-SCSA_PLUS-SCSA_PLUS_V3,1338474408743215106,5,3,0.09508136245034038
1,B1-SCSA_PLUS-SCSA_PLUS_V3,1281615412459782145,6,3,-0.18672637691078967
1,B1-SCSA_PLUS-SCSA_PLUS_V3,1312476369830338561,7,4,-0.34647744057306284
1,B1-SCSA_PLUS-SCSA_PLUS_V3,1298591876963078146,8,4,-0.7684689915695079
1,B1-SCSA_PLUS-SCSA_PLUS_V3,1369343506939019269,9,5,-4.283547532878784
1,B1-SCSA_PLUS-SCSA_PLUS_V3,1369271796499947520,10,5,-9.331262921319768
2,B1-SCSA_PLUS-SCSA_PLUS_V3,1369498799673065473,1,4,1.017755292367069
2,B1-SCSA_PLUS-SCSA_PLUS_V3,1368785659066941440,2,4,0.650804158048808
2,B1-SCSA_PLUS-SCSA_PLUS_V3,1369587331691208706,3,4,-0.5659603889322518
2,B1-SCSA_PLUS-SCSA_PLUS_V3,1363564146948665347,4,5,-0.7089250943951978
2,B1-SCSA_PLUS-SCSA_PLUS_V3,1367766039254163458,5,5,-0.8349463278321971
2,B1-SCSA_PLUS-SCSA_PLUS_V3,1369600439239458820,6,3,-1.3282593773372822
2,B1-SCSA_PLUS-SCSA_PLUS_V3,1369601403686182915,7,4,-1.5945845454145717
2,B1-SCSA_PLUS-SCSA_PLUS_V3,1364144723590578176,8,4,-1.9516648115732051
2,B1-SCSA_PLUS-SCSA_PLUS_V3,1369453291936088064,9,4,-2.082540293586643
2,B1-SCSA_PLUS-SCSA_PLUS_V3,1369579853612281860,10,4,-6.860426889961051
3,B1-SCSA_PLUS-SCSA_PLUS_V3,1369030162298400778,1,2,0.5418508412101273
3,B1-SCSA_PLUS-SCSA_PLUS_V3,1353812372331220992,2,2,0.2179269764743894
3,B1-SCSA_PLUS-SCSA_PLUS_V3,1166395659500568579,3,2,0.1196367917537921
3,B1-SCSA_PLUS-SCSA_PLUS_V3,1367559613005004800,4,2,0.04690928541073505
3,B1-SCSA_PLUS-SCSA_PLUS_V3,1321186362171666432,5,1,-0.14324502420220672
3,B1-SCSA_PLUS-SCSA_PLUS_V3,1369048640111570951,6,2,-0.32742799775806175
3,B1-SCSA_PLUS-SCSA_PLUS_V3,1366963364975452162,7,2,-0.6725999993709812
3,B1-SCSA_PLUS-SCSA_PLUS_V3,1367883861271613441,8,5,-1.2163105182627512
3,B1-SCSA_PLUS-SCSA_PLUS_V3,1369362392749121542,9,2,-1.2719221422094182
3,B1-SCSA_PLUS-SCSA_PLUS_V3,1363896507242598402,10,4,-1.8364369339426265
4,B1-SCSA_PLUS-SCSA_PLUS_V3,1368835740529000449,1,5,-0.6374802994299746
4,B1-SCSA_PLUS-SCSA_PLUS_V3,1369959855692337152,2,1,-0.7280709162363042
4,B1-SCSA_PLUS-SCSA_PLUS_V3,1352325551621595136,3,2,-1.094923362245103
4,B1-SCSA_PLUS-SCSA_PLUS_V3,1369242094217404419,4,5,-1.9465721637060882
4,B1-SCSA_PLUS-SCSA_PLUS_V3,1369552733536219138,5,4,-1.9965297315609636
4,B1-SCSA_PLUS-SCSA_PLUS_V3,1369453291936088064,6,4,-2.082540293586643
4,B1-SCSA_PLUS-SCSA_PLUS_V3,1370128693662785544,7,5,-2.3396043173287446
4,B1-SCSA_PLUS-SCSA_PLUS_V3,1369598009084887043,8,5,-3.052758107235024
4,B1-SCSA_PLUS-SCSA_PLUS_V3,1369397597421645834,9,5,-3.7210123464442337
4,B1-SCSA_PLUS-SCSA_PLUS_V3,1369343506939019269,10,5,-4.283547532878784
5,B1-SCSA_PLUS-SCSA_PLUS_V3,1369543002385956865,1,5,0.4424760533655573
5,B1-SCSA_PLUS-SCSA_PLUS_V3,1369612914982846469,2,5,-0.6527855396401135
5,B1-SCSA_PLUS-SCSA_PLUS_V3,1368856158010810369,3,5,-0.7599573760882662
5,B1-SCSA_PLUS-SCSA_PLUS_V3,1369517501248372738,4,5,-1.6535455202151172
5,B1-SCSA_PLUS-SCSA_PLUS_V3,1369480643315462144,5,5,-1.6798550721811467
5,B1-SCSA_PLUS-SCSA_PLUS_V3,1369242094217404419,6,5,-1.9465721637060882
5,B1-SCSA_PLUS-SCSA_PLUS_V3,1368975418741624833,7,5,-2.459467152350766
5,B1-SCSA_PLUS-SCSA_PLUS_V3,1369590734672760836,8,5,-3.42032150714393
5,B1-SCSA_PLUS-SCSA_PLUS_V3,1369343506939019269,9,3,-4.283547532878784
5,B1-SCSA_PLUS-SCSA_PLUS_V3,1369382939289587718,10,5,-6.889418647693049
6,B1-SCSA_PLUS-SCSA_PLUS_V3,1339526482142654466,1,4,1.8138716516757292
6,B1-SCSA_PLUS-SCSA_PLUS_V3,1356659266732650498,2,3,1.7366632911494624
6,B1-SCSA_PLUS-SCSA_PLUS_V3,1357736029067874305,3,3,1.6224573412989676
6,B1-SCSA_PLUS-SCSA_PLUS_V3,1362794394848538628,4,5,0.3931224445732534
6,B1-SCSA_PLUS-SCSA_PLUS_V3,1368867018854830081,5,5,0.3544367551565172
6,B1-SCSA_PLUS-SCSA_PLUS_V3,1357425371721965589,6,4,0.1345663447806732
6,B1-SCSA_PLUS-SCSA_PLUS_V3,1274054340517527552,7,3,-0.2174226567457094
6,B1-SCSA_PLUS-SCSA_PLUS_V3,1367608643596783616,8,3,-0.5043549666506609
6,B1-SCSA_PLUS-SCSA_PLUS_V3,1326208392923410432,9,4,-0.5375426037794763
6,B1-SCSA_PLUS-SCSA_PLUS_V3,1368667864803213318,10,4,-2.337192909877718
7,B1-SCSA_PLUS-SCSA_PLUS_V3,1368972324301602816,1,4,0.47243253089558507
7,B1-SCSA_PLUS-SCSA_PLUS_V3,1368969473651261440,2,3,-0.4205881329053484
7,B1-SCSA_PLUS-SCSA_PLUS_V3,969126955193962496,3,3,-0.558465938445157
7,B1-SCSA_PLUS-SCSA_PLUS_V3,1359820217090768896,4,4,-0.661757889273262
7,B1-SCSA_PLUS-SCSA_PLUS_V3,1367244704526393349,5,2,-0.7900124935647587
7,B1-SCSA_PLUS-SCSA_PLUS_V3,1363849575279316998,6,4,-1.1948558674723815
7,B1-SCSA_PLUS-SCSA_PLUS_V3,1365618942501285888,7,5,-1.5784184860366126
7,B1-SCSA_PLUS-SCSA_PLUS_V3,1369342862656221187,8,4,-1.80324232296635
7,B1-SCSA_PLUS-SCSA_PLUS_V3,1365376371376205838,9,4,-1.826179664320411
7,B1-SCSA_PLUS-SCSA_PLUS_V3,1364974104491798530,10,4,-2.0158543599750396
8,B1-SCSA_PLUS-SCSA_PLUS_V3,1359964129532862464,1,4,12.103313230688276
8,B1-SCSA_PLUS-SCSA_PLUS_V3,1360637255132434433,2,4,10.678791379554722
8,B1-SCSA_PLUS-SCSA_PLUS_V3,1349748316901310464,3,5,8.5365548680521
8,B1-SCSA_PLUS-SCSA_PLUS_V3,1337245958787244033,4,5,6.210487445077232
8,B1-SCSA_PLUS-SCSA_PLUS_V3,1368703131652005888,5,5,5.997016009862429
8,B1-SCSA_PLUS-SCSA_PLUS_V3,1296750375114964992,6,5,3.71437241998367
8,B1-SCSA_PLUS-SCSA_PLUS_V3,1361140319002103813,7,4,2.601279972614014
8,B1-SCSA_PLUS-SCSA_PLUS_V3,1363673526096470017,8,4,-0.023782490342108976
8,B1-SCSA_PLUS-SCSA_PLUS_V3,1369095591607865347,9,4,-0.16336369364272832
8,B1-SCSA_PLUS-SCSA_PLUS_V3,1363548342832218116,10,5,-2.453300714766769
9,B1-SCSA_PLUS-SCSA_PLUS_V3,1362841895030968326,1,1,3.3660194823597203
9,B1-SCSA_PLUS-SCSA_PLUS_V3,1337774207971684352,2,5,3.1963956246636913
9,B1-SCSA_PLUS-SCSA_PLUS_V3,1341790679945670656,3,4,1.8273460591292416
9,B1-SCSA_PLUS-SCSA_PLUS_V3,1322191082235506689,4,4,0.6601379252812025
9,B1-SCSA_PLUS-SCSA_PLUS_V3,1322221808913928193,5,2,0.375640548127797
9,B1-SCSA_PLUS-SCSA_PLUS_V3,1292597118763319296,6,5,0.26534577650120783
9,B1-SCSA_PLUS-SCSA_PLUS_V3,1322229311718494210,7,2,0.10455876759935788
9,B1-SCSA_PLUS-SCSA_PLUS_V3,1365001111946420226,8,4,-0.2091319628623289
9,B1-SCSA_PLUS-SCSA_PLUS_V3,1275492317013479424,9,5,-0.3436281800397225
9,B1-SCSA_PLUS-SCSA_PLUS_V3,1363548342832218116,10,5,-2.453300714766769
10,B1-SCSA_PLUS-SCSA_PLUS_V3,1368550065502121985,1,5,3.5111343174847853
10,B1-SCSA_PLUS-SCSA_PLUS_V3,1368317364287180801,2,5,3.372929157843156
10,B1-SCSA_PLUS-SCSA_PLUS_V3,1368241591299760129,3,5,0.9194908069062582
10,B1-SCSA_PLUS-SCSA_PLUS_V3,1369007428696743936,4,5,0.9191013736147325
10,B1-SCSA_PLUS-SCSA_PLUS_V3,1368645394348077067,5,5,0.21469910531056813
10,B1-SCSA_PLUS-SCSA_PLUS_V3,1368157353695121412,6,5,-0.28467870151674707
10,B1-SCSA_PLUS-SCSA_PLUS_V3,1369382325633638404,7,5,-0.34065313445191514
10,B1-SCSA_PLUS-SCSA_PLUS_V3,1368982192194519043,8,4,-0.5012378444898195
10,B1-SCSA_PLUS-SCSA_PLUS_V3,1368173264602869761,9,5,-0.9214002105519346
10,B1-SCSA_PLUS-SCSA_PLUS_V3,1369259792892633089,10,5,-2.008691704755319
11,B1-SCSA_PLUS-SCSA_PLUS_V3,1338944728969035776,1,1,8.347835854913901
11,B1-SCSA_PLUS-SCSA_PLUS_V3,1368703131652005888,2,2,5.997016009862429
11,B1-SCSA_PLUS-SCSA_PLUS_V3,1360046105170485249,3,3,3.6267377043973523
11,B1-SCSA_PLUS-SCSA_PLUS_V3,1360638198573981696,4,1,1.4013921108236589
11,B1-SCSA_PLUS-SCSA_PLUS_V3,1354547483083329538,5,2,1.158327336507613
11,B1-SCSA_PLUS-SCSA_PLUS_V3,1327659608903733249,6,5,0.916947969210367
11,B1-SCSA_PLUS-SCSA_PLUS_V3,1309555054295355394,7,5,0.5368930676645526
11,B1-SCSA_PLUS-SCSA_PLUS_V3,1366833859829108738,8,5,0.38081330655002055
11,B1-SCSA_PLUS-SCSA_PLUS_V3,1366208806535892995,9,5,-0.06491412132525541
11,B1-SCSA_PLUS-SCSA_PLUS_V3,1269640838205902849,10,3,-1.226795167460646
12,B1-SCSA_PLUS-SCSA_PLUS_V3,1321919226341306368,1,5,6.602674005668622
12,B1-SCSA_PLUS-SCSA_PLUS_V3,1343974143646044160,2,5,2.917138464341229
12,B1-SCSA_PLUS-SCSA_PLUS_V3,1361396964227772419,3,5,2.481915754510287
12,B1-SCSA_PLUS-SCSA_PLUS_V3,1365372438578667526,4,2,0.60999118678011
12,B1-SCSA_PLUS-SCSA_PLUS_V3,1339746480014254081,5,5,0.5344605073077618
12,B1-SCSA_PLUS-SCSA_PLUS_V3,1365155419564351490,6,5,-0.014646526041466504
12,B1-SCSA_PLUS-SCSA_PLUS_V3,1272637078401097731,7,5,-0.019079609741875597
12,B1-SCSA_PLUS-SCSA_PLUS_V3,1359318229735251977,8,3,-0.06169220645818006
12,B1-SCSA_PLUS-SCSA_PLUS_V3,1366804263385501696,9,5,-0.1299022928383061
12,B1-SCSA_PLUS-SCSA_PLUS_V3,1364415183607586825,10,2,-0.9544325399135879
13,B1-SCSA_PLUS-SCSA_PLUS_V3,1369324832702296067,1,2,0.7934412327037619
13,B1-SCSA_PLUS-SCSA_PLUS_V3,1336808991792525325,2,2,0.47488528866005664
13,B1-SCSA_PLUS-SCSA_PLUS_V3,1365346314956005378,3,2,-0.13024120238018022
13,B1-SCSA_PLUS-SCSA_PLUS_V3,1312476369830338561,4,4,-0.34647744057306284
13,B1-SCSA_PLUS-SCSA_PLUS_V3,1327673915829866501,5,4,-0.5040860125713365
13,B1-SCSA_PLUS-SCSA_PLUS_V3,1362949278365143050,6,1,-0.761684968676631
13,B1-SCSA_PLUS-SCSA_PLUS_V3,1357343495132880897,7,2,-1.0331206146331247
13,B1-SCSA_PLUS-SCSA_PLUS_V3,1285952748484083712,8,1,-1.1290859628855405
13,B1-SCSA_PLUS-SCSA_PLUS_V3,1354081977062850561,9,3,-1.3217999989738152
13,B1-SCSA_PLUS-SCSA_PLUS_V3,1337102429532217345,10,4,-1.4973805990016253
15,B1-SCSA_PLUS-SCSA_PLUS_V3,1321919226341306368,1,2,6.602674005668622
15,B1-SCSA_PLUS-SCSA_PLUS_V3,1343974143646044160,2,5,2.917138464341229
15,B1-SCSA_PLUS-SCSA_PLUS_V3,1361396964227772419,3,2,2.481915754510287
15,B1-SCSA_PLUS-SCSA_PLUS_V3,1365372438578667526,4,2,0.60999118678011
15,B1-SCSA_PLUS-SCSA_PLUS_V3,1339746480014254081,5,3,0.5344605073077618
15,B1-SCSA_PLUS-SCSA_PLUS_V3,1360653537781321732,6,5,0.3071275063946052
15,B1-SCSA_PLUS-SCSA_PLUS_V3,1272637078401097731,7,2,-0.019079609741875597
15,B1-SCSA_PLUS-SCSA_PLUS_V3,1359318229735251977,8,4,-0.06169220645818006
15,B1-SCSA_PLUS-SCSA_PLUS_V3,1366804263385501696,9,2,-0.1299022928383061
15,B1-SCSA_PLUS-SCSA_PLUS_V3,1364415183607586825,10,3,-0.9544325399135879
16,B1-SCSA_PLUS-SCSA_PLUS_V3,1367269369521266691,1,5,3.4768722051241063
16,B1-SCSA_PLUS-SCSA_PLUS_V3,1369400158912475136,2,1,2.4362774143547936
16,B1-SCSA_PLUS-SCSA_PLUS_V3,1368144516558041088,3,1,2.299759211140912
16,B1-SCSA_PLUS-SCSA_PLUS_V3,1346230432036233218,4,1,0.6127781843164516
16,B1-SCSA_PLUS-SCSA_PLUS_V3,1369378396216692740,5,1,0.4986912904611672
16,B1-SCSA_PLUS-SCSA_PLUS_V3,1367491019277799427,6,5,0.4728792698057718
16,B1-SCSA_PLUS-SCSA_PLUS_V3,1367629682439454722,7,1,0.05196479390678189
16,B1-SCSA_PLUS-SCSA_PLUS_V3,1367300479739441155,8,1,-0.1090108305558556
16,B1-SCSA_PLUS-SCSA_PLUS_V3,1333807391079428096,9,1,-0.1924995473653357
16,B1-SCSA_PLUS-SCSA_PLUS_V3,1367625056570990592,10,2,-0.6715771044863247
17,B1-SCSA_PLUS-SCSA_PLUS_V3,1362674074732748803,1,1,1.814054658033701
17,B1-SCSA_PLUS-SCSA_PLUS_V3,1316722494255099904,2,5,1.1021322067178285
17,B1-SCSA_PLUS-SCSA_PLUS_V3,1354993740562137089,3,1,0.8019367591919462
17,B1-SCSA_PLUS-SCSA_PLUS_V3,1369000930809581570,4,5,0.6685219196111336
17,B1-SCSA_PLUS-SCSA_PLUS_V3,1367507656269791241,5,5,0.5952032546273501
17,B1-SCSA_PLUS-SCSA_PLUS_V3,1365629350721249281,6,5,0.07713175051477816
17,B1-SCSA_PLUS-SCSA_PLUS_V3,1358414579328561153,7,5,-0.02727930566538157
17,B1-SCSA_PLUS-SCSA_PLUS_V3,1367474157626290181,8,5,-0.6524760223115337
17,B1-SCSA_PLUS-SCSA_PLUS_V3,1366841911357620225,9,5,-2.2822044613771397
17,B1-SCSA_PLUS-SCSA_PLUS_V3,1316030943174422528,10,5,-3.130183381208236
18,B1-SCSA_PLUS-SCSA_PLUS_V3,1189330936300756992,1,5,13.170337953166024
18,B1-SCSA_PLUS-SCSA_PLUS_V3,1333425556659064833,2,3,1.8337708556369567
18,B1-SCSA_PLUS-SCSA_PLUS_V3,1331689113494446085,3,3,1.5891790465367919
18,B1-SCSA_PLUS-SCSA_PLUS_V3,1365319660405678081,4,1,1.4262248290423767
18,B1-SCSA_PLUS-SCSA_PLUS_V3,1368245620344029188,5,1,0.11540564553316701
18,B1-SCSA_PLUS-SCSA_PLUS_V3,1338474408743215106,6,2,0.09508136245034038
18,B1-SCSA_PLUS-SCSA_PLUS_V3,1363561378552958976,7,2,0.010435976030854556
18,B1-SCSA_PLUS-SCSA_PLUS_V3,1188118588290469890,8,5,-0.14442319395085704
18,B1-SCSA_PLUS-SCSA_PLUS_V3,1368640454028386304,9,2,-0.3956364526033211
18,B1-SCSA_PLUS-SCSA_PLUS_V3,1298591876963078146,10,2,-0.7684689915695079
19,B1-SCSA_PLUS-SCSA_PLUS_V3,1329983375621435392,1,4,0.5012169340740982
19,B1-SCSA_PLUS-SCSA_PLUS_V3,1368923387532369922,2,5,0.03525253446521034
19,B1-SCSA_PLUS-SCSA_PLUS_V3,1369038985188831234,3,5,-0.0394326062734303
19,B1-SCSA_PLUS-SCSA_PLUS_V3,1354908861572935681,4,4,-0.339568856819857
19,B1-SCSA_PLUS-SCSA_PLUS_V3,1328394654375698433,5,3,-0.44189252319044564
19,B1-SCSA_PLUS-SCSA_PLUS_V3,1369207595785977860,6,3,-0.6905950142437205
19,B1-SCSA_PLUS-SCSA_PLUS_V3,1366588589191147526,7,3,-1.0527184597946182
19,B1-SCSA_PLUS-SCSA_PLUS_V3,1352325551621595136,8,4,-1.094923362245103
19,B1-SCSA_PLUS-SCSA_PLUS_V3,1369242094217404419,9,3,-1.9465721637060882
19,B1-SCSA_PLUS-SCSA_PLUS_V3,1369343506939019269,10,3,-4.283547532878784
20,B1-SCSA_PLUS-SCSA_PLUS_V3,1368788336333176833,1,1,0.5092241707330036
20,B1-SCSA_PLUS-SCSA_PLUS_V3,1367491019277799427,2,1,0.4728792698057718
20,B1-SCSA_PLUS-SCSA_PLUS_V3,1368604247760244742,3,3,0.0705529339821373
20,B1-SCSA_PLUS-SCSA_PLUS_V3,1368096530268323842,4,5,-0.0019855831532559526
20,B1-SCSA_PLUS-SCSA_PLUS_V3,1363915655720939521,5,5,-0.22194317248781126
20,B1-SCSA_PLUS-SCSA_PLUS_V3,1369633104269357056,6,5,-0.2640740687280753
20,B1-SCSA_PLUS-SCSA_PLUS_V3,1359943267148845058,7,1,-1.2039623161072595
20,B1-SCSA_PLUS-SCSA_PLUS_V3,1359371849965199360,8,5,-1.675188778661368
20,B1-SCSA_PLUS-SCSA_PLUS_V3,1366925854421495812,9,5,-2.115913421270098
20,B1-SCSA_PLUS-SCSA_PLUS_V3,1364970371716423682,10,5,-2.2841024810696786
21,B1-SCSA_PLUS-SCSA_PLUS_V3,1356659266732650498,1,2,1.7366632911494624
21,B1-SCSA_PLUS-SCSA_PLUS_V3,1217122703766970369,2,3,0.7529139533461127
21,B1-SCSA_PLUS-SCSA_PLUS_V3,1369030162298400778,3,1,0.5418508412101273
21,B1-SCSA_PLUS-SCSA_PLUS_V3,1367556352445321216,4,5,0.3337519258527118
21,B1-SCSA_PLUS-SCSA_PLUS_V3,1367323565008154630,5,1,-0.20154466882629157
21,B1-SCSA_PLUS-SCSA_PLUS_V3,1368978816849211392,6,5,-0.20934249278120057
21,B1-SCSA_PLUS-SCSA_PLUS_V3,1365407006253801474,7,1,-0.4710232740737562
21,B1-SCSA_PLUS-SCSA_PLUS_V3,1326208392923410432,8,5,-0.5375426037794763
21,B1-SCSA_PLUS-SCSA_PLUS_V3,1367282096289443840,9,3,-0.554515846299374
21,B1-SCSA_PLUS-SCSA_PLUS_V3,1362475510954156037,10,2,-0.6812224007750874
22,B1-SCSA_PLUS-SCSA_PLUS_V3,1366234614650478594,1,5,1.0610663430298861
22,B1-SCSA_PLUS-SCSA_PLUS_V3,1300100975793901569,2,2,0.5663209426541804
22,B1-SCSA_PLUS-SCSA_PLUS_V3,1366209913865703426,3,5,-0.13845343833973855
22,B1-SCSA_PLUS-SCSA_PLUS_V3,1368614821147598851,4,5,-0.2628788092811815
22,B1-SCSA_PLUS-SCSA_PLUS_V3,1367120318012280838,5,5,-0.4179552361863115
22,B1-SCSA_PLUS-SCSA_PLUS_V3,1361812978425753600,6,4,-0.5289740432727155
22,B1-SCSA_PLUS-SCSA_PLUS_V3,1369339704588570624,7,5,-0.554480036175046
22,B1-SCSA_PLUS-SCSA_PLUS_V3,1367128088832745476,8,4,-1.0287567434234524
22,B1-SCSA_PLUS-SCSA_PLUS_V3,1369043306487767040,9,5,-1.7074130258233833
22,B1-SCSA_PLUS-SCSA_PLUS_V3,1369015063705612288,10,4,-2.5441242367319266
23,B1-SCSA_PLUS-SCSA_PLUS_V3,1350173131823083520,1,5,0.845405272532615
23,B1-SCSA_PLUS-SCSA_PLUS_V3,1311068940152401920,2,4,0.5979122767887519
23,B1-SCSA_PLUS-SCSA_PLUS_V3,1331670759102681088,3,5,0.5672912026867231
23,B1-SCSA_PLUS-SCSA_PLUS_V3,1261222316803063810,4,4,0.3019819360644165
23,B1-SCSA_PLUS-SCSA_PLUS_V3,1344346181976129538,5,5,0.03317862461964776
23,B1-SCSA_PLUS-SCSA_PLUS_V3,1360962032598720516,6,5,-0.3175998389407401
23,B1-SCSA_PLUS-SCSA_PLUS_V3,1321088619814109184,7,5,-0.4672998620632098
23,B1-SCSA_PLUS-SCSA_PLUS_V3,1192092402061889536,8,4,-0.8103265598610778
23,B1-SCSA_PLUS-SCSA_PLUS_V3,1354864255749804039,9,5,-1.3891340356892503
23,B1-SCSA_PLUS-SCSA_PLUS_V3,1363548342832218116,10,5,-2.453300714766769
24,B1-SCSA_PLUS-SCSA_PLUS_V3,1363203331745673220,1,5,3.367056296598583
24,B1-SCSA_PLUS-SCSA_PLUS_V3,1292597118763319296,2,3,0.26534577650120783
24,B1-SCSA_PLUS-SCSA_PLUS_V3,1355530037152284675,3,5,0.1501133018528493
24,B1-SCSA_PLUS-SCSA_PLUS_V3,1365346314956005378,4,3,-0.13024120238018022
24,B1-SCSA_PLUS-SCSA_PLUS_V3,1369122357307191296,5,3,-0.2036054607677234
24,B1-SCSA_PLUS-SCSA_PLUS_V3,1366478355558780939,6,5,-0.2677269845711609
24,B1-SCSA_PLUS-SCSA_PLUS_V3,1312476369830338561,7,5,-0.34647744057306284
24,B1-SCSA_PLUS-SCSA_PLUS_V3,1362099968824254464,8,5,-0.39973133343034284
24,B1-SCSA_PLUS-SCSA_PLUS_V3,1359900546635870215,9,5,-0.698386325361354
24,B1-SCSA_PLUS-SCSA_PLUS_V3,1337102429532217345,10,5,-1.4973805990016253
25,B1-SCSA_PLUS-SCSA_PLUS_V3,1368970607216517129,1,5,0.573329460917345
25,B1-SCSA_PLUS-SCSA_PLUS_V3,1329983375621435392,2,5,0.5012169340740982
25,B1-SCSA_PLUS-SCSA_PLUS_V3,1354908861572935681,3,5,-0.339568856819857
25,B1-SCSA_PLUS-SCSA_PLUS_V3,1369587331691208706,4,5,-0.5659603889322518
25,B1-SCSA_PLUS-SCSA_PLUS_V3,1368835740529000449,5,5,-0.6374802994299746
25,B1-SCSA_PLUS-SCSA_PLUS_V3,1368856158010810369,6,5,-0.7599573760882662
25,B1-SCSA_PLUS-SCSA_PLUS_V3,1352325551621595136,7,3,-1.094923362245103
25,B1-SCSA_PLUS-SCSA_PLUS_V3,1369598009084887043,8,5,-3.052758107235024
25,B1-SCSA_PLUS-SCSA_PLUS_V3,1369590734672760836,9,5,-3.42032150714393
25,B1-SCSA_PLUS-SCSA_PLUS_V3,1369343506939019269,10,5,-4.283547532878784
26,B1-SCSA_PLUS-SCSA_PLUS_V3,1337774207971684352,1,4,3.1963956246636913
26,B1-SCSA_PLUS-SCSA_PLUS_V3,1322229311718494210,2,2,0.10455876759935788
26,B1-SCSA_PLUS-SCSA_PLUS_V3,968452175142649858,3,4,-0.14125490783947905
26,B1-SCSA_PLUS-SCSA_PLUS_V3,1362748296045953027,4,4,-0.3147145257314074
26,B1-SCSA_PLUS-SCSA_PLUS_V3,1364571918876073985,5,3,-0.5967768991677334
26,B1-SCSA_PLUS-SCSA_PLUS_V3,1358024709137432577,6,2,-0.8285642234417999
26,B1-SCSA_PLUS-SCSA_PLUS_V3,970787289638096897,7,4,-0.9916448619981256
26,B1-SCSA_PLUS-SCSA_PLUS_V3,1368999602867802126,8,4,-2.1232357262180734
26,B1-SCSA_PLUS-SCSA_PLUS_V3,1363548342832218116,9,2,-2.453300714766769
26,B1-SCSA_PLUS-SCSA_PLUS_V3,1339559388303007744,10,2,-2.473454249860161
27,B1-SCSA_PLUS-SCSA_PLUS_V3,1329983375621435392,1,1,0.5012169340740982
27,B1-SCSA_PLUS-SCSA_PLUS_V3,1354908861572935681,2,4,-0.339568856819857
27,B1-SCSA_PLUS-SCSA_PLUS_V3,1368835740529000449,3,4,-0.6374802994299746
27,B1-SCSA_PLUS-SCSA_PLUS_V3,1368856158010810369,4,5,-0.7599573760882662
27,B1-SCSA_PLUS-SCSA_PLUS_V3,1369242094217404419,5,4,-1.9465721637060882
27,B1-SCSA_PLUS-SCSA_PLUS_V3,1369552733536219138,6,5,-1.9965297315609636
27,B1-SCSA_PLUS-SCSA_PLUS_V3,1370132866093420544,7,3,-2.010505443769429
27,B1-SCSA_PLUS-SCSA_PLUS_V3,1369598009084887043,8,5,-3.052758107235024
27,B1-SCSA_PLUS-SCSA_PLUS_V3,1369590734672760836,9,3,-3.42032150714393
27,B1-SCSA_PLUS-SCSA_PLUS_V3,1369343506939019269,10,4,-4.283547532878784
28,B1-SCSA_PLUS-SCSA_PLUS_V3,1331650428115759105,1,3,3.436657050122056
28,B1-SCSA_PLUS-SCSA_PLUS_V3,1343640147775152131,2,3,0.8127914664966901
28,B1-SCSA_PLUS-SCSA_PLUS_V3,1323671285285703683,3,2,0.6341569216243185
28,B1-SCSA_PLUS-SCSA_PLUS_V3,1329849237299990529,4,3,0.47865248921982023
28,B1-SCSA_PLUS-SCSA_PLUS_V3,1340027052037169152,5,5,0.37158816488634167
28,B1-SCSA_PLUS-SCSA_PLUS_V3,1339289131575341057,6,3,0.2817877204423984
28,B1-SCSA_PLUS-SCSA_PLUS_V3,1355168831413645316,7,5,0.2625738356864402
28,B1-SCSA_PLUS-SCSA_PLUS_V3,1246491727306899456,8,5,-0.7382257135610233
28,B1-SCSA_PLUS-SCSA_PLUS_V3,1334641065870159874,9,3,-1.327801815815659
28,B1-SCSA_PLUS-SCSA_PLUS_V3,1363548342832218116,10,3,-2.453300714766769
29,B1-SCSA_PLUS-SCSA_PLUS_V3,1367565531189047299,1,3,3.381735737420804
29,B1-SCSA_PLUS-SCSA_PLUS_V3,1367565667642331136,2,5,2.1651867468311083
29,B1-SCSA_PLUS-SCSA_PLUS_V3,1358793588382052358,3,4,1.0249641668091702
29,B1-SCSA_PLUS-SCSA_PLUS_V3,1369030162298400778,4,5,0.5418508412101273
29,B1-SCSA_PLUS-SCSA_PLUS_V3,1250919345955446784,5,4,-0.014786558296788831
29,B1-SCSA_PLUS-SCSA_PLUS_V3,1367323565008154630,6,4,-0.20154466882629157
29,B1-SCSA_PLUS-SCSA_PLUS_V3,1369148165471969284,7,4,-0.3713330380321657
29,B1-SCSA_PLUS-SCSA_PLUS_V3,1366963364975452162,8,3,-0.6725999993709812
29,B1-SCSA_PLUS-SCSA_PLUS_V3,1369362392749121542,9,5,-1.2719221422094182
29,B1-SCSA_PLUS-SCSA_PLUS_V3,1367244848978227201,10,3,-1.290159799963242
30,B1-SCSA_PLUS-SCSA_PLUS_V3,1366239727402196996,1,5,0.8929532322644167
30,B1-SCSA_PLUS-SCSA_PLUS_V3,1369037334885265408,2,3,0.6876644603030617
30,B1-SCSA_PLUS-SCSA_PLUS_V3,1300100975793901569,3,5,0.5663209426541804
30,B1-SCSA_PLUS-SCSA_PLUS_V3,1292597118763319296,4,3,0.26534577650120783
30,B1-SCSA_PLUS-SCSA_PLUS_V3,1366242438717661187,5,2,-0.0027458231663222282
30,B1-SCSA_PLUS-SCSA_PLUS_V3,1367120318012280838,6,4,-0.4179552361863115
30,B1-SCSA_PLUS-SCSA_PLUS_V3,1362129662336450560,7,4,-0.6514332148036373
30,B1-SCSA_PLUS-SCSA_PLUS_V3,1360680119854104582,8,5,-0.8584769493003562
30,B1-SCSA_PLUS-SCSA_PLUS_V3,1367128088832745476,9,3,-1.0287567434234524
30,B1-SCSA_PLUS-SCSA_PLUS_V3,1366102978739007492,10,3,-1.317925333554286
31,B1-SCSA_PLUS-SCSA_PLUS_V3,1364590913369083904,1,3,1.935379467354965
31,B1-SCSA_PLUS-SCSA_PLUS_V3,1356766464162762754,2,3,1.7298361293300157
31,B1-SCSA_PLUS-SCSA_PLUS_V3,1322130577684942848,3,2,1.703766487830204
31,B1-SCSA_PLUS-SCSA_PLUS_V3,1360224092427812866,4,4,0.061128502291681194
31,B1-SCSA_PLUS-SCSA_PLUS_V3,970013213092757504,5,4,-0.025268835463736726
31,B1-SCSA_PLUS-SCSA_PLUS_V3,978748491936780289,6,4,-0.21688351064173858
31,B1-SCSA_PLUS-SCSA_PLUS_V3,1369037449431715843,7,2,-0.5205696582869014
31,B1-SCSA_PLUS-SCSA_PLUS_V3,1362196257624625152,8,1,-0.7770560815061966
31,B1-SCSA_PLUS-SCSA_PLUS_V3,1307034079381065732,9,4,-1.1401752764342339
31,B1-SCSA_PLUS-SCSA_PLUS_V3,1362196930252726277,10,3,-1.4388111549998168
32,B1-SCSA_PLUS-SCSA_PLUS_V3,1369320575945019399,1,3,0.14345542229672897
32,B1-SCSA_PLUS-SCSA_PLUS_V3,969126955193962496,2,3,-0.558465938445157
32,B1-SCSA_PLUS-SCSA_PLUS_V3,1362748149853396993,3,3,-0.9450849190104422
32,B1-SCSA_PLUS-SCSA_PLUS_V3,1363849575279316998,4,4,-1.1948558674723815
32,B1-SCSA_PLUS-SCSA_PLUS_V3,1365618942501285888,5,2,-1.5784184860366126
32,B1-SCSA_PLUS-SCSA_PLUS_V3,1369342862656221187,6,4,-1.80324232296635
32,B1-SCSA_PLUS-SCSA_PLUS_V3,1365376371376205838,7,3,-1.826179664320411
32,B1-SCSA_PLUS-SCSA_PLUS_V3,1364974104491798530,8,3,-2.0158543599750396
32,B1-SCSA_PLUS-SCSA_PLUS_V3,1364237278516830212,9,3,-2.4758479532666846
32,B1-SCSA_PLUS-SCSA_PLUS_V3,978970964762513409,10,3,-3.302339231902795
33,B1-SCSA_PLUS-SCSA_PLUS_V3,1368978600964349955,1,4,-0.29588233170081035
33,B1-SCSA_PLUS-SCSA_PLUS_V3,1369113689845022721,2,2,-0.5428874642491776
33,B1-SCSA_PLUS-SCSA_PLUS_V3,1368835740529000449,3,4,-0.6374802994299746
33,B1-SCSA_PLUS-SCSA_PLUS_V3,1369207595785977860,4,4,-0.6905950142437205
33,B1-SCSA_PLUS-SCSA_PLUS_V3,1368856158010810369,5,4,-0.7599573760882662
33,B1-SCSA_PLUS-SCSA_PLUS_V3,1369552733536219138,6,4,-1.9965297315609636
33,B1-SCSA_PLUS-SCSA_PLUS_V3,1364311211194675203,7,3,-2.8868218084625052
33,B1-SCSA_PLUS-SCSA_PLUS_V3,1369598009084887043,8,3,-3.052758107235024
33,B1-SCSA_PLUS-SCSA_PLUS_V3,1369590734672760836,9,4,-3.42032150714393
33,B1-SCSA_PLUS-SCSA_PLUS_V3,1369343506939019269,10,4,-4.283547532878784
34,B1-SCSA_PLUS-SCSA_PLUS_V3,1367190653269073930,1,5,0.07515757311558072
34,B1-SCSA_PLUS-SCSA_PLUS_V3,1369500754000699392,2,3,-0.5859263572522552
34,B1-SCSA_PLUS-SCSA_PLUS_V3,1368835740529000449,3,4,-0.6374802994299746
34,B1-SCSA_PLUS-SCSA_PLUS_V3,1368856158010810369,4,3,-0.7599573760882662
34,B1-SCSA_PLUS-SCSA_PLUS_V3,1368607437310353408,5,2,-0.969838106752718
34,B1-SCSA_PLUS-SCSA_PLUS_V3,1369617111014924289,6,3,-1.418934497720023
34,B1-SCSA_PLUS-SCSA_PLUS_V3,1369552733536219138,7,3,-1.9965297315609636
34,B1-SCSA_PLUS-SCSA_PLUS_V3,1364311211194675203,8,3,-2.8868218084625052
34,B1-SCSA_PLUS-SCSA_PLUS_V3,1370098415938498560,9,4,-3.166099934895694
34,B1-SCSA_PLUS-SCSA_PLUS_V3,1369590734672760836,10,4,-3.42032150714393
35,B1-SCSA_PLUS-SCSA_PLUS_V3,1365315694167011328,1,1,3.3947765877631055
35,B1-SCSA_PLUS-SCSA_PLUS_V3,1273723492186443782,2,3,0.5911286676914459
35,B1-SCSA_PLUS-SCSA_PLUS_V3,1332444252895404033,3,1,0.44581945340032114
35,B1-SCSA_PLUS-SCSA_PLUS_V3,1340976808989241344,4,2,0.18494108179453922
35,B1-SCSA_PLUS-SCSA_PLUS_V3,1366296962409123843,5,2,-0.26375845818186033
35,B1-SCSA_PLUS-SCSA_PLUS_V3,1368939573586386945,6,2,-0.3855286271234116
35,B1-SCSA_PLUS-SCSA_PLUS_V3,1352326523026632706,7,1,-0.632907100687823
35,B1-SCSA_PLUS-SCSA_PLUS_V3,1368776591388647424,8,1,-0.8747698044017455
35,B1-SCSA_PLUS-SCSA_PLUS_V3,1368954564133654529,9,1,-1.1168810292840277
35,B1-SCSA_PLUS-SCSA_PLUS_V3,1367617268734164992,10,1,-1.1559816142277908
36,B1-SCSA_PLUS-SCSA_PLUS_V3,1337774207971684352,1,5,3.1963956246636913
36,B1-SCSA_PLUS-SCSA_PLUS_V3,1151160990995746816,2,5,2.6803080171746156
36,B1-SCSA_PLUS-SCSA_PLUS_V3,1341790679945670656,3,4,1.8273460591292416
36,B1-SCSA_PLUS-SCSA_PLUS_V3,1367610810789326850,4,5,1.682295365404322
36,B1-SCSA_PLUS-SCSA_PLUS_V3,1357735941637603331,5,5,1.080132758295844
36,B1-SCSA_PLUS-SCSA_PLUS_V3,1343240225129168898,6,5,0.22265802149642508
36,B1-SCSA_PLUS-SCSA_PLUS_V3,1365001111946420226,7,4,-0.2091319628623289
36,B1-SCSA_PLUS-SCSA_PLUS_V3,1312476369830338561,8,3,-0.34647744057306284
36,B1-SCSA_PLUS-SCSA_PLUS_V3,1350201158426648581,9,5,-0.5118970098531083
36,B1-SCSA_PLUS-SCSA_PLUS_V3,1326208392923410432,10,5,-0.5375426037794763
37,B1-SCSA_PLUS-SCSA_PLUS_V3,1189330936300756992,1,2,13.170337953166024
37,B1-SCSA_PLUS-SCSA_PLUS_V3,1368703131652005888,2,4,5.997016009862429
37,B1-SCSA_PLUS-SCSA_PLUS_V3,1333425556659064833,3,1,1.8337708556369567
37,B1-SCSA_PLUS-SCSA_PLUS_V3,1365319660405678081,4,1,1.4262248290423767
37,B1-SCSA_PLUS-SCSA_PLUS_V3,1272338362909655040,5,1,0.9637227190925146
37,B1-SCSA_PLUS-SCSA_PLUS_V3,1338474408743215106,6,1,0.09508136245034038
37,B1-SCSA_PLUS-SCSA_PLUS_V3,1357452896976179201,7,1,-0.3527812204550397
37,B1-SCSA_PLUS-SCSA_PLUS_V3,1368640454028386304,8,3,-0.3956364526033211
37,B1-SCSA_PLUS-SCSA_PLUS_V3,1298591876963078146,9,1,-0.7684689915695079
37,B1-SCSA_PLUS-SCSA_PLUS_V3,1326902644322017281,10,4,-1.3294174972696615
38,B1-SCSA_PLUS-SCSA_PLUS_V3,1369498799673065473,1,4,1.017755292367069
38,B1-SCSA_PLUS-SCSA_PLUS_V3,1369214396489170946,2,5,0.6572913423622382
38,B1-SCSA_PLUS-SCSA_PLUS_V3,1368619226865471493,3,5,0.5672811583171669
38,B1-SCSA_PLUS-SCSA_PLUS_V3,1358819633629921283,4,5,0.35429803554481765
38,B1-SCSA_PLUS-SCSA_PLUS_V3,1368923387532369922,5,5,0.03525253446521034
38,B1-SCSA_PLUS-SCSA_PLUS_V3,1369038985188831234,6,5,-0.0394326062734303
38,B1-SCSA_PLUS-SCSA_PLUS_V3,1368849083201359873,7,5,-0.6107906268176222
38,B1-SCSA_PLUS-SCSA_PLUS_V3,1363564146948665347,8,4,-0.7089250943951978
38,B1-SCSA_PLUS-SCSA_PLUS_V3,1367766039254163458,9,5,-0.8349463278321971
38,B1-SCSA_PLUS-SCSA_PLUS_V3,1352325551621595136,10,5,-1.094923362245103
39,B1-SCSA_PLUS-SCSA_PLUS_V3,1356685006916079616,1,2,5.0373112711364545
39,B1-SCSA_PLUS-SCSA_PLUS_V3,1359863795586396168,2,4,1.4151443169837419
39,B1-SCSA_PLUS-SCSA_PLUS_V3,1291859496826843137,3,3,0.5389831664469501
39,B1-SCSA_PLUS-SCSA_PLUS_V3,1287526789707776000,4,2,0.41925136606536384
39,B1-SCSA_PLUS-SCSA_PLUS_V3,1364897061083127808,5,3,0.1648247706578481
39,B1-SCSA_PLUS-SCSA_PLUS_V3,425668533293289472,6,3,0.11720135283024176
39,B1-SCSA_PLUS-SCSA_PLUS_V3,1252286536738934786,7,3,0.05468949603871581
39,B1-SCSA_PLUS-SCSA_PLUS_V3,1258788139159613441,8,2,-0.5481706622756389
39,B1-SCSA_PLUS-SCSA_PLUS_V3,754011760257069056,9,5,-0.7531911108398307
39,B1-SCSA_PLUS-SCSA_PLUS_V3,1369362392749121542,10,4,-1.2719221422094182
40,B1-SCSA_PLUS-SCSA_PLUS_V3,1337411829853802496,1,5,2.807090947517097
40,B1-SCSA_PLUS-SCSA_PLUS_V3,1323342666361430019,2,5,2.5110974373023884
40,B1-SCSA_PLUS-SCSA_PLUS_V3,1311355905120690176,3,5,0.2273151626602738
40,B1-SCSA_PLUS-SCSA_PLUS_V3,1324782095177306119,4,5,0.1816927741351839
40,B1-SCSA_PLUS-SCSA_PLUS_V3,1355908706026758144,5,5,-0.06672190465654095
40,B1-SCSA_PLUS-SCSA_PLUS_V3,1351182747721748487,6,1,-0.3445846164891477
40,B1-SCSA_PLUS-SCSA_PLUS_V3,1329846979401191424,7,1,-1.3287725928777046
40,B1-SCSA_PLUS-SCSA_PLUS_V3,1360611979879186438,8,2,-1.458541040359657
40,B1-SCSA_PLUS-SCSA_PLUS_V3,1357369869222690817,9,2,-1.6601643240569637
40,B1-SCSA_PLUS-SCSA_PLUS_V3,1331202835334225920,10,1,-2.769413109420777
41,B1-SCSA_PLUS-SCSA_PLUS_V3,1189330936300756992,1,5,13.170337953166024
41,B1-SCSA_PLUS-SCSA_PLUS_V3,1340930237819924480,2,2,9.902859095516977
41,B1-SCSA_PLUS-SCSA_PLUS_V3,1346507839909445632,3,3,6.342778015633503
41,B1-SCSA_PLUS-SCSA_PLUS_V3,1357382231816359939,4,2,4.560163422124346
41,B1-SCSA_PLUS-SCSA_PLUS_V3,1367890477849210881,5,1,1.6758596376668151
41,B1-SCSA_PLUS-SCSA_PLUS_V3,1331689113494446085,6,3,1.5891790465367919
41,B1-SCSA_PLUS-SCSA_PLUS_V3,1338474408743215106,7,3,0.09508136245034038
41,B1-SCSA_PLUS-SCSA_PLUS_V3,1352028901229395970,8,1,-0.3235322204301623
41,B1-SCSA_PLUS-SCSA_PLUS_V3,1326208392923410432,9,3,-0.5375426037794763
41,B1-SCSA_PLUS-SCSA_PLUS_V3,1298591876963078146,10,2,-0.7684689915695079
42,B1-SCSA_PLUS-SCSA_PLUS_V3,1368453072666521600,1,5,3.4986854621363346
42,B1-SCSA_PLUS-SCSA_PLUS_V3,1368116399097344003,2,5,1.7033983699875097
42,B1-SCSA_PLUS-SCSA_PLUS_V3,1342687407326580737,3,5,1.2190395454062626
42,B1-SCSA_PLUS-SCSA_PLUS_V3,1369148238138208257,4,1,0.6643454696333345
42,B1-SCSA_PLUS-SCSA_PLUS_V3,1313580109727584256,5,1,0.13480255986719208
42,B1-SCSA_PLUS-SCSA_PLUS_V3,1369418368554569728,6,1,0.003138505877785299
42,B1-SCSA_PLUS-SCSA_PLUS_V3,1326177511684919300,7,2,-0.5870196191146263
42,B1-SCSA_PLUS-SCSA_PLUS_V3,1369101047826841604,8,1,-0.8621822944367853
42,B1-SCSA_PLUS-SCSA_PLUS_V3,1369362392749121542,9,1,-1.2719221422094182
42,B1-SCSA_PLUS-SCSA_PLUS_V3,1363947240369229825,10,5,-1.4767190497041776
43,B1-SCSA_PLUS-SCSA_PLUS_V3,1336324934688116743,1,2,9.538332916572683
43,B1-SCSA_PLUS-SCSA_PLUS_V3,1338944728969035776,2,2,8.347835854913901
43,B1-SCSA_PLUS-SCSA_PLUS_V3,1360638198573981696,3,2,1.4013921108236589
43,B1-SCSA_PLUS-SCSA_PLUS_V3,1357714688994390016,4,2,1.368166145710809
43,B1-SCSA_PLUS-SCSA_PLUS_V3,1354547483083329538,5,2,1.158327336507613
43,B1-SCSA_PLUS-SCSA_PLUS_V3,1359185296382779393,6,2,1.0492517141005304
43,B1-SCSA_PLUS-SCSA_PLUS_V3,1367946423736537089,7,2,0.16001041994184395
43,B1-SCSA_PLUS-SCSA_PLUS_V3,1367629682439454722,8,2,0.05196479390678189
43,B1-SCSA_PLUS-SCSA_PLUS_V3,1366208806535892995,9,2,-0.06491412132525541
43,B1-SCSA_PLUS-SCSA_PLUS_V3,1363548342832218116,10,2,-2.453300714766769
44,B1-SCSA_PLUS-SCSA_PLUS_V3,1356685006916079616,1,2,5.0373112711364545
44,B1-SCSA_PLUS-SCSA_PLUS_V3,1359863795586396168,2,3,1.4151443169837419
44,B1-SCSA_PLUS-SCSA_PLUS_V3,1291859496826843137,3,4,0.5389831664469501
44,B1-SCSA_PLUS-SCSA_PLUS_V3,1287526789707776000,4,2,0.41925136606536384
44,B1-SCSA_PLUS-SCSA_PLUS_V3,425668533293289472,5,3,0.11720135283024176
44,B1-SCSA_PLUS-SCSA_PLUS_V3,1326208392923410432,6,5,-0.5375426037794763
44,B1-SCSA_PLUS-SCSA_PLUS_V3,1258788139159613441,7,4,-0.5481706622756389
44,B1-SCSA_PLUS-SCSA_PLUS_V3,1369041862414241800,8,3,-0.6873888329413294
44,B1-SCSA_PLUS-SCSA_PLUS_V3,1253009440107720704,9,5,-1.4106629548114777
44,B1-SCSA_PLUS-SCSA_PLUS_V3,1369343506939019269,10,3,-4.283547532878784
45,B1-SCSA_PLUS-SCSA_PLUS_V3,1344344721506885641,1,3,1.5034071472862192
45,B1-SCSA_PLUS-SCSA_PLUS_V3,1345706642080493568,2,3,1.3785785792104155
45,B1-SCSA_PLUS-SCSA_PLUS_V3,1338619251050115072,3,2,0.9633169172692301
45,B1-SCSA_PLUS-SCSA_PLUS_V3,1310595678226219015,4,3,0.3445851462163963
45,B1-SCSA_PLUS-SCSA_PLUS_V3,1367430380463267844,5,3,0.096577346030013
45,B1-SCSA_PLUS-SCSA_PLUS_V3,1361708535294255106,6,3,-0.03227444126704357
45,B1-SCSA_PLUS-SCSA_PLUS_V3,1184016623394590721,7,4,-0.13275819076217077
45,B1-SCSA_PLUS-SCSA_PLUS_V3,1228653223269076992,8,3,-0.22246443972091492
45,B1-SCSA_PLUS-SCSA_PLUS_V3,1365659227256098816,9,3,-0.5542167588436386
45,B1-SCSA_PLUS-SCSA_PLUS_V3,1327627598726377475,10,4,-1.1866186313766625
46,B1-SCSA_PLUS-SCSA_PLUS_V3,1368923387532369922,1,3,0.03525253446521034
46,B1-SCSA_PLUS-SCSA_PLUS_V3,1369038985188831234,2,3,-0.0394326062734303
46,B1-SCSA_PLUS-SCSA_PLUS_V3,1368835740529000449,3,4,-0.6374802994299746
46,B1-SCSA_PLUS-SCSA_PLUS_V3,1368856158010810369,4,5,-0.7599573760882662
46,B1-SCSA_PLUS-SCSA_PLUS_V3,1369619151506071561,5,3,-1.5329383733351667
46,B1-SCSA_PLUS-SCSA_PLUS_V3,1369483145129713665,6,4,-1.598132151789689
46,B1-SCSA_PLUS-SCSA_PLUS_V3,1369552733536219138,7,4,-1.9965297315609636
46,B1-SCSA_PLUS-SCSA_PLUS_V3,1369482917248970754,8,3,-2.6188814405076912
46,B1-SCSA_PLUS-SCSA_PLUS_V3,1369590734672760836,9,4,-3.42032150714393
46,B1-SCSA_PLUS-SCSA_PLUS_V3,1369343506939019269,10,3,-4.283547532878784
47,B1-SCSA_PLUS-SCSA_PLUS_V3,1360638198573981696,1,2,1.4013921108236589
47,B1-SCSA_PLUS-SCSA_PLUS_V3,1368116641360384005,2,5,1.0336780460128676
47,B1-SCSA_PLUS-SCSA_PLUS_V3,1367557867260289032,3,5,0.936474399197908
47,B1-SCSA_PLUS-SCSA_PLUS_V3,1368241591299760129,4,5,0.9194908069062582
47,B1-SCSA_PLUS-SCSA_PLUS_V3,1369007428696743936,5,5,0.9191013736147325
47,B1-SCSA_PLUS-SCSA_PLUS_V3,1369359775230812163,6,5,0.08230358061246111
47,B1-SCSA_PLUS-SCSA_PLUS_V3,1367500677002452992,7,5,0.029578142597141678
47,B1-SCSA_PLUS-SCSA_PLUS_V3,1368157353695121412,8,5,-0.28467870151674707
47,B1-SCSA_PLUS-SCSA_PLUS_V3,1368982192194519043,9,5,-0.5012378444898195
47,B1-SCSA_PLUS-SCSA_PLUS_V3,1368577180557406208,10,5,-0.8085114425867045
48,B1-SCSA_PLUS-SCSA_PLUS_V3,956689717608595456,1,2,1.729102180317461
48,B1-SCSA_PLUS-SCSA_PLUS_V3,1344756801242357768,2,5,0.6414911183474923
48,B1-SCSA_PLUS-SCSA_PLUS_V3,1349071385360887808,3,3,0.04929200036340565
48,B1-SCSA_PLUS-SCSA_PLUS_V3,1334986629560344579,4,2,-0.17147641322548848
48,B1-SCSA_PLUS-SCSA_PLUS_V3,1299377724415500293,5,3,-0.3429071807246088
48,B1-SCSA_PLUS-SCSA_PLUS_V3,1367487878259957765,6,2,-0.5758766448272562
48,B1-SCSA_PLUS-SCSA_PLUS_V3,1253046974389067776,7,1,-1.6191861186151213
48,B1-SCSA_PLUS-SCSA_PLUS_V3,1369559064485715968,8,5,-1.863596428633656
48,B1-SCSA_PLUS-SCSA_PLUS_V3,1369453000570310660,9,5,-1.9768953152500979
48,B1-SCSA_PLUS-SCSA_PLUS_V3,1054037653379670016,10,2,-2.3764638232361444
49,B1-SCSA_PLUS-SCSA_PLUS_V3,956689717608595456,1,2,1.729102180317461
49,B1-SCSA_PLUS-SCSA_PLUS_V3,1357749874645749765,2,5,1.1728208351791303
49,B1-SCSA_PLUS-SCSA_PLUS_V3,1187825368067117057,3,5,0.860977016004805
49,B1-SCSA_PLUS-SCSA_PLUS_V3,1344756801242357768,4,1,0.6414911183474923
49,B1-SCSA_PLUS-SCSA_PLUS_V3,1301614505823141888,5,5,0.13947009376109779
49,B1-SCSA_PLUS-SCSA_PLUS_V3,1320101239363809280,6,1,0.12272761943499232
49,B1-SCSA_PLUS-SCSA_PLUS_V3,1299377724415500293,7,2,-0.3429071807246088
49,B1-SCSA_PLUS-SCSA_PLUS_V3,1366842371724476422,8,1,-0.6411171415202079
49,B1-SCSA_PLUS-SCSA_PLUS_V3,1310279026741841922,9,5,-0.6647707911230013
49,B1-SCSA_PLUS-SCSA_PLUS_V3,1253046974389067776,10,5,-1.6191861186151213
50,B1-SCSA_PLUS-SCSA_PLUS_V3,1356659266732650498,1,5,1.7366632911494624
50,B1-SCSA_PLUS-SCSA_PLUS_V3,1369621841204088832,2,3,0.5887587000796869
50,B1-SCSA_PLUS-SCSA_PLUS_V3,1367491019277799427,3,5,0.4728792698057718
50,B1-SCSA_PLUS-SCSA_PLUS_V3,1342500356316667904,4,3,-0.1906482909300221
50,B1-SCSA_PLUS-SCSA_PLUS_V3,1326208392923410432,5,3,-0.5375426037794763
50,B1-SCSA_PLUS-SCSA_PLUS_V3,1369597995499593729,6,4,-0.5941581938485742
50,B1-SCSA_PLUS-SCSA_PLUS_V3,1369614780676399108,7,3,-1.3590627717563653
50,B1-SCSA_PLUS-SCSA_PLUS_V3,1368939918727278599,8,5,-1.667253183456757
50,B1-SCSA_PLUS-SCSA_PLUS_V3,1369343506939019269,9,5,-4.283547532878784
50,B1-SCSA_PLUS-SCSA_PLUS_V3,1369434342053806090,10,3,-4.466303907616872
51,B1-SCSA_PLUS-SCSA_PLUS_V3,1189330936300756992,1,5,13.170337953166024
51,B1-SCSA_PLUS-SCSA_PLUS_V3,1356659266732650498,2,5,1.7366632911494624
51,B1-SCSA_PLUS-SCSA_PLUS_V3,1293138169832103936,3,2,1.147161624515136
51,B1-SCSA_PLUS-SCSA_PLUS_V3,1344946472618344448,4,5,0.2365670301230201
51,B1-SCSA_PLUS-SCSA_PLUS_V3,1367214902624980995,5,5,0.22366468306659656
51,B1-SCSA_PLUS-SCSA_PLUS_V3,1338474408743215106,6,5,0.09508136245034038
51,B1-SCSA_PLUS-SCSA_PLUS_V3,1326208392923410432,7,5,-0.5375426037794763
51,B1-SCSA_PLUS-SCSA_PLUS_V3,1366963364975452162,8,2,-0.6725999993709812
51,B1-SCSA_PLUS-SCSA_PLUS_V3,1298591876963078146,9,5,-0.7684689915695079
51,B1-SCSA_PLUS-SCSA_PLUS_V3,1369362392749121542,10,1,-1.2719221422094182
53,B1-SCSA_PLUS-SCSA_PLUS_V3,1369025685893738496,1,1,1.6294262729779347
53,B1-SCSA_PLUS-SCSA_PLUS_V3,1305204600228573184,2,1,1.1665054357607916
53,B1-SCSA_PLUS-SCSA_PLUS_V3,1366247302843621377,3,2,0.8935276353892061
53,B1-SCSA_PLUS-SCSA_PLUS_V3,1368239051979943936,4,1,0.8084508652749909
53,B1-SCSA_PLUS-SCSA_PLUS_V3,1368652673935933450,5,1,0.6319300318295278
53,B1-SCSA_PLUS-SCSA_PLUS_V3,1366458502986694658,6,1,0.2461963297192633
53,B1-SCSA_PLUS-SCSA_PLUS_V3,1367323565008154630,7,1,-0.20154466882629157
53,B1-SCSA_PLUS-SCSA_PLUS_V3,1368561876972494852,8,1,-0.3175344043116017
53,B1-SCSA_PLUS-SCSA_PLUS_V3,1369040473008996353,9,3,-0.41558265305254066
53,B1-SCSA_PLUS-SCSA_PLUS_V3,1367244848978227201,10,1,-1.290159799963242
54,B1-SCSA_PLUS-SCSA_PLUS_V3,1356659266732650498,1,5,1.7366632911494624
54,B1-SCSA_PLUS-SCSA_PLUS_V3,1368971556320206848,2,2,0.9799717957700771
54,B1-SCSA_PLUS-SCSA_PLUS_V3,1362454325876969478,3,1,0.9689869357150426
54,B1-SCSA_PLUS-SCSA_PLUS_V3,1273919207038693376,4,5,-0.5058638219503542
54,B1-SCSA_PLUS-SCSA_PLUS_V3,1326208392923410432,5,5,-0.5375426037794763
54,B1-SCSA_PLUS-SCSA_PLUS_V3,1366963364975452162,6,1,-0.6725999993709812
54,B1-SCSA_PLUS-SCSA_PLUS_V3,1368970511175151620,7,5,-0.6739095973183776
54,B1-SCSA_PLUS-SCSA_PLUS_V3,1367212796631416832,8,2,-0.9619006245511822
54,B1-SCSA_PLUS-SCSA_PLUS_V3,1368976123896336389,9,5,-0.9773135478342003
54,B1-SCSA_PLUS-SCSA_PLUS_V3,1369362392749121542,10,5,-1.2719221422094182
55,B1-SCSA_PLUS-SCSA_PLUS_V3,956689717608595456,1,5,1.729102180317461
55,B1-SCSA_PLUS-SCSA_PLUS_V3,1366946573528100864,2,4,0.9136806138483979
55,B1-SCSA_PLUS-SCSA_PLUS_V3,1368753671568322564,3,4,0.6702083739371418
55,B1-SCSA_PLUS-SCSA_PLUS_V3,1368715397415964674,4,3,0.22290177444916856
55,B1-SCSA_PLUS-SCSA_PLUS_V3,1368607626494308354,5,5,-0.044156965126390585
55,B1-SCSA_PLUS-SCSA_PLUS_V3,1367170047081402380,6,4,-0.35459981167226234
55,B1-SCSA_PLUS-SCSA_PLUS_V3,1367225773166190592,7,5,-0.6428230089747438
55,B1-SCSA_PLUS-SCSA_PLUS_V3,1310279026741841922,8,4,-0.6647707911230013
55,B1-SCSA_PLUS-SCSA_PLUS_V3,1367479945686093825,9,5,-0.9784782425408125
55,B1-SCSA_PLUS-SCSA_PLUS_V3,1367245903472558081,10,5,-1.2137610634186142
57,B1-SCSA_PLUS-SCSA_PLUS_V3,1323309743218282496,1,3,8.75816290810156
57,B1-SCSA_PLUS-SCSA_PLUS_V3,1257063194687832064,2,5,5.0249374267358835
57,B1-SCSA_PLUS-SCSA_PLUS_V3,1291098932987269128,3,3,4.419577786546036
57,B1-SCSA_PLUS-SCSA_PLUS_V3,1325467261239431170,4,5,3.3486694088103723
57,B1-SCSA_PLUS-SCSA_PLUS_V3,1339313549626273793,5,3,0.44849726160563785
57,B1-SCSA_PLUS-SCSA_PLUS_V3,762025473794867200,6,3,0.1443463434343396
57,B1-SCSA_PLUS-SCSA_PLUS_V3,1217178366597570560,7,2,0.1121918781807825
57,B1-SCSA_PLUS-SCSA_PLUS_V3,1368923387532369922,8,4,0.03525253446521034
57,B1-SCSA_PLUS-SCSA_PLUS_V3,1369038985188831234,9,4,-0.0394326062734303
57,B1-SCSA_PLUS-SCSA_PLUS_V3,1337159750644080645,10,3,-0.706393219882062
58,B1-SCSA_PLUS-SCSA_PLUS_V3,1315366562069700616,1,5,1.3904025848950947
58,B1-SCSA_PLUS-SCSA_PLUS_V3,1366234614650478594,2,5,1.0610663430298861
58,B1-SCSA_PLUS-SCSA_PLUS_V3,1366239727402196996,3,5,0.8929532322644167
58,B1-SCSA_PLUS-SCSA_PLUS_V3,1300100975793901569,4,5,0.5663209426541804
58,B1-SCSA_PLUS-SCSA_PLUS_V3,1368614821147598851,5,5,-0.2628788092811815
58,B1-SCSA_PLUS-SCSA_PLUS_V3,1369339704588570624,6,5,-0.554480036175046
58,B1-SCSA_PLUS-SCSA_PLUS_V3,1360680119854104582,7,5,-0.8584769493003562
58,B1-SCSA_PLUS-SCSA_PLUS_V3,1367128088832745476,8,5,-1.0287567434234524
58,B1-SCSA_PLUS-SCSA_PLUS_V3,1362945064209575938,9,5,-1.4295900588858244
58,B1-SCSA_PLUS-SCSA_PLUS_V3,1369015063705612288,10,5,-2.5441242367319266
60,B1-SCSA_PLUS-SCSA_PLUS_V3,1361000829247963141,1,5,3.387020281071515
60,B1-SCSA_PLUS-SCSA_PLUS_V3,1356659266732650498,2,5,1.7366632911494624
60,B1-SCSA_PLUS-SCSA_PLUS_V3,1367262209160736770,3,5,1.7034003990610898
60,B1-SCSA_PLUS-SCSA_PLUS_V3,1368760958261268480,4,5,1.487829204802273
60,B1-SCSA_PLUS-SCSA_PLUS_V3,1342394653887369216,5,5,0.9104225594019006
60,B1-SCSA_PLUS-SCSA_PLUS_V3,1369030162298400778,6,5,0.5418508412101273
60,B1-SCSA_PLUS-SCSA_PLUS_V3,1367214902624980995,7,5,0.22366468306659656
60,B1-SCSA_PLUS-SCSA_PLUS_V3,1273919207038693376,8,5,-0.5058638219503542
60,B1-SCSA_PLUS-SCSA_PLUS_V3,1326208392923410432,9,5,-0.5375426037794763
60,B1-SCSA_PLUS-SCSA_PLUS_V3,1369362392749121542,10,5,-1.2719221422094182
61,B1-SCSA_PLUS-SCSA_PLUS_V3,1356659266732650498,1,4,1.7366632911494624
61,B1-SCSA_PLUS-SCSA_PLUS_V3,1358793588382052358,2,2,1.0249641668091702
61,B1-SCSA_PLUS-SCSA_PLUS_V3,1341013863110762496,3,3,0.9777437765336494
61,B1-SCSA_PLUS-SCSA_PLUS_V3,1359645020974845952,4,5,0.2947054304387985
61,B1-SCSA_PLUS-SCSA_PLUS_V3,1250919345955446784,5,5,-0.014786558296788831
61,B1-SCSA_PLUS-SCSA_PLUS_V3,1369148165471969284,6,3,-0.3713330380321657
61,B1-SCSA_PLUS-SCSA_PLUS_V3,1326208392923410432,7,4,-0.5375426037794763
61,B1-SCSA_PLUS-SCSA_PLUS_V3,1354051463190732800,8,4,-1.0298279939882078
61,B1-SCSA_PLUS-SCSA_PLUS_V3,1357058139720478731,9,4,-1.2927577459645145
61,B1-SCSA_PLUS-SCSA_PLUS_V3,1242146375950675969,10,3,-2.3604337892780833
62,B1-SCSA_PLUS-SCSA_PLUS_V3,1198044435163967488,1,4,0.6072563527988893
62,B1-SCSA_PLUS-SCSA_PLUS_V3,1336808991792525325,2,4,0.47488528866005664
62,B1-SCSA_PLUS-SCSA_PLUS_V3,1365346314956005378,3,4,-0.13024120238018022
62,B1-SCSA_PLUS-SCSA_PLUS_V3,1336517598029213698,4,4,-0.21740143271338583
62,B1-SCSA_PLUS-SCSA_PLUS_V3,1366478355558780939,5,4,-0.2677269845711609
62,B1-SCSA_PLUS-SCSA_PLUS_V3,1312476369830338561,6,4,-0.34647744057306284
62,B1-SCSA_PLUS-SCSA_PLUS_V3,1362099968824254464,7,4,-0.39973133343034284
62,B1-SCSA_PLUS-SCSA_PLUS_V3,1334706123971162115,8,4,-0.47847121446422775
62,B1-SCSA_PLUS-SCSA_PLUS_V3,1369374583598571524,9,4,-0.9740671783939685
62,B1-SCSA_PLUS-SCSA_PLUS_V3,1354081977062850561,10,4,-1.3217999989738152
63,B1-SCSA_PLUS-SCSA_PLUS_V3,1369498799673065473,1,4,1.017755292367069
63,B1-SCSA_PLUS-SCSA_PLUS_V3,1368856158010810369,2,5,-0.7599573760882662
63,B1-SCSA_PLUS-SCSA_PLUS_V3,1368856158010810369,3,5,-0.7599573760882662
63,B1-SCSA_PLUS-SCSA_PLUS_V3,1367766039254163458,4,3,-0.8349463278321971
63,B1-SCSA_PLUS-SCSA_PLUS_V3,1369242094217404419,5,2,-1.9465721637060882
63,B1-SCSA_PLUS-SCSA_PLUS_V3,1368848967086215169,6,3,-2.7889361423011754
63,B1-SCSA_PLUS-SCSA_PLUS_V3,1369490617592467456,7,1,-3.996871779801021
63,B1-SCSA_PLUS-SCSA_PLUS_V3,1369343506939019269,8,2,-4.283547532878784
63,B1-SCSA_PLUS-SCSA_PLUS_V3,1369343506939019269,9,1,-4.283547532878784
63,B1-SCSA_PLUS-SCSA_PLUS_V3,1369281300453015552,10,1,-8.823507300911277
66,B1-SCSA_PLUS-SCSA_PLUS_V3,1305852766850555904,1,5,3.148823872267598
66,B1-SCSA_PLUS-SCSA_PLUS_V3,958350559177736194,2,4,3.081610643848053
66,B1-SCSA_PLUS-SCSA_PLUS_V3,1361587149062082561,3,1,1.7041880607792177
66,B1-SCSA_PLUS-SCSA_PLUS_V3,1354993740562137089,4,3,0.8019367591919462
66,B1-SCSA_PLUS-SCSA_PLUS_V3,1355113743504584706,5,3,0.618694452189642
66,B1-SCSA_PLUS-SCSA_PLUS_V3,1356654923870572546,6,2,0.42589964846316
66,B1-SCSA_PLUS-SCSA_PLUS_V3,1330977426906689538,7,2,0.41356197733851585
66,B1-SCSA_PLUS-SCSA_PLUS_V3,423079851592257536,8,2,-0.521039342071243
66,B1-SCSA_PLUS-SCSA_PLUS_V3,1354775320658898944,9,2,-2.088570439189631
66,B1-SCSA_PLUS-SCSA_PLUS_V3,1316030943174422528,10,2,-3.130183381208236
68,B1-SCSA_PLUS-SCSA_PLUS_V3,1364598637163126785,1,5,2.890891126976945
68,B1-SCSA_PLUS-SCSA_PLUS_V3,1323278697466630145,2,5,1.9678562465267357
68,B1-SCSA_PLUS-SCSA_PLUS_V3,1327659608903733249,3,5,0.916947969210367
68,B1-SCSA_PLUS-SCSA_PLUS_V3,1367207527079940101,4,5,0.6510233244773918
68,B1-SCSA_PLUS-SCSA_PLUS_V3,1293655120706600960,5,4,0.3329857379146048
68,B1-SCSA_PLUS-SCSA_PLUS_V3,1352380607314145283,6,5,-0.0023350584078734187
68,B1-SCSA_PLUS-SCSA_PLUS_V3,1354966674525597698,7,5,-0.07826842115393862
68,B1-SCSA_PLUS-SCSA_PLUS_V3,1366187680472522754,8,5,-0.4634289781982301
68,B1-SCSA_PLUS-SCSA_PLUS_V3,1349392742212726785,9,5,-0.6108199957691949
68,B1-SCSA_PLUS-SCSA_PLUS_V3,1357788145794887681,10,5,-0.8239644777320091
70,B1-SCSA_PLUS-SCSA_PLUS_V3,1352326523026632706,1,5,-0.632907100687823
70,B1-SCSA_PLUS-SCSA_PLUS_V3,1368835740529000449,2,5,-0.6374802994299746
70,B1-SCSA_PLUS-SCSA_PLUS_V3,1368856158010810369,3,5,-0.7599573760882662
70,B1-SCSA_PLUS-SCSA_PLUS_V3,1370041595605753862,4,5,-1.1539660629433568
70,B1-SCSA_PLUS-SCSA_PLUS_V3,1369242094217404419,5,5,-1.9465721637060882
70,B1-SCSA_PLUS-SCSA_PLUS_V3,1369552733536219138,6,5,-1.9965297315609636
70,B1-SCSA_PLUS-SCSA_PLUS_V3,1369440747641049091,7,4,-2.7487596905131406
70,B1-SCSA_PLUS-SCSA_PLUS_V3,1369573257234550784,8,5,-2.8857981845092118
70,B1-SCSA_PLUS-SCSA_PLUS_V3,1369590734672760836,9,5,-3.42032150714393
70,B1-SCSA_PLUS-SCSA_PLUS_V3,1369343506939019269,10,5,-4.283547532878784
71,B1-SCSA_PLUS-SCSA_PLUS_V3,1189330936300756992,1,5,13.170337953166024
71,B1-SCSA_PLUS-SCSA_PLUS_V3,1151160990995746816,2,5,2.6803080171746156
71,B1-SCSA_PLUS-SCSA_PLUS_V3,1356659266732650498,3,5,1.7366632911494624
71,B1-SCSA_PLUS-SCSA_PLUS_V3,1343240225129168898,4,4,0.22265802149642508
71,B1-SCSA_PLUS-SCSA_PLUS_V3,1324784149241147394,5,3,0.11921737108571633
71,B1-SCSA_PLUS-SCSA_PLUS_V3,1338474408743215106,6,3,0.09508136245034038
71,B1-SCSA_PLUS-SCSA_PLUS_V3,1281615412459782145,7,5,-0.18672637691078967
71,B1-SCSA_PLUS-SCSA_PLUS_V3,1312476369830338561,8,4,-0.34647744057306284
71,B1-SCSA_PLUS-SCSA_PLUS_V3,1326208392923410432,9,4,-0.5375426037794763
71,B1-SCSA_PLUS-SCSA_PLUS_V3,1298591876963078146,10,3,-0.7684689915695079
72,B1-SCSA_PLUS-SCSA_PLUS_V3,1346184604827279360,1,5,0.9918927207591656
72,B1-SCSA_PLUS-SCSA_PLUS_V3,1364662601473429514,2,5,-0.5879995472018709
72,B1-SCSA_PLUS-SCSA_PLUS_V3,1362476144830812161,3,4,-1.0629216395261634
72,B1-SCSA_PLUS-SCSA_PLUS_V3,1259963743716298754,4,3,-1.6023397518753528
72,B1-SCSA_PLUS-SCSA_PLUS_V3,1364604015103778820,5,4,-1.606627870694853
72,B1-SCSA_PLUS-SCSA_PLUS_V3,1351256621993738240,6,5,-1.6308114875617525
72,B1-SCSA_PLUS-SCSA_PLUS_V3,1298277043499462656,7,5,-1.6522059267728006
72,B1-SCSA_PLUS-SCSA_PLUS_V3,1329459194601193472,8,5,-2.236040080719617
72,B1-SCSA_PLUS-SCSA_PLUS_V3,1364248308781248517,9,5,-2.9922225552244264
72,B1-SCSA_PLUS-SCSA_PLUS_V3,1369343506939019269,10,2,-4.283547532878784
73,B1-SCSA_PLUS-SCSA_PLUS_V3,1369498799673065473,1,2,1.017755292367069
73,B1-SCSA_PLUS-SCSA_PLUS_V3,1369327333824430080,2,3,0.3428254386224696
73,B1-SCSA_PLUS-SCSA_PLUS_V3,1369416324275961858,3,5,0.3339349334736719
73,B1-SCSA_PLUS-SCSA_PLUS_V3,1363564146948665347,4,3,-0.7089250943951978
73,B1-SCSA_PLUS-SCSA_PLUS_V3,968884303131234305,5,4,-0.7563087666625942
73,B1-SCSA_PLUS-SCSA_PLUS_V3,1367763412244172802,6,2,-0.7914584273052133
73,B1-SCSA_PLUS-SCSA_PLUS_V3,1369047712184889353,7,5,-0.8175131716336613
73,B1-SCSA_PLUS-SCSA_PLUS_V3,1369031455695900677,8,4,-0.9734611576625259
73,B1-SCSA_PLUS-SCSA_PLUS_V3,1368988690211627016,9,3,-1.8835034135021207
73,B1-SCSA_PLUS-SCSA_PLUS_V3,1369181799029571589,10,5,-2.8459392183164636
74,B1-SCSA_PLUS-SCSA_PLUS_V3,1368923387532369922,1,3,0.03525253446521034
74,B1-SCSA_PLUS-SCSA_PLUS_V3,1369038985188831234,2,3,-0.0394326062734303
74,B1-SCSA_PLUS-SCSA_PLUS_V3,1368835740529000449,3,5,-0.6374802994299746
74,B1-SCSA_PLUS-SCSA_PLUS_V3,1369207595785977860,4,5,-0.6905950142437205
74,B1-SCSA_PLUS-SCSA_PLUS_V3,1369552733536219138,5,5,-1.9965297315609636
74,B1-SCSA_PLUS-SCSA_PLUS_V3,1364311211194675203,6,4,-2.8868218084625052
74,B1-SCSA_PLUS-SCSA_PLUS_V3,1369598009084887043,7,5,-3.052758107235024
74,B1-SCSA_PLUS-SCSA_PLUS_V3,1370088400410324994,8,4,-3.4718780461789986
74,B1-SCSA_PLUS-SCSA_PLUS_V3,1369475640076996610,9,1,-4.262195336095376
74,B1-SCSA_PLUS-SCSA_PLUS_V3,1369990624041140230,10,1,-10.49050811591501
76,B1-SCSA_PLUS-SCSA_PLUS_V3,1322665368108716033,1,3,20.032721698782023
76,B1-SCSA_PLUS-SCSA_PLUS_V3,1349748316901310464,2,2,8.5365548680521
76,B1-SCSA_PLUS-SCSA_PLUS_V3,1338944728969035776,3,4,8.347835854913901
76,B1-SCSA_PLUS-SCSA_PLUS_V3,1357382231816359939,4,3,4.560163422124346
76,B1-SCSA_PLUS-SCSA_PLUS_V3,1354853026545102849,5,2,1.4357947225928578
76,B1-SCSA_PLUS-SCSA_PLUS_V3,1360638198573981696,6,3,1.4013921108236589
76,B1-SCSA_PLUS-SCSA_PLUS_V3,1366222136591872000,7,3,0.21305203699800618
76,B1-SCSA_PLUS-SCSA_PLUS_V3,1367946423736537089,8,4,0.16001041994184395
76,B1-SCSA_PLUS-SCSA_PLUS_V3,1369095591607865347,9,2,-0.16336369364272832
76,B1-SCSA_PLUS-SCSA_PLUS_V3,1331756802078334982,10,2,-0.6510230207688888
77,B1-SCSA_PLUS-SCSA_PLUS_V3,1368923387532369922,1,5,0.03525253446521034
77,B1-SCSA_PLUS-SCSA_PLUS_V3,1369038985188831234,2,2,-0.0394326062734303
77,B1-SCSA_PLUS-SCSA_PLUS_V3,1354908861572935681,3,5,-0.339568856819857
77,B1-SCSA_PLUS-SCSA_PLUS_V3,1328394654375698433,4,4,-0.44189252319044564
77,B1-SCSA_PLUS-SCSA_PLUS_V3,1368835740529000449,5,4,-0.6374802994299746
77,B1-SCSA_PLUS-SCSA_PLUS_V3,1366588589191147526,6,4,-1.0527184597946182
77,B1-SCSA_PLUS-SCSA_PLUS_V3,1352325551621595136,7,4,-1.094923362245103
77,B1-SCSA_PLUS-SCSA_PLUS_V3,1369552733536219138,8,3,-1.9965297315609636
77,B1-SCSA_PLUS-SCSA_PLUS_V3,1364311211194675203,9,3,-2.8868218084625052
77,B1-SCSA_PLUS-SCSA_PLUS_V3,1369598009084887043,10,4,-3.052758107235024
78,B1-SCSA_PLUS-SCSA_PLUS_V3,1367318893191196674,1,1,2.9965241219418286
78,B1-SCSA_PLUS-SCSA_PLUS_V3,1367295348574728194,2,3,2.4570249915688205
78,B1-SCSA_PLUS-SCSA_PLUS_V3,1368686691452608517,3,1,1.484652040181768
78,B1-SCSA_PLUS-SCSA_PLUS_V3,1366894541475696640,4,1,1.0953408488869631
78,B1-SCSA_PLUS-SCSA_PLUS_V3,1367307559640571904,5,1,1.0913334157536063
78,B1-SCSA_PLUS-SCSA_PLUS_V3,1367339191961489408,6,3,0.6665411101856094
78,B1-SCSA_PLUS-SCSA_PLUS_V3,1366609467803074561,7,3,-0.37599144167862264
78,B1-SCSA_PLUS-SCSA_PLUS_V3,1368204280629444611,8,1,-0.5337293855725594
78,B1-SCSA_PLUS-SCSA_PLUS_V3,1367486237574123525,9,3,-1.215586959683529
78,B1-SCSA_PLUS-SCSA_PLUS_V3,1369407651914932229,10,1,-2.1676618413419506
79,B1-SCSA_PLUS-SCSA_PLUS_V3,1362841895030968326,1,4,3.3660194823597203
79,B1-SCSA_PLUS-SCSA_PLUS_V3,1324424895749652481,2,3,2.328891349333935
79,B1-SCSA_PLUS-SCSA_PLUS_V3,1341790679945670656,3,5,1.8273460591292416
79,B1-SCSA_PLUS-SCSA_PLUS_V3,1307137727067029506,4,2,1.2530573642855916
79,B1-SCSA_PLUS-SCSA_PLUS_V3,1354523590742446080,5,3,0.9335485961952211
79,B1-SCSA_PLUS-SCSA_PLUS_V3,1292597118763319296,6,5,0.26534577650120783
79,B1-SCSA_PLUS-SCSA_PLUS_V3,1360011987493789696,7,2,0.11676496833616265
79,B1-SCSA_PLUS-SCSA_PLUS_V3,1361735737411067909,8,4,0.11641009087504564
79,B1-SCSA_PLUS-SCSA_PLUS_V3,1322229311718494210,9,3,0.10455876759935788
79,B1-SCSA_PLUS-SCSA_PLUS_V3,1365017631321858052,10,2,-0.880867451643703
81,B1-SCSA_PLUS-SCSA_PLUS_V3,1369267106215235589,1,5,2.742112904871804
81,B1-SCSA_PLUS-SCSA_PLUS_V3,1368225636993691649,2,5,1.0791217379824911
81,B1-SCSA_PLUS-SCSA_PLUS_V3,1366505349386240005,3,5,1.0699669298150911
81,B1-SCSA_PLUS-SCSA_PLUS_V3,1369403796443570180,4,5,0.855208238191629
81,B1-SCSA_PLUS-SCSA_PLUS_V3,1369226708763746305,5,3,0.7468132783403494
81,B1-SCSA_PLUS-SCSA_PLUS_V3,1367112526647934977,6,5,0.42876298834245624
81,B1-SCSA_PLUS-SCSA_PLUS_V3,1368299640421052423,7,5,0.07720292042365386
81,B1-SCSA_PLUS-SCSA_PLUS_V3,1367226152549577157,8,5,-0.019151674988154524
81,B1-SCSA_PLUS-SCSA_PLUS_V3,1368844528170500098,9,5,-0.5040993592243495
81,B1-SCSA_PLUS-SCSA_PLUS_V3,1368637578694524931,10,5,-0.7968816914541796
1,CS-STATE_ART-SCSA_PLUS_V3,1369253885932617735,1,3,0.16210169300692018
1,CS-STATE_ART-SCSA_PLUS_V3,1368604102989541376,2,4,0.15492941898078222
1,CS-STATE_ART-SCSA_PLUS_V3,1369483207935225856,3,3,-0.12458147943161389
1,CS-STATE_ART-SCSA_PLUS_V3,1369388544003895298,4,5,-0.41989933004707225
1,CS-STATE_ART-SCSA_PLUS_V3,1369439516679942144,5,5,-0.5101233133293812
1,CS-STATE_ART-SCSA_PLUS_V3,1369281593693646851,6,4,-0.5567704328496197
1,CS-STATE_ART-SCSA_PLUS_V3,1369523963974549504,7,5,-0.8610845985706738
1,CS-STATE_ART-SCSA_PLUS_V3,1369010885075812352,8,4,-1.120242540415161
1,CS-STATE_ART-SCSA_PLUS_V3,1370144518100684802,9,3,-1.697895933304886
1,CS-STATE_ART-SCSA_PLUS_V3,1369460811760988160,10,5,-3.372878904360285
2,CS-STATE_ART-SCSA_PLUS_V3,1369610663547518978,1,4,-0.11527531187337133
2,CS-STATE_ART-SCSA_PLUS_V3,1370003953598013450,2,3,-0.5469184958630754
2,CS-STATE_ART-SCSA_PLUS_V3,1369578871478235143,3,5,-0.7935402223417957
2,CS-STATE_ART-SCSA_PLUS_V3,1369037711324119046,4,4,-1.0019732594858664
2,CS-STATE_ART-SCSA_PLUS_V3,1369471231448158208,5,4,-1.050456844979202
2,CS-STATE_ART-SCSA_PLUS_V3,1369382859534897161,6,3,-1.1844705846700372
2,CS-STATE_ART-SCSA_PLUS_V3,1369985018878169089,7,3,-1.5986233507903695
2,CS-STATE_ART-SCSA_PLUS_V3,1370128693662785544,8,4,-2.3396043173287446
2,CS-STATE_ART-SCSA_PLUS_V3,1369271770960850949,9,3,-2.62509388397461
2,CS-STATE_ART-SCSA_PLUS_V3,1369511733975515142,10,2,-3.0841854482696602
3,CS-STATE_ART-SCSA_PLUS_V3,1342995722761695232,1,2,3.397672116656337
3,CS-STATE_ART-SCSA_PLUS_V3,1323456695725625344,2,3,2.4433278456040037
3,CS-STATE_ART-SCSA_PLUS_V3,1324916905954652168,3,3,1.4890428256725203
3,CS-STATE_ART-SCSA_PLUS_V3,1153306430100910080,4,3,0.5940480551648382
3,CS-STATE_ART-SCSA_PLUS_V3,1256258912866766851,5,4,0.044092318081735235
3,CS-STATE_ART-SCSA_PLUS_V3,1318297870315839488,6,2,-0.006292767634959647
3,CS-STATE_ART-SCSA_PLUS_V3,1306742315667529729,7,3,-0.22880435111959732
3,CS-STATE_ART-SCSA_PLUS_V3,1368659881260032001,8,3,-0.35919559302339044
3,CS-STATE_ART-SCSA_PLUS_V3,1180250671905263616,9,2,-0.6238858122035484
3,CS-STATE_ART-SCSA_PLUS_V3,1240704016046116865,10,4,-0.9485508013733733
4,CS-STATE_ART-SCSA_PLUS_V3,1369525973302079490,1,4,0.013534963663559883
4,CS-STATE_ART-SCSA_PLUS_V3,1369563595978252291,2,1,-0.3827666187051784
4,CS-STATE_ART-SCSA_PLUS_V3,1369049581208670208,3,4,-0.5035396316516971
4,CS-STATE_ART-SCSA_PLUS_V3,1369113689845022721,4,2,-0.5428874642491776
4,CS-STATE_ART-SCSA_PLUS_V3,1370053184589299724,5,2,-0.7396506724982814
4,CS-STATE_ART-SCSA_PLUS_V3,1369600439239458820,6,4,-1.3282593773372822
4,CS-STATE_ART-SCSA_PLUS_V3,1369337073463885828,7,4,-1.6624673501287082
4,CS-STATE_ART-SCSA_PLUS_V3,1369275546044162051,8,5,-2.709416827891645
4,CS-STATE_ART-SCSA_PLUS_V3,1369456737070313476,9,2,-2.915617906676103
4,CS-STATE_ART-SCSA_PLUS_V3,1369506070989836290,10,3,-3.1539447534004323
5,CS-STATE_ART-SCSA_PLUS_V3,1369351763355201542,1,4,-0.14972102647628982
5,CS-STATE_ART-SCSA_PLUS_V3,1369336610681159680,2,5,-0.7538626348488545
5,CS-STATE_ART-SCSA_PLUS_V3,1369611245616250880,3,5,-0.8610935116277678
5,CS-STATE_ART-SCSA_PLUS_V3,1369430816389033988,4,5,-1.2107357793819966
5,CS-STATE_ART-SCSA_PLUS_V3,1369468594891948038,5,3,-1.2141752210619037
5,CS-STATE_ART-SCSA_PLUS_V3,1369438777127624709,6,4,-1.3890144260200192
5,CS-STATE_ART-SCSA_PLUS_V3,1370004858464534529,7,3,-1.8369324425027171
5,CS-STATE_ART-SCSA_PLUS_V3,1369377514930507782,8,5,-2.3690665141978586
5,CS-STATE_ART-SCSA_PLUS_V3,1369503478880612357,9,5,-4.325651943048989
5,CS-STATE_ART-SCSA_PLUS_V3,1368685627303223297,10,3,-9.947933245675085
6,CS-STATE_ART-SCSA_PLUS_V3,1340053176150614025,1,4,1.7120618427840617
6,CS-STATE_ART-SCSA_PLUS_V3,1219085119971000320,2,3,1.129077222369646
6,CS-STATE_ART-SCSA_PLUS_V3,1197158580333535232,3,4,1.007610693569276
6,CS-STATE_ART-SCSA_PLUS_V3,1204026434739691520,4,5,0.9646151133363982
6,CS-STATE_ART-SCSA_PLUS_V3,1349775316366090242,5,2,0.3437537516785507
6,CS-STATE_ART-SCSA_PLUS_V3,1369418972509179912,6,3,0.11200370094532691
6,CS-STATE_ART-SCSA_PLUS_V3,1339894034781880323,7,5,-0.9009939118302566
6,CS-STATE_ART-SCSA_PLUS_V3,1369559926629167104,8,5,-0.996835101299508
6,CS-STATE_ART-SCSA_PLUS_V3,1368199950169997314,9,5,-1.0411986555665396
6,CS-STATE_ART-SCSA_PLUS_V3,1369586848163586051,10,2,-1.649828587018565
7,CS-STATE_ART-SCSA_PLUS_V3,1368632782042333188,1,4,3.6979185437235165
7,CS-STATE_ART-SCSA_PLUS_V3,1368234120082554894,2,2,1.2221980179903191
7,CS-STATE_ART-SCSA_PLUS_V3,1368519774955798529,3,4,1.03380092451203
7,CS-STATE_ART-SCSA_PLUS_V3,1367862841907294209,4,4,0.7518977890871412
7,CS-STATE_ART-SCSA_PLUS_V3,1368501683219693570,5,3,0.6838604334919682
7,CS-STATE_ART-SCSA_PLUS_V3,1369087867939659782,6,3,0.44082105491621415
7,CS-STATE_ART-SCSA_PLUS_V3,1368216046616768513,7,4,0.29269151453257164
7,CS-STATE_ART-SCSA_PLUS_V3,1368487188724350976,8,2,0.05034280407520026
7,CS-STATE_ART-SCSA_PLUS_V3,1368174374247923712,9,3,-1.7869251171427254
7,CS-STATE_ART-SCSA_PLUS_V3,1364237278516830212,10,5,-2.4758479532666846
8,CS-STATE_ART-SCSA_PLUS_V3,1322209256611852294,1,5,16.47195591579364
8,CS-STATE_ART-SCSA_PLUS_V3,1354658220585922565,2,4,8.971915462706788
8,CS-STATE_ART-SCSA_PLUS_V3,1334724211689074688,3,5,5.430779848719928
8,CS-STATE_ART-SCSA_PLUS_V3,1268243264156524544,4,4,3.9045236499665807
8,CS-STATE_ART-SCSA_PLUS_V3,1316909183225286657,5,5,2.6523770218620704
8,CS-STATE_ART-SCSA_PLUS_V3,1290389884927000582,6,5,1.4960332191364811
8,CS-STATE_ART-SCSA_PLUS_V3,1363674987626856448,7,3,1.2737045904905002
8,CS-STATE_ART-SCSA_PLUS_V3,1365178104310763520,8,4,0.3028220403772718
8,CS-STATE_ART-SCSA_PLUS_V3,1318996052049973248,9,4,-0.06480098275687698
8,CS-STATE_ART-SCSA_PLUS_V3,1334706123971162115,10,2,-0.47847121446422775
9,CS-STATE_ART-SCSA_PLUS_V3,1333878541398798338,1,5,3.2857977023900284
9,CS-STATE_ART-SCSA_PLUS_V3,1164279406057201665,2,1,2.092744109961586
9,CS-STATE_ART-SCSA_PLUS_V3,1327308553418272768,3,3,1.48216097281671
9,CS-STATE_ART-SCSA_PLUS_V3,1263620338790944769,4,4,0.7314203954372503
9,CS-STATE_ART-SCSA_PLUS_V3,1361732521428275201,5,1,0.43809943791477696
9,CS-STATE_ART-SCSA_PLUS_V3,1338573100921794560,6,4,-0.03290779652325281
9,CS-STATE_ART-SCSA_PLUS_V3,1351540224560668673,7,3,-0.049604172137683235
9,CS-STATE_ART-SCSA_PLUS_V3,1330972658612150272,8,5,-0.05768804017319247
9,CS-STATE_ART-SCSA_PLUS_V3,1319321276171759617,9,5,-1.6176735915961549
9,CS-STATE_ART-SCSA_PLUS_V3,1312391963241398272,10,4,-1.82754772533641
10,CS-STATE_ART-SCSA_PLUS_V3,1320726746329743363,1,5,1.7804589854524047
10,CS-STATE_ART-SCSA_PLUS_V3,1368234120082554894,2,5,1.2221980179903191
10,CS-STATE_ART-SCSA_PLUS_V3,1367862841907294209,3,4,0.7518977890871412
10,CS-STATE_ART-SCSA_PLUS_V3,1369087867939659782,4,5,0.44082105491621415
10,CS-STATE_ART-SCSA_PLUS_V3,1350865539091066881,5,5,0.08937396373738687
10,CS-STATE_ART-SCSA_PLUS_V3,1352017720578105346,6,4,0.018479665777440177
10,CS-STATE_ART-SCSA_PLUS_V3,1330948472992776193,7,5,-0.23831313790385283
10,CS-STATE_ART-SCSA_PLUS_V3,1337102280059834370,8,4,-0.7034960145974156
10,CS-STATE_ART-SCSA_PLUS_V3,1365731424322478084,9,5,-0.9432789972351524
10,CS-STATE_ART-SCSA_PLUS_V3,1351594764056088577,10,5,-1.9889018031320713
11,CS-STATE_ART-SCSA_PLUS_V3,1358058477785120769,1,1,21.322423159682934
11,CS-STATE_ART-SCSA_PLUS_V3,1354658220585922565,2,1,8.971915462706788
11,CS-STATE_ART-SCSA_PLUS_V3,1334724211689074688,3,1,5.430779848719928
11,CS-STATE_ART-SCSA_PLUS_V3,1316909183225286657,4,5,2.6523770218620704
11,CS-STATE_ART-SCSA_PLUS_V3,1349370619616378880,5,5,1.8296502329627853
11,CS-STATE_ART-SCSA_PLUS_V3,1362769948691472385,6,5,1.6321386945388334
11,CS-STATE_ART-SCSA_PLUS_V3,1290389884927000582,7,5,1.4960332191364811
11,CS-STATE_ART-SCSA_PLUS_V3,1310693744056950787,8,5,1.0749099230611336
11,CS-STATE_ART-SCSA_PLUS_V3,1352347607855726594,9,5,0.4553133212132738
11,CS-STATE_ART-SCSA_PLUS_V3,1319321276171759617,10,5,-1.6176735915961549
12,CS-STATE_ART-SCSA_PLUS_V3,1344852533122981888,1,5,4.409626246559384
12,CS-STATE_ART-SCSA_PLUS_V3,1331282297014743042,2,5,2.50578033452451
12,CS-STATE_ART-SCSA_PLUS_V3,1370069387974119426,3,5,2.145632009743459
12,CS-STATE_ART-SCSA_PLUS_V3,1358529006967033856,4,3,1.834635687950139
12,CS-STATE_ART-SCSA_PLUS_V3,1366121589478154243,5,5,1.2889858962019534
12,CS-STATE_ART-SCSA_PLUS_V3,1369832253816246274,6,5,0.8283881253530455
12,CS-STATE_ART-SCSA_PLUS_V3,1359370632350208003,7,2,0.7320538072221882
12,CS-STATE_ART-SCSA_PLUS_V3,1359319030587293696,8,3,0.5051888959182189
12,CS-STATE_ART-SCSA_PLUS_V3,1366380504736534529,9,3,-0.6392436616745011
12,CS-STATE_ART-SCSA_PLUS_V3,1336435104172765184,10,3,-1.6950548191149906
13,CS-STATE_ART-SCSA_PLUS_V3,1369087867939659782,1,3,0.44082105491621415
13,CS-STATE_ART-SCSA_PLUS_V3,1350865539091066881,2,3,0.08937396373738687
13,CS-STATE_ART-SCSA_PLUS_V3,1352017720578105346,3,1,0.018479665777440177
13,CS-STATE_ART-SCSA_PLUS_V3,1362902698585071617,4,5,-0.04493230657032361
13,CS-STATE_ART-SCSA_PLUS_V3,1363172378843389952,5,2,-0.0814340873216249
13,CS-STATE_ART-SCSA_PLUS_V3,1330948472992776193,6,5,-0.23831313790385283
13,CS-STATE_ART-SCSA_PLUS_V3,1365731424322478084,7,5,-0.9432789972351524
13,CS-STATE_ART-SCSA_PLUS_V3,1337104278398382087,8,5,-1.0903740607577972
13,CS-STATE_ART-SCSA_PLUS_V3,1358898413136396288,9,4,-1.310758717959117
13,CS-STATE_ART-SCSA_PLUS_V3,1351594764056088577,10,3,-1.9889018031320713
15,CS-STATE_ART-SCSA_PLUS_V3,1355549351603531783,1,5,1.9301670183690212
15,CS-STATE_ART-SCSA_PLUS_V3,1354353736580124673,2,4,1.70434914464402
15,CS-STATE_ART-SCSA_PLUS_V3,1303727847966674944,3,2,0.8393065535589003
15,CS-STATE_ART-SCSA_PLUS_V3,1330905143416659975,4,4,0.5662741965180631
15,CS-STATE_ART-SCSA_PLUS_V3,1362920758872133634,5,3,0.20478586527450324
15,CS-STATE_ART-SCSA_PLUS_V3,1258809129218564098,6,3,0.18145089044641313
15,CS-STATE_ART-SCSA_PLUS_V3,1301536924067393537,7,2,-0.33176915731033685
15,CS-STATE_ART-SCSA_PLUS_V3,1331266330176196608,8,3,-0.47098055842435105
15,CS-STATE_ART-SCSA_PLUS_V3,1365788765957083149,9,3,-0.5364911696774955
15,CS-STATE_ART-SCSA_PLUS_V3,1351560050725294082,10,2,-1.3293767378412493
16,CS-STATE_ART-SCSA_PLUS_V3,1317201419384975365,1,1,0.8969041302176323
16,CS-STATE_ART-SCSA_PLUS_V3,1368447074019270656,2,4,0.5400842681307796
16,CS-STATE_ART-SCSA_PLUS_V3,1326554237053054977,3,1,0.3436023265834008
16,CS-STATE_ART-SCSA_PLUS_V3,1352019602151100416,4,1,-0.041530658163773534
16,CS-STATE_ART-SCSA_PLUS_V3,1316239353505480704,5,1,-0.5240388879530091
16,CS-STATE_ART-SCSA_PLUS_V3,1346143996431646720,6,4,-1.0140158970219513
16,CS-STATE_ART-SCSA_PLUS_V3,1271896411257241600,7,1,-1.227165841318201
16,CS-STATE_ART-SCSA_PLUS_V3,1318907390922788866,8,1,-1.4933565589595792
16,CS-STATE_ART-SCSA_PLUS_V3,1275840045761441792,9,1,-1.6026617507554786
16,CS-STATE_ART-SCSA_PLUS_V3,1173620799997186051,10,1,-1.7797446701154462
17,CS-STATE_ART-SCSA_PLUS_V3,1063403538636816385,1,5,1.6902703636328225
17,CS-STATE_ART-SCSA_PLUS_V3,1364970509700595717,2,5,1.2651733031332826
17,CS-STATE_ART-SCSA_PLUS_V3,1330058761323614209,3,5,1.2539361882006026
17,CS-STATE_ART-SCSA_PLUS_V3,1320374052847013893,4,5,1.0597377313618765
17,CS-STATE_ART-SCSA_PLUS_V3,1358772405536194562,5,5,0.6915618350580122
17,CS-STATE_ART-SCSA_PLUS_V3,1366743775192752129,6,4,0.6431909138065758
17,CS-STATE_ART-SCSA_PLUS_V3,1350151000267632641,7,5,0.15979674502828184
17,CS-STATE_ART-SCSA_PLUS_V3,1357403552470212608,8,5,-0.7538919255228869
17,CS-STATE_ART-SCSA_PLUS_V3,1336739324658929667,9,5,-1.5791204850656633
17,CS-STATE_ART-SCSA_PLUS_V3,1334527822971490308,10,5,-2.437090217438214
18,CS-STATE_ART-SCSA_PLUS_V3,1339377333728391169,1,4,1.593280354323592
18,CS-STATE_ART-SCSA_PLUS_V3,1359592867380031494,2,1,0.5934781907825948
18,CS-STATE_ART-SCSA_PLUS_V3,1340325978170646535,3,3,0.5159470106866301
18,CS-STATE_ART-SCSA_PLUS_V3,1330556651716243456,4,3,0.3087403574326251
18,CS-STATE_ART-SCSA_PLUS_V3,1366528818454822914,5,3,0.15986205209806212
18,CS-STATE_ART-SCSA_PLUS_V3,1327053570794008577,6,2,0.05815203304897371
18,CS-STATE_ART-SCSA_PLUS_V3,1354527098354819077,7,1,0.03166026118839116
18,CS-STATE_ART-SCSA_PLUS_V3,1362475666504040451,8,1,-0.184717179638866
18,CS-STATE_ART-SCSA_PLUS_V3,1339195127986794498,9,4,-0.48163033371823305
18,CS-STATE_ART-SCSA_PLUS_V3,1337819421973344256,10,2,-1.1843997339929677
19,CS-STATE_ART-SCSA_PLUS_V3,1368697794417065992,1,3,-0.24366994373772016
19,CS-STATE_ART-SCSA_PLUS_V3,1369266567423397891,2,3,-0.6112697821954519
19,CS-STATE_ART-SCSA_PLUS_V3,1369189230489001991,3,3,-0.7343556332921634
19,CS-STATE_ART-SCSA_PLUS_V3,1369596898127077379,4,3,-0.9032838867542456
19,CS-STATE_ART-SCSA_PLUS_V3,1369424518092120064,5,3,-1.1314353086549862
19,CS-STATE_ART-SCSA_PLUS_V3,1369559628183445504,6,3,-1.256732762674072
19,CS-STATE_ART-SCSA_PLUS_V3,1369569992732250114,7,3,-1.5242043360587365
19,CS-STATE_ART-SCSA_PLUS_V3,1369425009303822344,8,3,-1.8615104917929264
19,CS-STATE_ART-SCSA_PLUS_V3,1369469059427893249,9,3,-2.4370766399185273
19,CS-STATE_ART-SCSA_PLUS_V3,1369617901678964736,10,4,-2.546188348007645
20,CS-STATE_ART-SCSA_PLUS_V3,1368272500086476805,1,2,2.242145428247883
20,CS-STATE_ART-SCSA_PLUS_V3,1368950916024532995,2,2,1.104533263670755
20,CS-STATE_ART-SCSA_PLUS_V3,1369573389845880832,3,5,0.6285566199858293
20,CS-STATE_ART-SCSA_PLUS_V3,1369146187358539781,4,5,0.5077481216397282
20,CS-STATE_ART-SCSA_PLUS_V3,1368276753244913665,5,2,0.1978715620479297
20,CS-STATE_ART-SCSA_PLUS_V3,1366181019829686277,6,5,-0.05039567332624895
20,CS-STATE_ART-SCSA_PLUS_V3,1369112711032881153,7,3,-0.2020117690537346
20,CS-STATE_ART-SCSA_PLUS_V3,1369415901964034052,8,3,-0.9666172786943253
20,CS-STATE_ART-SCSA_PLUS_V3,1369193501875970048,9,5,-1.3475396817639513
20,CS-STATE_ART-SCSA_PLUS_V3,1364622367499157504,10,5,-2.3981821672602486
21,CS-STATE_ART-SCSA_PLUS_V3,1366217334658977797,1,5,0.8264447681845418
21,CS-STATE_ART-SCSA_PLUS_V3,1300100975793901569,2,3,0.5663209426541804
21,CS-STATE_ART-SCSA_PLUS_V3,1204781519052652546,3,2,0.3596032845066325
21,CS-STATE_ART-SCSA_PLUS_V3,1339526270288322561,4,4,0.34078462294759937
21,CS-STATE_ART-SCSA_PLUS_V3,1272339338995445760,5,1,0.2611324133828218
21,CS-STATE_ART-SCSA_PLUS_V3,1340651032817315842,6,4,-0.42584740521172804
21,CS-STATE_ART-SCSA_PLUS_V3,1369040595310682112,7,2,-0.4518106055645795
21,CS-STATE_ART-SCSA_PLUS_V3,1366565826913062914,8,4,-0.6213300004835473
21,CS-STATE_ART-SCSA_PLUS_V3,1338181816478539777,9,5,-1.0167289766939729
21,CS-STATE_ART-SCSA_PLUS_V3,1367222811727564800,10,5,-1.7256119159889687
22,CS-STATE_ART-SCSA_PLUS_V3,1369410355215142917,1,5,3.4857098103088133
22,CS-STATE_ART-SCSA_PLUS_V3,1369437537907978245,2,3,0.3154836435184361
22,CS-STATE_ART-SCSA_PLUS_V3,1369103243960258562,3,4,0.20897478830966315
22,CS-STATE_ART-SCSA_PLUS_V3,1369483561938649089,4,4,-0.9063516391586179
22,CS-STATE_ART-SCSA_PLUS_V3,1369567942690635778,5,5,-1.1948659822641592
22,CS-STATE_ART-SCSA_PLUS_V3,1369505213904748554,6,5,-1.3344785956714473
22,CS-STATE_ART-SCSA_PLUS_V3,1369259204725387266,7,5,-1.4484202329441143
22,CS-STATE_ART-SCSA_PLUS_V3,1369396362840858635,8,3,-1.9463340384095071
22,CS-STATE_ART-SCSA_PLUS_V3,1369538412961730562,9,3,-2.1242212877881252
22,CS-STATE_ART-SCSA_PLUS_V3,1369402883704229892,10,5,-3.665088748864799
23,CS-STATE_ART-SCSA_PLUS_V3,1303724853120217088,1,4,1.7237237615609673
23,CS-STATE_ART-SCSA_PLUS_V3,1349391558269923330,2,4,1.0311842287116635
23,CS-STATE_ART-SCSA_PLUS_V3,1325995532259561473,3,5,0.9996613554816638
23,CS-STATE_ART-SCSA_PLUS_V3,1307054698931912706,4,4,0.8144617494178938
23,CS-STATE_ART-SCSA_PLUS_V3,1367852411017031682,5,4,0.40881712290203515
23,CS-STATE_ART-SCSA_PLUS_V3,1319019864212713472,6,4,0.20320312458131234
23,CS-STATE_ART-SCSA_PLUS_V3,1354509947288088576,7,4,0.04483022519238825
23,CS-STATE_ART-SCSA_PLUS_V3,1322232908141113344,8,5,-0.39454806398423303
23,CS-STATE_ART-SCSA_PLUS_V3,1326932771240095749,9,4,-0.41135049744001206
23,CS-STATE_ART-SCSA_PLUS_V3,1335651231759552514,10,4,-1.170747960029594
24,CS-STATE_ART-SCSA_PLUS_V3,1369087867939659782,1,5,0.44082105491621415
24,CS-STATE_ART-SCSA_PLUS_V3,1357647227808841728,2,3,0.18073667149635622
24,CS-STATE_ART-SCSA_PLUS_V3,1326957720759541761,3,5,0.11094615080602054
24,CS-STATE_ART-SCSA_PLUS_V3,1350865539091066881,4,4,0.08937396373738687
24,CS-STATE_ART-SCSA_PLUS_V3,1362902698585071617,5,4,-0.04493230657032361
24,CS-STATE_ART-SCSA_PLUS_V3,1363172378843389952,6,5,-0.0814340873216249
24,CS-STATE_ART-SCSA_PLUS_V3,1330948472992776193,7,5,-0.23831313790385283
24,CS-STATE_ART-SCSA_PLUS_V3,1319639717906821121,8,4,-0.9408035467005211
24,CS-STATE_ART-SCSA_PLUS_V3,1369308139158446081,9,5,-1.2077944859663825
24,CS-STATE_ART-SCSA_PLUS_V3,1358898413136396288,10,5,-1.310758717959117
25,CS-STATE_ART-SCSA_PLUS_V3,1369569728541425667,1,5,-0.12356354871626618
25,CS-STATE_ART-SCSA_PLUS_V3,1369547930550611968,2,5,-0.385084127295205
25,CS-STATE_ART-SCSA_PLUS_V3,1369571000212463617,3,5,-0.7259021379415751
25,CS-STATE_ART-SCSA_PLUS_V3,1369043756486377472,4,5,-1.7555272613528474
25,CS-STATE_ART-SCSA_PLUS_V3,1369563665867898882,5,5,-1.9294593418473525
25,CS-STATE_ART-SCSA_PLUS_V3,1370125729199980545,6,5,-2.8867221207992237
25,CS-STATE_ART-SCSA_PLUS_V3,1369560664142970881,7,5,-4.262890400843112
25,CS-STATE_ART-SCSA_PLUS_V3,1369600442322333699,8,5,-4.2629168670866635
25,CS-STATE_ART-SCSA_PLUS_V3,1369579853612281860,9,5,-6.860426889961051
25,CS-STATE_ART-SCSA_PLUS_V3,1369377505224884227,10,5,-13.017482558320262
26,CS-STATE_ART-SCSA_PLUS_V3,1369636752336490497,1,4,0.7141655261194071
26,CS-STATE_ART-SCSA_PLUS_V3,1329540885055356928,2,3,0.5824686395258651
26,CS-STATE_ART-SCSA_PLUS_V3,1369296706836250624,3,4,0.2940321060375578
26,CS-STATE_ART-SCSA_PLUS_V3,1360897085856313349,4,4,0.07763686918085588
26,CS-STATE_ART-SCSA_PLUS_V3,1367541147787223041,5,4,-0.34440411825413697
26,CS-STATE_ART-SCSA_PLUS_V3,1368758876015910915,6,4,-0.4358313713645691
26,CS-STATE_ART-SCSA_PLUS_V3,1349449506136330241,7,3,-0.6673027937395511
26,CS-STATE_ART-SCSA_PLUS_V3,1348680358619992071,8,3,-0.8538258697868809
26,CS-STATE_ART-SCSA_PLUS_V3,1359141009272184832,9,3,-0.9341182727893325
26,CS-STATE_ART-SCSA_PLUS_V3,1369030449398509568,10,4,-1.5453681539823623
27,CS-STATE_ART-SCSA_PLUS_V3,1369608851306278914,1,5,0.6631955990872248
27,CS-STATE_ART-SCSA_PLUS_V3,1369571760140615684,2,4,0.11500983752366875
27,CS-STATE_ART-SCSA_PLUS_V3,1370035059495993348,3,1,-0.012768500069610052
27,CS-STATE_ART-SCSA_PLUS_V3,1369400099223207936,4,1,-0.3928882703819368
27,CS-STATE_ART-SCSA_PLUS_V3,1369455485615759360,5,4,-1.0789383930153462
27,CS-STATE_ART-SCSA_PLUS_V3,1368269027596976129,6,1,-1.0885591177958942
27,CS-STATE_ART-SCSA_PLUS_V3,1369975631744802817,7,1,-1.1054036849937552
27,CS-STATE_ART-SCSA_PLUS_V3,1369303761097785344,8,5,-1.8679506747176886
27,CS-STATE_ART-SCSA_PLUS_V3,1369528722538328068,9,4,-4.518491430129252
27,CS-STATE_ART-SCSA_PLUS_V3,1369370948634312710,10,1,-9.104238061383185
28,CS-STATE_ART-SCSA_PLUS_V3,1332672152995291138,1,2,3.5397127436153477
28,CS-STATE_ART-SCSA_PLUS_V3,1333791058765901825,2,2,1.8493470837468857
28,CS-STATE_ART-SCSA_PLUS_V3,1313864060669026304,3,1,1.8357038291903522
28,CS-STATE_ART-SCSA_PLUS_V3,1355246647446544384,4,5,0.24430885258697843
28,CS-STATE_ART-SCSA_PLUS_V3,1306669595525226500,5,3,0.24157841704891211
28,CS-STATE_ART-SCSA_PLUS_V3,1329848482446905349,6,5,0.18883325473155965
28,CS-STATE_ART-SCSA_PLUS_V3,1361498566024302597,7,5,-0.10095672154983262
28,CS-STATE_ART-SCSA_PLUS_V3,1366441855416627200,8,5,-0.10132161462648402
28,CS-STATE_ART-SCSA_PLUS_V3,1329469491961503747,9,5,-0.37988210508201703
28,CS-STATE_ART-SCSA_PLUS_V3,1311335003599433733,10,5,-0.9255407263519764
29,CS-STATE_ART-SCSA_PLUS_V3,1368855703612448768,1,3,1.7443398247329795
29,CS-STATE_ART-SCSA_PLUS_V3,1366212322436423682,2,4,0.8467181354717586
29,CS-STATE_ART-SCSA_PLUS_V3,1331046811704958985,3,3,0.5397247971748492
29,CS-STATE_ART-SCSA_PLUS_V3,1261295911185068033,4,4,0.46351825202937
29,CS-STATE_ART-SCSA_PLUS_V3,1368840460198838272,5,3,0.25922409750925507
29,CS-STATE_ART-SCSA_PLUS_V3,1120471100532625410,6,5,0.16757895659403554
29,CS-STATE_ART-SCSA_PLUS_V3,1250915381646176262,7,3,-0.18366784367245081
29,CS-STATE_ART-SCSA_PLUS_V3,1341859235756453889,8,3,-0.6810831667045678
29,CS-STATE_ART-SCSA_PLUS_V3,1245049389250273280,9,3,-0.7892578766303529
29,CS-STATE_ART-SCSA_PLUS_V3,1366184948244176899,10,3,-0.9187953428646884
30,CS-STATE_ART-SCSA_PLUS_V3,1368741071870562307,1,3,0.5361446403236556
30,CS-STATE_ART-SCSA_PLUS_V3,1367214933423706113,2,3,-0.14135688915861525
30,CS-STATE_ART-SCSA_PLUS_V3,1322524023117533184,3,4,-0.21715876514500934
30,CS-STATE_ART-SCSA_PLUS_V3,1369605185455017984,4,5,-0.37236686360987364
30,CS-STATE_ART-SCSA_PLUS_V3,1363171557250596864,5,3,-0.5450230401091017
30,CS-STATE_ART-SCSA_PLUS_V3,1290776688284954625,6,3,-0.6730847650432618
30,CS-STATE_ART-SCSA_PLUS_V3,1139203333607043073,7,4,-0.8506834449098917
30,CS-STATE_ART-SCSA_PLUS_V3,1329121235423297537,8,5,-0.8973820911168598
30,CS-STATE_ART-SCSA_PLUS_V3,968536670105726977,9,4,-1.908025071047663
30,CS-STATE_ART-SCSA_PLUS_V3,1369307789932265473,10,5,-1.9655655320493444
31,CS-STATE_ART-SCSA_PLUS_V3,1369463119479734274,1,4,0.5937977884590032
31,CS-STATE_ART-SCSA_PLUS_V3,1369087867939659782,2,3,0.44082105491621415
31,CS-STATE_ART-SCSA_PLUS_V3,1369075112432046081,3,1,0.35993167295006284
31,CS-STATE_ART-SCSA_PLUS_V3,1369304506064908290,4,3,-0.5830569125530717
31,CS-STATE_ART-SCSA_PLUS_V3,1369649450688409604,5,3,-0.6520563298955365
31,CS-STATE_ART-SCSA_PLUS_V3,1365459905717678084,6,3,-1.1040828300766448
31,CS-STATE_ART-SCSA_PLUS_V3,1362439231080169474,7,3,-1.139261783482881
31,CS-STATE_ART-SCSA_PLUS_V3,973719108515717120,8,3,-1.3408966056334262
31,CS-STATE_ART-SCSA_PLUS_V3,976286019904401408,9,4,-2.4154392659003925
31,CS-STATE_ART-SCSA_PLUS_V3,1364961278729551872,10,4,-2.644247550637665
32,CS-STATE_ART-SCSA_PLUS_V3,1368911960478257153,1,2,1.9283559992592394
32,CS-STATE_ART-SCSA_PLUS_V3,1367113449394765824,2,3,0.28972260553590484
32,CS-STATE_ART-SCSA_PLUS_V3,1369169336326316036,3,4,0.147052437388808
32,CS-STATE_ART-SCSA_PLUS_V3,976304255685423104,4,4,-0.01086643537456573
32,CS-STATE_ART-SCSA_PLUS_V3,1369368976128679940,5,4,-0.2568617239434402
32,CS-STATE_ART-SCSA_PLUS_V3,1369148225433788417,6,2,-0.4510041023913007
32,CS-STATE_ART-SCSA_PLUS_V3,1367133454241046531,7,4,-0.4636522572640921
32,CS-STATE_ART-SCSA_PLUS_V3,1369533603194040320,8,2,-1.0942954403670055
32,CS-STATE_ART-SCSA_PLUS_V3,1369357633283620870,9,3,-1.6172284039171263
32,CS-STATE_ART-SCSA_PLUS_V3,1367444872903462913,10,4,-2.7907394510124477
33,CS-STATE_ART-SCSA_PLUS_V3,1368604102989541376,1,2,0.15492941898078222
33,CS-STATE_ART-SCSA_PLUS_V3,1369566623913369603,2,4,-0.12635298856295935
33,CS-STATE_ART-SCSA_PLUS_V3,1369321348783345674,3,4,-0.767420247624624
33,CS-STATE_ART-SCSA_PLUS_V3,1369269245704630276,4,2,-1.1164458368120729
33,CS-STATE_ART-SCSA_PLUS_V3,1369547940017147907,5,3,-1.2251300772801237
33,CS-STATE_ART-SCSA_PLUS_V3,1369362400403726350,6,4,-1.882928825929522
33,CS-STATE_ART-SCSA_PLUS_V3,1369605923732393985,7,2,-2.1215625878659625
33,CS-STATE_ART-SCSA_PLUS_V3,1369356888568197133,8,3,-2.3538565940633247
33,CS-STATE_ART-SCSA_PLUS_V3,1369450685708857348,9,3,-2.507537572567471
33,CS-STATE_ART-SCSA_PLUS_V3,1369366150237351943,10,3,-12.020365991534298
34,CS-STATE_ART-SCSA_PLUS_V3,1369585318521802763,1,4,-0.558712306973454
34,CS-STATE_ART-SCSA_PLUS_V3,1369968831666487296,2,3,-1.3249451826027907
34,CS-STATE_ART-SCSA_PLUS_V3,1369536457992470528,3,4,-1.4811060404193634
34,CS-STATE_ART-SCSA_PLUS_V3,1369475595466375169,4,3,-1.6609132656016656
34,CS-STATE_ART-SCSA_PLUS_V3,1370057097107345411,5,3,-2.043873465251001
34,CS-STATE_ART-SCSA_PLUS_V3,1370017497710215170,6,2,-2.3056558423406206
34,CS-STATE_ART-SCSA_PLUS_V3,1369460811760988160,7,4,-3.372878904360285
34,CS-STATE_ART-SCSA_PLUS_V3,1369404129643216897,8,3,-3.4795514963889405
34,CS-STATE_ART-SCSA_PLUS_V3,1369270015699136512,9,2,-3.7136364510393776
34,CS-STATE_ART-SCSA_PLUS_V3,1369460521846575104,10,2,-4.268116198499083
35,CS-STATE_ART-SCSA_PLUS_V3,1337396723610771457,1,1,2.434779615578899
35,CS-STATE_ART-SCSA_PLUS_V3,1322493521245298689,2,1,1.07194210649672
35,CS-STATE_ART-SCSA_PLUS_V3,1330209367002472448,3,1,0.9503559109445263
35,CS-STATE_ART-SCSA_PLUS_V3,1287306318961872896,4,1,0.61355922873577
35,CS-STATE_ART-SCSA_PLUS_V3,1152351180225335296,5,2,0.20954314761370846
35,CS-STATE_ART-SCSA_PLUS_V3,1272336376927666176,6,2,0.15834536151235978
35,CS-STATE_ART-SCSA_PLUS_V3,1189249540412624898,7,2,0.0983283081488404
35,CS-STATE_ART-SCSA_PLUS_V3,1363561378552958976,8,3,0.010435976030854556
35,CS-STATE_ART-SCSA_PLUS_V3,1285629613067038720,9,2,-0.03501845665087274
35,CS-STATE_ART-SCSA_PLUS_V3,1362483585169686531,10,2,-0.34266508178053395
36,CS-STATE_ART-SCSA_PLUS_V3,1055619307084800000,1,4,4.073839413237508
36,CS-STATE_ART-SCSA_PLUS_V3,1320726746329743363,2,5,1.7804589854524047
36,CS-STATE_ART-SCSA_PLUS_V3,1146224584443727872,3,3,1.456026363289658
36,CS-STATE_ART-SCSA_PLUS_V3,1307801712107966476,4,5,0.9227404071536376
36,CS-STATE_ART-SCSA_PLUS_V3,1350865539091066881,5,5,0.08937396373738687
36,CS-STATE_ART-SCSA_PLUS_V3,1334214244632580097,6,4,-0.2449535814365974
36,CS-STATE_ART-SCSA_PLUS_V3,1337102280059834370,7,5,-0.7034960145974156
36,CS-STATE_ART-SCSA_PLUS_V3,1254427280794845185,8,5,-1.140798197514416
36,CS-STATE_ART-SCSA_PLUS_V3,1338550048892710913,9,5,-1.5344351159615524
36,CS-STATE_ART-SCSA_PLUS_V3,1319321276171759617,10,5,-1.6176735915961549
37,CS-STATE_ART-SCSA_PLUS_V3,1351923223638794246,1,1,1.6877110758994331
37,CS-STATE_ART-SCSA_PLUS_V3,1331689113494446085,2,1,1.5891790465367919
37,CS-STATE_ART-SCSA_PLUS_V3,1367114880378146824,3,1,0.6193438789175497
37,CS-STATE_ART-SCSA_PLUS_V3,1328065268942336000,4,4,0.4476119319357031
37,CS-STATE_ART-SCSA_PLUS_V3,1349775316366090242,5,4,0.3437537516785507
37,CS-STATE_ART-SCSA_PLUS_V3,1152354497189965824,6,1,-0.561839752038371
37,CS-STATE_ART-SCSA_PLUS_V3,1329150877941305345,7,3,-0.7441482035121864
37,CS-STATE_ART-SCSA_PLUS_V3,1356264437729124353,8,1,-0.8872653503020096
37,CS-STATE_ART-SCSA_PLUS_V3,1364320994337427461,9,3,-1.1481070041472603
37,CS-STATE_ART-SCSA_PLUS_V3,1365407295384018947,10,1,-1.5112993212704755
38,CS-STATE_ART-SCSA_PLUS_V3,1329140321402445824,1,5,0.10155675003258427
38,CS-STATE_ART-SCSA_PLUS_V3,1369036451845869573,2,5,0.039768924436841505
38,CS-STATE_ART-SCSA_PLUS_V3,1368999972792844292,3,5,-0.06705899930974844
38,CS-STATE_ART-SCSA_PLUS_V3,1352922753565863936,4,4,-0.18268332968968665
38,CS-STATE_ART-SCSA_PLUS_V3,1361209516277174279,5,5,-0.49845247740410137
38,CS-STATE_ART-SCSA_PLUS_V3,1369521918412472320,6,5,-0.7758018253650107
38,CS-STATE_ART-SCSA_PLUS_V3,1369499281833537540,7,5,-1.0100426720295603
38,CS-STATE_ART-SCSA_PLUS_V3,1363322581076619265,8,5,-1.0448338071357386
38,CS-STATE_ART-SCSA_PLUS_V3,1367625947462184961,9,5,-1.3560418440561621
38,CS-STATE_ART-SCSA_PLUS_V3,1369181189932777474,10,5,-1.788744767211098
39,CS-STATE_ART-SCSA_PLUS_V3,421376352319983617,1,4,0.49075179205224184
39,CS-STATE_ART-SCSA_PLUS_V3,423131090803777536,2,5,0.01820205137590613
39,CS-STATE_ART-SCSA_PLUS_V3,1369135857110638592,3,5,-0.18459674768220555
39,CS-STATE_ART-SCSA_PLUS_V3,1369414843720208384,4,4,-0.3470461843806012
39,CS-STATE_ART-SCSA_PLUS_V3,1368772235683586050,5,3,-0.5271052242730173
39,CS-STATE_ART-SCSA_PLUS_V3,1368487216775893000,6,5,-0.5918737407629174
39,CS-STATE_ART-SCSA_PLUS_V3,1369575294806425603,7,5,-0.6585218463141133
39,CS-STATE_ART-SCSA_PLUS_V3,1364156801109938178,8,4,-0.8377776330088605
39,CS-STATE_ART-SCSA_PLUS_V3,1364908035932569600,9,5,-1.9159082518703818
39,CS-STATE_ART-SCSA_PLUS_V3,1366870970351427588,10,5,-2.134513073372507
40,CS-STATE_ART-SCSA_PLUS_V3,1320019327425286144,1,5,1.0022679898072626
40,CS-STATE_ART-SCSA_PLUS_V3,1359946667429093378,2,2,0.6531365800276614
40,CS-STATE_ART-SCSA_PLUS_V3,1341514552819724288,3,3,0.6220493707403213
40,CS-STATE_ART-SCSA_PLUS_V3,1341428444190617600,4,2,0.5337115163111246
40,CS-STATE_ART-SCSA_PLUS_V3,1363945864633401344,5,5,0.30292164233922114
40,CS-STATE_ART-SCSA_PLUS_V3,1336775151128518656,6,5,-0.3160863989106758
40,CS-STATE_ART-SCSA_PLUS_V3,1337106387751620613,7,1,-0.6632773804383324
40,CS-STATE_ART-SCSA_PLUS_V3,1338592930022363139,8,5,-0.9213822114451771
40,CS-STATE_ART-SCSA_PLUS_V3,1319756701126459398,9,5,-2.7542120396589413
40,CS-STATE_ART-SCSA_PLUS_V3,1354759783157534720,10,2,-3.136196932211585
41,CS-STATE_ART-SCSA_PLUS_V3,1356407112385982464,1,1,20.246710094723326
41,CS-STATE_ART-SCSA_PLUS_V3,1342918732486594560,2,3,12.62738616327516
41,CS-STATE_ART-SCSA_PLUS_V3,1316771044049391617,3,1,4.203191111942101
41,CS-STATE_ART-SCSA_PLUS_V3,1367522051762757632,4,3,1.2962794066124237
41,CS-STATE_ART-SCSA_PLUS_V3,1364711711891206151,5,5,0.5549486625201807
41,CS-STATE_ART-SCSA_PLUS_V3,1368999845856436224,6,3,0.4379497398594536
41,CS-STATE_ART-SCSA_PLUS_V3,1291753980247375873,7,4,0.38566777978564887
41,CS-STATE_ART-SCSA_PLUS_V3,1365710371206488066,8,5,0.37658348466181446
41,CS-STATE_ART-SCSA_PLUS_V3,1367295825731227650,9,1,0.2572409969737445
41,CS-STATE_ART-SCSA_PLUS_V3,1350629002302550016,10,1,-2.698117590563856
42,CS-STATE_ART-SCSA_PLUS_V3,1361692398867402752,1,5,2.7097150294572097
42,CS-STATE_ART-SCSA_PLUS_V3,1316378741061320711,2,5,0.7565363360776871
42,CS-STATE_ART-SCSA_PLUS_V3,1369104826869506049,3,2,0.562555627420693
42,CS-STATE_ART-SCSA_PLUS_V3,1350632339206901761,4,2,0.4319187594836833
42,CS-STATE_ART-SCSA_PLUS_V3,1367351364477624321,5,5,0.38472835789978177
42,CS-STATE_ART-SCSA_PLUS_V3,1283200387101712384,6,1,0.2549601895301651
42,CS-STATE_ART-SCSA_PLUS_V3,1356256641814065162,7,5,0.08435795015541352
42,CS-STATE_ART-SCSA_PLUS_V3,1242185573193768960,8,5,-0.7933047489095182
42,CS-STATE_ART-SCSA_PLUS_V3,1325114525104758784,9,1,-0.9906313105810025
42,CS-STATE_ART-SCSA_PLUS_V3,1364632186884939780,10,1,-1.4956580383351892
43,CS-STATE_ART-SCSA_PLUS_V3,1358058477785120769,1,2,21.322423159682934
43,CS-STATE_ART-SCSA_PLUS_V3,1334724211689074688,2,2,5.430779848719928
43,CS-STATE_ART-SCSA_PLUS_V3,1316909183225286657,3,2,2.6523770218620704
43,CS-STATE_ART-SCSA_PLUS_V3,1290389884927000582,4,2,1.4960332191364811
43,CS-STATE_ART-SCSA_PLUS_V3,1363674987626856448,5,2,1.2737045904905002
43,CS-STATE_ART-SCSA_PLUS_V3,1332420899471990786,6,3,0.9881948167640616
43,CS-STATE_ART-SCSA_PLUS_V3,1349775316366090242,7,2,0.3437537516785507
43,CS-STATE_ART-SCSA_PLUS_V3,1365178104310763520,8,2,0.3028220403772718
43,CS-STATE_ART-SCSA_PLUS_V3,1359547910619344904,9,2,0.17854554893454622
43,CS-STATE_ART-SCSA_PLUS_V3,1334706123971162115,10,2,-0.47847121446422775
44,CS-STATE_ART-SCSA_PLUS_V3,1369102305748992003,1,2,-0.0673006649022767
44,CS-STATE_ART-SCSA_PLUS_V3,1370028580516732943,2,3,-0.4595361835545912
44,CS-STATE_ART-SCSA_PLUS_V3,1369332550347407367,3,5,-1.0075012005620008
44,CS-STATE_ART-SCSA_PLUS_V3,1369609984468783107,4,3,-2.9940042082564085
44,CS-STATE_ART-SCSA_PLUS_V3,1369398802537476096,5,3,-3.2424203064980825
44,CS-STATE_ART-SCSA_PLUS_V3,1369546496165765121,6,3,-4.443740923659619
44,CS-STATE_ART-SCSA_PLUS_V3,1369434342053806090,7,2,-4.466303907616872
44,CS-STATE_ART-SCSA_PLUS_V3,1369449199343960065,8,5,-5.603332803967148
44,CS-STATE_ART-SCSA_PLUS_V3,1369457998523949060,9,5,-8.323328955794963
44,CS-STATE_ART-SCSA_PLUS_V3,1369377939381497859,10,5,-10.096472636049736
45,CS-STATE_ART-SCSA_PLUS_V3,1358213026541834240,1,4,1.7757607310983303
45,CS-STATE_ART-SCSA_PLUS_V3,1366899538502426633,2,5,1.7208673787790654
45,CS-STATE_ART-SCSA_PLUS_V3,1269780932891774976,3,4,0.6071161819784907
45,CS-STATE_ART-SCSA_PLUS_V3,1179754999171047425,4,5,0.13000163326032213
45,CS-STATE_ART-SCSA_PLUS_V3,1335107635767439361,5,4,0.06871453017499794
45,CS-STATE_ART-SCSA_PLUS_V3,1330308453508800527,6,3,-0.10015585243687332
45,CS-STATE_ART-SCSA_PLUS_V3,1359267423346716677,7,4,-0.4375373565509426
45,CS-STATE_ART-SCSA_PLUS_V3,1264644362731913216,8,5,-0.6152175944547245
45,CS-STATE_ART-SCSA_PLUS_V3,1174371887159242752,9,4,-0.6291717111760758
45,CS-STATE_ART-SCSA_PLUS_V3,1353755766625234944,10,5,-1.052700138107853
46,CS-STATE_ART-SCSA_PLUS_V3,1369440894961786880,1,4,0.12031957541806965
46,CS-STATE_ART-SCSA_PLUS_V3,1369596392834932746,2,4,0.04395763873512038
46,CS-STATE_ART-SCSA_PLUS_V3,1369432600448745472,3,3,-0.4397069764681406
46,CS-STATE_ART-SCSA_PLUS_V3,1369551925285449729,4,3,-0.6382308236506835
46,CS-STATE_ART-SCSA_PLUS_V3,1368340015001042945,5,4,-0.7668443478889838
46,CS-STATE_ART-SCSA_PLUS_V3,1369106243755900928,6,3,-0.832334372769189
46,CS-STATE_ART-SCSA_PLUS_V3,1369121138861891587,7,2,-1.009380234770235
46,CS-STATE_ART-SCSA_PLUS_V3,1369593103208886276,8,3,-1.6628261619098483
46,CS-STATE_ART-SCSA_PLUS_V3,1369498268011552768,9,3,-2.19302333879383
46,CS-STATE_ART-SCSA_PLUS_V3,1369332242410049546,10,5,-3.034079244070305
47,CS-STATE_ART-SCSA_PLUS_V3,1368234120082554894,1,5,1.2221980179903191
47,CS-STATE_ART-SCSA_PLUS_V3,1369347272975282184,2,5,1.0708740132664114
47,CS-STATE_ART-SCSA_PLUS_V3,1367862841907294209,3,5,0.7518977890871412
47,CS-STATE_ART-SCSA_PLUS_V3,1349775316366090242,4,3,0.3437537516785507
47,CS-STATE_ART-SCSA_PLUS_V3,1368487188724350976,5,5,0.05034280407520026
47,CS-STATE_ART-SCSA_PLUS_V3,1369276490832023555,6,5,-0.6572771010990455
47,CS-STATE_ART-SCSA_PLUS_V3,1369397637267488772,7,5,-1.5703830601727922
47,CS-STATE_ART-SCSA_PLUS_V3,1369391021642158086,8,5,-1.7033312244978769
47,CS-STATE_ART-SCSA_PLUS_V3,1368174374247923712,9,5,-1.7869251171427254
47,CS-STATE_ART-SCSA_PLUS_V3,1369411191316025345,10,5,-2.8585337546023326
48,CS-STATE_ART-SCSA_PLUS_V3,1369456184554569731,1,5,-0.2653593223950942
48,CS-STATE_ART-SCSA_PLUS_V3,1369460712054153219,2,5,-0.512522797406116
48,CS-STATE_ART-SCSA_PLUS_V3,1369570221162459143,3,5,-1.133160178915643
48,CS-STATE_ART-SCSA_PLUS_V3,1369517501248372738,4,5,-1.6535455202151172
48,CS-STATE_ART-SCSA_PLUS_V3,1369321844449361921,5,5,-2.0541579177949956
48,CS-STATE_ART-SCSA_PLUS_V3,1369570003729649671,6,5,-2.2472095820654605
48,CS-STATE_ART-SCSA_PLUS_V3,1369489233153515523,7,5,-2.3688260857613326
48,CS-STATE_ART-SCSA_PLUS_V3,1369294887481450502,8,5,-2.4462131830413565
48,CS-STATE_ART-SCSA_PLUS_V3,1369592804683419651,9,5,-2.4818435448742346
48,CS-STATE_ART-SCSA_PLUS_V3,1369528480627650560,10,5,-8.148917761669535
49,CS-STATE_ART-SCSA_PLUS_V3,1306044998408904704,1,5,2.9310038191394905
49,CS-STATE_ART-SCSA_PLUS_V3,1334926517722378242,2,3,0.6148222425102308
49,CS-STATE_ART-SCSA_PLUS_V3,1368669282452840452,3,2,0.502765765194332
49,CS-STATE_ART-SCSA_PLUS_V3,1316050559518949376,4,5,0.05770135078052982
49,CS-STATE_ART-SCSA_PLUS_V3,1183046883347841024,5,5,-0.07297516330214542
49,CS-STATE_ART-SCSA_PLUS_V3,1259322582949679104,6,5,-0.37121850857103755
49,CS-STATE_ART-SCSA_PLUS_V3,1184552999428866048,7,5,-0.849447529577848
49,CS-STATE_ART-SCSA_PLUS_V3,1273665566763433984,8,5,-1.6224751421914094
49,CS-STATE_ART-SCSA_PLUS_V3,1368483092252401666,9,5,-1.7307940844603187
49,CS-STATE_ART-SCSA_PLUS_V3,1271193376147177472,10,5,-2.9242620441295983
50,CS-STATE_ART-SCSA_PLUS_V3,1368697794417065992,1,4,-0.24366994373772016
50,CS-STATE_ART-SCSA_PLUS_V3,1369266567423397891,2,4,-0.6112697821954519
50,CS-STATE_ART-SCSA_PLUS_V3,1369189230489001991,3,4,-0.7343556332921634
50,CS-STATE_ART-SCSA_PLUS_V3,1369596898127077379,4,2,-0.9032838867542456
50,CS-STATE_ART-SCSA_PLUS_V3,1369430517381267460,5,3,-1.0684315402049809
50,CS-STATE_ART-SCSA_PLUS_V3,1369559628183445504,6,3,-1.256732762674072
50,CS-STATE_ART-SCSA_PLUS_V3,1369569992732250114,7,4,-1.5242043360587365
50,CS-STATE_ART-SCSA_PLUS_V3,1369425009303822344,8,4,-1.8615104917929264
50,CS-STATE_ART-SCSA_PLUS_V3,1369469059427893249,9,4,-2.4370766399185273
50,CS-STATE_ART-SCSA_PLUS_V3,1369617901678964736,10,3,-2.546188348007645
51,CS-STATE_ART-SCSA_PLUS_V3,1366830686498217984,1,5,3.376015366335125
51,CS-STATE_ART-SCSA_PLUS_V3,1366768521854656512,2,5,3.3673810653005556
51,CS-STATE_ART-SCSA_PLUS_V3,1330194382914514949,3,5,3.041738145331696
51,CS-STATE_ART-SCSA_PLUS_V3,1315366562069700616,4,2,1.3904025848950947
51,CS-STATE_ART-SCSA_PLUS_V3,1367197078829506565,5,5,0.3596768248698819
51,CS-STATE_ART-SCSA_PLUS_V3,1368751184434040836,6,3,0.2187399595329985
51,CS-STATE_ART-SCSA_PLUS_V3,1368747076528578560,7,3,-0.9785474964498226
51,CS-STATE_ART-SCSA_PLUS_V3,1327280720084164608,8,3,-0.9810161902934944
51,CS-STATE_ART-SCSA_PLUS_V3,1369056709117808640,9,5,-1.7491500981055248
51,CS-STATE_ART-SCSA_PLUS_V3,1328413175620964353,10,5,-6.8780929853896495
53,CS-STATE_ART-SCSA_PLUS_V3,1369459006129930241,1,1,3.476052109755813
53,CS-STATE_ART-SCSA_PLUS_V3,1366209721124839425,2,2,0.9803296699144675
53,CS-STATE_ART-SCSA_PLUS_V3,1366827740175896578,3,1,0.8904677899527282
53,CS-STATE_ART-SCSA_PLUS_V3,1365708399791505416,4,1,0.5519583363863759
53,CS-STATE_ART-SCSA_PLUS_V3,1361767244125110275,5,1,0.28835771627763945
53,CS-STATE_ART-SCSA_PLUS_V3,1367243228701892609,6,1,-0.19539792888422897
53,CS-STATE_ART-SCSA_PLUS_V3,1368614821147598851,7,1,-0.2628788092811815
53,CS-STATE_ART-SCSA_PLUS_V3,1367912923641737216,8,1,-0.5414017634726082
53,CS-STATE_ART-SCSA_PLUS_V3,1369050447797907460,9,1,-0.7408127177238647
53,CS-STATE_ART-SCSA_PLUS_V3,1367212776641359872,10,1,-0.8594103065586312
54,CS-STATE_ART-SCSA_PLUS_V3,1369459006129930241,1,2,3.476052109755813
54,CS-STATE_ART-SCSA_PLUS_V3,1367532286359445510,2,2,3.4163364206883995
54,CS-STATE_ART-SCSA_PLUS_V3,1367548427370786816,3,5,0.8884734664520694
54,CS-STATE_ART-SCSA_PLUS_V3,1326615477037142016,4,2,0.23274801837862952
54,CS-STATE_ART-SCSA_PLUS_V3,1367837304509915140,5,5,-0.07518376784369181
54,CS-STATE_ART-SCSA_PLUS_V3,1367243228701892609,6,5,-0.19539792888422897
54,CS-STATE_ART-SCSA_PLUS_V3,1368614821147598851,7,1,-0.2628788092811815
54,CS-STATE_ART-SCSA_PLUS_V3,1369050447797907460,8,2,-0.7408127177238647
54,CS-STATE_ART-SCSA_PLUS_V3,1277164459446931456,9,2,-1.2610876844019123
54,CS-STATE_ART-SCSA_PLUS_V3,1366425498226593793,10,3,-1.4692627400012352
55,CS-STATE_ART-SCSA_PLUS_V3,1367288053547626496,1,5,3.479298593447532
55,CS-STATE_ART-SCSA_PLUS_V3,1366604627689496580,2,5,2.0503713456379686
55,CS-STATE_ART-SCSA_PLUS_V3,1367266920689459202,3,5,1.0795819747479323
55,CS-STATE_ART-SCSA_PLUS_V3,1367862841907294209,4,5,0.7518977890871412
55,CS-STATE_ART-SCSA_PLUS_V3,1251269832122777600,5,5,0.6278219709671511
55,CS-STATE_ART-SCSA_PLUS_V3,1367842722678247427,6,5,0.4730259973375087
55,CS-STATE_ART-SCSA_PLUS_V3,1366585340849491972,7,5,-0.003311151372341286
55,CS-STATE_ART-SCSA_PLUS_V3,1299755874915942401,8,5,-0.160732823267043
55,CS-STATE_ART-SCSA_PLUS_V3,1369343726611529728,9,5,-1.189975526890872
55,CS-STATE_ART-SCSA_PLUS_V3,1368174374247923712,10,5,-1.7869251171427254
57,CS-STATE_ART-SCSA_PLUS_V3,1369569728541425667,1,4,-0.12356354871626618
57,CS-STATE_ART-SCSA_PLUS_V3,1369433577339957248,2,4,-0.2085699170349437
57,CS-STATE_ART-SCSA_PLUS_V3,1369572554969583617,3,3,-0.8228629325988118
57,CS-STATE_ART-SCSA_PLUS_V3,1368935548694519808,4,3,-0.8687066064524073
57,CS-STATE_ART-SCSA_PLUS_V3,1369407674366976007,5,1,-1.2802806135702027
57,CS-STATE_ART-SCSA_PLUS_V3,1369423783086460937,6,3,-1.6725161775981663
57,CS-STATE_ART-SCSA_PLUS_V3,1369563665867898882,7,4,-1.9294593418473525
57,CS-STATE_ART-SCSA_PLUS_V3,1369335967618904068,8,3,-3.785694492941156
57,CS-STATE_ART-SCSA_PLUS_V3,1369560664142970881,9,4,-4.262890400843112
57,CS-STATE_ART-SCSA_PLUS_V3,1369595394045444097,10,3,-4.852013814267501
58,CS-STATE_ART-SCSA_PLUS_V3,1365436528865005568,1,5,3.3740348663917534
58,CS-STATE_ART-SCSA_PLUS_V3,1364274434111062018,2,5,2.019159720988247
58,CS-STATE_ART-SCSA_PLUS_V3,1362410505365839874,3,5,1.7465499519344199
58,CS-STATE_ART-SCSA_PLUS_V3,1366889537616498688,4,3,0.31441830479085087
58,CS-STATE_ART-SCSA_PLUS_V3,1365979945470582784,5,5,0.2570177891507939
58,CS-STATE_ART-SCSA_PLUS_V3,1369090194847186944,6,4,-0.008911294418991066
58,CS-STATE_ART-SCSA_PLUS_V3,1360763643135070209,7,3,-0.5333532254760107
58,CS-STATE_ART-SCSA_PLUS_V3,1367973079624876035,8,5,-1.0347568635882605
58,CS-STATE_ART-SCSA_PLUS_V3,1367536592617959425,9,5,-1.1978917138984684
58,CS-STATE_ART-SCSA_PLUS_V3,1361311529392623617,10,5,-1.2236077194022987
60,CS-STATE_ART-SCSA_PLUS_V3,1367236148385304576,1,5,1.7651585101049705
60,CS-STATE_ART-SCSA_PLUS_V3,1368328702002671626,2,5,0.4327199846214929
60,CS-STATE_ART-SCSA_PLUS_V3,1365693174493151234,3,5,0.1699537376371918
60,CS-STATE_ART-SCSA_PLUS_V3,1366503879983030273,4,5,0.10377605884398784
60,CS-STATE_ART-SCSA_PLUS_V3,1151158403135397888,5,5,-0.06586802955579077
60,CS-STATE_ART-SCSA_PLUS_V3,1353781237882744833,6,5,-0.326747011996363
60,CS-STATE_ART-SCSA_PLUS_V3,1365108564679790592,7,5,-0.49725542570970976
60,CS-STATE_ART-SCSA_PLUS_V3,1340053869758394370,8,5,-1.1268466546994067
60,CS-STATE_ART-SCSA_PLUS_V3,1367565062328623104,9,5,-1.6537577116719466
60,CS-STATE_ART-SCSA_PLUS_V3,1145785172069146626,10,5,-1.9982559498967352
61,CS-STATE_ART-SCSA_PLUS_V3,1369453567367507968,1,3,1.9243064691038831
61,CS-STATE_ART-SCSA_PLUS_V3,1349371181334474754,2,4,1.2522792278719965
61,CS-STATE_ART-SCSA_PLUS_V3,1366212322436423682,3,2,0.8467181354717586
61,CS-STATE_ART-SCSA_PLUS_V3,1261295911185068033,4,5,0.46351825202937
61,CS-STATE_ART-SCSA_PLUS_V3,1368840460198838272,5,1,0.25922409750925507
61,CS-STATE_ART-SCSA_PLUS_V3,1250915381646176262,6,2,-0.18366784367245081
61,CS-STATE_ART-SCSA_PLUS_V3,1341859235756453889,7,2,-0.6810831667045678
61,CS-STATE_ART-SCSA_PLUS_V3,1245049389250273280,8,2,-0.7892578766303529
61,CS-STATE_ART-SCSA_PLUS_V3,1357670309525131266,9,1,-0.9436959862598527
61,CS-STATE_ART-SCSA_PLUS_V3,1368017377036660737,10,3,-1.7819829725134506
62,CS-STATE_ART-SCSA_PLUS_V3,1357647227808841728,1,3,0.18073667149635622
62,CS-STATE_ART-SCSA_PLUS_V3,1326957720759541761,2,4,0.11094615080602054
62,CS-STATE_ART-SCSA_PLUS_V3,1352017720578105346,3,1,0.018479665777440177
62,CS-STATE_ART-SCSA_PLUS_V3,1359973359568625670,4,3,-0.3539991671598152
62,CS-STATE_ART-SCSA_PLUS_V3,1337102280059834370,5,3,-0.7034960145974156
62,CS-STATE_ART-SCSA_PLUS_V3,1319639717906821121,6,3,-0.9408035467005211
62,CS-STATE_ART-SCSA_PLUS_V3,1365731424322478084,7,5,-0.9432789972351524
62,CS-STATE_ART-SCSA_PLUS_V3,1359935760627953665,8,3,-1.0435399793942959
62,CS-STATE_ART-SCSA_PLUS_V3,1369308139158446081,9,3,-1.2077944859663825
62,CS-STATE_ART-SCSA_PLUS_V3,1366752653401853956,10,5,-1.3890767850697496
63,CS-STATE_ART-SCSA_PLUS_V3,1368697794417065992,1,3,-0.24366994373772016
63,CS-STATE_ART-SCSA_PLUS_V3,1369266567423397891,2,3,-0.6112697821954519
63,CS-STATE_ART-SCSA_PLUS_V3,1369430517381267460,3,3,-1.0684315402049809
63,CS-STATE_ART-SCSA_PLUS_V3,1369426283919212544,4,2,-1.339934705898874
63,CS-STATE_ART-SCSA_PLUS_V3,1369425009303822344,5,1,-1.8615104917929264
63,CS-STATE_ART-SCSA_PLUS_V3,1369396362840858635,6,2,-1.9463340384095071
63,CS-STATE_ART-SCSA_PLUS_V3,1369492359243763717,7,2,-2.431084150905022
63,CS-STATE_ART-SCSA_PLUS_V3,1369573257234550784,8,3,-2.8857981845092118
63,CS-STATE_ART-SCSA_PLUS_V3,1369419121818038275,9,5,-2.9487727450184127
63,CS-STATE_ART-SCSA_PLUS_V3,1369377489030705154,10,1,-3.124376736012021
66,CS-STATE_ART-SCSA_PLUS_V3,1364866906658922496,1,3,2.3807309819723814
66,CS-STATE_ART-SCSA_PLUS_V3,1359391903838470147,2,3,1.1823369834014579
66,CS-STATE_ART-SCSA_PLUS_V3,1329456908726644738,3,3,-0.003239216327573123
66,CS-STATE_ART-SCSA_PLUS_V3,1361600708764700674,4,5,-0.04749809218548001
66,CS-STATE_ART-SCSA_PLUS_V3,1356664797979369475,5,4,-0.08723212865534526
66,CS-STATE_ART-SCSA_PLUS_V3,1366587272477306883,6,5,-0.21100845551411296
66,CS-STATE_ART-SCSA_PLUS_V3,1022134672929816578,7,5,-0.4457941349971038
66,CS-STATE_ART-SCSA_PLUS_V3,1329790713039523845,8,5,-0.5527240284290535
66,CS-STATE_ART-SCSA_PLUS_V3,1314195121861132288,9,4,-0.6128016908090167
66,CS-STATE_ART-SCSA_PLUS_V3,1358993966020976640,10,3,-0.8271201623127821
68,CS-STATE_ART-SCSA_PLUS_V3,1332399472039620612,1,5,3.6075951378527056
68,CS-STATE_ART-SCSA_PLUS_V3,1315101846596272129,2,5,1.5690689749277345
68,CS-STATE_ART-SCSA_PLUS_V3,1263620338790944769,3,1,0.7314203954372503
68,CS-STATE_ART-SCSA_PLUS_V3,1350865539091066881,4,5,0.08937396373738687
68,CS-STATE_ART-SCSA_PLUS_V3,1337102280059834370,5,4,-0.7034960145974156
68,CS-STATE_ART-SCSA_PLUS_V3,1332251315209113601,6,4,-0.7742702453417742
68,CS-STATE_ART-SCSA_PLUS_V3,1365731424322478084,7,5,-0.9432789972351524
68,CS-STATE_ART-SCSA_PLUS_V3,1358898413136396288,8,3,-1.310758717959117
68,CS-STATE_ART-SCSA_PLUS_V3,1366752653401853956,9,5,-1.3890767850697496
68,CS-STATE_ART-SCSA_PLUS_V3,1319321276171759617,10,5,-1.6176735915961549
70,CS-STATE_ART-SCSA_PLUS_V3,1368604102989541376,1,5,0.15492941898078222
70,CS-STATE_ART-SCSA_PLUS_V3,1369445460163915780,2,4,-0.9584759039541307
70,CS-STATE_ART-SCSA_PLUS_V3,1369269245704630276,3,5,-1.1164458368120729
70,CS-STATE_ART-SCSA_PLUS_V3,1369469114620731393,4,5,-1.1481204983345081
70,CS-STATE_ART-SCSA_PLUS_V3,1369547940017147907,5,4,-1.2251300772801237
70,CS-STATE_ART-SCSA_PLUS_V3,1369589127168073728,6,5,-1.7304627822111625
70,CS-STATE_ART-SCSA_PLUS_V3,1369465541925175296,7,5,-2.4318476392547845
70,CS-STATE_ART-SCSA_PLUS_V3,1369352315698872325,8,4,-2.4963615556575642
70,CS-STATE_ART-SCSA_PLUS_V3,1369450685708857348,9,4,-2.507537572567471
70,CS-STATE_ART-SCSA_PLUS_V3,1369408111698673675,10,5,-2.7930677929297545
71,CS-STATE_ART-SCSA_PLUS_V3,1363914797335543811,1,2,0.3122923882629158
71,CS-STATE_ART-SCSA_PLUS_V3,1357647227808841728,2,4,0.18073667149635622
71,CS-STATE_ART-SCSA_PLUS_V3,1326957720759541761,3,5,0.11094615080602054
71,CS-STATE_ART-SCSA_PLUS_V3,1362902698585071617,4,3,-0.04493230657032361
71,CS-STATE_ART-SCSA_PLUS_V3,1363172378843389952,5,3,-0.0814340873216249
71,CS-STATE_ART-SCSA_PLUS_V3,1337102280059834370,6,3,-0.7034960145974156
71,CS-STATE_ART-SCSA_PLUS_V3,1319639717906821121,7,2,-0.9408035467005211
71,CS-STATE_ART-SCSA_PLUS_V3,1337104278398382087,8,5,-1.0903740607577972
71,CS-STATE_ART-SCSA_PLUS_V3,1369308139158446081,9,2,-1.2077944859663825
71,CS-STATE_ART-SCSA_PLUS_V3,1358898413136396288,10,3,-1.310758717959117
72,CS-STATE_ART-SCSA_PLUS_V3,1363878818100875267,1,4,-0.529642206768723
72,CS-STATE_ART-SCSA_PLUS_V3,1369389341445873676,2,3,-0.8514948157664448
72,CS-STATE_ART-SCSA_PLUS_V3,1369286911391637513,3,3,-1.44716511089105
72,CS-STATE_ART-SCSA_PLUS_V3,1369435367892455435,4,3,-2.4141023101617725
72,CS-STATE_ART-SCSA_PLUS_V3,1365338574908891138,5,4,-2.4267066049383774
72,CS-STATE_ART-SCSA_PLUS_V3,1369552724228980736,6,4,-2.6218576376039016
72,CS-STATE_ART-SCSA_PLUS_V3,1370134342106804226,7,2,-2.8316967681114202
72,CS-STATE_ART-SCSA_PLUS_V3,1369285101100691456,8,4,-3.1017815113906857
72,CS-STATE_ART-SCSA_PLUS_V3,1369611540475895810,9,4,-3.6232593005348837
72,CS-STATE_ART-SCSA_PLUS_V3,1369533353930727426,10,2,-3.712498111871633
73,CS-STATE_ART-SCSA_PLUS_V3,1366828167936237575,1,4,0.3258762036200224
73,CS-STATE_ART-SCSA_PLUS_V3,1368969473651261440,2,3,-0.4205881329053484
73,CS-STATE_ART-SCSA_PLUS_V3,1358797009164111874,3,5,-0.48404985688175683
73,CS-STATE_ART-SCSA_PLUS_V3,1369045377417162761,4,5,-0.9399664339367327
73,CS-STATE_ART-SCSA_PLUS_V3,1369287711480221698,5,4,-1.1616232529658366
73,CS-STATE_ART-SCSA_PLUS_V3,1366447180521816066,6,3,-1.3627789770191736
73,CS-STATE_ART-SCSA_PLUS_V3,1366730304740872194,7,3,-1.4954018884917912
73,CS-STATE_ART-SCSA_PLUS_V3,1365259500064804866,8,4,-1.8784647106052093
73,CS-STATE_ART-SCSA_PLUS_V3,1369352282937065472,9,5,-1.8803583196324283
73,CS-STATE_ART-SCSA_PLUS_V3,1369392703054708740,10,3,-3.867270612624724
74,CS-STATE_ART-SCSA_PLUS_V3,1369538553219325952,1,1,-0.2444092756156609
74,CS-STATE_ART-SCSA_PLUS_V3,1369063128269479936,2,2,-0.25153029977821206
74,CS-STATE_ART-SCSA_PLUS_V3,1369563595978252291,3,1,-0.3827666187051784
74,CS-STATE_ART-SCSA_PLUS_V3,1369264726656638979,4,2,-0.4949819111151223
74,CS-STATE_ART-SCSA_PLUS_V3,1369538190827270145,5,2,-0.5069843890793011
74,CS-STATE_ART-SCSA_PLUS_V3,1369396337469501452,6,2,-0.5841168382932511
74,CS-STATE_ART-SCSA_PLUS_V3,1370053184589299724,7,4,-0.7396506724982814
74,CS-STATE_ART-SCSA_PLUS_V3,1369600439239458820,8,2,-1.3282593773372822
74,CS-STATE_ART-SCSA_PLUS_V3,1369337073463885828,9,2,-1.6624673501287082
74,CS-STATE_ART-SCSA_PLUS_V3,1369589858763673606,10,2,-3.5680058859646926
76,CS-STATE_ART-SCSA_PLUS_V3,1358058477785120769,1,1,21.322423159682934
76,CS-STATE_ART-SCSA_PLUS_V3,1354658220585922565,2,2,8.971915462706788
76,CS-STATE_ART-SCSA_PLUS_V3,1334724211689074688,3,2,5.430779848719928
76,CS-STATE_ART-SCSA_PLUS_V3,1268243264156524544,4,3,3.9045236499665807
76,CS-STATE_ART-SCSA_PLUS_V3,1316909183225286657,5,3,2.6523770218620704
76,CS-STATE_ART-SCSA_PLUS_V3,1290389884927000582,6,1,1.4960332191364811
76,CS-STATE_ART-SCSA_PLUS_V3,1363674987626856448,7,2,1.2737045904905002
76,CS-STATE_ART-SCSA_PLUS_V3,1332420899471990786,8,3,0.9881948167640616
76,CS-STATE_ART-SCSA_PLUS_V3,1318996052049973248,9,2,-0.06480098275687698
76,CS-STATE_ART-SCSA_PLUS_V3,1334706123971162115,10,3,-0.47847121446422775
77,CS-STATE_ART-SCSA_PLUS_V3,1329140321402445824,1,3,0.10155675003258427
77,CS-STATE_ART-SCSA_PLUS_V3,1368999972792844292,2,4,-0.06705899930974844
77,CS-STATE_ART-SCSA_PLUS_V3,1352922753565863936,3,3,-0.18268332968968665
77,CS-STATE_ART-SCSA_PLUS_V3,1361209516277174279,4,4,-0.49845247740410137
77,CS-STATE_ART-SCSA_PLUS_V3,1369521918412472320,5,2,-0.7758018253650107
77,CS-STATE_ART-SCSA_PLUS_V3,1369499281833537540,6,2,-1.0100426720295603
77,CS-STATE_ART-SCSA_PLUS_V3,1363322581076619265,7,5,-1.0448338071357386
77,CS-STATE_ART-SCSA_PLUS_V3,1367625947462184961,8,3,-1.3560418440561621
77,CS-STATE_ART-SCSA_PLUS_V3,1349357033301159936,9,3,-1.5038747051473769
77,CS-STATE_ART-SCSA_PLUS_V3,1369181189932777474,10,2,-1.788744767211098
78,CS-STATE_ART-SCSA_PLUS_V3,1366967661754675207,1,4,3.3869334536411704
78,CS-STATE_ART-SCSA_PLUS_V3,1367172928295628802,2,1,1.9012351119036037
78,CS-STATE_ART-SCSA_PLUS_V3,1368236771671162881,3,1,0.7126702794100901
78,CS-STATE_ART-SCSA_PLUS_V3,1367535310733680640,4,2,0.6808241585232226
78,CS-STATE_ART-SCSA_PLUS_V3,1368218004861911049,5,1,0.5282204331561288
78,CS-STATE_ART-SCSA_PLUS_V3,1368984926410989569,6,1,0.2827533838462818
78,CS-STATE_ART-SCSA_PLUS_V3,1367327155667935236,7,1,0.19394638398070735
78,CS-STATE_ART-SCSA_PLUS_V3,1366848285361717252,8,2,0.17935314097381336
78,CS-STATE_ART-SCSA_PLUS_V3,1367296657705099264,9,3,0.12108509571318139
78,CS-STATE_ART-SCSA_PLUS_V3,1367616598727614473,10,2,-1.285177679609279
79,CS-STATE_ART-SCSA_PLUS_V3,1367702233853259783,1,2,8.291738394721442
79,CS-STATE_ART-SCSA_PLUS_V3,1324444938923175936,2,2,0.8824845572508353
79,CS-STATE_ART-SCSA_PLUS_V3,1322265461359316992,3,2,0.7366065911932674
79,CS-STATE_ART-SCSA_PLUS_V3,1263620338790944769,4,3,0.7314203954372503
79,CS-STATE_ART-SCSA_PLUS_V3,1355379018791591936,5,3,-0.32878159018203074
79,CS-STATE_ART-SCSA_PLUS_V3,1345783947607867393,6,2,-0.3643754492249086
79,CS-STATE_ART-SCSA_PLUS_V3,1212045448812417030,7,5,-0.3950977442022446
79,CS-STATE_ART-SCSA_PLUS_V3,1330266160202477577,8,3,-0.5521444144455775
79,CS-STATE_ART-SCSA_PLUS_V3,1357083144407552000,9,5,-0.719800386811307
79,CS-STATE_ART-SCSA_PLUS_V3,1319321276171759617,10,3,-1.6176735915961549
81,CS-STATE_ART-SCSA_PLUS_V3,1366854672955240450,1,5,3.550781854495978
81,CS-STATE_ART-SCSA_PLUS_V3,1367548056628039684,2,5,3.4325261147761
81,CS-STATE_ART-SCSA_PLUS_V3,1368234120082554894,3,5,1.2221980179903191
81,CS-STATE_ART-SCSA_PLUS_V3,1367862841907294209,4,5,0.7518977890871412
81,CS-STATE_ART-SCSA_PLUS_V3,1367703501367771141,5,5,0.5294396464598748
81,CS-STATE_ART-SCSA_PLUS_V3,1368487188724350976,6,5,0.05034280407520026
81,CS-STATE_ART-SCSA_PLUS_V3,1361801412741529606,7,5,-0.43670505476199883
81,CS-STATE_ART-SCSA_PLUS_V3,1313215942826967040,8,5,-0.7429020519100734
81,CS-STATE_ART-SCSA_PLUS_V3,1368939918727278599,9,5,-1.667253183456757
81,CS-STATE_ART-SCSA_PLUS_V3,1368174374247923712,10,5,-1.7869251171427254
1,CS-SCSA_PLUS-SCSA_PLUS_V3,1369253885932617735,1,3,0.16210169300692018
1,CS-SCSA_PLUS-SCSA_PLUS_V3,1368604102989541376,2,4,0.15492941898078222
1,CS-SCSA_PLUS-SCSA_PLUS_V3,1369483207935225856,3,3,-0.12458147943161389
1,CS-SCSA_PLUS-SCSA_PLUS_V3,1369388544003895298,4,5,-0.41989933004707225
1,CS-SCSA_PLUS-SCSA_PLUS_V3,1369439516679942144,5,5,-0.5101233133293812
1,CS-SCSA_PLUS-SCSA_PLUS_V3,1369281593693646851,6,4,-0.5567704328496197
1,CS-SCSA_PLUS-SCSA_PLUS_V3,1369523963974549504,7,5,-0.8610845985706738
1,CS-SCSA_PLUS-SCSA_PLUS_V3,1369010885075812352,8,4,-1.120242540415161
1,CS-SCSA_PLUS-SCSA_PLUS_V3,1370144518100684802,9,3,-1.697895933304886
1,CS-SCSA_PLUS-SCSA_PLUS_V3,1369460811760988160,10,5,-3.372878904360285
2,CS-SCSA_PLUS-SCSA_PLUS_V3,1369610663547518978,1,4,-0.11527531187337133
2,CS-SCSA_PLUS-SCSA_PLUS_V3,1370003953598013450,2,3,-0.5469184958630754
2,CS-SCSA_PLUS-SCSA_PLUS_V3,1369578871478235143,3,5,-0.7935402223417957
2,CS-SCSA_PLUS-SCSA_PLUS_V3,1369037711324119046,4,4,-1.0019732594858664
2,CS-SCSA_PLUS-SCSA_PLUS_V3,1369471231448158208,5,4,-1.050456844979202
2,CS-SCSA_PLUS-SCSA_PLUS_V3,1369382859534897161,6,3,-1.1844705846700372
2,CS-SCSA_PLUS-SCSA_PLUS_V3,1369985018878169089,7,3,-1.5986233507903695
2,CS-SCSA_PLUS-SCSA_PLUS_V3,1370128693662785544,8,4,-2.3396043173287446
2,CS-SCSA_PLUS-SCSA_PLUS_V3,1369271770960850949,9,3,-2.62509388397461
2,CS-SCSA_PLUS-SCSA_PLUS_V3,1369511733975515142,10,2,-3.0841854482696602
3,CS-SCSA_PLUS-SCSA_PLUS_V3,1342995722761695232,1,2,3.397672116656337
3,CS-SCSA_PLUS-SCSA_PLUS_V3,1323456695725625344,2,3,2.4433278456040037
3,CS-SCSA_PLUS-SCSA_PLUS_V3,1324916905954652168,3,3,1.4890428256725203
3,CS-SCSA_PLUS-SCSA_PLUS_V3,1153306430100910080,4,3,0.5940480551648382
3,CS-SCSA_PLUS-SCSA_PLUS_V3,1256258912866766851,5,4,0.044092318081735235
3,CS-SCSA_PLUS-SCSA_PLUS_V3,1318297870315839488,6,2,-0.006292767634959647
3,CS-SCSA_PLUS-SCSA_PLUS_V3,1306742315667529729,7,3,-0.22880435111959732
3,CS-SCSA_PLUS-SCSA_PLUS_V3,1368659881260032001,8,3,-0.35919559302339044
3,CS-SCSA_PLUS-SCSA_PLUS_V3,1180250671905263616,9,2,-0.6238858122035484
3,CS-SCSA_PLUS-SCSA_PLUS_V3,1240704016046116865,10,4,-0.9485508013733733
4,CS-SCSA_PLUS-SCSA_PLUS_V3,1369525973302079490,1,4,0.013534963663559883
4,CS-SCSA_PLUS-SCSA_PLUS_V3,1369563595978252291,2,1,-0.3827666187051784
4,CS-SCSA_PLUS-SCSA_PLUS_V3,1369049581208670208,3,4,-0.5035396316516971
4,CS-SCSA_PLUS-SCSA_PLUS_V3,1369113689845022721,4,2,-0.5428874642491776
4,CS-SCSA_PLUS-SCSA_PLUS_V3,1370053184589299724,5,2,-0.7396506724982814
4,CS-SCSA_PLUS-SCSA_PLUS_V3,1369600439239458820,6,4,-1.3282593773372822
4,CS-SCSA_PLUS-SCSA_PLUS_V3,1369337073463885828,7,4,-1.6624673501287082
4,CS-SCSA_PLUS-SCSA_PLUS_V3,1369275546044162051,8,5,-2.709416827891645
4,CS-SCSA_PLUS-SCSA_PLUS_V3,1369456737070313476,9,2,-2.915617906676103
4,CS-SCSA_PLUS-SCSA_PLUS_V3,1369506070989836290,10,3,-3.1539447534004323
5,CS-SCSA_PLUS-SCSA_PLUS_V3,1369351763355201542,1,4,-0.14972102647628982
5,CS-SCSA_PLUS-SCSA_PLUS_V3,1369336610681159680,2,5,-0.7538626348488545
5,CS-SCSA_PLUS-SCSA_PLUS_V3,1369611245616250880,3,5,-0.8610935116277678
5,CS-SCSA_PLUS-SCSA_PLUS_V3,1369430816389033988,4,5,-1.2107357793819966
5,CS-SCSA_PLUS-SCSA_PLUS_V3,1369468594891948038,5,3,-1.2141752210619037
5,CS-SCSA_PLUS-SCSA_PLUS_V3,1369438777127624709,6,4,-1.3890144260200192
5,CS-SCSA_PLUS-SCSA_PLUS_V3,1370004858464534529,7,3,-1.8369324425027171
5,CS-SCSA_PLUS-SCSA_PLUS_V3,1369377514930507782,8,5,-2.3690665141978586
5,CS-SCSA_PLUS-SCSA_PLUS_V3,1369503478880612357,9,5,-4.325651943048989
5,CS-SCSA_PLUS-SCSA_PLUS_V3,1368685627303223297,10,3,-9.947933245675085
6,CS-SCSA_PLUS-SCSA_PLUS_V3,1340053176150614025,1,4,1.7120618427840617
6,CS-SCSA_PLUS-SCSA_PLUS_V3,1219085119971000320,2,3,1.129077222369646
6,CS-SCSA_PLUS-SCSA_PLUS_V3,1197158580333535232,3,4,1.007610693569276
6,CS-SCSA_PLUS-SCSA_PLUS_V3,1204026434739691520,4,5,0.9646151133363982
6,CS-SCSA_PLUS-SCSA_PLUS_V3,1349775316366090242,5,2,0.3437537516785507
6,CS-SCSA_PLUS-SCSA_PLUS_V3,1369418972509179912,6,3,0.11200370094532691
6,CS-SCSA_PLUS-SCSA_PLUS_V3,1339894034781880323,7,5,-0.9009939118302566
6,CS-SCSA_PLUS-SCSA_PLUS_V3,1369559926629167104,8,5,-0.996835101299508
6,CS-SCSA_PLUS-SCSA_PLUS_V3,1368199950169997314,9,5,-1.0411986555665396
6,CS-SCSA_PLUS-SCSA_PLUS_V3,1369586848163586051,10,2,-1.649828587018565
7,CS-SCSA_PLUS-SCSA_PLUS_V3,1368632782042333188,1,4,3.6979185437235165
7,CS-SCSA_PLUS-SCSA_PLUS_V3,1368234120082554894,2,2,1.2221980179903191
7,CS-SCSA_PLUS-SCSA_PLUS_V3,1368519774955798529,3,4,1.03380092451203
7,CS-SCSA_PLUS-SCSA_PLUS_V3,1367862841907294209,4,4,0.7518977890871412
7,CS-SCSA_PLUS-SCSA_PLUS_V3,1368501683219693570,5,3,0.6838604334919682
7,CS-SCSA_PLUS-SCSA_PLUS_V3,1369087867939659782,6,3,0.44082105491621415
7,CS-SCSA_PLUS-SCSA_PLUS_V3,1368216046616768513,7,4,0.29269151453257164
7,CS-SCSA_PLUS-SCSA_PLUS_V3,1368487188724350976,8,2,0.05034280407520026
7,CS-SCSA_PLUS-SCSA_PLUS_V3,1368174374247923712,9,3,-1.7869251171427254
7,CS-SCSA_PLUS-SCSA_PLUS_V3,1364237278516830212,10,5,-2.4758479532666846
8,CS-SCSA_PLUS-SCSA_PLUS_V3,1322209256611852294,1,5,16.47195591579364
8,CS-SCSA_PLUS-SCSA_PLUS_V3,1354658220585922565,2,4,8.971915462706788
8,CS-SCSA_PLUS-SCSA_PLUS_V3,1334724211689074688,3,5,5.430779848719928
8,CS-SCSA_PLUS-SCSA_PLUS_V3,1268243264156524544,4,4,3.9045236499665807
8,CS-SCSA_PLUS-SCSA_PLUS_V3,1316909183225286657,5,5,2.6523770218620704
8,CS-SCSA_PLUS-SCSA_PLUS_V3,1290389884927000582,6,5,1.4960332191364811
8,CS-SCSA_PLUS-SCSA_PLUS_V3,1363674987626856448,7,3,1.2737045904905002
8,CS-SCSA_PLUS-SCSA_PLUS_V3,1365178104310763520,8,4,0.3028220403772718
8,CS-SCSA_PLUS-SCSA_PLUS_V3,1318996052049973248,9,4,-0.06480098275687698
8,CS-SCSA_PLUS-SCSA_PLUS_V3,1334706123971162115,10,2,-0.47847121446422775
9,CS-SCSA_PLUS-SCSA_PLUS_V3,1333878541398798338,1,5,3.2857977023900284
9,CS-SCSA_PLUS-SCSA_PLUS_V3,1164279406057201665,2,1,2.092744109961586
9,CS-SCSA_PLUS-SCSA_PLUS_V3,1327308553418272768,3,3,1.48216097281671
9,CS-SCSA_PLUS-SCSA_PLUS_V3,1263620338790944769,4,4,0.7314203954372503
9,CS-SCSA_PLUS-SCSA_PLUS_V3,1361732521428275201,5,1,0.43809943791477696
9,CS-SCSA_PLUS-SCSA_PLUS_V3,1338573100921794560,6,4,-0.03290779652325281
9,CS-SCSA_PLUS-SCSA_PLUS_V3,1351540224560668673,7,3,-0.049604172137683235
9,CS-SCSA_PLUS-SCSA_PLUS_V3,1330972658612150272,8,5,-0.05768804017319247
9,CS-SCSA_PLUS-SCSA_PLUS_V3,1319321276171759617,9,5,-1.6176735915961549
9,CS-SCSA_PLUS-SCSA_PLUS_V3,1312391963241398272,10,4,-1.82754772533641
10,CS-SCSA_PLUS-SCSA_PLUS_V3,1320726746329743363,1,5,1.7804589854524047
10,CS-SCSA_PLUS-SCSA_PLUS_V3,1368234120082554894,2,5,1.2221980179903191
10,CS-SCSA_PLUS-SCSA_PLUS_V3,1367862841907294209,3,4,0.7518977890871412
10,CS-SCSA_PLUS-SCSA_PLUS_V3,1369087867939659782,4,5,0.44082105491621415
10,CS-SCSA_PLUS-SCSA_PLUS_V3,1350865539091066881,5,5,0.08937396373738687
10,CS-SCSA_PLUS-SCSA_PLUS_V3,1352017720578105346,6,4,0.018479665777440177
10,CS-SCSA_PLUS-SCSA_PLUS_V3,1330948472992776193,7,5,-0.23831313790385283
10,CS-SCSA_PLUS-SCSA_PLUS_V3,1337102280059834370,8,4,-0.7034960145974156
10,CS-SCSA_PLUS-SCSA_PLUS_V3,1365731424322478084,9,5,-0.9432789972351524
10,CS-SCSA_PLUS-SCSA_PLUS_V3,1351594764056088577,10,5,-1.9889018031320713
11,CS-SCSA_PLUS-SCSA_PLUS_V3,1358058477785120769,1,1,21.322423159682934
11,CS-SCSA_PLUS-SCSA_PLUS_V3,1354658220585922565,2,1,8.971915462706788
11,CS-SCSA_PLUS-SCSA_PLUS_V3,1334724211689074688,3,1,5.430779848719928
11,CS-SCSA_PLUS-SCSA_PLUS_V3,1316909183225286657,4,5,2.6523770218620704
11,CS-SCSA_PLUS-SCSA_PLUS_V3,1349370619616378880,5,5,1.8296502329627853
11,CS-SCSA_PLUS-SCSA_PLUS_V3,1362769948691472385,6,5,1.6321386945388334
11,CS-SCSA_PLUS-SCSA_PLUS_V3,1290389884927000582,7,5,1.4960332191364811
11,CS-SCSA_PLUS-SCSA_PLUS_V3,1310693744056950787,8,5,1.0749099230611336
11,CS-SCSA_PLUS-SCSA_PLUS_V3,1352347607855726594,9,5,0.4553133212132738
11,CS-SCSA_PLUS-SCSA_PLUS_V3,1319321276171759617,10,5,-1.6176735915961549
12,CS-SCSA_PLUS-SCSA_PLUS_V3,1344852533122981888,1,5,4.409626246559384
12,CS-SCSA_PLUS-SCSA_PLUS_V3,1331282297014743042,2,5,2.50578033452451
12,CS-SCSA_PLUS-SCSA_PLUS_V3,1370069387974119426,3,5,2.145632009743459
12,CS-SCSA_PLUS-SCSA_PLUS_V3,1358529006967033856,4,3,1.834635687950139
12,CS-SCSA_PLUS-SCSA_PLUS_V3,1366121589478154243,5,5,1.2889858962019534
12,CS-SCSA_PLUS-SCSA_PLUS_V3,1369832253816246274,6,5,0.8283881253530455
12,CS-SCSA_PLUS-SCSA_PLUS_V3,1359370632350208003,7,2,0.7320538072221882
12,CS-SCSA_PLUS-SCSA_PLUS_V3,1359319030587293696,8,3,0.5051888959182189
12,CS-SCSA_PLUS-SCSA_PLUS_V3,1366380504736534529,9,3,-0.6392436616745011
12,CS-SCSA_PLUS-SCSA_PLUS_V3,1336435104172765184,10,3,-1.6950548191149906
13,CS-SCSA_PLUS-SCSA_PLUS_V3,1369087867939659782,1,3,0.44082105491621415
13,CS-SCSA_PLUS-SCSA_PLUS_V3,1350865539091066881,2,3,0.08937396373738687
13,CS-SCSA_PLUS-SCSA_PLUS_V3,1352017720578105346,3,1,0.018479665777440177
13,CS-SCSA_PLUS-SCSA_PLUS_V3,1362902698585071617,4,5,-0.04493230657032361
13,CS-SCSA_PLUS-SCSA_PLUS_V3,1363172378843389952,5,2,-0.0814340873216249
13,CS-SCSA_PLUS-SCSA_PLUS_V3,1330948472992776193,6,5,-0.23831313790385283
13,CS-SCSA_PLUS-SCSA_PLUS_V3,1365731424322478084,7,5,-0.9432789972351524
13,CS-SCSA_PLUS-SCSA_PLUS_V3,1337104278398382087,8,5,-1.0903740607577972
13,CS-SCSA_PLUS-SCSA_PLUS_V3,1358898413136396288,9,4,-1.310758717959117
13,CS-SCSA_PLUS-SCSA_PLUS_V3,1351594764056088577,10,3,-1.9889018031320713
15,CS-SCSA_PLUS-SCSA_PLUS_V3,1355549351603531783,1,5,1.9301670183690212
15,CS-SCSA_PLUS-SCSA_PLUS_V3,1354353736580124673,2,4,1.70434914464402
15,CS-SCSA_PLUS-SCSA_PLUS_V3,1303727847966674944,3,2,0.8393065535589003
15,CS-SCSA_PLUS-SCSA_PLUS_V3,1330905143416659975,4,4,0.5662741965180631
15,CS-SCSA_PLUS-SCSA_PLUS_V3,1362920758872133634,5,3,0.20478586527450324
15,CS-SCSA_PLUS-SCSA_PLUS_V3,1258809129218564098,6,3,0.18145089044641313
15,CS-SCSA_PLUS-SCSA_PLUS_V3,1301536924067393537,7,2,-0.33176915731033685
15,CS-SCSA_PLUS-SCSA_PLUS_V3,1331266330176196608,8,3,-0.47098055842435105
15,CS-SCSA_PLUS-SCSA_PLUS_V3,1365788765957083149,9,3,-0.5364911696774955
15,CS-SCSA_PLUS-SCSA_PLUS_V3,1351560050725294082,10,2,-1.3293767378412493
16,CS-SCSA_PLUS-SCSA_PLUS_V3,1317201419384975365,1,1,0.8969041302176323
16,CS-SCSA_PLUS-SCSA_PLUS_V3,1368447074019270656,2,4,0.5400842681307796
16,CS-SCSA_PLUS-SCSA_PLUS_V3,1326554237053054977,3,1,0.3436023265834008
16,CS-SCSA_PLUS-SCSA_PLUS_V3,1352019602151100416,4,1,-0.041530658163773534
16,CS-SCSA_PLUS-SCSA_PLUS_V3,1316239353505480704,5,1,-0.5240388879530091
16,CS-SCSA_PLUS-SCSA_PLUS_V3,1346143996431646720,6,4,-1.0140158970219513
16,CS-SCSA_PLUS-SCSA_PLUS_V3,1271896411257241600,7,1,-1.227165841318201
16,CS-SCSA_PLUS-SCSA_PLUS_V3,1318907390922788866,8,1,-1.4933565589595792
16,CS-SCSA_PLUS-SCSA_PLUS_V3,1275840045761441792,9,1,-1.6026617507554786
16,CS-SCSA_PLUS-SCSA_PLUS_V3,1173620799997186051,10,1,-1.7797446701154462
17,CS-SCSA_PLUS-SCSA_PLUS_V3,1063403538636816385,1,5,1.6902703636328225
17,CS-SCSA_PLUS-SCSA_PLUS_V3,1364970509700595717,2,5,1.2651733031332826
17,CS-SCSA_PLUS-SCSA_PLUS_V3,1330058761323614209,3,5,1.2539361882006026
17,CS-SCSA_PLUS-SCSA_PLUS_V3,1320374052847013893,4,5,1.0597377313618765
17,CS-SCSA_PLUS-SCSA_PLUS_V3,1358772405536194562,5,5,0.6915618350580122
17,CS-SCSA_PLUS-SCSA_PLUS_V3,1366743775192752129,6,4,0.6431909138065758
17,CS-SCSA_PLUS-SCSA_PLUS_V3,1350151000267632641,7,5,0.15979674502828184
17,CS-SCSA_PLUS-SCSA_PLUS_V3,1357403552470212608,8,5,-0.7538919255228869
17,CS-SCSA_PLUS-SCSA_PLUS_V3,1336739324658929667,9,5,-1.5791204850656633
17,CS-SCSA_PLUS-SCSA_PLUS_V3,1334527822971490308,10,5,-2.437090217438214
18,CS-SCSA_PLUS-SCSA_PLUS_V3,1339377333728391169,1,4,1.593280354323592
18,CS-SCSA_PLUS-SCSA_PLUS_V3,1359592867380031494,2,1,0.5934781907825948
18,CS-SCSA_PLUS-SCSA_PLUS_V3,1340325978170646535,3,3,0.5159470106866301
18,CS-SCSA_PLUS-SCSA_PLUS_V3,1330556651716243456,4,3,0.3087403574326251
18,CS-SCSA_PLUS-SCSA_PLUS_V3,1366528818454822914,5,3,0.15986205209806212
18,CS-SCSA_PLUS-SCSA_PLUS_V3,1327053570794008577,6,2,0.05815203304897371
18,CS-SCSA_PLUS-SCSA_PLUS_V3,1354527098354819077,7,1,0.03166026118839116
18,CS-SCSA_PLUS-SCSA_PLUS_V3,1362475666504040451,8,1,-0.184717179638866
18,CS-SCSA_PLUS-SCSA_PLUS_V3,1339195127986794498,9,4,-0.48163033371823305
18,CS-SCSA_PLUS-SCSA_PLUS_V3,1337819421973344256,10,2,-1.1843997339929677
19,CS-SCSA_PLUS-SCSA_PLUS_V3,1368697794417065992,1,3,-0.24366994373772016
19,CS-SCSA_PLUS-SCSA_PLUS_V3,1369266567423397891,2,3,-0.6112697821954519
19,CS-SCSA_PLUS-SCSA_PLUS_V3,1369189230489001991,3,3,-0.7343556332921634
19,CS-SCSA_PLUS-SCSA_PLUS_V3,1369596898127077379,4,3,-0.9032838867542456
19,CS-SCSA_PLUS-SCSA_PLUS_V3,1369424518092120064,5,3,-1.1314353086549862
19,CS-SCSA_PLUS-SCSA_PLUS_V3,1369559628183445504,6,3,-1.256732762674072
19,CS-SCSA_PLUS-SCSA_PLUS_V3,1369569992732250114,7,3,-1.5242043360587365
19,CS-SCSA_PLUS-SCSA_PLUS_V3,1369425009303822344,8,3,-1.8615104917929264
19,CS-SCSA_PLUS-SCSA_PLUS_V3,1369469059427893249,9,3,-2.4370766399185273
19,CS-SCSA_PLUS-SCSA_PLUS_V3,1369617901678964736,10,4,-2.546188348007645
20,CS-SCSA_PLUS-SCSA_PLUS_V3,1368272500086476805,1,2,2.242145428247883
20,CS-SCSA_PLUS-SCSA_PLUS_V3,1368950916024532995,2,2,1.104533263670755
20,CS-SCSA_PLUS-SCSA_PLUS_V3,1369573389845880832,3,5,0.6285566199858293
20,CS-SCSA_PLUS-SCSA_PLUS_V3,1369146187358539781,4,5,0.5077481216397282
20,CS-SCSA_PLUS-SCSA_PLUS_V3,1368276753244913665,5,2,0.1978715620479297
20,CS-SCSA_PLUS-SCSA_PLUS_V3,1366181019829686277,6,5,-0.05039567332624895
20,CS-SCSA_PLUS-SCSA_PLUS_V3,1369112711032881153,7,3,-0.2020117690537346
20,CS-SCSA_PLUS-SCSA_PLUS_V3,1369415901964034052,8,3,-0.9666172786943253
20,CS-SCSA_PLUS-SCSA_PLUS_V3,1369193501875970048,9,5,-1.3475396817639513
20,CS-SCSA_PLUS-SCSA_PLUS_V3,1364622367499157504,10,5,-2.3981821672602486
21,CS-SCSA_PLUS-SCSA_PLUS_V3,1366217334658977797,1,5,0.8264447681845418
21,CS-SCSA_PLUS-SCSA_PLUS_V3,1300100975793901569,2,3,0.5663209426541804
21,CS-SCSA_PLUS-SCSA_PLUS_V3,1204781519052652546,3,2,0.3596032845066325
21,CS-SCSA_PLUS-SCSA_PLUS_V3,1339526270288322561,4,4,0.34078462294759937
21,CS-SCSA_PLUS-SCSA_PLUS_V3,1272339338995445760,5,1,0.2611324133828218
21,CS-SCSA_PLUS-SCSA_PLUS_V3,1340651032817315842,6,4,-0.42584740521172804
21,CS-SCSA_PLUS-SCSA_PLUS_V3,1369040595310682112,7,2,-0.4518106055645795
21,CS-SCSA_PLUS-SCSA_PLUS_V3,1366565826913062914,8,4,-0.6213300004835473
21,CS-SCSA_PLUS-SCSA_PLUS_V3,1338181816478539777,9,5,-1.0167289766939729
21,CS-SCSA_PLUS-SCSA_PLUS_V3,1367222811727564800,10,5,-1.7256119159889687
22,CS-SCSA_PLUS-SCSA_PLUS_V3,1369410355215142917,1,5,3.4857098103088133
22,CS-SCSA_PLUS-SCSA_PLUS_V3,1369437537907978245,2,3,0.3154836435184361
22,CS-SCSA_PLUS-SCSA_PLUS_V3,1369103243960258562,3,4,0.20897478830966315
22,CS-SCSA_PLUS-SCSA_PLUS_V3,1369483561938649089,4,4,-0.9063516391586179
22,CS-SCSA_PLUS-SCSA_PLUS_V3,1369567942690635778,5,5,-1.1948659822641592
22,CS-SCSA_PLUS-SCSA_PLUS_V3,1369505213904748554,6,5,-1.3344785956714473
22,CS-SCSA_PLUS-SCSA_PLUS_V3,1369259204725387266,7,5,-1.4484202329441143
22,CS-SCSA_PLUS-SCSA_PLUS_V3,1369396362840858635,8,3,-1.9463340384095071
22,CS-SCSA_PLUS-SCSA_PLUS_V3,1369538412961730562,9,3,-2.1242212877881252
22,CS-SCSA_PLUS-SCSA_PLUS_V3,1369402883704229892,10,5,-3.665088748864799
23,CS-SCSA_PLUS-SCSA_PLUS_V3,1303724853120217088,1,4,1.7237237615609673
23,CS-SCSA_PLUS-SCSA_PLUS_V3,1349391558269923330,2,4,1.0311842287116635
23,CS-SCSA_PLUS-SCSA_PLUS_V3,1325995532259561473,3,5,0.9996613554816638
23,CS-SCSA_PLUS-SCSA_PLUS_V3,1307054698931912706,4,4,0.8144617494178938
23,CS-SCSA_PLUS-SCSA_PLUS_V3,1367852411017031682,5,4,0.40881712290203515
23,CS-SCSA_PLUS-SCSA_PLUS_V3,1319019864212713472,6,4,0.20320312458131234
23,CS-SCSA_PLUS-SCSA_PLUS_V3,1354509947288088576,7,4,0.04483022519238825
23,CS-SCSA_PLUS-SCSA_PLUS_V3,1322232908141113344,8,5,-0.39454806398423303
23,CS-SCSA_PLUS-SCSA_PLUS_V3,1326932771240095749,9,4,-0.41135049744001206
23,CS-SCSA_PLUS-SCSA_PLUS_V3,1335651231759552514,10,4,-1.170747960029594
24,CS-SCSA_PLUS-SCSA_PLUS_V3,1369087867939659782,1,5,0.44082105491621415
24,CS-SCSA_PLUS-SCSA_PLUS_V3,1357647227808841728,2,3,0.18073667149635622
24,CS-SCSA_PLUS-SCSA_PLUS_V3,1326957720759541761,3,5,0.11094615080602054
24,CS-SCSA_PLUS-SCSA_PLUS_V3,1350865539091066881,4,4,0.08937396373738687
24,CS-SCSA_PLUS-SCSA_PLUS_V3,1362902698585071617,5,4,-0.04493230657032361
24,CS-SCSA_PLUS-SCSA_PLUS_V3,1363172378843389952,6,5,-0.0814340873216249
24,CS-SCSA_PLUS-SCSA_PLUS_V3,1330948472992776193,7,5,-0.23831313790385283
24,CS-SCSA_PLUS-SCSA_PLUS_V3,1319639717906821121,8,4,-0.9408035467005211
24,CS-SCSA_PLUS-SCSA_PLUS_V3,1369308139158446081,9,5,-1.2077944859663825
24,CS-SCSA_PLUS-SCSA_PLUS_V3,1358898413136396288,10,5,-1.310758717959117
25,CS-SCSA_PLUS-SCSA_PLUS_V3,1369569728541425667,1,5,-0.12356354871626618
25,CS-SCSA_PLUS-SCSA_PLUS_V3,1369547930550611968,2,5,-0.385084127295205
25,CS-SCSA_PLUS-SCSA_PLUS_V3,1369571000212463617,3,5,-0.7259021379415751
25,CS-SCSA_PLUS-SCSA_PLUS_V3,1369043756486377472,4,5,-1.7555272613528474
25,CS-SCSA_PLUS-SCSA_PLUS_V3,1369563665867898882,5,5,-1.9294593418473525
25,CS-SCSA_PLUS-SCSA_PLUS_V3,1370125729199980545,6,5,-2.8867221207992237
25,CS-SCSA_PLUS-SCSA_PLUS_V3,1369560664142970881,7,5,-4.262890400843112
25,CS-SCSA_PLUS-SCSA_PLUS_V3,1369600442322333699,8,5,-4.2629168670866635
25,CS-SCSA_PLUS-SCSA_PLUS_V3,1369579853612281860,9,5,-6.860426889961051
25,CS-SCSA_PLUS-SCSA_PLUS_V3,1369377505224884227,10,5,-13.017482558320262
26,CS-SCSA_PLUS-SCSA_PLUS_V3,1369636752336490497,1,4,0.7141655261194071
26,CS-SCSA_PLUS-SCSA_PLUS_V3,1329540885055356928,2,3,0.5824686395258651
26,CS-SCSA_PLUS-SCSA_PLUS_V3,1369296706836250624,3,4,0.2940321060375578
26,CS-SCSA_PLUS-SCSA_PLUS_V3,1360897085856313349,4,4,0.07763686918085588
26,CS-SCSA_PLUS-SCSA_PLUS_V3,1367541147787223041,5,4,-0.34440411825413697
26,CS-SCSA_PLUS-SCSA_PLUS_V3,1368758876015910915,6,4,-0.4358313713645691
26,CS-SCSA_PLUS-SCSA_PLUS_V3,1349449506136330241,7,3,-0.6673027937395511
26,CS-SCSA_PLUS-SCSA_PLUS_V3,1348680358619992071,8,3,-0.8538258697868809
26,CS-SCSA_PLUS-SCSA_PLUS_V3,1359141009272184832,9,3,-0.9341182727893325
26,CS-SCSA_PLUS-SCSA_PLUS_V3,1369030449398509568,10,4,-1.5453681539823623
27,CS-SCSA_PLUS-SCSA_PLUS_V3,1369608851306278914,1,5,0.6631955990872248
27,CS-SCSA_PLUS-SCSA_PLUS_V3,1369571760140615684,2,4,0.11500983752366875
27,CS-SCSA_PLUS-SCSA_PLUS_V3,1370035059495993348,3,1,-0.012768500069610052
27,CS-SCSA_PLUS-SCSA_PLUS_V3,1369400099223207936,4,1,-0.3928882703819368
27,CS-SCSA_PLUS-SCSA_PLUS_V3,1369455485615759360,5,4,-1.0789383930153462
27,CS-SCSA_PLUS-SCSA_PLUS_V3,1368269027596976129,6,1,-1.0885591177958942
27,CS-SCSA_PLUS-SCSA_PLUS_V3,1369975631744802817,7,1,-1.1054036849937552
27,CS-SCSA_PLUS-SCSA_PLUS_V3,1369303761097785344,8,5,-1.8679506747176886
27,CS-SCSA_PLUS-SCSA_PLUS_V3,1369528722538328068,9,4,-4.518491430129252
27,CS-SCSA_PLUS-SCSA_PLUS_V3,1369370948634312710,10,1,-9.104238061383185
28,CS-SCSA_PLUS-SCSA_PLUS_V3,1332672152995291138,1,2,3.5397127436153477
28,CS-SCSA_PLUS-SCSA_PLUS_V3,1333791058765901825,2,2,1.8493470837468857
28,CS-SCSA_PLUS-SCSA_PLUS_V3,1313864060669026304,3,1,1.8357038291903522
28,CS-SCSA_PLUS-SCSA_PLUS_V3,1355246647446544384,4,5,0.24430885258697843
28,CS-SCSA_PLUS-SCSA_PLUS_V3,1306669595525226500,5,3,0.24157841704891211
28,CS-SCSA_PLUS-SCSA_PLUS_V3,1329848482446905349,6,5,0.18883325473155965
28,CS-SCSA_PLUS-SCSA_PLUS_V3,1361498566024302597,7,5,-0.10095672154983262
28,CS-SCSA_PLUS-SCSA_PLUS_V3,1366441855416627200,8,5,-0.10132161462648402
28,CS-SCSA_PLUS-SCSA_PLUS_V3,1329469491961503747,9,5,-0.37988210508201703
28,CS-SCSA_PLUS-SCSA_PLUS_V3,1311335003599433733,10,5,-0.9255407263519764
29,CS-SCSA_PLUS-SCSA_PLUS_V3,1368855703612448768,1,3,1.7443398247329795
29,CS-SCSA_PLUS-SCSA_PLUS_V3,1366212322436423682,2,4,0.8467181354717586
29,CS-SCSA_PLUS-SCSA_PLUS_V3,1331046811704958985,3,3,0.5397247971748492
29,CS-SCSA_PLUS-SCSA_PLUS_V3,1261295911185068033,4,4,0.46351825202937
29,CS-SCSA_PLUS-SCSA_PLUS_V3,1368840460198838272,5,3,0.25922409750925507
29,CS-SCSA_PLUS-SCSA_PLUS_V3,1120471100532625410,6,5,0.16757895659403554
29,CS-SCSA_PLUS-SCSA_PLUS_V3,1250915381646176262,7,3,-0.18366784367245081
29,CS-SCSA_PLUS-SCSA_PLUS_V3,1341859235756453889,8,3,-0.6810831667045678
29,CS-SCSA_PLUS-SCSA_PLUS_V3,1245049389250273280,9,3,-0.7892578766303529
29,CS-SCSA_PLUS-SCSA_PLUS_V3,1366184948244176899,10,3,-0.9187953428646884
30,CS-SCSA_PLUS-SCSA_PLUS_V3,1368741071870562307,1,3,0.5361446403236556
30,CS-SCSA_PLUS-SCSA_PLUS_V3,1367214933423706113,2,3,-0.14135688915861525
30,CS-SCSA_PLUS-SCSA_PLUS_V3,1322524023117533184,3,4,-0.21715876514500934
30,CS-SCSA_PLUS-SCSA_PLUS_V3,1369605185455017984,4,5,-0.37236686360987364
30,CS-SCSA_PLUS-SCSA_PLUS_V3,1363171557250596864,5,3,-0.5450230401091017
30,CS-SCSA_PLUS-SCSA_PLUS_V3,1290776688284954625,6,3,-0.6730847650432618
30,CS-SCSA_PLUS-SCSA_PLUS_V3,1139203333607043073,7,4,-0.8506834449098917
30,CS-SCSA_PLUS-SCSA_PLUS_V3,1329121235423297537,8,5,-0.8973820911168598
30,CS-SCSA_PLUS-SCSA_PLUS_V3,968536670105726977,9,4,-1.908025071047663
30,CS-SCSA_PLUS-SCSA_PLUS_V3,1369307789932265473,10,5,-1.9655655320493444
31,CS-SCSA_PLUS-SCSA_PLUS_V3,1369463119479734274,1,4,0.5937977884590032
31,CS-SCSA_PLUS-SCSA_PLUS_V3,1369087867939659782,2,3,0.44082105491621415
31,CS-SCSA_PLUS-SCSA_PLUS_V3,1369075112432046081,3,1,0.35993167295006284
31,CS-SCSA_PLUS-SCSA_PLUS_V3,1369304506064908290,4,3,-0.5830569125530717
31,CS-SCSA_PLUS-SCSA_PLUS_V3,1369649450688409604,5,3,-0.6520563298955365
31,CS-SCSA_PLUS-SCSA_PLUS_V3,1365459905717678084,6,3,-1.1040828300766448
31,CS-SCSA_PLUS-SCSA_PLUS_V3,1362439231080169474,7,3,-1.139261783482881
31,CS-SCSA_PLUS-SCSA_PLUS_V3,973719108515717120,8,3,-1.3408966056334262
31,CS-SCSA_PLUS-SCSA_PLUS_V3,976286019904401408,9,4,-2.4154392659003925
31,CS-SCSA_PLUS-SCSA_PLUS_V3,1364961278729551872,10,4,-2.644247550637665
32,CS-SCSA_PLUS-SCSA_PLUS_V3,1368911960478257153,1,2,1.9283559992592394
32,CS-SCSA_PLUS-SCSA_PLUS_V3,1367113449394765824,2,3,0.28972260553590484
32,CS-SCSA_PLUS-SCSA_PLUS_V3,1369169336326316036,3,4,0.147052437388808
32,CS-SCSA_PLUS-SCSA_PLUS_V3,976304255685423104,4,4,-0.01086643537456573
32,CS-SCSA_PLUS-SCSA_PLUS_V3,1369368976128679940,5,4,-0.2568617239434402
32,CS-SCSA_PLUS-SCSA_PLUS_V3,1369148225433788417,6,2,-0.4510041023913007
32,CS-SCSA_PLUS-SCSA_PLUS_V3,1367133454241046531,7,4,-0.4636522572640921
32,CS-SCSA_PLUS-SCSA_PLUS_V3,1369533603194040320,8,2,-1.0942954403670055
32,CS-SCSA_PLUS-SCSA_PLUS_V3,1369357633283620870,9,3,-1.6172284039171263
32,CS-SCSA_PLUS-SCSA_PLUS_V3,1367444872903462913,10,4,-2.7907394510124477
33,CS-SCSA_PLUS-SCSA_PLUS_V3,1368604102989541376,1,2,0.15492941898078222
33,CS-SCSA_PLUS-SCSA_PLUS_V3,1369566623913369603,2,4,-0.12635298856295935
33,CS-SCSA_PLUS-SCSA_PLUS_V3,1369321348783345674,3,4,-0.767420247624624
33,CS-SCSA_PLUS-SCSA_PLUS_V3,1369269245704630276,4,2,-1.1164458368120729
33,CS-SCSA_PLUS-SCSA_PLUS_V3,1369547940017147907,5,3,-1.2251300772801237
33,CS-SCSA_PLUS-SCSA_PLUS_V3,1369362400403726350,6,4,-1.882928825929522
33,CS-SCSA_PLUS-SCSA_PLUS_V3,1369605923732393985,7,2,-2.1215625878659625
33,CS-SCSA_PLUS-SCSA_PLUS_V3,1369356888568197133,8,3,-2.3538565940633247
33,CS-SCSA_PLUS-SCSA_PLUS_V3,1369450685708857348,9,3,-2.507537572567471
33,CS-SCSA_PLUS-SCSA_PLUS_V3,1369366150237351943,10,3,-12.020365991534298
34,CS-SCSA_PLUS-SCSA_PLUS_V3,1369585318521802763,1,4,-0.558712306973454
34,CS-SCSA_PLUS-SCSA_PLUS_V3,1369968831666487296,2,3,-1.3249451826027907
34,CS-SCSA_PLUS-SCSA_PLUS_V3,1369536457992470528,3,4,-1.4811060404193634
34,CS-SCSA_PLUS-SCSA_PLUS_V3,1369475595466375169,4,3,-1.6609132656016656
34,CS-SCSA_PLUS-SCSA_PLUS_V3,1370057097107345411,5,3,-2.043873465251001
34,CS-SCSA_PLUS-SCSA_PLUS_V3,1370017497710215170,6,2,-2.3056558423406206
34,CS-SCSA_PLUS-SCSA_PLUS_V3,1369460811760988160,7,4,-3.372878904360285
34,CS-SCSA_PLUS-SCSA_PLUS_V3,1369404129643216897,8,3,-3.4795514963889405
34,CS-SCSA_PLUS-SCSA_PLUS_V3,1369270015699136512,9,2,-3.7136364510393776
34,CS-SCSA_PLUS-SCSA_PLUS_V3,1369460521846575104,10,2,-4.268116198499083
35,CS-SCSA_PLUS-SCSA_PLUS_V3,1337396723610771457,1,1,2.434779615578899
35,CS-SCSA_PLUS-SCSA_PLUS_V3,1322493521245298689,2,1,1.07194210649672
35,CS-SCSA_PLUS-SCSA_PLUS_V3,1330209367002472448,3,1,0.9503559109445263
35,CS-SCSA_PLUS-SCSA_PLUS_V3,1287306318961872896,4,1,0.61355922873577
35,CS-SCSA_PLUS-SCSA_PLUS_V3,1152351180225335296,5,2,0.20954314761370846
35,CS-SCSA_PLUS-SCSA_PLUS_V3,1272336376927666176,6,2,0.15834536151235978
35,CS-SCSA_PLUS-SCSA_PLUS_V3,1189249540412624898,7,2,0.0983283081488404
35,CS-SCSA_PLUS-SCSA_PLUS_V3,1363561378552958976,8,3,0.010435976030854556
35,CS-SCSA_PLUS-SCSA_PLUS_V3,1285629613067038720,9,2,-0.03501845665087274
35,CS-SCSA_PLUS-SCSA_PLUS_V3,1362483585169686531,10,2,-0.34266508178053395
36,CS-SCSA_PLUS-SCSA_PLUS_V3,1055619307084800000,1,4,4.073839413237508
36,CS-SCSA_PLUS-SCSA_PLUS_V3,1320726746329743363,2,5,1.7804589854524047
36,CS-SCSA_PLUS-SCSA_PLUS_V3,1146224584443727872,3,3,1.456026363289658
36,CS-SCSA_PLUS-SCSA_PLUS_V3,1307801712107966476,4,5,0.9227404071536376
36,CS-SCSA_PLUS-SCSA_PLUS_V3,1350865539091066881,5,5,0.08937396373738687
36,CS-SCSA_PLUS-SCSA_PLUS_V3,1334214244632580097,6,4,-0.2449535814365974
36,CS-SCSA_PLUS-SCSA_PLUS_V3,1337102280059834370,7,5,-0.7034960145974156
36,CS-SCSA_PLUS-SCSA_PLUS_V3,1365731424322478084,8,5,-0.9432789972351524
36,CS-SCSA_PLUS-SCSA_PLUS_V3,1254427280794845185,9,5,-1.140798197514416
36,CS-SCSA_PLUS-SCSA_PLUS_V3,1319321276171759617,10,5,-1.6176735915961549
37,CS-SCSA_PLUS-SCSA_PLUS_V3,1351923223638794246,1,1,1.6877110758994331
37,CS-SCSA_PLUS-SCSA_PLUS_V3,1331689113494446085,2,1,1.5891790465367919
37,CS-SCSA_PLUS-SCSA_PLUS_V3,1367114880378146824,3,1,0.6193438789175497
37,CS-SCSA_PLUS-SCSA_PLUS_V3,1328065268942336000,4,4,0.4476119319357031
37,CS-SCSA_PLUS-SCSA_PLUS_V3,1349775316366090242,5,4,0.3437537516785507
37,CS-SCSA_PLUS-SCSA_PLUS_V3,1152354497189965824,6,1,-0.561839752038371
37,CS-SCSA_PLUS-SCSA_PLUS_V3,1329150877941305345,7,3,-0.7441482035121864
37,CS-SCSA_PLUS-SCSA_PLUS_V3,1356264437729124353,8,1,-0.8872653503020096
37,CS-SCSA_PLUS-SCSA_PLUS_V3,1364320994337427461,9,3,-1.1481070041472603
37,CS-SCSA_PLUS-SCSA_PLUS_V3,1365407295384018947,10,1,-1.5112993212704755
38,CS-SCSA_PLUS-SCSA_PLUS_V3,1329140321402445824,1,5,0.10155675003258427
38,CS-SCSA_PLUS-SCSA_PLUS_V3,1369036451845869573,2,5,0.039768924436841505
38,CS-SCSA_PLUS-SCSA_PLUS_V3,1368999972792844292,3,5,-0.06705899930974844
38,CS-SCSA_PLUS-SCSA_PLUS_V3,1352922753565863936,4,4,-0.18268332968968665
38,CS-SCSA_PLUS-SCSA_PLUS_V3,1361209516277174279,5,5,-0.49845247740410137
38,CS-SCSA_PLUS-SCSA_PLUS_V3,1369521918412472320,6,5,-0.7758018253650107
38,CS-SCSA_PLUS-SCSA_PLUS_V3,1369499281833537540,7,5,-1.0100426720295603
38,CS-SCSA_PLUS-SCSA_PLUS_V3,1363322581076619265,8,5,-1.0448338071357386
38,CS-SCSA_PLUS-SCSA_PLUS_V3,1367625947462184961,9,5,-1.3560418440561621
38,CS-SCSA_PLUS-SCSA_PLUS_V3,1369181189932777474,10,5,-1.788744767211098
39,CS-SCSA_PLUS-SCSA_PLUS_V3,421376352319983617,1,4,0.49075179205224184
39,CS-SCSA_PLUS-SCSA_PLUS_V3,423131090803777536,2,5,0.01820205137590613
39,CS-SCSA_PLUS-SCSA_PLUS_V3,1369135857110638592,3,5,-0.18459674768220555
39,CS-SCSA_PLUS-SCSA_PLUS_V3,1369414843720208384,4,4,-0.3470461843806012
39,CS-SCSA_PLUS-SCSA_PLUS_V3,1368772235683586050,5,3,-0.5271052242730173
39,CS-SCSA_PLUS-SCSA_PLUS_V3,1368487216775893000,6,5,-0.5918737407629174
39,CS-SCSA_PLUS-SCSA_PLUS_V3,1369575294806425603,7,5,-0.6585218463141133
39,CS-SCSA_PLUS-SCSA_PLUS_V3,1364156801109938178,8,4,-0.8377776330088605
39,CS-SCSA_PLUS-SCSA_PLUS_V3,1364908035932569600,9,5,-1.9159082518703818
39,CS-SCSA_PLUS-SCSA_PLUS_V3,1366870970351427588,10,5,-2.134513073372507
40,CS-SCSA_PLUS-SCSA_PLUS_V3,1320019327425286144,1,5,1.0022679898072626
40,CS-SCSA_PLUS-SCSA_PLUS_V3,1359946667429093378,2,2,0.6531365800276614
40,CS-SCSA_PLUS-SCSA_PLUS_V3,1341514552819724288,3,3,0.6220493707403213
40,CS-SCSA_PLUS-SCSA_PLUS_V3,1341428444190617600,4,2,0.5337115163111246
40,CS-SCSA_PLUS-SCSA_PLUS_V3,1363945864633401344,5,5,0.30292164233922114
40,CS-SCSA_PLUS-SCSA_PLUS_V3,1336775151128518656,6,5,-0.3160863989106758
40,CS-SCSA_PLUS-SCSA_PLUS_V3,1337106387751620613,7,1,-0.6632773804383324
40,CS-SCSA_PLUS-SCSA_PLUS_V3,1338592930022363139,8,5,-0.9213822114451771
40,CS-SCSA_PLUS-SCSA_PLUS_V3,1319756701126459398,9,5,-2.7542120396589413
40,CS-SCSA_PLUS-SCSA_PLUS_V3,1354759783157534720,10,2,-3.136196932211585
41,CS-SCSA_PLUS-SCSA_PLUS_V3,1356407112385982464,1,1,20.246710094723326
41,CS-SCSA_PLUS-SCSA_PLUS_V3,1342918732486594560,2,3,12.62738616327516
41,CS-SCSA_PLUS-SCSA_PLUS_V3,1316771044049391617,3,1,4.203191111942101
41,CS-SCSA_PLUS-SCSA_PLUS_V3,1367522051762757632,4,3,1.2962794066124237
41,CS-SCSA_PLUS-SCSA_PLUS_V3,1364711711891206151,5,5,0.5549486625201807
41,CS-SCSA_PLUS-SCSA_PLUS_V3,1368999845856436224,6,3,0.4379497398594536
41,CS-SCSA_PLUS-SCSA_PLUS_V3,1291753980247375873,7,4,0.38566777978564887
41,CS-SCSA_PLUS-SCSA_PLUS_V3,1365710371206488066,8,5,0.37658348466181446
41,CS-SCSA_PLUS-SCSA_PLUS_V3,1367295825731227650,9,1,0.2572409969737445
41,CS-SCSA_PLUS-SCSA_PLUS_V3,1350629002302550016,10,1,-2.698117590563856
42,CS-SCSA_PLUS-SCSA_PLUS_V3,1361692398867402752,1,5,2.7097150294572097
42,CS-SCSA_PLUS-SCSA_PLUS_V3,1316378741061320711,2,5,0.7565363360776871
42,CS-SCSA_PLUS-SCSA_PLUS_V3,1369104826869506049,3,2,0.562555627420693
42,CS-SCSA_PLUS-SCSA_PLUS_V3,1350632339206901761,4,2,0.4319187594836833
42,CS-SCSA_PLUS-SCSA_PLUS_V3,1367351364477624321,5,5,0.38472835789978177
42,CS-SCSA_PLUS-SCSA_PLUS_V3,1283200387101712384,6,1,0.2549601895301651
42,CS-SCSA_PLUS-SCSA_PLUS_V3,1356256641814065162,7,5,0.08435795015541352
42,CS-SCSA_PLUS-SCSA_PLUS_V3,1242185573193768960,8,5,-0.7933047489095182
42,CS-SCSA_PLUS-SCSA_PLUS_V3,1325114525104758784,9,1,-0.9906313105810025
42,CS-SCSA_PLUS-SCSA_PLUS_V3,1364632186884939780,10,1,-1.4956580383351892
43,CS-SCSA_PLUS-SCSA_PLUS_V3,1358058477785120769,1,2,21.322423159682934
43,CS-SCSA_PLUS-SCSA_PLUS_V3,1334724211689074688,2,2,5.430779848719928
43,CS-SCSA_PLUS-SCSA_PLUS_V3,1316909183225286657,3,2,2.6523770218620704
43,CS-SCSA_PLUS-SCSA_PLUS_V3,1290389884927000582,4,2,1.4960332191364811
43,CS-SCSA_PLUS-SCSA_PLUS_V3,1363674987626856448,5,2,1.2737045904905002
43,CS-SCSA_PLUS-SCSA_PLUS_V3,1332420899471990786,6,3,0.9881948167640616
43,CS-SCSA_PLUS-SCSA_PLUS_V3,1349775316366090242,7,2,0.3437537516785507
43,CS-SCSA_PLUS-SCSA_PLUS_V3,1365178104310763520,8,2,0.3028220403772718
43,CS-SCSA_PLUS-SCSA_PLUS_V3,1359547910619344904,9,2,0.17854554893454622
43,CS-SCSA_PLUS-SCSA_PLUS_V3,1334706123971162115,10,2,-0.47847121446422775
44,CS-SCSA_PLUS-SCSA_PLUS_V3,1369102305748992003,1,2,-0.0673006649022767
44,CS-SCSA_PLUS-SCSA_PLUS_V3,1370028580516732943,2,3,-0.4595361835545912
44,CS-SCSA_PLUS-SCSA_PLUS_V3,1369332550347407367,3,5,-1.0075012005620008
44,CS-SCSA_PLUS-SCSA_PLUS_V3,1369609984468783107,4,3,-2.9940042082564085
44,CS-SCSA_PLUS-SCSA_PLUS_V3,1369398802537476096,5,3,-3.2424203064980825
44,CS-SCSA_PLUS-SCSA_PLUS_V3,1369546496165765121,6,3,-4.443740923659619
44,CS-SCSA_PLUS-SCSA_PLUS_V3,1369434342053806090,7,2,-4.466303907616872
44,CS-SCSA_PLUS-SCSA_PLUS_V3,1369449199343960065,8,5,-5.603332803967148
44,CS-SCSA_PLUS-SCSA_PLUS_V3,1369457998523949060,9,5,-8.323328955794963
44,CS-SCSA_PLUS-SCSA_PLUS_V3,1369377939381497859,10,5,-10.096472636049736
45,CS-SCSA_PLUS-SCSA_PLUS_V3,1358213026541834240,1,4,1.7757607310983303
45,CS-SCSA_PLUS-SCSA_PLUS_V3,1366899538502426633,2,5,1.7208673787790654
45,CS-SCSA_PLUS-SCSA_PLUS_V3,1269780932891774976,3,4,0.6071161819784907
45,CS-SCSA_PLUS-SCSA_PLUS_V3,1179754999171047425,4,5,0.13000163326032213
45,CS-SCSA_PLUS-SCSA_PLUS_V3,1335107635767439361,5,4,0.06871453017499794
45,CS-SCSA_PLUS-SCSA_PLUS_V3,1330308453508800527,6,3,-0.10015585243687332
45,CS-SCSA_PLUS-SCSA_PLUS_V3,1359267423346716677,7,4,-0.4375373565509426
45,CS-SCSA_PLUS-SCSA_PLUS_V3,1264644362731913216,8,5,-0.6152175944547245
45,CS-SCSA_PLUS-SCSA_PLUS_V3,1174371887159242752,9,4,-0.6291717111760758
45,CS-SCSA_PLUS-SCSA_PLUS_V3,1353755766625234944,10,5,-1.052700138107853
46,CS-SCSA_PLUS-SCSA_PLUS_V3,1369440894961786880,1,4,0.12031957541806965
46,CS-SCSA_PLUS-SCSA_PLUS_V3,1369596392834932746,2,4,0.04395763873512038
46,CS-SCSA_PLUS-SCSA_PLUS_V3,1369432600448745472,3,3,-0.4397069764681406
46,CS-SCSA_PLUS-SCSA_PLUS_V3,1369551925285449729,4,3,-0.6382308236506835
46,CS-SCSA_PLUS-SCSA_PLUS_V3,1368340015001042945,5,4,-0.7668443478889838
46,CS-SCSA_PLUS-SCSA_PLUS_V3,1369106243755900928,6,3,-0.832334372769189
46,CS-SCSA_PLUS-SCSA_PLUS_V3,1369121138861891587,7,2,-1.009380234770235
46,CS-SCSA_PLUS-SCSA_PLUS_V3,1369593103208886276,8,3,-1.6628261619098483
46,CS-SCSA_PLUS-SCSA_PLUS_V3,1369498268011552768,9,3,-2.19302333879383
46,CS-SCSA_PLUS-SCSA_PLUS_V3,1369332242410049546,10,5,-3.034079244070305
47,CS-SCSA_PLUS-SCSA_PLUS_V3,1368234120082554894,1,5,1.2221980179903191
47,CS-SCSA_PLUS-SCSA_PLUS_V3,1369347272975282184,2,5,1.0708740132664114
47,CS-SCSA_PLUS-SCSA_PLUS_V3,1367862841907294209,3,5,0.7518977890871412
47,CS-SCSA_PLUS-SCSA_PLUS_V3,1349775316366090242,4,3,0.3437537516785507
47,CS-SCSA_PLUS-SCSA_PLUS_V3,1368487188724350976,5,5,0.05034280407520026
47,CS-SCSA_PLUS-SCSA_PLUS_V3,1369276490832023555,6,5,-0.6572771010990455
47,CS-SCSA_PLUS-SCSA_PLUS_V3,1369397637267488772,7,5,-1.5703830601727922
47,CS-SCSA_PLUS-SCSA_PLUS_V3,1369391021642158086,8,5,-1.7033312244978769
47,CS-SCSA_PLUS-SCSA_PLUS_V3,1368174374247923712,9,5,-1.7869251171427254
47,CS-SCSA_PLUS-SCSA_PLUS_V3,1369411191316025345,10,5,-2.8585337546023326
48,CS-SCSA_PLUS-SCSA_PLUS_V3,1369456184554569731,1,5,-0.2653593223950942
48,CS-SCSA_PLUS-SCSA_PLUS_V3,1369460712054153219,2,5,-0.512522797406116
48,CS-SCSA_PLUS-SCSA_PLUS_V3,1369570221162459143,3,5,-1.133160178915643
48,CS-SCSA_PLUS-SCSA_PLUS_V3,1369517501248372738,4,5,-1.6535455202151172
48,CS-SCSA_PLUS-SCSA_PLUS_V3,1369321844449361921,5,5,-2.0541579177949956
48,CS-SCSA_PLUS-SCSA_PLUS_V3,1369570003729649671,6,5,-2.2472095820654605
48,CS-SCSA_PLUS-SCSA_PLUS_V3,1369489233153515523,7,5,-2.3688260857613326
48,CS-SCSA_PLUS-SCSA_PLUS_V3,1369294887481450502,8,5,-2.4462131830413565
48,CS-SCSA_PLUS-SCSA_PLUS_V3,1369592804683419651,9,5,-2.4818435448742346
48,CS-SCSA_PLUS-SCSA_PLUS_V3,1369528480627650560,10,5,-8.148917761669535
49,CS-SCSA_PLUS-SCSA_PLUS_V3,1306044998408904704,1,5,2.9310038191394905
49,CS-SCSA_PLUS-SCSA_PLUS_V3,1334926517722378242,2,3,0.6148222425102308
49,CS-SCSA_PLUS-SCSA_PLUS_V3,1368669282452840452,3,2,0.502765765194332
49,CS-SCSA_PLUS-SCSA_PLUS_V3,1316050559518949376,4,5,0.05770135078052982
49,CS-SCSA_PLUS-SCSA_PLUS_V3,1183046883347841024,5,5,-0.07297516330214542
49,CS-SCSA_PLUS-SCSA_PLUS_V3,1259322582949679104,6,5,-0.37121850857103755
49,CS-SCSA_PLUS-SCSA_PLUS_V3,1184552999428866048,7,5,-0.849447529577848
49,CS-SCSA_PLUS-SCSA_PLUS_V3,1273665566763433984,8,5,-1.6224751421914094
49,CS-SCSA_PLUS-SCSA_PLUS_V3,1368483092252401666,9,5,-1.7307940844603187
49,CS-SCSA_PLUS-SCSA_PLUS_V3,1271193376147177472,10,5,-2.9242620441295983
50,CS-SCSA_PLUS-SCSA_PLUS_V3,1368697794417065992,1,4,-0.24366994373772016
50,CS-SCSA_PLUS-SCSA_PLUS_V3,1369266567423397891,2,4,-0.6112697821954519
50,CS-SCSA_PLUS-SCSA_PLUS_V3,1369189230489001991,3,4,-0.7343556332921634
50,CS-SCSA_PLUS-SCSA_PLUS_V3,1369596898127077379,4,2,-0.9032838867542456
50,CS-SCSA_PLUS-SCSA_PLUS_V3,1369430517381267460,5,3,-1.0684315402049809
50,CS-SCSA_PLUS-SCSA_PLUS_V3,1369559628183445504,6,3,-1.256732762674072
50,CS-SCSA_PLUS-SCSA_PLUS_V3,1369569992732250114,7,4,-1.5242043360587365
50,CS-SCSA_PLUS-SCSA_PLUS_V3,1369425009303822344,8,4,-1.8615104917929264
50,CS-SCSA_PLUS-SCSA_PLUS_V3,1369469059427893249,9,4,-2.4370766399185273
50,CS-SCSA_PLUS-SCSA_PLUS_V3,1369617901678964736,10,3,-2.546188348007645
51,CS-SCSA_PLUS-SCSA_PLUS_V3,1366830686498217984,1,5,3.376015366335125
51,CS-SCSA_PLUS-SCSA_PLUS_V3,1366768521854656512,2,5,3.3673810653005556
51,CS-SCSA_PLUS-SCSA_PLUS_V3,1330194382914514949,3,5,3.041738145331696
51,CS-SCSA_PLUS-SCSA_PLUS_V3,1315366562069700616,4,2,1.3904025848950947
51,CS-SCSA_PLUS-SCSA_PLUS_V3,1367197078829506565,5,5,0.3596768248698819
51,CS-SCSA_PLUS-SCSA_PLUS_V3,1368751184434040836,6,3,0.2187399595329985
51,CS-SCSA_PLUS-SCSA_PLUS_V3,1368747076528578560,7,3,-0.9785474964498226
51,CS-SCSA_PLUS-SCSA_PLUS_V3,1327280720084164608,8,3,-0.9810161902934944
51,CS-SCSA_PLUS-SCSA_PLUS_V3,1369056709117808640,9,5,-1.7491500981055248
51,CS-SCSA_PLUS-SCSA_PLUS_V3,1328413175620964353,10,5,-6.8780929853896495
53,CS-SCSA_PLUS-SCSA_PLUS_V3,1369459006129930241,1,1,3.476052109755813
53,CS-SCSA_PLUS-SCSA_PLUS_V3,1366209721124839425,2,2,0.9803296699144675
53,CS-SCSA_PLUS-SCSA_PLUS_V3,1366827740175896578,3,1,0.8904677899527282
53,CS-SCSA_PLUS-SCSA_PLUS_V3,1365708399791505416,4,1,0.5519583363863759
53,CS-SCSA_PLUS-SCSA_PLUS_V3,1361767244125110275,5,1,0.28835771627763945
53,CS-SCSA_PLUS-SCSA_PLUS_V3,1367243228701892609,6,1,-0.19539792888422897
53,CS-SCSA_PLUS-SCSA_PLUS_V3,1368614821147598851,7,1,-0.2628788092811815
53,CS-SCSA_PLUS-SCSA_PLUS_V3,1367912923641737216,8,1,-0.5414017634726082
53,CS-SCSA_PLUS-SCSA_PLUS_V3,1369050447797907460,9,1,-0.7408127177238647
53,CS-SCSA_PLUS-SCSA_PLUS_V3,1367212776641359872,10,1,-0.8594103065586312
54,CS-SCSA_PLUS-SCSA_PLUS_V3,1369459006129930241,1,2,3.476052109755813
54,CS-SCSA_PLUS-SCSA_PLUS_V3,1367532286359445510,2,2,3.4163364206883995
54,CS-SCSA_PLUS-SCSA_PLUS_V3,1367548427370786816,3,5,0.8884734664520694
54,CS-SCSA_PLUS-SCSA_PLUS_V3,1326615477037142016,4,2,0.23274801837862952
54,CS-SCSA_PLUS-SCSA_PLUS_V3,1367837304509915140,5,5,-0.07518376784369181
54,CS-SCSA_PLUS-SCSA_PLUS_V3,1367243228701892609,6,5,-0.19539792888422897
54,CS-SCSA_PLUS-SCSA_PLUS_V3,1368614821147598851,7,1,-0.2628788092811815
54,CS-SCSA_PLUS-SCSA_PLUS_V3,1369050447797907460,8,2,-0.7408127177238647
54,CS-SCSA_PLUS-SCSA_PLUS_V3,1277164459446931456,9,2,-1.2610876844019123
54,CS-SCSA_PLUS-SCSA_PLUS_V3,1366425498226593793,10,3,-1.4692627400012352
55,CS-SCSA_PLUS-SCSA_PLUS_V3,1367288053547626496,1,5,3.479298593447532
55,CS-SCSA_PLUS-SCSA_PLUS_V3,1366604627689496580,2,5,2.0503713456379686
55,CS-SCSA_PLUS-SCSA_PLUS_V3,1367266920689459202,3,5,1.0795819747479323
55,CS-SCSA_PLUS-SCSA_PLUS_V3,1367862841907294209,4,5,0.7518977890871412
55,CS-SCSA_PLUS-SCSA_PLUS_V3,1251269832122777600,5,5,0.6278219709671511
55,CS-SCSA_PLUS-SCSA_PLUS_V3,1367842722678247427,6,5,0.4730259973375087
55,CS-SCSA_PLUS-SCSA_PLUS_V3,1366585340849491972,7,5,-0.003311151372341286
55,CS-SCSA_PLUS-SCSA_PLUS_V3,1299755874915942401,8,5,-0.160732823267043
55,CS-SCSA_PLUS-SCSA_PLUS_V3,1369343726611529728,9,5,-1.189975526890872
55,CS-SCSA_PLUS-SCSA_PLUS_V3,1368174374247923712,10,5,-1.7869251171427254
57,CS-SCSA_PLUS-SCSA_PLUS_V3,1369569728541425667,1,4,-0.12356354871626618
57,CS-SCSA_PLUS-SCSA_PLUS_V3,1369433577339957248,2,4,-0.2085699170349437
57,CS-SCSA_PLUS-SCSA_PLUS_V3,1369572554969583617,3,3,-0.8228629325988118
57,CS-SCSA_PLUS-SCSA_PLUS_V3,1368935548694519808,4,3,-0.8687066064524073
57,CS-SCSA_PLUS-SCSA_PLUS_V3,1369407674366976007,5,1,-1.2802806135702027
57,CS-SCSA_PLUS-SCSA_PLUS_V3,1369423783086460937,6,3,-1.6725161775981663
57,CS-SCSA_PLUS-SCSA_PLUS_V3,1369563665867898882,7,4,-1.9294593418473525
57,CS-SCSA_PLUS-SCSA_PLUS_V3,1369335967618904068,8,3,-3.785694492941156
57,CS-SCSA_PLUS-SCSA_PLUS_V3,1369560664142970881,9,4,-4.262890400843112
57,CS-SCSA_PLUS-SCSA_PLUS_V3,1369595394045444097,10,3,-4.852013814267501
58,CS-SCSA_PLUS-SCSA_PLUS_V3,1365436528865005568,1,5,3.3740348663917534
58,CS-SCSA_PLUS-SCSA_PLUS_V3,1364274434111062018,2,5,2.019159720988247
58,CS-SCSA_PLUS-SCSA_PLUS_V3,1362410505365839874,3,5,1.7465499519344199
58,CS-SCSA_PLUS-SCSA_PLUS_V3,1366889537616498688,4,3,0.31441830479085087
58,CS-SCSA_PLUS-SCSA_PLUS_V3,1365979945470582784,5,5,0.2570177891507939
58,CS-SCSA_PLUS-SCSA_PLUS_V3,1369090194847186944,6,4,-0.008911294418991066
58,CS-SCSA_PLUS-SCSA_PLUS_V3,1360763643135070209,7,3,-0.5333532254760107
58,CS-SCSA_PLUS-SCSA_PLUS_V3,1367973079624876035,8,5,-1.0347568635882605
58,CS-SCSA_PLUS-SCSA_PLUS_V3,1367536592617959425,9,5,-1.1978917138984684
58,CS-SCSA_PLUS-SCSA_PLUS_V3,1361311529392623617,10,5,-1.2236077194022987
60,CS-SCSA_PLUS-SCSA_PLUS_V3,1367236148385304576,1,5,1.7651585101049705
60,CS-SCSA_PLUS-SCSA_PLUS_V3,1368328702002671626,2,5,0.4327199846214929
60,CS-SCSA_PLUS-SCSA_PLUS_V3,1365693174493151234,3,5,0.1699537376371918
60,CS-SCSA_PLUS-SCSA_PLUS_V3,1366503879983030273,4,5,0.10377605884398784
60,CS-SCSA_PLUS-SCSA_PLUS_V3,1151158403135397888,5,5,-0.06586802955579077
60,CS-SCSA_PLUS-SCSA_PLUS_V3,1353781237882744833,6,5,-0.326747011996363
60,CS-SCSA_PLUS-SCSA_PLUS_V3,1365108564679790592,7,5,-0.49725542570970976
60,CS-SCSA_PLUS-SCSA_PLUS_V3,1340053869758394370,8,5,-1.1268466546994067
60,CS-SCSA_PLUS-SCSA_PLUS_V3,1367565062328623104,9,5,-1.6537577116719466
60,CS-SCSA_PLUS-SCSA_PLUS_V3,1145785172069146626,10,5,-1.9982559498967352
61,CS-SCSA_PLUS-SCSA_PLUS_V3,1369453567367507968,1,3,1.9243064691038831
61,CS-SCSA_PLUS-SCSA_PLUS_V3,1349371181334474754,2,4,1.2522792278719965
61,CS-SCSA_PLUS-SCSA_PLUS_V3,1366212322436423682,3,2,0.8467181354717586
61,CS-SCSA_PLUS-SCSA_PLUS_V3,1261295911185068033,4,5,0.46351825202937
61,CS-SCSA_PLUS-SCSA_PLUS_V3,1368840460198838272,5,1,0.25922409750925507
61,CS-SCSA_PLUS-SCSA_PLUS_V3,1250915381646176262,6,2,-0.18366784367245081
61,CS-SCSA_PLUS-SCSA_PLUS_V3,1341859235756453889,7,2,-0.6810831667045678
61,CS-SCSA_PLUS-SCSA_PLUS_V3,1245049389250273280,8,2,-0.7892578766303529
61,CS-SCSA_PLUS-SCSA_PLUS_V3,1357670309525131266,9,1,-0.9436959862598527
61,CS-SCSA_PLUS-SCSA_PLUS_V3,1368017377036660737,10,3,-1.7819829725134506
62,CS-SCSA_PLUS-SCSA_PLUS_V3,1357647227808841728,1,3,0.18073667149635622
62,CS-SCSA_PLUS-SCSA_PLUS_V3,1326957720759541761,2,4,0.11094615080602054
62,CS-SCSA_PLUS-SCSA_PLUS_V3,1352017720578105346,3,1,0.018479665777440177
62,CS-SCSA_PLUS-SCSA_PLUS_V3,1359973359568625670,4,3,-0.3539991671598152
62,CS-SCSA_PLUS-SCSA_PLUS_V3,1337102280059834370,5,3,-0.7034960145974156
62,CS-SCSA_PLUS-SCSA_PLUS_V3,1319639717906821121,6,3,-0.9408035467005211
62,CS-SCSA_PLUS-SCSA_PLUS_V3,1365731424322478084,7,5,-0.9432789972351524
62,CS-SCSA_PLUS-SCSA_PLUS_V3,1359935760627953665,8,3,-1.0435399793942959
62,CS-SCSA_PLUS-SCSA_PLUS_V3,1369308139158446081,9,3,-1.2077944859663825
62,CS-SCSA_PLUS-SCSA_PLUS_V3,1366752653401853956,10,5,-1.3890767850697496
63,CS-SCSA_PLUS-SCSA_PLUS_V3,1368697794417065992,1,3,-0.24366994373772016
63,CS-SCSA_PLUS-SCSA_PLUS_V3,1369442906671616001,2,5,-0.5136095872273199
63,CS-SCSA_PLUS-SCSA_PLUS_V3,1369266567423397891,3,3,-0.6112697821954519
63,CS-SCSA_PLUS-SCSA_PLUS_V3,1369430517381267460,4,3,-1.0684315402049809
63,CS-SCSA_PLUS-SCSA_PLUS_V3,1370127157276606467,5,5,-1.2442358132584608
63,CS-SCSA_PLUS-SCSA_PLUS_V3,1369425009303822344,6,1,-1.8615104917929264
63,CS-SCSA_PLUS-SCSA_PLUS_V3,1369396362840858635,7,2,-1.9463340384095071
63,CS-SCSA_PLUS-SCSA_PLUS_V3,1369492359243763717,8,2,-2.431084150905022
63,CS-SCSA_PLUS-SCSA_PLUS_V3,1369419121818038275,9,5,-2.9487727450184127
63,CS-SCSA_PLUS-SCSA_PLUS_V3,1369377489030705154,10,1,-3.124376736012021
66,CS-SCSA_PLUS-SCSA_PLUS_V3,1364866906658922496,1,3,2.3807309819723814
66,CS-SCSA_PLUS-SCSA_PLUS_V3,1359391903838470147,2,3,1.1823369834014579
66,CS-SCSA_PLUS-SCSA_PLUS_V3,1329456908726644738,3,3,-0.003239216327573123
66,CS-SCSA_PLUS-SCSA_PLUS_V3,1361600708764700674,4,5,-0.04749809218548001
66,CS-SCSA_PLUS-SCSA_PLUS_V3,1356664797979369475,5,4,-0.08723212865534526
66,CS-SCSA_PLUS-SCSA_PLUS_V3,1366587272477306883,6,5,-0.21100845551411296
66,CS-SCSA_PLUS-SCSA_PLUS_V3,1022134672929816578,7,5,-0.4457941349971038
66,CS-SCSA_PLUS-SCSA_PLUS_V3,1329790713039523845,8,5,-0.5527240284290535
66,CS-SCSA_PLUS-SCSA_PLUS_V3,1314195121861132288,9,4,-0.6128016908090167
66,CS-SCSA_PLUS-SCSA_PLUS_V3,1358993966020976640,10,3,-0.8271201623127821
68,CS-SCSA_PLUS-SCSA_PLUS_V3,1332399472039620612,1,5,3.6075951378527056
68,CS-SCSA_PLUS-SCSA_PLUS_V3,1315101846596272129,2,5,1.5690689749277345
68,CS-SCSA_PLUS-SCSA_PLUS_V3,1263620338790944769,3,1,0.7314203954372503
68,CS-SCSA_PLUS-SCSA_PLUS_V3,1350865539091066881,4,5,0.08937396373738687
68,CS-SCSA_PLUS-SCSA_PLUS_V3,1337102280059834370,5,4,-0.7034960145974156
68,CS-SCSA_PLUS-SCSA_PLUS_V3,1365731424322478084,6,5,-0.9432789972351524
68,CS-SCSA_PLUS-SCSA_PLUS_V3,1369308139158446081,7,3,-1.2077944859663825
68,CS-SCSA_PLUS-SCSA_PLUS_V3,1358898413136396288,8,3,-1.310758717959117
68,CS-SCSA_PLUS-SCSA_PLUS_V3,1366752653401853956,9,5,-1.3890767850697496
68,CS-SCSA_PLUS-SCSA_PLUS_V3,1319321276171759617,10,5,-1.6176735915961549
70,CS-SCSA_PLUS-SCSA_PLUS_V3,1368604102989541376,1,5,0.15492941898078222
70,CS-SCSA_PLUS-SCSA_PLUS_V3,1369445460163915780,2,4,-0.9584759039541307
70,CS-SCSA_PLUS-SCSA_PLUS_V3,1369269245704630276,3,5,-1.1164458368120729
70,CS-SCSA_PLUS-SCSA_PLUS_V3,1369469114620731393,4,5,-1.1481204983345081
70,CS-SCSA_PLUS-SCSA_PLUS_V3,1369547940017147907,5,4,-1.2251300772801237
70,CS-SCSA_PLUS-SCSA_PLUS_V3,1369589127168073728,6,5,-1.7304627822111625
70,CS-SCSA_PLUS-SCSA_PLUS_V3,1369465541925175296,7,5,-2.4318476392547845
70,CS-SCSA_PLUS-SCSA_PLUS_V3,1369352315698872325,8,4,-2.4963615556575642
70,CS-SCSA_PLUS-SCSA_PLUS_V3,1369450685708857348,9,4,-2.507537572567471
70,CS-SCSA_PLUS-SCSA_PLUS_V3,1369408111698673675,10,5,-2.7930677929297545
71,CS-SCSA_PLUS-SCSA_PLUS_V3,1363914797335543811,1,2,0.3122923882629158
71,CS-SCSA_PLUS-SCSA_PLUS_V3,1357647227808841728,2,4,0.18073667149635622
71,CS-SCSA_PLUS-SCSA_PLUS_V3,1326957720759541761,3,5,0.11094615080602054
71,CS-SCSA_PLUS-SCSA_PLUS_V3,1362902698585071617,4,3,-0.04493230657032361
71,CS-SCSA_PLUS-SCSA_PLUS_V3,1363172378843389952,5,3,-0.0814340873216249
71,CS-SCSA_PLUS-SCSA_PLUS_V3,1337102280059834370,6,3,-0.7034960145974156
71,CS-SCSA_PLUS-SCSA_PLUS_V3,1319639717906821121,7,2,-0.9408035467005211
71,CS-SCSA_PLUS-SCSA_PLUS_V3,1337104278398382087,8,5,-1.0903740607577972
71,CS-SCSA_PLUS-SCSA_PLUS_V3,1369308139158446081,9,2,-1.2077944859663825
71,CS-SCSA_PLUS-SCSA_PLUS_V3,1358898413136396288,10,3,-1.310758717959117
72,CS-SCSA_PLUS-SCSA_PLUS_V3,1363878818100875267,1,4,-0.529642206768723
72,CS-SCSA_PLUS-SCSA_PLUS_V3,1369389341445873676,2,3,-0.8514948157664448
72,CS-SCSA_PLUS-SCSA_PLUS_V3,1369286911391637513,3,3,-1.44716511089105
72,CS-SCSA_PLUS-SCSA_PLUS_V3,1369435367892455435,4,3,-2.4141023101617725
72,CS-SCSA_PLUS-SCSA_PLUS_V3,1365338574908891138,5,4,-2.4267066049383774
72,CS-SCSA_PLUS-SCSA_PLUS_V3,1369552724228980736,6,4,-2.6218576376039016
72,CS-SCSA_PLUS-SCSA_PLUS_V3,1370134342106804226,7,2,-2.8316967681114202
72,CS-SCSA_PLUS-SCSA_PLUS_V3,1369285101100691456,8,4,-3.1017815113906857
72,CS-SCSA_PLUS-SCSA_PLUS_V3,1369611540475895810,9,4,-3.6232593005348837
72,CS-SCSA_PLUS-SCSA_PLUS_V3,1369533353930727426,10,2,-3.712498111871633
73,CS-SCSA_PLUS-SCSA_PLUS_V3,1366828167936237575,1,4,0.3258762036200224
73,CS-SCSA_PLUS-SCSA_PLUS_V3,1368969473651261440,2,3,-0.4205881329053484
73,CS-SCSA_PLUS-SCSA_PLUS_V3,1358797009164111874,3,5,-0.48404985688175683
73,CS-SCSA_PLUS-SCSA_PLUS_V3,1369045377417162761,4,5,-0.9399664339367327
73,CS-SCSA_PLUS-SCSA_PLUS_V3,1369287711480221698,5,4,-1.1616232529658366
73,CS-SCSA_PLUS-SCSA_PLUS_V3,1366447180521816066,6,3,-1.3627789770191736
73,CS-SCSA_PLUS-SCSA_PLUS_V3,1366730304740872194,7,3,-1.4954018884917912
73,CS-SCSA_PLUS-SCSA_PLUS_V3,1365259500064804866,8,4,-1.8784647106052093
73,CS-SCSA_PLUS-SCSA_PLUS_V3,1369352282937065472,9,5,-1.8803583196324283
73,CS-SCSA_PLUS-SCSA_PLUS_V3,1369392703054708740,10,3,-3.867270612624724
74,CS-SCSA_PLUS-SCSA_PLUS_V3,1369538553219325952,1,1,-0.2444092756156609
74,CS-SCSA_PLUS-SCSA_PLUS_V3,1369063128269479936,2,2,-0.25153029977821206
74,CS-SCSA_PLUS-SCSA_PLUS_V3,1369563595978252291,3,1,-0.3827666187051784
74,CS-SCSA_PLUS-SCSA_PLUS_V3,1369264726656638979,4,2,-0.4949819111151223
74,CS-SCSA_PLUS-SCSA_PLUS_V3,1369538190827270145,5,2,-0.5069843890793011
74,CS-SCSA_PLUS-SCSA_PLUS_V3,1369396337469501452,6,2,-0.5841168382932511
74,CS-SCSA_PLUS-SCSA_PLUS_V3,1370053184589299724,7,4,-0.7396506724982814
74,CS-SCSA_PLUS-SCSA_PLUS_V3,1369600439239458820,8,2,-1.3282593773372822
74,CS-SCSA_PLUS-SCSA_PLUS_V3,1369337073463885828,9,2,-1.6624673501287082
74,CS-SCSA_PLUS-SCSA_PLUS_V3,1369589858763673606,10,2,-3.5680058859646926
76,CS-SCSA_PLUS-SCSA_PLUS_V3,1358058477785120769,1,1,21.322423159682934
76,CS-SCSA_PLUS-SCSA_PLUS_V3,1354658220585922565,2,2,8.971915462706788
76,CS-SCSA_PLUS-SCSA_PLUS_V3,1334724211689074688,3,2,5.430779848719928
76,CS-SCSA_PLUS-SCSA_PLUS_V3,1268243264156524544,4,3,3.9045236499665807
76,CS-SCSA_PLUS-SCSA_PLUS_V3,1316909183225286657,5,3,2.6523770218620704
76,CS-SCSA_PLUS-SCSA_PLUS_V3,1290389884927000582,6,1,1.4960332191364811
76,CS-SCSA_PLUS-SCSA_PLUS_V3,1363674987626856448,7,2,1.2737045904905002
76,CS-SCSA_PLUS-SCSA_PLUS_V3,1332420899471990786,8,3,0.9881948167640616
76,CS-SCSA_PLUS-SCSA_PLUS_V3,1318996052049973248,9,2,-0.06480098275687698
76,CS-SCSA_PLUS-SCSA_PLUS_V3,1334706123971162115,10,3,-0.47847121446422775
77,CS-SCSA_PLUS-SCSA_PLUS_V3,1329140321402445824,1,3,0.10155675003258427
77,CS-SCSA_PLUS-SCSA_PLUS_V3,1368999972792844292,2,4,-0.06705899930974844
77,CS-SCSA_PLUS-SCSA_PLUS_V3,1352922753565863936,3,3,-0.18268332968968665
77,CS-SCSA_PLUS-SCSA_PLUS_V3,1361209516277174279,4,4,-0.49845247740410137
77,CS-SCSA_PLUS-SCSA_PLUS_V3,1369521918412472320,5,2,-0.7758018253650107
77,CS-SCSA_PLUS-SCSA_PLUS_V3,1369499281833537540,6,2,-1.0100426720295603
77,CS-SCSA_PLUS-SCSA_PLUS_V3,1363322581076619265,7,5,-1.0448338071357386
77,CS-SCSA_PLUS-SCSA_PLUS_V3,1367625947462184961,8,3,-1.3560418440561621
77,CS-SCSA_PLUS-SCSA_PLUS_V3,1349357033301159936,9,3,-1.5038747051473769
77,CS-SCSA_PLUS-SCSA_PLUS_V3,1369181189932777474,10,2,-1.788744767211098
78,CS-SCSA_PLUS-SCSA_PLUS_V3,1366967661754675207,1,4,3.3869334536411704
78,CS-SCSA_PLUS-SCSA_PLUS_V3,1367172928295628802,2,1,1.9012351119036037
78,CS-SCSA_PLUS-SCSA_PLUS_V3,1368236771671162881,3,1,0.7126702794100901
78,CS-SCSA_PLUS-SCSA_PLUS_V3,1367535310733680640,4,2,0.6808241585232226
78,CS-SCSA_PLUS-SCSA_PLUS_V3,1368218004861911049,5,1,0.5282204331561288
78,CS-SCSA_PLUS-SCSA_PLUS_V3,1368984926410989569,6,1,0.2827533838462818
78,CS-SCSA_PLUS-SCSA_PLUS_V3,1367327155667935236,7,1,0.19394638398070735
78,CS-SCSA_PLUS-SCSA_PLUS_V3,1366848285361717252,8,2,0.17935314097381336
78,CS-SCSA_PLUS-SCSA_PLUS_V3,1367296657705099264,9,3,0.12108509571318139
78,CS-SCSA_PLUS-SCSA_PLUS_V3,1367616598727614473,10,2,-1.285177679609279
79,CS-SCSA_PLUS-SCSA_PLUS_V3,1367702233853259783,1,2,8.291738394721442
79,CS-SCSA_PLUS-SCSA_PLUS_V3,1324444938923175936,2,2,0.8824845572508353
79,CS-SCSA_PLUS-SCSA_PLUS_V3,1322265461359316992,3,2,0.7366065911932674
79,CS-SCSA_PLUS-SCSA_PLUS_V3,1263620338790944769,4,3,0.7314203954372503
79,CS-SCSA_PLUS-SCSA_PLUS_V3,1355379018791591936,5,3,-0.32878159018203074
79,CS-SCSA_PLUS-SCSA_PLUS_V3,1345783947607867393,6,2,-0.3643754492249086
79,CS-SCSA_PLUS-SCSA_PLUS_V3,1212045448812417030,7,5,-0.3950977442022446
79,CS-SCSA_PLUS-SCSA_PLUS_V3,1330266160202477577,8,3,-0.5521444144455775
79,CS-SCSA_PLUS-SCSA_PLUS_V3,1357083144407552000,9,5,-0.719800386811307
79,CS-SCSA_PLUS-SCSA_PLUS_V3,1319321276171759617,10,3,-1.6176735915961549
81,CS-SCSA_PLUS-SCSA_PLUS_V3,1366854672955240450,1,5,3.550781854495978
81,CS-SCSA_PLUS-SCSA_PLUS_V3,1367548056628039684,2,5,3.4325261147761
81,CS-SCSA_PLUS-SCSA_PLUS_V3,1368234120082554894,3,5,1.2221980179903191
81,CS-SCSA_PLUS-SCSA_PLUS_V3,1367862841907294209,4,5,0.7518977890871412
81,CS-SCSA_PLUS-SCSA_PLUS_V3,1367703501367771141,5,5,0.5294396464598748
81,CS-SCSA_PLUS-SCSA_PLUS_V3,1368487188724350976,6,5,0.05034280407520026
81,CS-SCSA_PLUS-SCSA_PLUS_V3,1361801412741529606,7,5,-0.43670505476199883
81,CS-SCSA_PLUS-SCSA_PLUS_V3,1313215942826967040,8,5,-0.7429020519100734
81,CS-SCSA_PLUS-SCSA_PLUS_V3,1368939918727278599,9,5,-1.667253183456757
81,CS-SCSA_PLUS-SCSA_PLUS_V3,1368174374247923712,10,5,-1.7869251171427254
1,SC-STATE_ART-SCSA_PLUS_V3,1344689933978656771,1,5,3.422843100278954
1,SC-STATE_ART-SCSA_PLUS_V3,1336964656792035329,2,2,2.0763651263409506
1,SC-STATE_ART-SCSA_PLUS_V3,1365327872643260420,3,1,1.9736484846794227
1,SC-STATE_ART-SCSA_PLUS_V3,1336810117057179649,4,3,1.723459833576476
1,SC-STATE_ART-SCSA_PLUS_V3,1317842770816602114,5,3,0.29836443370412735
1,SC-STATE_ART-SCSA_PLUS_V3,1369325020258983936,6,5,-0.8129973821962501
1,SC-STATE_ART-SCSA_PLUS_V3,1365315820080009221,7,4,-1.034510873345673
1,SC-STATE_ART-SCSA_PLUS_V3,1369441796925886465,8,3,-2.038859345145162
1,SC-STATE_ART-SCSA_PLUS_V3,1369375444793954323,9,5,-2.7527104441297636
1,SC-STATE_ART-SCSA_PLUS_V3,1369400194513723396,10,4,-3.2620846670431307
2,SC-STATE_ART-SCSA_PLUS_V3,1362085735063572482,1,3,1.0182111709970592
2,SC-STATE_ART-SCSA_PLUS_V3,1362074171832958980,2,3,0.7331420762516607
2,SC-STATE_ART-SCSA_PLUS_V3,1362776603047165957,3,2,-0.6809603197180417
2,SC-STATE_ART-SCSA_PLUS_V3,1369355243406954501,4,2,-0.7380823695008286
2,SC-STATE_ART-SCSA_PLUS_V3,1359577321695547392,5,3,-1.0250458628988153
2,SC-STATE_ART-SCSA_PLUS_V3,1369441796925886465,6,2,-2.038859345145162
2,SC-STATE_ART-SCSA_PLUS_V3,1369614175048249346,7,4,-2.2987185320665353
2,SC-STATE_ART-SCSA_PLUS_V3,1369048387815899139,8,2,-2.6108610574621216
2,SC-STATE_ART-SCSA_PLUS_V3,1369375444793954323,9,3,-2.7527104441297636
2,SC-STATE_ART-SCSA_PLUS_V3,1369400194513723396,10,4,-3.2620846670431307
3,SC-STATE_ART-SCSA_PLUS_V3,1369075561981566976,1,2,3.4713388927248765
3,SC-STATE_ART-SCSA_PLUS_V3,1369075493753020420,2,2,3.249128324108365
3,SC-STATE_ART-SCSA_PLUS_V3,1366443197166096385,3,4,1.2734719164092647
3,SC-STATE_ART-SCSA_PLUS_V3,1367300793485828097,4,3,1.2122225436979266
3,SC-STATE_ART-SCSA_PLUS_V3,1364666742916583427,5,3,0.9822172364567091
3,SC-STATE_ART-SCSA_PLUS_V3,1303249708169613313,6,2,0.15353892550587625
3,SC-STATE_ART-SCSA_PLUS_V3,1367237010608431106,7,3,-0.33909162986804253
3,SC-STATE_ART-SCSA_PLUS_V3,1369325020258983936,8,3,-0.8129973821962501
3,SC-STATE_ART-SCSA_PLUS_V3,1365315820080009221,9,4,-1.034510873345673
3,SC-STATE_ART-SCSA_PLUS_V3,1367521202042933249,10,5,-3.7094121978709644
4,SC-STATE_ART-SCSA_PLUS_V3,1349380288783253504,1,2,0.9172050204873838
4,SC-STATE_ART-SCSA_PLUS_V3,1349377838722519040,2,2,0.7765136103628977
4,SC-STATE_ART-SCSA_PLUS_V3,1353672852747284480,3,4,-0.14917337648383971
4,SC-STATE_ART-SCSA_PLUS_V3,1362776603047165957,4,5,-0.6809603197180417
4,SC-STATE_ART-SCSA_PLUS_V3,1369355243406954501,5,5,-0.7380823695008286
4,SC-STATE_ART-SCSA_PLUS_V3,1354011094751260673,6,4,-1.3796503699019258
4,SC-STATE_ART-SCSA_PLUS_V3,1369441796925886465,7,3,-2.038859345145162
4,SC-STATE_ART-SCSA_PLUS_V3,1369048387815899139,8,5,-2.6108610574621216
4,SC-STATE_ART-SCSA_PLUS_V3,1369375444793954323,9,5,-2.7527104441297636
4,SC-STATE_ART-SCSA_PLUS_V3,1369400194513723396,10,5,-3.2620846670431307
5,SC-STATE_ART-SCSA_PLUS_V3,1362085735063572482,1,1,1.0182111709970592
5,SC-STATE_ART-SCSA_PLUS_V3,1362074171832958980,2,3,0.7331420762516607
5,SC-STATE_ART-SCSA_PLUS_V3,1362776603047165957,3,5,-0.6809603197180417
5,SC-STATE_ART-SCSA_PLUS_V3,1369355243406954501,4,5,-0.7380823695008286
5,SC-STATE_ART-SCSA_PLUS_V3,1359577321695547392,5,1,-1.0250458628988153
5,SC-STATE_ART-SCSA_PLUS_V3,1369441796925886465,6,5,-2.038859345145162
5,SC-STATE_ART-SCSA_PLUS_V3,1369614175048249346,7,4,-2.2987185320665353
5,SC-STATE_ART-SCSA_PLUS_V3,1369048387815899139,8,4,-2.6108610574621216
5,SC-STATE_ART-SCSA_PLUS_V3,1369375444793954323,9,5,-2.7527104441297636
5,SC-STATE_ART-SCSA_PLUS_V3,1369400194513723396,10,5,-3.2620846670431307
6,SC-STATE_ART-SCSA_PLUS_V3,1362083047785439239,1,4,6.317284019691915
6,SC-STATE_ART-SCSA_PLUS_V3,1294010972055592962,2,3,3.442000195162174
6,SC-STATE_ART-SCSA_PLUS_V3,1344689933978656771,3,4,3.422843100278954
6,SC-STATE_ART-SCSA_PLUS_V3,1337020338916499463,4,2,2.720979175276886
6,SC-STATE_ART-SCSA_PLUS_V3,1355167587638906880,5,3,1.9174980996517728
6,SC-STATE_ART-SCSA_PLUS_V3,1369298875719311360,6,5,1.2509600653879582
6,SC-STATE_ART-SCSA_PLUS_V3,1331748997124534274,7,4,0.605440354063378
6,SC-STATE_ART-SCSA_PLUS_V3,1317842770816602114,8,5,0.29836443370412735
6,SC-STATE_ART-SCSA_PLUS_V3,1369405604595400711,9,5,-0.2004328457738552
6,SC-STATE_ART-SCSA_PLUS_V3,1369311531360518146,10,5,-1.9307035383663498
7,SC-STATE_ART-SCSA_PLUS_V3,1367462925250818061,1,5,2.2891324647428473
7,SC-STATE_ART-SCSA_PLUS_V3,1336964656792035329,2,3,2.0763651263409506
7,SC-STATE_ART-SCSA_PLUS_V3,1365327872643260420,3,4,1.9736484846794227
7,SC-STATE_ART-SCSA_PLUS_V3,1368909409775149064,4,4,1.9461802284427354
7,SC-STATE_ART-SCSA_PLUS_V3,1337318168277241857,5,3,1.8866985269298249
7,SC-STATE_ART-SCSA_PLUS_V3,1336810117057179649,6,4,1.723459833576476
7,SC-STATE_ART-SCSA_PLUS_V3,1368932010971004931,7,4,-0.4191673824872118
7,SC-STATE_ART-SCSA_PLUS_V3,1362776603047165957,8,4,-0.6809603197180417
7,SC-STATE_ART-SCSA_PLUS_V3,1369325020258983936,9,3,-0.8129973821962501
7,SC-STATE_ART-SCSA_PLUS_V3,1365315820080009221,10,4,-1.034510873345673
8,SC-STATE_ART-SCSA_PLUS_V3,1362083047785439239,1,4,6.317284019691915
8,SC-STATE_ART-SCSA_PLUS_V3,1334711453211889665,2,4,4.387822739031291
8,SC-STATE_ART-SCSA_PLUS_V3,1337022746824499203,3,4,3.93677533228313
8,SC-STATE_ART-SCSA_PLUS_V3,1294010972055592962,4,4,3.442000195162174
8,SC-STATE_ART-SCSA_PLUS_V3,1337020338916499463,5,4,2.720979175276886
8,SC-STATE_ART-SCSA_PLUS_V3,1334726779903168512,6,4,1.9272129909067
8,SC-STATE_ART-SCSA_PLUS_V3,1355167587638906880,7,4,1.9174980996517728
8,SC-STATE_ART-SCSA_PLUS_V3,1337021907464499204,8,4,1.3667118216563114
8,SC-STATE_ART-SCSA_PLUS_V3,1331748997124534274,9,4,0.605440354063378
8,SC-STATE_ART-SCSA_PLUS_V3,1350483251291451392,10,5,-1.615708369470857
9,SC-STATE_ART-SCSA_PLUS_V3,1095067826061262848,1,1,12.975365939575605
9,SC-STATE_ART-SCSA_PLUS_V3,1364683920965578753,2,1,5.503195554791012
9,SC-STATE_ART-SCSA_PLUS_V3,1366561763962073092,3,1,3.8351115564430356
9,SC-STATE_ART-SCSA_PLUS_V3,1273231711908872193,4,1,3.1768801653310494
9,SC-STATE_ART-SCSA_PLUS_V3,1365320876510560258,5,4,1.9819255746385516
9,SC-STATE_ART-SCSA_PLUS_V3,1338584496489172992,6,3,1.8584771903482171
9,SC-STATE_ART-SCSA_PLUS_V3,1336059119174897665,7,4,0.11828577394317481
9,SC-STATE_ART-SCSA_PLUS_V3,1182112257708306433,8,1,-0.16049419338306353
9,SC-STATE_ART-SCSA_PLUS_V3,1359597695548153864,9,4,-0.2779759772068338
9,SC-STATE_ART-SCSA_PLUS_V3,1350483251291451392,10,5,-1.615708369470857
10,SC-STATE_ART-SCSA_PLUS_V3,1367462925250818061,1,4,2.2891324647428473
10,SC-STATE_ART-SCSA_PLUS_V3,1336964656792035329,2,4,2.0763651263409506
10,SC-STATE_ART-SCSA_PLUS_V3,1365327872643260420,3,3,1.9736484846794227
10,SC-STATE_ART-SCSA_PLUS_V3,1368909409775149064,4,5,1.9461802284427354
10,SC-STATE_ART-SCSA_PLUS_V3,1337318168277241857,5,3,1.8866985269298249
10,SC-STATE_ART-SCSA_PLUS_V3,1336810117057179649,6,4,1.723459833576476
10,SC-STATE_ART-SCSA_PLUS_V3,1368932010971004931,7,5,-0.4191673824872118
10,SC-STATE_ART-SCSA_PLUS_V3,1369325020258983936,8,4,-0.8129973821962501
10,SC-STATE_ART-SCSA_PLUS_V3,1365315820080009221,9,4,-1.034510873345673
10,SC-STATE_ART-SCSA_PLUS_V3,1350483251291451392,10,5,-1.615708369470857
11,SC-STATE_ART-SCSA_PLUS_V3,1362083047785439239,1,5,6.317284019691915
11,SC-STATE_ART-SCSA_PLUS_V3,1362083047785439239,2,5,6.317284019691915
11,SC-STATE_ART-SCSA_PLUS_V3,1334711453211889665,3,3,4.387822739031291
11,SC-STATE_ART-SCSA_PLUS_V3,1337022746824499203,4,5,3.93677533228313
11,SC-STATE_ART-SCSA_PLUS_V3,1337022746824499203,5,5,3.93677533228313
11,SC-STATE_ART-SCSA_PLUS_V3,1294010972055592962,6,5,3.442000195162174
11,SC-STATE_ART-SCSA_PLUS_V3,1337020338916499463,7,3,2.720979175276886
11,SC-STATE_ART-SCSA_PLUS_V3,1337020338916499463,8,5,2.720979175276886
11,SC-STATE_ART-SCSA_PLUS_V3,1337021907464499204,9,5,1.3667118216563114
11,SC-STATE_ART-SCSA_PLUS_V3,1337021907464499204,10,5,1.3667118216563114
12,SC-STATE_ART-SCSA_PLUS_V3,1366910062711685124,1,5,9.90831912866012
12,SC-STATE_ART-SCSA_PLUS_V3,1366197120064192513,2,5,9.275643528272024
12,SC-STATE_ART-SCSA_PLUS_V3,1361511252103729153,3,5,3.7704800579429185
12,SC-STATE_ART-SCSA_PLUS_V3,1361586402484514816,4,2,1.8928511756705775
12,SC-STATE_ART-SCSA_PLUS_V3,1365109273240473600,5,3,1.6517561734975041
12,SC-STATE_ART-SCSA_PLUS_V3,1361857937518465025,6,5,1.2502722380765232
12,SC-STATE_ART-SCSA_PLUS_V3,1301164188136431616,7,5,1.1745449410662212
12,SC-STATE_ART-SCSA_PLUS_V3,1361853779025403905,8,2,0.9924666377646604
12,SC-STATE_ART-SCSA_PLUS_V3,1365037827298238464,9,2,0.4593473295931426
12,SC-STATE_ART-SCSA_PLUS_V3,1349749578095075328,10,5,0.06932037073590923
13,SC-STATE_ART-SCSA_PLUS_V3,1366167129754537984,1,2,2.2768611335594184
13,SC-STATE_ART-SCSA_PLUS_V3,1336964656792035329,2,1,2.0763651263409506
13,SC-STATE_ART-SCSA_PLUS_V3,1365327872643260420,3,1,1.9736484846794227
13,SC-STATE_ART-SCSA_PLUS_V3,1337318168277241857,4,1,1.8866985269298249
13,SC-STATE_ART-SCSA_PLUS_V3,1336810117057179649,5,4,1.723459833576476
13,SC-STATE_ART-SCSA_PLUS_V3,1365113385658970113,6,1,1.2786927528281373
13,SC-STATE_ART-SCSA_PLUS_V3,1363551492486008834,7,1,0.5229277309207143
13,SC-STATE_ART-SCSA_PLUS_V3,1362776603047165957,8,2,-0.6809603197180417
13,SC-STATE_ART-SCSA_PLUS_V3,1369325020258983936,9,4,-0.8129973821962501
13,SC-STATE_ART-SCSA_PLUS_V3,1365315820080009221,10,4,-1.034510873345673
15,SC-STATE_ART-SCSA_PLUS_V3,1361511252103729153,1,5,3.7704800579429185
15,SC-STATE_ART-SCSA_PLUS_V3,1366167129754537984,2,4,2.2768611335594184
15,SC-STATE_ART-SCSA_PLUS_V3,1361586402484514816,3,3,1.8928511756705775
15,SC-STATE_ART-SCSA_PLUS_V3,1365109273240473600,4,3,1.6517561734975041
15,SC-STATE_ART-SCSA_PLUS_V3,1366121589478154243,5,4,1.2889858962019534
15,SC-STATE_ART-SCSA_PLUS_V3,1365113385658970113,6,3,1.2786927528281373
15,SC-STATE_ART-SCSA_PLUS_V3,1361857937518465025,7,3,1.2502722380765232
15,SC-STATE_ART-SCSA_PLUS_V3,1301164188136431616,8,3,1.1745449410662212
15,SC-STATE_ART-SCSA_PLUS_V3,1361853779025403905,9,5,0.9924666377646604
15,SC-STATE_ART-SCSA_PLUS_V3,1349749578095075328,10,3,0.06932037073590923
16,SC-STATE_ART-SCSA_PLUS_V3,1366499073671454725,1,2,4.034211660614664
16,SC-STATE_ART-SCSA_PLUS_V3,1368245651046207493,2,5,3.4386130032824767
16,SC-STATE_ART-SCSA_PLUS_V3,1367462925250818061,3,1,2.2891324647428473
16,SC-STATE_ART-SCSA_PLUS_V3,1368909409775149064,4,2,1.9461802284427354
16,SC-STATE_ART-SCSA_PLUS_V3,1368580185642110982,5,5,1.9342973647240196
16,SC-STATE_ART-SCSA_PLUS_V3,1367113993815547906,6,4,1.6262186286336613
16,SC-STATE_ART-SCSA_PLUS_V3,1324374402750767104,7,1,0.8570444552028132
16,SC-STATE_ART-SCSA_PLUS_V3,1303249708169613313,8,1,0.15353892550587625
16,SC-STATE_ART-SCSA_PLUS_V3,1368932010971004931,9,1,-0.4191673824872118
16,SC-STATE_ART-SCSA_PLUS_V3,1319402828285108225,10,1,-2.269523039538623
17,SC-STATE_ART-SCSA_PLUS_V3,1366167129754537984,1,1,2.2768611335594184
17,SC-STATE_ART-SCSA_PLUS_V3,1336964656792035329,2,2,2.0763651263409506
17,SC-STATE_ART-SCSA_PLUS_V3,1365327872643260420,3,2,1.9736484846794227
17,SC-STATE_ART-SCSA_PLUS_V3,1337318168277241857,4,2,1.8866985269298249
17,SC-STATE_ART-SCSA_PLUS_V3,1336810117057179649,5,2,1.723459833576476
17,SC-STATE_ART-SCSA_PLUS_V3,1365113385658970113,6,1,1.2786927528281373
17,SC-STATE_ART-SCSA_PLUS_V3,1344784297316786177,7,5,0.693716711838448
17,SC-STATE_ART-SCSA_PLUS_V3,1363551492486008834,8,2,0.5229277309207143
17,SC-STATE_ART-SCSA_PLUS_V3,1369325020258983936,9,2,-0.8129973821962501
17,SC-STATE_ART-SCSA_PLUS_V3,1365315820080009221,10,2,-1.034510873345673
18,SC-STATE_ART-SCSA_PLUS_V3,1361511252103729153,1,1,3.7704800579429185
18,SC-STATE_ART-SCSA_PLUS_V3,1344689933978656771,2,3,3.422843100278954
18,SC-STATE_ART-SCSA_PLUS_V3,1273231711908872193,3,3,3.1768801653310494
18,SC-STATE_ART-SCSA_PLUS_V3,1361586402484514816,4,1,1.8928511756705775
18,SC-STATE_ART-SCSA_PLUS_V3,1365109273240473600,5,1,1.6517561734975041
18,SC-STATE_ART-SCSA_PLUS_V3,1366121589478154243,6,2,1.2889858962019534
18,SC-STATE_ART-SCSA_PLUS_V3,1361857937518465025,7,1,1.2502722380765232
18,SC-STATE_ART-SCSA_PLUS_V3,1301164188136431616,8,3,1.1745449410662212
18,SC-STATE_ART-SCSA_PLUS_V3,1361853779025403905,9,1,0.9924666377646604
18,SC-STATE_ART-SCSA_PLUS_V3,1349749578095075328,10,1,0.06932037073590923
19,SC-STATE_ART-SCSA_PLUS_V3,1369298875719311360,1,4,1.2509600653879582
19,SC-STATE_ART-SCSA_PLUS_V3,1349380288783253504,2,4,0.9172050204873838
19,SC-STATE_ART-SCSA_PLUS_V3,1349377838722519040,3,4,0.7765136103628977
19,SC-STATE_ART-SCSA_PLUS_V3,1369405604595400711,4,4,-0.2004328457738552
19,SC-STATE_ART-SCSA_PLUS_V3,1369326799709212680,5,4,-1.4117120163308365
19,SC-STATE_ART-SCSA_PLUS_V3,1369311531360518146,6,4,-1.9307035383663498
19,SC-STATE_ART-SCSA_PLUS_V3,1369441796925886465,7,4,-2.038859345145162
19,SC-STATE_ART-SCSA_PLUS_V3,1369048387815899139,8,3,-2.6108610574621216
19,SC-STATE_ART-SCSA_PLUS_V3,1369375444793954323,9,4,-2.7527104441297636
19,SC-STATE_ART-SCSA_PLUS_V3,1369400194513723396,10,4,-3.2620846670431307
20,SC-STATE_ART-SCSA_PLUS_V3,1366499073671454725,1,3,4.034211660614664
20,SC-STATE_ART-SCSA_PLUS_V3,1344689933978656771,2,2,3.422843100278954
20,SC-STATE_ART-SCSA_PLUS_V3,1367462925250818061,3,1,2.2891324647428473
20,SC-STATE_ART-SCSA_PLUS_V3,1354118501653483523,4,1,2.044728839831383
20,SC-STATE_ART-SCSA_PLUS_V3,1368909409775149064,5,3,1.9461802284427354
20,SC-STATE_ART-SCSA_PLUS_V3,1368580185642110982,6,1,1.9342973647240196
20,SC-STATE_ART-SCSA_PLUS_V3,1367113993815547906,7,4,1.6262186286336613
20,SC-STATE_ART-SCSA_PLUS_V3,1317842770816602114,8,3,0.29836443370412735
20,SC-STATE_ART-SCSA_PLUS_V3,1368932010971004931,9,2,-0.4191673824872118
20,SC-STATE_ART-SCSA_PLUS_V3,1362776603047165957,10,5,-0.6809603197180417
21,SC-STATE_ART-SCSA_PLUS_V3,1369075561981566976,1,4,3.4713388927248765
21,SC-STATE_ART-SCSA_PLUS_V3,1344689933978656771,2,2,3.422843100278954
21,SC-STATE_ART-SCSA_PLUS_V3,1369075493753020420,3,4,3.249128324108365
21,SC-STATE_ART-SCSA_PLUS_V3,1366443197166096385,4,1,1.2734719164092647
21,SC-STATE_ART-SCSA_PLUS_V3,1367300793485828097,5,5,1.2122225436979266
21,SC-STATE_ART-SCSA_PLUS_V3,1364666742916583427,6,3,0.9822172364567091
21,SC-STATE_ART-SCSA_PLUS_V3,1317842770816602114,7,5,0.29836443370412735
21,SC-STATE_ART-SCSA_PLUS_V3,1369325020258983936,8,2,-0.8129973821962501
21,SC-STATE_ART-SCSA_PLUS_V3,1365315820080009221,9,2,-1.034510873345673
21,SC-STATE_ART-SCSA_PLUS_V3,1367521202042933249,10,5,-3.7094121978709644
22,SC-STATE_ART-SCSA_PLUS_V3,1369075561981566976,1,5,3.4713388927248765
22,SC-STATE_ART-SCSA_PLUS_V3,1369075493753020420,2,5,3.249128324108365
22,SC-STATE_ART-SCSA_PLUS_V3,1366443197166096385,3,2,1.2734719164092647
22,SC-STATE_ART-SCSA_PLUS_V3,1367300793485828097,4,3,1.2122225436979266
22,SC-STATE_ART-SCSA_PLUS_V3,1364666742916583427,5,3,0.9822172364567091
22,SC-STATE_ART-SCSA_PLUS_V3,1367237010608431106,6,3,-0.33909162986804253
22,SC-STATE_ART-SCSA_PLUS_V3,1362776603047165957,7,3,-0.6809603197180417
22,SC-STATE_ART-SCSA_PLUS_V3,1368641210533830657,8,5,-0.9731496315835763
22,SC-STATE_ART-SCSA_PLUS_V3,1369375444793954323,9,5,-2.7527104441297636
22,SC-STATE_ART-SCSA_PLUS_V3,1367521202042933249,10,5,-3.7094121978709644
23,SC-STATE_ART-SCSA_PLUS_V3,1362083047785439239,1,3,6.317284019691915
23,SC-STATE_ART-SCSA_PLUS_V3,1334711453211889665,2,3,4.387822739031291
23,SC-STATE_ART-SCSA_PLUS_V3,1337022746824499203,3,3,3.93677533228313
23,SC-STATE_ART-SCSA_PLUS_V3,1294010972055592962,4,3,3.442000195162174
23,SC-STATE_ART-SCSA_PLUS_V3,1337020338916499463,5,3,2.720979175276886
23,SC-STATE_ART-SCSA_PLUS_V3,1334726779903168512,6,3,1.9272129909067
23,SC-STATE_ART-SCSA_PLUS_V3,1355167587638906880,7,3,1.9174980996517728
23,SC-STATE_ART-SCSA_PLUS_V3,1337021907464499204,8,3,1.3667118216563114
23,SC-STATE_ART-SCSA_PLUS_V3,1331748997124534274,9,3,0.605440354063378
23,SC-STATE_ART-SCSA_PLUS_V3,1350483251291451392,10,5,-1.615708369470857
24,SC-STATE_ART-SCSA_PLUS_V3,1336964656792035329,1,2,2.0763651263409506
24,SC-STATE_ART-SCSA_PLUS_V3,1346517996760666117,2,5,2.0393166380542347
24,SC-STATE_ART-SCSA_PLUS_V3,1365327872643260420,3,4,1.9736484846794227
24,SC-STATE_ART-SCSA_PLUS_V3,1337318168277241857,4,3,1.8866985269298249
24,SC-STATE_ART-SCSA_PLUS_V3,1336810117057179649,5,2,1.723459833576476
24,SC-STATE_ART-SCSA_PLUS_V3,1363551492486008834,6,4,0.5229277309207143
24,SC-STATE_ART-SCSA_PLUS_V3,1362776603047165957,7,5,-0.6809603197180417
24,SC-STATE_ART-SCSA_PLUS_V3,1364607745270423556,8,4,-0.6917746542144274
24,SC-STATE_ART-SCSA_PLUS_V3,1369325020258983936,9,5,-0.8129973821962501
24,SC-STATE_ART-SCSA_PLUS_V3,1365315820080009221,10,4,-1.034510873345673
25,SC-STATE_ART-SCSA_PLUS_V3,1349380288783253504,1,1,0.9172050204873838
25,SC-STATE_ART-SCSA_PLUS_V3,1349377838722519040,2,1,0.7765136103628977
25,SC-STATE_ART-SCSA_PLUS_V3,1353672852747284480,3,4,-0.14917337648383971
25,SC-STATE_ART-SCSA_PLUS_V3,1362776603047165957,4,5,-0.6809603197180417
25,SC-STATE_ART-SCSA_PLUS_V3,1369355243406954501,5,5,-0.7380823695008286
25,SC-STATE_ART-SCSA_PLUS_V3,1354011094751260673,6,4,-1.3796503699019258
25,SC-STATE_ART-SCSA_PLUS_V3,1369441796925886465,7,5,-2.038859345145162
25,SC-STATE_ART-SCSA_PLUS_V3,1369048387815899139,8,5,-2.6108610574621216
25,SC-STATE_ART-SCSA_PLUS_V3,1369375444793954323,9,5,-2.7527104441297636
25,SC-STATE_ART-SCSA_PLUS_V3,1369400194513723396,10,5,-3.2620846670431307
26,SC-STATE_ART-SCSA_PLUS_V3,1349380288783253504,1,4,0.9172050204873838
26,SC-STATE_ART-SCSA_PLUS_V3,1349377838722519040,2,4,0.7765136103628977
26,SC-STATE_ART-SCSA_PLUS_V3,1342062601535164416,3,3,0.5459195073037224
26,SC-STATE_ART-SCSA_PLUS_V3,1336059119174897665,4,3,0.11828577394317481
26,SC-STATE_ART-SCSA_PLUS_V3,1353672852747284480,5,3,-0.14917337648383971
26,SC-STATE_ART-SCSA_PLUS_V3,1359597695548153864,6,4,-0.2779759772068338
26,SC-STATE_ART-SCSA_PLUS_V3,1362776603047165957,7,4,-0.6809603197180417
26,SC-STATE_ART-SCSA_PLUS_V3,1354011094751260673,8,4,-1.3796503699019258
26,SC-STATE_ART-SCSA_PLUS_V3,1350483251291451392,9,4,-1.615708369470857
26,SC-STATE_ART-SCSA_PLUS_V3,1369614175048249346,10,4,-2.2987185320665353
27,SC-STATE_ART-SCSA_PLUS_V3,1349380288783253504,1,5,0.9172050204873838
27,SC-STATE_ART-SCSA_PLUS_V3,1349377838722519040,2,5,0.7765136103628977
27,SC-STATE_ART-SCSA_PLUS_V3,1353672852747284480,3,3,-0.14917337648383971
27,SC-STATE_ART-SCSA_PLUS_V3,1362776603047165957,4,5,-0.6809603197180417
27,SC-STATE_ART-SCSA_PLUS_V3,1369355243406954501,5,5,-0.7380823695008286
27,SC-STATE_ART-SCSA_PLUS_V3,1354011094751260673,6,5,-1.3796503699019258
27,SC-STATE_ART-SCSA_PLUS_V3,1369441796925886465,7,5,-2.038859345145162
27,SC-STATE_ART-SCSA_PLUS_V3,1369048387815899139,8,4,-2.6108610574621216
27,SC-STATE_ART-SCSA_PLUS_V3,1369375444793954323,9,5,-2.7527104441297636
27,SC-STATE_ART-SCSA_PLUS_V3,1369400194513723396,10,5,-3.2620846670431307
28,SC-STATE_ART-SCSA_PLUS_V3,1344689933978656771,1,1,3.422843100278954
28,SC-STATE_ART-SCSA_PLUS_V3,1336964656792035329,2,1,2.0763651263409506
28,SC-STATE_ART-SCSA_PLUS_V3,1354118501653483523,3,1,2.044728839831383
28,SC-STATE_ART-SCSA_PLUS_V3,1365327872643260420,4,1,1.9736484846794227
28,SC-STATE_ART-SCSA_PLUS_V3,1337318168277241857,5,1,1.8866985269298249
28,SC-STATE_ART-SCSA_PLUS_V3,1336810117057179649,6,3,1.723459833576476
28,SC-STATE_ART-SCSA_PLUS_V3,1317842770816602114,7,3,0.29836443370412735
28,SC-STATE_ART-SCSA_PLUS_V3,1369325020258983936,8,1,-0.8129973821962501
28,SC-STATE_ART-SCSA_PLUS_V3,1365315820080009221,9,1,-1.034510873345673
28,SC-STATE_ART-SCSA_PLUS_V3,1350483251291451392,10,5,-1.615708369470857
29,SC-STATE_ART-SCSA_PLUS_V3,1362083047785439239,1,5,6.317284019691915
29,SC-STATE_ART-SCSA_PLUS_V3,1369075561981566976,2,5,3.4713388927248765
29,SC-STATE_ART-SCSA_PLUS_V3,1369075493753020420,3,5,3.249128324108365
29,SC-STATE_ART-SCSA_PLUS_V3,1337020338916499463,4,3,2.720979175276886
29,SC-STATE_ART-SCSA_PLUS_V3,1248251408333172738,5,3,1.660758325297991
29,SC-STATE_ART-SCSA_PLUS_V3,1367300793485828097,6,4,1.2122225436979266
29,SC-STATE_ART-SCSA_PLUS_V3,1364666742916583427,7,5,0.9822172364567091
29,SC-STATE_ART-SCSA_PLUS_V3,1369169111478005763,8,3,0.3469518511821572
29,SC-STATE_ART-SCSA_PLUS_V3,1248277743118086144,9,3,-0.7019089382100414
29,SC-STATE_ART-SCSA_PLUS_V3,1367521202042933249,10,4,-3.7094121978709644
30,SC-STATE_ART-SCSA_PLUS_V3,1369075561981566976,1,4,3.4713388927248765
30,SC-STATE_ART-SCSA_PLUS_V3,1369075493753020420,2,4,3.249128324108365
30,SC-STATE_ART-SCSA_PLUS_V3,1369034842222985216,3,4,1.3579494760277242
30,SC-STATE_ART-SCSA_PLUS_V3,1366443197166096385,4,2,1.2734719164092647
30,SC-STATE_ART-SCSA_PLUS_V3,1367300793485828097,5,3,1.2122225436979266
30,SC-STATE_ART-SCSA_PLUS_V3,1364666742916583427,6,3,0.9822172364567091
30,SC-STATE_ART-SCSA_PLUS_V3,1367237010608431106,7,2,-0.33909162986804253
30,SC-STATE_ART-SCSA_PLUS_V3,1362776603047165957,8,4,-0.6809603197180417
30,SC-STATE_ART-SCSA_PLUS_V3,1368641210533830657,9,4,-0.9731496315835763
30,SC-STATE_ART-SCSA_PLUS_V3,1367521202042933249,10,4,-3.7094121978709644
31,SC-STATE_ART-SCSA_PLUS_V3,1336964656792035329,1,3,2.0763651263409506
31,SC-STATE_ART-SCSA_PLUS_V3,1365327872643260420,2,3,1.9736484846794227
31,SC-STATE_ART-SCSA_PLUS_V3,1337318168277241857,3,5,1.8866985269298249
31,SC-STATE_ART-SCSA_PLUS_V3,1336810117057179649,4,4,1.723459833576476
31,SC-STATE_ART-SCSA_PLUS_V3,1283912982200631298,5,3,1.243626264029323
31,SC-STATE_ART-SCSA_PLUS_V3,1363551492486008834,6,2,0.5229277309207143
31,SC-STATE_ART-SCSA_PLUS_V3,1318667750408036352,7,2,-0.13230145469562932
31,SC-STATE_ART-SCSA_PLUS_V3,1362776603047165957,8,5,-0.6809603197180417
31,SC-STATE_ART-SCSA_PLUS_V3,1369325020258983936,9,3,-0.8129973821962501
31,SC-STATE_ART-SCSA_PLUS_V3,1365315820080009221,10,4,-1.034510873345673
32,SC-STATE_ART-SCSA_PLUS_V3,1362085735063572482,1,2,1.0182111709970592
32,SC-STATE_ART-SCSA_PLUS_V3,1362074171832958980,2,1,0.7331420762516607
32,SC-STATE_ART-SCSA_PLUS_V3,1362776603047165957,3,2,-0.6809603197180417
32,SC-STATE_ART-SCSA_PLUS_V3,1369355243406954501,4,1,-0.7380823695008286
32,SC-STATE_ART-SCSA_PLUS_V3,1359577321695547392,5,1,-1.0250458628988153
32,SC-STATE_ART-SCSA_PLUS_V3,1369441796925886465,6,2,-2.038859345145162
32,SC-STATE_ART-SCSA_PLUS_V3,1369614175048249346,7,3,-2.2987185320665353
32,SC-STATE_ART-SCSA_PLUS_V3,1369048387815899139,8,2,-2.6108610574621216
32,SC-STATE_ART-SCSA_PLUS_V3,1369375444793954323,9,3,-2.7527104441297636
32,SC-STATE_ART-SCSA_PLUS_V3,1369400194513723396,10,2,-3.2620846670431307
33,SC-STATE_ART-SCSA_PLUS_V3,1369298875719311360,1,4,1.2509600653879582
33,SC-STATE_ART-SCSA_PLUS_V3,1369405604595400711,2,4,-0.2004328457738552
33,SC-STATE_ART-SCSA_PLUS_V3,1362776603047165957,3,3,-0.6809603197180417
33,SC-STATE_ART-SCSA_PLUS_V3,1369355243406954501,4,3,-0.7380823695008286
33,SC-STATE_ART-SCSA_PLUS_V3,1369326799709212680,5,2,-1.4117120163308365
33,SC-STATE_ART-SCSA_PLUS_V3,1369311531360518146,6,4,-1.9307035383663498
33,SC-STATE_ART-SCSA_PLUS_V3,1369441796925886465,7,4,-2.038859345145162
33,SC-STATE_ART-SCSA_PLUS_V3,1369048387815899139,8,4,-2.6108610574621216
33,SC-STATE_ART-SCSA_PLUS_V3,1369375444793954323,9,4,-2.7527104441297636
33,SC-STATE_ART-SCSA_PLUS_V3,1369400194513723396,10,4,-3.2620846670431307
34,SC-STATE_ART-SCSA_PLUS_V3,1369298875719311360,1,4,1.2509600653879582
34,SC-STATE_ART-SCSA_PLUS_V3,1369405604595400711,2,3,-0.2004328457738552
34,SC-STATE_ART-SCSA_PLUS_V3,1362776603047165957,3,2,-0.6809603197180417
34,SC-STATE_ART-SCSA_PLUS_V3,1369355243406954501,4,3,-0.7380823695008286
34,SC-STATE_ART-SCSA_PLUS_V3,1369326799709212680,5,3,-1.4117120163308365
34,SC-STATE_ART-SCSA_PLUS_V3,1369311531360518146,6,3,-1.9307035383663498
34,SC-STATE_ART-SCSA_PLUS_V3,1369441796925886465,7,4,-2.038859345145162
34,SC-STATE_ART-SCSA_PLUS_V3,1369048387815899139,8,3,-2.6108610574621216
34,SC-STATE_ART-SCSA_PLUS_V3,1369375444793954323,9,2,-2.7527104441297636
34,SC-STATE_ART-SCSA_PLUS_V3,1369400194513723396,10,1,-3.2620846670431307
35,SC-STATE_ART-SCSA_PLUS_V3,1344689933978656771,1,1,3.422843100278954
35,SC-STATE_ART-SCSA_PLUS_V3,1354118501653483523,2,1,2.044728839831383
35,SC-STATE_ART-SCSA_PLUS_V3,1265629710941388800,3,1,1.4419433463397615
35,SC-STATE_ART-SCSA_PLUS_V3,1349380288783253504,4,3,0.9172050204873838
35,SC-STATE_ART-SCSA_PLUS_V3,1349377838722519040,5,3,0.7765136103628977
35,SC-STATE_ART-SCSA_PLUS_V3,1317842770816602114,6,2,0.29836443370412735
35,SC-STATE_ART-SCSA_PLUS_V3,1357381035852521474,7,1,-0.31815746659778477
35,SC-STATE_ART-SCSA_PLUS_V3,1151605021345083392,8,4,-0.3333099764675655
35,SC-STATE_ART-SCSA_PLUS_V3,1362776603047165957,9,3,-0.6809603197180417
35,SC-STATE_ART-SCSA_PLUS_V3,1361046993158692866,10,2,-0.7281489316028963
36,SC-STATE_ART-SCSA_PLUS_V3,1095067826061262848,1,4,12.975365939575605
36,SC-STATE_ART-SCSA_PLUS_V3,1344689933978656771,2,5,3.422843100278954
36,SC-STATE_ART-SCSA_PLUS_V3,1273231711908872193,3,4,3.1768801653310494
36,SC-STATE_ART-SCSA_PLUS_V3,1364666742916583427,4,5,0.9822172364567091
36,SC-STATE_ART-SCSA_PLUS_V3,1317842770816602114,5,5,0.29836443370412735
36,SC-STATE_ART-SCSA_PLUS_V3,1336059119174897665,6,4,0.11828577394317481
36,SC-STATE_ART-SCSA_PLUS_V3,1182112257708306433,7,4,-0.16049419338306353
36,SC-STATE_ART-SCSA_PLUS_V3,1369325020258983936,8,5,-0.8129973821962501
36,SC-STATE_ART-SCSA_PLUS_V3,1365315820080009221,9,5,-1.034510873345673
36,SC-STATE_ART-SCSA_PLUS_V3,1350483251291451392,10,5,-1.615708369470857
37,SC-STATE_ART-SCSA_PLUS_V3,1362083047785439239,1,4,6.317284019691915
37,SC-STATE_ART-SCSA_PLUS_V3,1337022746824499203,2,4,3.93677533228313
37,SC-STATE_ART-SCSA_PLUS_V3,1294010972055592962,3,4,3.442000195162174
37,SC-STATE_ART-SCSA_PLUS_V3,1344689933978656771,4,1,3.422843100278954
37,SC-STATE_ART-SCSA_PLUS_V3,1337020338916499463,5,4,2.720979175276886
37,SC-STATE_ART-SCSA_PLUS_V3,1355167587638906880,6,3,1.9174980996517728
37,SC-STATE_ART-SCSA_PLUS_V3,1337021907464499204,7,5,1.3667118216563114
37,SC-STATE_ART-SCSA_PLUS_V3,1331748997124534274,8,5,0.605440354063378
37,SC-STATE_ART-SCSA_PLUS_V3,1317842770816602114,9,2,0.29836443370412735
37,SC-STATE_ART-SCSA_PLUS_V3,1354545532044075013,10,1,-0.6354463998481974
38,SC-STATE_ART-SCSA_PLUS_V3,1369298875719311360,1,5,1.2509600653879582
38,SC-STATE_ART-SCSA_PLUS_V3,1349380288783253504,2,5,0.9172050204873838
38,SC-STATE_ART-SCSA_PLUS_V3,1349377838722519040,3,5,0.7765136103628977
38,SC-STATE_ART-SCSA_PLUS_V3,1362074171832958980,4,3,0.7331420762516607
38,SC-STATE_ART-SCSA_PLUS_V3,1353672852747284480,5,5,-0.14917337648383971
38,SC-STATE_ART-SCSA_PLUS_V3,1369405604595400711,6,5,-0.2004328457738552
38,SC-STATE_ART-SCSA_PLUS_V3,1354011094751260673,7,5,-1.3796503699019258
38,SC-STATE_ART-SCSA_PLUS_V3,1369326799709212680,8,5,-1.4117120163308365
38,SC-STATE_ART-SCSA_PLUS_V3,1369311531360518146,9,5,-1.9307035383663498
38,SC-STATE_ART-SCSA_PLUS_V3,1369315042236174343,10,4,-3.639470760120057
39,SC-STATE_ART-SCSA_PLUS_V3,1369075561981566976,1,5,3.4713388927248765
39,SC-STATE_ART-SCSA_PLUS_V3,1369075493753020420,2,5,3.249128324108365
39,SC-STATE_ART-SCSA_PLUS_V3,1366443197166096385,3,5,1.2734719164092647
39,SC-STATE_ART-SCSA_PLUS_V3,1367300793485828097,4,5,1.2122225436979266
39,SC-STATE_ART-SCSA_PLUS_V3,1364666742916583427,5,3,0.9822172364567091
39,SC-STATE_ART-SCSA_PLUS_V3,1349380288783253504,6,5,0.9172050204873838
39,SC-STATE_ART-SCSA_PLUS_V3,1349377838722519040,7,5,0.7765136103628977
39,SC-STATE_ART-SCSA_PLUS_V3,1367237010608431106,8,5,-0.33909162986804253
39,SC-STATE_ART-SCSA_PLUS_V3,1368641210533830657,9,3,-0.9731496315835763
39,SC-STATE_ART-SCSA_PLUS_V3,1367521202042933249,10,5,-3.7094121978709644
40,SC-STATE_ART-SCSA_PLUS_V3,1362083047785439239,1,3,6.317284019691915
40,SC-STATE_ART-SCSA_PLUS_V3,1337022746824499203,2,5,3.93677533228313
40,SC-STATE_ART-SCSA_PLUS_V3,1294010972055592962,3,5,3.442000195162174
40,SC-STATE_ART-SCSA_PLUS_V3,1337020338916499463,4,5,2.720979175276886
40,SC-STATE_ART-SCSA_PLUS_V3,1366167129754537984,5,2,2.2768611335594184
40,SC-STATE_ART-SCSA_PLUS_V3,1355167587638906880,6,2,1.9174980996517728
40,SC-STATE_ART-SCSA_PLUS_V3,1337021907464499204,7,5,1.3667118216563114
40,SC-STATE_ART-SCSA_PLUS_V3,1365113385658970113,8,2,1.2786927528281373
40,SC-STATE_ART-SCSA_PLUS_V3,1331748997124534274,9,2,0.605440354063378
40,SC-STATE_ART-SCSA_PLUS_V3,1350483251291451392,10,5,-1.615708369470857
41,SC-STATE_ART-SCSA_PLUS_V3,1362083047785439239,1,4,6.317284019691915
41,SC-STATE_ART-SCSA_PLUS_V3,1337022746824499203,2,2,3.93677533228313
41,SC-STATE_ART-SCSA_PLUS_V3,1294010972055592962,3,1,3.442000195162174
41,SC-STATE_ART-SCSA_PLUS_V3,1337020338916499463,4,1,2.720979175276886
41,SC-STATE_ART-SCSA_PLUS_V3,1334726779903168512,5,1,1.9272129909067
41,SC-STATE_ART-SCSA_PLUS_V3,1355167587638906880,6,2,1.9174980996517728
41,SC-STATE_ART-SCSA_PLUS_V3,1337021907464499204,7,1,1.3667118216563114
41,SC-STATE_ART-SCSA_PLUS_V3,1331748997124534274,8,3,0.605440354063378
41,SC-STATE_ART-SCSA_PLUS_V3,1317842770816602114,9,4,0.29836443370412735
41,SC-STATE_ART-SCSA_PLUS_V3,1354545532044075013,10,4,-0.6354463998481974
42,SC-STATE_ART-SCSA_PLUS_V3,1369075561981566976,1,2,3.4713388927248765
42,SC-STATE_ART-SCSA_PLUS_V3,1369075493753020420,2,2,3.249128324108365
42,SC-STATE_ART-SCSA_PLUS_V3,1248251408333172738,3,2,1.660758325297991
42,SC-STATE_ART-SCSA_PLUS_V3,1366443197166096385,4,5,1.2734719164092647
42,SC-STATE_ART-SCSA_PLUS_V3,1367300793485828097,5,1,1.2122225436979266
42,SC-STATE_ART-SCSA_PLUS_V3,1364666742916583427,6,5,0.9822172364567091
42,SC-STATE_ART-SCSA_PLUS_V3,1368080635655450627,7,5,0.8846920887675778
42,SC-STATE_ART-SCSA_PLUS_V3,1369169111478005763,8,2,0.3469518511821572
42,SC-STATE_ART-SCSA_PLUS_V3,1248277743118086144,9,2,-0.7019089382100414
42,SC-STATE_ART-SCSA_PLUS_V3,1367521202042933249,10,5,-3.7094121978709644
43,SC-STATE_ART-SCSA_PLUS_V3,1362083047785439239,1,5,6.317284019691915
43,SC-STATE_ART-SCSA_PLUS_V3,1337022746824499203,2,5,3.93677533228313
43,SC-STATE_ART-SCSA_PLUS_V3,1294010972055592962,3,5,3.442000195162174
43,SC-STATE_ART-SCSA_PLUS_V3,1368245651046207493,4,5,3.4386130032824767
43,SC-STATE_ART-SCSA_PLUS_V3,1337020338916499463,5,5,2.720979175276886
43,SC-STATE_ART-SCSA_PLUS_V3,1334726779903168512,6,5,1.9272129909067
43,SC-STATE_ART-SCSA_PLUS_V3,1355167587638906880,7,5,1.9174980996517728
43,SC-STATE_ART-SCSA_PLUS_V3,1337021907464499204,8,5,1.3667118216563114
43,SC-STATE_ART-SCSA_PLUS_V3,1331748997124534274,9,5,0.605440354063378
43,SC-STATE_ART-SCSA_PLUS_V3,1350483251291451392,10,5,-1.615708369470857
44,SC-STATE_ART-SCSA_PLUS_V3,1344689933978656771,1,5,3.422843100278954
44,SC-STATE_ART-SCSA_PLUS_V3,1354118501653483523,2,4,2.044728839831383
44,SC-STATE_ART-SCSA_PLUS_V3,1283912982200631298,3,5,1.243626264029323
44,SC-STATE_ART-SCSA_PLUS_V3,1317842770816602114,4,5,0.29836443370412735
44,SC-STATE_ART-SCSA_PLUS_V3,1318667750408036352,5,5,-0.13230145469562932
44,SC-STATE_ART-SCSA_PLUS_V3,1369355243406954501,6,5,-0.7380823695008286
44,SC-STATE_ART-SCSA_PLUS_V3,1369441796925886465,7,5,-2.038859345145162
44,SC-STATE_ART-SCSA_PLUS_V3,1369048387815899139,8,5,-2.6108610574621216
44,SC-STATE_ART-SCSA_PLUS_V3,1369375444793954323,9,5,-2.7527104441297636
44,SC-STATE_ART-SCSA_PLUS_V3,1369400194513723396,10,5,-3.2620846670431307
45,SC-STATE_ART-SCSA_PLUS_V3,1362360519626227713,1,4,2.5877122125662626
45,SC-STATE_ART-SCSA_PLUS_V3,1242106541999783936,2,4,2.5113139388420542
45,SC-STATE_ART-SCSA_PLUS_V3,1367462925250818061,3,4,2.2891324647428473
45,SC-STATE_ART-SCSA_PLUS_V3,1308393354120421376,4,5,2.034821453976127
45,SC-STATE_ART-SCSA_PLUS_V3,1368909409775149064,5,4,1.9461802284427354
45,SC-STATE_ART-SCSA_PLUS_V3,1324374402750767104,6,5,0.8570444552028132
45,SC-STATE_ART-SCSA_PLUS_V3,1241401189721350145,7,3,0.25174319681583723
45,SC-STATE_ART-SCSA_PLUS_V3,1303249708169613313,8,5,0.15353892550587625
45,SC-STATE_ART-SCSA_PLUS_V3,1368932010971004931,9,5,-0.4191673824872118
45,SC-STATE_ART-SCSA_PLUS_V3,1327954760251662337,10,5,-1.1507144931860014
46,SC-STATE_ART-SCSA_PLUS_V3,1369298875719311360,1,5,1.2509600653879582
46,SC-STATE_ART-SCSA_PLUS_V3,1369405604595400711,2,5,-0.2004328457738552
46,SC-STATE_ART-SCSA_PLUS_V3,1362776603047165957,3,5,-0.6809603197180417
46,SC-STATE_ART-SCSA_PLUS_V3,1369355243406954501,4,2,-0.7380823695008286
46,SC-STATE_ART-SCSA_PLUS_V3,1369326799709212680,5,5,-1.4117120163308365
46,SC-STATE_ART-SCSA_PLUS_V3,1369311531360518146,6,5,-1.9307035383663498
46,SC-STATE_ART-SCSA_PLUS_V3,1369441796925886465,7,5,-2.038859345145162
46,SC-STATE_ART-SCSA_PLUS_V3,1369048387815899139,8,4,-2.6108610574621216
46,SC-STATE_ART-SCSA_PLUS_V3,1369375444793954323,9,5,-2.7527104441297636
46,SC-STATE_ART-SCSA_PLUS_V3,1369400194513723396,10,5,-3.2620846670431307
47,SC-STATE_ART-SCSA_PLUS_V3,1362083047785439239,1,5,6.317284019691915
47,SC-STATE_ART-SCSA_PLUS_V3,1294010972055592962,2,5,3.442000195162174
47,SC-STATE_ART-SCSA_PLUS_V3,1337020338916499463,3,5,2.720979175276886
47,SC-STATE_ART-SCSA_PLUS_V3,1355167587638906880,4,1,1.9174980996517728
47,SC-STATE_ART-SCSA_PLUS_V3,1337021907464499204,5,5,1.3667118216563114
47,SC-STATE_ART-SCSA_PLUS_V3,1369298875719311360,6,5,1.2509600653879582
47,SC-STATE_ART-SCSA_PLUS_V3,1331748997124534274,7,5,0.605440354063378
47,SC-STATE_ART-SCSA_PLUS_V3,1369405604595400711,8,5,-0.2004328457738552
47,SC-STATE_ART-SCSA_PLUS_V3,1368932010971004931,9,5,-0.4191673824872118
47,SC-STATE_ART-SCSA_PLUS_V3,1369311531360518146,10,5,-1.9307035383663498
48,SC-STATE_ART-SCSA_PLUS_V3,1325738196374876161,1,5,2.048499112379438
48,SC-STATE_ART-SCSA_PLUS_V3,1369297616245231638,2,4,1.0567199254874085
48,SC-STATE_ART-SCSA_PLUS_V3,1322257265496334336,3,5,0.9800600550961632
48,SC-STATE_ART-SCSA_PLUS_V3,1294355303329341442,4,5,0.6462433955155507
48,SC-STATE_ART-SCSA_PLUS_V3,1322257618178609153,5,4,0.03545709713094296
48,SC-STATE_ART-SCSA_PLUS_V3,1369405604595400711,6,5,-0.2004328457738552
48,SC-STATE_ART-SCSA_PLUS_V3,1369054744786989056,7,4,-1.0537963478592067
48,SC-STATE_ART-SCSA_PLUS_V3,1368610152081985537,8,4,-1.2815468922685385
48,SC-STATE_ART-SCSA_PLUS_V3,1369311531360518146,9,5,-1.9307035383663498
48,SC-STATE_ART-SCSA_PLUS_V3,1369375444793954323,10,5,-2.7527104441297636
49,SC-STATE_ART-SCSA_PLUS_V3,1325738196374876161,1,1,2.048499112379438
49,SC-STATE_ART-SCSA_PLUS_V3,1369297616245231638,2,5,1.0567199254874085
49,SC-STATE_ART-SCSA_PLUS_V3,1322257265496334336,3,3,0.9800600550961632
49,SC-STATE_ART-SCSA_PLUS_V3,1368271872002035713,4,5,0.6466032091133875
49,SC-STATE_ART-SCSA_PLUS_V3,1294355303329341442,5,5,0.6462433955155507
49,SC-STATE_ART-SCSA_PLUS_V3,1303249708169613313,6,2,0.15353892550587625
49,SC-STATE_ART-SCSA_PLUS_V3,1322257618178609153,7,2,0.03545709713094296
49,SC-STATE_ART-SCSA_PLUS_V3,1368932010971004931,8,5,-0.4191673824872118
49,SC-STATE_ART-SCSA_PLUS_V3,1369054744786989056,9,5,-1.0537963478592067
49,SC-STATE_ART-SCSA_PLUS_V3,1368610152081985537,10,5,-1.2815468922685385
50,SC-STATE_ART-SCSA_PLUS_V3,1344689933978656771,1,5,3.422843100278954
50,SC-STATE_ART-SCSA_PLUS_V3,1367462925250818061,2,5,2.2891324647428473
50,SC-STATE_ART-SCSA_PLUS_V3,1354118501653483523,3,4,2.044728839831383
50,SC-STATE_ART-SCSA_PLUS_V3,1368909409775149064,4,5,1.9461802284427354
50,SC-STATE_ART-SCSA_PLUS_V3,1317842770816602114,5,5,0.29836443370412735
50,SC-STATE_ART-SCSA_PLUS_V3,1368932010971004931,6,5,-0.4191673824872118
50,SC-STATE_ART-SCSA_PLUS_V3,1369441796925886465,7,5,-2.038859345145162
50,SC-STATE_ART-SCSA_PLUS_V3,1369048387815899139,8,5,-2.6108610574621216
50,SC-STATE_ART-SCSA_PLUS_V3,1369375444793954323,9,4,-2.7527104441297636
50,SC-STATE_ART-SCSA_PLUS_V3,1369400194513723396,10,4,-3.2620846670431307
51,SC-STATE_ART-SCSA_PLUS_V3,1369075561981566976,1,2,3.4713388927248765
51,SC-STATE_ART-SCSA_PLUS_V3,1344689933978656771,2,1,3.422843100278954
51,SC-STATE_ART-SCSA_PLUS_V3,1369075493753020420,3,2,3.249128324108365
51,SC-STATE_ART-SCSA_PLUS_V3,1366443197166096385,4,5,1.2734719164092647
51,SC-STATE_ART-SCSA_PLUS_V3,1367300793485828097,5,1,1.2122225436979266
51,SC-STATE_ART-SCSA_PLUS_V3,1364666742916583427,6,5,0.9822172364567091
51,SC-STATE_ART-SCSA_PLUS_V3,1317842770816602114,7,5,0.29836443370412735
51,SC-STATE_ART-SCSA_PLUS_V3,1367237010608431106,8,5,-0.33909162986804253
51,SC-STATE_ART-SCSA_PLUS_V3,1354545532044075013,9,1,-0.6354463998481974
51,SC-STATE_ART-SCSA_PLUS_V3,1367521202042933249,10,5,-3.7094121978709644
53,SC-STATE_ART-SCSA_PLUS_V3,1369075561981566976,1,4,3.4713388927248765
53,SC-STATE_ART-SCSA_PLUS_V3,1369075493753020420,2,4,3.249128324108365
53,SC-STATE_ART-SCSA_PLUS_V3,1366443197166096385,3,1,1.2734719164092647
53,SC-STATE_ART-SCSA_PLUS_V3,1367300793485828097,4,1,1.2122225436979266
53,SC-STATE_ART-SCSA_PLUS_V3,1364666742916583427,5,1,0.9822172364567091
53,SC-STATE_ART-SCSA_PLUS_V3,1367237010608431106,6,1,-0.33909162986804253
53,SC-STATE_ART-SCSA_PLUS_V3,1354545532044075013,7,1,-0.6354463998481974
53,SC-STATE_ART-SCSA_PLUS_V3,1369325020258983936,8,2,-0.8129973821962501
53,SC-STATE_ART-SCSA_PLUS_V3,1365315820080009221,9,2,-1.034510873345673
53,SC-STATE_ART-SCSA_PLUS_V3,1367521202042933249,10,1,-3.7094121978709644
54,SC-STATE_ART-SCSA_PLUS_V3,1369075561981566976,1,3,3.4713388927248765
54,SC-STATE_ART-SCSA_PLUS_V3,1344689933978656771,2,4,3.422843100278954
54,SC-STATE_ART-SCSA_PLUS_V3,1369075493753020420,3,3,3.249128324108365
54,SC-STATE_ART-SCSA_PLUS_V3,1366443197166096385,4,5,1.2734719164092647
54,SC-STATE_ART-SCSA_PLUS_V3,1367300793485828097,5,3,1.2122225436979266
54,SC-STATE_ART-SCSA_PLUS_V3,1364666742916583427,6,3,0.9822172364567091
54,SC-STATE_ART-SCSA_PLUS_V3,1317842770816602114,7,5,0.29836443370412735
54,SC-STATE_ART-SCSA_PLUS_V3,1367237010608431106,8,3,-0.33909162986804253
54,SC-STATE_ART-SCSA_PLUS_V3,1354545532044075013,9,3,-0.6354463998481974
54,SC-STATE_ART-SCSA_PLUS_V3,1367521202042933249,10,5,-3.7094121978709644
55,SC-STATE_ART-SCSA_PLUS_V3,1368245651046207493,1,4,3.4386130032824767
55,SC-STATE_ART-SCSA_PLUS_V3,1325738196374876161,2,4,2.048499112379438
55,SC-STATE_ART-SCSA_PLUS_V3,1369297616245231638,3,4,1.0567199254874085
55,SC-STATE_ART-SCSA_PLUS_V3,1322257265496334336,4,4,0.9800600550961632
55,SC-STATE_ART-SCSA_PLUS_V3,1368271872002035713,5,4,0.6466032091133875
55,SC-STATE_ART-SCSA_PLUS_V3,1294355303329341442,6,4,0.6462433955155507
55,SC-STATE_ART-SCSA_PLUS_V3,1322257618178609153,7,5,0.03545709713094296
55,SC-STATE_ART-SCSA_PLUS_V3,1368932010971004931,8,5,-0.4191673824872118
55,SC-STATE_ART-SCSA_PLUS_V3,1369054744786989056,9,4,-1.0537963478592067
55,SC-STATE_ART-SCSA_PLUS_V3,1368610152081985537,10,4,-1.2815468922685385
57,SC-STATE_ART-SCSA_PLUS_V3,1351483359244005376,1,5,2.3966815161000734
57,SC-STATE_ART-SCSA_PLUS_V3,1369298875719311360,2,5,1.2509600653879582
57,SC-STATE_ART-SCSA_PLUS_V3,1286599815967776768,3,5,0.6579395540662364
57,SC-STATE_ART-SCSA_PLUS_V3,1369405604595400711,4,5,-0.2004328457738552
57,SC-STATE_ART-SCSA_PLUS_V3,1300884239626522624,5,5,-1.172015870835951
57,SC-STATE_ART-SCSA_PLUS_V3,1369326799709212680,6,5,-1.4117120163308365
57,SC-STATE_ART-SCSA_PLUS_V3,1369311531360518146,7,5,-1.9307035383663498
57,SC-STATE_ART-SCSA_PLUS_V3,1369441796925886465,8,5,-2.038859345145162
57,SC-STATE_ART-SCSA_PLUS_V3,1369375444793954323,9,5,-2.7527104441297636
57,SC-STATE_ART-SCSA_PLUS_V3,1369400194513723396,10,5,-3.2620846670431307
58,SC-STATE_ART-SCSA_PLUS_V3,1369075561981566976,1,5,3.4713388927248765
58,SC-STATE_ART-SCSA_PLUS_V3,1369075493753020420,2,5,3.249128324108365
58,SC-STATE_ART-SCSA_PLUS_V3,1366443197166096385,3,5,1.2734719164092647
58,SC-STATE_ART-SCSA_PLUS_V3,1367300793485828097,4,5,1.2122225436979266
58,SC-STATE_ART-SCSA_PLUS_V3,1364666742916583427,5,5,0.9822172364567091
58,SC-STATE_ART-SCSA_PLUS_V3,1349380288783253504,6,5,0.9172050204873838
58,SC-STATE_ART-SCSA_PLUS_V3,1349377838722519040,7,5,0.7765136103628977
58,SC-STATE_ART-SCSA_PLUS_V3,1367237010608431106,8,5,-0.33909162986804253
58,SC-STATE_ART-SCSA_PLUS_V3,1362776603047165957,9,5,-0.6809603197180417
58,SC-STATE_ART-SCSA_PLUS_V3,1367521202042933249,10,5,-3.7094121978709644
59,SC-STATE_ART-SCSA_PLUS_V3,1369075561981566976,1,5,3.4713388927248765
59,SC-STATE_ART-SCSA_PLUS_V3,1344689933978656771,2,5,3.422843100278954
59,SC-STATE_ART-SCSA_PLUS_V3,1369075493753020420,3,5,3.249128324108365
59,SC-STATE_ART-SCSA_PLUS_V3,1366443197166096385,4,5,1.2734719164092647
59,SC-STATE_ART-SCSA_PLUS_V3,1367300793485828097,5,5,1.2122225436979266
59,SC-STATE_ART-SCSA_PLUS_V3,1364666742916583427,6,5,0.9822172364567091
59,SC-STATE_ART-SCSA_PLUS_V3,1317842770816602114,7,5,0.29836443370412735
59,SC-STATE_ART-SCSA_PLUS_V3,1367237010608431106,8,5,-0.33909162986804253
59,SC-STATE_ART-SCSA_PLUS_V3,1354545532044075013,9,5,-0.6354463998481974
59,SC-STATE_ART-SCSA_PLUS_V3,1367521202042933249,10,5,-3.7094121978709644
60,SC-STATE_ART-SCSA_PLUS_V3,1369075561981566976,1,5,3.4713388927248765
60,SC-STATE_ART-SCSA_PLUS_V3,1344689933978656771,2,5,3.422843100278954
60,SC-STATE_ART-SCSA_PLUS_V3,1369075493753020420,3,5,3.249128324108365
60,SC-STATE_ART-SCSA_PLUS_V3,1366443197166096385,4,5,1.2734719164092647
60,SC-STATE_ART-SCSA_PLUS_V3,1367300793485828097,5,5,1.2122225436979266
60,SC-STATE_ART-SCSA_PLUS_V3,1364666742916583427,6,5,0.9822172364567091
60,SC-STATE_ART-SCSA_PLUS_V3,1317842770816602114,7,5,0.29836443370412735
60,SC-STATE_ART-SCSA_PLUS_V3,1367237010608431106,8,5,-0.33909162986804253
60,SC-STATE_ART-SCSA_PLUS_V3,1354545532044075013,9,5,-0.6354463998481974
60,SC-STATE_ART-SCSA_PLUS_V3,1367521202042933249,10,5,-3.7094121978709644
61,SC-STATE_ART-SCSA_PLUS_V3,1344689933978656771,1,4,3.422843100278954
61,SC-STATE_ART-SCSA_PLUS_V3,1248251408333172738,2,4,1.660758325297991
61,SC-STATE_ART-SCSA_PLUS_V3,1368080635655450627,3,4,0.8846920887675778
61,SC-STATE_ART-SCSA_PLUS_V3,1367946026674352134,4,5,0.39118851181983516
61,SC-STATE_ART-SCSA_PLUS_V3,1369169111478005763,5,4,0.3469518511821572
61,SC-STATE_ART-SCSA_PLUS_V3,1317842770816602114,6,5,0.29836443370412735
61,SC-STATE_ART-SCSA_PLUS_V3,1354545532044075013,7,4,-0.6354463998481974
61,SC-STATE_ART-SCSA_PLUS_V3,1248277743118086144,8,3,-0.7019089382100414
61,SC-STATE_ART-SCSA_PLUS_V3,1242251884007534592,9,4,-0.8875765392027203
61,SC-STATE_ART-SCSA_PLUS_V3,1367947939579006979,10,4,-0.8898654880303295
62,SC-STATE_ART-SCSA_PLUS_V3,1362083047785439239,1,3,6.317284019691915
62,SC-STATE_ART-SCSA_PLUS_V3,1337022746824499203,2,3,3.93677533228313
62,SC-STATE_ART-SCSA_PLUS_V3,1294010972055592962,3,3,3.442000195162174
62,SC-STATE_ART-SCSA_PLUS_V3,1337020338916499463,4,3,2.720979175276886
62,SC-STATE_ART-SCSA_PLUS_V3,1355167587638906880,5,3,1.9174980996517728
62,SC-STATE_ART-SCSA_PLUS_V3,1337021907464499204,6,3,1.3667118216563114
62,SC-STATE_ART-SCSA_PLUS_V3,1331748997124534274,7,3,0.605440354063378
62,SC-STATE_ART-SCSA_PLUS_V3,1354545532044075013,8,3,-0.6354463998481974
62,SC-STATE_ART-SCSA_PLUS_V3,1369325020258983936,9,4,-0.8129973821962501
62,SC-STATE_ART-SCSA_PLUS_V3,1365315820080009221,10,3,-1.034510873345673
63,SC-STATE_ART-SCSA_PLUS_V3,1362085735063572482,1,5,1.0182111709970592
63,SC-STATE_ART-SCSA_PLUS_V3,1362074171832958980,2,4,0.7331420762516607
63,SC-STATE_ART-SCSA_PLUS_V3,1359577321695547392,3,5,-1.0250458628988153
63,SC-STATE_ART-SCSA_PLUS_V3,1369441796925886465,4,4,-2.038859345145162
63,SC-STATE_ART-SCSA_PLUS_V3,1369441796925886465,5,5,-2.038859345145162
63,SC-STATE_ART-SCSA_PLUS_V3,1369048387815899139,6,5,-2.6108610574621216
63,SC-STATE_ART-SCSA_PLUS_V3,1369048387815899139,7,5,-2.6108610574621216
63,SC-STATE_ART-SCSA_PLUS_V3,1369375444793954323,8,4,-2.7527104441297636
63,SC-STATE_ART-SCSA_PLUS_V3,1369375444793954323,9,5,-2.7527104441297636
63,SC-STATE_ART-SCSA_PLUS_V3,1369400194513723396,10,5,-3.2620846670431307
66,SC-STATE_ART-SCSA_PLUS_V3,1366167129754537984,1,2,2.2768611335594184
66,SC-STATE_ART-SCSA_PLUS_V3,1317810926133874689,2,5,1.5263867724606535
66,SC-STATE_ART-SCSA_PLUS_V3,1365113385658970113,3,5,1.2786927528281373
66,SC-STATE_ART-SCSA_PLUS_V3,1283912982200631298,4,5,1.243626264029323
66,SC-STATE_ART-SCSA_PLUS_V3,1349380288783253504,5,5,0.9172050204873838
66,SC-STATE_ART-SCSA_PLUS_V3,1349377838722519040,6,5,0.7765136103628977
66,SC-STATE_ART-SCSA_PLUS_V3,1344784297316786177,7,5,0.693716711838448
66,SC-STATE_ART-SCSA_PLUS_V3,1354565152939544576,8,5,0.5293717744477001
66,SC-STATE_ART-SCSA_PLUS_V3,1340975456644939777,9,5,0.49401380416331353
66,SC-STATE_ART-SCSA_PLUS_V3,1318667750408036352,10,5,-0.13230145469562932
67,SC-STATE_ART-SCSA_PLUS_V3,1369298875719311360,1,3,1.2509600653879582
67,SC-STATE_ART-SCSA_PLUS_V3,1362085735063572482,2,4,1.0182111709970592
67,SC-STATE_ART-SCSA_PLUS_V3,1362074171832958980,3,4,0.7331420762516607
67,SC-STATE_ART-SCSA_PLUS_V3,1369405604595400711,4,3,-0.2004328457738552
67,SC-STATE_ART-SCSA_PLUS_V3,1362776603047165957,5,3,-0.6809603197180417
67,SC-STATE_ART-SCSA_PLUS_V3,1359577321695547392,6,5,-1.0250458628988153
67,SC-STATE_ART-SCSA_PLUS_V3,1369326799709212680,7,3,-1.4117120163308365
67,SC-STATE_ART-SCSA_PLUS_V3,1369311531360518146,8,3,-1.9307035383663498
67,SC-STATE_ART-SCSA_PLUS_V3,1369614175048249346,9,4,-2.2987185320665353
67,SC-STATE_ART-SCSA_PLUS_V3,1369315042236174343,10,4,-3.639470760120057
68,SC-STATE_ART-SCSA_PLUS_V3,1336964656792035329,1,3,2.0763651263409506
68,SC-STATE_ART-SCSA_PLUS_V3,1337318168277241857,2,3,1.8866985269298249
68,SC-STATE_ART-SCSA_PLUS_V3,1336810117057179649,3,5,1.723459833576476
68,SC-STATE_ART-SCSA_PLUS_V3,1342062601535164416,4,5,0.5459195073037224
68,SC-STATE_ART-SCSA_PLUS_V3,1336059119174897665,5,5,0.11828577394317481
68,SC-STATE_ART-SCSA_PLUS_V3,1364607745270423556,6,5,-0.6917746542144274
68,SC-STATE_ART-SCSA_PLUS_V3,1369325020258983936,7,5,-0.8129973821962501
68,SC-STATE_ART-SCSA_PLUS_V3,1365315820080009221,8,5,-1.034510873345673
68,SC-STATE_ART-SCSA_PLUS_V3,1240464261366919171,9,5,-1.295615358343139
68,SC-STATE_ART-SCSA_PLUS_V3,1350483251291451392,10,5,-1.615708369470857
70,SC-STATE_ART-SCSA_PLUS_V3,1349380288783253504,1,3,0.9172050204873838
70,SC-STATE_ART-SCSA_PLUS_V3,1349377838722519040,2,3,0.7765136103628977
70,SC-STATE_ART-SCSA_PLUS_V3,1353672852747284480,3,3,-0.14917337648383971
70,SC-STATE_ART-SCSA_PLUS_V3,1362776603047165957,4,4,-0.6809603197180417
70,SC-STATE_ART-SCSA_PLUS_V3,1369355243406954501,5,5,-0.7380823695008286
70,SC-STATE_ART-SCSA_PLUS_V3,1354011094751260673,6,3,-1.3796503699019258
70,SC-STATE_ART-SCSA_PLUS_V3,1369441796925886465,7,5,-2.038859345145162
70,SC-STATE_ART-SCSA_PLUS_V3,1369048387815899139,8,5,-2.6108610574621216
70,SC-STATE_ART-SCSA_PLUS_V3,1369375444793954323,9,5,-2.7527104441297636
70,SC-STATE_ART-SCSA_PLUS_V3,1369400194513723396,10,5,-3.2620846670431307
71,SC-STATE_ART-SCSA_PLUS_V3,1344689933978656771,1,5,3.422843100278954
71,SC-STATE_ART-SCSA_PLUS_V3,1336964656792035329,2,5,2.0763651263409506
71,SC-STATE_ART-SCSA_PLUS_V3,1365327872643260420,3,5,1.9736484846794227
71,SC-STATE_ART-SCSA_PLUS_V3,1337318168277241857,4,5,1.8866985269298249
71,SC-STATE_ART-SCSA_PLUS_V3,1336810117057179649,5,5,1.723459833576476
71,SC-STATE_ART-SCSA_PLUS_V3,1367963978421264385,6,5,0.5313270777772692
71,SC-STATE_ART-SCSA_PLUS_V3,1317842770816602114,7,5,0.29836443370412735
71,SC-STATE_ART-SCSA_PLUS_V3,1354545532044075013,8,5,-0.6354463998481974
71,SC-STATE_ART-SCSA_PLUS_V3,1369325020258983936,9,5,-0.8129973821962501
71,SC-STATE_ART-SCSA_PLUS_V3,1365315820080009221,10,5,-1.034510873345673
72,SC-STATE_ART-SCSA_PLUS_V3,1334130051554668547,1,5,1.3855064115443048
72,SC-STATE_ART-SCSA_PLUS_V3,1349380288783253504,2,5,0.9172050204873838
72,SC-STATE_ART-SCSA_PLUS_V3,1349377838722519040,3,5,0.7765136103628977
72,SC-STATE_ART-SCSA_PLUS_V3,1334873913210380298,4,5,0.6751880448278276
72,SC-STATE_ART-SCSA_PLUS_V3,1356255250680864768,5,5,0.27018629135271066
72,SC-STATE_ART-SCSA_PLUS_V3,1354807067232489475,6,5,0.10804807975063462
72,SC-STATE_ART-SCSA_PLUS_V3,1354520696358137868,7,5,-0.13833591704302206
72,SC-STATE_ART-SCSA_PLUS_V3,1326033569555181568,8,3,-0.3486734009795706
72,SC-STATE_ART-SCSA_PLUS_V3,1369441796925886465,9,5,-2.038859345145162
72,SC-STATE_ART-SCSA_PLUS_V3,1369375444793954323,10,5,-2.7527104441297636
73,SC-STATE_ART-SCSA_PLUS_V3,1369298875719311360,1,2,1.2509600653879582
73,SC-STATE_ART-SCSA_PLUS_V3,1362085735063572482,2,1,1.0182111709970592
73,SC-STATE_ART-SCSA_PLUS_V3,1362074171832958980,3,1,0.7331420762516607
73,SC-STATE_ART-SCSA_PLUS_V3,1369405604595400711,4,4,-0.2004328457738552
73,SC-STATE_ART-SCSA_PLUS_V3,1362776603047165957,5,4,-0.6809603197180417
73,SC-STATE_ART-SCSA_PLUS_V3,1359577321695547392,6,1,-1.0250458628988153
73,SC-STATE_ART-SCSA_PLUS_V3,1369326799709212680,7,3,-1.4117120163308365
73,SC-STATE_ART-SCSA_PLUS_V3,1369311531360518146,8,4,-1.9307035383663498
73,SC-STATE_ART-SCSA_PLUS_V3,1369614175048249346,9,4,-2.2987185320665353
73,SC-STATE_ART-SCSA_PLUS_V3,1369315042236174343,10,3,-3.639470760120057
74,SC-STATE_ART-SCSA_PLUS_V3,1369298875719311360,1,3,1.2509600653879582
74,SC-STATE_ART-SCSA_PLUS_V3,1369405604595400711,2,4,-0.2004328457738552
74,SC-STATE_ART-SCSA_PLUS_V3,1362776603047165957,3,3,-0.6809603197180417
74,SC-STATE_ART-SCSA_PLUS_V3,1369355243406954501,4,3,-0.7380823695008286
74,SC-STATE_ART-SCSA_PLUS_V3,1369326799709212680,5,4,-1.4117120163308365
74,SC-STATE_ART-SCSA_PLUS_V3,1369311531360518146,6,4,-1.9307035383663498
74,SC-STATE_ART-SCSA_PLUS_V3,1369441796925886465,7,3,-2.038859345145162
74,SC-STATE_ART-SCSA_PLUS_V3,1369048387815899139,8,3,-2.6108610574621216
74,SC-STATE_ART-SCSA_PLUS_V3,1369375444793954323,9,2,-2.7527104441297636
74,SC-STATE_ART-SCSA_PLUS_V3,1369400194513723396,10,4,-3.2620846670431307
76,SC-STATE_ART-SCSA_PLUS_V3,1362083047785439239,1,5,6.317284019691915
76,SC-STATE_ART-SCSA_PLUS_V3,1334711453211889665,2,5,4.387822739031291
76,SC-STATE_ART-SCSA_PLUS_V3,1337022746824499203,3,4,3.93677533228313
76,SC-STATE_ART-SCSA_PLUS_V3,1294010972055592962,4,4,3.442000195162174
76,SC-STATE_ART-SCSA_PLUS_V3,1273231711908872193,5,5,3.1768801653310494
76,SC-STATE_ART-SCSA_PLUS_V3,1337020338916499463,6,5,2.720979175276886
76,SC-STATE_ART-SCSA_PLUS_V3,1334726779903168512,7,5,1.9272129909067
76,SC-STATE_ART-SCSA_PLUS_V3,1355167587638906880,8,5,1.9174980996517728
76,SC-STATE_ART-SCSA_PLUS_V3,1337021907464499204,9,5,1.3667118216563114
76,SC-STATE_ART-SCSA_PLUS_V3,1331748997124534274,10,5,0.605440354063378
77,SC-STATE_ART-SCSA_PLUS_V3,1369298875719311360,1,4,1.2509600653879582
77,SC-STATE_ART-SCSA_PLUS_V3,1349380288783253504,2,5,0.9172050204873838
77,SC-STATE_ART-SCSA_PLUS_V3,1349377838722519040,3,4,0.7765136103628977
77,SC-STATE_ART-SCSA_PLUS_V3,1353672852747284480,4,5,-0.14917337648383971
77,SC-STATE_ART-SCSA_PLUS_V3,1369405604595400711,5,5,-0.2004328457738552
77,SC-STATE_ART-SCSA_PLUS_V3,1362776603047165957,6,4,-0.6809603197180417
77,SC-STATE_ART-SCSA_PLUS_V3,1354011094751260673,7,4,-1.3796503699019258
77,SC-STATE_ART-SCSA_PLUS_V3,1369326799709212680,8,4,-1.4117120163308365
77,SC-STATE_ART-SCSA_PLUS_V3,1369311531360518146,9,4,-1.9307035383663498
77,SC-STATE_ART-SCSA_PLUS_V3,1369614175048249346,10,5,-2.2987185320665353
78,SC-STATE_ART-SCSA_PLUS_V3,1366499073671454725,1,2,4.034211660614664
78,SC-STATE_ART-SCSA_PLUS_V3,1368245651046207493,2,3,3.4386130032824767
78,SC-STATE_ART-SCSA_PLUS_V3,1367462925250818061,3,1,2.2891324647428473
78,SC-STATE_ART-SCSA_PLUS_V3,1368909409775149064,4,1,1.9461802284427354
78,SC-STATE_ART-SCSA_PLUS_V3,1368580185642110982,5,2,1.9342973647240196
78,SC-STATE_ART-SCSA_PLUS_V3,1367113993815547906,6,2,1.6262186286336613
78,SC-STATE_ART-SCSA_PLUS_V3,1324374402750767104,7,1,0.8570444552028132
78,SC-STATE_ART-SCSA_PLUS_V3,1303249708169613313,8,1,0.15353892550587625
78,SC-STATE_ART-SCSA_PLUS_V3,1368932010971004931,9,2,-0.4191673824872118
78,SC-STATE_ART-SCSA_PLUS_V3,1319402828285108225,10,2,-2.269523039538623
79,SC-STATE_ART-SCSA_PLUS_V3,1095067826061262848,1,5,12.975365939575605
79,SC-STATE_ART-SCSA_PLUS_V3,1364683920965578753,2,4,5.503195554791012
79,SC-STATE_ART-SCSA_PLUS_V3,1366561763962073092,3,5,3.8351115564430356
79,SC-STATE_ART-SCSA_PLUS_V3,1273231711908872193,4,4,3.1768801653310494
79,SC-STATE_ART-SCSA_PLUS_V3,1365320876510560258,5,4,1.9819255746385516
79,SC-STATE_ART-SCSA_PLUS_V3,1338584496489172992,6,4,1.8584771903482171
79,SC-STATE_ART-SCSA_PLUS_V3,1336059119174897665,7,5,0.11828577394317481
79,SC-STATE_ART-SCSA_PLUS_V3,1182112257708306433,8,5,-0.16049419338306353
79,SC-STATE_ART-SCSA_PLUS_V3,1359597695548153864,9,3,-0.2779759772068338
79,SC-STATE_ART-SCSA_PLUS_V3,1350483251291451392,10,5,-1.615708369470857
81,SC-STATE_ART-SCSA_PLUS_V3,1366499073671454725,1,5,4.034211660614664
81,SC-STATE_ART-SCSA_PLUS_V3,1367462925250818061,2,5,2.2891324647428473
81,SC-STATE_ART-SCSA_PLUS_V3,1368909409775149064,3,5,1.9461802284427354
81,SC-STATE_ART-SCSA_PLUS_V3,1368649404702408707,4,5,1.9345786438740373
81,SC-STATE_ART-SCSA_PLUS_V3,1368580185642110982,5,5,1.9342973647240196
81,SC-STATE_ART-SCSA_PLUS_V3,1367113993815547906,6,5,1.6262186286336613
81,SC-STATE_ART-SCSA_PLUS_V3,1359597695548153864,7,5,-0.2779759772068338
81,SC-STATE_ART-SCSA_PLUS_V3,1368932010971004931,8,5,-0.4191673824872118
81,SC-STATE_ART-SCSA_PLUS_V3,1362776603047165957,9,5,-0.6809603197180417
81,SC-STATE_ART-SCSA_PLUS_V3,1350483251291451392,10,5,-1.615708369470857
1,SC-SCSA_PLUS-SCSA_PLUS_V3,1344689933978656771,1,5,3.422843100278954
1,SC-SCSA_PLUS-SCSA_PLUS_V3,1336964656792035329,2,2,2.0763651263409506
1,SC-SCSA_PLUS-SCSA_PLUS_V3,1365327872643260420,3,1,1.9736484846794227
1,SC-SCSA_PLUS-SCSA_PLUS_V3,1336810117057179649,4,3,1.723459833576476
1,SC-SCSA_PLUS-SCSA_PLUS_V3,1317842770816602114,5,3,0.29836443370412735
1,SC-SCSA_PLUS-SCSA_PLUS_V3,1369325020258983936,6,5,-0.8129973821962501
1,SC-SCSA_PLUS-SCSA_PLUS_V3,1365315820080009221,7,4,-1.034510873345673
1,SC-SCSA_PLUS-SCSA_PLUS_V3,1369441796925886465,8,3,-2.038859345145162
1,SC-SCSA_PLUS-SCSA_PLUS_V3,1369375444793954323,9,5,-2.7527104441297636
1,SC-SCSA_PLUS-SCSA_PLUS_V3,1369400194513723396,10,4,-3.2620846670431307
2,SC-SCSA_PLUS-SCSA_PLUS_V3,1362085735063572482,1,3,1.0182111709970592
2,SC-SCSA_PLUS-SCSA_PLUS_V3,1362074171832958980,2,3,0.7331420762516607
2,SC-SCSA_PLUS-SCSA_PLUS_V3,1362776603047165957,3,2,-0.6809603197180417
2,SC-SCSA_PLUS-SCSA_PLUS_V3,1369355243406954501,4,2,-0.7380823695008286
2,SC-SCSA_PLUS-SCSA_PLUS_V3,1359577321695547392,5,3,-1.0250458628988153
2,SC-SCSA_PLUS-SCSA_PLUS_V3,1369441796925886465,6,2,-2.038859345145162
2,SC-SCSA_PLUS-SCSA_PLUS_V3,1369614175048249346,7,4,-2.2987185320665353
2,SC-SCSA_PLUS-SCSA_PLUS_V3,1369048387815899139,8,2,-2.6108610574621216
2,SC-SCSA_PLUS-SCSA_PLUS_V3,1369375444793954323,9,3,-2.7527104441297636
2,SC-SCSA_PLUS-SCSA_PLUS_V3,1369400194513723396,10,4,-3.2620846670431307
3,SC-SCSA_PLUS-SCSA_PLUS_V3,1369075561981566976,1,2,3.4713388927248765
3,SC-SCSA_PLUS-SCSA_PLUS_V3,1369075493753020420,2,2,3.249128324108365
3,SC-SCSA_PLUS-SCSA_PLUS_V3,1366443197166096385,3,4,1.2734719164092647
3,SC-SCSA_PLUS-SCSA_PLUS_V3,1367300793485828097,4,3,1.2122225436979266
3,SC-SCSA_PLUS-SCSA_PLUS_V3,1364666742916583427,5,3,0.9822172364567091
3,SC-SCSA_PLUS-SCSA_PLUS_V3,1303249708169613313,6,2,0.15353892550587625
3,SC-SCSA_PLUS-SCSA_PLUS_V3,1367237010608431106,7,3,-0.33909162986804253
3,SC-SCSA_PLUS-SCSA_PLUS_V3,1369325020258983936,8,3,-0.8129973821962501
3,SC-SCSA_PLUS-SCSA_PLUS_V3,1365315820080009221,9,4,-1.034510873345673
3,SC-SCSA_PLUS-SCSA_PLUS_V3,1367521202042933249,10,5,-3.7094121978709644
4,SC-SCSA_PLUS-SCSA_PLUS_V3,1349380288783253504,1,2,0.9172050204873838
4,SC-SCSA_PLUS-SCSA_PLUS_V3,1349377838722519040,2,2,0.7765136103628977
4,SC-SCSA_PLUS-SCSA_PLUS_V3,1353672852747284480,3,4,-0.14917337648383971
4,SC-SCSA_PLUS-SCSA_PLUS_V3,1362776603047165957,4,5,-0.6809603197180417
4,SC-SCSA_PLUS-SCSA_PLUS_V3,1369355243406954501,5,5,-0.7380823695008286
4,SC-SCSA_PLUS-SCSA_PLUS_V3,1354011094751260673,6,4,-1.3796503699019258
4,SC-SCSA_PLUS-SCSA_PLUS_V3,1369441796925886465,7,3,-2.038859345145162
4,SC-SCSA_PLUS-SCSA_PLUS_V3,1369048387815899139,8,5,-2.6108610574621216
4,SC-SCSA_PLUS-SCSA_PLUS_V3,1369375444793954323,9,5,-2.7527104441297636
4,SC-SCSA_PLUS-SCSA_PLUS_V3,1369400194513723396,10,5,-3.2620846670431307
5,SC-SCSA_PLUS-SCSA_PLUS_V3,1362085735063572482,1,1,1.0182111709970592
5,SC-SCSA_PLUS-SCSA_PLUS_V3,1362074171832958980,2,3,0.7331420762516607
5,SC-SCSA_PLUS-SCSA_PLUS_V3,1362776603047165957,3,5,-0.6809603197180417
5,SC-SCSA_PLUS-SCSA_PLUS_V3,1369355243406954501,4,5,-0.7380823695008286
5,SC-SCSA_PLUS-SCSA_PLUS_V3,1359577321695547392,5,1,-1.0250458628988153
5,SC-SCSA_PLUS-SCSA_PLUS_V3,1369441796925886465,6,5,-2.038859345145162
5,SC-SCSA_PLUS-SCSA_PLUS_V3,1369614175048249346,7,4,-2.2987185320665353
5,SC-SCSA_PLUS-SCSA_PLUS_V3,1369048387815899139,8,4,-2.6108610574621216
5,SC-SCSA_PLUS-SCSA_PLUS_V3,1369375444793954323,9,5,-2.7527104441297636
5,SC-SCSA_PLUS-SCSA_PLUS_V3,1369400194513723396,10,5,-3.2620846670431307
6,SC-SCSA_PLUS-SCSA_PLUS_V3,1362083047785439239,1,4,6.317284019691915
6,SC-SCSA_PLUS-SCSA_PLUS_V3,1294010972055592962,2,3,3.442000195162174
6,SC-SCSA_PLUS-SCSA_PLUS_V3,1344689933978656771,3,4,3.422843100278954
6,SC-SCSA_PLUS-SCSA_PLUS_V3,1337020338916499463,4,2,2.720979175276886
6,SC-SCSA_PLUS-SCSA_PLUS_V3,1355167587638906880,5,3,1.9174980996517728
6,SC-SCSA_PLUS-SCSA_PLUS_V3,1369298875719311360,6,5,1.2509600653879582
6,SC-SCSA_PLUS-SCSA_PLUS_V3,1331748997124534274,7,4,0.605440354063378
6,SC-SCSA_PLUS-SCSA_PLUS_V3,1317842770816602114,8,5,0.29836443370412735
6,SC-SCSA_PLUS-SCSA_PLUS_V3,1369405604595400711,9,5,-0.2004328457738552
6,SC-SCSA_PLUS-SCSA_PLUS_V3,1369311531360518146,10,5,-1.9307035383663498
7,SC-SCSA_PLUS-SCSA_PLUS_V3,1367462925250818061,1,5,2.2891324647428473
7,SC-SCSA_PLUS-SCSA_PLUS_V3,1336964656792035329,2,3,2.0763651263409506
7,SC-SCSA_PLUS-SCSA_PLUS_V3,1365327872643260420,3,4,1.9736484846794227
7,SC-SCSA_PLUS-SCSA_PLUS_V3,1368909409775149064,4,4,1.9461802284427354
7,SC-SCSA_PLUS-SCSA_PLUS_V3,1337318168277241857,5,3,1.8866985269298249
7,SC-SCSA_PLUS-SCSA_PLUS_V3,1336810117057179649,6,4,1.723459833576476
7,SC-SCSA_PLUS-SCSA_PLUS_V3,1368932010971004931,7,4,-0.4191673824872118
7,SC-SCSA_PLUS-SCSA_PLUS_V3,1362776603047165957,8,4,-0.6809603197180417
7,SC-SCSA_PLUS-SCSA_PLUS_V3,1369325020258983936,9,3,-0.8129973821962501
7,SC-SCSA_PLUS-SCSA_PLUS_V3,1365315820080009221,10,4,-1.034510873345673
8,SC-SCSA_PLUS-SCSA_PLUS_V3,1362083047785439239,1,4,6.317284019691915
8,SC-SCSA_PLUS-SCSA_PLUS_V3,1334711453211889665,2,4,4.387822739031291
8,SC-SCSA_PLUS-SCSA_PLUS_V3,1337022746824499203,3,4,3.93677533228313
8,SC-SCSA_PLUS-SCSA_PLUS_V3,1294010972055592962,4,4,3.442000195162174
8,SC-SCSA_PLUS-SCSA_PLUS_V3,1337020338916499463,5,4,2.720979175276886
8,SC-SCSA_PLUS-SCSA_PLUS_V3,1334726779903168512,6,4,1.9272129909067
8,SC-SCSA_PLUS-SCSA_PLUS_V3,1355167587638906880,7,4,1.9174980996517728
8,SC-SCSA_PLUS-SCSA_PLUS_V3,1337021907464499204,8,4,1.3667118216563114
8,SC-SCSA_PLUS-SCSA_PLUS_V3,1331748997124534274,9,4,0.605440354063378
8,SC-SCSA_PLUS-SCSA_PLUS_V3,1350483251291451392,10,5,-1.615708369470857
9,SC-SCSA_PLUS-SCSA_PLUS_V3,1095067826061262848,1,1,12.975365939575605
9,SC-SCSA_PLUS-SCSA_PLUS_V3,1364683920965578753,2,1,5.503195554791012
9,SC-SCSA_PLUS-SCSA_PLUS_V3,1366561763962073092,3,1,3.8351115564430356
9,SC-SCSA_PLUS-SCSA_PLUS_V3,1273231711908872193,4,1,3.1768801653310494
9,SC-SCSA_PLUS-SCSA_PLUS_V3,1365320876510560258,5,4,1.9819255746385516
9,SC-SCSA_PLUS-SCSA_PLUS_V3,1338584496489172992,6,3,1.8584771903482171
9,SC-SCSA_PLUS-SCSA_PLUS_V3,1336059119174897665,7,4,0.11828577394317481
9,SC-SCSA_PLUS-SCSA_PLUS_V3,1182112257708306433,8,1,-0.16049419338306353
9,SC-SCSA_PLUS-SCSA_PLUS_V3,1359597695548153864,9,4,-0.2779759772068338
9,SC-SCSA_PLUS-SCSA_PLUS_V3,1350483251291451392,10,5,-1.615708369470857
10,SC-SCSA_PLUS-SCSA_PLUS_V3,1367462925250818061,1,4,2.2891324647428473
10,SC-SCSA_PLUS-SCSA_PLUS_V3,1336964656792035329,2,4,2.0763651263409506
10,SC-SCSA_PLUS-SCSA_PLUS_V3,1365327872643260420,3,3,1.9736484846794227
10,SC-SCSA_PLUS-SCSA_PLUS_V3,1368909409775149064,4,5,1.9461802284427354
10,SC-SCSA_PLUS-SCSA_PLUS_V3,1337318168277241857,5,3,1.8866985269298249
10,SC-SCSA_PLUS-SCSA_PLUS_V3,1336810117057179649,6,4,1.723459833576476
10,SC-SCSA_PLUS-SCSA_PLUS_V3,1368932010971004931,7,5,-0.4191673824872118
10,SC-SCSA_PLUS-SCSA_PLUS_V3,1369325020258983936,8,4,-0.8129973821962501
10,SC-SCSA_PLUS-SCSA_PLUS_V3,1365315820080009221,9,4,-1.034510873345673
10,SC-SCSA_PLUS-SCSA_PLUS_V3,1350483251291451392,10,5,-1.615708369470857
11,SC-SCSA_PLUS-SCSA_PLUS_V3,1362083047785439239,1,5,6.317284019691915
11,SC-SCSA_PLUS-SCSA_PLUS_V3,1362083047785439239,2,5,6.317284019691915
11,SC-SCSA_PLUS-SCSA_PLUS_V3,1337022746824499203,3,5,3.93677533228313
11,SC-SCSA_PLUS-SCSA_PLUS_V3,1337022746824499203,4,5,3.93677533228313
11,SC-SCSA_PLUS-SCSA_PLUS_V3,1294010972055592962,5,4,3.442000195162174
11,SC-SCSA_PLUS-SCSA_PLUS_V3,1294010972055592962,6,5,3.442000195162174
11,SC-SCSA_PLUS-SCSA_PLUS_V3,1337020338916499463,7,3,2.720979175276886
11,SC-SCSA_PLUS-SCSA_PLUS_V3,1337020338916499463,8,5,2.720979175276886
11,SC-SCSA_PLUS-SCSA_PLUS_V3,1337021907464499204,9,5,1.3667118216563114
11,SC-SCSA_PLUS-SCSA_PLUS_V3,1337021907464499204,10,5,1.3667118216563114
12,SC-SCSA_PLUS-SCSA_PLUS_V3,1366910062711685124,1,5,9.90831912866012
12,SC-SCSA_PLUS-SCSA_PLUS_V3,1366197120064192513,2,5,9.275643528272024
12,SC-SCSA_PLUS-SCSA_PLUS_V3,1361511252103729153,3,5,3.7704800579429185
12,SC-SCSA_PLUS-SCSA_PLUS_V3,1361586402484514816,4,2,1.8928511756705775
12,SC-SCSA_PLUS-SCSA_PLUS_V3,1365109273240473600,5,3,1.6517561734975041
12,SC-SCSA_PLUS-SCSA_PLUS_V3,1361857937518465025,6,5,1.2502722380765232
12,SC-SCSA_PLUS-SCSA_PLUS_V3,1301164188136431616,7,5,1.1745449410662212
12,SC-SCSA_PLUS-SCSA_PLUS_V3,1361853779025403905,8,2,0.9924666377646604
12,SC-SCSA_PLUS-SCSA_PLUS_V3,1365037827298238464,9,2,0.4593473295931426
12,SC-SCSA_PLUS-SCSA_PLUS_V3,1349749578095075328,10,5,0.06932037073590923
13,SC-SCSA_PLUS-SCSA_PLUS_V3,1366167129754537984,1,2,2.2768611335594184
13,SC-SCSA_PLUS-SCSA_PLUS_V3,1336964656792035329,2,1,2.0763651263409506
13,SC-SCSA_PLUS-SCSA_PLUS_V3,1365327872643260420,3,1,1.9736484846794227
13,SC-SCSA_PLUS-SCSA_PLUS_V3,1337318168277241857,4,1,1.8866985269298249
13,SC-SCSA_PLUS-SCSA_PLUS_V3,1336810117057179649,5,4,1.723459833576476
13,SC-SCSA_PLUS-SCSA_PLUS_V3,1365113385658970113,6,1,1.2786927528281373
13,SC-SCSA_PLUS-SCSA_PLUS_V3,1363551492486008834,7,1,0.5229277309207143
13,SC-SCSA_PLUS-SCSA_PLUS_V3,1362776603047165957,8,2,-0.6809603197180417
13,SC-SCSA_PLUS-SCSA_PLUS_V3,1369325020258983936,9,4,-0.8129973821962501
13,SC-SCSA_PLUS-SCSA_PLUS_V3,1365315820080009221,10,4,-1.034510873345673
15,SC-SCSA_PLUS-SCSA_PLUS_V3,1361511252103729153,1,5,3.7704800579429185
15,SC-SCSA_PLUS-SCSA_PLUS_V3,1366167129754537984,2,4,2.2768611335594184
15,SC-SCSA_PLUS-SCSA_PLUS_V3,1361586402484514816,3,3,1.8928511756705775
15,SC-SCSA_PLUS-SCSA_PLUS_V3,1365109273240473600,4,3,1.6517561734975041
15,SC-SCSA_PLUS-SCSA_PLUS_V3,1366121589478154243,5,4,1.2889858962019534
15,SC-SCSA_PLUS-SCSA_PLUS_V3,1365113385658970113,6,3,1.2786927528281373
15,SC-SCSA_PLUS-SCSA_PLUS_V3,1361857937518465025,7,3,1.2502722380765232
15,SC-SCSA_PLUS-SCSA_PLUS_V3,1301164188136431616,8,3,1.1745449410662212
15,SC-SCSA_PLUS-SCSA_PLUS_V3,1361853779025403905,9,5,0.9924666377646604
15,SC-SCSA_PLUS-SCSA_PLUS_V3,1349749578095075328,10,3,0.06932037073590923
16,SC-SCSA_PLUS-SCSA_PLUS_V3,1366499073671454725,1,2,4.034211660614664
16,SC-SCSA_PLUS-SCSA_PLUS_V3,1368245651046207493,2,5,3.4386130032824767
16,SC-SCSA_PLUS-SCSA_PLUS_V3,1367462925250818061,3,1,2.2891324647428473
16,SC-SCSA_PLUS-SCSA_PLUS_V3,1368909409775149064,4,2,1.9461802284427354
16,SC-SCSA_PLUS-SCSA_PLUS_V3,1368580185642110982,5,5,1.9342973647240196
16,SC-SCSA_PLUS-SCSA_PLUS_V3,1367113993815547906,6,4,1.6262186286336613
16,SC-SCSA_PLUS-SCSA_PLUS_V3,1324374402750767104,7,1,0.8570444552028132
16,SC-SCSA_PLUS-SCSA_PLUS_V3,1303249708169613313,8,1,0.15353892550587625
16,SC-SCSA_PLUS-SCSA_PLUS_V3,1368932010971004931,9,1,-0.4191673824872118
16,SC-SCSA_PLUS-SCSA_PLUS_V3,1319402828285108225,10,1,-2.269523039538623
17,SC-SCSA_PLUS-SCSA_PLUS_V3,1366167129754537984,1,1,2.2768611335594184
17,SC-SCSA_PLUS-SCSA_PLUS_V3,1336964656792035329,2,2,2.0763651263409506
17,SC-SCSA_PLUS-SCSA_PLUS_V3,1365327872643260420,3,2,1.9736484846794227
17,SC-SCSA_PLUS-SCSA_PLUS_V3,1337318168277241857,4,2,1.8866985269298249
17,SC-SCSA_PLUS-SCSA_PLUS_V3,1336810117057179649,5,2,1.723459833576476
17,SC-SCSA_PLUS-SCSA_PLUS_V3,1365113385658970113,6,1,1.2786927528281373
17,SC-SCSA_PLUS-SCSA_PLUS_V3,1344784297316786177,7,5,0.693716711838448
17,SC-SCSA_PLUS-SCSA_PLUS_V3,1363551492486008834,8,2,0.5229277309207143
17,SC-SCSA_PLUS-SCSA_PLUS_V3,1369325020258983936,9,2,-0.8129973821962501
17,SC-SCSA_PLUS-SCSA_PLUS_V3,1365315820080009221,10,2,-1.034510873345673
18,SC-SCSA_PLUS-SCSA_PLUS_V3,1361511252103729153,1,1,3.7704800579429185
18,SC-SCSA_PLUS-SCSA_PLUS_V3,1344689933978656771,2,3,3.422843100278954
18,SC-SCSA_PLUS-SCSA_PLUS_V3,1273231711908872193,3,3,3.1768801653310494
18,SC-SCSA_PLUS-SCSA_PLUS_V3,1361586402484514816,4,1,1.8928511756705775
18,SC-SCSA_PLUS-SCSA_PLUS_V3,1365109273240473600,5,1,1.6517561734975041
18,SC-SCSA_PLUS-SCSA_PLUS_V3,1366121589478154243,6,2,1.2889858962019534
18,SC-SCSA_PLUS-SCSA_PLUS_V3,1361857937518465025,7,1,1.2502722380765232
18,SC-SCSA_PLUS-SCSA_PLUS_V3,1301164188136431616,8,3,1.1745449410662212
18,SC-SCSA_PLUS-SCSA_PLUS_V3,1361853779025403905,9,1,0.9924666377646604
18,SC-SCSA_PLUS-SCSA_PLUS_V3,1349749578095075328,10,1,0.06932037073590923
19,SC-SCSA_PLUS-SCSA_PLUS_V3,1369298875719311360,1,4,1.2509600653879582
19,SC-SCSA_PLUS-SCSA_PLUS_V3,1349380288783253504,2,4,0.9172050204873838
19,SC-SCSA_PLUS-SCSA_PLUS_V3,1349377838722519040,3,4,0.7765136103628977
19,SC-SCSA_PLUS-SCSA_PLUS_V3,1369405604595400711,4,4,-0.2004328457738552
19,SC-SCSA_PLUS-SCSA_PLUS_V3,1369326799709212680,5,4,-1.4117120163308365
19,SC-SCSA_PLUS-SCSA_PLUS_V3,1369311531360518146,6,4,-1.9307035383663498
19,SC-SCSA_PLUS-SCSA_PLUS_V3,1369441796925886465,7,4,-2.038859345145162
19,SC-SCSA_PLUS-SCSA_PLUS_V3,1369048387815899139,8,3,-2.6108610574621216
19,SC-SCSA_PLUS-SCSA_PLUS_V3,1369375444793954323,9,4,-2.7527104441297636
19,SC-SCSA_PLUS-SCSA_PLUS_V3,1369400194513723396,10,4,-3.2620846670431307
20,SC-SCSA_PLUS-SCSA_PLUS_V3,1366499073671454725,1,3,4.034211660614664
20,SC-SCSA_PLUS-SCSA_PLUS_V3,1344689933978656771,2,2,3.422843100278954
20,SC-SCSA_PLUS-SCSA_PLUS_V3,1367462925250818061,3,1,2.2891324647428473
20,SC-SCSA_PLUS-SCSA_PLUS_V3,1354118501653483523,4,1,2.044728839831383
20,SC-SCSA_PLUS-SCSA_PLUS_V3,1368909409775149064,5,3,1.9461802284427354
20,SC-SCSA_PLUS-SCSA_PLUS_V3,1368580185642110982,6,1,1.9342973647240196
20,SC-SCSA_PLUS-SCSA_PLUS_V3,1367113993815547906,7,4,1.6262186286336613
20,SC-SCSA_PLUS-SCSA_PLUS_V3,1317842770816602114,8,3,0.29836443370412735
20,SC-SCSA_PLUS-SCSA_PLUS_V3,1368932010971004931,9,2,-0.4191673824872118
20,SC-SCSA_PLUS-SCSA_PLUS_V3,1362776603047165957,10,5,-0.6809603197180417
21,SC-SCSA_PLUS-SCSA_PLUS_V3,1369075561981566976,1,4,3.4713388927248765
21,SC-SCSA_PLUS-SCSA_PLUS_V3,1344689933978656771,2,2,3.422843100278954
21,SC-SCSA_PLUS-SCSA_PLUS_V3,1369075493753020420,3,4,3.249128324108365
21,SC-SCSA_PLUS-SCSA_PLUS_V3,1366443197166096385,4,1,1.2734719164092647
21,SC-SCSA_PLUS-SCSA_PLUS_V3,1367300793485828097,5,5,1.2122225436979266
21,SC-SCSA_PLUS-SCSA_PLUS_V3,1364666742916583427,6,3,0.9822172364567091
21,SC-SCSA_PLUS-SCSA_PLUS_V3,1317842770816602114,7,5,0.29836443370412735
21,SC-SCSA_PLUS-SCSA_PLUS_V3,1369325020258983936,8,2,-0.8129973821962501
21,SC-SCSA_PLUS-SCSA_PLUS_V3,1365315820080009221,9,2,-1.034510873345673
21,SC-SCSA_PLUS-SCSA_PLUS_V3,1367521202042933249,10,5,-3.7094121978709644
22,SC-SCSA_PLUS-SCSA_PLUS_V3,1369075561981566976,1,5,3.4713388927248765
22,SC-SCSA_PLUS-SCSA_PLUS_V3,1369075493753020420,2,5,3.249128324108365
22,SC-SCSA_PLUS-SCSA_PLUS_V3,1366443197166096385,3,2,1.2734719164092647
22,SC-SCSA_PLUS-SCSA_PLUS_V3,1367300793485828097,4,3,1.2122225436979266
22,SC-SCSA_PLUS-SCSA_PLUS_V3,1364666742916583427,5,3,0.9822172364567091
22,SC-SCSA_PLUS-SCSA_PLUS_V3,1367237010608431106,6,3,-0.33909162986804253
22,SC-SCSA_PLUS-SCSA_PLUS_V3,1362776603047165957,7,3,-0.6809603197180417
22,SC-SCSA_PLUS-SCSA_PLUS_V3,1368641210533830657,8,5,-0.9731496315835763
22,SC-SCSA_PLUS-SCSA_PLUS_V3,1369375444793954323,9,5,-2.7527104441297636
22,SC-SCSA_PLUS-SCSA_PLUS_V3,1367521202042933249,10,5,-3.7094121978709644
23,SC-SCSA_PLUS-SCSA_PLUS_V3,1362083047785439239,1,3,6.317284019691915
23,SC-SCSA_PLUS-SCSA_PLUS_V3,1334711453211889665,2,3,4.387822739031291
23,SC-SCSA_PLUS-SCSA_PLUS_V3,1337022746824499203,3,3,3.93677533228313
23,SC-SCSA_PLUS-SCSA_PLUS_V3,1294010972055592962,4,3,3.442000195162174
23,SC-SCSA_PLUS-SCSA_PLUS_V3,1337020338916499463,5,3,2.720979175276886
23,SC-SCSA_PLUS-SCSA_PLUS_V3,1334726779903168512,6,3,1.9272129909067
23,SC-SCSA_PLUS-SCSA_PLUS_V3,1355167587638906880,7,3,1.9174980996517728
23,SC-SCSA_PLUS-SCSA_PLUS_V3,1337021907464499204,8,3,1.3667118216563114
23,SC-SCSA_PLUS-SCSA_PLUS_V3,1331748997124534274,9,3,0.605440354063378
23,SC-SCSA_PLUS-SCSA_PLUS_V3,1350483251291451392,10,5,-1.615708369470857
24,SC-SCSA_PLUS-SCSA_PLUS_V3,1336964656792035329,1,2,2.0763651263409506
24,SC-SCSA_PLUS-SCSA_PLUS_V3,1346517996760666117,2,5,2.0393166380542347
24,SC-SCSA_PLUS-SCSA_PLUS_V3,1365327872643260420,3,4,1.9736484846794227
24,SC-SCSA_PLUS-SCSA_PLUS_V3,1337318168277241857,4,3,1.8866985269298249
24,SC-SCSA_PLUS-SCSA_PLUS_V3,1336810117057179649,5,2,1.723459833576476
24,SC-SCSA_PLUS-SCSA_PLUS_V3,1363551492486008834,6,4,0.5229277309207143
24,SC-SCSA_PLUS-SCSA_PLUS_V3,1362776603047165957,7,5,-0.6809603197180417
24,SC-SCSA_PLUS-SCSA_PLUS_V3,1364607745270423556,8,4,-0.6917746542144274
24,SC-SCSA_PLUS-SCSA_PLUS_V3,1369325020258983936,9,5,-0.8129973821962501
24,SC-SCSA_PLUS-SCSA_PLUS_V3,1365315820080009221,10,4,-1.034510873345673
25,SC-SCSA_PLUS-SCSA_PLUS_V3,1349380288783253504,1,1,0.9172050204873838
25,SC-SCSA_PLUS-SCSA_PLUS_V3,1349377838722519040,2,1,0.7765136103628977
25,SC-SCSA_PLUS-SCSA_PLUS_V3,1353672852747284480,3,4,-0.14917337648383971
25,SC-SCSA_PLUS-SCSA_PLUS_V3,1362776603047165957,4,5,-0.6809603197180417
25,SC-SCSA_PLUS-SCSA_PLUS_V3,1369355243406954501,5,5,-0.7380823695008286
25,SC-SCSA_PLUS-SCSA_PLUS_V3,1354011094751260673,6,4,-1.3796503699019258
25,SC-SCSA_PLUS-SCSA_PLUS_V3,1369441796925886465,7,5,-2.038859345145162
25,SC-SCSA_PLUS-SCSA_PLUS_V3,1369048387815899139,8,5,-2.6108610574621216
25,SC-SCSA_PLUS-SCSA_PLUS_V3,1369375444793954323,9,5,-2.7527104441297636
25,SC-SCSA_PLUS-SCSA_PLUS_V3,1369400194513723396,10,5,-3.2620846670431307
26,SC-SCSA_PLUS-SCSA_PLUS_V3,1349380288783253504,1,4,0.9172050204873838
26,SC-SCSA_PLUS-SCSA_PLUS_V3,1349377838722519040,2,4,0.7765136103628977
26,SC-SCSA_PLUS-SCSA_PLUS_V3,1342062601535164416,3,3,0.5459195073037224
26,SC-SCSA_PLUS-SCSA_PLUS_V3,1336059119174897665,4,3,0.11828577394317481
26,SC-SCSA_PLUS-SCSA_PLUS_V3,1353672852747284480,5,3,-0.14917337648383971
26,SC-SCSA_PLUS-SCSA_PLUS_V3,1359597695548153864,6,4,-0.2779759772068338
26,SC-SCSA_PLUS-SCSA_PLUS_V3,1362776603047165957,7,4,-0.6809603197180417
26,SC-SCSA_PLUS-SCSA_PLUS_V3,1354011094751260673,8,4,-1.3796503699019258
26,SC-SCSA_PLUS-SCSA_PLUS_V3,1350483251291451392,9,4,-1.615708369470857
26,SC-SCSA_PLUS-SCSA_PLUS_V3,1369614175048249346,10,4,-2.2987185320665353
27,SC-SCSA_PLUS-SCSA_PLUS_V3,1349380288783253504,1,5,0.9172050204873838
27,SC-SCSA_PLUS-SCSA_PLUS_V3,1349377838722519040,2,5,0.7765136103628977
27,SC-SCSA_PLUS-SCSA_PLUS_V3,1353672852747284480,3,3,-0.14917337648383971
27,SC-SCSA_PLUS-SCSA_PLUS_V3,1362776603047165957,4,5,-0.6809603197180417
27,SC-SCSA_PLUS-SCSA_PLUS_V3,1369355243406954501,5,5,-0.7380823695008286
27,SC-SCSA_PLUS-SCSA_PLUS_V3,1354011094751260673,6,5,-1.3796503699019258
27,SC-SCSA_PLUS-SCSA_PLUS_V3,1369441796925886465,7,5,-2.038859345145162
27,SC-SCSA_PLUS-SCSA_PLUS_V3,1369048387815899139,8,4,-2.6108610574621216
27,SC-SCSA_PLUS-SCSA_PLUS_V3,1369375444793954323,9,5,-2.7527104441297636
27,SC-SCSA_PLUS-SCSA_PLUS_V3,1369400194513723396,10,5,-3.2620846670431307
28,SC-SCSA_PLUS-SCSA_PLUS_V3,1344689933978656771,1,1,3.422843100278954
28,SC-SCSA_PLUS-SCSA_PLUS_V3,1336964656792035329,2,1,2.0763651263409506
28,SC-SCSA_PLUS-SCSA_PLUS_V3,1354118501653483523,3,1,2.044728839831383
28,SC-SCSA_PLUS-SCSA_PLUS_V3,1365327872643260420,4,1,1.9736484846794227
28,SC-SCSA_PLUS-SCSA_PLUS_V3,1337318168277241857,5,1,1.8866985269298249
28,SC-SCSA_PLUS-SCSA_PLUS_V3,1336810117057179649,6,3,1.723459833576476
28,SC-SCSA_PLUS-SCSA_PLUS_V3,1317842770816602114,7,3,0.29836443370412735
28,SC-SCSA_PLUS-SCSA_PLUS_V3,1369325020258983936,8,1,-0.8129973821962501
28,SC-SCSA_PLUS-SCSA_PLUS_V3,1365315820080009221,9,1,-1.034510873345673
28,SC-SCSA_PLUS-SCSA_PLUS_V3,1350483251291451392,10,5,-1.615708369470857
29,SC-SCSA_PLUS-SCSA_PLUS_V3,1362083047785439239,1,5,6.317284019691915
29,SC-SCSA_PLUS-SCSA_PLUS_V3,1369075561981566976,2,5,3.4713388927248765
29,SC-SCSA_PLUS-SCSA_PLUS_V3,1369075493753020420,3,5,3.249128324108365
29,SC-SCSA_PLUS-SCSA_PLUS_V3,1337020338916499463,4,3,2.720979175276886
29,SC-SCSA_PLUS-SCSA_PLUS_V3,1248251408333172738,5,3,1.660758325297991
29,SC-SCSA_PLUS-SCSA_PLUS_V3,1367300793485828097,6,4,1.2122225436979266
29,SC-SCSA_PLUS-SCSA_PLUS_V3,1364666742916583427,7,5,0.9822172364567091
29,SC-SCSA_PLUS-SCSA_PLUS_V3,1369169111478005763,8,3,0.3469518511821572
29,SC-SCSA_PLUS-SCSA_PLUS_V3,1248277743118086144,9,3,-0.7019089382100414
29,SC-SCSA_PLUS-SCSA_PLUS_V3,1367521202042933249,10,4,-3.7094121978709644
30,SC-SCSA_PLUS-SCSA_PLUS_V3,1369075561981566976,1,4,3.4713388927248765
30,SC-SCSA_PLUS-SCSA_PLUS_V3,1369075493753020420,2,4,3.249128324108365
30,SC-SCSA_PLUS-SCSA_PLUS_V3,1369034842222985216,3,4,1.3579494760277242
30,SC-SCSA_PLUS-SCSA_PLUS_V3,1366443197166096385,4,2,1.2734719164092647
30,SC-SCSA_PLUS-SCSA_PLUS_V3,1367300793485828097,5,3,1.2122225436979266
30,SC-SCSA_PLUS-SCSA_PLUS_V3,1364666742916583427,6,3,0.9822172364567091
30,SC-SCSA_PLUS-SCSA_PLUS_V3,1367237010608431106,7,2,-0.33909162986804253
30,SC-SCSA_PLUS-SCSA_PLUS_V3,1362776603047165957,8,4,-0.6809603197180417
30,SC-SCSA_PLUS-SCSA_PLUS_V3,1368641210533830657,9,4,-0.9731496315835763
30,SC-SCSA_PLUS-SCSA_PLUS_V3,1367521202042933249,10,4,-3.7094121978709644
31,SC-SCSA_PLUS-SCSA_PLUS_V3,1336964656792035329,1,3,2.0763651263409506
31,SC-SCSA_PLUS-SCSA_PLUS_V3,1365327872643260420,2,3,1.9736484846794227
31,SC-SCSA_PLUS-SCSA_PLUS_V3,1337318168277241857,3,5,1.8866985269298249
31,SC-SCSA_PLUS-SCSA_PLUS_V3,1336810117057179649,4,4,1.723459833576476
31,SC-SCSA_PLUS-SCSA_PLUS_V3,1283912982200631298,5,3,1.243626264029323
31,SC-SCSA_PLUS-SCSA_PLUS_V3,1363551492486008834,6,2,0.5229277309207143
31,SC-SCSA_PLUS-SCSA_PLUS_V3,1318667750408036352,7,2,-0.13230145469562932
31,SC-SCSA_PLUS-SCSA_PLUS_V3,1362776603047165957,8,5,-0.6809603197180417
31,SC-SCSA_PLUS-SCSA_PLUS_V3,1369325020258983936,9,3,-0.8129973821962501
31,SC-SCSA_PLUS-SCSA_PLUS_V3,1365315820080009221,10,4,-1.034510873345673
32,SC-SCSA_PLUS-SCSA_PLUS_V3,1362085735063572482,1,2,1.0182111709970592
32,SC-SCSA_PLUS-SCSA_PLUS_V3,1362074171832958980,2,1,0.7331420762516607
32,SC-SCSA_PLUS-SCSA_PLUS_V3,1362776603047165957,3,2,-0.6809603197180417
32,SC-SCSA_PLUS-SCSA_PLUS_V3,1369355243406954501,4,1,-0.7380823695008286
32,SC-SCSA_PLUS-SCSA_PLUS_V3,1359577321695547392,5,1,-1.0250458628988153
32,SC-SCSA_PLUS-SCSA_PLUS_V3,1369441796925886465,6,2,-2.038859345145162
32,SC-SCSA_PLUS-SCSA_PLUS_V3,1369614175048249346,7,3,-2.2987185320665353
32,SC-SCSA_PLUS-SCSA_PLUS_V3,1369048387815899139,8,2,-2.6108610574621216
32,SC-SCSA_PLUS-SCSA_PLUS_V3,1369375444793954323,9,3,-2.7527104441297636
32,SC-SCSA_PLUS-SCSA_PLUS_V3,1369400194513723396,10,2,-3.2620846670431307
33,SC-SCSA_PLUS-SCSA_PLUS_V3,1369298875719311360,1,4,1.2509600653879582
33,SC-SCSA_PLUS-SCSA_PLUS_V3,1369405604595400711,2,4,-0.2004328457738552
33,SC-SCSA_PLUS-SCSA_PLUS_V3,1362776603047165957,3,3,-0.6809603197180417
33,SC-SCSA_PLUS-SCSA_PLUS_V3,1369355243406954501,4,3,-0.7380823695008286
33,SC-SCSA_PLUS-SCSA_PLUS_V3,1369326799709212680,5,2,-1.4117120163308365
33,SC-SCSA_PLUS-SCSA_PLUS_V3,1369311531360518146,6,4,-1.9307035383663498
33,SC-SCSA_PLUS-SCSA_PLUS_V3,1369441796925886465,7,4,-2.038859345145162
33,SC-SCSA_PLUS-SCSA_PLUS_V3,1369048387815899139,8,4,-2.6108610574621216
33,SC-SCSA_PLUS-SCSA_PLUS_V3,1369375444793954323,9,4,-2.7527104441297636
33,SC-SCSA_PLUS-SCSA_PLUS_V3,1369400194513723396,10,4,-3.2620846670431307
34,SC-SCSA_PLUS-SCSA_PLUS_V3,1369298875719311360,1,4,1.2509600653879582
34,SC-SCSA_PLUS-SCSA_PLUS_V3,1369405604595400711,2,3,-0.2004328457738552
34,SC-SCSA_PLUS-SCSA_PLUS_V3,1362776603047165957,3,2,-0.6809603197180417
34,SC-SCSA_PLUS-SCSA_PLUS_V3,1369355243406954501,4,3,-0.7380823695008286
34,SC-SCSA_PLUS-SCSA_PLUS_V3,1369326799709212680,5,3,-1.4117120163308365
34,SC-SCSA_PLUS-SCSA_PLUS_V3,1369311531360518146,6,3,-1.9307035383663498
34,SC-SCSA_PLUS-SCSA_PLUS_V3,1369441796925886465,7,4,-2.038859345145162
34,SC-SCSA_PLUS-SCSA_PLUS_V3,1369048387815899139,8,3,-2.6108610574621216
34,SC-SCSA_PLUS-SCSA_PLUS_V3,1369375444793954323,9,2,-2.7527104441297636
34,SC-SCSA_PLUS-SCSA_PLUS_V3,1369400194513723396,10,1,-3.2620846670431307
35,SC-SCSA_PLUS-SCSA_PLUS_V3,1344689933978656771,1,1,3.422843100278954
35,SC-SCSA_PLUS-SCSA_PLUS_V3,1354118501653483523,2,1,2.044728839831383
35,SC-SCSA_PLUS-SCSA_PLUS_V3,1265629710941388800,3,1,1.4419433463397615
35,SC-SCSA_PLUS-SCSA_PLUS_V3,1349380288783253504,4,3,0.9172050204873838
35,SC-SCSA_PLUS-SCSA_PLUS_V3,1349377838722519040,5,3,0.7765136103628977
35,SC-SCSA_PLUS-SCSA_PLUS_V3,1317842770816602114,6,2,0.29836443370412735
35,SC-SCSA_PLUS-SCSA_PLUS_V3,1357381035852521474,7,1,-0.31815746659778477
35,SC-SCSA_PLUS-SCSA_PLUS_V3,1151605021345083392,8,4,-0.3333099764675655
35,SC-SCSA_PLUS-SCSA_PLUS_V3,1362776603047165957,9,3,-0.6809603197180417
35,SC-SCSA_PLUS-SCSA_PLUS_V3,1361046993158692866,10,2,-0.7281489316028963
36,SC-SCSA_PLUS-SCSA_PLUS_V3,1095067826061262848,1,4,12.975365939575605
36,SC-SCSA_PLUS-SCSA_PLUS_V3,1344689933978656771,2,5,3.422843100278954
36,SC-SCSA_PLUS-SCSA_PLUS_V3,1273231711908872193,3,4,3.1768801653310494
36,SC-SCSA_PLUS-SCSA_PLUS_V3,1364666742916583427,4,5,0.9822172364567091
36,SC-SCSA_PLUS-SCSA_PLUS_V3,1317842770816602114,5,5,0.29836443370412735
36,SC-SCSA_PLUS-SCSA_PLUS_V3,1182112257708306433,6,4,-0.16049419338306353
36,SC-SCSA_PLUS-SCSA_PLUS_V3,1369325020258983936,7,5,-0.8129973821962501
36,SC-SCSA_PLUS-SCSA_PLUS_V3,1365315820080009221,8,5,-1.034510873345673
36,SC-SCSA_PLUS-SCSA_PLUS_V3,1350483251291451392,9,5,-1.615708369470857
36,SC-SCSA_PLUS-SCSA_PLUS_V3,1367521202042933249,10,5,-3.7094121978709644
37,SC-SCSA_PLUS-SCSA_PLUS_V3,1362083047785439239,1,4,6.317284019691915
37,SC-SCSA_PLUS-SCSA_PLUS_V3,1337022746824499203,2,4,3.93677533228313
37,SC-SCSA_PLUS-SCSA_PLUS_V3,1294010972055592962,3,4,3.442000195162174
37,SC-SCSA_PLUS-SCSA_PLUS_V3,1344689933978656771,4,1,3.422843100278954
37,SC-SCSA_PLUS-SCSA_PLUS_V3,1337020338916499463,5,4,2.720979175276886
37,SC-SCSA_PLUS-SCSA_PLUS_V3,1355167587638906880,6,3,1.9174980996517728
37,SC-SCSA_PLUS-SCSA_PLUS_V3,1337021907464499204,7,5,1.3667118216563114
37,SC-SCSA_PLUS-SCSA_PLUS_V3,1331748997124534274,8,5,0.605440354063378
37,SC-SCSA_PLUS-SCSA_PLUS_V3,1317842770816602114,9,2,0.29836443370412735
37,SC-SCSA_PLUS-SCSA_PLUS_V3,1354545532044075013,10,1,-0.6354463998481974
38,SC-SCSA_PLUS-SCSA_PLUS_V3,1369298875719311360,1,5,1.2509600653879582
38,SC-SCSA_PLUS-SCSA_PLUS_V3,1349380288783253504,2,5,0.9172050204873838
38,SC-SCSA_PLUS-SCSA_PLUS_V3,1349377838722519040,3,5,0.7765136103628977
38,SC-SCSA_PLUS-SCSA_PLUS_V3,1362074171832958980,4,3,0.7331420762516607
38,SC-SCSA_PLUS-SCSA_PLUS_V3,1353672852747284480,5,5,-0.14917337648383971
38,SC-SCSA_PLUS-SCSA_PLUS_V3,1369405604595400711,6,5,-0.2004328457738552
38,SC-SCSA_PLUS-SCSA_PLUS_V3,1354011094751260673,7,5,-1.3796503699019258
38,SC-SCSA_PLUS-SCSA_PLUS_V3,1369326799709212680,8,5,-1.4117120163308365
38,SC-SCSA_PLUS-SCSA_PLUS_V3,1369311531360518146,9,5,-1.9307035383663498
38,SC-SCSA_PLUS-SCSA_PLUS_V3,1369315042236174343,10,4,-3.639470760120057
39,SC-SCSA_PLUS-SCSA_PLUS_V3,1369075561981566976,1,5,3.4713388927248765
39,SC-SCSA_PLUS-SCSA_PLUS_V3,1369075493753020420,2,5,3.249128324108365
39,SC-SCSA_PLUS-SCSA_PLUS_V3,1366443197166096385,3,5,1.2734719164092647
39,SC-SCSA_PLUS-SCSA_PLUS_V3,1367300793485828097,4,5,1.2122225436979266
39,SC-SCSA_PLUS-SCSA_PLUS_V3,1364666742916583427,5,3,0.9822172364567091
39,SC-SCSA_PLUS-SCSA_PLUS_V3,1349380288783253504,6,5,0.9172050204873838
39,SC-SCSA_PLUS-SCSA_PLUS_V3,1349377838722519040,7,5,0.7765136103628977
39,SC-SCSA_PLUS-SCSA_PLUS_V3,1367237010608431106,8,5,-0.33909162986804253
39,SC-SCSA_PLUS-SCSA_PLUS_V3,1368641210533830657,9,3,-0.9731496315835763
39,SC-SCSA_PLUS-SCSA_PLUS_V3,1367521202042933249,10,5,-3.7094121978709644
40,SC-SCSA_PLUS-SCSA_PLUS_V3,1362083047785439239,1,3,6.317284019691915
40,SC-SCSA_PLUS-SCSA_PLUS_V3,1337022746824499203,2,5,3.93677533228313
40,SC-SCSA_PLUS-SCSA_PLUS_V3,1294010972055592962,3,5,3.442000195162174
40,SC-SCSA_PLUS-SCSA_PLUS_V3,1337020338916499463,4,5,2.720979175276886
40,SC-SCSA_PLUS-SCSA_PLUS_V3,1366167129754537984,5,2,2.2768611335594184
40,SC-SCSA_PLUS-SCSA_PLUS_V3,1355167587638906880,6,2,1.9174980996517728
40,SC-SCSA_PLUS-SCSA_PLUS_V3,1337021907464499204,7,5,1.3667118216563114
40,SC-SCSA_PLUS-SCSA_PLUS_V3,1365113385658970113,8,2,1.2786927528281373
40,SC-SCSA_PLUS-SCSA_PLUS_V3,1331748997124534274,9,2,0.605440354063378
40,SC-SCSA_PLUS-SCSA_PLUS_V3,1350483251291451392,10,5,-1.615708369470857
41,SC-SCSA_PLUS-SCSA_PLUS_V3,1362083047785439239,1,4,6.317284019691915
41,SC-SCSA_PLUS-SCSA_PLUS_V3,1337022746824499203,2,2,3.93677533228313
41,SC-SCSA_PLUS-SCSA_PLUS_V3,1294010972055592962,3,1,3.442000195162174
41,SC-SCSA_PLUS-SCSA_PLUS_V3,1337020338916499463,4,1,2.720979175276886
41,SC-SCSA_PLUS-SCSA_PLUS_V3,1334726779903168512,5,1,1.9272129909067
41,SC-SCSA_PLUS-SCSA_PLUS_V3,1355167587638906880,6,2,1.9174980996517728
41,SC-SCSA_PLUS-SCSA_PLUS_V3,1337021907464499204,7,1,1.3667118216563114
41,SC-SCSA_PLUS-SCSA_PLUS_V3,1331748997124534274,8,3,0.605440354063378
41,SC-SCSA_PLUS-SCSA_PLUS_V3,1317842770816602114,9,4,0.29836443370412735
41,SC-SCSA_PLUS-SCSA_PLUS_V3,1354545532044075013,10,4,-0.6354463998481974
42,SC-SCSA_PLUS-SCSA_PLUS_V3,1369075561981566976,1,2,3.4713388927248765
42,SC-SCSA_PLUS-SCSA_PLUS_V3,1369075493753020420,2,2,3.249128324108365
42,SC-SCSA_PLUS-SCSA_PLUS_V3,1248251408333172738,3,2,1.660758325297991
42,SC-SCSA_PLUS-SCSA_PLUS_V3,1366443197166096385,4,5,1.2734719164092647
42,SC-SCSA_PLUS-SCSA_PLUS_V3,1367300793485828097,5,1,1.2122225436979266
42,SC-SCSA_PLUS-SCSA_PLUS_V3,1364666742916583427,6,5,0.9822172364567091
42,SC-SCSA_PLUS-SCSA_PLUS_V3,1368080635655450627,7,5,0.8846920887675778
42,SC-SCSA_PLUS-SCSA_PLUS_V3,1369169111478005763,8,2,0.3469518511821572
42,SC-SCSA_PLUS-SCSA_PLUS_V3,1248277743118086144,9,2,-0.7019089382100414
42,SC-SCSA_PLUS-SCSA_PLUS_V3,1367521202042933249,10,5,-3.7094121978709644
43,SC-SCSA_PLUS-SCSA_PLUS_V3,1362083047785439239,1,5,6.317284019691915
43,SC-SCSA_PLUS-SCSA_PLUS_V3,1337022746824499203,2,5,3.93677533228313
43,SC-SCSA_PLUS-SCSA_PLUS_V3,1294010972055592962,3,5,3.442000195162174
43,SC-SCSA_PLUS-SCSA_PLUS_V3,1368245651046207493,4,5,3.4386130032824767
43,SC-SCSA_PLUS-SCSA_PLUS_V3,1337020338916499463,5,5,2.720979175276886
43,SC-SCSA_PLUS-SCSA_PLUS_V3,1334726779903168512,6,5,1.9272129909067
43,SC-SCSA_PLUS-SCSA_PLUS_V3,1355167587638906880,7,5,1.9174980996517728
43,SC-SCSA_PLUS-SCSA_PLUS_V3,1337021907464499204,8,5,1.3667118216563114
43,SC-SCSA_PLUS-SCSA_PLUS_V3,1331748997124534274,9,5,0.605440354063378
43,SC-SCSA_PLUS-SCSA_PLUS_V3,1350483251291451392,10,5,-1.615708369470857
44,SC-SCSA_PLUS-SCSA_PLUS_V3,1344689933978656771,1,5,3.422843100278954
44,SC-SCSA_PLUS-SCSA_PLUS_V3,1354118501653483523,2,4,2.044728839831383
44,SC-SCSA_PLUS-SCSA_PLUS_V3,1283912982200631298,3,5,1.243626264029323
44,SC-SCSA_PLUS-SCSA_PLUS_V3,1317842770816602114,4,5,0.29836443370412735
44,SC-SCSA_PLUS-SCSA_PLUS_V3,1318667750408036352,5,5,-0.13230145469562932
44,SC-SCSA_PLUS-SCSA_PLUS_V3,1369355243406954501,6,5,-0.7380823695008286
44,SC-SCSA_PLUS-SCSA_PLUS_V3,1369441796925886465,7,5,-2.038859345145162
44,SC-SCSA_PLUS-SCSA_PLUS_V3,1369048387815899139,8,5,-2.6108610574621216
44,SC-SCSA_PLUS-SCSA_PLUS_V3,1369375444793954323,9,5,-2.7527104441297636
44,SC-SCSA_PLUS-SCSA_PLUS_V3,1369400194513723396,10,5,-3.2620846670431307
45,SC-SCSA_PLUS-SCSA_PLUS_V3,1362360519626227713,1,4,2.5877122125662626
45,SC-SCSA_PLUS-SCSA_PLUS_V3,1242106541999783936,2,4,2.5113139388420542
45,SC-SCSA_PLUS-SCSA_PLUS_V3,1367462925250818061,3,4,2.2891324647428473
45,SC-SCSA_PLUS-SCSA_PLUS_V3,1308393354120421376,4,5,2.034821453976127
45,SC-SCSA_PLUS-SCSA_PLUS_V3,1368909409775149064,5,4,1.9461802284427354
45,SC-SCSA_PLUS-SCSA_PLUS_V3,1324374402750767104,6,5,0.8570444552028132
45,SC-SCSA_PLUS-SCSA_PLUS_V3,1241401189721350145,7,3,0.25174319681583723
45,SC-SCSA_PLUS-SCSA_PLUS_V3,1303249708169613313,8,5,0.15353892550587625
45,SC-SCSA_PLUS-SCSA_PLUS_V3,1368932010971004931,9,5,-0.4191673824872118
45,SC-SCSA_PLUS-SCSA_PLUS_V3,1327954760251662337,10,5,-1.1507144931860014
46,SC-SCSA_PLUS-SCSA_PLUS_V3,1369298875719311360,1,5,1.2509600653879582
46,SC-SCSA_PLUS-SCSA_PLUS_V3,1369405604595400711,2,5,-0.2004328457738552
46,SC-SCSA_PLUS-SCSA_PLUS_V3,1362776603047165957,3,5,-0.6809603197180417
46,SC-SCSA_PLUS-SCSA_PLUS_V3,1369355243406954501,4,2,-0.7380823695008286
46,SC-SCSA_PLUS-SCSA_PLUS_V3,1369326799709212680,5,5,-1.4117120163308365
46,SC-SCSA_PLUS-SCSA_PLUS_V3,1369311531360518146,6,5,-1.9307035383663498
46,SC-SCSA_PLUS-SCSA_PLUS_V3,1369441796925886465,7,5,-2.038859345145162
46,SC-SCSA_PLUS-SCSA_PLUS_V3,1369048387815899139,8,4,-2.6108610574621216
46,SC-SCSA_PLUS-SCSA_PLUS_V3,1369375444793954323,9,5,-2.7527104441297636
46,SC-SCSA_PLUS-SCSA_PLUS_V3,1369400194513723396,10,5,-3.2620846670431307
47,SC-SCSA_PLUS-SCSA_PLUS_V3,1362083047785439239,1,5,6.317284019691915
47,SC-SCSA_PLUS-SCSA_PLUS_V3,1294010972055592962,2,5,3.442000195162174
47,SC-SCSA_PLUS-SCSA_PLUS_V3,1337020338916499463,3,5,2.720979175276886
47,SC-SCSA_PLUS-SCSA_PLUS_V3,1355167587638906880,4,1,1.9174980996517728
47,SC-SCSA_PLUS-SCSA_PLUS_V3,1337021907464499204,5,5,1.3667118216563114
47,SC-SCSA_PLUS-SCSA_PLUS_V3,1369298875719311360,6,5,1.2509600653879582
47,SC-SCSA_PLUS-SCSA_PLUS_V3,1331748997124534274,7,5,0.605440354063378
47,SC-SCSA_PLUS-SCSA_PLUS_V3,1369405604595400711,8,5,-0.2004328457738552
47,SC-SCSA_PLUS-SCSA_PLUS_V3,1368932010971004931,9,5,-0.4191673824872118
47,SC-SCSA_PLUS-SCSA_PLUS_V3,1369311531360518146,10,5,-1.9307035383663498
48,SC-SCSA_PLUS-SCSA_PLUS_V3,1325738196374876161,1,5,2.048499112379438
48,SC-SCSA_PLUS-SCSA_PLUS_V3,1369297616245231638,2,4,1.0567199254874085
48,SC-SCSA_PLUS-SCSA_PLUS_V3,1322257265496334336,3,5,0.9800600550961632
48,SC-SCSA_PLUS-SCSA_PLUS_V3,1294355303329341442,4,5,0.6462433955155507
48,SC-SCSA_PLUS-SCSA_PLUS_V3,1322257618178609153,5,4,0.03545709713094296
48,SC-SCSA_PLUS-SCSA_PLUS_V3,1369405604595400711,6,5,-0.2004328457738552
48,SC-SCSA_PLUS-SCSA_PLUS_V3,1369054744786989056,7,4,-1.0537963478592067
48,SC-SCSA_PLUS-SCSA_PLUS_V3,1368610152081985537,8,4,-1.2815468922685385
48,SC-SCSA_PLUS-SCSA_PLUS_V3,1369311531360518146,9,5,-1.9307035383663498
48,SC-SCSA_PLUS-SCSA_PLUS_V3,1369375444793954323,10,5,-2.7527104441297636
49,SC-SCSA_PLUS-SCSA_PLUS_V3,1325738196374876161,1,1,2.048499112379438
49,SC-SCSA_PLUS-SCSA_PLUS_V3,1369297616245231638,2,5,1.0567199254874085
49,SC-SCSA_PLUS-SCSA_PLUS_V3,1322257265496334336,3,3,0.9800600550961632
49,SC-SCSA_PLUS-SCSA_PLUS_V3,1368271872002035713,4,5,0.6466032091133875
49,SC-SCSA_PLUS-SCSA_PLUS_V3,1294355303329341442,5,5,0.6462433955155507
49,SC-SCSA_PLUS-SCSA_PLUS_V3,1303249708169613313,6,2,0.15353892550587625
49,SC-SCSA_PLUS-SCSA_PLUS_V3,1322257618178609153,7,2,0.03545709713094296
49,SC-SCSA_PLUS-SCSA_PLUS_V3,1368932010971004931,8,5,-0.4191673824872118
49,SC-SCSA_PLUS-SCSA_PLUS_V3,1369054744786989056,9,5,-1.0537963478592067
49,SC-SCSA_PLUS-SCSA_PLUS_V3,1368610152081985537,10,5,-1.2815468922685385
50,SC-SCSA_PLUS-SCSA_PLUS_V3,1344689933978656771,1,5,3.422843100278954
50,SC-SCSA_PLUS-SCSA_PLUS_V3,1367462925250818061,2,5,2.2891324647428473
50,SC-SCSA_PLUS-SCSA_PLUS_V3,1354118501653483523,3,4,2.044728839831383
50,SC-SCSA_PLUS-SCSA_PLUS_V3,1368909409775149064,4,5,1.9461802284427354
50,SC-SCSA_PLUS-SCSA_PLUS_V3,1317842770816602114,5,5,0.29836443370412735
50,SC-SCSA_PLUS-SCSA_PLUS_V3,1368932010971004931,6,5,-0.4191673824872118
50,SC-SCSA_PLUS-SCSA_PLUS_V3,1369441796925886465,7,5,-2.038859345145162
50,SC-SCSA_PLUS-SCSA_PLUS_V3,1369048387815899139,8,5,-2.6108610574621216
50,SC-SCSA_PLUS-SCSA_PLUS_V3,1369375444793954323,9,4,-2.7527104441297636
50,SC-SCSA_PLUS-SCSA_PLUS_V3,1369400194513723396,10,4,-3.2620846670431307
51,SC-SCSA_PLUS-SCSA_PLUS_V3,1369075561981566976,1,2,3.4713388927248765
51,SC-SCSA_PLUS-SCSA_PLUS_V3,1344689933978656771,2,1,3.422843100278954
51,SC-SCSA_PLUS-SCSA_PLUS_V3,1369075493753020420,3,2,3.249128324108365
51,SC-SCSA_PLUS-SCSA_PLUS_V3,1366443197166096385,4,5,1.2734719164092647
51,SC-SCSA_PLUS-SCSA_PLUS_V3,1367300793485828097,5,1,1.2122225436979266
51,SC-SCSA_PLUS-SCSA_PLUS_V3,1364666742916583427,6,5,0.9822172364567091
51,SC-SCSA_PLUS-SCSA_PLUS_V3,1317842770816602114,7,5,0.29836443370412735
51,SC-SCSA_PLUS-SCSA_PLUS_V3,1367237010608431106,8,5,-0.33909162986804253
51,SC-SCSA_PLUS-SCSA_PLUS_V3,1354545532044075013,9,1,-0.6354463998481974
51,SC-SCSA_PLUS-SCSA_PLUS_V3,1367521202042933249,10,5,-3.7094121978709644
53,SC-SCSA_PLUS-SCSA_PLUS_V3,1369075561981566976,1,4,3.4713388927248765
53,SC-SCSA_PLUS-SCSA_PLUS_V3,1369075493753020420,2,4,3.249128324108365
53,SC-SCSA_PLUS-SCSA_PLUS_V3,1366443197166096385,3,1,1.2734719164092647
53,SC-SCSA_PLUS-SCSA_PLUS_V3,1367300793485828097,4,1,1.2122225436979266
53,SC-SCSA_PLUS-SCSA_PLUS_V3,1364666742916583427,5,1,0.9822172364567091
53,SC-SCSA_PLUS-SCSA_PLUS_V3,1367237010608431106,6,1,-0.33909162986804253
53,SC-SCSA_PLUS-SCSA_PLUS_V3,1354545532044075013,7,1,-0.6354463998481974
53,SC-SCSA_PLUS-SCSA_PLUS_V3,1369325020258983936,8,2,-0.8129973821962501
53,SC-SCSA_PLUS-SCSA_PLUS_V3,1365315820080009221,9,2,-1.034510873345673
53,SC-SCSA_PLUS-SCSA_PLUS_V3,1367521202042933249,10,1,-3.7094121978709644
54,SC-SCSA_PLUS-SCSA_PLUS_V3,1369075561981566976,1,3,3.4713388927248765
54,SC-SCSA_PLUS-SCSA_PLUS_V3,1344689933978656771,2,4,3.422843100278954
54,SC-SCSA_PLUS-SCSA_PLUS_V3,1369075493753020420,3,3,3.249128324108365
54,SC-SCSA_PLUS-SCSA_PLUS_V3,1366443197166096385,4,5,1.2734719164092647
54,SC-SCSA_PLUS-SCSA_PLUS_V3,1367300793485828097,5,3,1.2122225436979266
54,SC-SCSA_PLUS-SCSA_PLUS_V3,1364666742916583427,6,3,0.9822172364567091
54,SC-SCSA_PLUS-SCSA_PLUS_V3,1317842770816602114,7,5,0.29836443370412735
54,SC-SCSA_PLUS-SCSA_PLUS_V3,1367237010608431106,8,3,-0.33909162986804253
54,SC-SCSA_PLUS-SCSA_PLUS_V3,1354545532044075013,9,3,-0.6354463998481974
54,SC-SCSA_PLUS-SCSA_PLUS_V3,1367521202042933249,10,5,-3.7094121978709644
55,SC-SCSA_PLUS-SCSA_PLUS_V3,1368245651046207493,1,4,3.4386130032824767
55,SC-SCSA_PLUS-SCSA_PLUS_V3,1325738196374876161,2,4,2.048499112379438
55,SC-SCSA_PLUS-SCSA_PLUS_V3,1369297616245231638,3,4,1.0567199254874085
55,SC-SCSA_PLUS-SCSA_PLUS_V3,1322257265496334336,4,4,0.9800600550961632
55,SC-SCSA_PLUS-SCSA_PLUS_V3,1368271872002035713,5,4,0.6466032091133875
55,SC-SCSA_PLUS-SCSA_PLUS_V3,1294355303329341442,6,4,0.6462433955155507
55,SC-SCSA_PLUS-SCSA_PLUS_V3,1322257618178609153,7,5,0.03545709713094296
55,SC-SCSA_PLUS-SCSA_PLUS_V3,1368932010971004931,8,5,-0.4191673824872118
55,SC-SCSA_PLUS-SCSA_PLUS_V3,1369054744786989056,9,4,-1.0537963478592067
55,SC-SCSA_PLUS-SCSA_PLUS_V3,1368610152081985537,10,4,-1.2815468922685385
57,SC-SCSA_PLUS-SCSA_PLUS_V3,1351483359244005376,1,5,2.3966815161000734
57,SC-SCSA_PLUS-SCSA_PLUS_V3,1369298875719311360,2,5,1.2509600653879582
57,SC-SCSA_PLUS-SCSA_PLUS_V3,1286599815967776768,3,5,0.6579395540662364
57,SC-SCSA_PLUS-SCSA_PLUS_V3,1369405604595400711,4,5,-0.2004328457738552
57,SC-SCSA_PLUS-SCSA_PLUS_V3,1300884239626522624,5,5,-1.172015870835951
57,SC-SCSA_PLUS-SCSA_PLUS_V3,1369326799709212680,6,5,-1.4117120163308365
57,SC-SCSA_PLUS-SCSA_PLUS_V3,1369311531360518146,7,5,-1.9307035383663498
57,SC-SCSA_PLUS-SCSA_PLUS_V3,1369441796925886465,8,5,-2.038859345145162
57,SC-SCSA_PLUS-SCSA_PLUS_V3,1369375444793954323,9,5,-2.7527104441297636
57,SC-SCSA_PLUS-SCSA_PLUS_V3,1369400194513723396,10,5,-3.2620846670431307
58,SC-SCSA_PLUS-SCSA_PLUS_V3,1369075561981566976,1,5,3.4713388927248765
58,SC-SCSA_PLUS-SCSA_PLUS_V3,1369075493753020420,2,5,3.249128324108365
58,SC-SCSA_PLUS-SCSA_PLUS_V3,1366443197166096385,3,5,1.2734719164092647
58,SC-SCSA_PLUS-SCSA_PLUS_V3,1367300793485828097,4,5,1.2122225436979266
58,SC-SCSA_PLUS-SCSA_PLUS_V3,1364666742916583427,5,5,0.9822172364567091
58,SC-SCSA_PLUS-SCSA_PLUS_V3,1349380288783253504,6,5,0.9172050204873838
58,SC-SCSA_PLUS-SCSA_PLUS_V3,1349377838722519040,7,5,0.7765136103628977
58,SC-SCSA_PLUS-SCSA_PLUS_V3,1367237010608431106,8,5,-0.33909162986804253
58,SC-SCSA_PLUS-SCSA_PLUS_V3,1362776603047165957,9,5,-0.6809603197180417
58,SC-SCSA_PLUS-SCSA_PLUS_V3,1367521202042933249,10,5,-3.7094121978709644
59,SC-SCSA_PLUS-SCSA_PLUS_V3,1369075561981566976,1,5,3.4713388927248765
59,SC-SCSA_PLUS-SCSA_PLUS_V3,1344689933978656771,2,5,3.422843100278954
59,SC-SCSA_PLUS-SCSA_PLUS_V3,1369075493753020420,3,5,3.249128324108365
59,SC-SCSA_PLUS-SCSA_PLUS_V3,1366443197166096385,4,5,1.2734719164092647
59,SC-SCSA_PLUS-SCSA_PLUS_V3,1367300793485828097,5,5,1.2122225436979266
59,SC-SCSA_PLUS-SCSA_PLUS_V3,1364666742916583427,6,5,0.9822172364567091
59,SC-SCSA_PLUS-SCSA_PLUS_V3,1317842770816602114,7,5,0.29836443370412735
59,SC-SCSA_PLUS-SCSA_PLUS_V3,1367237010608431106,8,5,-0.33909162986804253
59,SC-SCSA_PLUS-SCSA_PLUS_V3,1354545532044075013,9,5,-0.6354463998481974
59,SC-SCSA_PLUS-SCSA_PLUS_V3,1367521202042933249,10,5,-3.7094121978709644
60,SC-SCSA_PLUS-SCSA_PLUS_V3,1369075561981566976,1,5,3.4713388927248765
60,SC-SCSA_PLUS-SCSA_PLUS_V3,1344689933978656771,2,5,3.422843100278954
60,SC-SCSA_PLUS-SCSA_PLUS_V3,1369075493753020420,3,5,3.249128324108365
60,SC-SCSA_PLUS-SCSA_PLUS_V3,1366443197166096385,4,5,1.2734719164092647
60,SC-SCSA_PLUS-SCSA_PLUS_V3,1367300793485828097,5,5,1.2122225436979266
60,SC-SCSA_PLUS-SCSA_PLUS_V3,1364666742916583427,6,5,0.9822172364567091
60,SC-SCSA_PLUS-SCSA_PLUS_V3,1317842770816602114,7,5,0.29836443370412735
60,SC-SCSA_PLUS-SCSA_PLUS_V3,1367237010608431106,8,5,-0.33909162986804253
60,SC-SCSA_PLUS-SCSA_PLUS_V3,1354545532044075013,9,5,-0.6354463998481974
60,SC-SCSA_PLUS-SCSA_PLUS_V3,1367521202042933249,10,5,-3.7094121978709644
61,SC-SCSA_PLUS-SCSA_PLUS_V3,1344689933978656771,1,4,3.422843100278954
61,SC-SCSA_PLUS-SCSA_PLUS_V3,1248251408333172738,2,4,1.660758325297991
61,SC-SCSA_PLUS-SCSA_PLUS_V3,1368080635655450627,3,4,0.8846920887675778
61,SC-SCSA_PLUS-SCSA_PLUS_V3,1367946026674352134,4,5,0.39118851181983516
61,SC-SCSA_PLUS-SCSA_PLUS_V3,1369169111478005763,5,4,0.3469518511821572
61,SC-SCSA_PLUS-SCSA_PLUS_V3,1317842770816602114,6,5,0.29836443370412735
61,SC-SCSA_PLUS-SCSA_PLUS_V3,1354545532044075013,7,4,-0.6354463998481974
61,SC-SCSA_PLUS-SCSA_PLUS_V3,1248277743118086144,8,3,-0.7019089382100414
61,SC-SCSA_PLUS-SCSA_PLUS_V3,1242251884007534592,9,4,-0.8875765392027203
61,SC-SCSA_PLUS-SCSA_PLUS_V3,1367947939579006979,10,4,-0.8898654880303295
62,SC-SCSA_PLUS-SCSA_PLUS_V3,1362083047785439239,1,3,6.317284019691915
62,SC-SCSA_PLUS-SCSA_PLUS_V3,1337022746824499203,2,3,3.93677533228313
62,SC-SCSA_PLUS-SCSA_PLUS_V3,1294010972055592962,3,3,3.442000195162174
62,SC-SCSA_PLUS-SCSA_PLUS_V3,1337020338916499463,4,3,2.720979175276886
62,SC-SCSA_PLUS-SCSA_PLUS_V3,1355167587638906880,5,3,1.9174980996517728
62,SC-SCSA_PLUS-SCSA_PLUS_V3,1337021907464499204,6,3,1.3667118216563114
62,SC-SCSA_PLUS-SCSA_PLUS_V3,1331748997124534274,7,3,0.605440354063378
62,SC-SCSA_PLUS-SCSA_PLUS_V3,1354545532044075013,8,3,-0.6354463998481974
62,SC-SCSA_PLUS-SCSA_PLUS_V3,1369325020258983936,9,4,-0.8129973821962501
62,SC-SCSA_PLUS-SCSA_PLUS_V3,1365315820080009221,10,3,-1.034510873345673
63,SC-SCSA_PLUS-SCSA_PLUS_V3,1362085735063572482,1,5,1.0182111709970592
63,SC-SCSA_PLUS-SCSA_PLUS_V3,1362074171832958980,2,4,0.7331420762516607
63,SC-SCSA_PLUS-SCSA_PLUS_V3,1369355243406954501,3,5,-0.7380823695008286
63,SC-SCSA_PLUS-SCSA_PLUS_V3,1369355243406954501,4,5,-0.7380823695008286
63,SC-SCSA_PLUS-SCSA_PLUS_V3,1359577321695547392,5,5,-1.0250458628988153
63,SC-SCSA_PLUS-SCSA_PLUS_V3,1369441796925886465,6,4,-2.038859345145162
63,SC-SCSA_PLUS-SCSA_PLUS_V3,1369441796925886465,7,5,-2.038859345145162
63,SC-SCSA_PLUS-SCSA_PLUS_V3,1369375444793954323,8,5,-2.7527104441297636
63,SC-SCSA_PLUS-SCSA_PLUS_V3,1369375444793954323,9,4,-2.7527104441297636
63,SC-SCSA_PLUS-SCSA_PLUS_V3,1369400194513723396,10,5,-3.2620846670431307
66,SC-SCSA_PLUS-SCSA_PLUS_V3,1366167129754537984,1,2,2.2768611335594184
66,SC-SCSA_PLUS-SCSA_PLUS_V3,1317810926133874689,2,5,1.5263867724606535
66,SC-SCSA_PLUS-SCSA_PLUS_V3,1365113385658970113,3,5,1.2786927528281373
66,SC-SCSA_PLUS-SCSA_PLUS_V3,1283912982200631298,4,5,1.243626264029323
66,SC-SCSA_PLUS-SCSA_PLUS_V3,1349380288783253504,5,5,0.9172050204873838
66,SC-SCSA_PLUS-SCSA_PLUS_V3,1349377838722519040,6,5,0.7765136103628977
66,SC-SCSA_PLUS-SCSA_PLUS_V3,1344784297316786177,7,5,0.693716711838448
66,SC-SCSA_PLUS-SCSA_PLUS_V3,1354565152939544576,8,5,0.5293717744477001
66,SC-SCSA_PLUS-SCSA_PLUS_V3,1340975456644939777,9,5,0.49401380416331353
66,SC-SCSA_PLUS-SCSA_PLUS_V3,1318667750408036352,10,5,-0.13230145469562932
67,SC-SCSA_PLUS-SCSA_PLUS_V3,1369298875719311360,1,3,1.2509600653879582
67,SC-SCSA_PLUS-SCSA_PLUS_V3,1362085735063572482,2,4,1.0182111709970592
67,SC-SCSA_PLUS-SCSA_PLUS_V3,1362074171832958980,3,4,0.7331420762516607
67,SC-SCSA_PLUS-SCSA_PLUS_V3,1369405604595400711,4,3,-0.2004328457738552
67,SC-SCSA_PLUS-SCSA_PLUS_V3,1362776603047165957,5,3,-0.6809603197180417
67,SC-SCSA_PLUS-SCSA_PLUS_V3,1359577321695547392,6,5,-1.0250458628988153
67,SC-SCSA_PLUS-SCSA_PLUS_V3,1369326799709212680,7,3,-1.4117120163308365
67,SC-SCSA_PLUS-SCSA_PLUS_V3,1369311531360518146,8,3,-1.9307035383663498
67,SC-SCSA_PLUS-SCSA_PLUS_V3,1369614175048249346,9,4,-2.2987185320665353
67,SC-SCSA_PLUS-SCSA_PLUS_V3,1369315042236174343,10,4,-3.639470760120057
68,SC-SCSA_PLUS-SCSA_PLUS_V3,1336964656792035329,1,3,2.0763651263409506
68,SC-SCSA_PLUS-SCSA_PLUS_V3,1337318168277241857,2,3,1.8866985269298249
68,SC-SCSA_PLUS-SCSA_PLUS_V3,1336810117057179649,3,5,1.723459833576476
68,SC-SCSA_PLUS-SCSA_PLUS_V3,1359932980974657536,4,5,1.4447248577000005
68,SC-SCSA_PLUS-SCSA_PLUS_V3,1342062601535164416,5,5,0.5459195073037224
68,SC-SCSA_PLUS-SCSA_PLUS_V3,1364607745270423556,6,5,-0.6917746542144274
68,SC-SCSA_PLUS-SCSA_PLUS_V3,1369325020258983936,7,5,-0.8129973821962501
68,SC-SCSA_PLUS-SCSA_PLUS_V3,1365315820080009221,8,5,-1.034510873345673
68,SC-SCSA_PLUS-SCSA_PLUS_V3,1240464261366919171,9,5,-1.295615358343139
68,SC-SCSA_PLUS-SCSA_PLUS_V3,1350483251291451392,10,5,-1.615708369470857
70,SC-SCSA_PLUS-SCSA_PLUS_V3,1349380288783253504,1,3,0.9172050204873838
70,SC-SCSA_PLUS-SCSA_PLUS_V3,1349377838722519040,2,3,0.7765136103628977
70,SC-SCSA_PLUS-SCSA_PLUS_V3,1353672852747284480,3,3,-0.14917337648383971
70,SC-SCSA_PLUS-SCSA_PLUS_V3,1362776603047165957,4,4,-0.6809603197180417
70,SC-SCSA_PLUS-SCSA_PLUS_V3,1369355243406954501,5,5,-0.7380823695008286
70,SC-SCSA_PLUS-SCSA_PLUS_V3,1354011094751260673,6,3,-1.3796503699019258
70,SC-SCSA_PLUS-SCSA_PLUS_V3,1369441796925886465,7,5,-2.038859345145162
70,SC-SCSA_PLUS-SCSA_PLUS_V3,1369048387815899139,8,5,-2.6108610574621216
70,SC-SCSA_PLUS-SCSA_PLUS_V3,1369375444793954323,9,5,-2.7527104441297636
70,SC-SCSA_PLUS-SCSA_PLUS_V3,1369400194513723396,10,5,-3.2620846670431307
71,SC-SCSA_PLUS-SCSA_PLUS_V3,1344689933978656771,1,5,3.422843100278954
71,SC-SCSA_PLUS-SCSA_PLUS_V3,1336964656792035329,2,5,2.0763651263409506
71,SC-SCSA_PLUS-SCSA_PLUS_V3,1365327872643260420,3,5,1.9736484846794227
71,SC-SCSA_PLUS-SCSA_PLUS_V3,1337318168277241857,4,5,1.8866985269298249
71,SC-SCSA_PLUS-SCSA_PLUS_V3,1336810117057179649,5,5,1.723459833576476
71,SC-SCSA_PLUS-SCSA_PLUS_V3,1367963978421264385,6,5,0.5313270777772692
71,SC-SCSA_PLUS-SCSA_PLUS_V3,1317842770816602114,7,5,0.29836443370412735
71,SC-SCSA_PLUS-SCSA_PLUS_V3,1354545532044075013,8,5,-0.6354463998481974
71,SC-SCSA_PLUS-SCSA_PLUS_V3,1369325020258983936,9,5,-0.8129973821962501
71,SC-SCSA_PLUS-SCSA_PLUS_V3,1365315820080009221,10,5,-1.034510873345673
72,SC-SCSA_PLUS-SCSA_PLUS_V3,1334130051554668547,1,5,1.3855064115443048
72,SC-SCSA_PLUS-SCSA_PLUS_V3,1349380288783253504,2,5,0.9172050204873838
72,SC-SCSA_PLUS-SCSA_PLUS_V3,1349377838722519040,3,5,0.7765136103628977
72,SC-SCSA_PLUS-SCSA_PLUS_V3,1334873913210380298,4,5,0.6751880448278276
72,SC-SCSA_PLUS-SCSA_PLUS_V3,1356255250680864768,5,5,0.27018629135271066
72,SC-SCSA_PLUS-SCSA_PLUS_V3,1354807067232489475,6,5,0.10804807975063462
72,SC-SCSA_PLUS-SCSA_PLUS_V3,1354520696358137868,7,5,-0.13833591704302206
72,SC-SCSA_PLUS-SCSA_PLUS_V3,1326033569555181568,8,3,-0.3486734009795706
72,SC-SCSA_PLUS-SCSA_PLUS_V3,1369441796925886465,9,5,-2.038859345145162
72,SC-SCSA_PLUS-SCSA_PLUS_V3,1369375444793954323,10,5,-2.7527104441297636
73,SC-SCSA_PLUS-SCSA_PLUS_V3,1369298875719311360,1,2,1.2509600653879582
73,SC-SCSA_PLUS-SCSA_PLUS_V3,1362085735063572482,2,1,1.0182111709970592
73,SC-SCSA_PLUS-SCSA_PLUS_V3,1362074171832958980,3,1,0.7331420762516607
73,SC-SCSA_PLUS-SCSA_PLUS_V3,1369405604595400711,4,4,-0.2004328457738552
73,SC-SCSA_PLUS-SCSA_PLUS_V3,1362776603047165957,5,4,-0.6809603197180417
73,SC-SCSA_PLUS-SCSA_PLUS_V3,1359577321695547392,6,1,-1.0250458628988153
73,SC-SCSA_PLUS-SCSA_PLUS_V3,1369326799709212680,7,3,-1.4117120163308365
73,SC-SCSA_PLUS-SCSA_PLUS_V3,1369311531360518146,8,4,-1.9307035383663498
73,SC-SCSA_PLUS-SCSA_PLUS_V3,1369614175048249346,9,4,-2.2987185320665353
73,SC-SCSA_PLUS-SCSA_PLUS_V3,1369315042236174343,10,3,-3.639470760120057
74,SC-SCSA_PLUS-SCSA_PLUS_V3,1369298875719311360,1,3,1.2509600653879582
74,SC-SCSA_PLUS-SCSA_PLUS_V3,1369405604595400711,2,4,-0.2004328457738552
74,SC-SCSA_PLUS-SCSA_PLUS_V3,1362776603047165957,3,3,-0.6809603197180417
74,SC-SCSA_PLUS-SCSA_PLUS_V3,1369355243406954501,4,3,-0.7380823695008286
74,SC-SCSA_PLUS-SCSA_PLUS_V3,1369326799709212680,5,4,-1.4117120163308365
74,SC-SCSA_PLUS-SCSA_PLUS_V3,1369311531360518146,6,4,-1.9307035383663498
74,SC-SCSA_PLUS-SCSA_PLUS_V3,1369441796925886465,7,3,-2.038859345145162
74,SC-SCSA_PLUS-SCSA_PLUS_V3,1369048387815899139,8,3,-2.6108610574621216
74,SC-SCSA_PLUS-SCSA_PLUS_V3,1369375444793954323,9,2,-2.7527104441297636
74,SC-SCSA_PLUS-SCSA_PLUS_V3,1369400194513723396,10,4,-3.2620846670431307
76,SC-SCSA_PLUS-SCSA_PLUS_V3,1362083047785439239,1,5,6.317284019691915
76,SC-SCSA_PLUS-SCSA_PLUS_V3,1334711453211889665,2,5,4.387822739031291
76,SC-SCSA_PLUS-SCSA_PLUS_V3,1337022746824499203,3,4,3.93677533228313
76,SC-SCSA_PLUS-SCSA_PLUS_V3,1294010972055592962,4,4,3.442000195162174
76,SC-SCSA_PLUS-SCSA_PLUS_V3,1273231711908872193,5,5,3.1768801653310494
76,SC-SCSA_PLUS-SCSA_PLUS_V3,1337020338916499463,6,5,2.720979175276886
76,SC-SCSA_PLUS-SCSA_PLUS_V3,1334726779903168512,7,5,1.9272129909067
76,SC-SCSA_PLUS-SCSA_PLUS_V3,1355167587638906880,8,5,1.9174980996517728
76,SC-SCSA_PLUS-SCSA_PLUS_V3,1337021907464499204,9,5,1.3667118216563114
76,SC-SCSA_PLUS-SCSA_PLUS_V3,1331748997124534274,10,5,0.605440354063378
77,SC-SCSA_PLUS-SCSA_PLUS_V3,1369298875719311360,1,4,1.2509600653879582
77,SC-SCSA_PLUS-SCSA_PLUS_V3,1349380288783253504,2,5,0.9172050204873838
77,SC-SCSA_PLUS-SCSA_PLUS_V3,1349377838722519040,3,4,0.7765136103628977
77,SC-SCSA_PLUS-SCSA_PLUS_V3,1353672852747284480,4,5,-0.14917337648383971
77,SC-SCSA_PLUS-SCSA_PLUS_V3,1369405604595400711,5,5,-0.2004328457738552
77,SC-SCSA_PLUS-SCSA_PLUS_V3,1362776603047165957,6,4,-0.6809603197180417
77,SC-SCSA_PLUS-SCSA_PLUS_V3,1354011094751260673,7,4,-1.3796503699019258
77,SC-SCSA_PLUS-SCSA_PLUS_V3,1369326799709212680,8,4,-1.4117120163308365
77,SC-SCSA_PLUS-SCSA_PLUS_V3,1369311531360518146,9,4,-1.9307035383663498
77,SC-SCSA_PLUS-SCSA_PLUS_V3,1369614175048249346,10,5,-2.2987185320665353
78,SC-SCSA_PLUS-SCSA_PLUS_V3,1366499073671454725,1,2,4.034211660614664
78,SC-SCSA_PLUS-SCSA_PLUS_V3,1368245651046207493,2,3,3.4386130032824767
78,SC-SCSA_PLUS-SCSA_PLUS_V3,1367462925250818061,3,1,2.2891324647428473
78,SC-SCSA_PLUS-SCSA_PLUS_V3,1368909409775149064,4,1,1.9461802284427354
78,SC-SCSA_PLUS-SCSA_PLUS_V3,1368580185642110982,5,2,1.9342973647240196
78,SC-SCSA_PLUS-SCSA_PLUS_V3,1367113993815547906,6,2,1.6262186286336613
78,SC-SCSA_PLUS-SCSA_PLUS_V3,1324374402750767104,7,1,0.8570444552028132
78,SC-SCSA_PLUS-SCSA_PLUS_V3,1303249708169613313,8,1,0.15353892550587625
78,SC-SCSA_PLUS-SCSA_PLUS_V3,1368932010971004931,9,2,-0.4191673824872118
78,SC-SCSA_PLUS-SCSA_PLUS_V3,1319402828285108225,10,2,-2.269523039538623
79,SC-SCSA_PLUS-SCSA_PLUS_V3,1095067826061262848,1,5,12.975365939575605
79,SC-SCSA_PLUS-SCSA_PLUS_V3,1364683920965578753,2,4,5.503195554791012
79,SC-SCSA_PLUS-SCSA_PLUS_V3,1366561763962073092,3,5,3.8351115564430356
79,SC-SCSA_PLUS-SCSA_PLUS_V3,1273231711908872193,4,4,3.1768801653310494
79,SC-SCSA_PLUS-SCSA_PLUS_V3,1365320876510560258,5,4,1.9819255746385516
79,SC-SCSA_PLUS-SCSA_PLUS_V3,1338584496489172992,6,4,1.8584771903482171
79,SC-SCSA_PLUS-SCSA_PLUS_V3,1336059119174897665,7,5,0.11828577394317481
79,SC-SCSA_PLUS-SCSA_PLUS_V3,1182112257708306433,8,5,-0.16049419338306353
79,SC-SCSA_PLUS-SCSA_PLUS_V3,1359597695548153864,9,3,-0.2779759772068338
79,SC-SCSA_PLUS-SCSA_PLUS_V3,1350483251291451392,10,5,-1.615708369470857
81,SC-SCSA_PLUS-SCSA_PLUS_V3,1366499073671454725,1,5,4.034211660614664
81,SC-SCSA_PLUS-SCSA_PLUS_V3,1367462925250818061,2,5,2.2891324647428473
81,SC-SCSA_PLUS-SCSA_PLUS_V3,1368909409775149064,3,5,1.9461802284427354
81,SC-SCSA_PLUS-SCSA_PLUS_V3,1368649404702408707,4,5,1.9345786438740373
81,SC-SCSA_PLUS-SCSA_PLUS_V3,1368580185642110982,5,5,1.9342973647240196
81,SC-SCSA_PLUS-SCSA_PLUS_V3,1367113993815547906,6,5,1.6262186286336613
81,SC-SCSA_PLUS-SCSA_PLUS_V3,1359597695548153864,7,5,-0.2779759772068338
81,SC-SCSA_PLUS-SCSA_PLUS_V3,1368932010971004931,8,5,-0.4191673824872118
81,SC-SCSA_PLUS-SCSA_PLUS_V3,1362776603047165957,9,5,-0.6809603197180417
81,SC-SCSA_PLUS-SCSA_PLUS_V3,1350483251291451392,10,5,-1.615708369470857
1,SCSA-STATE_ART-SCSA_PLUS_V3,1336793663792406530,1,2,2.6714144202875567
1,SCSA-STATE_ART-SCSA_PLUS_V3,1354118501653483523,2,1,2.044728839831383
1,SCSA-STATE_ART-SCSA_PLUS_V3,1337077938076979205,3,3,1.088804073713282
1,SCSA-STATE_ART-SCSA_PLUS_V3,1363551492486008834,4,1,0.5229277309207143
1,SCSA-STATE_ART-SCSA_PLUS_V3,1339525827118194689,5,4,0.21521418030591352
1,SCSA-STATE_ART-SCSA_PLUS_V3,1369372321736232963,6,1,0.07742471896033629
1,SCSA-STATE_ART-SCSA_PLUS_V3,1364607745270423556,7,5,-0.6917746542144274
1,SCSA-STATE_ART-SCSA_PLUS_V3,1369383214062665731,8,2,-1.2026740193686212
1,SCSA-STATE_ART-SCSA_PLUS_V3,1369386818169372680,9,5,-1.334465068837602
1,SCSA-STATE_ART-SCSA_PLUS_V3,1367882927384768524,10,5,-1.5710434219908604
2,SCSA-STATE_ART-SCSA_PLUS_V3,1365007905318133766,1,4,0.8388233040713567
2,SCSA-STATE_ART-SCSA_PLUS_V3,1369292125641269258,2,4,0.7231138329417203
2,SCSA-STATE_ART-SCSA_PLUS_V3,1366932843067277314,3,3,-0.1934741893759045
2,SCSA-STATE_ART-SCSA_PLUS_V3,1361701236395958278,4,4,-0.407963752388452
2,SCSA-STATE_ART-SCSA_PLUS_V3,1361388306106318857,5,4,-0.7042556358727347
2,SCSA-STATE_ART-SCSA_PLUS_V3,1369030160943611907,6,4,-1.0580393819449574
2,SCSA-STATE_ART-SCSA_PLUS_V3,1369441382973272064,7,4,-1.523554971359398
2,SCSA-STATE_ART-SCSA_PLUS_V3,1366709656974942211,8,5,-1.5357891786995663
2,SCSA-STATE_ART-SCSA_PLUS_V3,1369458171467591683,9,3,-1.6653362026071827
2,SCSA-STATE_ART-SCSA_PLUS_V3,1364579317964034050,10,5,-1.7943956998005064
3,SCSA-STATE_ART-SCSA_PLUS_V3,1336793663792406530,1,3,2.6714144202875567
3,SCSA-STATE_ART-SCSA_PLUS_V3,1365327872643260420,2,3,1.9736484846794227
3,SCSA-STATE_ART-SCSA_PLUS_V3,1337077938076979205,3,3,1.088804073713282
3,SCSA-STATE_ART-SCSA_PLUS_V3,1324374402750767104,4,5,0.8570444552028132
3,SCSA-STATE_ART-SCSA_PLUS_V3,1367315410106736640,5,3,0.5127916549478541
3,SCSA-STATE_ART-SCSA_PLUS_V3,1368286394792046596,6,3,-0.2562375596577508
3,SCSA-STATE_ART-SCSA_PLUS_V3,1363941648812675075,7,4,-0.40614885358431063
3,SCSA-STATE_ART-SCSA_PLUS_V3,1364607745270423556,8,2,-0.6917746542144274
3,SCSA-STATE_ART-SCSA_PLUS_V3,1369383214062665731,9,3,-1.2026740193686212
3,SCSA-STATE_ART-SCSA_PLUS_V3,1367894335233142789,10,3,-1.7989287136111398
4,SCSA-STATE_ART-SCSA_PLUS_V3,1352937076669476864,1,2,0.4804274370142707
4,SCSA-STATE_ART-SCSA_PLUS_V3,1352554075657801732,2,1,-0.4659285255426969
4,SCSA-STATE_ART-SCSA_PLUS_V3,1368622654870192131,3,5,-0.8266309529068743
4,SCSA-STATE_ART-SCSA_PLUS_V3,1364851499042537474,4,2,-0.9737132945934601
4,SCSA-STATE_ART-SCSA_PLUS_V3,1369226601972563972,5,5,-1.452492026134038
4,SCSA-STATE_ART-SCSA_PLUS_V3,1369441382973272064,6,5,-1.523554971359398
4,SCSA-STATE_ART-SCSA_PLUS_V3,1369438033892806663,7,5,-1.5743066733298112
4,SCSA-STATE_ART-SCSA_PLUS_V3,1369619124318580736,8,5,-1.6646792448280587
4,SCSA-STATE_ART-SCSA_PLUS_V3,1369458171467591683,9,4,-1.6653362026071827
4,SCSA-STATE_ART-SCSA_PLUS_V3,1369495249417101312,10,3,-2.9597096331748514
5,SCSA-STATE_ART-SCSA_PLUS_V3,1365007905318133766,1,2,0.8388233040713567
5,SCSA-STATE_ART-SCSA_PLUS_V3,1369292125641269258,2,3,0.7231138329417203
5,SCSA-STATE_ART-SCSA_PLUS_V3,1366932843067277314,3,2,-0.1934741893759045
5,SCSA-STATE_ART-SCSA_PLUS_V3,1361701236395958278,4,2,-0.407963752388452
5,SCSA-STATE_ART-SCSA_PLUS_V3,1361388306106318857,5,2,-0.7042556358727347
5,SCSA-STATE_ART-SCSA_PLUS_V3,1369030160943611907,6,3,-1.0580393819449574
5,SCSA-STATE_ART-SCSA_PLUS_V3,1369441382973272064,7,4,-1.523554971359398
5,SCSA-STATE_ART-SCSA_PLUS_V3,1366709656974942211,8,3,-1.5357891786995663
5,SCSA-STATE_ART-SCSA_PLUS_V3,1369458171467591683,9,4,-1.6653362026071827
5,SCSA-STATE_ART-SCSA_PLUS_V3,1364579317964034050,10,3,-1.7943956998005064
6,SCSA-STATE_ART-SCSA_PLUS_V3,1337022746824499203,1,2,3.93677533228313
6,SCSA-STATE_ART-SCSA_PLUS_V3,1365416645624143873,2,3,2.4717959298546774
6,SCSA-STATE_ART-SCSA_PLUS_V3,1354118501653483523,3,5,2.044728839831383
6,SCSA-STATE_ART-SCSA_PLUS_V3,1337463904566456320,4,2,1.246704028276814
6,SCSA-STATE_ART-SCSA_PLUS_V3,1357375687967997959,5,1,1.1651198867786141
6,SCSA-STATE_ART-SCSA_PLUS_V3,1358843515149504514,6,3,0.8316723299406994
6,SCSA-STATE_ART-SCSA_PLUS_V3,1351920546011893761,7,2,0.6898963199435365
6,SCSA-STATE_ART-SCSA_PLUS_V3,1339525827118194689,8,5,0.21521418030591352
6,SCSA-STATE_ART-SCSA_PLUS_V3,1331744604891344896,9,2,0.17528638066983188
6,SCSA-STATE_ART-SCSA_PLUS_V3,1353502767352926208,10,3,-0.053388971030963905
7,SCSA-STATE_ART-SCSA_PLUS_V3,1336793663792406530,1,3,2.6714144202875567
7,SCSA-STATE_ART-SCSA_PLUS_V3,1337077938076979205,2,2,1.088804073713282
7,SCSA-STATE_ART-SCSA_PLUS_V3,1363551492486008834,3,3,0.5229277309207143
7,SCSA-STATE_ART-SCSA_PLUS_V3,1336596712857743361,4,3,0.36318511055724345
7,SCSA-STATE_ART-SCSA_PLUS_V3,1369372321736232963,5,4,0.07742471896033629
7,SCSA-STATE_ART-SCSA_PLUS_V3,1364607745270423556,6,2,-0.6917746542144274
7,SCSA-STATE_ART-SCSA_PLUS_V3,1369337343270862853,7,2,-0.7378555336148017
7,SCSA-STATE_ART-SCSA_PLUS_V3,1369383214062665731,8,3,-1.2026740193686212
7,SCSA-STATE_ART-SCSA_PLUS_V3,1369386818169372680,9,5,-1.334465068837602
7,SCSA-STATE_ART-SCSA_PLUS_V3,1367882927384768524,10,4,-1.5710434219908604
8,SCSA-STATE_ART-SCSA_PLUS_V3,1365416645624143873,1,4,2.4717959298546774
8,SCSA-STATE_ART-SCSA_PLUS_V3,1358843677582401536,2,3,1.6418753577979033
8,SCSA-STATE_ART-SCSA_PLUS_V3,1337463904566456320,3,4,1.246704028276814
8,SCSA-STATE_ART-SCSA_PLUS_V3,1357375687967997959,4,4,1.1651198867786141
8,SCSA-STATE_ART-SCSA_PLUS_V3,1358843515149504514,5,4,0.8316723299406994
8,SCSA-STATE_ART-SCSA_PLUS_V3,1351920546011893761,6,4,0.6898963199435365
8,SCSA-STATE_ART-SCSA_PLUS_V3,1331741612402237443,7,3,0.5624473610952869
8,SCSA-STATE_ART-SCSA_PLUS_V3,1331744604891344896,8,4,0.17528638066983188
8,SCSA-STATE_ART-SCSA_PLUS_V3,1353502767352926208,9,4,-0.053388971030963905
8,SCSA-STATE_ART-SCSA_PLUS_V3,1290659734639521798,10,5,-0.2535422406601806
9,SCSA-STATE_ART-SCSA_PLUS_V3,1364624807220948994,1,1,3.02914102513722
9,SCSA-STATE_ART-SCSA_PLUS_V3,1366115959623331844,2,1,2.808047228397104
9,SCSA-STATE_ART-SCSA_PLUS_V3,1362872757109809152,3,1,1.5033954443205968
9,SCSA-STATE_ART-SCSA_PLUS_V3,1359932980974657536,4,5,1.4447248577000005
9,SCSA-STATE_ART-SCSA_PLUS_V3,1360346403873181707,5,4,1.2136129422550426
9,SCSA-STATE_ART-SCSA_PLUS_V3,1321455751567532032,6,5,0.309182033188763
9,SCSA-STATE_ART-SCSA_PLUS_V3,1362069293790162946,7,4,0.18921145095492575
9,SCSA-STATE_ART-SCSA_PLUS_V3,1333873034114064385,8,5,0.13362266922772295
9,SCSA-STATE_ART-SCSA_PLUS_V3,1343729046891347968,9,5,-0.5831723739274758
9,SCSA-STATE_ART-SCSA_PLUS_V3,1347619092417548288,10,5,-1.5254769823729484
10,SCSA-STATE_ART-SCSA_PLUS_V3,1336793663792406530,1,3,2.6714144202875567
10,SCSA-STATE_ART-SCSA_PLUS_V3,1337077938076979205,2,3,1.088804073713282
10,SCSA-STATE_ART-SCSA_PLUS_V3,1363551492486008834,3,4,0.5229277309207143
10,SCSA-STATE_ART-SCSA_PLUS_V3,1336596712857743361,4,3,0.36318511055724345
10,SCSA-STATE_ART-SCSA_PLUS_V3,1369372321736232963,5,4,0.07742471896033629
10,SCSA-STATE_ART-SCSA_PLUS_V3,1364607745270423556,6,3,-0.6917746542144274
10,SCSA-STATE_ART-SCSA_PLUS_V3,1369337343270862853,7,4,-0.7378555336148017
10,SCSA-STATE_ART-SCSA_PLUS_V3,1369383214062665731,8,4,-1.2026740193686212
10,SCSA-STATE_ART-SCSA_PLUS_V3,1369386818169372680,9,4,-1.334465068837602
10,SCSA-STATE_ART-SCSA_PLUS_V3,1367882927384768524,10,5,-1.5710434219908604
11,SCSA-STATE_ART-SCSA_PLUS_V3,1365416645624143873,1,2,2.4717959298546774
11,SCSA-STATE_ART-SCSA_PLUS_V3,1365416645624143873,2,5,2.4717959298546774
11,SCSA-STATE_ART-SCSA_PLUS_V3,1358843677582401536,3,4,1.6418753577979033
11,SCSA-STATE_ART-SCSA_PLUS_V3,1358843677582401536,4,2,1.6418753577979033
11,SCSA-STATE_ART-SCSA_PLUS_V3,1337463904566456320,5,4,1.246704028276814
11,SCSA-STATE_ART-SCSA_PLUS_V3,1337463904566456320,6,5,1.246704028276814
11,SCSA-STATE_ART-SCSA_PLUS_V3,1351920546011893761,7,2,0.6898963199435365
11,SCSA-STATE_ART-SCSA_PLUS_V3,1351920546011893761,8,4,0.6898963199435365
11,SCSA-STATE_ART-SCSA_PLUS_V3,1331741612402237443,9,4,0.5624473610952869
11,SCSA-STATE_ART-SCSA_PLUS_V3,1331741612402237443,10,2,0.5624473610952869
12,SCSA-STATE_ART-SCSA_PLUS_V3,1365811680815554560,1,3,9.350111717968842
12,SCSA-STATE_ART-SCSA_PLUS_V3,1365784358217523201,2,3,8.99105455073869
12,SCSA-STATE_ART-SCSA_PLUS_V3,1365812811721543685,3,3,7.077403036396339
12,SCSA-STATE_ART-SCSA_PLUS_V3,1334130051554668547,4,5,1.3855064115443048
12,SCSA-STATE_ART-SCSA_PLUS_V3,1360286991011639302,5,5,1.0307427218571363
12,SCSA-STATE_ART-SCSA_PLUS_V3,1334873913210380298,6,5,0.6751880448278276
12,SCSA-STATE_ART-SCSA_PLUS_V3,1354807067232489475,7,5,0.10804807975063462
12,SCSA-STATE_ART-SCSA_PLUS_V3,1356255352145272832,8,5,0.013096433422301454
12,SCSA-STATE_ART-SCSA_PLUS_V3,1326033569555181568,9,2,-0.3486734009795706
12,SCSA-STATE_ART-SCSA_PLUS_V3,1367532398825648130,10,5,-0.8426549645049464
13,SCSA-STATE_ART-SCSA_PLUS_V3,1336793663792406530,1,4,2.6714144202875567
13,SCSA-STATE_ART-SCSA_PLUS_V3,1337077938076979205,2,3,1.088804073713282
13,SCSA-STATE_ART-SCSA_PLUS_V3,1354565152939544576,3,1,0.5293717744477001
13,SCSA-STATE_ART-SCSA_PLUS_V3,1336596712857743361,4,1,0.36318511055724345
13,SCSA-STATE_ART-SCSA_PLUS_V3,1369372321736232963,5,1,0.07742471896033629
13,SCSA-STATE_ART-SCSA_PLUS_V3,1364607745270423556,6,4,-0.6917746542144274
13,SCSA-STATE_ART-SCSA_PLUS_V3,1369337343270862853,7,1,-0.7378555336148017
13,SCSA-STATE_ART-SCSA_PLUS_V3,1369383214062665731,8,2,-1.2026740193686212
13,SCSA-STATE_ART-SCSA_PLUS_V3,1369386818169372680,9,5,-1.334465068837602
13,SCSA-STATE_ART-SCSA_PLUS_V3,1367882927384768524,10,4,-1.5710434219908604
15,SCSA-STATE_ART-SCSA_PLUS_V3,1349743109832372225,1,4,2.8209381409469247
15,SCSA-STATE_ART-SCSA_PLUS_V3,1364664823984779267,2,4,2.201653243197635
15,SCSA-STATE_ART-SCSA_PLUS_V3,1359941706951524353,3,3,1.7627686792230273
15,SCSA-STATE_ART-SCSA_PLUS_V3,1283518830950510593,4,4,1.7155672291830406
15,SCSA-STATE_ART-SCSA_PLUS_V3,1317810926133874689,5,4,1.5263867724606535
15,SCSA-STATE_ART-SCSA_PLUS_V3,1360286991011639302,6,3,1.0307427218571363
15,SCSA-STATE_ART-SCSA_PLUS_V3,1368297763524448256,7,3,0.8852252235484414
15,SCSA-STATE_ART-SCSA_PLUS_V3,1354565152939544576,8,5,0.5293717744477001
15,SCSA-STATE_ART-SCSA_PLUS_V3,1318667750408036352,9,3,-0.13230145469562932
15,SCSA-STATE_ART-SCSA_PLUS_V3,1366380504736534529,10,4,-0.6392436616745011
16,SCSA-STATE_ART-SCSA_PLUS_V3,1366232555037462531,1,3,2.4066859821491637
16,SCSA-STATE_ART-SCSA_PLUS_V3,1367649223601238016,2,1,0.6817769041663367
16,SCSA-STATE_ART-SCSA_PLUS_V3,1326736922199257089,3,1,0.6018545800708728
16,SCSA-STATE_ART-SCSA_PLUS_V3,1368584215403655171,4,1,0.5599962101352517
16,SCSA-STATE_ART-SCSA_PLUS_V3,1319343716801236992,5,5,-0.1767731835649707
16,SCSA-STATE_ART-SCSA_PLUS_V3,1367531774012751878,6,1,-0.3312698622900431
16,SCSA-STATE_ART-SCSA_PLUS_V3,1367170047081402380,7,1,-0.35459981167226234
16,SCSA-STATE_ART-SCSA_PLUS_V3,1345510484213075968,8,1,-0.5505627448356328
16,SCSA-STATE_ART-SCSA_PLUS_V3,1368561200754270210,9,1,-0.5872673388055657
16,SCSA-STATE_ART-SCSA_PLUS_V3,1368933410085945345,10,1,-0.8245235739816595
17,SCSA-STATE_ART-SCSA_PLUS_V3,1336793663792406530,1,2,2.6714144202875567
17,SCSA-STATE_ART-SCSA_PLUS_V3,1337077938076979205,2,2,1.088804073713282
17,SCSA-STATE_ART-SCSA_PLUS_V3,1354565152939544576,3,1,0.5293717744477001
17,SCSA-STATE_ART-SCSA_PLUS_V3,1336596712857743361,4,1,0.36318511055724345
17,SCSA-STATE_ART-SCSA_PLUS_V3,1369372321736232963,5,2,0.07742471896033629
17,SCSA-STATE_ART-SCSA_PLUS_V3,1364607745270423556,6,5,-0.6917746542144274
17,SCSA-STATE_ART-SCSA_PLUS_V3,1369337343270862853,7,1,-0.7378555336148017
17,SCSA-STATE_ART-SCSA_PLUS_V3,1369383214062665731,8,2,-1.2026740193686212
17,SCSA-STATE_ART-SCSA_PLUS_V3,1369386818169372680,9,2,-1.334465068837602
17,SCSA-STATE_ART-SCSA_PLUS_V3,1367882927384768524,10,3,-1.5710434219908604
18,SCSA-STATE_ART-SCSA_PLUS_V3,1349743109832372225,1,1,2.8209381409469247
18,SCSA-STATE_ART-SCSA_PLUS_V3,1354118501653483523,2,1,2.044728839831383
18,SCSA-STATE_ART-SCSA_PLUS_V3,1359941706951524353,3,1,1.7627686792230273
18,SCSA-STATE_ART-SCSA_PLUS_V3,1360286991011639302,4,1,1.0307427218571363
18,SCSA-STATE_ART-SCSA_PLUS_V3,1368297763524448256,5,2,0.8852252235484414
18,SCSA-STATE_ART-SCSA_PLUS_V3,1358569998885785609,6,1,0.424484955335201
18,SCSA-STATE_ART-SCSA_PLUS_V3,1362127981234188288,7,3,0.42074620027742793
18,SCSA-STATE_ART-SCSA_PLUS_V3,1339525827118194689,8,4,0.21521418030591352
18,SCSA-STATE_ART-SCSA_PLUS_V3,1182112257708306433,9,2,-0.16049419338306353
18,SCSA-STATE_ART-SCSA_PLUS_V3,1366380504736534529,10,2,-0.6392436616745011
19,SCSA-STATE_ART-SCSA_PLUS_V3,1352937076669476864,1,4,0.4804274370142707
19,SCSA-STATE_ART-SCSA_PLUS_V3,1353672852747284480,2,4,-0.14917337648383971
19,SCSA-STATE_ART-SCSA_PLUS_V3,1352554075657801732,3,4,-0.4659285255426969
19,SCSA-STATE_ART-SCSA_PLUS_V3,1369355243406954501,4,4,-0.7380823695008286
19,SCSA-STATE_ART-SCSA_PLUS_V3,1364851499042537474,5,4,-0.9737132945934601
19,SCSA-STATE_ART-SCSA_PLUS_V3,1369395335769038849,6,4,-1.3015155120441153
19,SCSA-STATE_ART-SCSA_PLUS_V3,1369441382973272064,7,3,-1.523554971359398
19,SCSA-STATE_ART-SCSA_PLUS_V3,1369015794248671233,8,4,-1.6838089616990273
19,SCSA-STATE_ART-SCSA_PLUS_V3,1369495249417101312,9,4,-2.9597096331748514
19,SCSA-STATE_ART-SCSA_PLUS_V3,1369315042236174343,10,4,-3.639470760120057
20,SCSA-STATE_ART-SCSA_PLUS_V3,1364697022847209478,1,1,0.8433138078902067
20,SCSA-STATE_ART-SCSA_PLUS_V3,1368760443498532864,2,2,0.47805189109181506
20,SCSA-STATE_ART-SCSA_PLUS_V3,1362196066431627265,3,1,0.3054419606674876
20,SCSA-STATE_ART-SCSA_PLUS_V3,1339525827118194689,4,1,0.21521418030591352
20,SCSA-STATE_ART-SCSA_PLUS_V3,1367497561645457427,5,1,0.12966280762045687
20,SCSA-STATE_ART-SCSA_PLUS_V3,1367496989215248388,6,2,-0.191740599063149
20,SCSA-STATE_ART-SCSA_PLUS_V3,1368777274506571779,7,1,-0.4039716245589416
20,SCSA-STATE_ART-SCSA_PLUS_V3,1368561200754270210,8,4,-0.5872673388055657
20,SCSA-STATE_ART-SCSA_PLUS_V3,1361046993158692866,9,1,-0.7281489316028963
20,SCSA-STATE_ART-SCSA_PLUS_V3,1369458171467591683,10,5,-1.6653362026071827
21,SCSA-STATE_ART-SCSA_PLUS_V3,1336793663792406530,1,3,2.6714144202875567
21,SCSA-STATE_ART-SCSA_PLUS_V3,1354118501653483523,2,2,2.044728839831383
21,SCSA-STATE_ART-SCSA_PLUS_V3,1365327872643260420,3,1,1.9736484846794227
21,SCSA-STATE_ART-SCSA_PLUS_V3,1337077938076979205,4,1,1.088804073713282
21,SCSA-STATE_ART-SCSA_PLUS_V3,1367315410106736640,5,1,0.5127916549478541
21,SCSA-STATE_ART-SCSA_PLUS_V3,1368286394792046596,6,1,-0.2562375596577508
21,SCSA-STATE_ART-SCSA_PLUS_V3,1363941648812675075,7,4,-0.40614885358431063
21,SCSA-STATE_ART-SCSA_PLUS_V3,1364607745270423556,8,1,-0.6917746542144274
21,SCSA-STATE_ART-SCSA_PLUS_V3,1369383214062665731,9,1,-1.2026740193686212
21,SCSA-STATE_ART-SCSA_PLUS_V3,1367894335233142789,10,3,-1.7989287136111398
22,SCSA-STATE_ART-SCSA_PLUS_V3,1369034842222985216,1,5,1.3579494760277242
22,SCSA-STATE_ART-SCSA_PLUS_V3,1367604109113655297,2,3,0.7750237539492242
22,SCSA-STATE_ART-SCSA_PLUS_V3,1367315410106736640,3,1,0.5127916549478541
22,SCSA-STATE_ART-SCSA_PLUS_V3,1369017812165881859,4,2,0.46107479684012687
22,SCSA-STATE_ART-SCSA_PLUS_V3,1367930915733835777,5,5,-0.14585489420627865
22,SCSA-STATE_ART-SCSA_PLUS_V3,1368286394792046596,6,2,-0.2562375596577508
22,SCSA-STATE_ART-SCSA_PLUS_V3,1363941648812675075,7,5,-0.40614885358431063
22,SCSA-STATE_ART-SCSA_PLUS_V3,1367912923641737216,8,4,-0.5414017634726082
22,SCSA-STATE_ART-SCSA_PLUS_V3,1367894335233142789,9,5,-1.7989287136111398
22,SCSA-STATE_ART-SCSA_PLUS_V3,1369441796925886465,10,4,-2.038859345145162
23,SCSA-STATE_ART-SCSA_PLUS_V3,1365416645624143873,1,3,2.4717959298546774
23,SCSA-STATE_ART-SCSA_PLUS_V3,1358843677582401536,2,3,1.6418753577979033
23,SCSA-STATE_ART-SCSA_PLUS_V3,1337463904566456320,3,3,1.246704028276814
23,SCSA-STATE_ART-SCSA_PLUS_V3,1357375687967997959,4,3,1.1651198867786141
23,SCSA-STATE_ART-SCSA_PLUS_V3,1358843515149504514,5,3,0.8316723299406994
23,SCSA-STATE_ART-SCSA_PLUS_V3,1351920546011893761,6,3,0.6898963199435365
23,SCSA-STATE_ART-SCSA_PLUS_V3,1331741612402237443,7,3,0.5624473610952869
23,SCSA-STATE_ART-SCSA_PLUS_V3,1331744604891344896,8,3,0.17528638066983188
23,SCSA-STATE_ART-SCSA_PLUS_V3,1353502767352926208,9,3,-0.053388971030963905
23,SCSA-STATE_ART-SCSA_PLUS_V3,1290659734639521798,10,3,-0.2535422406601806
24,SCSA-STATE_ART-SCSA_PLUS_V3,1336793663792406530,1,5,2.6714144202875567
24,SCSA-STATE_ART-SCSA_PLUS_V3,1365320876510560258,2,5,1.9819255746385516
24,SCSA-STATE_ART-SCSA_PLUS_V3,1337077938076979205,3,3,1.088804073713282
24,SCSA-STATE_ART-SCSA_PLUS_V3,1336596712857743361,4,3,0.36318511055724345
24,SCSA-STATE_ART-SCSA_PLUS_V3,1369372321736232963,5,4,0.07742471896033629
24,SCSA-STATE_ART-SCSA_PLUS_V3,1369307525489844228,6,2,-0.024534822767984677
24,SCSA-STATE_ART-SCSA_PLUS_V3,1369337343270862853,7,4,-0.7378555336148017
24,SCSA-STATE_ART-SCSA_PLUS_V3,1369383214062665731,8,3,-1.2026740193686212
24,SCSA-STATE_ART-SCSA_PLUS_V3,1369386818169372680,9,3,-1.334465068837602
24,SCSA-STATE_ART-SCSA_PLUS_V3,1367882927384768524,10,5,-1.5710434219908604
25,SCSA-STATE_ART-SCSA_PLUS_V3,1352937076669476864,1,4,0.4804274370142707
25,SCSA-STATE_ART-SCSA_PLUS_V3,1352554075657801732,2,2,-0.4659285255426969
25,SCSA-STATE_ART-SCSA_PLUS_V3,1368622654870192131,3,4,-0.8266309529068743
25,SCSA-STATE_ART-SCSA_PLUS_V3,1364851499042537474,4,5,-0.9737132945934601
25,SCSA-STATE_ART-SCSA_PLUS_V3,1369226601972563972,5,4,-1.452492026134038
25,SCSA-STATE_ART-SCSA_PLUS_V3,1369441382973272064,6,5,-1.523554971359398
25,SCSA-STATE_ART-SCSA_PLUS_V3,1369438033892806663,7,4,-1.5743066733298112
25,SCSA-STATE_ART-SCSA_PLUS_V3,1369619124318580736,8,4,-1.6646792448280587
25,SCSA-STATE_ART-SCSA_PLUS_V3,1369458171467591683,9,5,-1.6653362026071827
25,SCSA-STATE_ART-SCSA_PLUS_V3,1369495249417101312,10,5,-2.9597096331748514
26,SCSA-STATE_ART-SCSA_PLUS_V3,1359932980974657536,1,4,1.4447248577000005
26,SCSA-STATE_ART-SCSA_PLUS_V3,1321455751567532032,2,3,0.309182033188763
26,SCSA-STATE_ART-SCSA_PLUS_V3,1362069293790162946,3,4,0.18921145095492575
26,SCSA-STATE_ART-SCSA_PLUS_V3,1333873034114064385,4,3,0.13362266922772295
26,SCSA-STATE_ART-SCSA_PLUS_V3,1320142365038817281,5,3,-0.26444635194562044
26,SCSA-STATE_ART-SCSA_PLUS_V3,1352554075657801732,6,1,-0.4659285255426969
26,SCSA-STATE_ART-SCSA_PLUS_V3,1368622654870192131,7,3,-0.8266309529068743
26,SCSA-STATE_ART-SCSA_PLUS_V3,1338592930022363139,8,3,-0.9213822114451771
26,SCSA-STATE_ART-SCSA_PLUS_V3,1369226601972563972,9,3,-1.452492026134038
26,SCSA-STATE_ART-SCSA_PLUS_V3,1369458171467591683,10,4,-1.6653362026071827
27,SCSA-STATE_ART-SCSA_PLUS_V3,1352937076669476864,1,4,0.4804274370142707
27,SCSA-STATE_ART-SCSA_PLUS_V3,1352554075657801732,2,5,-0.4659285255426969
27,SCSA-STATE_ART-SCSA_PLUS_V3,1368622654870192131,3,5,-0.8266309529068743
27,SCSA-STATE_ART-SCSA_PLUS_V3,1364851499042537474,4,4,-0.9737132945934601
27,SCSA-STATE_ART-SCSA_PLUS_V3,1369226601972563972,5,5,-1.452492026134038
27,SCSA-STATE_ART-SCSA_PLUS_V3,1369441382973272064,6,5,-1.523554971359398
27,SCSA-STATE_ART-SCSA_PLUS_V3,1369438033892806663,7,4,-1.5743066733298112
27,SCSA-STATE_ART-SCSA_PLUS_V3,1369619124318580736,8,4,-1.6646792448280587
27,SCSA-STATE_ART-SCSA_PLUS_V3,1369458171467591683,9,5,-1.6653362026071827
27,SCSA-STATE_ART-SCSA_PLUS_V3,1369495249417101312,10,4,-2.9597096331748514
28,SCSA-STATE_ART-SCSA_PLUS_V3,1336793663792406530,1,2,2.6714144202875567
28,SCSA-STATE_ART-SCSA_PLUS_V3,1337077938076979205,2,1,1.088804073713282
28,SCSA-STATE_ART-SCSA_PLUS_V3,1363551492486008834,3,1,0.5229277309207143
28,SCSA-STATE_ART-SCSA_PLUS_V3,1339525827118194689,4,3,0.21521418030591352
28,SCSA-STATE_ART-SCSA_PLUS_V3,1369372321736232963,5,1,0.07742471896033629
28,SCSA-STATE_ART-SCSA_PLUS_V3,1364607745270423556,6,1,-0.6917746542144274
28,SCSA-STATE_ART-SCSA_PLUS_V3,1369337343270862853,7,1,-0.7378555336148017
28,SCSA-STATE_ART-SCSA_PLUS_V3,1369383214062665731,8,1,-1.2026740193686212
28,SCSA-STATE_ART-SCSA_PLUS_V3,1369386818169372680,9,1,-1.334465068837602
28,SCSA-STATE_ART-SCSA_PLUS_V3,1367882927384768524,10,5,-1.5710434219908604
29,SCSA-STATE_ART-SCSA_PLUS_V3,1337022746824499203,1,4,3.93677533228313
29,SCSA-STATE_ART-SCSA_PLUS_V3,1365416645624143873,2,3,2.4717959298546774
29,SCSA-STATE_ART-SCSA_PLUS_V3,1366443197166096385,3,5,1.2734719164092647
29,SCSA-STATE_ART-SCSA_PLUS_V3,1337463904566456320,4,3,1.246704028276814
29,SCSA-STATE_ART-SCSA_PLUS_V3,1351920546011893761,5,3,0.6898963199435365
29,SCSA-STATE_ART-SCSA_PLUS_V3,1367946026674352134,6,4,0.39118851181983516
29,SCSA-STATE_ART-SCSA_PLUS_V3,1353502767352926208,7,3,-0.053388971030963905
29,SCSA-STATE_ART-SCSA_PLUS_V3,1363941648812675075,8,4,-0.40614885358431063
29,SCSA-STATE_ART-SCSA_PLUS_V3,1367947939579006979,9,5,-0.8898654880303295
29,SCSA-STATE_ART-SCSA_PLUS_V3,1367894335233142789,10,4,-1.7989287136111398
30,SCSA-STATE_ART-SCSA_PLUS_V3,1365320876510560258,1,5,1.9819255746385516
30,SCSA-STATE_ART-SCSA_PLUS_V3,1367604109113655297,2,4,0.7750237539492242
30,SCSA-STATE_ART-SCSA_PLUS_V3,1367315410106736640,3,4,0.5127916549478541
30,SCSA-STATE_ART-SCSA_PLUS_V3,1369017812165881859,4,3,0.46107479684012687
30,SCSA-STATE_ART-SCSA_PLUS_V3,1367930915733835777,5,4,-0.14585489420627865
30,SCSA-STATE_ART-SCSA_PLUS_V3,1368286394792046596,6,4,-0.2562375596577508
30,SCSA-STATE_ART-SCSA_PLUS_V3,1363941648812675075,7,5,-0.40614885358431063
30,SCSA-STATE_ART-SCSA_PLUS_V3,1367912923641737216,8,4,-0.5414017634726082
30,SCSA-STATE_ART-SCSA_PLUS_V3,1367565062328623104,9,3,-1.6537577116719466
30,SCSA-STATE_ART-SCSA_PLUS_V3,1367894335233142789,10,4,-1.7989287136111398
31,SCSA-STATE_ART-SCSA_PLUS_V3,1336793663792406530,1,3,2.6714144202875567
31,SCSA-STATE_ART-SCSA_PLUS_V3,1364664823984779267,2,3,2.201653243197635
31,SCSA-STATE_ART-SCSA_PLUS_V3,1283518830950510593,3,2,1.7155672291830406
31,SCSA-STATE_ART-SCSA_PLUS_V3,1317810926133874689,4,3,1.5263867724606535
31,SCSA-STATE_ART-SCSA_PLUS_V3,1337077938076979205,5,4,1.088804073713282
31,SCSA-STATE_ART-SCSA_PLUS_V3,1369372321736232963,6,1,0.07742471896033629
31,SCSA-STATE_ART-SCSA_PLUS_V3,1303840025000509448,7,2,-0.017574862197124605
31,SCSA-STATE_ART-SCSA_PLUS_V3,1364607745270423556,8,4,-0.6917746542144274
31,SCSA-STATE_ART-SCSA_PLUS_V3,1369383214062665731,9,2,-1.2026740193686212
31,SCSA-STATE_ART-SCSA_PLUS_V3,1369386818169372680,10,4,-1.334465068837602
32,SCSA-STATE_ART-SCSA_PLUS_V3,1365007905318133766,1,1,0.8388233040713567
32,SCSA-STATE_ART-SCSA_PLUS_V3,1369292125641269258,2,3,0.7231138329417203
32,SCSA-STATE_ART-SCSA_PLUS_V3,1366932843067277314,3,2,-0.1934741893759045
32,SCSA-STATE_ART-SCSA_PLUS_V3,1361701236395958278,4,4,-0.407963752388452
32,SCSA-STATE_ART-SCSA_PLUS_V3,1361388306106318857,5,2,-0.7042556358727347
32,SCSA-STATE_ART-SCSA_PLUS_V3,1369030160943611907,6,1,-1.0580393819449574
32,SCSA-STATE_ART-SCSA_PLUS_V3,1369441382973272064,7,3,-1.523554971359398
32,SCSA-STATE_ART-SCSA_PLUS_V3,1366709656974942211,8,3,-1.5357891786995663
32,SCSA-STATE_ART-SCSA_PLUS_V3,1369458171467591683,9,4,-1.6653362026071827
32,SCSA-STATE_ART-SCSA_PLUS_V3,1364579317964034050,10,2,-1.7943956998005064
33,SCSA-STATE_ART-SCSA_PLUS_V3,1368622654870192131,1,4,-0.8266309529068743
33,SCSA-STATE_ART-SCSA_PLUS_V3,1369395335769038849,2,3,-1.3015155120441153
33,SCSA-STATE_ART-SCSA_PLUS_V3,1369226601972563972,3,4,-1.452492026134038
33,SCSA-STATE_ART-SCSA_PLUS_V3,1369441382973272064,4,4,-1.523554971359398
33,SCSA-STATE_ART-SCSA_PLUS_V3,1369438033892806663,5,4,-1.5743066733298112
33,SCSA-STATE_ART-SCSA_PLUS_V3,1369619124318580736,6,4,-1.6646792448280587
33,SCSA-STATE_ART-SCSA_PLUS_V3,1369458171467591683,7,3,-1.6653362026071827
33,SCSA-STATE_ART-SCSA_PLUS_V3,1369015794248671233,8,4,-1.6838089616990273
33,SCSA-STATE_ART-SCSA_PLUS_V3,1369495249417101312,9,4,-2.9597096331748514
33,SCSA-STATE_ART-SCSA_PLUS_V3,1369315042236174343,10,3,-3.639470760120057
34,SCSA-STATE_ART-SCSA_PLUS_V3,1368622654870192131,1,2,-0.8266309529068743
34,SCSA-STATE_ART-SCSA_PLUS_V3,1369395335769038849,2,4,-1.3015155120441153
34,SCSA-STATE_ART-SCSA_PLUS_V3,1369226601972563972,3,2,-1.452492026134038
34,SCSA-STATE_ART-SCSA_PLUS_V3,1369441382973272064,4,4,-1.523554971359398
34,SCSA-STATE_ART-SCSA_PLUS_V3,1369438033892806663,5,4,-1.5743066733298112
34,SCSA-STATE_ART-SCSA_PLUS_V3,1369619124318580736,6,4,-1.6646792448280587
34,SCSA-STATE_ART-SCSA_PLUS_V3,1369458171467591683,7,2,-1.6653362026071827
34,SCSA-STATE_ART-SCSA_PLUS_V3,1369015794248671233,8,2,-1.6838089616990273
34,SCSA-STATE_ART-SCSA_PLUS_V3,1369495249417101312,9,3,-2.9597096331748514
34,SCSA-STATE_ART-SCSA_PLUS_V3,1369315042236174343,10,4,-3.639470760120057
35,SCSA-STATE_ART-SCSA_PLUS_V3,1364697022847209478,1,3,0.8433138078902067
35,SCSA-STATE_ART-SCSA_PLUS_V3,1368760443498532864,2,2,0.47805189109181506
35,SCSA-STATE_ART-SCSA_PLUS_V3,1362196066431627265,3,3,0.3054419606674876
35,SCSA-STATE_ART-SCSA_PLUS_V3,1339525827118194689,4,3,0.21521418030591352
35,SCSA-STATE_ART-SCSA_PLUS_V3,1353672852747284480,5,2,-0.14917337648383971
35,SCSA-STATE_ART-SCSA_PLUS_V3,1367496989215248388,6,2,-0.191740599063149
35,SCSA-STATE_ART-SCSA_PLUS_V3,1368744769686540290,7,2,-0.30398017648422365
35,SCSA-STATE_ART-SCSA_PLUS_V3,1368777274506571779,8,1,-0.4039716245589416
35,SCSA-STATE_ART-SCSA_PLUS_V3,1362484293650567168,9,3,-0.7322059219985054
35,SCSA-STATE_ART-SCSA_PLUS_V3,1369458171467591683,10,1,-1.6653362026071827
36,SCSA-STATE_ART-SCSA_PLUS_V3,1366115959623331844,1,3,2.808047228397104
36,SCSA-STATE_ART-SCSA_PLUS_V3,1359932980974657536,2,5,1.4447248577000005
36,SCSA-STATE_ART-SCSA_PLUS_V3,1337077938076979205,3,5,1.088804073713282
36,SCSA-STATE_ART-SCSA_PLUS_V3,1321455751567532032,4,5,0.309182033188763
36,SCSA-STATE_ART-SCSA_PLUS_V3,1362069293790162946,5,4,0.18921145095492575
36,SCSA-STATE_ART-SCSA_PLUS_V3,1333873034114064385,6,5,0.13362266922772295
36,SCSA-STATE_ART-SCSA_PLUS_V3,1343729046891347968,7,3,-0.5831723739274758
36,SCSA-STATE_ART-SCSA_PLUS_V3,1364607745270423556,8,5,-0.6917746542144274
36,SCSA-STATE_ART-SCSA_PLUS_V3,1347619092417548288,9,5,-1.5254769823729484
36,SCSA-STATE_ART-SCSA_PLUS_V3,1367894335233142789,10,3,-1.7989287136111398
37,SCSA-STATE_ART-SCSA_PLUS_V3,1365416645624143873,1,2,2.4717959298546774
37,SCSA-STATE_ART-SCSA_PLUS_V3,1354118501653483523,2,1,2.044728839831383
37,SCSA-STATE_ART-SCSA_PLUS_V3,1337463904566456320,3,4,1.246704028276814
37,SCSA-STATE_ART-SCSA_PLUS_V3,1357375687967997959,4,3,1.1651198867786141
37,SCSA-STATE_ART-SCSA_PLUS_V3,1351920546011893761,5,4,0.6898963199435365
37,SCSA-STATE_ART-SCSA_PLUS_V3,1339525827118194689,6,5,0.21521418030591352
37,SCSA-STATE_ART-SCSA_PLUS_V3,1368984433026596867,7,3,0.18810878772294387
37,SCSA-STATE_ART-SCSA_PLUS_V3,1331744604891344896,8,4,0.17528638066983188
37,SCSA-STATE_ART-SCSA_PLUS_V3,1353502767352926208,9,3,-0.053388971030963905
37,SCSA-STATE_ART-SCSA_PLUS_V3,1364321423901085698,10,1,-0.6454044471789697
38,SCSA-STATE_ART-SCSA_PLUS_V3,1365007905318133766,1,4,0.8388233040713567
38,SCSA-STATE_ART-SCSA_PLUS_V3,1369292125641269258,2,4,0.7231138329417203
38,SCSA-STATE_ART-SCSA_PLUS_V3,1366932843067277314,3,4,-0.1934741893759045
38,SCSA-STATE_ART-SCSA_PLUS_V3,1361701236395958278,4,4,-0.407963752388452
38,SCSA-STATE_ART-SCSA_PLUS_V3,1361388306106318857,5,4,-0.7042556358727347
38,SCSA-STATE_ART-SCSA_PLUS_V3,1359577321695547392,6,4,-1.0250458628988153
38,SCSA-STATE_ART-SCSA_PLUS_V3,1369030160943611907,7,4,-1.0580393819449574
38,SCSA-STATE_ART-SCSA_PLUS_V3,1369395335769038849,8,4,-1.3015155120441153
38,SCSA-STATE_ART-SCSA_PLUS_V3,1366709656974942211,9,4,-1.5357891786995663
38,SCSA-STATE_ART-SCSA_PLUS_V3,1364579317964034050,10,3,-1.7943956998005064
39,SCSA-STATE_ART-SCSA_PLUS_V3,1364664823984779267,1,4,2.201653243197635
39,SCSA-STATE_ART-SCSA_PLUS_V3,1283518830950510593,2,5,1.7155672291830406
39,SCSA-STATE_ART-SCSA_PLUS_V3,1317810926133874689,3,5,1.5263867724606535
39,SCSA-STATE_ART-SCSA_PLUS_V3,1369034842222985216,4,5,1.3579494760277242
39,SCSA-STATE_ART-SCSA_PLUS_V3,1367315410106736640,5,5,0.5127916549478541
39,SCSA-STATE_ART-SCSA_PLUS_V3,1369017812165881859,6,5,0.46107479684012687
39,SCSA-STATE_ART-SCSA_PLUS_V3,1318667750408036352,7,5,-0.13230145469562932
39,SCSA-STATE_ART-SCSA_PLUS_V3,1368286394792046596,8,5,-0.2562375596577508
39,SCSA-STATE_ART-SCSA_PLUS_V3,1363941648812675075,9,4,-0.40614885358431063
39,SCSA-STATE_ART-SCSA_PLUS_V3,1367894335233142789,10,4,-1.7989287136111398
40,SCSA-STATE_ART-SCSA_PLUS_V3,1365416645624143873,1,5,2.4717959298546774
40,SCSA-STATE_ART-SCSA_PLUS_V3,1358843677582401536,2,2,1.6418753577979033
40,SCSA-STATE_ART-SCSA_PLUS_V3,1337463904566456320,3,3,1.246704028276814
40,SCSA-STATE_ART-SCSA_PLUS_V3,1357375687967997959,4,5,1.1651198867786141
40,SCSA-STATE_ART-SCSA_PLUS_V3,1358843515149504514,5,2,0.8316723299406994
40,SCSA-STATE_ART-SCSA_PLUS_V3,1351920546011893761,6,5,0.6898963199435365
40,SCSA-STATE_ART-SCSA_PLUS_V3,1331741612402237443,7,5,0.5624473610952869
40,SCSA-STATE_ART-SCSA_PLUS_V3,1354565152939544576,8,1,0.5293717744477001
40,SCSA-STATE_ART-SCSA_PLUS_V3,1331744604891344896,9,2,0.17528638066983188
40,SCSA-STATE_ART-SCSA_PLUS_V3,1353502767352926208,10,2,-0.053388971030963905
41,SCSA-STATE_ART-SCSA_PLUS_V3,1365416645624143873,1,2,2.4717959298546774
41,SCSA-STATE_ART-SCSA_PLUS_V3,1337463904566456320,2,1,1.246704028276814
41,SCSA-STATE_ART-SCSA_PLUS_V3,1357375687967997959,3,2,1.1651198867786141
41,SCSA-STATE_ART-SCSA_PLUS_V3,1358843515149504514,4,1,0.8316723299406994
41,SCSA-STATE_ART-SCSA_PLUS_V3,1351920546011893761,5,2,0.6898963199435365
41,SCSA-STATE_ART-SCSA_PLUS_V3,1331741612402237443,6,1,0.5624473610952869
41,SCSA-STATE_ART-SCSA_PLUS_V3,1369017812165881859,7,3,0.46107479684012687
41,SCSA-STATE_ART-SCSA_PLUS_V3,1339525827118194689,8,4,0.21521418030591352
41,SCSA-STATE_ART-SCSA_PLUS_V3,1331744604891344896,9,1,0.17528638066983188
41,SCSA-STATE_ART-SCSA_PLUS_V3,1353502767352926208,10,1,-0.053388971030963905
42,SCSA-STATE_ART-SCSA_PLUS_V3,1369034842222985216,1,1,1.3579494760277242
42,SCSA-STATE_ART-SCSA_PLUS_V3,1367949455262060544,2,2,0.9441317443746262
42,SCSA-STATE_ART-SCSA_PLUS_V3,1367315410106736640,3,1,0.5127916549478541
42,SCSA-STATE_ART-SCSA_PLUS_V3,1367946026674352134,4,5,0.39118851181983516
42,SCSA-STATE_ART-SCSA_PLUS_V3,1368286394792046596,5,1,-0.2562375596577508
42,SCSA-STATE_ART-SCSA_PLUS_V3,1363941648812675075,6,5,-0.40614885358431063
42,SCSA-STATE_ART-SCSA_PLUS_V3,1288988861092245505,7,1,-0.5143783629706339
42,SCSA-STATE_ART-SCSA_PLUS_V3,1354545532044075013,8,2,-0.6354463998481974
42,SCSA-STATE_ART-SCSA_PLUS_V3,1367947939579006979,9,5,-0.8898654880303295
42,SCSA-STATE_ART-SCSA_PLUS_V3,1367894335233142789,10,5,-1.7989287136111398
43,SCSA-STATE_ART-SCSA_PLUS_V3,1365416645624143873,1,3,2.4717959298546774
43,SCSA-STATE_ART-SCSA_PLUS_V3,1358843677582401536,2,5,1.6418753577979033
43,SCSA-STATE_ART-SCSA_PLUS_V3,1337463904566456320,3,3,1.246704028276814
43,SCSA-STATE_ART-SCSA_PLUS_V3,1357375687967997959,4,3,1.1651198867786141
43,SCSA-STATE_ART-SCSA_PLUS_V3,1358843515149504514,5,3,0.8316723299406994
43,SCSA-STATE_ART-SCSA_PLUS_V3,1351920546011893761,6,3,0.6898963199435365
43,SCSA-STATE_ART-SCSA_PLUS_V3,1331741612402237443,7,5,0.5624473610952869
43,SCSA-STATE_ART-SCSA_PLUS_V3,1331744604891344896,8,3,0.17528638066983188
43,SCSA-STATE_ART-SCSA_PLUS_V3,1353502767352926208,9,5,-0.053388971030963905
43,SCSA-STATE_ART-SCSA_PLUS_V3,1368933410085945345,10,3,-0.8245235739816595
44,SCSA-STATE_ART-SCSA_PLUS_V3,1364664823984779267,1,3,2.201653243197635
44,SCSA-STATE_ART-SCSA_PLUS_V3,1283518830950510593,2,5,1.7155672291830406
44,SCSA-STATE_ART-SCSA_PLUS_V3,1317810926133874689,3,5,1.5263867724606535
44,SCSA-STATE_ART-SCSA_PLUS_V3,1368217898095964166,4,5,0.5395486329875457
44,SCSA-STATE_ART-SCSA_PLUS_V3,1317811466339221509,5,4,0.41676185131976534
44,SCSA-STATE_ART-SCSA_PLUS_V3,1327398719789150214,6,5,0.34220993144944506
44,SCSA-STATE_ART-SCSA_PLUS_V3,1339525827118194689,7,5,0.21521418030591352
44,SCSA-STATE_ART-SCSA_PLUS_V3,1303840025000509448,8,3,-0.017574862197124605
44,SCSA-STATE_ART-SCSA_PLUS_V3,1291862297665626112,9,5,-0.03464420093323811
44,SCSA-STATE_ART-SCSA_PLUS_V3,1368777274506571779,10,2,-0.4039716245589416
45,SCSA-STATE_ART-SCSA_PLUS_V3,1340409077751566338,1,3,0.6938726531847438
45,SCSA-STATE_ART-SCSA_PLUS_V3,1234157609395146753,2,3,0.44958486153410226
45,SCSA-STATE_ART-SCSA_PLUS_V3,1328417466272321537,3,5,0.3313355678529376
45,SCSA-STATE_ART-SCSA_PLUS_V3,1334044250942676993,4,4,0.030149179368733535
45,SCSA-STATE_ART-SCSA_PLUS_V3,1350843455128399879,5,3,-0.011798914984767716
45,SCSA-STATE_ART-SCSA_PLUS_V3,1319343716801236992,6,5,-0.1767731835649707
45,SCSA-STATE_ART-SCSA_PLUS_V3,1167050866521780224,7,3,-0.7647160522990495
45,SCSA-STATE_ART-SCSA_PLUS_V3,1367971795790397440,8,5,-1.1611131931339014
45,SCSA-STATE_ART-SCSA_PLUS_V3,1351283213403095045,9,5,-1.4501094021068377
45,SCSA-STATE_ART-SCSA_PLUS_V3,1319402828285108225,10,5,-2.269523039538623
46,SCSA-STATE_ART-SCSA_PLUS_V3,1368622654870192131,1,3,-0.8266309529068743
46,SCSA-STATE_ART-SCSA_PLUS_V3,1369395335769038849,2,3,-1.3015155120441153
46,SCSA-STATE_ART-SCSA_PLUS_V3,1369226601972563972,3,3,-1.452492026134038
46,SCSA-STATE_ART-SCSA_PLUS_V3,1369441382973272064,4,4,-1.523554971359398
46,SCSA-STATE_ART-SCSA_PLUS_V3,1369438033892806663,5,4,-1.5743066733298112
46,SCSA-STATE_ART-SCSA_PLUS_V3,1369619124318580736,6,4,-1.6646792448280587
46,SCSA-STATE_ART-SCSA_PLUS_V3,1369458171467591683,7,4,-1.6653362026071827
46,SCSA-STATE_ART-SCSA_PLUS_V3,1369015794248671233,8,3,-1.6838089616990273
46,SCSA-STATE_ART-SCSA_PLUS_V3,1369495249417101312,9,4,-2.9597096331748514
46,SCSA-STATE_ART-SCSA_PLUS_V3,1369315042236174343,10,3,-3.639470760120057
47,SCSA-STATE_ART-SCSA_PLUS_V3,1337022746824499203,1,5,3.93677533228313
47,SCSA-STATE_ART-SCSA_PLUS_V3,1365416645624143873,2,5,2.4717959298546774
47,SCSA-STATE_ART-SCSA_PLUS_V3,1358843677582401536,3,5,1.6418753577979033
47,SCSA-STATE_ART-SCSA_PLUS_V3,1337463904566456320,4,5,1.246704028276814
47,SCSA-STATE_ART-SCSA_PLUS_V3,1357375687967997959,5,1,1.1651198867786141
47,SCSA-STATE_ART-SCSA_PLUS_V3,1358843515149504514,6,5,0.8316723299406994
47,SCSA-STATE_ART-SCSA_PLUS_V3,1351920546011893761,7,5,0.6898963199435365
47,SCSA-STATE_ART-SCSA_PLUS_V3,1331741612402237443,8,5,0.5624473610952869
47,SCSA-STATE_ART-SCSA_PLUS_V3,1331744604891344896,9,5,0.17528638066983188
47,SCSA-STATE_ART-SCSA_PLUS_V3,1353502767352926208,10,5,-0.053388971030963905
48,SCSA-STATE_ART-SCSA_PLUS_V3,1363181398908141579,1,3,2.046533426841739
48,SCSA-STATE_ART-SCSA_PLUS_V3,1299756201509613568,2,3,2.0462513135603606
48,SCSA-STATE_ART-SCSA_PLUS_V3,1368271872002035713,3,4,0.6466032091133875
48,SCSA-STATE_ART-SCSA_PLUS_V3,1369367452661014538,4,4,0.34146011376841273
48,SCSA-STATE_ART-SCSA_PLUS_V3,1368300490895818755,5,4,0.18578673411402896
48,SCSA-STATE_ART-SCSA_PLUS_V3,1368494502336475136,6,4,0.035444443644588486
48,SCSA-STATE_ART-SCSA_PLUS_V3,1325498916847153153,7,5,-0.12971056032184075
48,SCSA-STATE_ART-SCSA_PLUS_V3,1347166067995660290,8,2,-1.074329339683618
48,SCSA-STATE_ART-SCSA_PLUS_V3,1368177229285502976,9,4,-1.8713683566351638
48,SCSA-STATE_ART-SCSA_PLUS_V3,1369441796925886465,10,5,-2.038859345145162
49,SCSA-STATE_ART-SCSA_PLUS_V3,1363181398908141579,1,1,2.046533426841739
49,SCSA-STATE_ART-SCSA_PLUS_V3,1299756201509613568,2,1,2.0462513135603606
49,SCSA-STATE_ART-SCSA_PLUS_V3,1369297616245231638,3,1,1.0567199254874085
49,SCSA-STATE_ART-SCSA_PLUS_V3,1322257265496334336,4,2,0.9800600550961632
49,SCSA-STATE_ART-SCSA_PLUS_V3,1324374402750767104,5,5,0.8570444552028132
49,SCSA-STATE_ART-SCSA_PLUS_V3,1368271872002035713,6,5,0.6466032091133875
49,SCSA-STATE_ART-SCSA_PLUS_V3,1322257618178609153,7,5,0.03545709713094296
49,SCSA-STATE_ART-SCSA_PLUS_V3,1368932010971004931,8,5,-0.4191673824872118
49,SCSA-STATE_ART-SCSA_PLUS_V3,1369054744786989056,9,2,-1.0537963478592067
49,SCSA-STATE_ART-SCSA_PLUS_V3,1368177229285502976,10,5,-1.8713683566351638
50,SCSA-STATE_ART-SCSA_PLUS_V3,1367113993815547906,1,5,1.6262186286336613
50,SCSA-STATE_ART-SCSA_PLUS_V3,1364697022847209478,2,5,0.8433138078902067
50,SCSA-STATE_ART-SCSA_PLUS_V3,1368760443498532864,3,5,0.47805189109181506
50,SCSA-STATE_ART-SCSA_PLUS_V3,1362196066431627265,4,4,0.3054419606674876
50,SCSA-STATE_ART-SCSA_PLUS_V3,1339525827118194689,5,4,0.21521418030591352
50,SCSA-STATE_ART-SCSA_PLUS_V3,1367497561645457427,6,3,0.12966280762045687
50,SCSA-STATE_ART-SCSA_PLUS_V3,1368777274506571779,7,5,-0.4039716245589416
50,SCSA-STATE_ART-SCSA_PLUS_V3,1368561200754270210,8,5,-0.5872673388055657
50,SCSA-STATE_ART-SCSA_PLUS_V3,1361046993158692866,9,5,-0.7281489316028963
50,SCSA-STATE_ART-SCSA_PLUS_V3,1369355243406954501,10,4,-0.7380823695008286
51,SCSA-STATE_ART-SCSA_PLUS_V3,1354118501653483523,1,5,2.044728839831383
51,SCSA-STATE_ART-SCSA_PLUS_V3,1369034842222985216,2,1,1.3579494760277242
51,SCSA-STATE_ART-SCSA_PLUS_V3,1367315410106736640,3,1,0.5127916549478541
51,SCSA-STATE_ART-SCSA_PLUS_V3,1369017812165881859,4,5,0.46107479684012687
51,SCSA-STATE_ART-SCSA_PLUS_V3,1339525827118194689,5,5,0.21521418030591352
51,SCSA-STATE_ART-SCSA_PLUS_V3,1368984433026596867,6,1,0.18810878772294387
51,SCSA-STATE_ART-SCSA_PLUS_V3,1368286394792046596,7,1,-0.2562375596577508
51,SCSA-STATE_ART-SCSA_PLUS_V3,1363941648812675075,8,1,-0.40614885358431063
51,SCSA-STATE_ART-SCSA_PLUS_V3,1364321423901085698,9,1,-0.6454044471789697
51,SCSA-STATE_ART-SCSA_PLUS_V3,1367894335233142789,10,1,-1.7989287136111398
53,SCSA-STATE_ART-SCSA_PLUS_V3,1336793663792406530,1,1,2.6714144202875567
53,SCSA-STATE_ART-SCSA_PLUS_V3,1365327872643260420,2,1,1.9736484846794227
53,SCSA-STATE_ART-SCSA_PLUS_V3,1369034842222985216,3,1,1.3579494760277242
53,SCSA-STATE_ART-SCSA_PLUS_V3,1337077938076979205,4,1,1.088804073713282
53,SCSA-STATE_ART-SCSA_PLUS_V3,1367315410106736640,5,1,0.5127916549478541
53,SCSA-STATE_ART-SCSA_PLUS_V3,1368286394792046596,6,1,-0.2562375596577508
53,SCSA-STATE_ART-SCSA_PLUS_V3,1363941648812675075,7,1,-0.40614885358431063
53,SCSA-STATE_ART-SCSA_PLUS_V3,1364607745270423556,8,1,-0.6917746542144274
53,SCSA-STATE_ART-SCSA_PLUS_V3,1369383214062665731,9,1,-1.2026740193686212
53,SCSA-STATE_ART-SCSA_PLUS_V3,1367894335233142789,10,1,-1.7989287136111398
54,SCSA-STATE_ART-SCSA_PLUS_V3,1354118501653483523,1,4,2.044728839831383
54,SCSA-STATE_ART-SCSA_PLUS_V3,1369034842222985216,2,4,1.3579494760277242
54,SCSA-STATE_ART-SCSA_PLUS_V3,1367315410106736640,3,2,0.5127916549478541
54,SCSA-STATE_ART-SCSA_PLUS_V3,1369017812165881859,4,3,0.46107479684012687
54,SCSA-STATE_ART-SCSA_PLUS_V3,1339525827118194689,5,3,0.21521418030591352
54,SCSA-STATE_ART-SCSA_PLUS_V3,1368984433026596867,6,3,0.18810878772294387
54,SCSA-STATE_ART-SCSA_PLUS_V3,1368286394792046596,7,4,-0.2562375596577508
54,SCSA-STATE_ART-SCSA_PLUS_V3,1363941648812675075,8,2,-0.40614885358431063
54,SCSA-STATE_ART-SCSA_PLUS_V3,1364321423901085698,9,4,-0.6454044471789697
54,SCSA-STATE_ART-SCSA_PLUS_V3,1367894335233142789,10,2,-1.7989287136111398
55,SCSA-STATE_ART-SCSA_PLUS_V3,1363181398908141579,1,5,2.046533426841739
55,SCSA-STATE_ART-SCSA_PLUS_V3,1299756201509613568,2,5,2.0462513135603606
55,SCSA-STATE_ART-SCSA_PLUS_V3,1369367452661014538,3,5,0.34146011376841273
55,SCSA-STATE_ART-SCSA_PLUS_V3,1368300490895818755,4,5,0.18578673411402896
55,SCSA-STATE_ART-SCSA_PLUS_V3,1368494502336475136,5,5,0.035444443644588486
55,SCSA-STATE_ART-SCSA_PLUS_V3,1325498916847153153,6,5,-0.12971056032184075
55,SCSA-STATE_ART-SCSA_PLUS_V3,1346121159134343168,7,5,-0.5521551391049851
55,SCSA-STATE_ART-SCSA_PLUS_V3,1368933410085945345,8,5,-0.8245235739816595
55,SCSA-STATE_ART-SCSA_PLUS_V3,1347166067995660290,9,5,-1.074329339683618
55,SCSA-STATE_ART-SCSA_PLUS_V3,1368177229285502976,10,5,-1.8713683566351638
57,SCSA-STATE_ART-SCSA_PLUS_V3,1247840496569012225,1,4,2.997749026811075
57,SCSA-STATE_ART-SCSA_PLUS_V3,1296511004063473667,2,5,2.2402381534929328
57,SCSA-STATE_ART-SCSA_PLUS_V3,1291094964185825281,3,5,0.7327259748644572
57,SCSA-STATE_ART-SCSA_PLUS_V3,1070275243552489472,4,4,0.7224250191672584
57,SCSA-STATE_ART-SCSA_PLUS_V3,1238211420388569088,5,5,0.6437458864146457
57,SCSA-STATE_ART-SCSA_PLUS_V3,764216312134590466,6,4,0.11435421607579405
57,SCSA-STATE_ART-SCSA_PLUS_V3,1365047360934526982,7,4,0.07407384588798456
57,SCSA-STATE_ART-SCSA_PLUS_V3,1319651956579762176,8,5,-0.09767418260017947
57,SCSA-STATE_ART-SCSA_PLUS_V3,1369395335769038849,9,4,-1.3015155120441153
57,SCSA-STATE_ART-SCSA_PLUS_V3,1369315042236174343,10,4,-3.639470760120057
58,SCSA-STATE_ART-SCSA_PLUS_V3,1369034842222985216,1,5,1.3579494760277242
58,SCSA-STATE_ART-SCSA_PLUS_V3,1367604109113655297,2,5,0.7750237539492242
58,SCSA-STATE_ART-SCSA_PLUS_V3,1367315410106736640,3,5,0.5127916549478541
58,SCSA-STATE_ART-SCSA_PLUS_V3,1369017812165881859,4,5,0.46107479684012687
58,SCSA-STATE_ART-SCSA_PLUS_V3,1367930915733835777,5,4,-0.14585489420627865
58,SCSA-STATE_ART-SCSA_PLUS_V3,1368286394792046596,6,5,-0.2562375596577508
58,SCSA-STATE_ART-SCSA_PLUS_V3,1363941648812675075,7,5,-0.40614885358431063
58,SCSA-STATE_ART-SCSA_PLUS_V3,1367912923641737216,8,5,-0.5414017634726082
58,SCSA-STATE_ART-SCSA_PLUS_V3,1368641210533830657,9,5,-0.9731496315835763
58,SCSA-STATE_ART-SCSA_PLUS_V3,1367894335233142789,10,5,-1.7989287136111398
60,SCSA-STATE_ART-SCSA_PLUS_V3,1354118501653483523,1,5,2.044728839831383
60,SCSA-STATE_ART-SCSA_PLUS_V3,1369034842222985216,2,5,1.3579494760277242
60,SCSA-STATE_ART-SCSA_PLUS_V3,1367315410106736640,3,5,0.5127916549478541
60,SCSA-STATE_ART-SCSA_PLUS_V3,1369017812165881859,4,5,0.46107479684012687
60,SCSA-STATE_ART-SCSA_PLUS_V3,1339525827118194689,5,5,0.21521418030591352
60,SCSA-STATE_ART-SCSA_PLUS_V3,1368984433026596867,6,5,0.18810878772294387
60,SCSA-STATE_ART-SCSA_PLUS_V3,1368286394792046596,7,5,-0.2562375596577508
60,SCSA-STATE_ART-SCSA_PLUS_V3,1363941648812675075,8,5,-0.40614885358431063
60,SCSA-STATE_ART-SCSA_PLUS_V3,1364321423901085698,9,5,-0.6454044471789697
60,SCSA-STATE_ART-SCSA_PLUS_V3,1367894335233142789,10,5,-1.7989287136111398
61,SCSA-STATE_ART-SCSA_PLUS_V3,1242143080616087552,1,2,2.1676722676063447
61,SCSA-STATE_ART-SCSA_PLUS_V3,1354118501653483523,2,5,2.044728839831383
61,SCSA-STATE_ART-SCSA_PLUS_V3,1367949455262060544,3,3,0.9441317443746262
61,SCSA-STATE_ART-SCSA_PLUS_V3,1357706176864129027,4,2,0.7723147019508418
61,SCSA-STATE_ART-SCSA_PLUS_V3,1358615407775649792,5,2,0.5359265244876907
61,SCSA-STATE_ART-SCSA_PLUS_V3,1339525827118194689,6,3,0.21521418030591352
61,SCSA-STATE_ART-SCSA_PLUS_V3,1368984433026596867,7,2,0.18810878772294387
61,SCSA-STATE_ART-SCSA_PLUS_V3,1358610352313757697,8,3,-0.438281159945673
61,SCSA-STATE_ART-SCSA_PLUS_V3,1288988861092245505,9,3,-0.5143783629706339
61,SCSA-STATE_ART-SCSA_PLUS_V3,1364321423901085698,10,4,-0.6454044471789697
62,SCSA-STATE_ART-SCSA_PLUS_V3,1336793663792406530,1,2,2.6714144202875567
62,SCSA-STATE_ART-SCSA_PLUS_V3,1365416645624143873,2,3,2.4717959298546774
62,SCSA-STATE_ART-SCSA_PLUS_V3,1365327872643260420,3,3,1.9736484846794227
62,SCSA-STATE_ART-SCSA_PLUS_V3,1337463904566456320,4,3,1.246704028276814
62,SCSA-STATE_ART-SCSA_PLUS_V3,1337077938076979205,5,3,1.088804073713282
62,SCSA-STATE_ART-SCSA_PLUS_V3,1351920546011893761,6,3,0.6898963199435365
62,SCSA-STATE_ART-SCSA_PLUS_V3,1331744604891344896,7,1,0.17528638066983188
62,SCSA-STATE_ART-SCSA_PLUS_V3,1353502767352926208,8,3,-0.053388971030963905
62,SCSA-STATE_ART-SCSA_PLUS_V3,1364607745270423556,9,3,-0.6917746542144274
62,SCSA-STATE_ART-SCSA_PLUS_V3,1369383214062665731,10,2,-1.2026740193686212
63,SCSA-STATE_ART-SCSA_PLUS_V3,1365007905318133766,1,5,0.8388233040713567
63,SCSA-STATE_ART-SCSA_PLUS_V3,1366932843067277314,2,2,-0.1934741893759045
63,SCSA-STATE_ART-SCSA_PLUS_V3,1361701236395958278,3,3,-0.407963752388452
63,SCSA-STATE_ART-SCSA_PLUS_V3,1361388306106318857,4,3,-0.7042556358727347
63,SCSA-STATE_ART-SCSA_PLUS_V3,1369030160943611907,5,5,-1.0580393819449574
63,SCSA-STATE_ART-SCSA_PLUS_V3,1369441382973272064,6,2,-1.523554971359398
63,SCSA-STATE_ART-SCSA_PLUS_V3,1369441382973272064,7,5,-1.523554971359398
63,SCSA-STATE_ART-SCSA_PLUS_V3,1366709656974942211,8,4,-1.5357891786995663
63,SCSA-STATE_ART-SCSA_PLUS_V3,1364579317964034050,9,5,-1.7943956998005064
63,SCSA-STATE_ART-SCSA_PLUS_V3,1369495249417101312,10,5,-2.9597096331748514
66,SCSA-STATE_ART-SCSA_PLUS_V3,1364664823984779267,1,5,2.201653243197635
66,SCSA-STATE_ART-SCSA_PLUS_V3,1283518830950510593,2,2,1.7155672291830406
66,SCSA-STATE_ART-SCSA_PLUS_V3,1368217898095964166,3,5,0.5395486329875457
66,SCSA-STATE_ART-SCSA_PLUS_V3,1317811466339221509,4,3,0.41676185131976534
66,SCSA-STATE_ART-SCSA_PLUS_V3,1321799645652307969,5,5,0.3511901373638698
66,SCSA-STATE_ART-SCSA_PLUS_V3,1327398719789150214,6,2,0.34220993144944506
66,SCSA-STATE_ART-SCSA_PLUS_V3,1365629350721249281,7,5,0.07713175051477816
66,SCSA-STATE_ART-SCSA_PLUS_V3,1303840025000509448,8,4,-0.017574862197124605
66,SCSA-STATE_ART-SCSA_PLUS_V3,1291862297665626112,9,2,-0.03464420093323811
66,SCSA-STATE_ART-SCSA_PLUS_V3,1308893236723953665,10,5,-1.4537659944140655
68,SCSA-STATE_ART-SCSA_PLUS_V3,1336793663792406530,1,5,2.6714144202875567
68,SCSA-STATE_ART-SCSA_PLUS_V3,1360346403873181707,2,4,1.2136129422550426
68,SCSA-STATE_ART-SCSA_PLUS_V3,1337077938076979205,3,5,1.088804073713282
68,SCSA-STATE_ART-SCSA_PLUS_V3,1321455751567532032,4,5,0.309182033188763
68,SCSA-STATE_ART-SCSA_PLUS_V3,1362069293790162946,5,5,0.18921145095492575
68,SCSA-STATE_ART-SCSA_PLUS_V3,1333873034114064385,6,5,0.13362266922772295
68,SCSA-STATE_ART-SCSA_PLUS_V3,1320142365038817281,7,5,-0.26444635194562044
68,SCSA-STATE_ART-SCSA_PLUS_V3,1338592930022363139,8,5,-0.9213822114451771
68,SCSA-STATE_ART-SCSA_PLUS_V3,1347619092417548288,9,5,-1.5254769823729484
68,SCSA-STATE_ART-SCSA_PLUS_V3,1367882927384768524,10,3,-1.5710434219908604
70,SCSA-STATE_ART-SCSA_PLUS_V3,1352937076669476864,1,3,0.4804274370142707
70,SCSA-STATE_ART-SCSA_PLUS_V3,1352554075657801732,2,3,-0.4659285255426969
70,SCSA-STATE_ART-SCSA_PLUS_V3,1368622654870192131,3,3,-0.8266309529068743
70,SCSA-STATE_ART-SCSA_PLUS_V3,1364851499042537474,4,2,-0.9737132945934601
70,SCSA-STATE_ART-SCSA_PLUS_V3,1369226601972563972,5,3,-1.452492026134038
70,SCSA-STATE_ART-SCSA_PLUS_V3,1369441382973272064,6,5,-1.523554971359398
70,SCSA-STATE_ART-SCSA_PLUS_V3,1369438033892806663,7,3,-1.5743066733298112
70,SCSA-STATE_ART-SCSA_PLUS_V3,1369619124318580736,8,4,-1.6646792448280587
70,SCSA-STATE_ART-SCSA_PLUS_V3,1369458171467591683,9,3,-1.6653362026071827
70,SCSA-STATE_ART-SCSA_PLUS_V3,1369495249417101312,10,5,-2.9597096331748514
71,SCSA-STATE_ART-SCSA_PLUS_V3,1336793663792406530,1,4,2.6714144202875567
71,SCSA-STATE_ART-SCSA_PLUS_V3,1354118501653483523,2,4,2.044728839831383
71,SCSA-STATE_ART-SCSA_PLUS_V3,1337077938076979205,3,4,1.088804073713282
71,SCSA-STATE_ART-SCSA_PLUS_V3,1339525827118194689,4,5,0.21521418030591352
71,SCSA-STATE_ART-SCSA_PLUS_V3,1368984433026596867,5,5,0.18810878772294387
71,SCSA-STATE_ART-SCSA_PLUS_V3,1369372321736232963,6,5,0.07742471896033629
71,SCSA-STATE_ART-SCSA_PLUS_V3,1364321423901085698,7,5,-0.6454044471789697
71,SCSA-STATE_ART-SCSA_PLUS_V3,1364607745270423556,8,5,-0.6917746542144274
71,SCSA-STATE_ART-SCSA_PLUS_V3,1369383214062665731,9,4,-1.2026740193686212
71,SCSA-STATE_ART-SCSA_PLUS_V3,1369386818169372680,10,5,-1.334465068837602
72,SCSA-STATE_ART-SCSA_PLUS_V3,1329861315624660993,1,5,0.022496863039828327
72,SCSA-STATE_ART-SCSA_PLUS_V3,1356255352145272832,2,5,0.013096433422301454
72,SCSA-STATE_ART-SCSA_PLUS_V3,1356662728111181824,3,5,-0.33102284672983556
72,SCSA-STATE_ART-SCSA_PLUS_V3,1312137847378386944,4,5,-0.5241358315881505
72,SCSA-STATE_ART-SCSA_PLUS_V3,1355169402128363523,5,5,-0.5271830385248677
72,SCSA-STATE_ART-SCSA_PLUS_V3,1354446870312005635,6,5,-0.6887574181962871
72,SCSA-STATE_ART-SCSA_PLUS_V3,1367532398825648130,7,5,-0.8426549645049464
72,SCSA-STATE_ART-SCSA_PLUS_V3,1334873804582121475,8,5,-1.2282850111016024
72,SCSA-STATE_ART-SCSA_PLUS_V3,1343929726579187713,9,5,-1.3210851099433676
72,SCSA-STATE_ART-SCSA_PLUS_V3,1365767910543691777,10,5,-1.8994781434205041
73,SCSA-STATE_ART-SCSA_PLUS_V3,1365007905318133766,1,4,0.8388233040713567
73,SCSA-STATE_ART-SCSA_PLUS_V3,1369292125641269258,2,5,0.7231138329417203
73,SCSA-STATE_ART-SCSA_PLUS_V3,1366932843067277314,3,1,-0.1934741893759045
73,SCSA-STATE_ART-SCSA_PLUS_V3,1361701236395958278,4,1,-0.407963752388452
73,SCSA-STATE_ART-SCSA_PLUS_V3,1361388306106318857,5,3,-0.7042556358727347
73,SCSA-STATE_ART-SCSA_PLUS_V3,1369030160943611907,6,2,-1.0580393819449574
73,SCSA-STATE_ART-SCSA_PLUS_V3,1369395335769038849,7,5,-1.3015155120441153
73,SCSA-STATE_ART-SCSA_PLUS_V3,1366709656974942211,8,1,-1.5357891786995663
73,SCSA-STATE_ART-SCSA_PLUS_V3,1369458171467591683,9,1,-1.6653362026071827
73,SCSA-STATE_ART-SCSA_PLUS_V3,1364579317964034050,10,2,-1.7943956998005064
74,SCSA-STATE_ART-SCSA_PLUS_V3,1368622654870192131,1,3,-0.8266309529068743
74,SCSA-STATE_ART-SCSA_PLUS_V3,1369395335769038849,2,4,-1.3015155120441153
74,SCSA-STATE_ART-SCSA_PLUS_V3,1369226601972563972,3,4,-1.452492026134038
74,SCSA-STATE_ART-SCSA_PLUS_V3,1369441382973272064,4,4,-1.523554971359398
74,SCSA-STATE_ART-SCSA_PLUS_V3,1369438033892806663,5,4,-1.5743066733298112
74,SCSA-STATE_ART-SCSA_PLUS_V3,1369619124318580736,6,5,-1.6646792448280587
74,SCSA-STATE_ART-SCSA_PLUS_V3,1369458171467591683,7,5,-1.6653362026071827
74,SCSA-STATE_ART-SCSA_PLUS_V3,1369015794248671233,8,4,-1.6838089616990273
74,SCSA-STATE_ART-SCSA_PLUS_V3,1369495249417101312,9,5,-2.9597096331748514
74,SCSA-STATE_ART-SCSA_PLUS_V3,1369315042236174343,10,5,-3.639470760120057
76,SCSA-STATE_ART-SCSA_PLUS_V3,1365416645624143873,1,2,2.4717959298546774
76,SCSA-STATE_ART-SCSA_PLUS_V3,1358843677582401536,2,5,1.6418753577979033
76,SCSA-STATE_ART-SCSA_PLUS_V3,1337463904566456320,3,2,1.246704028276814
76,SCSA-STATE_ART-SCSA_PLUS_V3,1357375687967997959,4,2,1.1651198867786141
76,SCSA-STATE_ART-SCSA_PLUS_V3,1358843515149504514,5,4,0.8316723299406994
76,SCSA-STATE_ART-SCSA_PLUS_V3,1351920546011893761,6,2,0.6898963199435365
76,SCSA-STATE_ART-SCSA_PLUS_V3,1331741612402237443,7,4,0.5624473610952869
76,SCSA-STATE_ART-SCSA_PLUS_V3,1331744604891344896,8,2,0.17528638066983188
76,SCSA-STATE_ART-SCSA_PLUS_V3,1353502767352926208,9,2,-0.053388971030963905
76,SCSA-STATE_ART-SCSA_PLUS_V3,1290659734639521798,10,4,-0.2535422406601806
77,SCSA-STATE_ART-SCSA_PLUS_V3,1352554075657801732,1,5,-0.4659285255426969
77,SCSA-STATE_ART-SCSA_PLUS_V3,1368622654870192131,2,4,-0.8266309529068743
77,SCSA-STATE_ART-SCSA_PLUS_V3,1364851499042537474,3,5,-0.9737132945934601
77,SCSA-STATE_ART-SCSA_PLUS_V3,1369395335769038849,4,5,-1.3015155120441153
77,SCSA-STATE_ART-SCSA_PLUS_V3,1369226601972563972,5,5,-1.452492026134038
77,SCSA-STATE_ART-SCSA_PLUS_V3,1369438033892806663,6,5,-1.5743066733298112
77,SCSA-STATE_ART-SCSA_PLUS_V3,1369619124318580736,7,5,-1.6646792448280587
77,SCSA-STATE_ART-SCSA_PLUS_V3,1369458171467591683,8,4,-1.6653362026071827
77,SCSA-STATE_ART-SCSA_PLUS_V3,1369015794248671233,9,5,-1.6838089616990273
77,SCSA-STATE_ART-SCSA_PLUS_V3,1369315042236174343,10,3,-3.639470760120057
78,SCSA-STATE_ART-SCSA_PLUS_V3,1366232555037462531,1,4,2.4066859821491637
78,SCSA-STATE_ART-SCSA_PLUS_V3,1367649223601238016,2,2,0.6817769041663367
78,SCSA-STATE_ART-SCSA_PLUS_V3,1326736922199257089,3,1,0.6018545800708728
78,SCSA-STATE_ART-SCSA_PLUS_V3,1368584215403655171,4,1,0.5599962101352517
78,SCSA-STATE_ART-SCSA_PLUS_V3,1319343716801236992,5,2,-0.1767731835649707
78,SCSA-STATE_ART-SCSA_PLUS_V3,1367531774012751878,6,1,-0.3312698622900431
78,SCSA-STATE_ART-SCSA_PLUS_V3,1367170047081402380,7,1,-0.35459981167226234
78,SCSA-STATE_ART-SCSA_PLUS_V3,1345510484213075968,8,1,-0.5505627448356328
78,SCSA-STATE_ART-SCSA_PLUS_V3,1368561200754270210,9,4,-0.5872673388055657
78,SCSA-STATE_ART-SCSA_PLUS_V3,1368933410085945345,10,1,-0.8245235739816595
79,SCSA-STATE_ART-SCSA_PLUS_V3,1364624807220948994,1,5,3.02914102513722
79,SCSA-STATE_ART-SCSA_PLUS_V3,1366115959623331844,2,5,2.808047228397104
79,SCSA-STATE_ART-SCSA_PLUS_V3,1362872757109809152,3,4,1.5033954443205968
79,SCSA-STATE_ART-SCSA_PLUS_V3,1359932980974657536,4,4,1.4447248577000005
79,SCSA-STATE_ART-SCSA_PLUS_V3,1360346403873181707,5,4,1.2136129422550426
79,SCSA-STATE_ART-SCSA_PLUS_V3,1321455751567532032,6,5,0.309182033188763
79,SCSA-STATE_ART-SCSA_PLUS_V3,1362069293790162946,7,5,0.18921145095492575
79,SCSA-STATE_ART-SCSA_PLUS_V3,1333873034114064385,8,3,0.13362266922772295
79,SCSA-STATE_ART-SCSA_PLUS_V3,1343729046891347968,9,5,-0.5831723739274758
79,SCSA-STATE_ART-SCSA_PLUS_V3,1347619092417548288,10,5,-1.5254769823729484
81,SCSA-STATE_ART-SCSA_PLUS_V3,1359932980974657536,1,5,1.4447248577000005
81,SCSA-STATE_ART-SCSA_PLUS_V3,1369367467001315336,2,4,0.9445520503403014
81,SCSA-STATE_ART-SCSA_PLUS_V3,1368501683219693570,3,5,0.6838604334919682
81,SCSA-STATE_ART-SCSA_PLUS_V3,1368170081633644548,4,4,0.30667945565546284
81,SCSA-STATE_ART-SCSA_PLUS_V3,1362069293790162946,5,5,0.18921145095492575
81,SCSA-STATE_ART-SCSA_PLUS_V3,1333873034114064385,6,5,0.13362266922772295
81,SCSA-STATE_ART-SCSA_PLUS_V3,1367497561645457427,7,5,0.12966280762045687
81,SCSA-STATE_ART-SCSA_PLUS_V3,1368561200754270210,8,5,-0.5872673388055657
81,SCSA-STATE_ART-SCSA_PLUS_V3,1367822755769573377,9,5,-1.0268240346221977
81,SCSA-STATE_ART-SCSA_PLUS_V3,1369458171467591683,10,5,-1.6653362026071827
1,SCSA-SCSA_PLUS-SCSA_PLUS_V3,1336793663792406530,1,2,2.6714144202875567
1,SCSA-SCSA_PLUS-SCSA_PLUS_V3,1354118501653483523,2,1,2.044728839831383
1,SCSA-SCSA_PLUS-SCSA_PLUS_V3,1337077938076979205,3,3,1.088804073713282
1,SCSA-SCSA_PLUS-SCSA_PLUS_V3,1363551492486008834,4,1,0.5229277309207143
1,SCSA-SCSA_PLUS-SCSA_PLUS_V3,1339525827118194689,5,4,0.21521418030591352
1,SCSA-SCSA_PLUS-SCSA_PLUS_V3,1369372321736232963,6,1,0.07742471896033629
1,SCSA-SCSA_PLUS-SCSA_PLUS_V3,1364607745270423556,7,5,-0.6917746542144274
1,SCSA-SCSA_PLUS-SCSA_PLUS_V3,1369383214062665731,8,2,-1.2026740193686212
1,SCSA-SCSA_PLUS-SCSA_PLUS_V3,1369386818169372680,9,5,-1.334465068837602
1,SCSA-SCSA_PLUS-SCSA_PLUS_V3,1367882927384768524,10,5,-1.5710434219908604
2,SCSA-SCSA_PLUS-SCSA_PLUS_V3,1365007905318133766,1,4,0.8388233040713567
2,SCSA-SCSA_PLUS-SCSA_PLUS_V3,1369292125641269258,2,4,0.7231138329417203
2,SCSA-SCSA_PLUS-SCSA_PLUS_V3,1366932843067277314,3,3,-0.1934741893759045
2,SCSA-SCSA_PLUS-SCSA_PLUS_V3,1361701236395958278,4,4,-0.407963752388452
2,SCSA-SCSA_PLUS-SCSA_PLUS_V3,1361388306106318857,5,4,-0.7042556358727347
2,SCSA-SCSA_PLUS-SCSA_PLUS_V3,1369030160943611907,6,4,-1.0580393819449574
2,SCSA-SCSA_PLUS-SCSA_PLUS_V3,1369441382973272064,7,4,-1.523554971359398
2,SCSA-SCSA_PLUS-SCSA_PLUS_V3,1366709656974942211,8,5,-1.5357891786995663
2,SCSA-SCSA_PLUS-SCSA_PLUS_V3,1369458171467591683,9,3,-1.6653362026071827
2,SCSA-SCSA_PLUS-SCSA_PLUS_V3,1364579317964034050,10,5,-1.7943956998005064
3,SCSA-SCSA_PLUS-SCSA_PLUS_V3,1336793663792406530,1,3,2.6714144202875567
3,SCSA-SCSA_PLUS-SCSA_PLUS_V3,1365327872643260420,2,3,1.9736484846794227
3,SCSA-SCSA_PLUS-SCSA_PLUS_V3,1337077938076979205,3,3,1.088804073713282
3,SCSA-SCSA_PLUS-SCSA_PLUS_V3,1324374402750767104,4,5,0.8570444552028132
3,SCSA-SCSA_PLUS-SCSA_PLUS_V3,1367315410106736640,5,3,0.5127916549478541
3,SCSA-SCSA_PLUS-SCSA_PLUS_V3,1368286394792046596,6,3,-0.2562375596577508
3,SCSA-SCSA_PLUS-SCSA_PLUS_V3,1363941648812675075,7,4,-0.40614885358431063
3,SCSA-SCSA_PLUS-SCSA_PLUS_V3,1364607745270423556,8,2,-0.6917746542144274
3,SCSA-SCSA_PLUS-SCSA_PLUS_V3,1369383214062665731,9,3,-1.2026740193686212
3,SCSA-SCSA_PLUS-SCSA_PLUS_V3,1367894335233142789,10,3,-1.7989287136111398
4,SCSA-SCSA_PLUS-SCSA_PLUS_V3,1352937076669476864,1,2,0.4804274370142707
4,SCSA-SCSA_PLUS-SCSA_PLUS_V3,1352554075657801732,2,1,-0.4659285255426969
4,SCSA-SCSA_PLUS-SCSA_PLUS_V3,1368622654870192131,3,5,-0.8266309529068743
4,SCSA-SCSA_PLUS-SCSA_PLUS_V3,1364851499042537474,4,2,-0.9737132945934601
4,SCSA-SCSA_PLUS-SCSA_PLUS_V3,1369226601972563972,5,5,-1.452492026134038
4,SCSA-SCSA_PLUS-SCSA_PLUS_V3,1369441382973272064,6,5,-1.523554971359398
4,SCSA-SCSA_PLUS-SCSA_PLUS_V3,1369438033892806663,7,5,-1.5743066733298112
4,SCSA-SCSA_PLUS-SCSA_PLUS_V3,1369619124318580736,8,5,-1.6646792448280587
4,SCSA-SCSA_PLUS-SCSA_PLUS_V3,1369458171467591683,9,4,-1.6653362026071827
4,SCSA-SCSA_PLUS-SCSA_PLUS_V3,1369495249417101312,10,3,-2.9597096331748514
5,SCSA-SCSA_PLUS-SCSA_PLUS_V3,1365007905318133766,1,2,0.8388233040713567
5,SCSA-SCSA_PLUS-SCSA_PLUS_V3,1369292125641269258,2,3,0.7231138329417203
5,SCSA-SCSA_PLUS-SCSA_PLUS_V3,1366932843067277314,3,2,-0.1934741893759045
5,SCSA-SCSA_PLUS-SCSA_PLUS_V3,1361701236395958278,4,2,-0.407963752388452
5,SCSA-SCSA_PLUS-SCSA_PLUS_V3,1361388306106318857,5,2,-0.7042556358727347
5,SCSA-SCSA_PLUS-SCSA_PLUS_V3,1369030160943611907,6,3,-1.0580393819449574
5,SCSA-SCSA_PLUS-SCSA_PLUS_V3,1369441382973272064,7,4,-1.523554971359398
5,SCSA-SCSA_PLUS-SCSA_PLUS_V3,1366709656974942211,8,3,-1.5357891786995663
5,SCSA-SCSA_PLUS-SCSA_PLUS_V3,1369458171467591683,9,4,-1.6653362026071827
5,SCSA-SCSA_PLUS-SCSA_PLUS_V3,1364579317964034050,10,3,-1.7943956998005064
6,SCSA-SCSA_PLUS-SCSA_PLUS_V3,1337022746824499203,1,2,3.93677533228313
6,SCSA-SCSA_PLUS-SCSA_PLUS_V3,1365416645624143873,2,3,2.4717959298546774
6,SCSA-SCSA_PLUS-SCSA_PLUS_V3,1354118501653483523,3,5,2.044728839831383
6,SCSA-SCSA_PLUS-SCSA_PLUS_V3,1337463904566456320,4,2,1.246704028276814
6,SCSA-SCSA_PLUS-SCSA_PLUS_V3,1357375687967997959,5,1,1.1651198867786141
6,SCSA-SCSA_PLUS-SCSA_PLUS_V3,1358843515149504514,6,3,0.8316723299406994
6,SCSA-SCSA_PLUS-SCSA_PLUS_V3,1351920546011893761,7,2,0.6898963199435365
6,SCSA-SCSA_PLUS-SCSA_PLUS_V3,1339525827118194689,8,5,0.21521418030591352
6,SCSA-SCSA_PLUS-SCSA_PLUS_V3,1331744604891344896,9,2,0.17528638066983188
6,SCSA-SCSA_PLUS-SCSA_PLUS_V3,1353502767352926208,10,3,-0.053388971030963905
7,SCSA-SCSA_PLUS-SCSA_PLUS_V3,1336793663792406530,1,3,2.6714144202875567
7,SCSA-SCSA_PLUS-SCSA_PLUS_V3,1337077938076979205,2,2,1.088804073713282
7,SCSA-SCSA_PLUS-SCSA_PLUS_V3,1363551492486008834,3,3,0.5229277309207143
7,SCSA-SCSA_PLUS-SCSA_PLUS_V3,1336596712857743361,4,3,0.36318511055724345
7,SCSA-SCSA_PLUS-SCSA_PLUS_V3,1369372321736232963,5,4,0.07742471896033629
7,SCSA-SCSA_PLUS-SCSA_PLUS_V3,1364607745270423556,6,2,-0.6917746542144274
7,SCSA-SCSA_PLUS-SCSA_PLUS_V3,1369337343270862853,7,2,-0.7378555336148017
7,SCSA-SCSA_PLUS-SCSA_PLUS_V3,1369383214062665731,8,3,-1.2026740193686212
7,SCSA-SCSA_PLUS-SCSA_PLUS_V3,1369386818169372680,9,5,-1.334465068837602
7,SCSA-SCSA_PLUS-SCSA_PLUS_V3,1367882927384768524,10,4,-1.5710434219908604
8,SCSA-SCSA_PLUS-SCSA_PLUS_V3,1365416645624143873,1,4,2.4717959298546774
8,SCSA-SCSA_PLUS-SCSA_PLUS_V3,1358843677582401536,2,3,1.6418753577979033
8,SCSA-SCSA_PLUS-SCSA_PLUS_V3,1337463904566456320,3,4,1.246704028276814
8,SCSA-SCSA_PLUS-SCSA_PLUS_V3,1357375687967997959,4,4,1.1651198867786141
8,SCSA-SCSA_PLUS-SCSA_PLUS_V3,1358843515149504514,5,4,0.8316723299406994
8,SCSA-SCSA_PLUS-SCSA_PLUS_V3,1351920546011893761,6,4,0.6898963199435365
8,SCSA-SCSA_PLUS-SCSA_PLUS_V3,1331741612402237443,7,3,0.5624473610952869
8,SCSA-SCSA_PLUS-SCSA_PLUS_V3,1331744604891344896,8,4,0.17528638066983188
8,SCSA-SCSA_PLUS-SCSA_PLUS_V3,1353502767352926208,9,4,-0.053388971030963905
8,SCSA-SCSA_PLUS-SCSA_PLUS_V3,1290659734639521798,10,5,-0.2535422406601806
9,SCSA-SCSA_PLUS-SCSA_PLUS_V3,1364624807220948994,1,1,3.02914102513722
9,SCSA-SCSA_PLUS-SCSA_PLUS_V3,1366115959623331844,2,1,2.808047228397104
9,SCSA-SCSA_PLUS-SCSA_PLUS_V3,1362872757109809152,3,1,1.5033954443205968
9,SCSA-SCSA_PLUS-SCSA_PLUS_V3,1359932980974657536,4,5,1.4447248577000005
9,SCSA-SCSA_PLUS-SCSA_PLUS_V3,1360346403873181707,5,4,1.2136129422550426
9,SCSA-SCSA_PLUS-SCSA_PLUS_V3,1321455751567532032,6,5,0.309182033188763
9,SCSA-SCSA_PLUS-SCSA_PLUS_V3,1362069293790162946,7,4,0.18921145095492575
9,SCSA-SCSA_PLUS-SCSA_PLUS_V3,1333873034114064385,8,5,0.13362266922772295
9,SCSA-SCSA_PLUS-SCSA_PLUS_V3,1343729046891347968,9,5,-0.5831723739274758
9,SCSA-SCSA_PLUS-SCSA_PLUS_V3,1347619092417548288,10,5,-1.5254769823729484
10,SCSA-SCSA_PLUS-SCSA_PLUS_V3,1336793663792406530,1,3,2.6714144202875567
10,SCSA-SCSA_PLUS-SCSA_PLUS_V3,1337077938076979205,2,3,1.088804073713282
10,SCSA-SCSA_PLUS-SCSA_PLUS_V3,1363551492486008834,3,4,0.5229277309207143
10,SCSA-SCSA_PLUS-SCSA_PLUS_V3,1336596712857743361,4,3,0.36318511055724345
10,SCSA-SCSA_PLUS-SCSA_PLUS_V3,1369372321736232963,5,4,0.07742471896033629
10,SCSA-SCSA_PLUS-SCSA_PLUS_V3,1364607745270423556,6,3,-0.6917746542144274
10,SCSA-SCSA_PLUS-SCSA_PLUS_V3,1369337343270862853,7,4,-0.7378555336148017
10,SCSA-SCSA_PLUS-SCSA_PLUS_V3,1369383214062665731,8,4,-1.2026740193686212
10,SCSA-SCSA_PLUS-SCSA_PLUS_V3,1369386818169372680,9,4,-1.334465068837602
10,SCSA-SCSA_PLUS-SCSA_PLUS_V3,1367882927384768524,10,5,-1.5710434219908604
11,SCSA-SCSA_PLUS-SCSA_PLUS_V3,1365416645624143873,1,5,2.4717959298546774
11,SCSA-SCSA_PLUS-SCSA_PLUS_V3,1365416645624143873,2,2,2.4717959298546774
11,SCSA-SCSA_PLUS-SCSA_PLUS_V3,1358843677582401536,3,4,1.6418753577979033
11,SCSA-SCSA_PLUS-SCSA_PLUS_V3,1358843677582401536,4,2,1.6418753577979033
11,SCSA-SCSA_PLUS-SCSA_PLUS_V3,1337463904566456320,5,4,1.246704028276814
11,SCSA-SCSA_PLUS-SCSA_PLUS_V3,1337463904566456320,6,5,1.246704028276814
11,SCSA-SCSA_PLUS-SCSA_PLUS_V3,1351920546011893761,7,4,0.6898963199435365
11,SCSA-SCSA_PLUS-SCSA_PLUS_V3,1351920546011893761,8,2,0.6898963199435365
11,SCSA-SCSA_PLUS-SCSA_PLUS_V3,1331741612402237443,9,4,0.5624473610952869
11,SCSA-SCSA_PLUS-SCSA_PLUS_V3,1331741612402237443,10,2,0.5624473610952869
12,SCSA-SCSA_PLUS-SCSA_PLUS_V3,1365811680815554560,1,3,9.350111717968842
12,SCSA-SCSA_PLUS-SCSA_PLUS_V3,1365784358217523201,2,3,8.99105455073869
12,SCSA-SCSA_PLUS-SCSA_PLUS_V3,1365812811721543685,3,3,7.077403036396339
12,SCSA-SCSA_PLUS-SCSA_PLUS_V3,1334130051554668547,4,5,1.3855064115443048
12,SCSA-SCSA_PLUS-SCSA_PLUS_V3,1360286991011639302,5,5,1.0307427218571363
12,SCSA-SCSA_PLUS-SCSA_PLUS_V3,1334873913210380298,6,5,0.6751880448278276
12,SCSA-SCSA_PLUS-SCSA_PLUS_V3,1354807067232489475,7,5,0.10804807975063462
12,SCSA-SCSA_PLUS-SCSA_PLUS_V3,1356255352145272832,8,5,0.013096433422301454
12,SCSA-SCSA_PLUS-SCSA_PLUS_V3,1326033569555181568,9,2,-0.3486734009795706
12,SCSA-SCSA_PLUS-SCSA_PLUS_V3,1367532398825648130,10,5,-0.8426549645049464
13,SCSA-SCSA_PLUS-SCSA_PLUS_V3,1336793663792406530,1,4,2.6714144202875567
13,SCSA-SCSA_PLUS-SCSA_PLUS_V3,1337077938076979205,2,3,1.088804073713282
13,SCSA-SCSA_PLUS-SCSA_PLUS_V3,1354565152939544576,3,1,0.5293717744477001
13,SCSA-SCSA_PLUS-SCSA_PLUS_V3,1336596712857743361,4,1,0.36318511055724345
13,SCSA-SCSA_PLUS-SCSA_PLUS_V3,1369372321736232963,5,1,0.07742471896033629
13,SCSA-SCSA_PLUS-SCSA_PLUS_V3,1364607745270423556,6,4,-0.6917746542144274
13,SCSA-SCSA_PLUS-SCSA_PLUS_V3,1369337343270862853,7,1,-0.7378555336148017
13,SCSA-SCSA_PLUS-SCSA_PLUS_V3,1369383214062665731,8,2,-1.2026740193686212
13,SCSA-SCSA_PLUS-SCSA_PLUS_V3,1369386818169372680,9,5,-1.334465068837602
13,SCSA-SCSA_PLUS-SCSA_PLUS_V3,1367882927384768524,10,4,-1.5710434219908604
15,SCSA-SCSA_PLUS-SCSA_PLUS_V3,1349743109832372225,1,4,2.8209381409469247
15,SCSA-SCSA_PLUS-SCSA_PLUS_V3,1364664823984779267,2,4,2.201653243197635
15,SCSA-SCSA_PLUS-SCSA_PLUS_V3,1359941706951524353,3,3,1.7627686792230273
15,SCSA-SCSA_PLUS-SCSA_PLUS_V3,1283518830950510593,4,4,1.7155672291830406
15,SCSA-SCSA_PLUS-SCSA_PLUS_V3,1317810926133874689,5,4,1.5263867724606535
15,SCSA-SCSA_PLUS-SCSA_PLUS_V3,1360286991011639302,6,3,1.0307427218571363
15,SCSA-SCSA_PLUS-SCSA_PLUS_V3,1368297763524448256,7,3,0.8852252235484414
15,SCSA-SCSA_PLUS-SCSA_PLUS_V3,1354565152939544576,8,5,0.5293717744477001
15,SCSA-SCSA_PLUS-SCSA_PLUS_V3,1318667750408036352,9,3,-0.13230145469562932
15,SCSA-SCSA_PLUS-SCSA_PLUS_V3,1366380504736534529,10,4,-0.6392436616745011
16,SCSA-SCSA_PLUS-SCSA_PLUS_V3,1366232555037462531,1,3,2.4066859821491637
16,SCSA-SCSA_PLUS-SCSA_PLUS_V3,1367649223601238016,2,1,0.6817769041663367
16,SCSA-SCSA_PLUS-SCSA_PLUS_V3,1326736922199257089,3,1,0.6018545800708728
16,SCSA-SCSA_PLUS-SCSA_PLUS_V3,1368584215403655171,4,1,0.5599962101352517
16,SCSA-SCSA_PLUS-SCSA_PLUS_V3,1319343716801236992,5,5,-0.1767731835649707
16,SCSA-SCSA_PLUS-SCSA_PLUS_V3,1367531774012751878,6,1,-0.3312698622900431
16,SCSA-SCSA_PLUS-SCSA_PLUS_V3,1367170047081402380,7,1,-0.35459981167226234
16,SCSA-SCSA_PLUS-SCSA_PLUS_V3,1345510484213075968,8,1,-0.5505627448356328
16,SCSA-SCSA_PLUS-SCSA_PLUS_V3,1368561200754270210,9,1,-0.5872673388055657
16,SCSA-SCSA_PLUS-SCSA_PLUS_V3,1368933410085945345,10,1,-0.8245235739816595
17,SCSA-SCSA_PLUS-SCSA_PLUS_V3,1336793663792406530,1,2,2.6714144202875567
17,SCSA-SCSA_PLUS-SCSA_PLUS_V3,1337077938076979205,2,2,1.088804073713282
17,SCSA-SCSA_PLUS-SCSA_PLUS_V3,1354565152939544576,3,1,0.5293717744477001
17,SCSA-SCSA_PLUS-SCSA_PLUS_V3,1336596712857743361,4,1,0.36318511055724345
17,SCSA-SCSA_PLUS-SCSA_PLUS_V3,1369372321736232963,5,2,0.07742471896033629
17,SCSA-SCSA_PLUS-SCSA_PLUS_V3,1364607745270423556,6,5,-0.6917746542144274
17,SCSA-SCSA_PLUS-SCSA_PLUS_V3,1369337343270862853,7,1,-0.7378555336148017
17,SCSA-SCSA_PLUS-SCSA_PLUS_V3,1369383214062665731,8,2,-1.2026740193686212
17,SCSA-SCSA_PLUS-SCSA_PLUS_V3,1369386818169372680,9,2,-1.334465068837602
17,SCSA-SCSA_PLUS-SCSA_PLUS_V3,1367882927384768524,10,3,-1.5710434219908604
18,SCSA-SCSA_PLUS-SCSA_PLUS_V3,1349743109832372225,1,1,2.8209381409469247
18,SCSA-SCSA_PLUS-SCSA_PLUS_V3,1354118501653483523,2,1,2.044728839831383
18,SCSA-SCSA_PLUS-SCSA_PLUS_V3,1359941706951524353,3,1,1.7627686792230273
18,SCSA-SCSA_PLUS-SCSA_PLUS_V3,1360286991011639302,4,1,1.0307427218571363
18,SCSA-SCSA_PLUS-SCSA_PLUS_V3,1368297763524448256,5,2,0.8852252235484414
18,SCSA-SCSA_PLUS-SCSA_PLUS_V3,1358569998885785609,6,1,0.424484955335201
18,SCSA-SCSA_PLUS-SCSA_PLUS_V3,1362127981234188288,7,3,0.42074620027742793
18,SCSA-SCSA_PLUS-SCSA_PLUS_V3,1339525827118194689,8,4,0.21521418030591352
18,SCSA-SCSA_PLUS-SCSA_PLUS_V3,1182112257708306433,9,2,-0.16049419338306353
18,SCSA-SCSA_PLUS-SCSA_PLUS_V3,1366380504736534529,10,2,-0.6392436616745011
19,SCSA-SCSA_PLUS-SCSA_PLUS_V3,1352937076669476864,1,4,0.4804274370142707
19,SCSA-SCSA_PLUS-SCSA_PLUS_V3,1353672852747284480,2,4,-0.14917337648383971
19,SCSA-SCSA_PLUS-SCSA_PLUS_V3,1352554075657801732,3,4,-0.4659285255426969
19,SCSA-SCSA_PLUS-SCSA_PLUS_V3,1369355243406954501,4,4,-0.7380823695008286
19,SCSA-SCSA_PLUS-SCSA_PLUS_V3,1364851499042537474,5,4,-0.9737132945934601
19,SCSA-SCSA_PLUS-SCSA_PLUS_V3,1369395335769038849,6,4,-1.3015155120441153
19,SCSA-SCSA_PLUS-SCSA_PLUS_V3,1369441382973272064,7,3,-1.523554971359398
19,SCSA-SCSA_PLUS-SCSA_PLUS_V3,1369015794248671233,8,4,-1.6838089616990273
19,SCSA-SCSA_PLUS-SCSA_PLUS_V3,1369495249417101312,9,4,-2.9597096331748514
19,SCSA-SCSA_PLUS-SCSA_PLUS_V3,1369315042236174343,10,4,-3.639470760120057
20,SCSA-SCSA_PLUS-SCSA_PLUS_V3,1364697022847209478,1,1,0.8433138078902067
20,SCSA-SCSA_PLUS-SCSA_PLUS_V3,1368760443498532864,2,2,0.47805189109181506
20,SCSA-SCSA_PLUS-SCSA_PLUS_V3,1362196066431627265,3,1,0.3054419606674876
20,SCSA-SCSA_PLUS-SCSA_PLUS_V3,1339525827118194689,4,1,0.21521418030591352
20,SCSA-SCSA_PLUS-SCSA_PLUS_V3,1367497561645457427,5,1,0.12966280762045687
20,SCSA-SCSA_PLUS-SCSA_PLUS_V3,1367496989215248388,6,2,-0.191740599063149
20,SCSA-SCSA_PLUS-SCSA_PLUS_V3,1368777274506571779,7,1,-0.4039716245589416
20,SCSA-SCSA_PLUS-SCSA_PLUS_V3,1368561200754270210,8,4,-0.5872673388055657
20,SCSA-SCSA_PLUS-SCSA_PLUS_V3,1361046993158692866,9,1,-0.7281489316028963
20,SCSA-SCSA_PLUS-SCSA_PLUS_V3,1369458171467591683,10,5,-1.6653362026071827
21,SCSA-SCSA_PLUS-SCSA_PLUS_V3,1336793663792406530,1,3,2.6714144202875567
21,SCSA-SCSA_PLUS-SCSA_PLUS_V3,1354118501653483523,2,2,2.044728839831383
21,SCSA-SCSA_PLUS-SCSA_PLUS_V3,1365327872643260420,3,1,1.9736484846794227
21,SCSA-SCSA_PLUS-SCSA_PLUS_V3,1337077938076979205,4,1,1.088804073713282
21,SCSA-SCSA_PLUS-SCSA_PLUS_V3,1367315410106736640,5,1,0.5127916549478541
21,SCSA-SCSA_PLUS-SCSA_PLUS_V3,1368286394792046596,6,1,-0.2562375596577508
21,SCSA-SCSA_PLUS-SCSA_PLUS_V3,1363941648812675075,7,4,-0.40614885358431063
21,SCSA-SCSA_PLUS-SCSA_PLUS_V3,1364607745270423556,8,1,-0.6917746542144274
21,SCSA-SCSA_PLUS-SCSA_PLUS_V3,1369383214062665731,9,1,-1.2026740193686212
21,SCSA-SCSA_PLUS-SCSA_PLUS_V3,1367894335233142789,10,3,-1.7989287136111398
22,SCSA-SCSA_PLUS-SCSA_PLUS_V3,1369034842222985216,1,5,1.3579494760277242
22,SCSA-SCSA_PLUS-SCSA_PLUS_V3,1367604109113655297,2,3,0.7750237539492242
22,SCSA-SCSA_PLUS-SCSA_PLUS_V3,1367315410106736640,3,1,0.5127916549478541
22,SCSA-SCSA_PLUS-SCSA_PLUS_V3,1369017812165881859,4,2,0.46107479684012687
22,SCSA-SCSA_PLUS-SCSA_PLUS_V3,1367930915733835777,5,5,-0.14585489420627865
22,SCSA-SCSA_PLUS-SCSA_PLUS_V3,1368286394792046596,6,2,-0.2562375596577508
22,SCSA-SCSA_PLUS-SCSA_PLUS_V3,1363941648812675075,7,5,-0.40614885358431063
22,SCSA-SCSA_PLUS-SCSA_PLUS_V3,1367912923641737216,8,4,-0.5414017634726082
22,SCSA-SCSA_PLUS-SCSA_PLUS_V3,1367894335233142789,9,5,-1.7989287136111398
22,SCSA-SCSA_PLUS-SCSA_PLUS_V3,1369441796925886465,10,4,-2.038859345145162
23,SCSA-SCSA_PLUS-SCSA_PLUS_V3,1365416645624143873,1,3,2.4717959298546774
23,SCSA-SCSA_PLUS-SCSA_PLUS_V3,1358843677582401536,2,3,1.6418753577979033
23,SCSA-SCSA_PLUS-SCSA_PLUS_V3,1337463904566456320,3,3,1.246704028276814
23,SCSA-SCSA_PLUS-SCSA_PLUS_V3,1357375687967997959,4,3,1.1651198867786141
23,SCSA-SCSA_PLUS-SCSA_PLUS_V3,1358843515149504514,5,3,0.8316723299406994
23,SCSA-SCSA_PLUS-SCSA_PLUS_V3,1351920546011893761,6,3,0.6898963199435365
23,SCSA-SCSA_PLUS-SCSA_PLUS_V3,1331741612402237443,7,3,0.5624473610952869
23,SCSA-SCSA_PLUS-SCSA_PLUS_V3,1331744604891344896,8,3,0.17528638066983188
23,SCSA-SCSA_PLUS-SCSA_PLUS_V3,1353502767352926208,9,3,-0.053388971030963905
23,SCSA-SCSA_PLUS-SCSA_PLUS_V3,1290659734639521798,10,3,-0.2535422406601806
24,SCSA-SCSA_PLUS-SCSA_PLUS_V3,1336793663792406530,1,5,2.6714144202875567
24,SCSA-SCSA_PLUS-SCSA_PLUS_V3,1365320876510560258,2,5,1.9819255746385516
24,SCSA-SCSA_PLUS-SCSA_PLUS_V3,1337077938076979205,3,3,1.088804073713282
24,SCSA-SCSA_PLUS-SCSA_PLUS_V3,1336596712857743361,4,3,0.36318511055724345
24,SCSA-SCSA_PLUS-SCSA_PLUS_V3,1369372321736232963,5,4,0.07742471896033629
24,SCSA-SCSA_PLUS-SCSA_PLUS_V3,1369307525489844228,6,2,-0.024534822767984677
24,SCSA-SCSA_PLUS-SCSA_PLUS_V3,1369337343270862853,7,4,-0.7378555336148017
24,SCSA-SCSA_PLUS-SCSA_PLUS_V3,1369383214062665731,8,3,-1.2026740193686212
24,SCSA-SCSA_PLUS-SCSA_PLUS_V3,1369386818169372680,9,3,-1.334465068837602
24,SCSA-SCSA_PLUS-SCSA_PLUS_V3,1367882927384768524,10,5,-1.5710434219908604
25,SCSA-SCSA_PLUS-SCSA_PLUS_V3,1352937076669476864,1,4,0.4804274370142707
25,SCSA-SCSA_PLUS-SCSA_PLUS_V3,1352554075657801732,2,2,-0.4659285255426969
25,SCSA-SCSA_PLUS-SCSA_PLUS_V3,1368622654870192131,3,4,-0.8266309529068743
25,SCSA-SCSA_PLUS-SCSA_PLUS_V3,1364851499042537474,4,5,-0.9737132945934601
25,SCSA-SCSA_PLUS-SCSA_PLUS_V3,1369226601972563972,5,4,-1.452492026134038
25,SCSA-SCSA_PLUS-SCSA_PLUS_V3,1369441382973272064,6,5,-1.523554971359398
25,SCSA-SCSA_PLUS-SCSA_PLUS_V3,1369438033892806663,7,4,-1.5743066733298112
25,SCSA-SCSA_PLUS-SCSA_PLUS_V3,1369619124318580736,8,4,-1.6646792448280587
25,SCSA-SCSA_PLUS-SCSA_PLUS_V3,1369458171467591683,9,5,-1.6653362026071827
25,SCSA-SCSA_PLUS-SCSA_PLUS_V3,1369495249417101312,10,5,-2.9597096331748514
26,SCSA-SCSA_PLUS-SCSA_PLUS_V3,1359932980974657536,1,4,1.4447248577000005
26,SCSA-SCSA_PLUS-SCSA_PLUS_V3,1321455751567532032,2,3,0.309182033188763
26,SCSA-SCSA_PLUS-SCSA_PLUS_V3,1362069293790162946,3,4,0.18921145095492575
26,SCSA-SCSA_PLUS-SCSA_PLUS_V3,1333873034114064385,4,3,0.13362266922772295
26,SCSA-SCSA_PLUS-SCSA_PLUS_V3,1320142365038817281,5,3,-0.26444635194562044
26,SCSA-SCSA_PLUS-SCSA_PLUS_V3,1352554075657801732,6,1,-0.4659285255426969
26,SCSA-SCSA_PLUS-SCSA_PLUS_V3,1368622654870192131,7,3,-0.8266309529068743
26,SCSA-SCSA_PLUS-SCSA_PLUS_V3,1338592930022363139,8,3,-0.9213822114451771
26,SCSA-SCSA_PLUS-SCSA_PLUS_V3,1369226601972563972,9,3,-1.452492026134038
26,SCSA-SCSA_PLUS-SCSA_PLUS_V3,1369458171467591683,10,4,-1.6653362026071827
27,SCSA-SCSA_PLUS-SCSA_PLUS_V3,1352937076669476864,1,4,0.4804274370142707
27,SCSA-SCSA_PLUS-SCSA_PLUS_V3,1352554075657801732,2,5,-0.4659285255426969
27,SCSA-SCSA_PLUS-SCSA_PLUS_V3,1368622654870192131,3,5,-0.8266309529068743
27,SCSA-SCSA_PLUS-SCSA_PLUS_V3,1364851499042537474,4,4,-0.9737132945934601
27,SCSA-SCSA_PLUS-SCSA_PLUS_V3,1369226601972563972,5,5,-1.452492026134038
27,SCSA-SCSA_PLUS-SCSA_PLUS_V3,1369441382973272064,6,5,-1.523554971359398
27,SCSA-SCSA_PLUS-SCSA_PLUS_V3,1369438033892806663,7,4,-1.5743066733298112
27,SCSA-SCSA_PLUS-SCSA_PLUS_V3,1369619124318580736,8,4,-1.6646792448280587
27,SCSA-SCSA_PLUS-SCSA_PLUS_V3,1369458171467591683,9,5,-1.6653362026071827
27,SCSA-SCSA_PLUS-SCSA_PLUS_V3,1369495249417101312,10,4,-2.9597096331748514
28,SCSA-SCSA_PLUS-SCSA_PLUS_V3,1336793663792406530,1,2,2.6714144202875567
28,SCSA-SCSA_PLUS-SCSA_PLUS_V3,1337077938076979205,2,1,1.088804073713282
28,SCSA-SCSA_PLUS-SCSA_PLUS_V3,1363551492486008834,3,1,0.5229277309207143
28,SCSA-SCSA_PLUS-SCSA_PLUS_V3,1339525827118194689,4,3,0.21521418030591352
28,SCSA-SCSA_PLUS-SCSA_PLUS_V3,1369372321736232963,5,1,0.07742471896033629
28,SCSA-SCSA_PLUS-SCSA_PLUS_V3,1364607745270423556,6,1,-0.6917746542144274
28,SCSA-SCSA_PLUS-SCSA_PLUS_V3,1369337343270862853,7,1,-0.7378555336148017
28,SCSA-SCSA_PLUS-SCSA_PLUS_V3,1369383214062665731,8,1,-1.2026740193686212
28,SCSA-SCSA_PLUS-SCSA_PLUS_V3,1369386818169372680,9,1,-1.334465068837602
28,SCSA-SCSA_PLUS-SCSA_PLUS_V3,1367882927384768524,10,5,-1.5710434219908604
29,SCSA-SCSA_PLUS-SCSA_PLUS_V3,1337022746824499203,1,4,3.93677533228313
29,SCSA-SCSA_PLUS-SCSA_PLUS_V3,1365416645624143873,2,3,2.4717959298546774
29,SCSA-SCSA_PLUS-SCSA_PLUS_V3,1366443197166096385,3,5,1.2734719164092647
29,SCSA-SCSA_PLUS-SCSA_PLUS_V3,1337463904566456320,4,3,1.246704028276814
29,SCSA-SCSA_PLUS-SCSA_PLUS_V3,1351920546011893761,5,3,0.6898963199435365
29,SCSA-SCSA_PLUS-SCSA_PLUS_V3,1367946026674352134,6,4,0.39118851181983516
29,SCSA-SCSA_PLUS-SCSA_PLUS_V3,1353502767352926208,7,3,-0.053388971030963905
29,SCSA-SCSA_PLUS-SCSA_PLUS_V3,1363941648812675075,8,4,-0.40614885358431063
29,SCSA-SCSA_PLUS-SCSA_PLUS_V3,1367947939579006979,9,5,-0.8898654880303295
29,SCSA-SCSA_PLUS-SCSA_PLUS_V3,1367894335233142789,10,4,-1.7989287136111398
30,SCSA-SCSA_PLUS-SCSA_PLUS_V3,1365320876510560258,1,5,1.9819255746385516
30,SCSA-SCSA_PLUS-SCSA_PLUS_V3,1367604109113655297,2,4,0.7750237539492242
30,SCSA-SCSA_PLUS-SCSA_PLUS_V3,1367315410106736640,3,4,0.5127916549478541
30,SCSA-SCSA_PLUS-SCSA_PLUS_V3,1369017812165881859,4,3,0.46107479684012687
30,SCSA-SCSA_PLUS-SCSA_PLUS_V3,1367930915733835777,5,4,-0.14585489420627865
30,SCSA-SCSA_PLUS-SCSA_PLUS_V3,1368286394792046596,6,4,-0.2562375596577508
30,SCSA-SCSA_PLUS-SCSA_PLUS_V3,1363941648812675075,7,5,-0.40614885358431063
30,SCSA-SCSA_PLUS-SCSA_PLUS_V3,1367912923641737216,8,4,-0.5414017634726082
30,SCSA-SCSA_PLUS-SCSA_PLUS_V3,1367565062328623104,9,3,-1.6537577116719466
30,SCSA-SCSA_PLUS-SCSA_PLUS_V3,1367894335233142789,10,4,-1.7989287136111398
31,SCSA-SCSA_PLUS-SCSA_PLUS_V3,1336793663792406530,1,3,2.6714144202875567
31,SCSA-SCSA_PLUS-SCSA_PLUS_V3,1364664823984779267,2,3,2.201653243197635
31,SCSA-SCSA_PLUS-SCSA_PLUS_V3,1283518830950510593,3,2,1.7155672291830406
31,SCSA-SCSA_PLUS-SCSA_PLUS_V3,1317810926133874689,4,3,1.5263867724606535
31,SCSA-SCSA_PLUS-SCSA_PLUS_V3,1337077938076979205,5,4,1.088804073713282
31,SCSA-SCSA_PLUS-SCSA_PLUS_V3,1369372321736232963,6,1,0.07742471896033629
31,SCSA-SCSA_PLUS-SCSA_PLUS_V3,1303840025000509448,7,2,-0.017574862197124605
31,SCSA-SCSA_PLUS-SCSA_PLUS_V3,1364607745270423556,8,4,-0.6917746542144274
31,SCSA-SCSA_PLUS-SCSA_PLUS_V3,1369383214062665731,9,2,-1.2026740193686212
31,SCSA-SCSA_PLUS-SCSA_PLUS_V3,1369386818169372680,10,4,-1.334465068837602
32,SCSA-SCSA_PLUS-SCSA_PLUS_V3,1365007905318133766,1,1,0.8388233040713567
32,SCSA-SCSA_PLUS-SCSA_PLUS_V3,1369292125641269258,2,3,0.7231138329417203
32,SCSA-SCSA_PLUS-SCSA_PLUS_V3,1366932843067277314,3,2,-0.1934741893759045
32,SCSA-SCSA_PLUS-SCSA_PLUS_V3,1361701236395958278,4,4,-0.407963752388452
32,SCSA-SCSA_PLUS-SCSA_PLUS_V3,1361388306106318857,5,2,-0.7042556358727347
32,SCSA-SCSA_PLUS-SCSA_PLUS_V3,1369030160943611907,6,1,-1.0580393819449574
32,SCSA-SCSA_PLUS-SCSA_PLUS_V3,1369441382973272064,7,3,-1.523554971359398
32,SCSA-SCSA_PLUS-SCSA_PLUS_V3,1366709656974942211,8,3,-1.5357891786995663
32,SCSA-SCSA_PLUS-SCSA_PLUS_V3,1369458171467591683,9,4,-1.6653362026071827
32,SCSA-SCSA_PLUS-SCSA_PLUS_V3,1364579317964034050,10,2,-1.7943956998005064
33,SCSA-SCSA_PLUS-SCSA_PLUS_V3,1368622654870192131,1,4,-0.8266309529068743
33,SCSA-SCSA_PLUS-SCSA_PLUS_V3,1369395335769038849,2,3,-1.3015155120441153
33,SCSA-SCSA_PLUS-SCSA_PLUS_V3,1369226601972563972,3,4,-1.452492026134038
33,SCSA-SCSA_PLUS-SCSA_PLUS_V3,1369441382973272064,4,4,-1.523554971359398
33,SCSA-SCSA_PLUS-SCSA_PLUS_V3,1369438033892806663,5,4,-1.5743066733298112
33,SCSA-SCSA_PLUS-SCSA_PLUS_V3,1369619124318580736,6,4,-1.6646792448280587
33,SCSA-SCSA_PLUS-SCSA_PLUS_V3,1369458171467591683,7,3,-1.6653362026071827
33,SCSA-SCSA_PLUS-SCSA_PLUS_V3,1369015794248671233,8,4,-1.6838089616990273
33,SCSA-SCSA_PLUS-SCSA_PLUS_V3,1369495249417101312,9,4,-2.9597096331748514
33,SCSA-SCSA_PLUS-SCSA_PLUS_V3,1369315042236174343,10,3,-3.639470760120057
34,SCSA-SCSA_PLUS-SCSA_PLUS_V3,1368622654870192131,1,2,-0.8266309529068743
34,SCSA-SCSA_PLUS-SCSA_PLUS_V3,1369395335769038849,2,4,-1.3015155120441153
34,SCSA-SCSA_PLUS-SCSA_PLUS_V3,1369226601972563972,3,2,-1.452492026134038
34,SCSA-SCSA_PLUS-SCSA_PLUS_V3,1369441382973272064,4,4,-1.523554971359398
34,SCSA-SCSA_PLUS-SCSA_PLUS_V3,1369438033892806663,5,4,-1.5743066733298112
34,SCSA-SCSA_PLUS-SCSA_PLUS_V3,1369619124318580736,6,4,-1.6646792448280587
34,SCSA-SCSA_PLUS-SCSA_PLUS_V3,1369458171467591683,7,2,-1.6653362026071827
34,SCSA-SCSA_PLUS-SCSA_PLUS_V3,1369015794248671233,8,2,-1.6838089616990273
34,SCSA-SCSA_PLUS-SCSA_PLUS_V3,1369495249417101312,9,3,-2.9597096331748514
34,SCSA-SCSA_PLUS-SCSA_PLUS_V3,1369315042236174343,10,4,-3.639470760120057
35,SCSA-SCSA_PLUS-SCSA_PLUS_V3,1364697022847209478,1,3,0.8433138078902067
35,SCSA-SCSA_PLUS-SCSA_PLUS_V3,1368760443498532864,2,2,0.47805189109181506
35,SCSA-SCSA_PLUS-SCSA_PLUS_V3,1362196066431627265,3,3,0.3054419606674876
35,SCSA-SCSA_PLUS-SCSA_PLUS_V3,1339525827118194689,4,3,0.21521418030591352
35,SCSA-SCSA_PLUS-SCSA_PLUS_V3,1353672852747284480,5,2,-0.14917337648383971
35,SCSA-SCSA_PLUS-SCSA_PLUS_V3,1367496989215248388,6,2,-0.191740599063149
35,SCSA-SCSA_PLUS-SCSA_PLUS_V3,1368744769686540290,7,2,-0.30398017648422365
35,SCSA-SCSA_PLUS-SCSA_PLUS_V3,1368777274506571779,8,1,-0.4039716245589416
35,SCSA-SCSA_PLUS-SCSA_PLUS_V3,1362484293650567168,9,3,-0.7322059219985054
35,SCSA-SCSA_PLUS-SCSA_PLUS_V3,1369458171467591683,10,1,-1.6653362026071827
36,SCSA-SCSA_PLUS-SCSA_PLUS_V3,1336793663792406530,1,5,2.6714144202875567
36,SCSA-SCSA_PLUS-SCSA_PLUS_V3,1359932980974657536,2,5,1.4447248577000005
36,SCSA-SCSA_PLUS-SCSA_PLUS_V3,1337077938076979205,3,5,1.088804073713282
36,SCSA-SCSA_PLUS-SCSA_PLUS_V3,1321455751567532032,4,5,0.309182033188763
36,SCSA-SCSA_PLUS-SCSA_PLUS_V3,1362069293790162946,5,4,0.18921145095492575
36,SCSA-SCSA_PLUS-SCSA_PLUS_V3,1333873034114064385,6,5,0.13362266922772295
36,SCSA-SCSA_PLUS-SCSA_PLUS_V3,1343729046891347968,7,3,-0.5831723739274758
36,SCSA-SCSA_PLUS-SCSA_PLUS_V3,1364607745270423556,8,5,-0.6917746542144274
36,SCSA-SCSA_PLUS-SCSA_PLUS_V3,1347619092417548288,9,5,-1.5254769823729484
36,SCSA-SCSA_PLUS-SCSA_PLUS_V3,1367894335233142789,10,3,-1.7989287136111398
37,SCSA-SCSA_PLUS-SCSA_PLUS_V3,1365416645624143873,1,2,2.4717959298546774
37,SCSA-SCSA_PLUS-SCSA_PLUS_V3,1354118501653483523,2,1,2.044728839831383
37,SCSA-SCSA_PLUS-SCSA_PLUS_V3,1337463904566456320,3,4,1.246704028276814
37,SCSA-SCSA_PLUS-SCSA_PLUS_V3,1357375687967997959,4,3,1.1651198867786141
37,SCSA-SCSA_PLUS-SCSA_PLUS_V3,1351920546011893761,5,4,0.6898963199435365
37,SCSA-SCSA_PLUS-SCSA_PLUS_V3,1339525827118194689,6,5,0.21521418030591352
37,SCSA-SCSA_PLUS-SCSA_PLUS_V3,1368984433026596867,7,3,0.18810878772294387
37,SCSA-SCSA_PLUS-SCSA_PLUS_V3,1331744604891344896,8,4,0.17528638066983188
37,SCSA-SCSA_PLUS-SCSA_PLUS_V3,1353502767352926208,9,3,-0.053388971030963905
37,SCSA-SCSA_PLUS-SCSA_PLUS_V3,1364321423901085698,10,1,-0.6454044471789697
38,SCSA-SCSA_PLUS-SCSA_PLUS_V3,1365007905318133766,1,4,0.8388233040713567
38,SCSA-SCSA_PLUS-SCSA_PLUS_V3,1369292125641269258,2,4,0.7231138329417203
38,SCSA-SCSA_PLUS-SCSA_PLUS_V3,1366932843067277314,3,4,-0.1934741893759045
38,SCSA-SCSA_PLUS-SCSA_PLUS_V3,1361701236395958278,4,4,-0.407963752388452
38,SCSA-SCSA_PLUS-SCSA_PLUS_V3,1361388306106318857,5,4,-0.7042556358727347
38,SCSA-SCSA_PLUS-SCSA_PLUS_V3,1359577321695547392,6,4,-1.0250458628988153
38,SCSA-SCSA_PLUS-SCSA_PLUS_V3,1369030160943611907,7,4,-1.0580393819449574
38,SCSA-SCSA_PLUS-SCSA_PLUS_V3,1369395335769038849,8,4,-1.3015155120441153
38,SCSA-SCSA_PLUS-SCSA_PLUS_V3,1366709656974942211,9,4,-1.5357891786995663
38,SCSA-SCSA_PLUS-SCSA_PLUS_V3,1364579317964034050,10,3,-1.7943956998005064
39,SCSA-SCSA_PLUS-SCSA_PLUS_V3,1364664823984779267,1,4,2.201653243197635
39,SCSA-SCSA_PLUS-SCSA_PLUS_V3,1283518830950510593,2,5,1.7155672291830406
39,SCSA-SCSA_PLUS-SCSA_PLUS_V3,1317810926133874689,3,5,1.5263867724606535
39,SCSA-SCSA_PLUS-SCSA_PLUS_V3,1369034842222985216,4,5,1.3579494760277242
39,SCSA-SCSA_PLUS-SCSA_PLUS_V3,1367315410106736640,5,5,0.5127916549478541
39,SCSA-SCSA_PLUS-SCSA_PLUS_V3,1369017812165881859,6,5,0.46107479684012687
39,SCSA-SCSA_PLUS-SCSA_PLUS_V3,1318667750408036352,7,5,-0.13230145469562932
39,SCSA-SCSA_PLUS-SCSA_PLUS_V3,1368286394792046596,8,5,-0.2562375596577508
39,SCSA-SCSA_PLUS-SCSA_PLUS_V3,1363941648812675075,9,4,-0.40614885358431063
39,SCSA-SCSA_PLUS-SCSA_PLUS_V3,1367894335233142789,10,4,-1.7989287136111398
40,SCSA-SCSA_PLUS-SCSA_PLUS_V3,1365416645624143873,1,5,2.4717959298546774
40,SCSA-SCSA_PLUS-SCSA_PLUS_V3,1358843677582401536,2,2,1.6418753577979033
40,SCSA-SCSA_PLUS-SCSA_PLUS_V3,1337463904566456320,3,3,1.246704028276814
40,SCSA-SCSA_PLUS-SCSA_PLUS_V3,1357375687967997959,4,5,1.1651198867786141
40,SCSA-SCSA_PLUS-SCSA_PLUS_V3,1358843515149504514,5,2,0.8316723299406994
40,SCSA-SCSA_PLUS-SCSA_PLUS_V3,1351920546011893761,6,5,0.6898963199435365
40,SCSA-SCSA_PLUS-SCSA_PLUS_V3,1331741612402237443,7,5,0.5624473610952869
40,SCSA-SCSA_PLUS-SCSA_PLUS_V3,1354565152939544576,8,1,0.5293717744477001
40,SCSA-SCSA_PLUS-SCSA_PLUS_V3,1331744604891344896,9,2,0.17528638066983188
40,SCSA-SCSA_PLUS-SCSA_PLUS_V3,1353502767352926208,10,2,-0.053388971030963905
41,SCSA-SCSA_PLUS-SCSA_PLUS_V3,1365416645624143873,1,2,2.4717959298546774
41,SCSA-SCSA_PLUS-SCSA_PLUS_V3,1337463904566456320,2,1,1.246704028276814
41,SCSA-SCSA_PLUS-SCSA_PLUS_V3,1357375687967997959,3,2,1.1651198867786141
41,SCSA-SCSA_PLUS-SCSA_PLUS_V3,1358843515149504514,4,1,0.8316723299406994
41,SCSA-SCSA_PLUS-SCSA_PLUS_V3,1351920546011893761,5,2,0.6898963199435365
41,SCSA-SCSA_PLUS-SCSA_PLUS_V3,1331741612402237443,6,1,0.5624473610952869
41,SCSA-SCSA_PLUS-SCSA_PLUS_V3,1339525827118194689,7,4,0.21521418030591352
41,SCSA-SCSA_PLUS-SCSA_PLUS_V3,1331744604891344896,8,1,0.17528638066983188
41,SCSA-SCSA_PLUS-SCSA_PLUS_V3,1353502767352926208,9,1,-0.053388971030963905
41,SCSA-SCSA_PLUS-SCSA_PLUS_V3,1367894335233142789,10,3,-1.7989287136111398
42,SCSA-SCSA_PLUS-SCSA_PLUS_V3,1369034842222985216,1,1,1.3579494760277242
42,SCSA-SCSA_PLUS-SCSA_PLUS_V3,1367949455262060544,2,2,0.9441317443746262
42,SCSA-SCSA_PLUS-SCSA_PLUS_V3,1367315410106736640,3,1,0.5127916549478541
42,SCSA-SCSA_PLUS-SCSA_PLUS_V3,1367946026674352134,4,5,0.39118851181983516
42,SCSA-SCSA_PLUS-SCSA_PLUS_V3,1368286394792046596,5,1,-0.2562375596577508
42,SCSA-SCSA_PLUS-SCSA_PLUS_V3,1363941648812675075,6,5,-0.40614885358431063
42,SCSA-SCSA_PLUS-SCSA_PLUS_V3,1288988861092245505,7,1,-0.5143783629706339
42,SCSA-SCSA_PLUS-SCSA_PLUS_V3,1354545532044075013,8,2,-0.6354463998481974
42,SCSA-SCSA_PLUS-SCSA_PLUS_V3,1367947939579006979,9,5,-0.8898654880303295
42,SCSA-SCSA_PLUS-SCSA_PLUS_V3,1367894335233142789,10,5,-1.7989287136111398
43,SCSA-SCSA_PLUS-SCSA_PLUS_V3,1365416645624143873,1,3,2.4717959298546774
43,SCSA-SCSA_PLUS-SCSA_PLUS_V3,1358843677582401536,2,5,1.6418753577979033
43,SCSA-SCSA_PLUS-SCSA_PLUS_V3,1337463904566456320,3,3,1.246704028276814
43,SCSA-SCSA_PLUS-SCSA_PLUS_V3,1357375687967997959,4,3,1.1651198867786141
43,SCSA-SCSA_PLUS-SCSA_PLUS_V3,1358843515149504514,5,3,0.8316723299406994
43,SCSA-SCSA_PLUS-SCSA_PLUS_V3,1351920546011893761,6,3,0.6898963199435365
43,SCSA-SCSA_PLUS-SCSA_PLUS_V3,1331741612402237443,7,5,0.5624473610952869
43,SCSA-SCSA_PLUS-SCSA_PLUS_V3,1331744604891344896,8,3,0.17528638066983188
43,SCSA-SCSA_PLUS-SCSA_PLUS_V3,1353502767352926208,9,5,-0.053388971030963905
43,SCSA-SCSA_PLUS-SCSA_PLUS_V3,1368933410085945345,10,3,-0.8245235739816595
44,SCSA-SCSA_PLUS-SCSA_PLUS_V3,1364664823984779267,1,3,2.201653243197635
44,SCSA-SCSA_PLUS-SCSA_PLUS_V3,1283518830950510593,2,5,1.7155672291830406
44,SCSA-SCSA_PLUS-SCSA_PLUS_V3,1317810926133874689,3,5,1.5263867724606535
44,SCSA-SCSA_PLUS-SCSA_PLUS_V3,1368217898095964166,4,5,0.5395486329875457
44,SCSA-SCSA_PLUS-SCSA_PLUS_V3,1317811466339221509,5,4,0.41676185131976534
44,SCSA-SCSA_PLUS-SCSA_PLUS_V3,1327398719789150214,6,5,0.34220993144944506
44,SCSA-SCSA_PLUS-SCSA_PLUS_V3,1339525827118194689,7,5,0.21521418030591352
44,SCSA-SCSA_PLUS-SCSA_PLUS_V3,1303840025000509448,8,3,-0.017574862197124605
44,SCSA-SCSA_PLUS-SCSA_PLUS_V3,1291862297665626112,9,5,-0.03464420093323811
44,SCSA-SCSA_PLUS-SCSA_PLUS_V3,1368777274506571779,10,2,-0.4039716245589416
45,SCSA-SCSA_PLUS-SCSA_PLUS_V3,1340409077751566338,1,3,0.6938726531847438
45,SCSA-SCSA_PLUS-SCSA_PLUS_V3,1234157609395146753,2,3,0.44958486153410226
45,SCSA-SCSA_PLUS-SCSA_PLUS_V3,1328417466272321537,3,5,0.3313355678529376
45,SCSA-SCSA_PLUS-SCSA_PLUS_V3,1334044250942676993,4,4,0.030149179368733535
45,SCSA-SCSA_PLUS-SCSA_PLUS_V3,1350843455128399879,5,3,-0.011798914984767716
45,SCSA-SCSA_PLUS-SCSA_PLUS_V3,1319343716801236992,6,5,-0.1767731835649707
45,SCSA-SCSA_PLUS-SCSA_PLUS_V3,1167050866521780224,7,3,-0.7647160522990495
45,SCSA-SCSA_PLUS-SCSA_PLUS_V3,1367971795790397440,8,5,-1.1611131931339014
45,SCSA-SCSA_PLUS-SCSA_PLUS_V3,1351283213403095045,9,5,-1.4501094021068377
45,SCSA-SCSA_PLUS-SCSA_PLUS_V3,1319402828285108225,10,5,-2.269523039538623
46,SCSA-SCSA_PLUS-SCSA_PLUS_V3,1368622654870192131,1,3,-0.8266309529068743
46,SCSA-SCSA_PLUS-SCSA_PLUS_V3,1369395335769038849,2,3,-1.3015155120441153
46,SCSA-SCSA_PLUS-SCSA_PLUS_V3,1369226601972563972,3,3,-1.452492026134038
46,SCSA-SCSA_PLUS-SCSA_PLUS_V3,1369441382973272064,4,4,-1.523554971359398
46,SCSA-SCSA_PLUS-SCSA_PLUS_V3,1369438033892806663,5,4,-1.5743066733298112
46,SCSA-SCSA_PLUS-SCSA_PLUS_V3,1369619124318580736,6,4,-1.6646792448280587
46,SCSA-SCSA_PLUS-SCSA_PLUS_V3,1369458171467591683,7,4,-1.6653362026071827
46,SCSA-SCSA_PLUS-SCSA_PLUS_V3,1369015794248671233,8,3,-1.6838089616990273
46,SCSA-SCSA_PLUS-SCSA_PLUS_V3,1369495249417101312,9,4,-2.9597096331748514
46,SCSA-SCSA_PLUS-SCSA_PLUS_V3,1369315042236174343,10,3,-3.639470760120057
47,SCSA-SCSA_PLUS-SCSA_PLUS_V3,1337022746824499203,1,5,3.93677533228313
47,SCSA-SCSA_PLUS-SCSA_PLUS_V3,1365416645624143873,2,5,2.4717959298546774
47,SCSA-SCSA_PLUS-SCSA_PLUS_V3,1358843677582401536,3,5,1.6418753577979033
47,SCSA-SCSA_PLUS-SCSA_PLUS_V3,1337463904566456320,4,5,1.246704028276814
47,SCSA-SCSA_PLUS-SCSA_PLUS_V3,1357375687967997959,5,1,1.1651198867786141
47,SCSA-SCSA_PLUS-SCSA_PLUS_V3,1358843515149504514,6,5,0.8316723299406994
47,SCSA-SCSA_PLUS-SCSA_PLUS_V3,1351920546011893761,7,5,0.6898963199435365
47,SCSA-SCSA_PLUS-SCSA_PLUS_V3,1331741612402237443,8,5,0.5624473610952869
47,SCSA-SCSA_PLUS-SCSA_PLUS_V3,1331744604891344896,9,5,0.17528638066983188
47,SCSA-SCSA_PLUS-SCSA_PLUS_V3,1353502767352926208,10,5,-0.053388971030963905
48,SCSA-SCSA_PLUS-SCSA_PLUS_V3,1363181398908141579,1,3,2.046533426841739
48,SCSA-SCSA_PLUS-SCSA_PLUS_V3,1299756201509613568,2,3,2.0462513135603606
48,SCSA-SCSA_PLUS-SCSA_PLUS_V3,1368271872002035713,3,4,0.6466032091133875
48,SCSA-SCSA_PLUS-SCSA_PLUS_V3,1369367452661014538,4,4,0.34146011376841273
48,SCSA-SCSA_PLUS-SCSA_PLUS_V3,1368300490895818755,5,4,0.18578673411402896
48,SCSA-SCSA_PLUS-SCSA_PLUS_V3,1368494502336475136,6,4,0.035444443644588486
48,SCSA-SCSA_PLUS-SCSA_PLUS_V3,1325498916847153153,7,5,-0.12971056032184075
48,SCSA-SCSA_PLUS-SCSA_PLUS_V3,1347166067995660290,8,2,-1.074329339683618
48,SCSA-SCSA_PLUS-SCSA_PLUS_V3,1368177229285502976,9,4,-1.8713683566351638
48,SCSA-SCSA_PLUS-SCSA_PLUS_V3,1369441796925886465,10,5,-2.038859345145162
49,SCSA-SCSA_PLUS-SCSA_PLUS_V3,1363181398908141579,1,1,2.046533426841739
49,SCSA-SCSA_PLUS-SCSA_PLUS_V3,1299756201509613568,2,1,2.0462513135603606
49,SCSA-SCSA_PLUS-SCSA_PLUS_V3,1369297616245231638,3,1,1.0567199254874085
49,SCSA-SCSA_PLUS-SCSA_PLUS_V3,1322257265496334336,4,2,0.9800600550961632
49,SCSA-SCSA_PLUS-SCSA_PLUS_V3,1324374402750767104,5,5,0.8570444552028132
49,SCSA-SCSA_PLUS-SCSA_PLUS_V3,1368271872002035713,6,5,0.6466032091133875
49,SCSA-SCSA_PLUS-SCSA_PLUS_V3,1322257618178609153,7,5,0.03545709713094296
49,SCSA-SCSA_PLUS-SCSA_PLUS_V3,1368932010971004931,8,5,-0.4191673824872118
49,SCSA-SCSA_PLUS-SCSA_PLUS_V3,1369054744786989056,9,2,-1.0537963478592067
49,SCSA-SCSA_PLUS-SCSA_PLUS_V3,1368177229285502976,10,5,-1.8713683566351638
50,SCSA-SCSA_PLUS-SCSA_PLUS_V3,1367113993815547906,1,5,1.6262186286336613
50,SCSA-SCSA_PLUS-SCSA_PLUS_V3,1364697022847209478,2,5,0.8433138078902067
50,SCSA-SCSA_PLUS-SCSA_PLUS_V3,1368760443498532864,3,5,0.47805189109181506
50,SCSA-SCSA_PLUS-SCSA_PLUS_V3,1362196066431627265,4,4,0.3054419606674876
50,SCSA-SCSA_PLUS-SCSA_PLUS_V3,1339525827118194689,5,4,0.21521418030591352
50,SCSA-SCSA_PLUS-SCSA_PLUS_V3,1367497561645457427,6,3,0.12966280762045687
50,SCSA-SCSA_PLUS-SCSA_PLUS_V3,1368777274506571779,7,5,-0.4039716245589416
50,SCSA-SCSA_PLUS-SCSA_PLUS_V3,1368561200754270210,8,5,-0.5872673388055657
50,SCSA-SCSA_PLUS-SCSA_PLUS_V3,1361046993158692866,9,5,-0.7281489316028963
50,SCSA-SCSA_PLUS-SCSA_PLUS_V3,1369355243406954501,10,4,-0.7380823695008286
51,SCSA-SCSA_PLUS-SCSA_PLUS_V3,1354118501653483523,1,5,2.044728839831383
51,SCSA-SCSA_PLUS-SCSA_PLUS_V3,1369034842222985216,2,1,1.3579494760277242
51,SCSA-SCSA_PLUS-SCSA_PLUS_V3,1367315410106736640,3,1,0.5127916549478541
51,SCSA-SCSA_PLUS-SCSA_PLUS_V3,1369017812165881859,4,5,0.46107479684012687
51,SCSA-SCSA_PLUS-SCSA_PLUS_V3,1339525827118194689,5,5,0.21521418030591352
51,SCSA-SCSA_PLUS-SCSA_PLUS_V3,1368984433026596867,6,1,0.18810878772294387
51,SCSA-SCSA_PLUS-SCSA_PLUS_V3,1368286394792046596,7,1,-0.2562375596577508
51,SCSA-SCSA_PLUS-SCSA_PLUS_V3,1363941648812675075,8,1,-0.40614885358431063
51,SCSA-SCSA_PLUS-SCSA_PLUS_V3,1364321423901085698,9,1,-0.6454044471789697
51,SCSA-SCSA_PLUS-SCSA_PLUS_V3,1367894335233142789,10,1,-1.7989287136111398
53,SCSA-SCSA_PLUS-SCSA_PLUS_V3,1336793663792406530,1,1,2.6714144202875567
53,SCSA-SCSA_PLUS-SCSA_PLUS_V3,1365327872643260420,2,1,1.9736484846794227
53,SCSA-SCSA_PLUS-SCSA_PLUS_V3,1369034842222985216,3,1,1.3579494760277242
53,SCSA-SCSA_PLUS-SCSA_PLUS_V3,1337077938076979205,4,1,1.088804073713282
53,SCSA-SCSA_PLUS-SCSA_PLUS_V3,1367315410106736640,5,1,0.5127916549478541
53,SCSA-SCSA_PLUS-SCSA_PLUS_V3,1368286394792046596,6,1,-0.2562375596577508
53,SCSA-SCSA_PLUS-SCSA_PLUS_V3,1363941648812675075,7,1,-0.40614885358431063
53,SCSA-SCSA_PLUS-SCSA_PLUS_V3,1364607745270423556,8,1,-0.6917746542144274
53,SCSA-SCSA_PLUS-SCSA_PLUS_V3,1369383214062665731,9,1,-1.2026740193686212
53,SCSA-SCSA_PLUS-SCSA_PLUS_V3,1367894335233142789,10,1,-1.7989287136111398
54,SCSA-SCSA_PLUS-SCSA_PLUS_V3,1354118501653483523,1,4,2.044728839831383
54,SCSA-SCSA_PLUS-SCSA_PLUS_V3,1369034842222985216,2,4,1.3579494760277242
54,SCSA-SCSA_PLUS-SCSA_PLUS_V3,1367315410106736640,3,2,0.5127916549478541
54,SCSA-SCSA_PLUS-SCSA_PLUS_V3,1369017812165881859,4,3,0.46107479684012687
54,SCSA-SCSA_PLUS-SCSA_PLUS_V3,1339525827118194689,5,3,0.21521418030591352
54,SCSA-SCSA_PLUS-SCSA_PLUS_V3,1368984433026596867,6,3,0.18810878772294387
54,SCSA-SCSA_PLUS-SCSA_PLUS_V3,1368286394792046596,7,4,-0.2562375596577508
54,SCSA-SCSA_PLUS-SCSA_PLUS_V3,1363941648812675075,8,2,-0.40614885358431063
54,SCSA-SCSA_PLUS-SCSA_PLUS_V3,1364321423901085698,9,4,-0.6454044471789697
54,SCSA-SCSA_PLUS-SCSA_PLUS_V3,1367894335233142789,10,2,-1.7989287136111398
55,SCSA-SCSA_PLUS-SCSA_PLUS_V3,1363181398908141579,1,5,2.046533426841739
55,SCSA-SCSA_PLUS-SCSA_PLUS_V3,1299756201509613568,2,5,2.0462513135603606
55,SCSA-SCSA_PLUS-SCSA_PLUS_V3,1369367452661014538,3,5,0.34146011376841273
55,SCSA-SCSA_PLUS-SCSA_PLUS_V3,1368300490895818755,4,5,0.18578673411402896
55,SCSA-SCSA_PLUS-SCSA_PLUS_V3,1368494502336475136,5,5,0.035444443644588486
55,SCSA-SCSA_PLUS-SCSA_PLUS_V3,1325498916847153153,6,5,-0.12971056032184075
55,SCSA-SCSA_PLUS-SCSA_PLUS_V3,1346121159134343168,7,5,-0.5521551391049851
55,SCSA-SCSA_PLUS-SCSA_PLUS_V3,1368933410085945345,8,5,-0.8245235739816595
55,SCSA-SCSA_PLUS-SCSA_PLUS_V3,1347166067995660290,9,5,-1.074329339683618
55,SCSA-SCSA_PLUS-SCSA_PLUS_V3,1368177229285502976,10,5,-1.8713683566351638
57,SCSA-SCSA_PLUS-SCSA_PLUS_V3,1247840496569012225,1,4,2.997749026811075
57,SCSA-SCSA_PLUS-SCSA_PLUS_V3,1296511004063473667,2,5,2.2402381534929328
57,SCSA-SCSA_PLUS-SCSA_PLUS_V3,1291094964185825281,3,5,0.7327259748644572
57,SCSA-SCSA_PLUS-SCSA_PLUS_V3,1070275243552489472,4,4,0.7224250191672584
57,SCSA-SCSA_PLUS-SCSA_PLUS_V3,1238211420388569088,5,5,0.6437458864146457
57,SCSA-SCSA_PLUS-SCSA_PLUS_V3,764216312134590466,6,4,0.11435421607579405
57,SCSA-SCSA_PLUS-SCSA_PLUS_V3,1365047360934526982,7,4,0.07407384588798456
57,SCSA-SCSA_PLUS-SCSA_PLUS_V3,1319651956579762176,8,5,-0.09767418260017947
57,SCSA-SCSA_PLUS-SCSA_PLUS_V3,1369395335769038849,9,4,-1.3015155120441153
57,SCSA-SCSA_PLUS-SCSA_PLUS_V3,1369315042236174343,10,4,-3.639470760120057
58,SCSA-SCSA_PLUS-SCSA_PLUS_V3,1369034842222985216,1,5,1.3579494760277242
58,SCSA-SCSA_PLUS-SCSA_PLUS_V3,1367604109113655297,2,5,0.7750237539492242
58,SCSA-SCSA_PLUS-SCSA_PLUS_V3,1367315410106736640,3,5,0.5127916549478541
58,SCSA-SCSA_PLUS-SCSA_PLUS_V3,1369017812165881859,4,5,0.46107479684012687
58,SCSA-SCSA_PLUS-SCSA_PLUS_V3,1367930915733835777,5,4,-0.14585489420627865
58,SCSA-SCSA_PLUS-SCSA_PLUS_V3,1368286394792046596,6,5,-0.2562375596577508
58,SCSA-SCSA_PLUS-SCSA_PLUS_V3,1363941648812675075,7,5,-0.40614885358431063
58,SCSA-SCSA_PLUS-SCSA_PLUS_V3,1367912923641737216,8,5,-0.5414017634726082
58,SCSA-SCSA_PLUS-SCSA_PLUS_V3,1368641210533830657,9,5,-0.9731496315835763
58,SCSA-SCSA_PLUS-SCSA_PLUS_V3,1367894335233142789,10,5,-1.7989287136111398
60,SCSA-SCSA_PLUS-SCSA_PLUS_V3,1354118501653483523,1,5,2.044728839831383
60,SCSA-SCSA_PLUS-SCSA_PLUS_V3,1369034842222985216,2,5,1.3579494760277242
60,SCSA-SCSA_PLUS-SCSA_PLUS_V3,1367315410106736640,3,5,0.5127916549478541
60,SCSA-SCSA_PLUS-SCSA_PLUS_V3,1369017812165881859,4,5,0.46107479684012687
60,SCSA-SCSA_PLUS-SCSA_PLUS_V3,1339525827118194689,5,5,0.21521418030591352
60,SCSA-SCSA_PLUS-SCSA_PLUS_V3,1368984433026596867,6,5,0.18810878772294387
60,SCSA-SCSA_PLUS-SCSA_PLUS_V3,1368286394792046596,7,5,-0.2562375596577508
60,SCSA-SCSA_PLUS-SCSA_PLUS_V3,1363941648812675075,8,5,-0.40614885358431063
60,SCSA-SCSA_PLUS-SCSA_PLUS_V3,1364321423901085698,9,5,-0.6454044471789697
60,SCSA-SCSA_PLUS-SCSA_PLUS_V3,1367894335233142789,10,5,-1.7989287136111398
61,SCSA-SCSA_PLUS-SCSA_PLUS_V3,1242143080616087552,1,2,2.1676722676063447
61,SCSA-SCSA_PLUS-SCSA_PLUS_V3,1354118501653483523,2,5,2.044728839831383
61,SCSA-SCSA_PLUS-SCSA_PLUS_V3,1367949455262060544,3,3,0.9441317443746262
61,SCSA-SCSA_PLUS-SCSA_PLUS_V3,1357706176864129027,4,2,0.7723147019508418
61,SCSA-SCSA_PLUS-SCSA_PLUS_V3,1358615407775649792,5,2,0.5359265244876907
61,SCSA-SCSA_PLUS-SCSA_PLUS_V3,1339525827118194689,6,3,0.21521418030591352
61,SCSA-SCSA_PLUS-SCSA_PLUS_V3,1368984433026596867,7,2,0.18810878772294387
61,SCSA-SCSA_PLUS-SCSA_PLUS_V3,1358610352313757697,8,3,-0.438281159945673
61,SCSA-SCSA_PLUS-SCSA_PLUS_V3,1288988861092245505,9,3,-0.5143783629706339
61,SCSA-SCSA_PLUS-SCSA_PLUS_V3,1364321423901085698,10,4,-0.6454044471789697
62,SCSA-SCSA_PLUS-SCSA_PLUS_V3,1336793663792406530,1,2,2.6714144202875567
62,SCSA-SCSA_PLUS-SCSA_PLUS_V3,1365416645624143873,2,3,2.4717959298546774
62,SCSA-SCSA_PLUS-SCSA_PLUS_V3,1365327872643260420,3,3,1.9736484846794227
62,SCSA-SCSA_PLUS-SCSA_PLUS_V3,1337463904566456320,4,3,1.246704028276814
62,SCSA-SCSA_PLUS-SCSA_PLUS_V3,1337077938076979205,5,3,1.088804073713282
62,SCSA-SCSA_PLUS-SCSA_PLUS_V3,1351920546011893761,6,3,0.6898963199435365
62,SCSA-SCSA_PLUS-SCSA_PLUS_V3,1331744604891344896,7,1,0.17528638066983188
62,SCSA-SCSA_PLUS-SCSA_PLUS_V3,1353502767352926208,8,3,-0.053388971030963905
62,SCSA-SCSA_PLUS-SCSA_PLUS_V3,1364607745270423556,9,3,-0.6917746542144274
62,SCSA-SCSA_PLUS-SCSA_PLUS_V3,1369383214062665731,10,2,-1.2026740193686212
63,SCSA-SCSA_PLUS-SCSA_PLUS_V3,1365007905318133766,1,5,0.8388233040713567
63,SCSA-SCSA_PLUS-SCSA_PLUS_V3,1366932843067277314,2,2,-0.1934741893759045
63,SCSA-SCSA_PLUS-SCSA_PLUS_V3,1361701236395958278,3,3,-0.407963752388452
63,SCSA-SCSA_PLUS-SCSA_PLUS_V3,1361388306106318857,4,3,-0.7042556358727347
63,SCSA-SCSA_PLUS-SCSA_PLUS_V3,1369030160943611907,5,5,-1.0580393819449574
63,SCSA-SCSA_PLUS-SCSA_PLUS_V3,1369441382973272064,6,2,-1.523554971359398
63,SCSA-SCSA_PLUS-SCSA_PLUS_V3,1369441382973272064,7,5,-1.523554971359398
63,SCSA-SCSA_PLUS-SCSA_PLUS_V3,1366709656974942211,8,4,-1.5357891786995663
63,SCSA-SCSA_PLUS-SCSA_PLUS_V3,1364579317964034050,9,5,-1.7943956998005064
63,SCSA-SCSA_PLUS-SCSA_PLUS_V3,1369495249417101312,10,5,-2.9597096331748514
66,SCSA-SCSA_PLUS-SCSA_PLUS_V3,1364664823984779267,1,5,2.201653243197635
66,SCSA-SCSA_PLUS-SCSA_PLUS_V3,1283518830950510593,2,2,1.7155672291830406
66,SCSA-SCSA_PLUS-SCSA_PLUS_V3,1368217898095964166,3,5,0.5395486329875457
66,SCSA-SCSA_PLUS-SCSA_PLUS_V3,1317811466339221509,4,3,0.41676185131976534
66,SCSA-SCSA_PLUS-SCSA_PLUS_V3,1321799645652307969,5,5,0.3511901373638698
66,SCSA-SCSA_PLUS-SCSA_PLUS_V3,1327398719789150214,6,2,0.34220993144944506
66,SCSA-SCSA_PLUS-SCSA_PLUS_V3,1365629350721249281,7,5,0.07713175051477816
66,SCSA-SCSA_PLUS-SCSA_PLUS_V3,1303840025000509448,8,4,-0.017574862197124605
66,SCSA-SCSA_PLUS-SCSA_PLUS_V3,1291862297665626112,9,2,-0.03464420093323811
66,SCSA-SCSA_PLUS-SCSA_PLUS_V3,1308893236723953665,10,5,-1.4537659944140655
68,SCSA-SCSA_PLUS-SCSA_PLUS_V3,1336793663792406530,1,5,2.6714144202875567
68,SCSA-SCSA_PLUS-SCSA_PLUS_V3,1360346403873181707,2,4,1.2136129422550426
68,SCSA-SCSA_PLUS-SCSA_PLUS_V3,1337077938076979205,3,5,1.088804073713282
68,SCSA-SCSA_PLUS-SCSA_PLUS_V3,1321455751567532032,4,5,0.309182033188763
68,SCSA-SCSA_PLUS-SCSA_PLUS_V3,1362069293790162946,5,5,0.18921145095492575
68,SCSA-SCSA_PLUS-SCSA_PLUS_V3,1333873034114064385,6,5,0.13362266922772295
68,SCSA-SCSA_PLUS-SCSA_PLUS_V3,1320142365038817281,7,5,-0.26444635194562044
68,SCSA-SCSA_PLUS-SCSA_PLUS_V3,1338592930022363139,8,5,-0.9213822114451771
68,SCSA-SCSA_PLUS-SCSA_PLUS_V3,1347619092417548288,9,5,-1.5254769823729484
68,SCSA-SCSA_PLUS-SCSA_PLUS_V3,1367882927384768524,10,3,-1.5710434219908604
70,SCSA-SCSA_PLUS-SCSA_PLUS_V3,1352937076669476864,1,3,0.4804274370142707
70,SCSA-SCSA_PLUS-SCSA_PLUS_V3,1352554075657801732,2,3,-0.4659285255426969
70,SCSA-SCSA_PLUS-SCSA_PLUS_V3,1368622654870192131,3,3,-0.8266309529068743
70,SCSA-SCSA_PLUS-SCSA_PLUS_V3,1364851499042537474,4,2,-0.9737132945934601
70,SCSA-SCSA_PLUS-SCSA_PLUS_V3,1369226601972563972,5,3,-1.452492026134038
70,SCSA-SCSA_PLUS-SCSA_PLUS_V3,1369441382973272064,6,5,-1.523554971359398
70,SCSA-SCSA_PLUS-SCSA_PLUS_V3,1369438033892806663,7,3,-1.5743066733298112
70,SCSA-SCSA_PLUS-SCSA_PLUS_V3,1369619124318580736,8,4,-1.6646792448280587
70,SCSA-SCSA_PLUS-SCSA_PLUS_V3,1369458171467591683,9,3,-1.6653362026071827
70,SCSA-SCSA_PLUS-SCSA_PLUS_V3,1369495249417101312,10,5,-2.9597096331748514
71,SCSA-SCSA_PLUS-SCSA_PLUS_V3,1336793663792406530,1,4,2.6714144202875567
71,SCSA-SCSA_PLUS-SCSA_PLUS_V3,1354118501653483523,2,4,2.044728839831383
71,SCSA-SCSA_PLUS-SCSA_PLUS_V3,1337077938076979205,3,4,1.088804073713282
71,SCSA-SCSA_PLUS-SCSA_PLUS_V3,1339525827118194689,4,5,0.21521418030591352
71,SCSA-SCSA_PLUS-SCSA_PLUS_V3,1368984433026596867,5,5,0.18810878772294387
71,SCSA-SCSA_PLUS-SCSA_PLUS_V3,1369372321736232963,6,5,0.07742471896033629
71,SCSA-SCSA_PLUS-SCSA_PLUS_V3,1364321423901085698,7,5,-0.6454044471789697
71,SCSA-SCSA_PLUS-SCSA_PLUS_V3,1364607745270423556,8,5,-0.6917746542144274
71,SCSA-SCSA_PLUS-SCSA_PLUS_V3,1369383214062665731,9,4,-1.2026740193686212
71,SCSA-SCSA_PLUS-SCSA_PLUS_V3,1369386818169372680,10,5,-1.334465068837602
72,SCSA-SCSA_PLUS-SCSA_PLUS_V3,1329861315624660993,1,5,0.022496863039828327
72,SCSA-SCSA_PLUS-SCSA_PLUS_V3,1356255352145272832,2,5,0.013096433422301454
72,SCSA-SCSA_PLUS-SCSA_PLUS_V3,1356662728111181824,3,5,-0.33102284672983556
72,SCSA-SCSA_PLUS-SCSA_PLUS_V3,1312137847378386944,4,5,-0.5241358315881505
72,SCSA-SCSA_PLUS-SCSA_PLUS_V3,1355169402128363523,5,5,-0.5271830385248677
72,SCSA-SCSA_PLUS-SCSA_PLUS_V3,1354446870312005635,6,5,-0.6887574181962871
72,SCSA-SCSA_PLUS-SCSA_PLUS_V3,1367532398825648130,7,5,-0.8426549645049464
72,SCSA-SCSA_PLUS-SCSA_PLUS_V3,1334873804582121475,8,5,-1.2282850111016024
72,SCSA-SCSA_PLUS-SCSA_PLUS_V3,1343929726579187713,9,5,-1.3210851099433676
72,SCSA-SCSA_PLUS-SCSA_PLUS_V3,1365767910543691777,10,5,-1.8994781434205041
73,SCSA-SCSA_PLUS-SCSA_PLUS_V3,1365007905318133766,1,4,0.8388233040713567
73,SCSA-SCSA_PLUS-SCSA_PLUS_V3,1369292125641269258,2,5,0.7231138329417203
73,SCSA-SCSA_PLUS-SCSA_PLUS_V3,1366932843067277314,3,1,-0.1934741893759045
73,SCSA-SCSA_PLUS-SCSA_PLUS_V3,1361701236395958278,4,1,-0.407963752388452
73,SCSA-SCSA_PLUS-SCSA_PLUS_V3,1361388306106318857,5,3,-0.7042556358727347
73,SCSA-SCSA_PLUS-SCSA_PLUS_V3,1369030160943611907,6,2,-1.0580393819449574
73,SCSA-SCSA_PLUS-SCSA_PLUS_V3,1369395335769038849,7,5,-1.3015155120441153
73,SCSA-SCSA_PLUS-SCSA_PLUS_V3,1366709656974942211,8,1,-1.5357891786995663
73,SCSA-SCSA_PLUS-SCSA_PLUS_V3,1369458171467591683,9,1,-1.6653362026071827
73,SCSA-SCSA_PLUS-SCSA_PLUS_V3,1364579317964034050,10,2,-1.7943956998005064
74,SCSA-SCSA_PLUS-SCSA_PLUS_V3,1368622654870192131,1,3,-0.8266309529068743
74,SCSA-SCSA_PLUS-SCSA_PLUS_V3,1369395335769038849,2,4,-1.3015155120441153
74,SCSA-SCSA_PLUS-SCSA_PLUS_V3,1369226601972563972,3,4,-1.452492026134038
74,SCSA-SCSA_PLUS-SCSA_PLUS_V3,1369441382973272064,4,4,-1.523554971359398
74,SCSA-SCSA_PLUS-SCSA_PLUS_V3,1369438033892806663,5,4,-1.5743066733298112
74,SCSA-SCSA_PLUS-SCSA_PLUS_V3,1369619124318580736,6,5,-1.6646792448280587
74,SCSA-SCSA_PLUS-SCSA_PLUS_V3,1369458171467591683,7,5,-1.6653362026071827
74,SCSA-SCSA_PLUS-SCSA_PLUS_V3,1369015794248671233,8,4,-1.6838089616990273
74,SCSA-SCSA_PLUS-SCSA_PLUS_V3,1369495249417101312,9,5,-2.9597096331748514
74,SCSA-SCSA_PLUS-SCSA_PLUS_V3,1369315042236174343,10,5,-3.639470760120057
76,SCSA-SCSA_PLUS-SCSA_PLUS_V3,1365416645624143873,1,2,2.4717959298546774
76,SCSA-SCSA_PLUS-SCSA_PLUS_V3,1358843677582401536,2,5,1.6418753577979033
76,SCSA-SCSA_PLUS-SCSA_PLUS_V3,1337463904566456320,3,2,1.246704028276814
76,SCSA-SCSA_PLUS-SCSA_PLUS_V3,1357375687967997959,4,2,1.1651198867786141
76,SCSA-SCSA_PLUS-SCSA_PLUS_V3,1358843515149504514,5,4,0.8316723299406994
76,SCSA-SCSA_PLUS-SCSA_PLUS_V3,1351920546011893761,6,2,0.6898963199435365
76,SCSA-SCSA_PLUS-SCSA_PLUS_V3,1331741612402237443,7,4,0.5624473610952869
76,SCSA-SCSA_PLUS-SCSA_PLUS_V3,1331744604891344896,8,2,0.17528638066983188
76,SCSA-SCSA_PLUS-SCSA_PLUS_V3,1353502767352926208,9,2,-0.053388971030963905
76,SCSA-SCSA_PLUS-SCSA_PLUS_V3,1290659734639521798,10,4,-0.2535422406601806
77,SCSA-SCSA_PLUS-SCSA_PLUS_V3,1352554075657801732,1,5,-0.4659285255426969
77,SCSA-SCSA_PLUS-SCSA_PLUS_V3,1368622654870192131,2,4,-0.8266309529068743
77,SCSA-SCSA_PLUS-SCSA_PLUS_V3,1364851499042537474,3,5,-0.9737132945934601
77,SCSA-SCSA_PLUS-SCSA_PLUS_V3,1369395335769038849,4,5,-1.3015155120441153
77,SCSA-SCSA_PLUS-SCSA_PLUS_V3,1369226601972563972,5,5,-1.452492026134038
77,SCSA-SCSA_PLUS-SCSA_PLUS_V3,1369438033892806663,6,5,-1.5743066733298112
77,SCSA-SCSA_PLUS-SCSA_PLUS_V3,1369619124318580736,7,5,-1.6646792448280587
77,SCSA-SCSA_PLUS-SCSA_PLUS_V3,1369458171467591683,8,4,-1.6653362026071827
77,SCSA-SCSA_PLUS-SCSA_PLUS_V3,1369015794248671233,9,5,-1.6838089616990273
77,SCSA-SCSA_PLUS-SCSA_PLUS_V3,1369315042236174343,10,3,-3.639470760120057
78,SCSA-SCSA_PLUS-SCSA_PLUS_V3,1366232555037462531,1,4,2.4066859821491637
78,SCSA-SCSA_PLUS-SCSA_PLUS_V3,1367649223601238016,2,2,0.6817769041663367
78,SCSA-SCSA_PLUS-SCSA_PLUS_V3,1326736922199257089,3,1,0.6018545800708728
78,SCSA-SCSA_PLUS-SCSA_PLUS_V3,1368584215403655171,4,1,0.5599962101352517
78,SCSA-SCSA_PLUS-SCSA_PLUS_V3,1319343716801236992,5,2,-0.1767731835649707
78,SCSA-SCSA_PLUS-SCSA_PLUS_V3,1367531774012751878,6,1,-0.3312698622900431
78,SCSA-SCSA_PLUS-SCSA_PLUS_V3,1367170047081402380,7,1,-0.35459981167226234
78,SCSA-SCSA_PLUS-SCSA_PLUS_V3,1345510484213075968,8,1,-0.5505627448356328
78,SCSA-SCSA_PLUS-SCSA_PLUS_V3,1368561200754270210,9,4,-0.5872673388055657
78,SCSA-SCSA_PLUS-SCSA_PLUS_V3,1368933410085945345,10,1,-0.8245235739816595
79,SCSA-SCSA_PLUS-SCSA_PLUS_V3,1364624807220948994,1,5,3.02914102513722
79,SCSA-SCSA_PLUS-SCSA_PLUS_V3,1366115959623331844,2,5,2.808047228397104
79,SCSA-SCSA_PLUS-SCSA_PLUS_V3,1362872757109809152,3,4,1.5033954443205968
79,SCSA-SCSA_PLUS-SCSA_PLUS_V3,1359932980974657536,4,4,1.4447248577000005
79,SCSA-SCSA_PLUS-SCSA_PLUS_V3,1360346403873181707,5,4,1.2136129422550426
79,SCSA-SCSA_PLUS-SCSA_PLUS_V3,1321455751567532032,6,5,0.309182033188763
79,SCSA-SCSA_PLUS-SCSA_PLUS_V3,1362069293790162946,7,5,0.18921145095492575
79,SCSA-SCSA_PLUS-SCSA_PLUS_V3,1333873034114064385,8,3,0.13362266922772295
79,SCSA-SCSA_PLUS-SCSA_PLUS_V3,1343729046891347968,9,5,-0.5831723739274758
79,SCSA-SCSA_PLUS-SCSA_PLUS_V3,1347619092417548288,10,5,-1.5254769823729484
81,SCSA-SCSA_PLUS-SCSA_PLUS_V3,1359932980974657536,1,5,1.4447248577000005
81,SCSA-SCSA_PLUS-SCSA_PLUS_V3,1369367467001315336,2,4,0.9445520503403014
81,SCSA-SCSA_PLUS-SCSA_PLUS_V3,1368501683219693570,3,5,0.6838604334919682
81,SCSA-SCSA_PLUS-SCSA_PLUS_V3,1368170081633644548,4,4,0.30667945565546284
81,SCSA-SCSA_PLUS-SCSA_PLUS_V3,1362069293790162946,5,5,0.18921145095492575
81,SCSA-SCSA_PLUS-SCSA_PLUS_V3,1333873034114064385,6,5,0.13362266922772295
81,SCSA-SCSA_PLUS-SCSA_PLUS_V3,1367497561645457427,7,5,0.12966280762045687
81,SCSA-SCSA_PLUS-SCSA_PLUS_V3,1368561200754270210,8,5,-0.5872673388055657
81,SCSA-SCSA_PLUS-SCSA_PLUS_V3,1367822755769573377,9,5,-1.0268240346221977
81,SCSA-SCSA_PLUS-SCSA_PLUS_V3,1369458171467591683,10,5,-1.6653362026071827
1,SCSA_PLUS,1189330936300756992,1,5,134920.21874142578
1,SCSA_PLUS,1151160990995746816,2,5,41119.23242595107
1,SCSA_PLUS,1364607745270423556,3,5,14565.146750784681
1,SCSA_PLUS,1338474408743215106,4,3,9183.617712134519
1,SCSA_PLUS,1312476369830338561,5,4,7951.917705515229
1,SCSA_PLUS,1298591876963078146,6,4,5677.762565792783
1,SCSA_PLUS,1343240225129168898,7,5,5348.498141946044
1,SCSA_PLUS,1339525827118194689,8,4,3887.419263280145
1,SCSA_PLUS,1336810117057179649,9,3,3686.3647174083862
1,SCSA_PLUS,1317842770816602114,10,3,3318.64509220273
2,SCSA_PLUS,1368785659066941440,1,4,12109.468816894041
2,SCSA_PLUS,1369985018878169089,2,3,2662.960386463125
2,SCSA_PLUS,1369498799673065473,3,4,1436.9814638059615
2,SCSA_PLUS,1367766039254163458,4,5,1235.5292622760137
2,SCSA_PLUS,1366709656974942211,5,5,1207.0441951194061
2,SCSA_PLUS,1365007905318133766,6,4,787.2150321488255
2,SCSA_PLUS,1362074171832958980,7,3,727.336261547019
2,SCSA_PLUS,1361701236395958278,8,4,714.3107672149162
2,SCSA_PLUS,1364579317964034050,9,5,618.9174904669693
2,SCSA_PLUS,1370003953598013450,10,3,477.5242600266508
3,SCSA_PLUS,1364607745270423556,1,2,14565.146750784681
3,SCSA_PLUS,1369325020258983936,2,3,1550.8602202397292
3,SCSA_PLUS,1365315820080009221,3,4,1240.7533394386414
3,SCSA_PLUS,1364666742916583427,4,3,888.2709121165096
3,SCSA_PLUS,1342995722761695232,5,2,779.3722845228244
3,SCSA_PLUS,1337077938076979205,6,3,629.1056239179003
3,SCSA_PLUS,1367521202042933249,7,5,453.6071446607348
3,SCSA_PLUS,1368659881260032001,8,3,368.5314781124977
3,SCSA_PLUS,1336793663792406530,9,3,219.38072871923873
3,SCSA_PLUS,1240704016046116865,10,4,202.07788416221317
4,SCSA_PLUS,1369343506939019269,1,5,3052.5694870533866
4,SCSA_PLUS,1369397597421645834,2,5,662.6453361764799
4,SCSA_PLUS,1369242094217404419,3,5,437.3897896322216
4,SCSA_PLUS,1369506070989836290,4,3,257.38501633884135
4,SCSA_PLUS,1369495249417101312,5,3,251.64971798627315
4,SCSA_PLUS,1369456737070313476,6,2,194.96076561930667
4,SCSA_PLUS,1369441382973272064,7,5,174.5604246560723
4,SCSA_PLUS,1369600439239458820,8,4,157.3357758830301
4,SCSA_PLUS,1369959855692337152,9,1,127.32413791512309
4,SCSA_PLUS,1369441796925886465,10,3,114.70384284457229
5,SCSA_PLUS,1369343506939019269,1,3,3052.5694870533866
5,SCSA_PLUS,1366709656974942211,2,3,1207.0441951194061
5,SCSA_PLUS,1365007905318133766,3,2,787.2150321488255
5,SCSA_PLUS,1362074171832958980,4,3,727.336261547019
5,SCSA_PLUS,1361701236395958278,5,2,714.3107672149162
5,SCSA_PLUS,1364579317964034050,6,3,618.9174904669693
5,SCSA_PLUS,1368685627303223297,7,3,482.60080402332244
5,SCSA_PLUS,1369242094217404419,8,5,437.3897896322216
5,SCSA_PLUS,1361388306106318857,9,2,364.4238776661783
5,SCSA_PLUS,1368975418741624833,10,5,358.5742265216529
6,SCSA_PLUS,1337020338916499463,1,2,91535.97878535106
6,SCSA_PLUS,1365416645624143873,2,3,79069.19757227854
6,SCSA_PLUS,1337022746824499203,3,2,76128.00602428085
6,SCSA_PLUS,1351920546011893761,4,2,74390.5475917714
6,SCSA_PLUS,1362083047785439239,5,4,52420.29798354695
6,SCSA_PLUS,1337463904566456320,6,2,43527.399345379476
6,SCSA_PLUS,1204026434739691520,7,5,30560.158153925717
6,SCSA_PLUS,1219085119971000320,8,3,18525.913932301937
6,SCSA_PLUS,1197158580333535232,9,4,15885.016458563845
6,SCSA_PLUS,1294010972055592962,10,3,15465.95044567157
7,SCSA_PLUS,1364607745270423556,1,2,14565.146750784681
7,SCSA_PLUS,1367862841907294209,2,4,9341.067660063727
7,SCSA_PLUS,1336810117057179649,3,4,3686.3647174083862
7,SCSA_PLUS,1368487188724350976,4,2,3682.276290531465
7,SCSA_PLUS,1368632782042333188,5,4,3636.5747592413472
7,SCSA_PLUS,1368909409775149064,6,4,3451.8474217604526
7,SCSA_PLUS,1336964656792035329,7,3,1743.8311047117008
7,SCSA_PLUS,1368501683219693570,8,3,1561.2515857043938
7,SCSA_PLUS,1369325020258983936,9,3,1550.8602202397292
7,SCSA_PLUS,1369087867939659782,10,3,1278.0589562926086
8,SCSA_PLUS,1359964129532862464,1,4,209440.79215303974
8,SCSA_PLUS,1360637255132434433,2,4,199259.5783005402
8,SCSA_PLUS,1322209256611852294,3,5,178947.0553698767
8,SCSA_PLUS,1349748316901310464,4,5,178416.63778930844
8,SCSA_PLUS,1354658220585922565,5,4,144348.09748048385
8,SCSA_PLUS,1337245958787244033,6,5,95145.33810596463
8,SCSA_PLUS,1337020338916499463,7,4,91535.97878535106
8,SCSA_PLUS,1334724211689074688,8,5,88147.1415243851
8,SCSA_PLUS,1365416645624143873,9,4,79069.19757227854
8,SCSA_PLUS,1337022746824499203,10,4,76128.00602428085
9,SCSA_PLUS,1095067826061262848,1,1,169223.15448479887
9,SCSA_PLUS,1273231711908872193,2,1,78586.42708027009
9,SCSA_PLUS,1164279406057201665,3,1,57789.187945051766
9,SCSA_PLUS,1361732521428275201,4,1,14565.659076846963
9,SCSA_PLUS,1341790679945670656,5,4,9981.620861890397
9,SCSA_PLUS,1182112257708306433,6,1,5531.354104341975
9,SCSA_PLUS,1351540224560668673,7,3,4025.3467619462635
9,SCSA_PLUS,1319321276171759617,8,5,3469.818900408973
9,SCSA_PLUS,1365001111946420226,9,4,3348.912400354559
9,SCSA_PLUS,1321455751567532032,10,5,2802.1447852266283
10,SCSA_PLUS,1364607745270423556,1,3,14565.146750784681
10,SCSA_PLUS,1367862841907294209,2,4,9341.067660063727
10,SCSA_PLUS,1337102280059834370,3,4,7705.113014797259
10,SCSA_PLUS,1369007428696743936,4,5,6118.282326289246
10,SCSA_PLUS,1368550065502121985,5,5,5248.041905252149
10,SCSA_PLUS,1336810117057179649,6,4,3686.3647174083862
10,SCSA_PLUS,1350865539091066881,7,5,3611.9288311722376
10,SCSA_PLUS,1368909409775149064,8,5,3451.8474217604526
10,SCSA_PLUS,1368645394348077067,9,5,2815.2335647899404
10,SCSA_PLUS,1320726746329743363,10,5,2660.4198828391054
11,SCSA_PLUS,1358058477785120769,1,1,592365.1287977837
11,SCSA_PLUS,1354658220585922565,2,1,144348.09748048385
11,SCSA_PLUS,1338944728969035776,3,1,117845.10612161113
11,SCSA_PLUS,1337020338916499463,4,5,91535.97878535106
11,SCSA_PLUS,1334724211689074688,5,1,88147.1415243851
11,SCSA_PLUS,1365416645624143873,6,5,79069.19757227854
11,SCSA_PLUS,1337022746824499203,7,5,76128.00602428085
11,SCSA_PLUS,1351920546011893761,8,4,74390.5475917714
11,SCSA_PLUS,1337021907464499204,9,5,67495.30843558513
11,SCSA_PLUS,1360046105170485249,10,3,59466.80393037452
12,SCSA_PLUS,1344852533122981888,1,5,97309.01900353593
12,SCSA_PLUS,1301164188136431616,2,5,62691.53768157425
12,SCSA_PLUS,1321919226341306368,3,5,52538.816783354545
12,SCSA_PLUS,1331282297014743042,4,5,23531.357351294377
12,SCSA_PLUS,1272637078401097731,5,5,21485.326117873585
12,SCSA_PLUS,1365109273240473600,6,3,15677.373189681737
12,SCSA_PLUS,1343974143646044160,7,5,12951.435006144999
12,SCSA_PLUS,1369832253816246274,8,5,9726.822644226275
12,SCSA_PLUS,1359318229735251977,9,3,6975.85480504099
12,SCSA_PLUS,1366121589478154243,10,5,6064.531891634113
13,SCSA_PLUS,1364607745270423556,1,4,14565.146750784681
13,SCSA_PLUS,1365113385658970113,2,1,12360.017547246229
13,SCSA_PLUS,1312476369830338561,3,4,7951.917705515229
13,SCSA_PLUS,1336810117057179649,4,4,3686.3647174083862
13,SCSA_PLUS,1350865539091066881,5,3,3611.9288311722376
13,SCSA_PLUS,1357343495132880897,6,2,3340.296760479442
13,SCSA_PLUS,1354081977062850561,7,3,2479.937746711315
13,SCSA_PLUS,1351594764056088577,8,3,2036.1955235000585
13,SCSA_PLUS,1336964656792035329,9,1,1743.8311047117008
13,SCSA_PLUS,1369325020258983936,10,4,1550.8602202397292
15,SCSA_PLUS,1301164188136431616,1,3,62691.53768157425
15,SCSA_PLUS,1321919226341306368,2,2,52538.816783354545
15,SCSA_PLUS,1272637078401097731,3,2,21485.326117873585
15,SCSA_PLUS,1365109273240473600,4,3,15677.373189681737
15,SCSA_PLUS,1343974143646044160,5,5,12951.435006144999
15,SCSA_PLUS,1365113385658970113,6,3,12360.017547246229
15,SCSA_PLUS,1359318229735251977,7,4,6975.85480504099
15,SCSA_PLUS,1368297763524448256,8,3,6512.673797909371
15,SCSA_PLUS,1366121589478154243,9,4,6064.531891634113
15,SCSA_PLUS,1364664823984779267,10,4,5020.701719755106
16,SCSA_PLUS,1368561200754270210,1,1,24727.376011343455
16,SCSA_PLUS,1367300479739441155,2,1,12747.91095144938
16,SCSA_PLUS,1366232555037462531,3,3,10492.55449791289
16,SCSA_PLUS,1368447074019270656,4,4,9830.35358266464
16,SCSA_PLUS,1367113993815547906,5,4,5552.706194610533
16,SCSA_PLUS,1367491019277799427,6,5,3559.0325961193867
16,SCSA_PLUS,1368909409775149064,7,2,3451.8474217604526
16,SCSA_PLUS,1368245651046207493,8,5,1929.9246528782753
16,SCSA_PLUS,1369400158912475136,9,1,1546.5244269214372
16,SCSA_PLUS,1346143996431646720,10,4,1499.1849910769383
17,SCSA_PLUS,1364607745270423556,1,5,14565.146750784681
17,SCSA_PLUS,1365113385658970113,2,1,12360.017547246229
17,SCSA_PLUS,1336810117057179649,3,2,3686.3647174083862
17,SCSA_PLUS,1336964656792035329,4,2,1743.8311047117008
17,SCSA_PLUS,1369325020258983936,5,2,1550.8602202397292
17,SCSA_PLUS,1365315820080009221,6,2,1240.7533394386414
17,SCSA_PLUS,1337077938076979205,7,2,629.1056239179003
17,SCSA_PLUS,1320374052847013893,8,5,610.456176779121
17,SCSA_PLUS,1365629350721249281,9,5,536.0328914760464
17,SCSA_PLUS,1366743775192752129,10,4,489.18778760735194
18,SCSA_PLUS,1189330936300756992,1,5,134920.21874142578
18,SCSA_PLUS,1273231711908872193,2,3,78586.42708027009
18,SCSA_PLUS,1301164188136431616,3,3,62691.53768157425
18,SCSA_PLUS,1340325978170646535,4,3,20250.605606249126
18,SCSA_PLUS,1333425556659064833,5,3,16439.40874261363
18,SCSA_PLUS,1365109273240473600,6,1,15677.373189681737
18,SCSA_PLUS,1331689113494446085,7,3,10666.019322859038
18,SCSA_PLUS,1338474408743215106,8,2,9183.617712134519
18,SCSA_PLUS,1366528818454822914,9,3,8417.248497409955
18,SCSA_PLUS,1327053570794008577,10,2,6590.466381970813
19,SCSA_PLUS,1369343506939019269,1,3,3052.5694870533866
19,SCSA_PLUS,1368697794417065992,2,3,948.3931171254613
19,SCSA_PLUS,1369266567423397891,3,3,462.13412499606414
19,SCSA_PLUS,1369242094217404419,4,3,437.3897896322216
19,SCSA_PLUS,1369495249417101312,5,4,251.64971798627315
19,SCSA_PLUS,1369425009303822344,6,3,205.33543978726857
19,SCSA_PLUS,1369189230489001991,7,3,199.60647400302415
19,SCSA_PLUS,1369441382973272064,8,3,174.5604246560723
19,SCSA_PLUS,1369469059427893249,9,3,130.6939295011295
19,SCSA_PLUS,1369441796925886465,10,4,114.70384284457229
20,SCSA_PLUS,1368561200754270210,1,4,24727.376011343455
20,SCSA_PLUS,1368950916024532995,2,2,7264.272468306378
20,SCSA_PLUS,1367113993815547906,3,4,5552.706194610533
20,SCSA_PLUS,1339525827118194689,4,1,3887.419263280145
20,SCSA_PLUS,1367491019277799427,5,1,3559.0325961193867
20,SCSA_PLUS,1368909409775149064,6,3,3451.8474217604526
20,SCSA_PLUS,1368604247760244742,7,3,3418.037503982346
20,SCSA_PLUS,1317842770816602114,8,3,3318.64509220273
20,SCSA_PLUS,1367497561645457427,9,1,1863.0286632709629
20,SCSA_PLUS,1344689933978656771,10,2,1716.488433567864
21,SCSA_PLUS,1364607745270423556,1,1,14565.146750784681
21,SCSA_PLUS,1204781519052652546,2,2,9273.821105442597
21,SCSA_PLUS,1326208392923410432,3,5,7423.365063089659
21,SCSA_PLUS,1367282096289443840,4,3,6032.530062891771
21,SCSA_PLUS,1217122703766970369,5,3,5449.945562940171
21,SCSA_PLUS,1338181816478539777,6,5,3524.76823479543
21,SCSA_PLUS,1317842770816602114,7,5,3318.64509220273
21,SCSA_PLUS,1344689933978656771,8,2,1716.488433567864
21,SCSA_PLUS,1369325020258983936,9,2,1550.8602202397292
21,SCSA_PLUS,1365315820080009221,10,2,1240.7533394386414
22,SCSA_PLUS,1368614821147598851,1,5,5156.791875981811
22,SCSA_PLUS,1369339704588570624,2,5,5128.533819915251
22,SCSA_PLUS,1366209913865703426,3,5,3447.1916095092975
22,SCSA_PLUS,1367128088832745476,4,4,1197.2558069727702
22,SCSA_PLUS,1369015063705612288,5,4,910.158565327777
22,SCSA_PLUS,1364666742916583427,6,3,888.2709121165096
22,SCSA_PLUS,1369396362840858635,7,3,776.0504444414541
22,SCSA_PLUS,1368641210533830657,8,5,554.9841532599067
22,SCSA_PLUS,1367521202042933249,9,5,453.6071446607348
22,SCSA_PLUS,1369402883704229892,10,5,380.6986201109806
23,SCSA_PLUS,1337020338916499463,1,3,91535.97878535106
23,SCSA_PLUS,1365416645624143873,2,3,79069.19757227854
23,SCSA_PLUS,1337022746824499203,3,3,76128.00602428085
23,SCSA_PLUS,1351920546011893761,4,3,74390.5475917714
23,SCSA_PLUS,1337021907464499204,5,3,67495.30843558513
23,SCSA_PLUS,1362083047785439239,6,3,52420.29798354695
23,SCSA_PLUS,1337463904566456320,7,3,43527.399345379476
23,SCSA_PLUS,1294010972055592962,8,3,15465.95044567157
23,SCSA_PLUS,1334711453211889665,9,3,15222.608067918824
23,SCSA_PLUS,1358843677582401536,10,3,14742.094701852986
24,SCSA_PLUS,1364607745270423556,1,4,14565.146750784681
24,SCSA_PLUS,1357647227808841728,2,3,12104.311137941846
24,SCSA_PLUS,1312476369830338561,3,5,7951.917705515229
24,SCSA_PLUS,1319639717906821121,4,4,4294.604647493273
24,SCSA_PLUS,1336810117057179649,5,2,3686.3647174083862
24,SCSA_PLUS,1350865539091066881,6,4,3611.9288311722376
24,SCSA_PLUS,1359900546635870215,7,5,2458.238434977929
24,SCSA_PLUS,1336964656792035329,8,2,1743.8311047117008
24,SCSA_PLUS,1355530037152284675,9,5,1664.5218479934226
24,SCSA_PLUS,1369325020258983936,10,5,1550.8602202397292
25,SCSA_PLUS,1369343506939019269,1,5,3052.5694870533866
25,SCSA_PLUS,1369377505224884227,2,5,1044.782538357345
25,SCSA_PLUS,1369043756486377472,3,5,298.86748153272964
25,SCSA_PLUS,1369600442322333699,4,5,288.98162400194803
25,SCSA_PLUS,1369495249417101312,5,5,251.64971798627315
25,SCSA_PLUS,1369441382973272064,6,5,174.5604246560723
25,SCSA_PLUS,1370125729199980545,7,5,121.23502429857493
25,SCSA_PLUS,1369441796925886465,8,5,114.70384284457229
25,SCSA_PLUS,1369579853612281860,9,5,103.51221140607231
25,SCSA_PLUS,1369375444793954323,10,5,78.85820860151212
26,SCSA_PLUS,1321455751567532032,1,3,2802.1447852266283
26,SCSA_PLUS,1320142365038817281,2,3,2221.0631006137605
26,SCSA_PLUS,1333873034114064385,3,3,1862.0620400849632
26,SCSA_PLUS,1358024709137432577,4,2,1030.7199794152946
26,SCSA_PLUS,1337774207971684352,5,4,1014.0645918351063
26,SCSA_PLUS,1339559388303007744,6,2,975.8271860339812
26,SCSA_PLUS,1350483251291451392,7,4,876.7925348994657
26,SCSA_PLUS,1329540885055356928,8,3,649.087286446091
26,SCSA_PLUS,1338592930022363139,9,3,575.6083647073599
26,SCSA_PLUS,1363548342832218116,10,2,564.0716396595491
27,SCSA_PLUS,1370035059495993348,1,1,4104.068381383251
27,SCSA_PLUS,1369343506939019269,2,4,3052.5694870533866
27,SCSA_PLUS,1368269027596976129,3,1,882.418835063225
27,SCSA_PLUS,1369242094217404419,4,4,437.3897896322216
27,SCSA_PLUS,1369303761097785344,5,5,361.23803273967764
27,SCSA_PLUS,1369495249417101312,6,4,251.64971798627315
27,SCSA_PLUS,1369528722538328068,7,4,237.72608026457718
27,SCSA_PLUS,1369441382973272064,8,5,174.5604246560723
27,SCSA_PLUS,1369441796925886465,9,5,114.70384284457229
27,SCSA_PLUS,1369571760140615684,10,4,109.97460436006936
28,SCSA_PLUS,1364607745270423556,1,1,14565.146750784681
28,SCSA_PLUS,1323671285285703683,2,2,6599.100120043975
28,SCSA_PLUS,1332672152995291138,3,2,5076.066689728286
28,SCSA_PLUS,1339289131575341057,4,3,4737.810136360286
28,SCSA_PLUS,1339525827118194689,5,3,3887.419263280145
28,SCSA_PLUS,1336810117057179649,6,3,3686.3647174083862
28,SCSA_PLUS,1317842770816602114,7,3,3318.64509220273
28,SCSA_PLUS,1246491727306899456,8,5,2740.465367834282
28,SCSA_PLUS,1331650428115759105,9,3,2201.5711720868544
28,SCSA_PLUS,1343640147775152131,10,3,1855.1529494698964
29,SCSA_PLUS,1337020338916499463,1,3,91535.97878535106
29,SCSA_PLUS,1365416645624143873,2,3,79069.19757227854
29,SCSA_PLUS,1337022746824499203,3,4,76128.00602428085
29,SCSA_PLUS,1351920546011893761,4,3,74390.5475917714
29,SCSA_PLUS,1362083047785439239,5,5,52420.29798354695
29,SCSA_PLUS,1337463904566456320,6,3,43527.399345379476
29,SCSA_PLUS,1367565667642331136,7,5,29309.722410285114
29,SCSA_PLUS,1366184948244176899,8,3,15032.424394985434
29,SCSA_PLUS,1250919345955446784,9,4,6596.0989421935055
29,SCSA_PLUS,1331046811704958985,10,3,2992.682031143601
30,SCSA_PLUS,1360680119854104582,1,5,3890.234328136228
30,SCSA_PLUS,1290776688284954625,2,3,2388.9568641704054
30,SCSA_PLUS,1367128088832745476,3,3,1197.2558069727702
30,SCSA_PLUS,1322524023117533184,4,4,979.3555394497417
30,SCSA_PLUS,1292597118763319296,5,3,923.9358770786881
30,SCSA_PLUS,1364666742916583427,6,3,888.2709121165096
30,SCSA_PLUS,1329121235423297537,7,5,736.0223278362719
30,SCSA_PLUS,1362129662336450560,8,4,567.479451931913
30,SCSA_PLUS,1368641210533830657,9,4,554.9841532599067
30,SCSA_PLUS,1139203333607043073,10,4,549.6993014871341
31,SCSA_PLUS,1369037449431715843,1,2,23365.791762689176
31,SCSA_PLUS,1364607745270423556,2,4,14565.146750784681
31,SCSA_PLUS,978748491936780289,3,4,14186.670564749355
31,SCSA_PLUS,1364664823984779267,4,3,5020.701719755106
31,SCSA_PLUS,1364590913369083904,5,3,4300.1480267577645
31,SCSA_PLUS,1303840025000509448,6,2,3824.352030940907
31,SCSA_PLUS,1336810117057179649,7,4,3686.3647174083862
31,SCSA_PLUS,1307034079381065732,8,4,2966.8338219192365
31,SCSA_PLUS,1317810926133874689,9,3,1883.1177735836065
31,SCSA_PLUS,1336964656792035329,10,3,1743.8311047117008
32,SCSA_PLUS,1367133454241046531,1,4,1237.0085935839465
32,SCSA_PLUS,1366709656974942211,2,3,1207.0441951194061
32,SCSA_PLUS,1365007905318133766,3,1,787.2150321488255
32,SCSA_PLUS,1362074171832958980,4,1,727.336261547019
32,SCSA_PLUS,1361701236395958278,5,4,714.3107672149162
32,SCSA_PLUS,1364579317964034050,6,2,618.9174904669693
32,SCSA_PLUS,1361388306106318857,7,2,364.4238776661783
32,SCSA_PLUS,1369169336326316036,8,4,334.6859706581062
32,SCSA_PLUS,1362085735063572482,9,2,277.23531643963815
32,SCSA_PLUS,1369441382973272064,10,3,174.5604246560723
33,SCSA_PLUS,1369343506939019269,1,4,3052.5694870533866
33,SCSA_PLUS,1369547940017147907,2,3,703.2311496008624
33,SCSA_PLUS,1369366150237351943,3,3,519.8519278059788
33,SCSA_PLUS,1369495249417101312,4,4,251.64971798627315
33,SCSA_PLUS,1369441382973272064,5,4,174.5604246560723
33,SCSA_PLUS,1368604102989541376,6,2,138.79071142239496
33,SCSA_PLUS,1369450685708857348,7,3,120.48806264984961
33,SCSA_PLUS,1369566623913369603,8,4,116.65566356344029
33,SCSA_PLUS,1369441796925886465,9,4,114.70384284457229
33,SCSA_PLUS,1369321348783345674,10,4,113.50489276701063
34,SCSA_PLUS,1370098415938498560,1,4,999.628760211348
34,SCSA_PLUS,1369404129643216897,2,3,448.9147522311512
34,SCSA_PLUS,1370017497710215170,3,2,402.3011011094437
34,SCSA_PLUS,1369460521846575104,4,2,301.44988930612436
34,SCSA_PLUS,1369495249417101312,5,3,251.64971798627315
34,SCSA_PLUS,1370057097107345411,6,3,206.47203101694333
34,SCSA_PLUS,1369441382973272064,7,4,174.5604246560723
34,SCSA_PLUS,1369536457992470528,8,4,168.72076913520579
34,SCSA_PLUS,1369968831666487296,9,3,144.70327204291831
34,SCSA_PLUS,1369270015699136512,10,2,136.18347898007295
35,SCSA_PLUS,1366296962409123843,1,2,13358.607890524998
35,SCSA_PLUS,1152351180225335296,2,2,9589.426987140761
35,SCSA_PLUS,1337396723610771457,3,1,8932.390475834769
35,SCSA_PLUS,1332444252895404033,4,1,8200.351704737453
35,SCSA_PLUS,1330209367002472448,5,1,7580.088587940467
35,SCSA_PLUS,1322493521245298689,6,1,7264.059032165708
35,SCSA_PLUS,1189249540412624898,7,2,6119.06974180979
35,SCSA_PLUS,1362483585169686531,8,2,4463.693388516158
35,SCSA_PLUS,1339525827118194689,9,3,3887.419263280145
35,SCSA_PLUS,1151605021345083392,10,4,3392.806525735454
36,SCSA_PLUS,1095067826061262848,1,4,169223.15448479887
36,SCSA_PLUS,1273231711908872193,2,4,78586.42708027009
36,SCSA_PLUS,1151160990995746816,3,5,41119.23242595107
36,SCSA_PLUS,1146224584443727872,4,3,31599.841340946277
36,SCSA_PLUS,1367610810789326850,5,5,27390.029745306394
36,SCSA_PLUS,1364607745270423556,6,5,14565.146750784681
36,SCSA_PLUS,1055619307084800000,7,4,14371.57083408196
36,SCSA_PLUS,1341790679945670656,8,4,9981.620861890397
36,SCSA_PLUS,1312476369830338561,9,3,7951.917705515229
36,SCSA_PLUS,1357735941637603331,10,5,7735.909467523679
37,SCSA_PLUS,1189330936300756992,1,2,134920.21874142578
37,SCSA_PLUS,1337020338916499463,2,4,91535.97878535106
37,SCSA_PLUS,1365416645624143873,3,2,79069.19757227854
37,SCSA_PLUS,1337022746824499203,4,4,76128.00602428085
37,SCSA_PLUS,1351920546011893761,5,4,74390.5475917714
37,SCSA_PLUS,1337021907464499204,6,5,67495.30843558513
37,SCSA_PLUS,1362083047785439239,7,4,52420.29798354695
37,SCSA_PLUS,1337463904566456320,8,4,43527.399345379476
37,SCSA_PLUS,1368703131652005888,9,4,40736.93147289572
37,SCSA_PLUS,1351923223638794246,10,1,17239.03070380263
38,SCSA_PLUS,1369498799673065473,1,4,1436.9814638059615
38,SCSA_PLUS,1367766039254163458,2,5,1235.5292622760137
38,SCSA_PLUS,1366709656974942211,3,4,1207.0441951194061
38,SCSA_PLUS,1365007905318133766,4,4,787.2150321488255
38,SCSA_PLUS,1362074171832958980,5,3,727.336261547019
38,SCSA_PLUS,1361701236395958278,6,4,714.3107672149162
38,SCSA_PLUS,1367625947462184961,7,5,651.1233917482868
38,SCSA_PLUS,1364579317964034050,8,3,618.9174904669693
38,SCSA_PLUS,1361388306106318857,9,4,364.4238776661783
38,SCSA_PLUS,1359577321695547392,10,4,158.6106033815568
39,SCSA_PLUS,1356685006916079616,1,2,56306.99820740671
39,SCSA_PLUS,1258788139159613441,2,2,29807.941996789916
39,SCSA_PLUS,1287526789707776000,3,2,14624.790047341636
39,SCSA_PLUS,1359863795586396168,4,4,7604.445187961115
39,SCSA_PLUS,1252286536738934786,5,3,7509.396513917805
39,SCSA_PLUS,1364664823984779267,6,4,5020.701719755106
39,SCSA_PLUS,1369135857110638592,7,5,2047.6252305811454
39,SCSA_PLUS,1317810926133874689,8,5,1883.1177735836065
39,SCSA_PLUS,1364666742916583427,9,3,888.2709121165096
39,SCSA_PLUS,1369414843720208384,10,4,705.7749997428119
40,SCSA_PLUS,1337020338916499463,1,5,91535.97878535106
40,SCSA_PLUS,1365416645624143873,2,5,79069.19757227854
40,SCSA_PLUS,1337022746824499203,3,5,76128.00602428085
40,SCSA_PLUS,1351920546011893761,4,5,74390.5475917714
40,SCSA_PLUS,1337021907464499204,5,5,67495.30843558513
40,SCSA_PLUS,1362083047785439239,6,3,52420.29798354695
40,SCSA_PLUS,1337463904566456320,7,3,43527.399345379476
40,SCSA_PLUS,1294010972055592962,8,5,15465.95044567157
40,SCSA_PLUS,1358843677582401536,9,2,14742.094701852986
40,SCSA_PLUS,1365113385658970113,10,2,12360.017547246229
41,SCSA_PLUS,1356407112385982464,1,1,316479.2688279467
41,SCSA_PLUS,1342918732486594560,2,3,267915.85945604555
41,SCSA_PLUS,1340930237819924480,3,2,149462.2338670793
41,SCSA_PLUS,1189330936300756992,4,5,134920.21874142578
41,SCSA_PLUS,1337020338916499463,5,1,91535.97878535106
41,SCSA_PLUS,1346507839909445632,6,3,83874.7191515402
41,SCSA_PLUS,1365416645624143873,7,2,79069.19757227854
41,SCSA_PLUS,1337022746824499203,8,2,76128.00602428085
41,SCSA_PLUS,1351920546011893761,9,2,74390.5475917714
41,SCSA_PLUS,1337021907464499204,10,1,67495.30843558513
42,SCSA_PLUS,1342687407326580737,1,5,7421.166107537257
42,SCSA_PLUS,1354545532044075013,2,2,2829.3380553140646
42,SCSA_PLUS,1288988861092245505,3,1,2467.4988979385885
42,SCSA_PLUS,1283200387101712384,4,1,1231.525589789133
42,SCSA_PLUS,1367351364477624321,5,5,1077.008921258506
42,SCSA_PLUS,1364666742916583427,6,5,888.2709121165096
42,SCSA_PLUS,1368453072666521600,7,5,660.1587890809893
42,SCSA_PLUS,1367521202042933249,8,5,453.6071446607348
42,SCSA_PLUS,1326177511684919300,9,2,321.18104267307854
42,SCSA_PLUS,1363947240369229825,10,5,264.8112176263572
43,SCSA_PLUS,1358058477785120769,1,2,592365.1287977837
43,SCSA_PLUS,1338944728969035776,2,2,117845.10612161113
43,SCSA_PLUS,1336324934688116743,3,2,107374.78710831069
43,SCSA_PLUS,1337020338916499463,4,5,91535.97878535106
43,SCSA_PLUS,1334724211689074688,5,2,88147.1415243851
43,SCSA_PLUS,1365416645624143873,6,3,79069.19757227854
43,SCSA_PLUS,1337022746824499203,7,5,76128.00602428085
43,SCSA_PLUS,1351920546011893761,8,3,74390.5475917714
43,SCSA_PLUS,1337021907464499204,9,5,67495.30843558513
43,SCSA_PLUS,1362083047785439239,10,5,52420.29798354695
44,SCSA_PLUS,1356685006916079616,1,2,56306.99820740671
44,SCSA_PLUS,1258788139159613441,2,4,29807.941996789916
44,SCSA_PLUS,1253009440107720704,3,5,17711.511128878145
44,SCSA_PLUS,1287526789707776000,4,2,14624.790047341636
44,SCSA_PLUS,1359863795586396168,5,3,7604.445187961115
44,SCSA_PLUS,1326208392923410432,6,5,7423.365063089659
44,SCSA_PLUS,1364664823984779267,7,3,5020.701719755106
44,SCSA_PLUS,1339525827118194689,8,5,3887.419263280145
44,SCSA_PLUS,1303840025000509448,9,3,3824.352030940907
44,SCSA_PLUS,1368217898095964166,10,5,3334.248798333524
45,SCSA_PLUS,1344344721506885641,1,3,24192.97075192769
45,SCSA_PLUS,1310595678226219015,2,3,22913.823485345278
45,SCSA_PLUS,1334044250942676993,3,4,22742.02202341017
45,SCSA_PLUS,1327954760251662337,4,5,13834.597958429351
45,SCSA_PLUS,1327627598726377475,5,4,11400.300104661741
45,SCSA_PLUS,1367430380463267844,6,3,8576.473281714168
45,SCSA_PLUS,1328417466272321537,7,5,8244.154260293786
45,SCSA_PLUS,1345706642080493568,8,3,7019.449931232675
45,SCSA_PLUS,1351283213403095045,9,5,4669.443425016162
45,SCSA_PLUS,1184016623394590721,10,4,4229.702204837036
46,SCSA_PLUS,1369343506939019269,1,3,3052.5694870533866
46,SCSA_PLUS,1368340015001042945,2,4,1482.73116849844
46,SCSA_PLUS,1369498268011552768,3,3,449.4874984531216
46,SCSA_PLUS,1369440894961786880,4,4,432.22527426045593
46,SCSA_PLUS,1369495249417101312,5,4,251.64971798627315
46,SCSA_PLUS,1369483145129713665,6,4,178.59566541964745
46,SCSA_PLUS,1369441382973272064,7,4,174.5604246560723
46,SCSA_PLUS,1369441796925886465,8,5,114.70384284457229
46,SCSA_PLUS,1369593103208886276,9,3,106.31737519401797
46,SCSA_PLUS,1369551925285449729,10,3,104.69029267849436
47,SCSA_PLUS,1337020338916499463,1,5,91535.97878535106
47,SCSA_PLUS,1365416645624143873,2,5,79069.19757227854
47,SCSA_PLUS,1337022746824499203,3,5,76128.00602428085
47,SCSA_PLUS,1351920546011893761,4,5,74390.5475917714
47,SCSA_PLUS,1337021907464499204,5,5,67495.30843558513
47,SCSA_PLUS,1362083047785439239,6,5,52420.29798354695
47,SCSA_PLUS,1337463904566456320,7,5,43527.399345379476
47,SCSA_PLUS,1294010972055592962,8,5,15465.95044567157
47,SCSA_PLUS,1358843677582401536,9,5,14742.094701852986
47,SCSA_PLUS,1360638198573981696,10,2,13949.229241914129
48,SCSA_PLUS,1369456184554569731,1,5,5259.634456721547
48,SCSA_PLUS,1054037653379670016,2,2,2797.5253189586574
48,SCSA_PLUS,1322257618178609153,3,4,1763.5701762387705
48,SCSA_PLUS,1325498916847153153,4,5,1411.594235598971
48,SCSA_PLUS,1349071385360887808,5,3,783.9402066640203
48,SCSA_PLUS,1325738196374876161,6,5,569.9126138975389
48,SCSA_PLUS,1369453000570310660,7,5,494.43126946990606
48,SCSA_PLUS,1334986629560344579,8,2,411.58166259624153
48,SCSA_PLUS,1369528480627650560,9,5,331.4267931375809
48,SCSA_PLUS,1369570003729649671,10,5,299.11911421452186
49,SCSA_PLUS,1368483092252401666,1,5,9531.096176526411
49,SCSA_PLUS,1368669282452840452,2,2,1996.0781667995054
49,SCSA_PLUS,1322257618178609153,3,2,1763.5701762387705
49,SCSA_PLUS,1310279026741841922,4,5,1273.2107758162674
49,SCSA_PLUS,1325738196374876161,5,1,569.9126138975389
49,SCSA_PLUS,1301614505823141888,6,5,482.9370961165948
49,SCSA_PLUS,1187825368067117057,7,5,433.8855798819365
49,SCSA_PLUS,1271193376147177472,8,5,269.62000221460937
49,SCSA_PLUS,1273665566763433984,9,5,249.6328807883015
49,SCSA_PLUS,1357749874645749765,10,5,97.98460564596127
50,SCSA_PLUS,1368561200754270210,1,5,24727.376011343455
50,SCSA_PLUS,1326208392923410432,2,3,7423.365063089659
50,SCSA_PLUS,1367113993815547906,3,5,5552.706194610533
50,SCSA_PLUS,1339525827118194689,4,4,3887.419263280145
50,SCSA_PLUS,1367491019277799427,5,5,3559.0325961193867
50,SCSA_PLUS,1368909409775149064,6,5,3451.8474217604526
50,SCSA_PLUS,1317842770816602114,7,5,3318.64509220273
50,SCSA_PLUS,1369343506939019269,8,5,3052.5694870533866
50,SCSA_PLUS,1342500356316667904,9,3,2883.131413593422
50,SCSA_PLUS,1367497561645457427,10,3,1863.0286632709629
51,SCSA_PLUS,1189330936300756992,1,5,134920.21874142578
51,SCSA_PLUS,1330194382914514949,2,5,10655.192311815485
51,SCSA_PLUS,1338474408743215106,3,5,9183.617712134519
51,SCSA_PLUS,1344946472618344448,4,5,8397.610708194643
51,SCSA_PLUS,1326208392923410432,5,5,7423.365063089659
51,SCSA_PLUS,1328413175620964353,6,5,6588.305609843155
51,SCSA_PLUS,1298591876963078146,7,5,5677.762565792783
51,SCSA_PLUS,1327280720084164608,8,3,4867.9394157811685
51,SCSA_PLUS,1293138169832103936,9,2,4616.107604746966
51,SCSA_PLUS,1339525827118194689,10,5,3887.419263280145
53,SCSA_PLUS,1364607745270423556,1,1,14565.146750784681
53,SCSA_PLUS,1368614821147598851,2,1,5156.791875981811
53,SCSA_PLUS,1361767244125110275,3,1,3943.2987109168616
53,SCSA_PLUS,1365708399791505416,4,1,2833.052956762394
53,SCSA_PLUS,1354545532044075013,5,1,2829.3380553140646
53,SCSA_PLUS,1368652673935933450,6,1,2307.460943084473
53,SCSA_PLUS,1366209721124839425,7,2,2128.978023420198
53,SCSA_PLUS,1369325020258983936,8,2,1550.8602202397292
53,SCSA_PLUS,1365315820080009221,9,2,1240.7533394386414
53,SCSA_PLUS,1364666742916583427,10,1,888.2709121165096
54,SCSA_PLUS,1326208392923410432,1,5,7423.365063089659
54,SCSA_PLUS,1273919207038693376,2,5,5730.73606623245
54,SCSA_PLUS,1368614821147598851,3,1,5156.791875981811
54,SCSA_PLUS,1339525827118194689,4,3,3887.419263280145
54,SCSA_PLUS,1317842770816602114,5,5,3318.64509220273
54,SCSA_PLUS,1362454325876969478,6,1,3058.270849753656
54,SCSA_PLUS,1354545532044075013,7,3,2829.3380553140646
54,SCSA_PLUS,1277164459446931456,8,2,2301.979990555273
54,SCSA_PLUS,1367532286359445510,9,2,1718.8110610622246
54,SCSA_PLUS,1344689933978656771,10,4,1716.488433567864
55,SCSA_PLUS,1367862841907294209,1,5,9341.067660063727
55,SCSA_PLUS,1366604627689496580,2,5,2151.474683843384
55,SCSA_PLUS,1368245651046207493,3,4,1929.9246528782753
55,SCSA_PLUS,1322257618178609153,4,5,1763.5701762387705
55,SCSA_PLUS,1325498916847153153,5,5,1411.594235598971
55,SCSA_PLUS,1310279026741841922,6,4,1273.2107758162674
55,SCSA_PLUS,1368174374247923712,7,5,1139.3741282599874
55,SCSA_PLUS,1368753671568322564,8,4,971.9416887817214
55,SCSA_PLUS,1325738196374876161,9,4,569.9126138975389
55,SCSA_PLUS,1368715397415964674,10,3,549.8765672849479
57,SCSA_PLUS,1323309743218282496,1,3,199792.95187114752
57,SCSA_PLUS,1325467261239431170,2,5,116129.81900853889
57,SCSA_PLUS,1257063194687832064,3,5,37411.57017081166
57,SCSA_PLUS,1291098932987269128,4,3,35973.659259390246
57,SCSA_PLUS,1339313549626273793,5,3,32678.884016467444
57,SCSA_PLUS,1319651956579762176,6,5,19863.025845071803
57,SCSA_PLUS,1296511004063473667,7,5,16826.14519397074
57,SCSA_PLUS,1238211420388569088,8,5,11818.323014169247
57,SCSA_PLUS,1286599815967776768,9,5,11443.671709256812
57,SCSA_PLUS,1337159750644080645,10,3,9426.14284469475
58,SCSA_PLUS,1368614821147598851,1,5,5156.791875981811
58,SCSA_PLUS,1369339704588570624,2,5,5128.533819915251
58,SCSA_PLUS,1360680119854104582,3,5,3890.234328136228
58,SCSA_PLUS,1367128088832745476,4,5,1197.2558069727702
58,SCSA_PLUS,1362945064209575938,5,5,978.421202287475
58,SCSA_PLUS,1369015063705612288,6,5,910.158565327777
58,SCSA_PLUS,1364666742916583427,7,5,888.2709121165096
58,SCSA_PLUS,1360763643135070209,8,3,718.6682207668747
58,SCSA_PLUS,1368641210533830657,9,5,554.9841532599067
58,SCSA_PLUS,1367521202042933249,10,5,453.6071446607348
59,SCSA_PLUS,1317842770816602114,1,5,3318.64509220273
59,SCSA_PLUS,1354545532044075013,2,5,2829.3380553140646
59,SCSA_PLUS,1344689933978656771,3,5,1716.488433567864
59,SCSA_PLUS,1364666742916583427,4,5,888.2709121165096
59,SCSA_PLUS,1367521202042933249,5,5,453.6071446607348
59,SCSA_PLUS,1367300793485828097,6,5,83.0509232285498
59,SCSA_PLUS,1369075493753020420,7,5,16.52541486901971
59,SCSA_PLUS,1369075561981566976,8,5,13.280018894423272
59,SCSA_PLUS,1366443197166096385,9,5,11.005863335792482
59,SCSA_PLUS,1367237010608431106,10,5,8.53747527434702
60,SCSA_PLUS,1353781237882744833,1,5,34819.52115631451
60,SCSA_PLUS,1151158403135397888,2,5,18828.569760773647
60,SCSA_PLUS,1326208392923410432,3,5,7423.365063089659
60,SCSA_PLUS,1342394653887369216,4,5,7225.009987219206
60,SCSA_PLUS,1273919207038693376,5,5,5730.73606623245
60,SCSA_PLUS,1339525827118194689,6,5,3887.419263280145
60,SCSA_PLUS,1317842770816602114,7,5,3318.64509220273
60,SCSA_PLUS,1367214902624980995,8,5,2894.7106858226794
60,SCSA_PLUS,1354545532044075013,9,5,2829.3380553140646
60,SCSA_PLUS,1344689933978656771,10,5,1716.488433567864
61,SCSA_PLUS,1341013863110762496,1,3,41975.14639992955
61,SCSA_PLUS,1326208392923410432,2,4,7423.365063089659
61,SCSA_PLUS,1250919345955446784,3,5,6596.0989421935055
61,SCSA_PLUS,1339525827118194689,4,3,3887.419263280145
61,SCSA_PLUS,1317842770816602114,5,5,3318.64509220273
61,SCSA_PLUS,1354545532044075013,6,4,2829.3380553140646
61,SCSA_PLUS,1288988861092245505,7,3,2467.4988979385885
61,SCSA_PLUS,1341859235756453889,8,2,2100.8960606502424
61,SCSA_PLUS,1344689933978656771,9,4,1716.488433567864
61,SCSA_PLUS,1250915381646176262,10,2,637.4721708130696
62,SCSA_PLUS,1337020338916499463,1,3,91535.97878535106
62,SCSA_PLUS,1365416645624143873,2,3,79069.19757227854
62,SCSA_PLUS,1337022746824499203,3,3,76128.00602428085
62,SCSA_PLUS,1351920546011893761,4,3,74390.5475917714
62,SCSA_PLUS,1337021907464499204,5,3,67495.30843558513
62,SCSA_PLUS,1362083047785439239,6,3,52420.29798354695
62,SCSA_PLUS,1337463904566456320,7,3,43527.399345379476
62,SCSA_PLUS,1294010972055592962,8,3,15465.95044567157
62,SCSA_PLUS,1364607745270423556,9,3,14565.146750784681
62,SCSA_PLUS,1357647227808841728,10,3,12104.311137941846
63,SCSA_PLUS,1369343506939019269,1,1,3052.5694870533866
63,SCSA_PLUS,1369498799673065473,2,4,1436.9814638059615
63,SCSA_PLUS,1367766039254163458,3,3,1235.5292622760137
63,SCSA_PLUS,1366709656974942211,4,4,1207.0441951194061
63,SCSA_PLUS,1368697794417065992,5,3,948.3931171254613
63,SCSA_PLUS,1365007905318133766,6,5,787.2150321488255
63,SCSA_PLUS,1369396362840858635,7,2,776.0504444414541
63,SCSA_PLUS,1362074171832958980,8,4,727.336261547019
63,SCSA_PLUS,1361701236395958278,9,3,714.3107672149162
63,SCSA_PLUS,1364579317964034050,10,5,618.9174904669693
66,SCSA_PLUS,1305852766850555904,1,5,72634.15927557347
66,SCSA_PLUS,958350559177736194,2,4,17782.4325949191
66,SCSA_PLUS,1365113385658970113,3,5,12360.017547246229
66,SCSA_PLUS,1321799645652307969,4,5,9712.074067678424
66,SCSA_PLUS,1364664823984779267,5,5,5020.701719755106
66,SCSA_PLUS,1303840025000509448,6,4,3824.352030940907
66,SCSA_PLUS,1368217898095964166,7,5,3334.248798333524
66,SCSA_PLUS,1317810926133874689,8,5,1883.1177735836065
66,SCSA_PLUS,1330977426906689538,9,2,921.2507911473406
66,SCSA_PLUS,1327398719789150214,10,2,835.7133983444033
67,SCSA_PLUS,1362074171832958980,1,4,727.336261547019
67,SCSA_PLUS,1362085735063572482,2,4,277.23531643963815
67,SCSA_PLUS,1359577321695547392,3,5,158.6106033815568
67,SCSA_PLUS,1369614175048249346,4,4,34.57165971373229
67,SCSA_PLUS,1369298875719311360,5,3,8.565677988489155
67,SCSA_PLUS,1369311531360518146,6,3,8.024867974421666
67,SCSA_PLUS,1369326799709212680,7,3,7.10694763594484
67,SCSA_PLUS,1369405604595400711,8,3,5.448182073234883
67,SCSA_PLUS,1369315042236174343,9,4,3.3729879649947727
67,SCSA_PLUS,1362776603047165957,10,3,2.712549076935986
68,SCSA_PLUS,1364607745270423556,1,5,14565.146750784681
68,SCSA_PLUS,1327659608903733249,2,5,11351.672208818916
68,SCSA_PLUS,1337102280059834370,3,4,7705.113014797259
68,SCSA_PLUS,1293655120706600960,4,4,4493.489759907713
68,SCSA_PLUS,1352380607314145283,5,5,3849.478239542625
68,SCSA_PLUS,1354966674525597698,6,5,3765.887186348917
68,SCSA_PLUS,1336810117057179649,7,5,3686.3647174083862
68,SCSA_PLUS,1350865539091066881,8,5,3611.9288311722376
68,SCSA_PLUS,1319321276171759617,9,5,3469.818900408973
68,SCSA_PLUS,1323278697466630145,10,5,2968.4443356240713
70,SCSA_PLUS,1369343506939019269,1,5,3052.5694870533866
70,SCSA_PLUS,1369547940017147907,2,4,703.2311496008624
70,SCSA_PLUS,1369242094217404419,3,5,437.3897896322216
70,SCSA_PLUS,1369469114620731393,4,5,304.46077461349364
70,SCSA_PLUS,1369495249417101312,5,5,251.64971798627315
70,SCSA_PLUS,1369440747641049091,6,4,205.34598902987193
70,SCSA_PLUS,1369445460163915780,7,4,177.10653432254963
70,SCSA_PLUS,1369441382973272064,8,5,174.5604246560723
70,SCSA_PLUS,1369352315698872325,9,4,161.95036678465917
70,SCSA_PLUS,1368604102989541376,10,5,138.79071142239496
71,SCSA_PLUS,1189330936300756992,1,5,134920.21874142578
71,SCSA_PLUS,1151160990995746816,2,5,41119.23242595107
71,SCSA_PLUS,1364607745270423556,3,5,14565.146750784681
71,SCSA_PLUS,1357647227808841728,4,4,12104.311137941846
71,SCSA_PLUS,1338474408743215106,5,3,9183.617712134519
71,SCSA_PLUS,1312476369830338561,6,4,7951.917705515229
71,SCSA_PLUS,1337102280059834370,7,3,7705.113014797259
71,SCSA_PLUS,1326208392923410432,8,4,7423.365063089659
71,SCSA_PLUS,1298591876963078146,9,3,5677.762565792783
71,SCSA_PLUS,1343240225129168898,10,4,5348.498141946044
72,SCSA_PLUS,1346184604827279360,1,5,64672.379549097706
72,SCSA_PLUS,1364248308781248517,2,5,4153.670819703572
72,SCSA_PLUS,1298277043499462656,3,5,3912.183817028659
72,SCSA_PLUS,1369343506939019269,4,2,3052.5694870533866
72,SCSA_PLUS,1351256621993738240,5,5,3029.594996668337
72,SCSA_PLUS,1364662601473429514,6,5,2176.146012927456
72,SCSA_PLUS,1365338574908891138,7,4,2137.913682842744
72,SCSA_PLUS,1364604015103778820,8,4,1784.920456069647
72,SCSA_PLUS,1329459194601193472,9,5,1030.8759134080046
72,SCSA_PLUS,1363878818100875267,10,4,739.7378848594092
73,SCSA_PLUS,1369498799673065473,1,2,1436.9814638059615
73,SCSA_PLUS,1366709656974942211,2,1,1207.0441951194061
73,SCSA_PLUS,1365007905318133766,3,4,787.2150321488255
73,SCSA_PLUS,1362074171832958980,4,1,727.336261547019
73,SCSA_PLUS,1361701236395958278,5,1,714.3107672149162
73,SCSA_PLUS,1364579317964034050,6,2,618.9174904669693
73,SCSA_PLUS,1367763412244172802,7,2,498.74040849875115
73,SCSA_PLUS,1361388306106318857,8,3,364.4238776661783
73,SCSA_PLUS,1362085735063572482,9,1,277.23531643963815
73,SCSA_PLUS,1359577321695547392,10,1,158.6106033815568
74,SCSA_PLUS,1369063128269479936,1,2,729.0916821073148
74,SCSA_PLUS,1369990624041140230,2,1,275.05567418669597
74,SCSA_PLUS,1369495249417101312,3,5,251.64971798627315
74,SCSA_PLUS,1369441382973272064,4,4,174.5604246560723
74,SCSA_PLUS,1369600439239458820,5,2,157.3357758830301
74,SCSA_PLUS,1370088400410324994,6,4,146.94289899162982
74,SCSA_PLUS,1369538190827270145,7,2,132.05763906460194
74,SCSA_PLUS,1369538553219325952,8,1,117.32470392061362
74,SCSA_PLUS,1369441796925886465,9,3,114.70384284457229
74,SCSA_PLUS,1369396337469501452,10,2,105.32403177758972
76,SCSA_PLUS,1358058477785120769,1,1,592365.1287977837
76,SCSA_PLUS,1349748316901310464,2,2,178416.63778930844
76,SCSA_PLUS,1322665368108716033,3,3,156769.8266121663
76,SCSA_PLUS,1354658220585922565,4,2,144348.09748048385
76,SCSA_PLUS,1338944728969035776,5,4,117845.10612161113
76,SCSA_PLUS,1337020338916499463,6,5,91535.97878535106
76,SCSA_PLUS,1334724211689074688,7,2,88147.1415243851
76,SCSA_PLUS,1365416645624143873,8,2,79069.19757227854
76,SCSA_PLUS,1273231711908872193,9,5,78586.42708027009
76,SCSA_PLUS,1337022746824499203,10,4,76128.00602428085
77,SCSA_PLUS,1367625947462184961,1,3,651.1233917482868
77,SCSA_PLUS,1363322581076619265,2,5,131.6392666239354
77,SCSA_PLUS,1366588589191147526,3,4,111.37211660735613
77,SCSA_PLUS,1369552733536219138,4,3,84.59643139580761
77,SCSA_PLUS,1369598009084887043,5,4,49.876975904269024
77,SCSA_PLUS,1369521918412472320,6,2,41.67354638529643
77,SCSA_PLUS,1369614175048249346,7,5,34.57165971373229
77,SCSA_PLUS,1368923387532369922,8,5,29.32003606349311
77,SCSA_PLUS,1368622654870192131,9,4,21.490113548438927
77,SCSA_PLUS,1369226601972563972,10,5,19.20013419189834
78,SCSA_PLUS,1368561200754270210,1,4,24727.376011343455
78,SCSA_PLUS,1366232555037462531,2,4,10492.55449791289
78,SCSA_PLUS,1367113993815547906,3,2,5552.706194610533
78,SCSA_PLUS,1367172928295628802,4,1,5064.537182380468
78,SCSA_PLUS,1367327155667935236,5,1,4052.179237283662
78,SCSA_PLUS,1368909409775149064,6,1,3451.8474217604526
78,SCSA_PLUS,1368218004861911049,7,1,2895.1724411257583
78,SCSA_PLUS,1366848285361717252,8,2,2105.305324340144
78,SCSA_PLUS,1368204280629444611,9,1,2007.172595206886
78,SCSA_PLUS,1368245651046207493,10,3,1929.9246528782753
79,SCSA_PLUS,1095067826061262848,1,5,169223.15448479887
79,SCSA_PLUS,1367702233853259783,2,2,123799.85998468667
79,SCSA_PLUS,1273231711908872193,3,4,78586.42708027009
79,SCSA_PLUS,1324424895749652481,4,3,11275.220059813619
79,SCSA_PLUS,1341790679945670656,5,5,9981.620861890397
79,SCSA_PLUS,1355379018791591936,6,3,7048.719505484335
79,SCSA_PLUS,1182112257708306433,7,5,5531.354104341975
79,SCSA_PLUS,1212045448812417030,8,5,3912.299699565752
79,SCSA_PLUS,1319321276171759617,9,3,3469.818900408973
79,SCSA_PLUS,1321455751567532032,10,5,2802.1447852266283
81,SCSA_PLUS,1368561200754270210,1,5,24727.376011343455
81,SCSA_PLUS,1366854672955240450,2,5,14407.047962926057
81,SCSA_PLUS,1368299640421052423,3,5,10442.55580254719
81,SCSA_PLUS,1367862841907294209,4,5,9341.067660063727
81,SCSA_PLUS,1368225636993691649,5,5,6062.702628914442
81,SCSA_PLUS,1367113993815547906,6,5,5552.706194610533
81,SCSA_PLUS,1369267106215235589,7,5,5056.235428137185
81,SCSA_PLUS,1367822755769573377,8,5,4287.27567385218
81,SCSA_PLUS,1368170081633644548,9,4,3971.6371146784986
81,SCSA_PLUS,1368487188724350976,10,5,3682.276290531465
