news_id,author_id,text,likes_count,retweets_count,comments_count,mentioned_user_ids,topic,subtopic,created_at,oracle_social_capital_score,oracle_sentiment_score
1369343506939019269,759251,"As first lady of the United States, and the first Black person to serve in the role, Obama ""has emerged as one of the most influential and iconic women of the 21st century,"" a statement from the National Women's Hall of Fame says. https://t.co/o8uJq4MNrt",3941,450,271,,Notícias,Do Mundo,2021-03-09T17:45:07.0000000+00:00,2898.855215360583,-0.0952694714069366
1151160990995746816,180463340,"DRACARYS!
#GameofThrones is the most nominated series at this year’s #Emmys, with 32 nominations. https://t.co/cmPM3XonUE",58339,13354,1156,,Entretenimento,Séries de TV,2019-07-16T16:05:42.0000000+00:00,49465.915255567365,-0.1916708052158355
1343240225129168898,1060978099146260480,Relive every step of the journey. All episodes of #TheMandalorian are now streaming on @DisneyPlus. https://t.co/aceayr6vdX,8265,617,103,985916593065476096,Entretenimento,Séries de TV,2020-12-27T17:00:00.0000000+00:00,5391.017369792038,-0.1788420379161834
1312476369830338561,1141417774201184257,"Scream Fortress XII –⁠ the annual Team Fortress 2 Halloween Event –⁠ has begun! Play on four new Halloween themed community maps, get tons of new community unlocks, and check out improvements to the Mannpower game mode. https://t.co/1PBcS8e3D1 https://t.co/VSGJKWZaxw",11406,1708,511,,Entretenimento,Games,2020-10-03T19:35:25.0000000+00:00,8663.967279386572,-0.1308510601520538
1369271796499947520,759251,"Harry and Meghan's seismic interview, and its aftermath, are still being met with a wall of silence from Buckingham Palace. https://t.co/bspAefQYKM https://t.co/bKhJphDvmk",967,110,287,,Notícias,Do Mundo,2021-03-09T13:00:10.0000000+00:00,852.3387174380292,-0.2019323110580444
1281615412459782145,2412917082,We are not uncertain. #SHOemmyFYC https://t.co/r0y136EFRk,1430,168,44,,Entretenimento,Séries de TV,2020-07-10T15:45:00.0000000+00:00,1030.90622139765,-0.1716744601726532
1324784149241147394,1288485038,Relax this weekend with the official #PeakyBlinders cocktail book. Take a sneak peek at some of the recipes here: https://t.co/Yw1onGfk84 https://t.co/Hj8hFqaU4y,2342,158,28,,Entretenimento,Séries de TV,2020-11-06T18:42:09.0000000+00:00,1533.501202278386,-0.1674118936061859
1338474408743215106,1288485038,"How it started vs how it's going

? Robert Viglasky https://t.co/1XQl5YwXfq",13928,1494,75,,Entretenimento,Séries de TV,2020-12-14T13:22:21.0000000+00:00,9644.275049843687,-0.2249409258365631
1298591876963078146,1288485038,A behind the scenes moment on the set of #PeakyBlinders season 3! https://t.co/rfFb6IwfPG,8880,838,62,,Entretenimento,Séries de TV,2020-08-26T12:03:24.0000000+00:00,6004.460225244818,-0.2227567434310913
1189330936300756992,180463340,"#HouseOfTheDragon, a #GameofThrones prequel is coming to @HBO.

The series is co-created by @GRRMSpeaking and Ryan Condal. Miguel Sapochnik will partner with Condal as showrunner and will direct the pilot and additional episodes. Condal will be writing the series. https://t.co/9ttMzElgXm",164212,69054,4655,2557037323|15635604,Entretenimento,Séries de TV,2019-10-29T23:59:26.0000000+00:00,183984.45230361132,-0.1907608211040496
1369281593693646851,1367531,"Vanita Gupta, associate AG nominee who faces hearing Tuesday, is Biden's wealthiest nominee

https://t.co/YEUggotDY7",72,20,40,,Notícias,Do Mundo,2021-03-09T13:39:06.0000000+00:00,90.70381909881844,-0.1264989376068115
1369388544003895298,5988062,Women’s participation in America's labour force has not been this low since 1987 https://t.co/u1XA8K5FgQ,85,40,8,,Notícias,Do Mundo,2021-03-09T20:44:05.0000000+00:00,105.33295701016152,-0.1305131018161773
1369253885932617735,1367531,"Locked up? Thief brings stolen $200G McLaren to get new locks, gets caught instead

https://t.co/XOPEdInp5Z",209,40,22,,Notícias,Do Mundo,2021-03-09T11:49:00.0000000+00:00,183.05767574600503,-0.191228449344635
1369010885075812352,1367531,Timeline of Cuomo scandals reveals CNN’s involvement in pushing glowing narrative of embattled governor https://t.co/7kEEm043Tv,487,136,149,,Notícias,Do Mundo,2021-03-08T19:43:24.0000000+00:00,526.1457808602514,-0.2237928807735443
1369523963974549504,87818409,It’s been a year since lockdown devastated the arts. Here’s what the industry needs now | Esther Anatolitis https://t.co/6XAhy3v1Ty,58,22,6,,Notícias,Do Mundo,2021-03-10T05:42:12.0000000+00:00,67.2118563148972,-0.2275257408618927
1369483207935225856,14173315,"Opinion | Judi Ketteler: I'm a die-hard Democrat, but Republicans are the only ones listening to me now. - @NBCNewsTHINK https://t.co/vYFrQmRyW1",34,10,31,905416143313219584,Notícias,Do Mundo,2021-03-10T03:00:15.0000000+00:00,54.95105545052567,-0.1469333469867706
1369439516679942144,87818409,Coronavirus live news: Brazil sees record deaths; Japan may stage Olympics without overseas spectators https://t.co/5uhzeoWxjD,48,31,6,,Notícias,Do Mundo,2021-03-10T00:06:38.0000000+00:00,70.06941776821338,-0.2010569274425506
1370144518100684802,28785486,"As Americans prepare to ""spring forward"" one hour on Sunday for daylight saving time, some senators are hoping to make the switch permanent. https://t.co/SzMxGwm26D",131,33,22,,Notícias,Do Mundo,2021-03-11T22:48:03.0000000+00:00,132.16677820015363,-0.1675083339214325
1368604102989541376,1367531,"'West Side Story' star George Chakiris recalls working with Marilyn Monroe, Natalie Wood: 'I'm very lucky' https://t.co/WBgE9oNM0u",173,22,18,,Notícias,Do Mundo,2021-03-07T16:47:00.0000000+00:00,138.33250283490057,0.0284115374088287
1369460811760988160,28785486,"RT @ABCWorldNews: RELIEF BILL VOTE: Pres. Biden’s $1.9 trillion COVID-19 relief bill has made it back to the House, where it is expected to…",0,50,0,86141342,Notícias,Do Mundo,2021-03-10T01:31:15.0000000+00:00,59.40307127992188,-0.1342864036560058
1369325020258983936,24742040,"""Thank you to all our players for joining us on this incredible journey and to the millions of Bethesda fans around the world. Now that we’re one team, we can start working together on the future ahead.” - @XboxP3",2253,78,39,532406707,Entretenimento,Games,2021-03-09T16:31:40.0000000+00:00,1376.689711504115,-0.1157717406749725
1365315820080009221,821102114,"Congrats to all! We’ll be contacting all winners via DMs, so make sure to check your inboxes.
We hope you’ll keep showcasing your skillful use of our in-game photo mode and taking our breaths away!",1898,38,55,,Entretenimento,Games,2021-02-26T15:00:32.0000000+00:00,1142.4186097450954,-0.1081195175647735
1344689933978656771,1060978099146260480,#MoffGideon https://t.co/3MVNIEXa8F,2611,225,42,,Entretenimento,Séries de TV,2020-12-31T17:00:38.0000000+00:00,1748.380643906859,0.0
1369375444793954323,807095,"If the economic recovery continues to be lopsided, people who were already at a disadvantage when the crisis began are in danger of being left even further behind. https://t.co/oFv3dWtbcb https://t.co/8f34V70pNU",70,39,8,,Notícias,Do Mundo,2021-03-09T19:52:02.0000000+00:00,95.62109285362546,-0.1550205051898956
1317842770816602114,715177919438577664,Change will challenge tradition. https://t.co/o7tcxGluYV,4559,1069,43,,Entretenimento,Séries de TV,2020-10-18T14:59:35.0000000+00:00,3994.2540167986576,-0.2131175994873047
1336964656792035329,821102114,@discord @GOGcom @Steam @EpicGames ?,2904,15,27,121258930|18334111|3065618342|36803580,Entretenimento,Games,2020-12-10T09:23:08.0000000+00:00,1653.0657753439968,0.0
1369441796925886465,807095,"Schumer faces formidable hurdles in keeping together his ideologically diverse caucus in the face of a more determined than ever Republican opposition. He told @lukebroadwater how he plans to handle this role. “I do my job well, and everything works out.” https://t.co/iYAZlxtyFG",128,32,12,26756955,Notícias,Do Mundo,2021-03-10T00:15:42.0000000+00:00,125.42897300488512,-0.1751487553119659
1336810117057179649,821102114,@assassinscreed @CDPROJEKTRED @doubleleaf &lt;3 https://t.co/rIkYWdNAcX,6084,111,32,38232487|1171755060|110616795,Entretenimento,Games,2020-12-09T23:09:03.0000000+00:00,3542.9514134812634,-0.1430124342441558
1369400194513723396,807095,Read more about what Americans can expect from the stimulus bill should it become law. https://t.co/kJuXBJHmfH,54,16,6,,Notícias,Do Mundo,2021-03-09T21:30:23.0000000+00:00,56.63146594903869,-0.2184539437294006
1365327872643260420,821102114,@memecity0 @tostspender @bixbyknows1 Sending love ❤️,36,2,2,1236695563342659589|3152101881|1327811881143205888,Entretenimento,Games,2021-02-26T15:48:26.0000000+00:00,23.50358613881069,0.0
1364607745270423556,821102114,"It’s not the news we enjoy sharing, but we want to make sure we launch this update properly. Stay tuned for more information as the time draws closer. Thank you for your continued patience and support. 3/3",21759,563,1156,,Entretenimento,Games,2021-02-24T16:06:54.0000000+00:00,13482.60945829298,-0.1324534714221954
1337077938076979205,821102114,@DeusEx @CDPROJEKTRED @Tholia_Bentz Thanks! Right back at ya! https://t.co/LipziY1zHV,1011,23,26,31137807|1171755060|858646142,Entretenimento,Games,2020-12-10T16:53:16.0000000+00:00,607.5398219455894,-0.1557211875915527
1354118501653483523,273181052,@darveyismarried @sarahgrafferty @AmandaSchull @KatieHeigl @GabrielMacht @akorsh9 @ginatorres @halfadams @DuleHill Happy Belated! ❤️,7,0,1,348224496|164596794|1001950930697240576|245229537|40342628|262388975|326020899|87239242|894130670603309056,Entretenimento,Séries de TV,2021-01-26T17:26:23.0000000+00:00,6.271929585337063,-0.1235638558864593
1369383214062665731,24742040,"@Mach5W We've been enjoying it too! Sort of a lower-stakes ""venture outside"" simulator.",22,0,1,1360998579234570249,Entretenimento,Games,2021-03-09T20:22:54.0000000+00:00,16.91309187819651,-0.1598248779773712
1336793663792406530,821102114,@ruinergame @CDPROJEKTRED Thank you! https://t.co/zKZqNwcip1,351,9,9,2785993288|1171755060,Entretenimento,Games,2020-12-09T22:03:40.0000000+00:00,211.591243495478,0.0
1369386818169372680,24742040,@MissDeusGeek They are going to be SO epic. Can't wait.,34,4,0,561659754,Entretenimento,Games,2021-03-09T20:37:14.0000000+00:00,24.99683524231556,-0.2193705141544342
1339525827118194689,1038082275689340928,"Just admiring the pure beauty and artistry on display. (Remember, YOU chose surprise.) #Witchmas https://t.co/wgCey8hP2P",5666,722,164,,Entretenimento,Séries de TV,2020-12-17T11:00:19.0000000+00:00,4185.050972296273,-0.1523327529430389
1369372321736232963,24742040,@Undead7774 Thanks! We're so excited for the future.,2,0,0,407337082,Entretenimento,Games,2021-03-09T19:39:37.0000000+00:00,2.238715269097588,-0.1429913341999054
1367882927384768524,10671602,"Next week, in honor of International Women's Day we're spotlighting inspiring women in gaming, with a twist! Alongside the share of your favorite heroine (or villain!), share the story of how or why the character inspired you in using #PSshare #PSBlog for a chance to be featured! https://t.co/tyyB8rzNlf",477,46,13,,Entretenimento,Games,2021-03-05T17:01:18.0000000+00:00,341.8555844972305,-0.1350269913673401
1363551492486008834,15234657,@Aaron2Shoes @jsnmiller314 @josef_fares @HazelightGames @goodietooshoe We're excited for you to play it!,8,1,1,2916921081|240695163|2892152997|1170868047474831360|960521571562598401,Entretenimento,Games,2021-02-21T18:09:44.0000000+00:00,7.831248841025886,-0.1511211097240448
1363564146948665347,34992644,"? King of Melbourne ?

Novak Djokovic wins NINTH #AusOpen title, taking grand slam tally to 18.

? https://t.co/Jf8zfiMt5D https://t.co/iJPXdksYWm",21,0,0,,Notícias,Esportes,2021-02-21T19:00:01.0000000+00:00,15.753376025711775,-0.2391892671585083
1369498799673065473,2557521,"Gonzaga beats BYU to become WCC champions ?

Jalen Suggs:
? 23 Pts
? 5 Reb
? 5 Ast https://t.co/pP8JOuPBp6",2000,116,64,,Notícias,Esportes,2021-03-10T04:02:12.0000000+00:00,1303.5049821452544,-0.2118859887123108
1367766039254163458,368276033,"???? ???? ??????? ? ???????? ?

What race are you looking forward to most? ?

Watch them all live with us!

#SkyF1 | #F1 https://t.co/YL1F7zeZ65",1549,237,156,,Notícias,Esportes,2021-03-05T09:16:50.0000000+00:00,1252.8442485383337,-0.1449298560619354
1369453291936088064,14173315,"LIVE: @WatchSavannah and @joefryer host 'Beyond Covid: Life After Lockdown,' a special focusing on health, business, education, and how the country moves toward a post-pandemic future.

Watch on NBC TV, @NBCNewsNOW or @peacockTV. https://t.co/uQYxKsZmYg",76,32,4,8036392|1171155332917321730|287724263|27242124,Notícias,Do Mundo,2021-03-10T01:01:22.0000000+00:00,87.8888672941914,-0.1649264991283416
1369600439239458820,14173315,"Organ transplants shouldn't be denied to people with disabilities like Down syndrome or autism, legislation proposes. https://t.co/hiuZgZ7Rkf",172,46,17,,Notícias,Do Mundo,2021-03-10T10:46:05.0000000+00:00,164.08026899808826,-0.1803047358989715
1368785659066941440,2557521,LeBron couldn't get enough of playing with Steph at #NBAAllStar https://t.co/3jUfItT6DM,17087,1563,129,,Notícias,Esportes,2021-03-08T04:48:26.0000000+00:00,11507.735664588328,-0.1486797332763672
1369579853612281860,28785486,"Tyson Foods says it will offer free, on-site COVID-19 vaccinations to thousands of its front-line workers in Arkansas, Kansas, North Carolina and Iowa. https://t.co/8B5su9Cb5W",108,25,20,,Notícias,Do Mundo,2021-03-10T09:24:17.0000000+00:00,104.1787006198032,-0.1699835062026977
1369587331691208706,87818409,Tell us: were you affected by the 1981 riots?  https://t.co/kPUnO9OeRl,20,6,10,,Notícias,Do Mundo,2021-03-10T09:54:00.0000000+00:00,28.67569326574397,-0.2108437418937683
1369601403686182915,16973333,Who could replace Piers Morgan on Good Morning Britain? https://t.co/Lo5JCjrrHg,18,8,113,,Notícias,Do Mundo,2021-03-10T10:49:55.0000000+00:00,96.94917609900162,-0.1388311088085174
1364144723590578176,368276033,"A ""highly motivated"" Sebastian Vettel has been tipped to be back on his ""A game"" in F1 2021

McLaren's Zak Brown has been sizing up his team's major rivals... ?

#SkyF1 | #F1",536,27,6,,Notícias,Esportes,2021-02-23T09:27:01.0000000+00:00,346.3585386033077,-0.1725291013717651
1369985018878169089,28785486,Pres. Biden has gone longer without facing extended questions from reporters than any of his 15 predecessors over the past 100 years. https://t.co/1bC0O0TFNQ,1571,474,1834,,Notícias,Do Mundo,2021-03-11T12:14:16.0000000+00:00,2633.26034074498,-0.2085326611995697
1370003953598013450,28785486,Residents of this senior living community in Virginia smashed a virus-shaped piñata to celebrate being vaccinated. https://t.co/40DYF6a9tz https://t.co/zJ68hyRScw,574,100,15,,Notícias,Do Mundo,2021-03-11T13:29:30.0000000+00:00,458.447951199204,-0.2046608924865722
1369610663547518978,16973333,Fake heiress jailed for fraud who has Netflix series coming out says ‘in a way’ crime pays https://t.co/n877zcUVWF,13,5,3,,Notícias,Do Mundo,2021-03-10T11:26:42.0000000+00:00,19.13216225000952,-0.1864847540855407
1369471231448158208,5988062,Last year China’s defence budget grew by $12bn. Now American commanders want to splash the cash https://t.co/sYnR0DVXB7,67,22,12,,Notícias,Do Mundo,2021-03-10T02:12:39.0000000+00:00,76.21797872353798,-0.1596662402153015
1369578871478235143,16973333,Jeff Bezos plans to spend $10 billion on climate change by 2030 https://t.co/fuR4KbcXIw,55,10,23,,Notícias,Do Mundo,2021-03-10T09:20:23.0000000+00:00,66.72347177693999,-0.2207013666629791
1369382859534897161,28785486,"MORE: A reward for information leading to the arrest of a suspect stands at $100,000. https://t.co/OGO53O23Uw",61,26,4,,Notícias,Do Mundo,2021-03-09T20:21:30.0000000+00:00,67.7146954398071,-0.1216708421707153
1370128693662785544,28785486,"The federal government announced that its rules for visiting nursing homes are being relaxed, citing a rise in vaccination numbers among the population. https://t.co/qmhxKRZ7GC",47,10,6,,Notícias,Do Mundo,2021-03-11T21:45:10.0000000+00:00,44.76983875993999,-0.2143415212631225
1369037711324119046,1367531,Arizona police slap charges on women involved in Bath &amp; Body Works brawl https://t.co/KDXTTAz5rf,162,25,68,,Notícias,Do Mundo,2021-03-08T21:30:00.0000000+00:00,167.4408247074973,-0.2206763327121734
1369271770960850949,5988062,"America’s $1.9trn covid-relief bill looks set to pass through the House. “The Intelligence” asks @imkahloon what is in it, and what its passage portends https://t.co/XmEw1oFTbP",33,18,5,869308903,Notícias,Do Mundo,2021-03-09T13:00:04.0000000+00:00,45.88890466380583,-0.1553539931774139
1369511733975515142,14173315,"JUST IN: Alaska has become the first state to drop eligibility requirements for Covid-19 vaccines and allow anyone 16 or older who lives or works in the state to get a vaccine, Gov. Dunleavy says. https://t.co/3DvMdFKK4u",577,103,12,,Notícias,Do Mundo,2021-03-10T04:53:36.0000000+00:00,458.3658446468348,-0.1698968708515167
1362776603047165957,621583,@qayyumabro @dazchild @scottishwildcat @BrianBarilla Happy to help out here! Nvidia says it will deliberately reduce the efficiency of its latest card by 50% when it is used to mine the crypto-currency Ethereum - but it will also sell a bespoke crypto-currency mining processor,2,0,1,172724148|266908809|6269352|2464301418,Notícias,Tecnologia,2021-02-19T14:50:35.0000000+00:00,12.338907803817056,0.0311402976512908
1369048387815899139,14293310,"Whether such sentiments will spread beyond the protests is unclear, but for now, female farmers are being seen, heard and acknowledged—offering a new vision of what gender equality might look like for the country.

Read the full story by @nilanjanab https://t.co/0ADKRcFArw",51,14,7,23984477,Notícias,Do Mundo,2021-03-08T22:12:26.0000000+00:00,59.31757780298455,-0.1492411196231842
1369355243406954501,807095,Read more about the race that tests teenagers’ survivor skills in Alaska: https://t.co/sIOSOYPcc4,88,13,0,,Notícias,Do Mundo,2021-03-09T18:31:46.0000000+00:00,68.27421887288567,-0.1764643490314483
1362074171832958980,11856342,".@A_kamara6 is getting into @NASCAR, now!

Kamara's @bigsqueezynola will sponsor @NASCAR_Xfinity series driver @RyanVargas_23 in this weekend's race at @Daytona. https://t.co/ntkB3rygnF",1044,125,13,39814938|1652035698|560350106|1343659229106876416|20847350|49153854,Notícias,Esportes,2021-02-17T16:19:23.0000000+00:00,746.777897503588,-0.1389772295951843
1369614175048249346,25562270,A House Judiciary panel focused on antitrust will hear from three witnesses on Friday who represent a range of news organizations with concerns about how big tech platforms like Facebook and Google increasingly dominate their industry https://t.co/9dkhqgEVLe https://t.co/VLCMRiDgSP,31,12,6,,Notícias,Tecnologia,2021-03-10T11:40:40.0000000+00:00,44.246354291937415,-0.1257069408893585
1359577321695547392,11856342,"@BizballMaury @flula 'There are some pillows on the dirt, and then after 7 times of going back and forth they sing about popcorn.'

Honestly, not wrong.",246,12,1,32817728|14593090,Notícias,Esportes,2021-02-10T18:57:47.0000000+00:00,157.64476787632887,-0.079100102186203
1362085735063572482,11856342,"@playofffinale @AdamSandler You know we’re giving the retweet button a little tappy, Happy. https://t.co/BZvqX5tPfR",431,18,0,316756361|27445405,Notícias,Esportes,2021-02-17T17:05:20.0000000+00:00,265.2285514824327,-0.1003587543964386
1369292125641269258,46403451,"Football Weekly is here, with @maxrushden, @larssivertsen, @sidlowe and @NickyBandini https://t.co/WhoQkYPZgI",22,2,1,107136246|20374935|108957853|19939667,Notícias,Esportes,2021-03-09T14:20:57.0000000+00:00,19.0271504143376,-0.147245854139328
1369458171467591683,1344951,Want to support more journalism like this? Subscribe to WIRED for just $5 a year and get full access to our website and magazine https://t.co/l9FUptKwgd https://t.co/iaCexurIpK,4,0,0,,Notícias,Tecnologia,2021-03-10T01:20:46.0000000+00:00,6.155923256917273,-0.1568154692649841
1365007905318133766,11856342,".@AdamSandler and @ShooterMcGavin_ greenlit ""Happy Gilmore 2"" on the @dpshow ?
https://t.co/fF91cfXq7D",1058,185,21,279321785|316756361|65414320,Notícias,Esportes,2021-02-25T18:36:59.0000000+00:00,839.2875820812162,-0.1399295330047607
1361388306106318857,368276033,"We're live from the @McLarenF1 Technology Centre at 7pm to see the brand new MCL35M​ unveiled! ?

We'll also be speaking to @LandoNorris and @DanielRicciardo! ? https://t.co/22hRArCHxU",540,48,4,516464106|24871896|214413743,Notícias,Esportes,2021-02-15T18:54:00.0000000+00:00,365.84754513985166,-0.1370042860507965
1361701236395958278,368276033,"The calendar is filling up! ?

@AlpineF1Team and @AstonMartinF1 reveal their launch dates.

#SkyF1 | #F1 https://t.co/Qwwnqkd8fg",1016,121,23,16143542|28297965,Notícias,Esportes,2021-02-16T15:37:28.0000000+00:00,731.1050423571209,-0.1298592686653137
1366932843067277314,11856342,"Now that's a TEAM.

@S10Bird, @alexmorgan13, @ChloeKim &amp; @swimone join forces to launch @togethxr, a brand that elevates women's voices and tells their stories.  https://t.co/ZroOYjN9GO",32,11,1,1258091656093417472|1638756846|1228176728|741696985|28665877,Notícias,Esportes,2021-03-03T02:06:00.0000000+00:00,35.25009760390647,-0.1436134874820709
1369030160943611907,2557521,"It's Monday which means @JoeFortenbaugh and @Tyler_Fulghum are back with more Bet.

They dive into the futures of Dak Prescott, Deshaun Watson and Russell Wilson, welcome in @NickFriedell to talk NBA playoffs, and then a special karaoke segment! https://t.co/IStW3u4ukZ",70,11,4,175580488|16402282|85375262,Notícias,Esportes,2021-03-08T21:00:00.0000000+00:00,61.06833869557613,-0.0944357514381408
1366709656974942211,368276033,"Hear from 7-time World Champion @LewisHamilton as @MercedesAMGF1 launch their W12 ?

Can he seal an unprecedented eighth crown this year? ?

#SkyF1 | #F1",1738,155,24,213969309|26235265,Notícias,Esportes,2021-03-02T11:19:09.0000000+00:00,1168.9142665658076,-0.1663877367973327
1364579317964034050,368276033,"You love to see it ?

Watch and hear from @RGrosjean after he completed 83 laps on his IndyCar testing debut, his first cockpit return since his #BahrainGP crash.

Don't forget, The 2021 @IndyCar season will be live on Sky Sports F1! ?

#SkyF1 | #INDYCAR",906,73,14,21302878|68674747,Notícias,Esportes,2021-02-24T14:13:56.0000000+00:00,614.3989800029656,-0.1817208528518676
1369441382973272064,759251,"What is the right way to safely and quickly reopen our schools? Join @JakeTapper for a live CNN special. Hear from students, teachers, parents and unions, @DrSanjayGupta and many more. Friday at 9 p.m. ET https://t.co/zSHsm3YCKJ",142,38,83,18170896|14529929,Notícias,Do Mundo,2021-03-10T00:14:03.0000000+00:00,181.39640651263116,-0.210676223039627
1369362392749121542,17602896,"On this IMDbrief, we break down what to expect from the upcoming biopic and how Lucille Ball broke barriers for generations of women to come. https://t.co/mX1rDTmK6h",102,19,4,,Entretenimento,Filmes,2021-03-09T19:00:10.0000000+00:00,89.62765352004034,-0.1541054248809814
1369030162298400778,15635604,"“You’ve got an open wound. We’ve got to take care of it or it’ll get infected and you’ll get a scar.”

A new episode of Beartown premieres tonight on @hbomax. https://t.co/TNMxd9UTX8",75,10,0,89090040,Entretenimento,Filmes,2021-03-08T21:00:00.0000000+00:00,59.235079448044125,-0.0179913938045501
1363896507242598402,15234657,"Thanks to the Black EA Team (BEAT!) for organizing a month long series of events focused on leaning in, listening, healing, &amp; uplifting our Black/African-American community at EA.

Learn more: https://t.co/WzRdxyhF2q #WeAreEA https://t.co/gKQe8i3AwN",186,10,31,,Entretenimento,Games,2021-02-22T17:00:41.0000000+00:00,138.78181345296517,-0.2074637115001678
1367883861271613441,15234657,Which ability would you rather have?,98,9,28,,Entretenimento,Games,2021-03-05T17:05:01.0000000+00:00,83.00233001552891,-0.1800084114074707
1366963364975452162,82652901,@avocalienaw What is the most interesting thing you learned about Billie?,1,0,1,4273987822,Entretenimento,Filmes,2021-03-03T04:07:17.0000000+00:00,4.055249410296871,-0.1366936564445495
1369048640111570951,17220817,"@Film_Diva If you're like us and can't get enough of Olivia Cooke, we recommend giving Vanity Fair a try.  https://t.co/A6bX0bJeNq",0,0,0,76665437,Entretenimento,Filmes,2021-03-08T22:13:26.0000000+00:00,5.137955414348717,-0.1748673021793365
1166395659500568579,115093611,Thanks to the guys at @exoticsracing for letting me know I’m in the #michelintimetrialchallenge Hall of Fame! See you guys at the track next time I’m in Vegas. https://t.co/WzMFz4W4Yc,176,17,10,76788525,Esportes,MMA,2019-08-27T17:02:50.0000000+00:00,124.2103180417785,-0.0776997804641723
1367559613005004800,18256664,We can’t argue with that! Happy Women's History Month! Catch an all-new episode of #CallMeKat tonight at 9/8c on @FOXTV! @CallMeKatFOX https://t.co/10pt0GMTsk,27,5,0,16537989|1227725047369887744,Entretenimento,Filmes,2021-03-04T19:36:34.0000000+00:00,25.739309537908756,-0.07310751080513
1353812372331220992,23119425,@illegalElbowMMA @SuperBowl Haha.  Love it!,3,0,1,19425947|728254626538082305,Esportes,MMA,2021-01-25T21:09:56.0000000+00:00,3.541436938272001,-0.2034326195716858
1321186362171666432,140845817,Bout to go down first cod tourney and celebrating 5 years on @twitch. Going live at 2pm pst https://t.co/ixGRxgNEdq https://t.co/cMT1D53vII,75,7,3,309366491,Esportes,MMA,2020-10-27T20:25:49.0000000+00:00,56.414559059650855,-0.119113028049469
1342995722761695232,56518880,https://t.co/6ZzYinl0Oz,1158,64,87,,Esportes,MMA,2020-12-27T00:48:26.0000000+00:00,774.6658483253022,0.0
1323456695725625344,232010910,Back at it! @Twitch https://t.co/zra8e4sQOD,129,5,4,309366491,Esportes,MMA,2020-11-03T02:47:19.0000000+00:00,80.31770313294936,0.0
1240704016046116865,115093611,Family is everything. Please take care of your loved ones. #QuarantineLife https://t.co/XZiKW2sbqS,319,18,13,,Esportes,MMA,2020-03-19T18:17:43.0000000+00:00,208.78155480927717,-0.1633689105510711
1306742315667529729,232010910,In good company on this fine Thursday evening! #gobrowns https://t.co/bt2QzPFAmv,303,5,14,,Esportes,MMA,2020-09-17T23:50:20.0000000+00:00,187.3303128544716,-0.1796269416809082
1153306430100910080,23119425,Nice. RT @IanChase007: @danhendo just got these in the mail today. Let’s goooo!!!!!! https://t.co/Ad9bGH8wTd,39,5,1,23119425|266837161,Esportes,MMA,2019-07-22T14:10:54.0000000+00:00,32.71747839597872,-0.1208260953426361
1324916905954652168,232010910,Late start! Let’s go! @Twitch https://t.co/zra8e4sQOD,119,7,4,309366491,Esportes,MMA,2020-11-07T03:29:40.0000000+00:00,79.76788584374337,-0.1635925769805908
1368659881260032001,90057442,"#teamcruz I appreciate all your support &amp; energy. I could definitely feel it. ??

Thank you @EricDelFierro, Alliance team, and all my coaches and trainers.

#UFC259 #dominickcruz #cruzcontrol #mma #ufc https://t.co/wGl4nyuH5F",527,13,25,214362445,Esportes,MMA,2021-03-07T20:28:38.0000000+00:00,330.12794103749843,-0.2252090573310852
1256258912866766851,115093611,Great work being done by this Luchador to produce masks. Check out this article and his Facebook page. #VivaMexico https://t.co/tyv6g5fzf9  https://t.co/HlGCmvvBIk,165,20,4,,Esportes,MMA,2020-05-01T16:27:19.0000000+00:00,122.279833531556,-0.2400866448879242
1318297870315839488,140845817,Loving the new update from @bstategames escape from tarkov https://t.co/ixGRxgNEdq,12,1,1,4096365088,Esportes,MMA,2020-10-19T21:07:59.0000000+00:00,11.272422035795554,-0.188304454088211
1180250671905263616,23119425,"Throwback to the old Ultimate Fighter days.
#FBF https://t.co/1esxUHEuzz",193,7,9,,Esportes,MMA,2019-10-04T22:37:42.0000000+00:00,123.50173878463144,-0.2221037745475769
1367521202042933249,16573941,"In 2020, The Old Guard made Gina Prince-Bythewood the first Black woman to direct a superhero movie. https://t.co/Lygi2vWknf",643,55,16,,Entretenimento,Filmes,2021-03-04T17:03:56.0000000+00:00,436.5449957356642,-0.1771949827671051
1367300793485828097,26585095,@accessonline @theJackMessina @HollyTaylor97 @Misspkc @jeff_rake @JR8Ramirez @lunablaise @JoshDallas @melissaroxburgh There's more to be revealed. #Manifest Season 3 premieres April 1 on NBC. https://t.co/5LAIY78d0k,96,29,3,33758417|1133136553|235213254|3350930423|2727707875|1119327458816348160|763109683238363136|133154993|21217034,Entretenimento,Filmes,2021-03-04T02:28:07.0000000+00:00,97.45617016423112,-0.1615345776081085
1369075493753020420,17602896,"@ava @luluwang @PattyJenks @Martha_Coolidge @BarbraStreisand @TheMaryLambert
@MiraPagliNair @JulieDash @big_pix @IamDeepaMehta @cdunye @emeraldfennell @ReginaKing @CathyYan @kasi_lemmons",23,2,0,36169080|478000821|916985559234502656|342327238|1093641243903459329|14982804|35990109|404158121|1058111600622735360|21334022|3223401234|265178794|822375565181132805|19543385|16196031,Entretenimento,Filmes,2021-03-09T00:00:08.0000000+00:00,15.109660300659652,0.0
1369075561981566976,17602896,"@joanchenchong @GPBmadeit @C_Hardwicke @lenadunham @Miranda_July @VeraFarmiga @DirSusanneBier @PhyllidaLloyd @AmmaAsante
@mimi_leder @Almaharel @oliviawilde",19,1,0,89503894|1881225786|2748245196|303757814|602252919|202151736|706835253009186816|31080039|37868953|271248939|957060706494369792|1569791546,Entretenimento,Filmes,2021-03-09T00:00:24.0000000+00:00,11.751987228222156,0.0
1303249708169613313,65468720,@MichaelRapaport @ColbyCovMMA @NBA @MLB @KingJames @USMAN84kg Easy key board warrior. You don’t want to get your panties in a bunch ?,70,10,8,19923144|182662505|23083404|442456291|18479513|241204643,Esportes,MMA,2020-09-08T08:31:58.0000000+00:00,58.03487233754159,-0.1796121001243591
1364666742916583427,985916593065476096,"Go nuts! #ChipNDaleParkLife, an Original Series, starts streaming July 23 on #DisneyPlus. https://t.co/epMXyYt6ve",1200,198,29,,Entretenimento,Filmes,2021-02-24T20:01:20.0000000+00:00,955.0497036348422,-0.1898131966590881
1366443197166096385,26585095,@NBCTheVoice @blakeshelton @kellyclarkson @johnlegend @nickjonas We're so excited! https://t.co/unCsBKXhhO,15,0,0,23690344|18228898|216444984|56783491|14920785,Entretenimento,Filmes,2021-03-01T17:40:20.0000000+00:00,10.071018994099411,-0.1655877828598022
1367237010608431106,16573941,@Jul_Worthington @kraftmacncheese @malcolmariefilm @Zendaya @NetflixFilm i have to admit: a plate would have never occurred to me....,10,1,1,1341069360249544704|2651482512|156038456|154280902|976604963743842304,Entretenimento,Filmes,2021-03-03T22:14:40.0000000+00:00,9.051592689581826,-0.1578358709812164
1367894335233142789,43192807,"Consume movies and books like you would a nutritious meal and reflect on what you liked about them or what you’d change about them. Use all these things to develop your own artistic voice and perspective. Oh and draw A LOT!” –Sunmee Joh, Story Artist⠀",233,30,4,,Entretenimento,Filmes,2021-03-05T17:46:38.0000000+00:00,176.822620925462,-0.1470266580581665
1324374402750767104,140845817,@Gabry4K @mistermv @PixelSword94 @Neweegee @zaebucca Amazing,14,0,1,845614875606953984|628327650|888862902614204416|1074519289|544902207,Esportes,MMA,2020-11-05T15:33:57.0000000+00:00,10.040629787685464,-0.1962483525276184
1363941648812675075,43192807,"It's also a time to broaden the awareness of our history and our accomplishments.” - John LeGrande, Animation Technical Supervisor (Animation Department)",198,19,1,,Entretenimento,Filmes,2021-02-22T20:00:04.0000000+00:00,137.63814780734856,-0.0914771556854248
1367315410106736640,82652901,@ciarabow99 @billieeilish @finneas Dynamic duo ? ?,1,0,0,1171535373283016704|1573265498|2150327072,Entretenimento,Filmes,2021-03-04T03:26:11.0000000+00:00,1.6788952418541478,-0.1836122572422027
1368286394792046596,82652901,@phoebe_fara @billieeilish @rjcutler @RottenTomatoes What moment inspired you the most from the film? ?,0,0,1,16892452|1273619850804551680|20108560|2150327072,Entretenimento,Filmes,2021-03-06T19:44:32.0000000+00:00,1.6790222775426598,-0.1865390837192535
1369959855692337152,28785486,Federal prosecutors appear to hone in on Oath Keepers founder for alleged role in Capitol attack. https://t.co/pEX07kxoZ6,132,45,6,,Notícias,Do Mundo,2021-03-11T10:34:16.0000000+00:00,132.6372733262444,-0.1818747818470001
1352325551621595136,19110632,@WanderingMonke3 Correct continent! The country in question is a similar size to Slovenia ?,1,0,0,1258100405915070465,Notícias,Viagens,2021-01-21T18:41:51.0000000+00:00,3.485498702912896,-0.2147885262966156
1369598009084887043,15808647,Transhumanists are united in their belief that technology can unlock a new way of being. https://t.co/SB0M3eMfX0,52,20,1,,Notícias,Tecnologia,2021-03-10T10:36:25.0000000+00:00,57.67828685806133,-0.1913164854049682
1368835740529000449,15808647,"When I got a call saying there was one available, I had to do some ethical gymnastics and decide whether to take it.
https://t.co/uuIk8KlNWo",12,7,0,,Notícias,Tecnologia,2021-03-08T08:07:26.0000000+00:00,20.24004398425961,-0.1240891814231872
1369397597421645834,807095,"In Opinion

“Any nation that still has a monarchy in 2021 is proving itself to have a mortifying lack of revolutionary gumption,” writes Hamilton Nolan, who has been calling for an end to the British monarchy since 2013.
https://t.co/6lKnf49FEf",693,128,187,,Notícias,Do Mundo,2021-03-09T21:20:04.0000000+00:00,660.9620333186281,-0.1077903807163238
1369242094217404419,14293310,"""I don't think any of us wants to be the only woman in the room,"" Cate Blanchett says at TIME's ""Voices of the Future"" Women's Summit https://t.co/7EsB1lwtET",561,100,7,,Notícias,Do Mundo,2021-03-09T11:02:09.0000000+00:00,439.3190377975421,-0.0227483212947845
1369552733536219138,1344951,"""I realized, OK, so this is the first detection of such an unusual shape in the sky. That is definitely the first time, and it will imply we found some invisible thing. So at that moment I started to understand this exciting result.” https://t.co/4zpTnBrY8p",97,27,2,,Notícias,Tecnologia,2021-03-10T07:36:31.0000000+00:00,95.0630136940236,-0.1175675094127655
1369113689845022721,14293310,"The FBI has searched for a fabled cache of Civil War-era gold in Pennsylvania, records show
https://t.co/MDnWtC9MVr",66,13,8,,Notícias,Do Mundo,2021-03-09T02:31:55.0000000+00:00,59.87870158522968,-0.1258845031261444
1369456737070313476,807095,"Gov. Andrew Cuomo was accused of inappropriately touching a female aide late last year, according to a published report. The governor said on Tuesday he was unaware of the new allegation, but repeated that he “never touched anybody inappropriately.” https://t.co/NcscRYKEYu",182,49,63,,Notícias,Do Mundo,2021-03-10T01:15:04.0000000+00:00,213.85170907377508,-0.1813961565494537
1369525973302079490,28785486,“Waffles was a favorite with our visitors and our team. We are heartbroken.” https://t.co/nMi3Ijxnm5,102,40,18,,Notícias,Do Mundo,2021-03-10T05:50:11.0000000+00:00,119.64929909733742,-0.1279129981994629
1369563595978252291,15012486,"Roger Mudd, legendary political reporter for CBS News, has died at 93 https://t.co/IMk2L3EaoU",113,21,10,,Notícias,Do Mundo,2021-03-10T08:19:41.0000000+00:00,97.50295976508944,-0.1893507540225982
1369337073463885828,15012486,House readies final vote on $1.9 trillion COVID relief package https://t.co/8Dh7VoWHo7,99,26,9,,Notícias,Do Mundo,2021-03-09T17:19:34.0000000+00:00,91.90338434997932,-0.1852836608886718
1370053184589299724,28785486,Warren Buffett joins just five other people in the world whose wealth tops $100 billion. https://t.co/4xOtVf7I1K,74,21,30,,Notícias,Do Mundo,2021-03-11T16:45:08.0000000+00:00,88.53568684602332,-0.0786763429641723
1369275546044162051,5988062,"“Mass sequencing is going to be part of the way that we think in science and diagnostics in the future.”

Professor Sharon Peacock of @CovidGenomicsUK talks to @kncukier about the importance of genome sequencing for covid-19 and beyond, on “Babbage” https://t.co/tzcSNJ2jG4",41,14,3,250103509|1241813862170726400,Notícias,Do Mundo,2021-03-09T13:15:04.0000000+00:00,47.018242923392044,-0.0870153903961181
1369049581208670208,14293310,"Watch: Director Alma Har'el (@Almaharel) announces TIME's upcoming ""Women of the Year"" scripted series.

See the full 100 Women of the Year project here: https://t.co/1SBI9g5h4B https://t.co/3wctquju4H",77,29,5,271248939,Notícias,Do Mundo,2021-03-08T22:17:10.0000000+00:00,87.25739354727024,-0.1762366592884063
1369506070989836290,759251,"Take a look inside the $1.9 trillion stimulus bill, which includes $1,400 direct payments, massive child tax credits, and expanded unemployment benefits https://t.co/EF33aqChYe https://t.co/QwnBRSHeVL",273,73,41,,Notícias,Do Mundo,2021-03-10T04:31:06.0000000+00:00,267.5897461118539,-0.2550681531429291
1349380288783253504,19110632,@KeithRobo1984 @TeletextHoliday @WaynePerks_ @PSQB_travfraud @MartinSLewis @_alicebeer @piersmorgan @pip_says @englandtravell Email the support group. There is a contact form you can use here  https://t.co/yOdr1oeoGm,0,1,0,279934920|921041952681885696|216299334|252569527|164690458|75282109|882920744317005825|26475485|1344387445350084608,Notícias,Viagens,2021-01-13T15:38:25.0000000+00:00,3.911443093762454,-0.1156885027885437
1349377838722519040,19110632,@KeithRobo1984 @TeletextHoliday @WaynePerks_ @PSQB_travfraud @MartinSLewis @_alicebeer @piersmorgan @pip_says @englandtravell Teletext are TTA protected. You should be able to get a refund. Check out https://t.co/ljDb4G7Leg,1,1,1,279934920|921041952681885696|216299334|252569527|164690458|75282109|882920744317005825|26475485|1344387445350084608,Notícias,Viagens,2021-01-13T15:28:41.0000000+00:00,6.147363773565503,-0.1387466192245483
1354011094751260673,19110632,"@benjaminjtking @NomadKeith @Livingstonsworl It will open some hotels next to airports and ports. Sadly he pandemic has been harsh on the travel, leisure and hospitality industry with many closing down.",1,0,0,746418888|961457448|51496169,Notícias,Viagens,2021-01-26T10:19:35.0000000+00:00,7.352162461594421,-0.0410803258419036
1353672852747284480,19110632,@NomadKeith @Livingstonsworl It's harsh on the hospitality industry for sure.,0,0,0,961457448|51496169,Notícias,Viagens,2021-01-25T11:55:32.0000000+00:00,2.2358212434086977,-0.0844877958297729
1368622654870192131,15808647,"[SPONSORED] Iceland tops the Green Future Index, with its pledge to be carbon neutral by 2040 and grand designs for green hydrogen and carbon capture and storage. Learn more: https://t.co/h7daDtW6VZ. (With @Citrix @MorganStanley @Salesforce) https://t.co/B9ae0WRiuG",19,11,0,426159377|12492842|33612317,Notícias,Tecnologia,2021-03-07T18:00:43.0000000+00:00,28.60264201608325,-0.1526657938957214
1352554075657801732,19110632,"@Vanshika_223 No, although interesting guess. Try somewhere in the UK...",1,0,0,1351189846820319232,Notícias,Viagens,2021-01-22T09:49:55.0000000+00:00,2.372978751465189,-0.2030002176761627
1369226601972563972,15808647,[SPONSORED] New Zealand has Asia-Pacific’s greenest future. It tops the climate policy pillar based on the scale of its ambitions to decarbonize and build a sustainable agricultural sector. Learn more: https://t.co/h7daDtW6VZ. (With @Citrix @MorganStanley @Salesforce) https://t.co/Ga0FSly0UQ,17,9,0,426159377|12492842|33612317,Notícias,Tecnologia,2021-03-09T10:00:35.0000000+00:00,28.61254203123832,-0.1317897140979766
1364851499042537474,19110632,@dianeford25 @RosieWybrant Children under 12 years of age do not need a PCR test. Those 12 and older will need one.,0,0,1,615500723|719862259518992384,Notícias,Viagens,2021-02-25T08:15:29.0000000+00:00,6.150612903148742,-0.1600821912288665
1369438033892806663,15808647,"[SPONSORED] “Using a geographic perspective, you can allocate resources, which are always limited, in ways that do the most good,” says Esri's @EsteGeraghty. Read more on location intelligence for improved health outcomes. (With @Esri) https://t.co/GOrg3iYU9V",9,5,0,16132791|2578071749,Notícias,Tecnologia,2021-03-10T00:00:44.0000000+00:00,21.39388645568959,-0.0826205015182495
1369619124318580736,15808647,[SPONSORED] Location intelligence can identify shortfalls in getting underserved communities vaccinated. “That geographic perspective will help find gaps. Who is left out? Who isn't in the range of identified facilities?” says @EsteGeraghty. (With @Esri) https://t.co/5n6aLJCb8s,11,4,0,16132791|2578071749,Notícias,Tecnologia,2021-03-10T12:00:20.0000000+00:00,19.62342952644409,-0.0275972187519073
1369495249417101312,28785486,".@sunny asks @osopepatrisse, co-founder of the Black Lives Matter movement, what was the moment that she knew she was Black: “We were learning about slavery in elementary school and two boys who I thought were my best friends came up to me and called me the N-word” #SoulOfANation https://t.co/HBEIQGubqU",260,74,44,84801794|139847909,Notícias,Do Mundo,2021-03-10T03:48:06.0000000+00:00,265.15296609191154,-0.1974662542343139
1352937076669476864,19110632,@thetraveltrunk @Livingstonsworl So true.,1,0,0,961457448|211681056,Notícias,Viagens,2021-01-23T11:11:50.0000000+00:00,1.676774810251081,-0.218279480934143
1368856158010810369,15808647,"Google boasts that it knows you better than you know yourself. Google can’t read your mind, of course. But it can read your search history.
https://t.co/DviUGsCpS4",74,42,3,,Notícias,Tecnologia,2021-03-08T09:28:34.0000000+00:00,98.48840046160878,-0.0564111769199371
1369590734672760836,15808647,"As President Biden forges ahead with his promise to reopen most schools within his first 100 days, the debates sound as complicated as ever—and offer a glimpse into many of the difficulties of reopening society at large. https://t.co/o9DztZGN2T",7,4,0,,Notícias,Tecnologia,2021-03-10T10:07:31.0000000+00:00,16.80995954892483,-0.1746666729450225
1368975418741624833,1367531,"US hit record high single-day 2.9M COVID-19 vaccinations, White House says https://t.co/i2qbzThk4m",357,50,144,,Notícias,Do Mundo,2021-03-08T17:22:28.0000000+00:00,351.993307259127,-0.1719673871994018
1369382939289587718,28785486,"Tyson Foods says it will offer free, on-site COVID-19 vaccinations to thousands of its front-line workers in Arkansas, Kansas, North Carolina and Iowa. https://t.co/d3jxaksfIJ",157,50,17,,Notícias,Do Mundo,2021-03-09T20:21:49.0000000+00:00,160.13966043694896,-0.1800864338874817
1369517501248372738,14293310,"Arkansas Gov. Asa Hutchinson signs near-total abortion ban into law
https://t.co/MIrCgIq0YW",78,27,64,,Notícias,Do Mundo,2021-03-10T05:16:31.0000000+00:00,123.7998359800151,-0.2236018776893615
1369543002385956865,87818409,Birdwatch: white-tailed eagle causes stir in my quiet Somerset village https://t.co/EyfUJ5ez1d,68,17,6,,Notícias,Do Mundo,2021-03-10T06:57:51.0000000+00:00,63.23850052402236,-0.1737906634807586
1369612914982846469,87818409,Can red wolves come back from the brink of extinction again? https://t.co/JO03Se7k9o,73,23,4,,Notícias,Do Mundo,2021-03-10T11:35:39.0000000+00:00,72.75265522313856,-0.1900458633899688
1369480643315462144,14173315,"WATCH: India’s Covid-19 infection rate plummeted, but experts still don’t know why. @JanisFrayer explains the factors scientists are looking at in India’s comeback. - @NBCNewsNOW https://t.co/V2Vd2Q8TKv",70,17,21,8036392|137223549,Notícias,Do Mundo,2021-03-10T02:50:03.0000000+00:00,78.3051562681489,-0.1317988932132721
1369351763355201542,14293310,"Norton Juster, celebrated children’s author who wrote ""The Phantom Tollbooth,"" dies at 91
https://t.co/u5UCkTPQLo",68,13,5,,Notícias,Do Mundo,2021-03-09T18:17:56.0000000+00:00,65.03677864574838,-0.1521887183189392
1370004858464534529,28785486,"Pres. Biden's first primetime speech to reflect on one year since pandemic shutdowns, challenges ahead. https://t.co/dShfO9SHlB",136,36,32,,Notícias,Do Mundo,2021-03-11T13:33:06.0000000+00:00,141.7083227985097,-0.1677317023277282
1369468594891948038,28785486,"To mark Ochsner Medical Center's 10,000th successful COVID-19 recovery, Miriam Bertrand, 72, was escorted out by cheerful staff members—and a spirited brass band. https://t.co/p3grubwVc4 https://t.co/xQ8iRkfdkY",252,32,11,,Notícias,Do Mundo,2021-03-10T02:02:11.0000000+00:00,190.91575449695475,-0.1901761591434478
1369336610681159680,5988062,A study from Scotland found the two jabs had similar potency against hospital admissions https://t.co/vje0sKTt3n,15,1,1,,Notícias,Do Mundo,2021-03-09T17:17:43.0000000+00:00,15.22819478567011,-0.1592399775981903
1369503478880612357,759251,"""Democrats across the board seem to realize they have to sell this bill to Americans and make them trust that the government can help fix what ails the country, literally and figuratively,"" @zbyronwolf writes about the $1.9 trillion relief plan | Analysis https://t.co/qha8qaRaMA",319,64,72,59130623,Notícias,Do Mundo,2021-03-10T04:20:48.0000000+00:00,301.14131625230647,-0.1310149133205413
1369611245616250880,87818409,Teachers and parents in England: share your thoughts on the return to school https://t.co/jg7SfhcsYK,8,4,1,,Notícias,Do Mundo,2021-03-10T11:29:01.0000000+00:00,14.106817129651809,-0.1866524219512939
1369430816389033988,14293310,Breaking down what COVID-19 vaccine effectiveness means https://t.co/jOdcG5LKMu,82,36,14,,Notícias,Do Mundo,2021-03-09T23:32:04.0000000+00:00,98.49450344762307,-0.2131904363632202
1368685627303223297,1367531,"Queen takes last-minute swipe at Meghan and Prince Harry hours before bombshell Oprah interview
https://t.co/nj4nhYcilX",487,76,184,,Notícias,Do Mundo,2021-03-07T22:10:57.0000000+00:00,475.7692424732437,-0.2513072490692138
1369377514930507782,28785486,"Twitter files lawsuit against Texas attorney general, accusing him of ""abusing his authority"" by allegedly targeting the social media giant in retaliation for its suspension of former Pres. Trump's account. https://t.co/jdOU4VmViK",170,50,24,,Notícias,Do Mundo,2021-03-09T20:00:16.0000000+00:00,172.446678833412,-0.2174221277236938
1369438777127624709,87818409,UK set to cut air passenger duty on domestic flights https://t.co/PKLeYbKqGr,21,6,7,,Notícias,Do Mundo,2021-03-10T00:03:42.0000000+00:00,27.545975749918068,-0.2246562242507934
1339526482142654466,1038082275689340928,@MILKL0VER69 @NXOnNetflix ???,6,0,0,999720386014019584|791651689036075008,Entretenimento,Séries de TV,2020-12-17T11:02:55.0000000+00:00,3.352020287790324,0.0
1326208392923410432,715177919438577664,"The engagement of Charles and Diana. A moment that changed everything.

The Crown Season Four. Sunday 15th November. https://t.co/Em8q6QGaC7",10726,1748,158,,Entretenimento,Séries de TV,2020-11-10T17:01:35.0000000+00:00,8797.554885617063,-0.2430257797241211
1356659266732650498,273181052,@peacockTV ??,24,1,1,1171155332917321730,Entretenimento,Séries de TV,2021-02-02T17:42:29.0000000+00:00,15.0956720024666,0.0
1357425371721965589,273181052,@MooMooHippos @peacockTV So maybe you should. ?,6,0,0,1171155332917321730|1682061769,Entretenimento,Séries de TV,2021-02-04T20:26:43.0000000+00:00,4.473417901661894,-0.2030304074287414
1274054340517527552,2412917082,There's more to this meal than meets the eye. https://t.co/ZQ7DLAIZnw,139,30,8,,Entretenimento,Séries de TV,2020-06-19T19:00:00.0000000+00:00,119.54244148876975,-0.1628017127513885
1362794394848538628,1288485038,"We are thrilled to welcome Amber Anderson to the cast of #PeakyBlinders series 6
 
? Anthony Byrne https://t.co/pGvXh3Mhqj",10787,946,122,,Entretenimento,Séries de TV,2021-02-19T16:01:17.0000000+00:00,7347.038676573531,-0.2116542160511016
1357736029067874305,1288485038,"? #PeakyBlinders series 6

Photo taken by Anthony Byrne https://t.co/7kYWSo9jiT",18777,2302,214,,Entretenimento,Séries de TV,2021-02-05T17:01:09.0000000+00:00,13552.2194542558,-0.2107128798961639
1367608643596783616,1232061287301074945,@IvetMpb Intense in quite a few ways I should gather.,20,0,0,1331024358656061442,Entretenimento,Séries de TV,2021-03-04T22:51:24.0000000+00:00,12.462654491537284,-0.2367424964904785
1368667864803213318,14800270,"71% of employees in a survey of 1,000 companies said that their performance evaluations had fairness problems. https://t.co/rjqJzJNeVt",90,37,3,,Notícias,Negócios,2021-03-07T21:00:22.0000000+00:00,100.72699122583715,-0.2029713094234466
1368867018854830081,715177919438577664,"Best Drama Series, Best Actor for Josh O'Connor, Best Actress for Emma Corrin, and Best Supporting Actress for Gillian Anderson. Congratulations to everyone involved in these four @CriticsChoice wins. https://t.co/0xbR8PbCAQ",3449,489,33,83266010,Entretenimento,Séries de TV,2021-03-08T10:11:44.0000000+00:00,2548.94132070051,-0.17166268825531
1349775316366090242,79293791,"Photographic collage: #LornaSimpson
Writer: #ZoraSimpsonCasebere
Creative direction and fashion styling: @illjahjah
Hair: @yusefhairnyc
Makeup: @raisaflowers using @fentybeauty @fentyskin
Manicure: #MariaSalandra
Tailor: #GraceRKim",5393,345,161,24734713|925391732753223681|1116089461480153088|704881118000971777|57227772,Música,Pop,2021-01-14T17:48:07.0000000+00:00,3511.0067971557864,-0.1727737486362457
1219085119971000320,180463340,"Rally the realm.
Congratulations to Peter Dinklage who has won “Oustanding Performance by a Male Actor in a Drama Series"" at this year's #SAGAwards for #GameofThrones https://t.co/zDKVBYjtpr",29109,3071,340,,Entretenimento,Séries de TV,2020-01-20T02:31:56.0000000+00:00,19949.49595439373,-0.1489217579364776
1339894034781880323,1038082275689340928,@Tissaiadeyeet You'll have to take that up with Santa Claus at this point.,41,1,1,1323604582543597571,Entretenimento,Séries de TV,2020-12-18T11:23:26.0000000+00:00,26.919881536481867,-0.1787678301334381
1368199950169997314,16184358,Twitter said it is testing an undo option that would potentially let users retract or correct a tweet before it's officially posted on the platform. https://t.co/Dt9kYdc2Kw,30,7,5,,Notícias,Negócios,2021-03-06T14:01:02.0000000+00:00,38.14150943185405,-0.107096642255783
1369559926629167104,34713362,"After a strong pickup in February, most major advanced economies made a lackluster start to March – with activity moving sideways or slightly down in some cases, according to Bloomberg Economics gauges https://t.co/QfjdUxwLEI",30,13,4,,Notícias,Negócios,2021-03-10T08:05:06.0000000+00:00,40.93346932474827,-0.0138188600540161
1204026434739691520,180463340,"For the North!
Congratulations to Kit Harington on his “Best Actor - Drama” nomination at this year’s #GoldenGlobes https://t.co/9Ut4FqeMM9",47685,5173,917,,Entretenimento,Séries de TV,2019-12-09T13:14:06.0000000+00:00,33779.28773807466,-0.1905678510665893
1369586848163586051,34713362,"Epic Games filed a lawsuit against Google in Australia, widening a fight against the tech giant over the commissions charged in its app store https://t.co/BEiSO7dyhi",17,5,1,,Notícias,Negócios,2021-03-10T09:52:04.0000000+00:00,21.35221911121909,-0.2603916823863983
1369418972509179912,15110357,"GameStop shares were up again a day after the company tasked Chewy co-founder Ryan Cohen, a major GameStop shareholder and board member, with spearheading the company’s online sales efforts https://t.co/GjZNMyVs5Z https://t.co/pImOMFja4S",8,3,2,,Notícias,Negócios,2021-03-09T22:45:00.0000000+00:00,17.996448257914768,-0.1340255141258239
1340053176150614025,1038082275689340928,@LHissrich ??,344,10,21,853075242,Entretenimento,Séries de TV,2020-12-18T21:55:48.0000000+00:00,217.7776796871095,0.0
1197158580333535232,180463340,"Music is here.
Congratulations to @Djawadi_Ramin on his Best Score Soundtrack for Visual Media #GRAMMYs nomination for #GameofThrones https://t.co/k4VrCu3gHh",24503,3140,334,728662277696552960,Entretenimento,Séries de TV,2019-11-20T14:23:42.0000000+00:00,17559.64042433569,-0.2349558472633361
1369311531360518146,2735591,#FCMostInnovative company @Hipcamp offers travelers a variety of options that inspire people to get outside and become stewards of the land. https://t.co/lEvrC9ebVq,8,1,0,1581318708,Notícias,Negócios,2021-03-09T15:38:04.0000000+00:00,10.726322814487986,-0.2003986537456512
1362083047785439239,34507480,https://t.co/Xv2Uu0fzkv,70847,12043,2468,,Música,Pop,2021-02-17T16:54:39.0000000+00:00,57387.9186795958,0.0
1337020338916499463,17919972,"And I loved creating these songs with Aaron Dessner, Jack Antonoff, WB, and Justin Vernon. We’ve also welcomed some new (and longtime) friends to our musical kitchen table this time around...",143975,9658,1038,,Música,Pop,2020-12-10T13:04:24.0000000+00:00,93212.64841831617,-0.1460030078887939
1369405604595400711,2735591,.@RebeccaMinkoff's prediction on retail after the pandemic. #FCMostInnovative https://t.co/gtTOp5SHtR https://t.co/12eYt04qjm,4,0,0,16271952,Notícias,Negócios,2021-03-09T21:51:53.0000000+00:00,7.385339043689812,-0.210040807723999
1331748997124534274,17919972,@luvyoutosaturn @taylornation13 @cinnamn13 Wowwwwww thank you so much. I’m so glad you like that one. #folkloreOnDisneyPlus,11819,931,563,80144576|1121571811915911171|788364008915083264,Música,Pop,2020-11-25T23:57:58.0000000+00:00,8005.699666619467,-0.1132431626319885
1369298875719311360,2735591,"Today's #FCMostInnovative agenda includes @Snapchat's @evanspiegel, @MatthewACherry, @terencecarter, @HOOKED'S @prernagupta, @Shopify's @harleyf, and @RebeccaMinkoff: https://t.co/11bHHokKEY https://t.co/vIGei2QsIW",6,3,0,376502929|22532755|15140962|17136315|38985282|16271952|230287527|27384718|14445453,Notícias,Negócios,2021-03-09T14:47:46.0000000+00:00,10.07320008532929,-0.1803368031978607
1355167587638906880,23375688,@myrarestyles @SelenaFanClub ♥️,2399,281,363,1227776432480407552|3286004797,Música,Pop,2021-01-29T14:55:05.0000000+00:00,1885.0046577298465,0.0
1294010972055592962,79293791,"@preemptivelove: https://t.co/TBXP33fI1d

@impactlebanon: https://t.co/MYCtxrKBl6

Sadalsuud Foundation: https://t.co/j7l2PInSgY

@SaveTheChildren: https://t.co/NKREaT4gAg https://t.co/lKxDwRtSdn",20560,5907,219,14055301|16043238|1250391570110709762,Música,Pop,2020-08-13T20:40:31.0000000+00:00,18199.709154535485,-0.1527755260467529
1337022746824499203,17919972,I’ll see you guys in the YouTube premiere page chat before midnight to answer some questions ?‍♀️,118429,8165,2041,,Música,Pop,2020-12-10T13:13:58.0000000+00:00,77404.50980084931,-0.1654532551765442
1353502767352926208,23375688,@mytexaselly @SelenaFanClub you are so talented!!,4023,349,221,757660068489924608|3286004797,Música,Pop,2021-01-25T00:39:41.0000000+00:00,2789.327680738832,-0.2090920209884643
1351920546011893761,14230524,"My intention is to acknowledge our past, be healing for our present, and passionate for a future where we work together lovingly. I will sing to the hearts of all people who live on this land. Respectfully and kindly, Lady Gaga. ❤️????",112780,8208,2781,,Música,Pop,2021-01-20T15:52:30.0000000+00:00,74033.96127895347,-0.2179072499275207
1365416645624143873,14230524,"If you bought or found them unknowingly, the reward is the same. I continue to love you Ryan Fischer, you risked your life to fight for our family. You’re forever a hero.",114560,10398,1962,,Música,Pop,2021-02-26T21:41:11.0000000+00:00,77015.43219962646,-0.1947230398654937
1337463904566456320,17919972,"@yelyahwilliams This made my heart race/double in size/turn into a confetti cloud of petals, thank you so much. You’re incredible. And this was so nice to read ??",65565,5177,2781,40981798,Música,Pop,2020-12-11T18:26:58.0000000+00:00,45513.055004503374,-0.1458854675292968
1331744604891344896,17919972,"@elincomprendid @taylornation13 Yeah, talking to Jack about life is one of my all time favorite hobbies. He’s always curious, always wondering how to keep learning and growing. He’s the best ? #folkloreOnDisneyPlus",14695,1326,880,80144576|1183816599595298816,Música,Pop,2020-11-25T23:40:31.0000000+00:00,10385.207183676635,0.0119057297706604
1357375687967997959,25365536,"Matte Mauve &amp; Matte Honey Collection launching next Friday, 02.12 at 12PM PT only at https://t.co/DFrKfpnba2 #KKWBEAUTY https://t.co/7EJLEHWp12",2712,126,42,,Música,Pop,2021-02-04T17:09:17.0000000+00:00,1692.4404501847732,-0.1560315191745758
1358843515149504514,34507480,@imhregina @arianassnasty the cutest surprise ??? thank YOU,9959,1013,1335,304533565|1196097742478757893,Música,Pop,2021-02-08T18:21:54.0000000+00:00,7700.873802344679,-0.1926604509353637
1359820217090768896,621583,"Pigs can play video games with their snouts, scientists find https://t.co/ZWfrckiiJj",74,32,11,,Notícias,Tecnologia,2021-02-11T11:02:58.0000000+00:00,101.7767944512599,-0.1480714082717895
1364974104491798530,14434070,"Michael Saylor, the chief executive of the business intelligence software firm MicroStrategy, believes deeply in Bitcoin and has urged other companies to shift their corporate cash into the cryptocurrency. https://t.co/dwSd7yTXJG",2,0,0,,Notícias,Tecnologia,2021-02-25T16:22:41.0000000+00:00,8.47083717619866,-0.1968644559383392
969126955193962496,42703075,China's new richest man has chat apps and video games to thank for his massive wealth. https://t.co/0MyhbjAj0E,4,9,0,,Notícias,Tecnologia,2018-03-01T08:27:26.0000000+00:00,16.559878536674546,-0.1146440804004669
1367244704526393349,14434070,".@bxchen experimented with how to minimize the costs of doing video-instructed workouts at home, talking to tinkerers and assessing the pros and cons. Here’s what he learned. https://t.co/HUXcGQzr1b",3,2,1,14366976,Notícias,Tecnologia,2021-03-03T22:45:14.0000000+00:00,8.392993278848083,-0.0786895155906677
1369342862656221187,15808647,Upgrades to satellites in orbit and systems down below will bring centimeter-level accuracy to the masses. That's why we named hyper-accurate positioning to our annual list of 10 Breakthrough Technologies. https://t.co/IFpex1gqq7,22,8,1,,Notícias,Tecnologia,2021-03-09T17:42:34.0000000+00:00,28.615180387466054,-0.2088862657546997
1363849575279316998,621583,Entire school board resigns after accidental public livestream https://t.co/suWgDPX47T,19,12,1,,Notícias,Tecnologia,2021-02-22T13:54:12.0000000+00:00,32.02699623302479,-0.2943759858608246
1365618942501285888,7905122,What Facebook's Australia news ban could mean for its future in the US https://t.co/vJEaTX8n7P,23,8,0,,Notícias,Tecnologia,2021-02-27T11:05:02.0000000+00:00,24.166147412973377,-0.1831123232841491
1365376371376205838,14434070,"Cracking the best ways to discover new things in our online abundance is a technology challenge — but also a human one, writes @shiraovide in On Tech. https://t.co/W2ZVVBct2Q",2,0,0,14115912,Notícias,Tecnologia,2021-02-26T19:01:09.0000000+00:00,6.1539725940623375,-0.0938072502613067
1368972324301602816,25562270,"Malala teams up with Apple to produce new dramas, documentaries https://t.co/T2cgpXVsat https://t.co/8sn2LkwF1E",4,4,0,,Notícias,Tecnologia,2021-03-08T17:10:11.0000000+00:00,10.732150715253091,-0.1473554372787475
1368969473651261440,14885549,"Sign up for ""Midas Touch,"" a new weekly Forbes-exclusive premium newsletter by @alexrkonrad and @rebecca_szkutak covering venture capital and startup fundraising, chock full of exclusive insights, interviews, scoops and more. https://t.co/RfytkFPmwb",6,2,0,23409407|4885952657,Notícias,Tecnologia,2021-03-08T16:58:51.0000000+00:00,13.584228150836882,-0.180402934551239
1369087867939659782,24742040,@FortniteGame This song is pretty... sweet ?,1883,43,41,425871040,Entretenimento,Games,2021-03-09T00:49:18.0000000+00:00,1127.0602728383917,-0.130576342344284
1368234120082554894,773069256,"Der Countdown läuft! Liveticker, Webradio, Toralarm – mit der FCB App nichts mehr verpassen!

??  https://t.co/AyyUQZ4c2y

#PackMas #FCBBVB #MiaSanMia https://t.co/tAPT3gmWC8",372,37,5,,Esportes,UEFA Futebol,2021-03-06T16:16:49.0000000+00:00,262.5362374849607,-0.1580582857131958
1368487188724350976,558797310,"Kick-off times across the world for #MCIMUN... ?️

? #MUFC
✈️ @Aeroflot_World
? #WeBringTheWorldTogether https://t.co/vwAX6F8vIJ",4938,618,182,1552819440,Esportes,UEFA Futebol,2021-03-07T09:02:25.0000000+00:00,3605.974512459957,-0.1616165041923523
1367862841907294209,34613288,"Here comes the weekend! ?

? #BURARS https://t.co/7006gpdFhf",13728,816,151,,Esportes,UEFA Futebol,2021-03-05T15:41:29.0000000+00:00,8709.694039791539,-0.1650856137275695
1368174374247923712,34613288,"? ""Emile had some discomfort still in the week and he wasn't ready. Hopefully it's not too much.""

? Hear from the boss ahead of #BURARS ? https://t.co/ibQPTDXZ4i",1614,127,41,,Esportes,UEFA Futebol,2021-03-06T12:19:24.0000000+00:00,1080.6245893147652,-0.2239220142364502
1368501683219693570,34613288,"Good luck today, @ArsenalWFC

? @sportsbetio https://t.co/SNDYByKi8N",2280,117,35,727759996822392832|256551011,Esportes,UEFA Futebol,2021-03-07T10:00:01.0000000+00:00,1430.3049475599228,-0.2133636772632599
1368632782042333188,96951800,"? ?????? ! @acollado_ ?
@FCBarcelonaB ? https://t.co/nffaxEDpUY",5215,369,72,869855519435091968|1026469052515065856,Esportes,UEFA Futebol,2021-03-07T18:40:57.0000000+00:00,3402.323690908708,0.0
1364237278516830212,14434070,"Many of us already live with artificial intelligence now, but researchers say interactions with the technology will become increasingly personalized. https://t.co/Xwrd5ZkZWN",3,2,0,,Notícias,Tecnologia,2021-02-23T15:34:48.0000000+00:00,12.405021360486607,-0.1641541123390197
1368519774955798529,773069256,"ℹ Entwarnung bei @JeromeBoateng: Der Innenverteidiger hat sich bei #FCBBVB eine Kapselzerrung im linken Knie zugezogen.

? https://t.co/c7skpt4tRY",988,45,20,493278212,Esportes,UEFA Futebol,2021-03-07T11:11:54.0000000+00:00,624.1079103184176,-0.1575311422348022
1368216046616768513,2941994339,"? Score predictions for #ElcheSevillaFC? ?

#WeareSevilla #NeverSurrender",36,1,6,,Esportes,UEFA Futebol,2021-03-06T15:05:00.0000000+00:00,27.419415616538043,-0.2266421616077423
1368932010971004931,1638021792,"?? That's all from our #JuveFCP presser!

? More #JuveUCL build-up to follow ⭐️⚪️⚫️",108,4,1,,Esportes,UEFA Futebol,2021-03-08T14:29:59.0000000+00:00,68.39716763288784,-0.1436672210693359
1368909409775149064,96951800,"? Hello, Estadi Johan Cruyff! https://t.co/OHtmopLePj",5170,155,12,,Esportes,UEFA Futebol,2021-03-08T13:00:11.0000000+00:00,3076.8893695420475,-0.2119884192943573
1367462925250818061,34613288,"@NBAUK @dallasmavs @LacazetteAlex Represent, @J_Rich1! ?",792,26,3,793861356|543582873|61288678|22185437,Esportes,UEFA Futebol,2021-03-04T13:12:22.0000000+00:00,474.4917425070956,0.0
1337318168277241857,821102114,@eugenioadm87 @ForzaHorizon @CDPROJEKTRED We're looking into it!,637,1,107,534903006|1171755060|805433768915959808,Entretenimento,Games,2020-12-11T08:47:52.0000000+00:00,418.1668656014921,0.0
1369337343270862853,24742040,@DCpierson Aaron is definitely employee of the month ?,20,0,1,23421193,Entretenimento,Games,2021-03-09T17:20:38.0000000+00:00,14.150624370688012,-0.1437228918075561
1336596712857743361,821102114,@Cynicalzinho @Suhail10311 @Marcin360 Team is happy and very excited. Thanks for asking. ?,122,0,7,1282422679237271553|44099213|1262507858605805569,Entretenimento,Games,2020-12-09T09:01:03.0000000+00:00,74.81391913237101,-0.2056196928024292
1368703131652005888,100220864,#LetSilkSonicThrive @RecordingAcad https://t.co/Ze5nuZQnvi,52776,8973,1538,17243213,Música,Pop,2021-03-07T23:20:30.0000000+00:00,43635.62540732772,0.0
1363548342832218116,314792669,"It's rare for concert adverts to have the full names of band members; in this instance, for a 1969 show in Bordeaux, France, they've got David's middle name AND surname incorrect! https://t.co/1Qa0yLWk50",792,94,25,,Música,Rock,2021-02-21T17:57:13.0000000+00:00,570.0786985110948,-0.1554064452648162
1360637255132434433,34507480,https://t.co/888mYIJbNp https://t.co/TLHKilREVO,289402,25827,10665,,Música,Pop,2021-02-13T17:09:35.0000000+00:00,198218.09429659255,0.0
1359964129532862464,34507480,? #3435RemixVideo tonight ?? https://t.co/ysWbhBWvBd,294889,28670,19609,,Música,Pop,2021-02-11T20:34:50.0000000+00:00,210755.14943043535,0.0
1349748316901310464,14230524,I am deeply honored to be joining @BidenInaugural on January 20 to sing the National Anthem and celebrate the historic inauguration of @JoeBiden and @KamalaHarris! ? https://t.co/MfgcG3j4Aa,265718,24743,7258,30354991|1333168873860984832|939091,Música,Pop,2021-01-14T16:00:50.0000000+00:00,182736.81784117912,-0.1033495068550109
1296750375114964992,100220864,❤️,86548,6757,2995,,Música,Pop,2020-08-21T10:05:56.0000000+00:00,58041.48440887069,0.0
1337245958787244033,17919972,The #willowMusicVideo premieres in 1 hour! About to answer some questions in the premiere page chat so follow me there: https://t.co/HLEnRDk21i https://t.co/llb1iL2bQl,139328,16260,5151,,Música,Pop,2020-12-11T04:00:56.0000000+00:00,100919.44806854067,-0.1667897999286651
1361140319002103813,21447363,? #AmericanIdol https://t.co/TJoAZHcTG0,3109,236,99,,Música,Pop,2021-02-15T02:28:35.0000000+00:00,2063.144204861549,0.0
1369095591607865347,18228898,?Welcome to Team Legend Pia? I can’t wait to work with you! @BujuBanton @BlakeShelton??‍♂️ have @GwenStefani give you a lesson,593,42,18,28208983|14920785|4194500772,Música,Pop,2021-03-09T01:20:00.0000000+00:00,395.18847125048,-0.0740825235843658
1363673526096470017,21447363,"Turns out…being a mom doesn’t make @lukebryanonline’s dad jokes any better ? HALP ME
#AmericanIdol https://t.co/RyyBRkx6V2",3097,255,137,17074714,Música,Pop,2021-02-22T02:14:39.0000000+00:00,2108.4082983861363,-0.1197731792926788
1365178104310763520,100220864,@AndersonPaak @Bootsy_Collins ANDYYYYYYYYY!!!!!!,2839,274,211,97737655|21771224,Música,Pop,2021-02-26T05:53:18.0000000+00:00,2056.7799691673385,-0.2214930057525634
1322209256611852294,14230524,https://t.co/UnJeKoCx1v https://t.co/Ph2iFxNOEE,238459,59667,7119,,Música,Pop,2020-10-30T16:10:26.0000000+00:00,219748.31422651972,0.0
1318996052049973248,14230524,"I want to highlight the importance of voter protection at the polls. @WeTheAction is deploying lawyers to polling places across the country to ensure our votes are protected. If you’re a lawyer or know a lawyer, please sign up for or share We The Action. https://t.co/tQpENn91yN",35356,4059,1325,849722985153912832,Música,Pop,2020-10-21T19:22:19.0000000+00:00,25421.936347596707,-0.0493775606155395
1354658220585922565,17919972,the “forever is the sweetest con” chapter is out now ??  https://t.co/pUCyQgU5Sg https://t.co/krn2QT4ooX,206801,22633,9708,,Música,Pop,2021-01-28T05:11:02.0000000+00:00,148293.74344952172,-0.1869506239891052
1268243264156524544,100220864,~Muhammad Ali https://t.co/TubTtSmdFL,19639,3640,328,,Música,Pop,2020-06-03T18:08:51.0000000+00:00,15220.435929197723,0.0
1363674987626856448,21447363,.@ChayceBeckham How ‘bout THEM apples? ???? #AmericanIdol,2582,180,95,1334734095616626690,Música,Pop,2021-02-22T02:20:27.0000000+00:00,1703.8647002005048,0.0
1334706123971162115,26565946,"RT @fairfightaction: Join us this Thursday for our Rock The Runoff virtual concert. Hosted by @KerryWashington, this is sure to be a night…",0,656,0,205302299|879771304316071938,Música,Pop,2020-12-04T03:48:32.0000000+00:00,737.403665145,-0.1268700361251831
1334724211689074688,34507480,oh santa the remix ! by @mariahcarey feat me &amp; the incredible @iamjhud out now ??☁️ and i am no longer in my body https://t.co/ruQUKmy4j0 https://t.co/wanmfNDcic,126484,17808,4907,33990291|19248106,Música,Pop,2020-12-04T05:00:24.0000000+00:00,95371.67347072987,-0.1377735435962677
1290389884927000582,79293791,cheers to a sunny Cali afternoon... skin protected Of course! @fentyskin #HyDRAViZoR #SPF #CoralReefFriendly #vegan #glutenfree #crueltyfree #clean ... get into it https://t.co/FIIzyxXKmX https://t.co/wf6P1a22zr,27206,1474,727,1116089461480153088,Música,Pop,2020-08-03T20:51:37.0000000+00:00,17360.238214135577,-0.1785984337329864
1316909183225286657,79293791,savage show lip combo vibes! all from the new  @fentybeauty limited edition minis!! #STUNNA &amp; #GLOSSBOMB ??? https://t.co/ISDrPBqMAD,69886,4156,1970,704881118000971777,Música,Pop,2020-10-16T01:09:50.0000000+00:00,45031.08275964687,-0.1710858941078186
1337021907464499204,17919972,"All *digital downloads* of the album will include an exclusive, digital booklet with 16 brand new photos. You can pre-order evermore now at https://t.co/QYMUTL0IAj",106010,7555,482,,Música,Pop,2020-12-10T13:10:38.0000000+00:00,68202.94953741648,-0.2071564495563507
1350483251291451392,19373710,"I remember being nervous &amp; concerned about what I should wear. After much deliberation, I settled on a t-shirt &amp; oversized green pants. The black Project 86 t-shirt I would wear today if I still had it, but the choice in pants gets me teased by my daughters ? @phoenixlp https://t.co/ZQW3Wku6OM",1314,120,25,67220892,Música,Rock,2021-01-16T16:41:12.0000000+00:00,900.2999202715545,-0.1104547381401062
1334726779903168512,14230524,? “911” REMIXES OUT NOW ? @brunomartini https://t.co/JvytLrMVAI https://t.co/UmwN7IbVcW,8723,1232,246,725361022303883265,Música,Pop,2020-12-04T05:10:37.0000000+00:00,6491.251888442244,-0.204522430896759
1334711453211889665,34507480,@MariahCarey @IAMJHUD !!! https://t.co/HxOQqFR6r2,21237,2447,2081,33990291|19248106,Música,Pop,2020-12-04T04:09:42.0000000+00:00,16087.514444349676,0.0
1331741612402237443,17919972,@thinkzakkIknows @taylornation13 I take that as the highest compliment in existence. ?????? #folkloreOnDisneyPlus,15886,1416,1380,80144576|1088210252464570368,Música,Pop,2020-11-25T23:28:37.0000000+00:00,11529.825532772204,-0.0412364304065704
1358843677582401536,34507480,@gwshclland love u all more always,16815,2043,5362,950763348,Música,Pop,2021-02-08T18:22:33.0000000+00:00,15494.609304262896,-0.136091947555542
1290659734639521798,79293791,"Photographer: Gray Sorrenti
Creative Director: Jen Brill
Profile Written By: @kahlanabarfield
Hair: @UrsulaStephen
Makeup: @PriscillaOno
Nails: @kimmiekyees",5077,341,131,302068984|32508937|30409468|155128025,Música,Pop,2020-08-04T14:43:54.0000000+00:00,3296.1107073995104,-0.2380613684654235
1292597118763319296,108361327,Have you seen our 360 Virtual Pop Up store yet? Join the experience + get exclusive items here: https://t.co/ZAjFrJxdqa https://t.co/jP41j4wQDf,1399,182,11,,Música,Heavy Metal,2020-08-09T23:02:23.0000000+00:00,995.9113125289612,-0.1506675779819488
1362841895030968326,55365711,#FreeMichonne https://t.co/qM5PK2IBVJ,28,4,1,,Música,Rap,2021-02-19T19:10:02.0000000+00:00,21.8145900126117,0.0
1322221808913928193,18847632,"Standing or seated? It's almost show time. 60 minutes out. #ATYCLB
https://t.co/g0i4z2B00C https://t.co/yhQTMfmzgB",624,86,29,,Música,Rock,2020-10-30T17:00:19.0000000+00:00,476.2824485855055,-0.1780163645744323
1322191082235506689,337789021,"Who's ready to rock the weekend?! ???

#FanFriday

? @rock_ndoll

https://t.co/pfuTPm62GN",125,12,6,,Música,Rock,2020-10-30T14:58:13.0000000+00:00,88.79845811831738,-0.0965771675109863
1365001111946420226,15155074,What one Pearl Jam performance would you go back in time to see?,2665,101,2620,,Música,Rock,2021-02-25T18:10:00.0000000+00:00,3234.76580409691,-0.1805997192859649
1341790679945670656,15155074,"Happy birthday, Eddie!

?: Karen Loria https://t.co/mRHDzQDYPB",14175,2293,328,,Música,Rock,2020-12-23T17:00:02.0000000+00:00,10925.49878188861,-0.1303762793540954
1322229311718494210,18847632,"Are you joining us for the Elevation Watch Party? Tweet along with us using #ATYCLB
https://t.co/g0i4z2B00C",584,74,63,,Música,Rock,2020-10-30T17:30:08.0000000+00:00,458.53529913761616,-0.1376844644546508
1337774207971684352,2836755090,#PWRUP #DEMONFIRE https://t.co/RPrvr4eRDJ https://t.co/XOMkB2SVbx,1482,220,6,,Música,Rock,2020-12-12T15:00:00.0000000+00:00,1102.6623875302746,0.0
1275492317013479424,110783489,".@DJKilmore getting @ShavoOdadjian in the zone – backstage at The Forum in Los Angeles, 2014.

#SOAD #Incubus ?: @GregWatermann https://t.co/hqkOWEZWwP",959,67,13,3147892626|40101983|53919756,Música,Heavy Metal,2020-06-23T18:14:00.0000000+00:00,622.3187274263001,-0.2059761583805084
1319321276171759617,19373710,Here are some long lost interview outtakes from the Hybrid Theory days #HybridTheory20 https://t.co/730oDpV1Qy https://t.co/woJgFzxerN,5060,784,79,,Música,Rock,2020-10-22T16:54:38.0000000+00:00,3822.895967599745,-0.2504077851772308
1263620338790944769,297047872,"⚠️ TUNE IN NOW ⚠️ Watch the broadcast from @Lollapalooza 2006 now!

#RHCP #Lolla #StayHome
https://t.co/L8CK03LrOy",845,216,26,15429316,Música,Rock,2020-05-21T23:59:00.0000000+00:00,767.8479848570878,-0.1438592672348022
1338573100921794560,15155074,"This Saturday, December 19, finish out the #10DaysofPJ and relive the June 26, 2018 Rome show, including ""Daughter,"" on @Nugsnet: https://t.co/TC5Q3kLIZ0 https://t.co/zwcVeYsMTO",549,59,9,309870370,Música,Rock,2020-12-14T19:54:31.0000000+00:00,399.299362183207,-0.1716494262218475
1333878541398798338,2836755090,#PWRUP ?? @JBHiFi https://t.co/WYRBDAQT2k https://t.co/rKhQqJ9NUf,1065,74,8,341142617,Música,Rock,2020-12-01T21:00:01.0000000+00:00,686.5333551329379,0.0
1327308553418272768,6207392,Stream it here: https://t.co/99zfYGir58 https://t.co/fIUeOSD2Vs,641,61,14,,Música,Heavy Metal,2020-11-13T17:53:13.0000000+00:00,438.51099121538704,-0.1342231035232544
1312391963241398272,337789021,"Today we’re celebrating the 30th anniversary of German Reunification, which followed the fall of the Berlin Wall. We’re also celebrating the 30th anniversary of “Wind of Change” and we want to hear from you!

What does “Wind of Change” mean to you?

? https://t.co/FueUob4BMe https://t.co/4bc2ngE4V5",1027,204,122,,Música,Rock,2020-10-03T14:00:01.0000000+00:00,885.4392858575427,-0.1675007343292236
1361732521428275201,20322929,You know I’m up once you hear my jar open and my grinder clink together,19938,3557,249,,Música,Rap,2021-02-16T17:41:47.0000000+00:00,15465.720050625683,-0.0982286930084228
1164279406057201665,19028953,EARTHGANG,85713,15778,741,,Música,Rap,2019-08-21T20:53:36.0000000+00:00,65567.44170241844,-0.1580245494842529
1351540224560668673,18222378,"i’m gonna raise the bar with this one, good is not good enough. It has to be great ! #bransoncognac #lecheminduroi #bottlerover https://t.co/1a3eQZgr0z",5877,539,280,,Música,Rap,2021-01-19T14:41:14.0000000+00:00,4098.026243558668,-0.1878761947154998
1330972658612150272,238475531,"Coming #BlackFriday at 9AM PST to the Met Store: The latest poster in our series featuring art by @Munk_One! This poster is limited to 500 prints, so don’t wait to grab yours - they won’t last long!

Met Store ➡️ https://t.co/KNrZOMRXE7
Probity/UK Store ➡️ https://t.co/7GW38ZjzAL https://t.co/HdgdmGx2BH",1535,153,19,19507251,Música,Heavy Metal,2020-11-23T20:33:04.0000000+00:00,1053.5196330244307,-0.1725247800350189
1273231711908872193,19028953,We may not agree with each other but we gotta be gentle with each other.  ✌?,106021,29231,1202,,Música,Rap,2020-06-17T12:31:10.0000000+00:00,94130.90547451684,-0.2481963634490966
1182112257708306433,19028953,@JIDsv @Bas @EarthGang What the fuckkkkkkkkkkkkk. ???????,8728,916,118,128418853|18829050|108314159,Música,Rap,2019-10-10T01:54:59.0000000+00:00,5930.179776267918,-0.2183079421520233
1359597695548153864,15155074,This just in: @MikeMcCreadyPJ and Eddie will be dialing into @PJRadio's Faithfull Forum on @SiriusXM. Call 1-855-9-PEARLJAM to join the conversation at 5pm ET.,102,10,5,189258194|140943126|270193608,Música,Rock,2021-02-10T20:18:45.0000000+00:00,77.26811422386801,-0.058534026145935
1364683920965578753,55365711,@fromthedeskoflo @TIDAL @ChannelTh1rt3en @darujones @Marcus__Machado ??,2,0,0,15339207|1172526179175358466|1003006213800394753|2679055230|30745797,Música,Rap,2021-02-24T21:09:36.0000000+00:00,1.1190918140104762,0.0
1095067826061262848,19028953,https://t.co/CqzHNipGWa,202548,97947,1005,,Música,Rap,2019-02-11T21:11:29.0000000+00:00,223019.579485568,0.0
1365320876510560258,19114743,@Tim_Burgess @robbiesbrewery Enjoy  ?,74,0,5,429754799|19429176,Música,Heavy Metal,2021-02-26T15:20:38.0000000+00:00,44.196741970596506,0.0
1338584496489172992,3004231,@ChuckDizzle @DJRTistic Put it together ??,25,4,8,25518162|18690565,Música,Rap,2020-12-14T20:39:48.0000000+00:00,24.00880073777774,0.0
1336059119174897665,15155074,Excited to join @Lin_Manuel &amp; Georgia's own @WayneBrady for an arts &amp; activism event to #GetOutTheVote for the #Georgia runoff elections. Join us on Dec 16 at 5:30pm PT with a $10 donation to support the work of @LCFGeorgia @HispanicFed &amp; @LatinoVictoryUS! https://t.co/U56mO1zfOs https://t.co/Su6wrFUuCc,411,43,16,79923701|2302481323|2580672806|600402500|26127836,Música,Rock,2020-12-07T21:24:51.0000000+00:00,303.1820794563258,-0.1672480106353759
1366561763962073092,55365711,"A Magnificent Dave For An Exorcism.

th1rt3en is @Marcus__Machado @darujones @pharoahemonch

@davechappelle @channelth1rt3en ?@candytman https://t.co/YPDm5DGEkj",256,49,6,15339207|1172526179175358466|55365711|26672310|526316060|30745797,Música,Rap,2021-03-02T01:31:28.0000000+00:00,207.131607727424,-0.1145490109920501
1362872757109809152,55365711,@CHINOXL @ImmortalTech Legends salute! Happy birthday @ImmortalTech,19,3,1,17354377|16879416,Música,Rap,2021-02-19T21:12:40.0000000+00:00,16.221207664478158,-0.133320927619934
1360346403873181707,19114743,@Tim_Burgess Thanks for having us!,203,6,17,19429176,Música,Heavy Metal,2021-02-12T21:53:51.0000000+00:00,129.74291411715356,0.0
1333873034114064385,19373710,"Benefitting @MusicForRelief, the @GlobalOdeToJoy is an international video project launched by @YouTube and @googlearts celebrating Beethoven’s 250th birthday. We asked @BradDelson on his birthday what brings him joy. Join us and share videos that inspire #joy. #globalodetojoy https://t.co/yJyPqUrycy",2743,314,92,3227527560|16458319|10228272|1314686071960154114|248965136,Música,Rock,2020-12-01T20:38:08.0000000+00:00,1989.895518527856,-0.1221235692501068
1366115959623331844,55365711,"Watch us perform songs off of the debut album, A Magnificent Day For An Exorcism, in this special @tidal session.

You can catch the live #session in the @tidal app and on our YouTube page. Link in bio!

@channelth1rt3en is @pharoahemonch @Marcus__Machado &amp; @darujones. https://t.co/NcxHgMGaqG",173,54,4,15339207|1172526179175358466|55365711|2679055230|30745797,Música,Rap,2021-02-28T20:00:00.0000000+00:00,170.14457276474073,-0.1117308139801025
1359932980974657536,19373710,"For Mike’s birthday, take 20% off storewide in the Official Mike Shinoda Store.

Shop Now: https://t.co/wBnCeNFyMe https://t.co/SSeyH1ZWKq",668,54,5,,Música,Rock,2021-02-11T18:31:03.0000000+00:00,442.9227952738201,-0.2047877013683319
1362069293790162946,15155074,"Tonight at 8pm ET, Eddie will perform at the 34th Annual Benefit Concert for @TibetHouseUS with @PhilipGlass, @Phoebe_Bridgers, @BlkfootWhtfoot, &amp; more.

Last chance for tickets to this virtual event: https://t.co/BEW7AiQFrQ https://t.co/AXDaV1VUZO",276,40,4,574631672|75932644|386021243|423211359,Música,Rock,2021-02-17T16:00:00.0000000+00:00,209.25556912393927,-0.1793293058872223
1364624807220948994,55365711,Shout out to @tidal We back at it with another live performance. A Magnificent Day For An Exorcism @ChannelTh1rt3en is @Marcus__Machado @darujones &amp; @pharoahemonch Watch th1rt3en rock this @TIDAL #SESSION in the app today! ???????? https://t.co/6cOD9ZE484 https://t.co/QeGQ8UdRE9,58,19,1,15339207|1172526179175358466|55365711|2679055230|30745797,Música,Rap,2021-02-24T17:14:42.0000000+00:00,61.606670234168725,-0.1074938178062439
1343729046891347968,3004231,"Join me and the hosts @DavidDobrik and @KekePalmer to say PEACE OUT 2020 ???? !! its goin down tomorrow 12/29 @ 12pm PT for our end of the year streaming event, check it only on @FacebookWatch !
You can share what got you through 202 with the tag #GotMeThrough2020Challenge https://t.co/aQ9ENiGhbc",734,85,65,325306055|29860364|899733078641225728,Música,Rap,2020-12-29T01:22:24.0000000+00:00,554.7015386781767,-0.0884099602699279
1321455751567532032,19373710,"Continue the #HybridTheory celebration with two new @Spotify Singles: @grandson’s cover of “One Step Closer” and @fever333’s take on “In The End.” Available now, only on Spotify: https://t.co/YdzDq9Oblu https://t.co/UaIjka4vTa",3984,698,95,880552945430831104|728020310964895744|17230018,Música,Rock,2020-10-28T14:16:17.0000000+00:00,3173.284058599524,-0.1633721590042114
1347619092417548288,238475531,"P.S. - Follow the @AWMHFoundation to be the first to know when a new auction begins, and be sure to keep an eye out on the first Tuesday of every month!",421,31,8,886959980254871552,Música,Heavy Metal,2021-01-08T19:00:03.0000000+00:00,278.7958747455198,-0.1497829854488372
1368317364287180801,3001704118,❤? https://t.co/9BNBBWmMjl,415,28,3,,Esportes,UEFA Futebol,2021-03-06T21:47:36.0000000+00:00,265.80019777265903,0.0
1368157353695121412,22910295,"Goal for Spurs, Lusala the scorer.

? 0-1 ⚪ [6'] #CFCU18",1709,61,45,,Esportes,UEFA Futebol,2021-03-06T11:11:46.0000000+00:00,1056.643837112412,-0.2379698455333709
1369007428696743936,22910295,"Spot on! ?

#CHEEVE https://t.co/wMmoAcGvFl",8698,681,60,,Esportes,UEFA Futebol,2021-03-08T19:29:40.0000000+00:00,5676.116626869026,-0.1817889213562011
1368241591299760129,2941994339,"? @ennesyri9 comes on for Papu Gómez.

@Elchecf_en 1-0 #SevillaFC (76')

#WeareSevilla | #ElcheSevillaFC https://t.co/Mi7GgEvJNm",7,0,6,713287663483224064|1324006941060964353,Esportes,UEFA Futebol,2021-03-06T16:46:30.0000000+00:00,12.43470970228076,-0.1172559857368469
1368173264602869761,452155423,"? ''It is a special match. It is the Madrid derby and they are always special matches, we know what it is, the fans too and we are ready to play this match tomorrow. We were very good all week and we are very happy to be able to play tomorrow's game.''
#AtletiRealMadrid https://t.co/HUOILbIsjL",774,64,12,,Esportes,UEFA Futebol,2021-03-06T12:15:00.0000000+00:00,519.0678178340279,-0.1442108750343322
1368550065502121985,19583545,"? ? ? ? ? ??

#LIVFUL https://t.co/1yGBGVUj1u",7638,436,100,,Esportes,UEFA Futebol,2021-03-07T13:12:16.0000000+00:00,4830.933901467241,0.0
1369382325633638404,1638021792,"19’ | Oliveira scores from the spot.

#JuveFCP [0-1] #JuveUCL",582,68,175,,Esportes,UEFA Futebol,2021-03-09T20:19:22.0000000+00:00,536.8357563702615,-0.1985342800617218
1368645394348077067,96951800,"? 2021 ELECTION

Voter participation with &lt; 1️⃣ hour before the polls close https://t.co/HQfWLAlBnH",4127,213,36,,Esportes,UEFA Futebol,2021-03-07T19:31:04.0000000+00:00,2578.1747801644906,-0.2055630683898925
1368982192194519043,22910295,"Chelsea fans, how are ??? feeling?

#CHEEVE",2272,208,188,,Esportes,UEFA Futebol,2021-03-08T17:49:23.0000000+00:00,1624.1632887381472,-0.208873450756073
1369259792892633089,96951800,"❝He's a president who gives a lot of confidence to his players.❞
      — @RonaldKoeman on Joan Laporta https://t.co/3d8XBdm7Jj",2431,152,21,620398542,Esportes,UEFA Futebol,2021-03-09T12:12:28.0000000+00:00,1548.0207264924022,-0.2277902364730835
1320726746329743363,113696373,yoink https://t.co/jL0tUYik2C,4239,209,91,,Entretenimento,Games,2020-10-26T13:59:28.0000000+00:00,2657.985403765417,-0.2545112073421478
1351594764056088577,29758446,"Bonuses in Red Dead Online this week include Double RDO$ and Role XP on all Moonshine Story and Bootlegger Missions.

Naturalist Free Roam Events are awarding Double Role XP, and paying back Double RDO$.

Plus Rewards for Club Members, and more: https://t.co/Aho7S64aDE https://t.co/v7aP77axMr",2845,284,257,,Entretenimento,Games,2021-01-19T18:17:57.0000000+00:00,2066.6828703481383,-0.1851593852043151
1365731424322478084,10671602,Visit Deathloop’s Blackreef and enjoy its four uniquely defined districts (when you’re not being shot at). New trailer from State of Play: https://t.co/kbJ8Tj3zrH https://t.co/VEJOHxafxr,2005,140,71,,Entretenimento,Games,2021-02-27T18:32:00.0000000+00:00,1328.257030215074,-0.2199318706989288
1337102280059834370,821102114,"Reminder: @Nvidia and @AMD have released their new drivers updates. For the best experience with #Cyberpunk2077, make sure to download and install them before jumping into the game!

⚙ https://t.co/om2n2LRX9n (v460.79)
⚙ https://t.co/lTugpJFzP2 (v20.12.1) https://t.co/9if9VnHHFG",11253,615,1145,61559439|14861876,Entretenimento,Games,2020-12-10T18:30:00.0000000+00:00,7678.131241369096,-0.1188716292381286
1352017720578105346,821102114,"@S_Wanchu No, you’re good.",61,1,7,232552469,Entretenimento,Games,2021-01-20T22:18:38.0000000+00:00,40.24650627252569,-0.2154444456100464
1350865539091066881,252882791,"We’ve got a healthy amount of reveals to toss your way during the #REShowcase.
4 days left: ? https://t.co/e4wOPFi45Z https://t.co/SX2L8rYPn5",5093,647,274,,Entretenimento,Games,2021-01-17T18:00:17.0000000+00:00,3938.699242944672,-0.1026555001735687
1330948472992776193,612782611,"RT @CallofDuty: Nuketown '84 drops tomorrow in #BlackOpsColdWar.

Check in with @Treyarch's Creative Specialist, Miles Leslie, on what's co…",0,483,0,46423291|290097288,Entretenimento,Games,2020-11-23T18:56:58.0000000+00:00,543.6371166878351,-0.2124251425266266
1360638198573981696,79293791,"I’m just here to brag about the best eye cream on the block! I’m always tired, y’all would never know. Lol! Get into this @fentyskin #FLASHNAP Instant Revival Eye Gel-Cream ???‍♀️ available now on https://t.co/yH0c5ksLob &amp; @Sephora @HarveyNichols @BootsUK https://t.co/B8y4c5jHlZ",20171,1671,968,1116089461480153088|46186400|23760251|545087869,Música,Pop,2021-02-13T17:13:20.0000000+00:00,13874.383726687853,-0.1172529757022857
1269640838205902849,297047872,????they have a lot of love for every living creature https://t.co/9s7K1Jk4Xs,4918,774,76,,Música,Rock,2020-06-07T14:42:19.0000000+00:00,3682.141273392657,-0.2075610756874084
1366709249137643523,314792669,"Another Tuesday Teaser for you: which song on A Saucerful Of Secrets had a working title of The Most Boring Song I've Heard, Bar Two?

https://t.co/8zmqaYPzZS",1003,111,31,,Música,Rock,2021-03-02T11:17:31.0000000+00:00,712.3408674446492,-0.0944733023643493
1367946423736537089,100220864,@IAMANITABAKER I love you Anita. Thank you so much.,1529,132,41,204995942,Música,Pop,2021-03-05T21:13:37.0000000+00:00,1044.2908315689067,-0.2242390811443328
1327659608903733249,95955871,Dave Grohl ? Paradise City https://t.co/97U9sIr7LP,16432,2665,204,,Música,Rock,2020-11-14T17:08:12.0000000+00:00,12581.710500125817,-0.2471726238727569
1338944728969035776,34507480,? @netflix https://t.co/lLHIqfxrOm https://t.co/tjg1Dbm3OB,178076,12806,7937,16573941,Música,Pop,2020-12-15T20:31:14.0000000+00:00,119078.25430127692,0.0
1366208806535892995,21447363,"I ? your name, voice, sincerity and of COURSE your relationship with your mom @AlanisSophia. And while we’re at it I love @alanis too! #AmericanIdol https://t.co/BajGywTSSV",2191,175,111,1088037493|17399269,Música,Pop,2021-03-01T02:08:57.0000000+00:00,1492.7118397429929,-0.1575867831707
1364598637163126785,2836755090,#PWRUP @BBCNews https://t.co/3eJQgtOHp7,1368,155,17,612473,Música,Rock,2021-02-24T15:30:42.0000000+00:00,954.927419399728,0.0
1345405481628684289,18645813,Jumping into 2021 like ? https://t.co/WHVxU2O1R2,608,70,11,,Música,Electrônica,2021-01-02T16:23:57.0000000+00:00,429.18272056728017,-0.1797956228256225
1354547483083329538,26565946,See you Friday @jimmyfallon ?? @FallonTonight https://t.co/NDhW8CDAsq,12667,708,1139,15485441|19777398,Música,Pop,2021-01-27T21:51:00.0000000+00:00,8612.521770376305,-0.170431762933731
1327687747117740035,238475531,"We'll be getting good use out of these today! #HelpingHands2020 kicks off in three hours.

Get Your Ticket ➡️️ https://t.co/5SUGsKDjCL https://t.co/tChg2AhyNz",1473,135,24,,Música,Heavy Metal,2020-11-14T19:00:00.0000000+00:00,999.6926633837594,-0.1678338646888733
1333406580927303682,21001379,Check out my latest episode of I Need R3HAB with new music from @SHOWTEK @dimitrivegas @likemike @SunneryJames @RyanMarciano @bingoplayers @fafaqmusic @Firebeatz @alekgaloski https://t.co/5Z42xSvgmY ??,92,10,8,72387047|31299618|263481817|45788610|45777849|34914032|32351549|59399268,Música,Electrônica,2020-11-30T13:44:37.0000000+00:00,71.53596268945142,-0.1537420451641082
1359185296382779393,18228898,"Inspired by @chrissyteigen, designed by Winterstone. I teamed up with @getinkbox for some semi-permanent #oohlaa tattoos!  Get yours, check out Valentine's Day merch bundles, and take 15% off select items here: https://t.co/dvqPufbbNC https://t.co/CSlr0SoZfL",581,37,17,2823088888|39364684,Música,Pop,2021-02-09T17:00:01.0000000+00:00,386.9884859308023,-0.1298575401306152
1363926533652574218,238475531,"New to the @PUCKHCKY x Metallica collaboration: The Sniper Messiah, available exclusively at https://t.co/Y2ivhfZ8Xm!

Shop the entire collection at https://t.co/22eYhGNPnK.
Partial collection also available at https://t.co/Bc9QfY59qW. https://t.co/gzOZ9DLysw",1321,156,33,2344289012,Música,Heavy Metal,2021-02-22T19:00:00.0000000+00:00,955.9500101867554,-0.2383532524108886
1365207153359917058,18776605,Much love to @c895radio for the early support on my brand new single 'Leave A Little Love' with @alesso on @planetdance895!,355,35,13,130151627|715467420543033344|26150404,Música,Electrônica,2021-02-26T07:48:44.0000000+00:00,249.95976186260552,-0.0892885625362396
1324713186436796417,118483749,"40 years ago today Motörhead made the first of two Top Of The Pops appearances playing #aceofspades40!
https://t.co/Yr3xIpPNCF",397,88,8,,Música,Heavy Metal,2020-11-06T14:00:10.0000000+00:00,331.43103477241795,-0.1725975573062896
1353719280022343683,337789021,"Scorpions Today - 1992: ""Send Me An Angel"" Peaks at #44 on the @Billboard Hot 100 ? ?

https://t.co/Qh5O5sCg4B",408,82,11,9695312,Música,Rock,2021-01-25T15:00:01.0000000+00:00,334.36577891797515,-0.14469575881958
1360341869478223872,19114743,"SH: The artwork has definitely stood the test of time without a doubt. But it's such massive subject matter - Derek had to do it well, because if he didn’t it ends up being cheesy. It could be a fine line perhaps, but I think the artwork's fantastic #TimsTwitterListeningParty",678,45,19,,Música,Heavy Metal,2021-02-12T21:35:50.0000000+00:00,451.3014697251657,-0.1743026375770568
1309555054295355394,95955871,What’s the song? ? https://t.co/pUFyF3xCGz,6694,612,452,,Música,Rock,2020-09-25T18:07:09.0000000+00:00,4739.307414374583,-0.1834250390529632
1341035699970011136,2836755090,#PWRUP @AMAZONMUSIC https://t.co/BmPCkFDkv1 https://t.co/kVotzrKoQU,992,138,15,14740219,Música,Rock,2020-12-21T15:00:00.0000000+00:00,727.6476628871642,0.0
1360046105170485249,34507480,three hours! ? join the live countdown here: https://t.co/itsDkio2mI ✨ i’ll see you there ? https://t.co/wJM9CmGvhS,77731,11705,7976,,Música,Pop,2021-02-12T02:00:34.0000000+00:00,62000.52114686225,-0.1705864071846008
1316844403797889024,238475531,"Check out the @MVFilmFest's screening of ""Sound Of Metal"" - available today through Sunday morning - including a bonus conversation featuring our resident movie buff, @LarsUlrich! #MVFF43

Get your ticket ➡️ https://t.co/Y7g0VFnHLb https://t.co/KhKq2Vjxc1",692,91,10,348754193|171641072,Música,Heavy Metal,2020-10-15T20:52:26.0000000+00:00,500.1588860737128,-0.1608835160732269
1310618458925740032,18645813,New Music. This Friday ? #Future https://t.co/N3h8FTM1PO,1093,152,26,,Música,Electrônica,2020-09-28T16:32:45.0000000+00:00,806.5389665675593,-0.2128529250621795
1366833859829108738,100220864,"Lacoste: “Bruno, if you want the clothes to sell we need to hire ridiculously good looking models.”

Me: “BET!” https://t.co/4otNoqEmEr",10830,933,534,,Música,Pop,2021-03-02T19:32:41.0000000+00:00,7480.2615686826675,-0.0174726247787475
1330164072227094528,337789021,"On Black Friday our ""Wind of Change"" Box Set including the sheet music for Wind of Change will be released! Have you tried singing or playing the song? Comment below and send your videos!

https://t.co/678WUXT9hw https://t.co/ncYkDqKagE",309,35,11,,Música,Rock,2020-11-21T15:00:02.0000000+00:00,227.0926331550768,-0.1671759784221649
1351669168987226112,236956880,"“Supernaut” (2021 Remaster)
https://t.co/NKrRgDJRNx",698,95,5,,Música,Heavy Metal,2021-01-19T23:13:37.0000000+00:00,504.3025103364936,-0.1610640287399292
1334601400836354048,15155074,"Gigaton producer Josh Evans talked with Nick Rives about mixing Gigaton in Dolby Atmos on @Dolby Inside the Mix.

Tune into part one on Capitol Royale: https://t.co/JK30IO2zAV https://t.co/qnc8TizKTd",202,14,2,15851618,Música,Rock,2020-12-03T20:52:24.0000000+00:00,136.17919337792944,-0.0968563556671142
1347589799947984902,18847632,"'Shake, Shake'. You may not have seen this video. A Celebration. From today on @youtube in 4k. #U2
https://t.co/2Z7COlVid4 https://t.co/pGdxWdAjh9",2341,380,100,10228272,Música,Rock,2021-01-08T17:03:39.0000000+00:00,1846.0443758163956,-0.1832527220249176
1333492114408296449,15155074,"It’s the United Nation’s 75th Anniversary! Join @MikeMcCreadyPJ tomorrow at 12pm PT along with @BrandiCarlile, @ItsPeterGabriel, &amp; over 200 artists for #PeaceThroughMusic.

Watch exclusively on Facebook Live, as we call for social justice &amp; global access to human rights. #UN75 https://t.co/3nJNLOgawQ",358,35,4,107544554|522538187|270193608,Música,Rock,2020-11-30T19:24:29.0000000+00:00,250.58370054395215,-0.1971685290336609
1358058477785120769,79293791,jade in da shade. https://t.co/NkC6I1iEmP,875094,87788,12126,,Música,Pop,2021-02-06T14:22:27.0000000+00:00,600904.6685616527,-0.2040751576423645
1363238923879653379,55010030,"Thanks @JimmyKimmelLive for having us on!  If you missed it, you can watch it here now https://t.co/Bblb6pGOhs https://t.co/zGaJ4PTjIK",1774,341,59,34036028,Música,Rock,2021-02-20T21:27:41.0000000+00:00,1424.128722280952,-0.1838316023349762
1086268959492468742,202222127,"""Electrico Romantico"" is OUT NOW!! ?
Thanks @Spotify for including the track in New Music Friday!!
https://t.co/gCMj381RSy https://t.co/L2riCvD7Ol",53,16,3,17230018,Música,Electrônica,2019-01-18T14:27:56.0000000+00:00,55.7400898398482,-0.1634969711303711
1316501262704144384,19373710,"“It's amazing that we're here 20 years later talking about this album…The reality in terms of the way the music has connected globally has exceeded what any of us could’ve imagined.” - Brad #HybridTheory20

Stream/Download: https://t.co/7ZTm0Sf3OA https://t.co/uqN4ahFXkJ",2706,405,50,,Música,Rock,2020-10-14T22:08:55.0000000+00:00,2006.4819891148252,-0.1598974168300628
1362769948691472385,236956880,Happy Birthday Tony! https://t.co/62X2qv41yE,8969,1550,167,,Música,Heavy Metal,2021-02-19T14:24:09.0000000+00:00,6948.838261009508,-0.1996957063674926
1327642451427864577,238475531,"Today is the day we've been waiting for! #HelpingHands2020 is finally here &amp; we're psyched to get to play LIVE for you in just a handful of hours at 2PM PST. Get your ticket now &amp; join us as we take the stage from HQ.

Get Your Ticket ➡️ https://t.co/5SUGsKDjCL https://t.co/OQD9lkvdN0",1744,195,29,,Música,Heavy Metal,2020-11-14T16:00:01.0000000+00:00,1236.2600009223083,-0.1461051404476165
1330692631551234050,95955871,"The pre-sale tickets have landed ⚡
https://t.co/h6944iWjQJ https://t.co/etgqcBtnrL",3387,265,90,,Música,Rock,2020-11-23T02:00:21.0000000+00:00,2270.632450253423,0.0
1367500382717546499,23976386,"The music video of 'BED' is coming tomorrow together with @raye @joelcorry!
GET READY!!!!! https://t.co/FXJpghzvoS https://t.co/GjDj6LkbFh",426,73,15,36987016|1037251922,Música,Electrônica,2021-03-04T15:41:12.0000000+00:00,335.8203639399392,-0.1523705720901489
1364533279261679619,118483749,"Episode 10 of #themotorcast features one of Lemmy’s closest and most long standing friends, Simon Sessler. Subscribe now to hear his stories about the great man and all things Motörhead here https://t.co/q37LFpYOhk  . Hosted by @TalkingBollockz https://t.co/pGuSlEmtxT",344,49,2,2425303842,Música,Heavy Metal,2021-02-24T11:11:00.0000000+00:00,259.07999185539376,-0.1733493506908416
1349370619616378880,2836755090,#REALIZE VIDEO OUT NOW #PWRUP https://t.co/6wcxL4N2mM https://t.co/Dyy70idElf,4002,989,102,,Música,Rock,2021-01-13T15:00:00.0000000+00:00,3489.0040529647986,-0.1460028886795044
1361376289475682307,621583,Parler app back online after month-long gap https://t.co/YxJnH9M4NH,31,11,11,,Notícias,Tecnologia,2021-02-15T18:06:15.0000000+00:00,39.84942421928111,-0.194591075181961
1319686215642214401,19373710,NEW #HybridTheory20 merch available in the Official Linkin Park Store: https://t.co/tgYZCswSOj https://t.co/7rBtkGnpRl,2535,289,46,,Música,Rock,2020-10-23T17:04:47.0000000+00:00,1816.806078052468,-0.1775285899639129
1238490684384071686,297047872,"Must have been a hundred miles
Any of a hundred styles
It's not about the smile you wear
But the way we make out
* * * *
On this day in 2007, the music video for “Hump de Bump” was released. Directed by @chrisrock https://t.co/oUqqkwMLYw",2381,401,23,238319766,Música,Rock,2020-03-13T15:42:43.0000000+00:00,1801.721727224152,-0.1388137638568878
1352347607855726594,95955871,"#onthisday in 2017 we rocked Osaka, Japan https://t.co/qsPK9BnF6y",6474,977,95,,Música,Rock,2021-01-21T20:09:29.0000000+00:00,4829.034051807616,-0.1994078159332275
1315698359718551552,18645813,WE are INVINCIBLE ? https://t.co/733IPDbCHj,1025,163,11,,Música,Electrônica,2020-10-12T16:58:28.0000000+00:00,765.9555831563935,-0.217478722333908
1336325009367678977,2836755090,#DEMONFIRE IS ALL YOU DESIRE. OFFICIAL VIDEO TOMORROW. #PWRUP https://t.co/RPrvr4eRDJ https://t.co/VcXIvsa6y9,1627,258,25,,Música,Rock,2020-12-08T15:01:24.0000000+00:00,1242.777448242029,-0.2206234633922577
1304866700794363905,6207392,"09.12.19 ?  Preparing for #TheNothing album release event.

?: @stvthrasher https://t.co/DI9KjAxCXx",1098,137,10,560591381,Música,Heavy Metal,2020-09-12T19:37:19.0000000+00:00,777.6674166512255,-0.1461684107780456
1310693744056950787,95955871,A little slide guitar ? https://t.co/1eGWLnLhTI,7809,932,91,,Música,Rock,2020-09-28T21:31:54.0000000+00:00,5480.464465919799,-0.190686821937561
1359547910619344904,25365536,"Our @KKWFRAGRANCE Valentine’s Sale starts now! Shop 25% off select red &amp; pink fragrances — Kylie Jenner Red &amp; Pink Lips, Kourtney Ruby Diamond and Crystal Rose. No code needed. ❤️? Offer ends Sunday, 02.14 at 12PM PT only at https://t.co/Dn34NWYXIO https://t.co/tW95Gz03Aw",2020,104,87,822288284202070016,Música,Pop,2021-02-10T17:00:55.0000000+00:00,1305.7994954084577,-0.1565853357315063
1334534887664209922,2836755090,#PWRUP @MetalHammer https://t.co/vHWr26nw9r,1488,123,7,19773713,Música,Rock,2020-12-03T16:28:06.0000000+00:00,977.935802986845,0.0
1366167129754537984,17019152,@niftygateway @AdamPriesterArt @jpierce_art @TedsLittleDream @troubleandrew @toomuchlag_ @jonburgerman @nottjmiller @rhymezlikedimez @fewocious @itsparrott @JonathanWWolfe @todayodious @smeccea @_dotpigeon @rhett let's gooooooooooo!!!!,69,5,7,2367459205|2274106722|358404000|728543419547701248|1053795166199238656|20035593|973862838551961605|1287057962155094018|3286606657|14572884|743940594540613632|2836258729|17791626|163504733|1280326578405163009|6903232,Música,Electrônica,2021-02-28T23:23:20.0000000+00:00,49.88953905393404,-0.1868279576301574
1365113385658970113,155705264,@Ninja @Froste @Nadeshot @marshmellomusic @DillonFrancis done my part. Sorry @Nadeshot,19659,149,64,161418822|2987922767|19520983|1040361509396905987|214201922,Música,Electrônica,2021-02-26T01:36:08.0000000+00:00,11212.852992835707,-0.1842041611671447
1342062601535164416,18847632,"Extended Christmas episode of XTRACTS with some of the special guests who’ve joined the band on U2-X Radio in 2020. https://t.co/RceWtAuoBN
@rockyoriordan @ava @st_vincent @ElvisCostello @kendricklamar @howiebpoems @NoelGallagher @talldanhegarty @johnkellytweets https://t.co/2jy2zUI6vZ",680,91,17,7957702|18518096|1357204375|216388381|14982804|23561980|41700449|20117923|113613920,Música,Rock,2020-12-24T11:00:33.0000000+00:00,503.2617803706973,-0.2233822643756866
1240464261366919171,89366493,"In addition we will be CLOSING A7X World for now. We encourage you to support your favorite independent artists, brands, and businesses during this time of uncertainty.",520,57,17,,Música,Heavy Metal,2020-03-19T02:25:01.0000000+00:00,367.4574161891251,-0.2050492167472839
1369042864316026881,15808647,"Not yet a subscriber? For $50 per year, you’ll get unlimited access to our journalism and our award-nominated newsletter on artificial intelligence, The Algorithm. Your support also helps sustain our mission-driven journalism.
https://t.co/JmdZJSohAO",2,1,0,,Notícias,Tecnologia,2021-03-08T21:50:29.0000000+00:00,9.025748849978008,-0.1716266572475433
1354565152939544576,155705264,@fvckrender @AxieInfinity Amazing stuff!! Keep up the amazing work! ♥️,74,1,3,701756115118333952|957716432430641152,Música,Electrônica,2021-01-27T23:01:13.0000000+00:00,46.25698906426267,-0.1256862878799438
1320142365038817281,19373710,"In 2016, we designed the #00 @MercedesAMG GT3 to compete at the @24HoursofSpa.

Can you spot the #HybridTheory reference on the car?
#MercedesAMG #HybridTheory20 https://t.co/Mw47Zc9pjF",3386,348,53,161711473|38170974,Música,Rock,2020-10-24T23:17:21.0000000+00:00,2334.3087567374,-0.1740022897720337
1338592930022363139,22720074,"Tomorrow night don't miss PLAY ON: Celebrating the Power of Music to Make Change. We'll be raising money for two important charities, @NAACP_LDF and @WhyHunger, so make sure to tune in to CBS at 8/7c. Learn more at https://t.co/bLHCPZ4re4 #PlayOnLive https://t.co/HImkpNG7AD",822,123,22,17465796|126062842,Música,Rock,2020-12-14T21:13:19.0000000+00:00,623.7305594934622,-0.1165080964565277
1365155419564351490,250887629,imagine if Mr Potato Head had a dick piece you could pop on and off https://t.co/cuyYEPZ0iH,4681,126,48,,Celebridades,Comediantes,2021-02-26T04:23:10.0000000+00:00,2793.409120946653,-0.0792838931083679
1361396964227772419,2559865245,@GMHikaru @DanielRensch @xQc @chesscom @hiimmikelee @TSM @chessbae94 @jaroniscaring W,377,4,4,20745074|785651770697523200|117653650|64324543|21346496|286505380|972587909307023360|1002318882714112000,Celebridades,Youtubers,2021-02-15T19:28:24.0000000+00:00,218.12028419173055,0.0
1272637078401097731,291428614,"Breonna saved lives. The officers who stole hers, still walk free. There is nothing to discuss, only justice to demand, period. Go to https://t.co/MtKWE4dJ8o to learn &amp; lead now. https://t.co/4l6gH3wVhs",24803,12462,44,,Celebridades,Youtubers,2020-06-15T21:08:18.0000000+00:00,27705.704233207256,-0.1382036805152893
1321919226341306368,517077573,"Want a chance to win a limited edition Unus Annus Youtooz? RT + follow @Youtooz and reply with your favorite moment from the past year. Winners will be picked before drop on November 6th.

Better hurry... only 15 days left before Unus Annus is deleted forever.

Memento mori. https://t.co/xJtZrrE6Ey",55193,16567,17872,1080924673758527489,Celebridades,Youtubers,2020-10-29T20:57:58.0000000+00:00,62314.26022204456,-0.0976459085941314
1364415183607586825,35999306,"@WritingNerd23 It was a little bit of both! All in all, it took about a full day to film, accounting for all the times we would pause to choreograph the next part. Glad you enjoyed!",6,0,0,1321592012026617857,Celebridades,Youtubers,2021-02-24T03:21:44.0000000+00:00,7.779412103587755,-0.1111479997634887
1365372438578667526,214201922,@iPurrple LOL,206,0,4,230303764,Celebridades,Youtubers,2021-02-26T18:45:31.0000000+00:00,119.4880854056284,-0.0876753628253936
1359318229735251977,43815496,not very skillful but sooooo satisfying ? https://t.co/ZN0ZV0Hq2P,10899,473,74,,Celebridades,Youtubers,2021-02-10T01:48:15.0000000+00:00,6704.307205451654,-0.160639226436615
1366804263385501696,19604744,March 2020            March 2021 https://t.co/8kOs8qFCdD,2638,66,22,,Celebridades,Youtubers,2021-03-02T17:35:05.0000000+00:00,1566.7858614235577,-0.2480976581573486
1343974143646044160,310072711,23✨ https://t.co/wNaq65dMA6,20673,864,214,,Celebridades,Youtubers,2020-12-29T17:36:20.0000000+00:00,12708.85148667308,0.0
1339746480014254081,310072711,@2belovedbyou It’s true ?‍♂️,11,0,8,3291135910,Celebridades,Youtubers,2020-12-18T01:37:06.0000000+00:00,12.285084366668146,-0.1403847932815551
1370069387974119426,43815496,@peacesaiwong @poopikkuni @Natsumiii @BaboAbe @edisonparklive Stitches,41,0,1,707620657945645056|614333791|1360234484667473921|262341591|1243592532128399360,Celebridades,Youtubers,2021-03-11T17:49:31.0000000+00:00,23.50626600883696,0.0
1366121589478154243,77596200,@peachkkuno @Corpse_Husband @Sykkuno @KarlJacobs_ @DisguisedToast @peterparkTV @LudwigAhgren Next time you won't be so lucky next time,9574,84,33,69460994|430177205|2653325339|2344209337|1324268492674260993|3409123967|337337691,Celebridades,Youtubers,2021-02-28T20:22:22.0000000+00:00,5472.86957601595,-0.1676043272018432
1359370632350208003,43815496,what is throttling? @CoxComm,2273,20,33,103637045,Celebridades,Youtubers,2021-02-10T05:16:29.0000000+00:00,1313.547534494507,-0.0060733556747436
1358529006967033856,43815496,@xChocoBars @Valkyrae ?,1524,7,4,2708191476|67291370,Celebridades,Youtubers,2021-02-07T21:32:10.0000000+00:00,862.2229888122151,0.0
1359319030587293696,43815496,@JamesKenobi25 @KeeLoker im growing up,23,0,0,956288390932045824|935568464487514114,Celebridades,Youtubers,2021-02-10T01:51:26.0000000+00:00,14.738464761785131,-0.0736097693443298
1331282297014743042,517077573,@GreenGiant ...I’m listening.,39166,506,253,195763277,Celebridades,Youtubers,2020-11-24T17:03:28.0000000+00:00,22600.10521632457,0.0
1369832253816246274,77596200,@LilyPichu @Corpse_Husband @Natsumiii 4cast gang! ❤️,14250,167,47,3409123967|614333791|74274804,Celebridades,Youtubers,2021-03-11T02:07:14.0000000+00:00,8190.59992626656,-0.1485177874565124
1366380504736534529,77596200,@Nibellion Dont mind waiting for a good game. Just wish we could see more of it to know what we’re waiting for.,2736,24,22,591672691,Celebridades,Youtubers,2021-03-01T13:31:13.0000000+00:00,1573.296640156562,-0.1775145530700683
1336435104172765184,26389359,"We’re teaming up w/ @BMWGroup to develop cloud-enabled solutions for the #auto industry &amp; to upskill up to 5,000 #BMWGroup employees &amp; affiliated software engineers in #cloud tech to help them make better use of #data #machinelearning. https://t.co/7Y6mrDHZFk #AWS #reInvent",320,80,8,107122128,Celebridades,Personalidades de Negócios,2020-12-08T22:18:53.0000000+00:00,284.70316469985823,-0.1109280586242675
1344852533122981888,517077573,2020 - A Comprehensive Review https://t.co/2a84HxlGFa,139027,22583,1675,,Celebridades,Youtubers,2021-01-01T03:46:44.0000000+00:00,104397.80772240506,-0.2280147075653076
1349749578095075328,35999306,@reallyrabah @MKBHD @whatsinside @RickShielsPGA @Casey @PhillyD @DavidDobrik Needs to happen!,121,1,2,325306055|154221292|6351572|3239203002|933693225436631040|117786848|29873662,Celebridades,Youtubers,2021-01-14T16:05:51.0000000+00:00,72.08487678879546,-0.2269887924194336
1361511252103729153,214201922,@amboyes @dreamwastaken @GeorgeNotFound @tommyinnit @KarlJacobs_ @MrBeastYT @SypherPK @WilburSoot @TubboLive https://t.co/gZy0vkpUqr,1179,25,37,2174576629|1032978119370723329|387262364|20659225|996365064667123713|2653325339|1269132220725411842|2941088926,Celebridades,Youtubers,2021-02-16T03:02:32.0000000+00:00,714.2077658907871,0.0
1361857937518465025,19604744,@AlyssaBug711 @comicgirle @SmoshGames @SmoshIan @Co_Mill @DamienHaas @supershayne @OliviaSui same,16,0,0,2309285994|716901834|48924387|332736023|38811911|1098092507102150657|307527529|20188930,Celebridades,Youtubers,2021-02-17T02:00:09.0000000+00:00,10.067551370923994,-0.2091027498245239
1361586402484514816,214201922,@amboyes @dreamwastaken @GeorgeNotFound @tommyinnit @KarlJacobs_ @MrBeastYT @SypherPK @WilburSoot @TubboLive Snow days are the best ^_^,71,0,0,2174576629|1032978119370723329|387262364|20659225|996365064667123713|2653325339|1269132220725411842|2941088926,Celebridades,Youtubers,2021-02-16T08:01:10.0000000+00:00,41.94730229852738,-0.0507318079471588
1361853779025403905,19604744,@comicgirle @SmoshGames @SmoshIan @Co_Mill @DamienHaas @supershayne @OliviaSui just enough into smosh,41,0,1,716901834|48924387|332736023|38811911|1098092507102150657|307527529|20188930,Celebridades,Youtubers,2021-02-17T01:43:37.0000000+00:00,25.29942343476095,-0.1170185506343841
1365037827298238464,234270825,"@ElliottKalan @kitchenlattice @JesseThorn @Michaelnono @Jeopardy ""Now I don't AVOID Ken Jennings, Mandrake. But I do deny him my essence.""",15,0,0,52554306|85917438|48517976|104297367|5611152,Celebridades,Comediantes,2021-02-25T20:35:53.0000000+00:00,11.29996611266621,-0.0517696440219879
1301164188136431616,517077573,"Too be absolutely clear I don't blame the moistest man on the internet @MoistCr1TiKaL at all for this. Fair is fair and if this is the game that @TeamYouTube wants to play, I've got my Spongebob costume on and am ready to throw hands.",103803,3537,589,559229566|3031071234,Celebridades,Youtubers,2020-09-02T14:24:51.0000000+00:00,62186.21173514445,-0.095510333776474
1366910062711685124,24008967,@Bamber4510 @sashaspielberg @RobbieBarstool @JoeyMulinaro @JeffDLowe @JackKennedy @DavidAGoodman I understood.,1,0,1,324511199|233777204|258528134|66814204|1075135057285779456|28273857|1255832742,Celebridades,Comediantes,2021-03-03T00:35:29.0000000+00:00,2.238196216652315,-0.1958605945110321
1365109273240473600,214201922,@DrLupo @Froste @Nadeshot @timthetatman @CouRageJD Handled,24974,169,64,995979576|161418822|4140881832|1040361509396905987|246596682,Celebridades,Youtubers,2021-02-26T01:19:47.0000000+00:00,14203.614292981489,-0.1576670408248901
1366197120064192513,24008967,@StudioCityCat @sashaspielberg @RobbieBarstool @JoeyMulinaro @JeffDLowe @JackKennedy Clemens had a great speed ball.,0,0,2,324511199|97518322|233777204|258528134|1075135057285779456|28273857,Celebridades,Comediantes,2021-03-01T01:22:30.0000000+00:00,2.238072383221528,-0.0737530887126922
1334873913210380298,3339261074,@goodall_jeff @MichaelDell @DellTech @VMware @Secureworks @boomi Hope you had a great holiday Jeff.,3,0,1,14934774|58560480|12092012|593256821|715901816857358336|15166390,Celebridades,Personalidades de Negócios,2020-12-04T14:55:16.0000000+00:00,4.598825005309924,-0.2198173105716705
1360286991011639302,43815496,@ItzMasayoshi @QuarterJaded @Sydeon @h7une @TheRay_C My dream Jett,1498,6,2,783459397464825856|2364897541|4721481919|999560561972006912|953863929763020800,Celebridades,Youtubers,2021-02-12T17:57:46.0000000+00:00,846.8246514722138,-0.147612988948822
1354807067232489475,3339261074,"@steveathanas @VMware @intel @MyVMUG Was always great working with you Steve, thank you for everything.",2,0,0,167583967|15493558|12092012|2803191,Celebridades,Personalidades de Negócios,2021-01-28T15:02:30.0000000+00:00,5.149853225487453,-0.2246294021606445
1367532398825648130,58560480,"@sakacc @DellTech @VMware Enjoy the very well-deserved break! Grateful for all you have brought (especially your passion) to @DellTech and @VMware, our customers, and community, and looking forward to your return. We'll miss you! Stay safe and well my friend! ?",52,1,1,715901816857358336|12092012|18146496,Celebridades,Personalidades de Negócios,2021-03-04T17:48:26.0000000+00:00,35.81171080115889,-0.2557044327259063
1356255352145272832,3339261074,"@xyIT @VMware @intel Thank you very much, good luck to you as well!",1,0,0,524381955|12092012|2803191,Celebridades,Personalidades de Negócios,2021-02-01T14:57:28.0000000+00:00,2.6597252291108453,-0.203690767288208
1326033569555181568,772493970,@EvanKirstel @jmj Thank you so much Evan!  We will make the waiting room a fun place?,19,1,3,35203319|11922492,Celebridades,Personalidades de Negócios,2020-11-10T05:26:54.0000000+00:00,16.304986513283723,-0.1745535433292389
1365812811721543685,24008967,@RobbieBarstool @JeffDLowe @JoeyMulinaro @sashaspielberg @JackKennedy Great preview. Movie could’ve been much better.,3,0,1,324511199|233777204|258528134|1075135057285779456|28273857,Celebridades,Comediantes,2021-02-27T23:55:24.0000000+00:00,5.725400000285316,-0.115505576133728
1365784358217523201,24008967,@StudioCityCat @RobbieBarstool @JoeyMulinaro @sashaspielberg @JeffDLowe Your vote counts twice. #electionfraud,0,0,0,97518322|233777204|258528134|324511199|28273857,Celebridades,Comediantes,2021-02-27T22:02:20.0000000+00:00,2.238000824325462,-0.0303497016429901
1365811680815554560,24008967,@JeffDLowe @RobbieBarstool @JoeyMulinaro @sashaspielberg @JackKennedy Great category!!,5,0,1,324511199|233777204|258528134|1075135057285779456|28273857,Celebridades,Comediantes,2021-02-27T23:50:54.0000000+00:00,4.475885776400206,-0.2046659290790558
1334130051554668547,58560480,@SmashDawg @ouraring @redbullracing @Mariners @ufc @DigitalTrends Agree,1,0,0,41488578|3050707454|6446742|226087776|2306403086|14763734,Celebridades,Personalidades de Negócios,2020-12-02T13:39:25.0000000+00:00,1.6753379185506894,-0.1656294763088226
1285952748484083712,14464766,Helping Bagel with her first screenplay.  Not surprisingly it’s about sticks. https://t.co/82jPstqW8g,179,12,17,,Música,Electrônica,2020-07-22T15:00:01.0000000+00:00,127.54178348813636,-0.1522326469421386
1354081977062850561,29758446,"This week Red Dead Online celebrates the makers who aren’t afraid to experiment and improvise.

Craft any item at a Campfire to get 3 Collectibles. Craft anything in Gus’ Store, meanwhile, to bag Rewards and Offers good for a free hat and more.

https://t.co/CVZMciiVun https://t.co/wStyTofe3r",3459,276,374,,Entretenimento,Games,2021-01-26T15:01:15.0000000+00:00,2472.952770642301,-0.101480633020401
1362949278365143050,155705264,@chetporter Turned out better than I thought it would ?,27,1,1,837078331,Música,Electrônica,2021-02-20T02:16:44.0000000+00:00,18.61338057386302,-0.2295641899108886
1365346314956005378,15234657,"You don’t need a library card to check out Dr. Hakim’s dance moves. ? #ItTakesTwoGame is just ONE MONTH away!

Pre-order here: https://t.co/SiCyWUT98b https://t.co/fuEq5b6br7",182,6,23,,Entretenimento,Games,2021-02-26T17:01:43.0000000+00:00,132.03021053409043,-0.1694587171077728
1336808991792525325,821102114,@Fernand69572826 Stay strong!,327,6,20,854838283892908033,Entretenimento,Games,2020-12-09T23:04:35.0000000+00:00,203.21740567488916,-0.2082997262477874
1337102429532217345,612782611,"RT @CallofDuty: From operators to weapons and more, get all the intel on the massive updates arriving in #Warzone with Season One:

https:…",0,203,0,290097288,Entretenimento,Games,2020-12-10T18:30:36.0000000+00:00,231.7822105340803,-0.2040754556655883
1357343495132880897,29758446,"Get a 50% bonus payout on The Cayo Perico Heist Finale this week, plus all setup costs are waived.

And if you haven’t taken on the latest GTA Online Heist yet, get started with 25% off the Kosatka Submarine, which doubles as your Heist planning HQ.

https://t.co/0kv2jpLdfh https://t.co/LPARF5XcVD",4614,588,301,,Entretenimento,Games,2021-02-04T15:01:22.0000000+00:00,3456.929143812188,-0.1579024195671081
1327673915829866501,252882791,"For the latest UNDER THE UMBRELLA, the spotlight is on Resident Evil creatures! Share your own favorites with #REBHFun!

▶️ https://t.co/BAJuewXIpc https://t.co/TyRrZTzGxC",551,55,30,,Entretenimento,Games,2020-11-14T18:05:03.0000000+00:00,399.55449865557074,-0.2038065493106842
1369324832702296067,816653,"TC Sessions: Mobility 2021 is coming, save the date! https://t.co/c6agYKmu4d by @kirstenkorosec",12,7,0,20009841,Notícias,Tecnologia,2021-03-09T16:30:55.0000000+00:00,18.59319015964775,-0.0838864743709564
1363172378843389952,331908924,@AustinCreedWins that helm tho ?,13,0,1,41284429,Entretenimento,Games,2021-02-20T17:03:16.0000000+00:00,9.748865328148304,0.0147657394409179
1358898413136396288,331908924,"Adventure is better in pairs.

Which duo from the last 30 years has given you the most FOMO?

#Blizz30 https://t.co/Auxq2cJbYt",1628,98,126,,Entretenimento,Games,2021-02-08T22:00:03.0000000+00:00,1108.3786811933269,-0.1490581631660461
1337104278398382087,821102114,@Porsche It was certainly at the top of our wish list. Let’s do this!,653,5,27,57016932,Entretenimento,Games,2020-12-10T18:37:56.0000000+00:00,387.4549783324728,-0.2122626304626464
1362902698585071617,331908924,@ElGranFaravahar Find the schedule here! Currently broadcasting on the strategy channel. https://t.co/wJ2TxthXSN,2,0,1,1852347560,Entretenimento,Games,2021-02-19T23:11:39.0000000+00:00,5.710915587206755,-0.1594050526618957
1360653537781321732,43815496,@itsraeload @fuslie @Valkyrae @Sykkuno @edisonparklive This clip doesn’t show it but @Valkyrae stole my knife kill.. js,2732,15,6,3013777044|430177205|2708191476|262341591|1351456233392279553,Celebridades,Youtubers,2021-02-13T18:14:17.0000000+00:00,1550.901442556122,-0.1726313233375549
1331266330176196608,14464766,As all l.a restaurants are sadly going on pandemic hiatus 2.0 my weekly ‘get dressed up and go out to dinner’ will consist of putting on a suit and eating spaghetti with my friend bagel. https://t.co/k6Y5tSMBmW,165,5,11,,Música,Electrônica,2020-11-24T16:00:01.0000000+00:00,113.32141320080127,-0.008573293685913
1330905143416659975,21001379,I wanna come closer..... https://t.co/ME64c0BOrr,384,32,16,,Música,Electrônica,2020-11-23T16:04:47.0000000+00:00,262.2791535286753,-0.2372595369815826
1362920758872133634,155705264,@PezRadar @Filthierich @The_Hooley I’m already counting second until Diablo 4 comes out ?,24,0,1,83533045|40717768|148998835,Música,Electrônica,2021-02-20T00:23:25.0000000+00:00,17.490164571664156,-0.1425339579582214
1365788765957083149,18645813,When u have your BIRTHDAY in the middle of a PANDEMIC and there is no one around to SING for you ? https://t.co/3PoBDjwxPO,548,46,30,,Música,Electrônica,2021-02-27T22:19:51.0000000+00:00,383.3355766637473,-0.2114574015140533
1354353736580124673,155705264,@AliceKaneWolf ???,49,3,1,2790875190,Música,Electrônica,2021-01-27T09:01:08.0000000+00:00,31.3034629124836,0.0
1258809129218564098,202222127,"J’me voyais déjà sur l’Arc de triomphe ??? passer du bon et collecter des fonds pour ceux qui en ont besoin... Nous sommes toujours en attente de l’autorisation M. Bélaval, Responsable des monuments de France, pour réaliser notre action de solidarité... Bob Sinclar https://t.co/KopcFTkI3x",317,62,28,,Música,Electrônica,2020-05-08T17:20:58.0000000+00:00,282.2428749828618,-0.1888146102428436
1303727847966674944,38633321,TUNE IN TOMORROW 8PM CEST. @tomorrowland https://t.co/93MUxKda55,97,13,0,69542069,Música,Electrônica,2020-09-09T16:11:55.0000000+00:00,70.89092026363596,-0.117586612701416
1301536924067393537,14464766,"I really enjoyed making the ‘making of’ for ‘my only love’, so i’ve made another one, here’s the making of ‘morningside’. I hope you like it!

Premiering tomorrow 8am PDT here: https://t.co/LYHkEboVSO https://t.co/p6gZ6nhCpp",144,17,5,,Música,Electrônica,2020-09-03T15:05:58.0000000+00:00,109.1737970556134,-0.1064303815364837
1351560050725294082,14464766,"As today is Trump’s last day in office it seemed somehow appropriate to post this video.. This is a song i wrote a few years ago with @skylargrey, and in an odd way it reminds me of sad, broken Trump.

https://t.co/PbkeUk46Z1",94,17,19,154677827,Música,Electrônica,2021-01-19T16:00:01.0000000+00:00,89.9949887992536,-0.1140415370464325
1355549351603531783,21001379,"Fendi, Gucci, Prada, Louis? https://t.co/GD9t1jbFiZ",178,19,9,,Música,Electrônica,2021-01-30T16:12:04.0000000+00:00,129.31891882008213,-0.1928037106990814
1318667750408036352,72915722,"@ReginaKing @hollyrpeete @itsgabrielleu @glamourmag Love you so much. You ARE changing the world, and I’m so grateful for it ❤️",158,14,6,342327238|19247844|30274144|256881576,Celebridades,Artistas de TV,2020-10-20T21:37:46.0000000+00:00,111.52064698544704,-0.2004184126853943
1364664823984779267,47786101,Stronger. https://t.co/jCjmuWoSS3,7691,302,96,,Celebridades,Artistas de TV,2021-02-24T19:53:42.0000000+00:00,4704.727892562896,-0.2122625410556793
1317810926133874689,27042513,@EatDrinkRunFun Enjoy the show!  ?,3094,36,89,135944259,Celebridades,Artistas de TV,2020-10-18T12:53:03.0000000+00:00,1817.5879058987216,0.0
1359941706951524353,43815496,@KristoferYee @peterparkTV @starsmitten_ actually thanks to @starsmitten_,614,3,4,2439488023|69460994|2372600622,Celebridades,Youtubers,2021-02-11T19:05:44.0000000+00:00,348.9529295215282,0.0
1349743109832372225,35999306,@MKBHD @RickShielsPGA @Casey @PhillyD @DavidDobrik We dabble https://t.co/SXEUCi6EhQ,84,1,2,325306055|154221292|6351572|117786848|29873662,Celebridades,Youtubers,2021-01-14T15:40:09.0000000+00:00,49.73315703018872,0.0
1368297763524448256,77596200,@JackManifoldTV @tommyinnit Thank you Jack Manifold,10087,59,41,731186310552158208|1032978119370723329,Celebridades,Youtubers,2021-03-06T20:29:43.0000000+00:00,5740.155157456686,-0.25098317861557
1283518830950510593,72915722,@KristinDavis @GPBmadeit @netflix Ahh thanks Kristin!! xx,34,3,3,16573941|1569791546|92372285,Celebridades,Artistas de TV,2020-07-15T21:48:30.0000000+00:00,26.3285049975749,-0.207419604063034
1367629682439454722,19263978,"This is our home. This is our community. We're all in this together!
Education | Voting | Law Enforcement Relations
#CL3Alliance https://t.co/cejHHYsuDD",121,10,2,,Esportes,Basquete,2021-03-05T00:15:00.0000000+00:00,84.43112874903437,-0.1183080971240997
1346230432036233218,65468720,Just posted a photo https://t.co/sg53tcIImj,18,0,8,,Esportes,MMA,2021-01-04T23:02:01.0000000+00:00,17.3182363595084,-0.2282100319862365
1367491019277799427,19583545,A special brace from El Niño ⚽️ #LIVCHE https://t.co/UKdj9dVncj,5000,539,81,,Esportes,UEFA Futebol,2021-03-04T15:04:00.0000000+00:00,3548.207712376164,-0.2381215989589691
1368144516558041088,3001704118,"? MATCHDAY @coupedefrance ?

? @SB29
? #SB29PSG
⌚️ 9:10pm (CET)

?? #AllezParis https://t.co/6wLnGjmOW1",100,13,1,606345615|748864710339076096,Esportes,UEFA Futebol,2021-03-06T10:20:46.0000000+00:00,74.56379642749256,-0.159074991941452
1369378396216692740,1638021792,"3’ | ? | ALMOST THE DREAM START FROM @ALVAROMORATA!!! Marchesin somehow keeps out his header!

#JuveFCP [0-0] #JuveUCL",415,23,18,171840420,Esportes,UEFA Futebol,2021-03-09T20:03:46.0000000+00:00,277.13697597066465,-0.0459824502468109
1333807391079428096,140845817,Brand New @YouTube vid out! The rage and joy of demon souls link in bio. #ps5 #demonsouls #youtube https://t.co/ja9ZgoPdJg,101,3,6,10228272,Esportes,MMA,2020-12-01T16:17:17.0000000+00:00,69.30935461632411,-0.2223331332206726
1369400158912475136,1638021792,"???? lad! ?⚽️⚽️

? @federicochiesa ?

#JuveFCP #JuveUCL #ForzaJuve https://t.co/jtfOvRCwYv",2104,197,53,2230170215,Esportes,UEFA Futebol,2021-03-09T21:30:14.0000000+00:00,1447.194074674278,0.0
1367269369521266691,16727749,Bang Bang! @WayneEllington https://t.co/SS44XMrvT9,41,8,0,372439064,Esportes,Basquete,2021-03-04T00:23:14.0000000+00:00,33.01255564072287,0.0
1367300479739441155,16201775,"Joel Embiid.

That's the tweet.",17179,2743,258,,Esportes,Basquete,2021-03-04T02:26:52.0000000+00:00,12933.843628797464,-0.1799933910369873
1367625056570990592,11026952,"#MIAvsNOP INJURY UPDATE: Jimmy Butler (knee) will be available for tonight’s games vs the Pelicans.

Bam Adebayo (knee) has been ruled out.",1073,99,93,,Esportes,Basquete,2021-03-04T23:56:37.0000000+00:00,852.1904580978212,-0.2303139567375183
1352019602151100416,232010910,Got to hangout with some cool people today! @Marcusacts314 @Hoganfilm @eugcordero Tacoma FD https://t.co/oKW4jitz33,632,17,31,1119818046070112256|463829352|21696770,Esportes,MMA,2021-01-20T22:26:07.0000000+00:00,395.2517935285854,-0.1259753406047821
1346143996431646720,310463188,"The wait is over and my new @mizunonorthamerica collection is finally here and available to buy! Check the link below for the baddest apparel on the planet - Someone has to be the best, why not you? https://t.co/LoPiCGpPsl https://t.co/QVxOMTPlr8",2060,220,229,,Esportes,MMA,2021-01-04T17:18:33.0000000+00:00,1556.9316246928995,-0.0986718237400055
1271896411257241600,310463188,Me and @travisbrowneMMA were catching up on @LetterkennyProb last night and heard my name come out of the mouth of squirrely Dan! No joke I actually screamed ? fucking love that show,1671,85,56,154216795|1483679244,Esportes,MMA,2020-06-13T20:05:09.0000000+00:00,1064.6959239592793,-0.0692792832851409
1317201419384975365,140845817,more tarkov on @twitch https://t.co/ixGRxgNEdq chill afternoon stream,24,2,2,309366491,Esportes,MMA,2020-10-16T20:31:05.0000000+00:00,19.093082303827256,-0.1658441424369812
1326554237053054977,19798578,"On November 11, remember those who served and sacrificed for freedom. Retweet to remember. #CanadaRemembers
 
Le 11 novembre, souvenons-nous de ceux et celles qui ont consenti des sacrifices et ont servi pour liberté. Retweet pour vous souvenir. #LeCanadaSeSouvient https://t.co/kCYOfIgqvx",574,90,10,,Esportes,MMA,2020-11-11T15:55:50.0000000+00:00,440.1789068485812,-0.1188832521438598
1275840045761441792,310463188,"We hit 1 million subscribers on @youtube!! We’ve been through so much together in the last year and a half since the channel’s humble beginnings☺️check the link below to reminisce on the good times and subscribe!

https://t.co/HUl3SamXuq",573,51,37,10228272,Esportes,MMA,2020-06-24T17:15:45.0000000+00:00,407.06061352586806,-0.126780480146408
1316239353505480704,140845817,4 straight hours of pvp in shadowlands pre-patch damn i cant wait till the game drops @Warcraft,141,2,5,61033129,Esportes,MMA,2020-10-14T04:48:11.0000000+00:00,87.64204405083181,-0.2015133500099182
1173620799997186051,115093611,Thanks to everyone at Nick and Stef’s NYC for hosting us after the match last night. Check it out when you’re in #NYC. @Patina_Group https://t.co/ayoBd6FVkg,190,8,6,1525395258,Esportes,MMA,2019-09-16T15:32:58.0000000+00:00,123.506537755732,-0.1820048689842224
1318907390922788866,232010910,"Sometimes you have to let the pain visit for a minute, but keep digging, keep going, keep pushing forward.                   #SM https://t.co/PWvPF0KSdH",260,14,9,,Esportes,MMA,2020-10-21T13:30:00.0000000+00:00,170.1475380240875,-0.2258395254611969
1368447074019270656,6446742,"THE LEGEND GROWS!

??? @JanBlachowicz defends his LHW strap. #UFC259 https://t.co/2CdNbJYzAn",12172,2732,435,1026536822,Esportes,MMA,2021-03-07T06:23:01.0000000+00:00,10532.629033779667,-0.2027162909507751
1368245651046207493,20346956,https://t.co/SqnayQRQKW,2620,376,24,,Esportes,Basquete,2021-03-06T17:02:38.0000000+00:00,1937.2520757185048,0.0
1319402828285108225,140845817,@Matt51320665 @TheNotoriousMMA @joerogan @ONEChampionship If khabib would of kneed him I would say it legal in @ONEChampionship maybe you should read the full context before making a statement.,25,1,0,1228542159982223361|289256940|369583954|18208354,Esportes,MMA,2020-10-22T22:18:42.0000000+00:00,19.6027119032507,-0.1549494862556457
1367113993815547906,34613288,"⚡️ Nicolas Pepe
?? @CaitlinFoord
? @Aubameyang7
? @HectorBellerin
??????? @KieranTierney1
?? @Katie_McCabe11
? @DavidLuiz_4

February Goal of the Month ?",7865,644,295,344801362|371112966|610060498|486003719|191985864|847238528,Esportes,UEFA Futebol,2021-03-03T14:05:50.0000000+00:00,5344.16938933829,-0.2325217723846435
1366499073671454725,452155423,"@vinijr @isco_alarcon @RodrygoGoes @marcoasensio10 @hugoduro14 ↔ @marianodiaz7

#HankookTire https://t.co/mj9LuDPgzu",295,22,8,253116441|2329070186|304596944|1296277046|215039104|815671379202887684,Esportes,UEFA Futebol,2021-03-01T21:22:22.0000000+00:00,196.3845324525408,0.0
1368580185642110982,34613288,@ArsenalWFC @CaitlinFoord @BarclaysFAWSL ?,558,20,11,371112966|273665871|256551011,Esportes,UEFA Futebol,2021-03-07T15:11:57.0000000+00:00,340.79094631129425,0.0
1368933410085945345,19263978,"Alongside our wine &amp; gold, the 3 stars represent the 3 times NBA All-Star festivities were held in Cleveland - 1981, 1997 &amp; now, 2022. The star icon is completed by the Terminal Tower; a landmark that has been at the epicenter of Cleveland’s downtown since its opening in 1928.",317,21,4,,Esportes,Basquete,2021-03-08T14:35:33.0000000+00:00,212.641727250279,-0.0189888775348663
1319343716801236992,140845817,@TheNotoriousMMA @joerogan Its legal in @ONEChampionship,1455,49,26,289256940|369583954|18208354,Esportes,MMA,2020-10-22T18:23:48.0000000+00:00,884.910658610036,-0.102405309677124
1367170047081402380,16727749,@DrDoumbouya @Cheurlin1788 It's a whole vibe for sure. ??,2,0,0,1334575086074998784|826126131212480513,Esportes,Basquete,2021-03-03T17:48:34.0000000+00:00,2.7977338387725483,-0.1877968609333038
1345510484213075968,65468720,"@ReyesTheR00f @MichaelRapaport @ColbyCovMMA @NBA @MLB @KingJames @USMAN84kg I wasn’t commenting on colby’s post but thought it was funny how aggressive the response from an actor to a fighter was A and B I’ve been a construction worker, landscaper, roofer, bartender, security I worked plenty of jobs prior to making it as a fighter have a nice day",3,3,1,19923144|182662505|23083404|442456291|1240831700|18479513|241204643,Esportes,MMA,2021-01-02T23:21:12.0000000+00:00,14.523544556322811,-0.1186937093734741
1368584215403655171,20265254,@McNuttMonica @Kazeem It’s always love ??,19,1,1,103341208|27528134,Esportes,Basquete,2021-03-07T15:27:58.0000000+00:00,13.990082214546506,-0.1820347309112548
1368561200754270210,19583545,@RangersFC Congratulations from all of us at #LFC to Steven Gerrard and his team on winning the Scottish Premier League title,33593,4483,439,351838853,Esportes,UEFA Futebol,2021-03-07T13:56:31.0000000+00:00,24300.285501857677,-0.2536278069019317
1326736922199257089,140845817,@Morales7Leo @EASPORTSUFC @ufc It was pretty clean,124,0,2,608732656|1113999850855641088|6446742,Esportes,MMA,2020-11-12T04:01:46.0000000+00:00,71.96687502805578,-0.0235981047153472
1367649223601238016,16212685,@nbacares @NBA @tmcf_hbcu @UNCF Let’s get it Zach!,14,2,0,19923144|126383762|29277803|989397451,Esportes,Basquete,2021-03-05T01:32:39.0000000+00:00,12.470200494076842,-0.1592613756656646
1367531774012751878,16201775,"To commemorate this partnership, Matisse teamed up with @glossblack to design a mural in Fishtown. ? https://t.co/kFLcCGKBB9",437,43,5,28405973,Esportes,Basquete,2021-03-04T17:45:57.0000000+00:00,304.49928331667815,-0.2177985310554504
1366232555037462531,20346956,"Total Team Effort #LakeShow

@KingJames: 19 pts, 6 reb, 2 blk
@Keefmorris: 13 pts, 8 reb, 4 ast
@ACFresh21: 13 pts, 4 reb, 4 ast
@kylekuzma: 12 pts, 11 reb
Dennis Schröder: 12 pts, 6 ast
@Thortontucker: 11 pts https://t.co/VmMiLXCtKZ",13744,2796,213,272616327|23083404|2272672902|167821244|255792011,Esportes,Basquete,2021-03-01T03:43:19.0000000+00:00,11241.727615270493,-0.2144858837127685
1354993740562137089,155705264,@fl0mtv Same,38,0,0,2282608831,Música,Electrônica,2021-01-29T03:24:16.0000000+00:00,22.36080341868044,-0.1053339540958404
1358414579328561153,18776605,"Playing 'Now I Can Breathe Again' by @SiPatterson feat. Lucy Pullin live at #ASOT750 Miami. It's included on the 'A State Of Trance 1000 - Celebration Mix', check it out here ? -&gt; https://t.co/mS79xHoPul #ASOT1000 https://t.co/l7VQ4MrBcb",349,47,10,33623812,Música,Electrônica,2021-02-07T13:57:28.0000000+00:00,267.9108010457757,-0.1383753418922424
1316030943174422528,14464766,"I love old recording studios for many reasons, but one of the best things about them is the way they smell...that combination of old wood, warm analog tubes and circuit boards.. i don’t wear cologne but i think i’d make an exception if someone released ‘old recording studio’. https://t.co/cur8V3jKVt",244,15,11,,Música,Electrônica,2020-10-13T15:00:02.0000000+00:00,169.49990264240628,-0.2004280090332031
1367507656269791241,21001379,Sorry I missed your call ☎️☎️ https://t.co/Y3aCeYPhNB,169,27,3,,Música,Electrônica,2021-03-04T16:10:06.0000000+00:00,128.69535157847,-0.2095375955104828
1367474157626290181,18776605,"This week on A State of Trance #ASOT1006 our monthly resident @FerryCorsten, my single with @Alesso, @Josedemara, the new @SpadaMusic and @XiJaroAndPitch",452,76,6,52034979|130151627|151252468|2918423207|19388771,Música,Electrônica,2021-03-04T13:57:00.0000000+00:00,349.25671343658024,-0.1393106281757354
1365629350721249281,18776605,"Tonight we’ll be taking a trip down memory lane by rebroadcasting #ASOT650 Yekaterinburg, Russia in full! Tune in at 6 p.m. CET via
@ASOT’s YouTube or Twitch channel to enjoy this 8-hour broadcast, including sets from @RubendeRonde, @Popovmusic, @AlyandFila and more! https://t.co/h7XNN2LTZE",711,133,12,37508790|252962731|26482350|500010484,Música,Electrônica,2021-02-27T11:46:24.0000000+00:00,565.1308228177188,-0.1468618512153625
1362674074732748803,155705264,@DerrekOW @AceOFSpadesOW ?,7,0,0,873479744414773251|821640277823750144,Música,Electrônica,2021-02-19T08:03:11.0000000+00:00,4.475092170611152,0.0
1316722494255099904,38633321,Then &amp; now ? https://t.co/Yh8JqSVB3J,85,4,0,,Música,Electrônica,2020-10-15T12:48:00.0000000+00:00,53.52029541879708,-0.176506370306015
1369000930809581570,17019152,"4 hours left on this auction!!!! let's goooo!! get on @niftygateway to bid for this 1/1 piece - visual art by @antonitudisco

https://t.co/Dxut3ucJ4B https://t.co/iFhVuXAgJK",281,34,7,1053795166199238656|366926669,Música,Electrônica,2021-03-08T19:03:51.0000000+00:00,205.3787352259944,-0.133279800415039
1366841911357620225,17019152,Random Brain Flips.. Be curious! Learn to love learning. Ask questions. In order to be ahead of the curve u need to have want and desire to learn and be curious in general. Plus it’s fun to learn especially when it’s outside of ur area of expertise.,452,56,8,,Música,Electrônica,2021-03-02T20:04:41.0000000+00:00,328.3623761251644,-0.0739198923110961
1336739324658929667,14464766,... video is of course available far and wide for any/all who might want to watch me dj’ing in bed while wearing a suit.  Spoiler alert; at the very end i played some very quiet music and fell asleep.,43,2,3,,Música,Electrônica,2020-12-09T18:27:45.0000000+00:00,35.20289447039908,-0.1137026846408844
1357403552470212608,18776605,We are live with a new episode of A State of Trance Radio! Let's turn the world into a dance floor! #ASOT1002 https://t.co/l96Szx0Sru,337,67,12,,Música,Electrônica,2021-02-04T19:00:00.0000000+00:00,276.76012137027413,-0.141135573387146
1334527822971490308,14464766,"One of my favorite pieces of music, Sarabande, or the keyboard suite in d minor(hwv 437), by Handel. In the 17th c. Sarabandes were said to be so degenerate that they had been created in hell…personally i just think it’s really beautiful.. https://t.co/HlC4dVmpe6",220,23,22,,Música,Electrônica,2020-12-03T16:00:01.0000000+00:00,173.60003859614193,-0.153311401605606
1063403538636816385,202222127,@ODelamarche MP possible ?,0,0,0,1366538004,Música,Electrônica,2018-11-16T12:08:55.0000000+00:00,8.13345239922e-05,0.0
1320374052847013893,38633321,Winter Is Coming ❄ @steveaoki https://t.co/Dsw4smfQZU,984,44,12,17019152,Música,Electrônica,2020-10-25T14:38:00.0000000+00:00,608.3832972461078,-0.2553236484527588
1330058761323614209,21001379,"Am I The Only One official music video is Out Now ?? @HRVY @astridsofficial
https://t.co/0WfYJd8wZZ",125,12,6,1370583313|89812222,Música,Electrônica,2020-11-21T08:01:34.0000000+00:00,91.42049867013198,-0.179689735174179
1358772405536194562,35727881,Get ready for a brand new episode of Jacked Radio ?: https://t.co/4IaVWgYBuj #jackedradio485 https://t.co/48cnR4ZCET,129,17,3,,Música,Electrônica,2021-02-08T13:39:20.0000000+00:00,97.85456023544032,-0.1466924548149109
1350151000267632641,18645813,So this happened! Don Diablo x @TravisBarker and it’s HUGE! Experience the full ? here: https://t.co/7mvTRyRNg5 SUPER hyped! CC: @RealImanbek @IamTrevorDaniel,228,26,6,2164133202|1331391767216857089|21705931,Música,Electrônica,2021-01-15T18:40:57.0000000+00:00,167.74709931375844,-0.1208208203315734
1364970509700595717,21001379,I am all imagination... https://t.co/fVYeMya4UG,240,14,11,,Música,Electrônica,2021-02-25T16:08:24.0000000+00:00,159.99832554381837,-0.2130557894706726
1366743775192752129,35727881,1 year ago ? @UltraSA https://t.co/eehC6DvznN,707,57,12,1548989149,Música,Electrônica,2021-03-02T13:34:43.0000000+00:00,468.3103257950127,-0.1700142621994018
1344784297316786177,23976386,DONATE NOW on https://t.co/K0b8EAHZfz,569,118,39,,Música,Electrônica,2020-12-31T23:15:36.0000000+00:00,482.2488361701718,-0.2442369759082794
1363561378552958976,1232061287301074945,@nbcsnl Quite scandalous indeed.,171,1,0,28221296,Entretenimento,Séries de TV,2021-02-21T18:49:01.0000000+00:00,99.24118030475766,-0.240626186132431
1365319660405678081,273181052,@darvey4ever Of course!,10,0,0,1341539442063011844,Entretenimento,Séries de TV,2021-02-26T15:15:48.0000000+00:00,5.595011320496495,0.0
1331689113494446085,1060978099146260480,A very important question. Chapter 12 of #TheMandalorian is now streaming on #DisneyPlus. https://t.co/JA0bPk2MLI,16791,1172,124,,Entretenimento,Séries de TV,2020-11-25T20:00:00.0000000+00:00,10843.997041203102,-0.0550732910633087
1368640454028386304,65184105,"The Dog, Daryl, and Carol action you didn’t know you needed on a new episode of #TWD tonight at 9/8c. https://t.co/RFWXttPpTO",1312,197,51,,Entretenimento,Séries de TV,2021-03-07T19:11:27.0000000+00:00,1004.5652463503912,-0.1250430643558502
1368245620344029188,1232061287301074945,@worstwonder @nicolacoughlan This author finds such a sentiment quite agreeable.,24,0,0,32184345|1192636082476789760,Entretenimento,Séries de TV,2021-03-06T17:02:31.0000000+00:00,15.11583207396416,-0.1619002223014831
1333425556659064833,1060978099146260480,The Jedi. Chapter 13 of #TheMandalorian is now streaming on #DisneyPlus. https://t.co/cJ93WKxCe5,24968,2554,325,,Entretenimento,Séries de TV,2020-11-30T15:00:01.0000000+00:00,17397.858018955365,-0.1507758498191833
1188118588290469890,180463340,"With fire and blood.
Reveal your #GoTHalloween look for recognition in the realm. https://t.co/vVWAO32Z6O",6275,444,212,,Entretenimento,Séries de TV,2019-10-26T15:42:00.0000000+00:00,4120.341707389704,-0.1200493276119232
1327053570794008577,1205974434,Everyone has...vanished. A new episode of #Supernatural starts NOW on The CW! https://t.co/MH7gCtP7SL,10001,906,301,,Entretenimento,Séries de TV,2020-11-13T01:00:01.0000000+00:00,6918.538114212748,-0.1987662613391876
1330556651716243456,1060978099146260480,"The journey continues in the new season of #TheMandalorian, now streaming on #DisneyPlus. https://t.co/W51mkrdPzh",8095,538,96,,Entretenimento,Séries de TV,2020-11-22T17:00:00.0000000+00:00,5225.925410226712,-0.1766121387481689
1339195127986794498,1038082275689340928,@spacecheetos Happy holidays from your Witcher family but also your cat!,16,0,1,103015259,Entretenimento,Séries de TV,2020-12-16T13:06:14.0000000+00:00,11.851338341180542,-0.0658422410488128
1340325978170646535,1060978099146260480,The final episode of the season has arrived. Chapter 16 of #TheMandalorian is now streaming on #DisneyPlus. https://t.co/ZTLaFgukAQ,31562,1926,633,,Entretenimento,Séries de TV,2020-12-19T15:59:49.0000000+00:00,20331.275929908632,-0.214223176240921
1337819421973344256,715177919438577664,"Go behind the scenes with the makers of The Crown as they share illuminating insights about the production of Season Four. All 10 episodes of The Official Podcast, hosted by @edibow, are available now:
https://t.co/ieAECvlIJj https://t.co/uZ63fbqryQ",1015,101,11,18725026,Entretenimento,Séries de TV,2020-12-12T17:59:40.0000000+00:00,701.8692359760014,-0.1632140576839447
1359592867380031494,273181052,We'll start. https://t.co/LyYL7IiPcX,693,54,47,,Entretenimento,Séries de TV,2021-02-10T19:59:34.0000000+00:00,480.3562975374271,-0.2107396721839904
1362475666504040451,273181052,@tramonmozingo YES.,1,0,1,1265706848507887616,Entretenimento,Séries de TV,2021-02-18T18:54:47.0000000+00:00,2.562092138721782,-0.2835879921913147
1354527098354819077,273181052,Just thinking about young Mike Ross. ? https://t.co/3QU6Za8h3F,1712,134,27,,Entretenimento,Séries de TV,2021-01-27T20:30:00.0000000+00:00,1149.284539228098,-0.1935365200042724
1339377333728391169,1038082275689340928,@pijamiestt ?,10,0,1,,Entretenimento,Séries de TV,2020-12-17T01:10:15.0000000+00:00,6.143849179580077,0.0
1366528818454822914,1060978099146260480,"Congratulations to #TheMandalorian sound team on their Motion Picture Sound Editors nominations for Outstanding Achievement in Sound Editing – Episodic Short Form, Dialogue/ADR and Outstanding Achievement in Sound Editing – Episodic Short Form, Effects/Foley. https://t.co/RLw6XUFfZ6",12295,944,171,,Entretenimento,Séries de TV,2021-03-01T23:20:33.0000000+00:00,8062.716034669927,-0.2377924025058746
1362127981234188288,30599331,@Harjas_Sohal @Mythical @rhettmc @LinkNeal @RhettandLink That sounds like a fun class!,1,0,1,14163722|1199023873213100033|10505322|1231349745983074306|14163748,Celebridades,Youtubers,2021-02-17T19:53:12.0000000+00:00,3.917075144297712,-0.0779653489589691
1358569998885785609,2559865245,@KarlJacobs_ You look perfect for a bucs fan,5727,15,14,2653325339,Celebridades,Youtubers,2021-02-08T00:15:03.0000000+00:00,3229.865886398115,-0.1380073428153991
1369038985188831234,19407053,My Company Helps Women Get Jobs. Here's What the Past Year Taught Me. | by @fairygodboss https://t.co/zKha9f5BkS,14,5,0,2473963118,Notícias,Negócios,2021-03-08T21:35:04.0000000+00:00,18.467157972846344,-0.1862892210483551
1368923387532369922,19407053,"Female Business Owners Share Successes, Challenges, and Advice for Entrepreneurs | by @yelpforbusiness #internationalwomensday https://t.co/wDdY5MSeky https://t.co/ZyxUFKMQ9a",28,13,0,3288553378,Notícias,Negócios,2021-03-08T13:55:43.0000000+00:00,35.912283211161046,-0.2065739333629608
1329983375621435392,9676212,"Appreciation: My lunch with Jan Morris, writer, traveler, transgender pioneer https://t.co/H1cdf5WQ8a",3,0,0,,Notícias,Viagens,2020-11-21T03:02:01.0000000+00:00,6.828836019730792,-0.2130191624164581
1354908861572935681,53372965,"More than half of all trained pilots no longer working
https://t.co/F288Sqeg1N",1,3,0,,Notícias,Viagens,2021-01-28T21:47:00.0000000+00:00,6.708085149393479,-0.2008342444896698
1328394654375698433,9676212,Turkey trots are going virtual. These nine raise money for charity https://t.co/WAfpplV62U,0,0,0,,Notícias,Viagens,2020-11-16T17:49:00.0000000+00:00,3.469497793771525,-0.1939469575881958
1366588589191147526,36184220,"From parrots to dogs to chickens, domestic animals are alleviating some of the stress and boredom of quarantine life. https://t.co/ZAV8TJ1Rp5",158,13,4,,Notícias,Viagens,2021-03-02T03:18:04.0000000+00:00,111.9929697724915,-0.1518969237804412
1369207595785977860,20562637,The decision not to winterize left Texans to pay the price https://t.co/GvDc5GisOR,41,23,3,,Notícias,Negócios,2021-03-09T08:45:04.0000000+00:00,54.95004053038201,-0.2079209685325622
1369559628183445504,16973333,"Unforgotten, series 4 episode 3 recap: Will Cassie and Sunny get the truth out of the suspects, who are already lying to them? https://t.co/vCHYVJlt8C",15,0,2,,Notícias,Do Mundo,2021-03-10T08:03:55.0000000+00:00,15.763475589425504,-0.2275458574295044
1369617901678964736,16973333,Jameela Jamil calls out Piers Morgan and says his ‘hatred’ made her consider suicide https://t.co/WApiGGtDum,25,5,10,,Notícias,Do Mundo,2021-03-10T11:55:28.0000000+00:00,29.77549599403017,-0.1253933608531952
1369425009303822344,759251,Arkansas has become the first state in 2021 to enact a near-total abortion ban https://t.co/JNWGvoIIzB,143,46,121,,Notícias,Do Mundo,2021-03-09T23:08:59.0000000+00:00,216.68535917268065,-0.1677426993846893
1369266567423397891,1367531,"Arizona, Montana sue to block DHS rules that would limit ICE arrests

https://t.co/0JepOT1N0f",544,124,37,,Notícias,Do Mundo,2021-03-09T12:39:24.0000000+00:00,471.8732426297813,-0.1543713808059692
1369596898127077379,14293310,"""We have the same pain and the same joy."" #Minari director Lee Isaac Chung on the universality of his Golden-Globe winning film https://t.co/H6aYBNPkta",57,14,6,,Notícias,Do Mundo,2021-03-10T10:32:01.0000000+00:00,55.96508805166897,-0.2045875191688537
1369469059427893249,759251,"House Republicans are engaged in an internal struggle over how to assert their power with their robust minority, with a small contingent of conservative hardliners taking extreme measures to disrupt routine business of the chamber https://t.co/C2F8Aw0hgB",129,29,38,,Notícias,Do Mundo,2021-03-10T02:04:01.0000000+00:00,132.1427310499983,-0.1785764694213867
1369424518092120064,5988062,"Kandapara, a Bangladeshi brothel-village, is home to 600 women and under-age girls. It receives 3,000 customers a day. @1843mag meets the madam trying to save it from extinction https://t.co/1ZrP4x3BnX",33,19,2,60959527,Notícias,Do Mundo,2021-03-09T23:07:02.0000000+00:00,46.528309631033686,-0.1686309278011322
1369569992732250114,16973333,Piers Morgan mocked by golfer Eddie Pepperell after storming off Good Morning Britain https://t.co/oJfoNhuHiv,22,3,13,,Notícias,Do Mundo,2021-03-10T08:45:06.0000000+00:00,28.10119301003289,-0.2084971964359283
1369189230489001991,14293310,".@aliciakeys on the art of creating: ""to put pen to paper and to create that didn't exist—it's the ultimate alchemy. It's the ultimate turning metal to gold"" https://t.co/qiJUFlvYAF",262,37,5,35094637,Notícias,Do Mundo,2021-03-09T07:32:05.0000000+00:00,195.27167788723904,-0.1728826761245727
1368697794417065992,1367531,"On Sunday's show, @CNN's left-wing pundit @brianstelter  ignored biggest media and political story of the week about @NYGovCuomo... and spells 'reliable' wrong.
https://t.co/P9S1D3XvXU https://t.co/lKNI1YbkCM",853,179,437,232268199|759251|14515799,Notícias,Do Mundo,2021-03-07T22:59:18.0000000+00:00,949.1538413600202,-0.0772678256034851
1369326799709212680,2735591,"""What we see (at @HOOKED) is the types of stories that really work are ones where you're able to evoke a very strong emotion in a very short amount of time…that need is so much stronger now because of our isolation."" — @prernagupta #FCMostInnovative https://t.co/gtTOp5SHtR",6,2,0,22532755|14445453,Notícias,Negócios,2021-03-09T16:38:44.0000000+00:00,12.175792124370089,-0.1259036660194397
1369315042236174343,2735591,"Spiegel: ""As a society, we have historically been very pessimistic about new technology…we shouldn't shame them because they're new, but seek to understand them. I think AR can have tremendous benefits to education."" #FCMostInnovative https://t.co/1YczMXz5Fa",2,0,0,,Notícias,Negócios,2021-03-09T15:52:01.0000000+00:00,9.54157370651416,-0.1829885244369506
1369395335769038849,14800270,And what does it look like to create sustainable jobs across the supply chain? We look forward to welcoming @MarvinREllison of @Lowes to the virtual stage. https://t.co/Dre79kVy4P,9,5,0,19336500|2413051784,Notícias,Negócios,2021-03-09T21:11:04.0000000+00:00,16.305135924838666,-0.1221435070037841
1369015794248671233,19407053,"Entrepreneurs know that it's important to build a community—but how? On today's episode of #ProblemSolvers with @heyfeifer, Smart Passive Income's @jayclouse explains how he developed a premium community from a small slice of the site's overall user base. https://t.co/GSzwLDL14n",17,5,2,268944886|45851500,Notícias,Negócios,2021-03-08T20:02:55.0000000+00:00,23.01414731256972,-0.0618963539600372
1368788336333176833,1344951,"So ... not very far then?

By Brooke Bourgeois with @CollectCartoons
https://t.co/SmEXx0rGJs https://t.co/Krk2PJyLwg",552,76,9,1026870945372229632,Notícias,Tecnologia,2021-03-08T04:59:04.0000000+00:00,407.3885235994491,-0.1870324611663818
1363915655720939521,14434070,"In On Tech, @shiraovide explores what happens when Amazon becomes a fixture in America’s towns and cities. https://t.co/G4gUCnL4a9",2,1,2,14115912,Notícias,Tecnologia,2021-02-22T18:16:47.0000000+00:00,8.390832052206331,-0.1399500072002411
1368096530268323842,25562270,Twitter's Dorsey auctions first ever tweet as digital memorabilia https://t.co/B8xlOpQLNy https://t.co/red9WgIS9j,4,1,0,,Notícias,Tecnologia,2021-03-06T07:10:05.0000000+00:00,9.061214127856807,-0.1836470663547516
1369633104269357056,15808647,Our 2021 list of 10 Breakthrough Technologies is a glimpse into our collective future.  https://t.co/TpoFPifIVj,25,14,1,,Notícias,Tecnologia,2021-03-10T12:55:53.0000000+00:00,34.80873818810856,-0.1651040315628051
1359371849965199360,1124816718,"Twitter has revealed that changes to the platform designed to combat misinformation ahead of the US election had resulted in a ""small but measurable"" hit to user numbers https://t.co/AHsJlolVPK",0,0,0,,Notícias,Tecnologia,2021-02-10T05:21:19.0000000+00:00,5.669492894479487,-0.1039285957813263
1366925854421495812,14434070,"“It’s a massive data vacuum,” said one infectious-disease epidemiologist and assistant professor. “The moral of the story is you can’t just invest in this tech without having a validation process behind it.” https://t.co/GSK76kxhxF",5,2,0,,Notícias,Tecnologia,2021-03-03T01:38:14.0000000+00:00,15.187014855117528,-0.0413514971733093
1368604247760244742,558797310,"So far, so good for #MUFC.

Keep pressing, keep pushing ?

#️⃣ #MCIMUN https://t.co/mRK9IX6NBZ",4744,469,103,,Esportes,UEFA Futebol,2021-03-07T16:47:34.0000000+00:00,3252.345598689393,-0.235039621591568
1359943267148845058,1232061287301074945,@bara_spacesolns Indeed this Mama knows a love match when she sees one.,19,0,0,824591297465946112,Entretenimento,Séries de TV,2021-02-11T19:11:56.0000000+00:00,13.004581555628022,-0.192529946565628
1364970371716423682,14434070,"“They are very much a force for good and protection and normalization,” the CEO of Barnes &amp; Noble said of PRH. “I’m spending much more time talking about Amazon than I am talking about Penguin Random House, or Penguin Random House plus Simon &amp; Schuster.” https://t.co/EGpuO4FGl6",3,2,0,,Notícias,Tecnologia,2021-02-25T16:07:51.0000000+00:00,12.290285132867451,-0.0462009608745574
1369112711032881153,3001704118,The Daily News for Monday ?? https://t.co/FaIPLk73pH,125,7,5,,Esportes,UEFA Futebol,2021-03-09T02:28:01.0000000+00:00,82.96832854441193,-0.1929575502872467
1364622367499157504,14434070,"HP said on Wednesday that it would buy HyperX, the maker of computer accessories like headsets that are popular among gamers. https://t.co/OmeH6oHpGr",0,0,1,,Notícias,Tecnologia,2021-02-24T17:05:00.0000000+00:00,9.048040870974845,-0.1951882243156433
1368272500086476805,3001704118,"?? The locker room for tonight!

#SB29PSG https://t.co/X6C0WheMdX",184,15,3,,Esportes,UEFA Futebol,2021-03-06T18:49:19.0000000+00:00,123.1071098150092,0.0
1369573389845880832,14885549,Losing touch with reality - a GameStop lesson https://t.co/mFvSsOQVyX by @esayegh,11,4,0,16258699,Notícias,Tecnologia,2021-03-10T08:58:36.0000000+00:00,13.569080169324698,-0.1931259036064148
1368950916024532995,96951800,"?? Make the symbol and join the movement!

#WomensDay | #WeAreAllDifferent8M https://t.co/lBIAFCb0Zr",10551,605,67,,Esportes,UEFA Futebol,2021-03-08T15:45:06.0000000+00:00,6630.779752391821,0.0
1369193501875970048,1344951,"After a year of wanting everything to just go away, we’ve become experts, for good and ill, at mass cancellation. https://t.co/HGlgeeby5d",30,8,2,,Notícias,Tecnologia,2021-03-09T07:49:03.0000000+00:00,33.11846862799717,-0.1115195751190185
1369415901964034052,1638021792,"115' | Oliveira scores from a long-range free-kick.

#JuveFCP [2-2] #JuveUCL",822,85,167,,Esportes,UEFA Futebol,2021-03-09T22:32:48.0000000+00:00,680.0762456682686,-0.2509730160236358
1369146187358539781,816653,PayPal to acquire cryptocurrency custody startup Curv https://t.co/KCGZFozdRs,175,59,4,,Notícias,Tecnologia,2021-03-09T04:41:03.0000000+00:00,174.75087887038413,-0.1401591598987579
1366181019829686277,7905122,Uber accused of using 'loaded questions' in drivers survey https://t.co/RzPafiMbDN,6,3,0,,Notícias,Tecnologia,2021-03-01T00:18:32.0000000+00:00,9.636315039265329,-0.1983770132064819
1368276753244913665,773069256,"Letzter Wechsel beim BVB.

Reus geht und Reinier kommt.

#FCBBVB",249,5,4,,Esportes,UEFA Futebol,2021-03-06T19:06:13.0000000+00:00,153.49811218160187,-0.2340643107891082
1368777274506571779,65184105,@KirstenAcuna @CristalPoirrier We love a good daughter of the Demon's Head reference.,11,2,0,23707663|794255997346816002,Entretenimento,Séries de TV,2021-03-08T04:15:07.0000000+00:00,10.203689757345217,-0.2207375764846801
1361046993158692866,1232061287301074945,"Lastly, dear readers, should you find yourself in a situation such as this...well, this author sends luck and stamina your way... https://t.co/HGe2C9Wq0K",980,48,14,,Entretenimento,Séries de TV,2021-02-14T20:17:44.0000000+00:00,623.5880773837787,-0.1534184217453003
1362196066431627265,1232061287301074945,@nbcsnl @regejean Your Grace...,1109,32,12,115346464|28221296,Entretenimento,Séries de TV,2021-02-18T00:23:45.0000000+00:00,666.710012044712,-0.2631409168243408
1364697022847209478,1232061287301074945,@meenaharris @phenomenalwoman @shondaland @strongblacklead This author finds herself making great haste indeed.,204,9,2,955647765408722945|574795929|1217858534387224579|1905202880,Entretenimento,Séries de TV,2021-02-24T22:01:39.0000000+00:00,128.24426200131794,-0.1643805503845214
1368760443498532864,65184105,@nicotinegrimes All great things take time.,48,2,14,1081348598032404480,Entretenimento,Séries de TV,2021-03-08T03:08:14.0000000+00:00,43.08913145667742,-0.102351427078247
1367497561645457427,19583545,"? @TrentAA ? Bobby ? @necowilliams01 ?

There can only be one FUT Co-op winner at the club ??

@EASPORTSFIFA | #FIFA21 | #WinAsOne https://t.co/wXsTMP0vc3",2666,225,48,4860147909|2371991585|105297123,Esportes,UEFA Futebol,2021-03-04T15:30:00.0000000+00:00,1785.0424331192298,-0.1794236898422241
1367496989215248388,273181052,"While you're on your laptop, head to @peacockTV to stream Suits.",153,4,4,1171155332917321730,Entretenimento,Séries de TV,2021-03-04T15:27:43.0000000+00:00,93.44424826178924,-0.1785679161548614
1367323565008154630,82652901,"Big congrats to #Stillwater on their #AnnieAwards nomination for Best TV/Media - Preschool.

Watch now on the Apple TV app with an Apple TV+ subscription. https://t.co/NgQ3H6AUEu https://t.co/W0NBA8ONV4",89,9,0,,Entretenimento,Filmes,2021-03-04T03:58:36.0000000+00:00,68.8328100748178,-0.2054855525493621
1367556352445321216,18256664,@SHO_Shameless The best crew. ?,131,0,1,176895950,Entretenimento,Filmes,2021-03-04T19:23:37.0000000+00:00,74.97933656901168,-0.1779409348964691
1362475510954156037,273181052,@paulinexxrnd The one and only. ❤️,2,0,1,988142198939152384,Entretenimento,Séries de TV,2021-02-18T18:54:10.0000000+00:00,2.797155346301648,-0.2105721235275268
1365407006253801474,1232061287301074945,"@lynn_harith Quite the complimentary pair, Dear Reader. Would you not agree?",40,0,1,3152470214,Entretenimento,Séries de TV,2021-02-26T21:02:52.0000000+00:00,26.444183814700036,-0.2609953582286834
1217122703766970369,180463340,"A Knight of the Seven Kingdoms.
Take what is yours with the Ser Brienne of Tarth @OriginalFunko in the @HBO Shop: https://t.co/tSocpSXKhV https://t.co/7GhD2drZG0",8628,814,125,1378000488|15635604,Entretenimento,Séries de TV,2020-01-14T16:34:00.0000000+00:00,5829.651746286761,-0.1738654673099517
1367282096289443840,1060978099146260480,"Congratulations to Lucasfilm, Image Engine, Nathan Fitzgerald, Leo Ito, Chris Rogers, Eung Ho Lo and Emily Luk on their Annie Awards nomination for Best Character Animation, Live Action for #TheMandalorian. https://t.co/g8lETrXoLI",8561,886,101,,Entretenimento,Séries de TV,2021-03-04T01:13:49.0000000+00:00,5902.614253831684,-0.2450627386569976
1368978816849211392,26585095,@eentertainment We love the women of E! ? https://t.co/7gWXvPuriG,5,0,0,22179997,Entretenimento,Filmes,2021-03-08T17:35:58.0000000+00:00,5.036536800208506,-0.1807587742805481
1272339338995445760,2412917082,Don’t tell Axe. #Billions https://t.co/2eilLEDxsD,103,18,3,,Entretenimento,Séries de TV,2020-06-15T01:25:11.0000000+00:00,83.01157916090865,-0.2107291519641876
1204781519052652546,180463340,"Raise a glass.
Congratulations to Peter Dinklage for his ""Oustanding Performance by a Male Actor in a Drama Series"" at this year's #SAGAwards. https://t.co/VrTLgdIl0m",14747,1441,126,,Entretenimento,Séries de TV,2019-12-11T15:14:32.0000000+00:00,9932.566453623667,-0.2076694071292877
1338181816478539777,715177919438577664,"“It’s been a bloody pleasure”
The cast bid farewell to the characters they’ve portrayed in Seasons Three and Four. https://t.co/gnFaSZSUfK",5369,490,89,,Entretenimento,Séries de TV,2020-12-13T17:59:41.0000000+00:00,3744.144385946079,-0.1744772791862487
1366565826913062914,18256664,Live footage of us running to catch the S7 premiere of #TheFlash! What you are most excited about? (Comment below!) https://t.co/4wfvia1svw,595,68,60,,Entretenimento,Filmes,2021-03-02T01:47:37.0000000+00:00,453.85242973488766,-0.1345252096652984
1367222811727564800,26585095,Check out this interview with @TheEllenShow for the inside scoop on Family Game Fight — a brand-new show with @KristenBell and @daxshepard coming soon to NBC! https://t.co/UAdWJEC9V7,33,6,2,53297035|15846407|33041426,Entretenimento,Filmes,2021-03-03T21:18:14.0000000+00:00,30.29898699604218,-0.1322765946388244
1369040595310682112,17220817,"@captainwanta Troop Zero is a perfect next pick for you and your daughter. It packs laughs, heart, and girl power in equal amounts! https://t.co/IAjPaVScmQ",2,0,0,97512759,Entretenimento,Filmes,2021-03-08T21:41:28.0000000+00:00,5.125434631956019,-0.1517331302165985
1366217334658977797,17602896,"Congratulations to @JoshOConnor15, winner of Best Performance by an Actor in a Television Series - Drama, #TheCrown ?? #GoldenGlobes https://t.co/XEM9ikewrw",518,102,8,1872835056,Entretenimento,Filmes,2021-03-01T02:42:50.0000000+00:00,427.4486795176093,-0.1848432123661041
1300100975793901569,203162990,Power this big should be experienced in @IMAX. See the #NewMutants now playing in IMAX theaters. Get tickets now; https://t.co/pjNVskJftL https://t.co/hADiLP5RRC,174,20,5,22821175,Entretenimento,Filmes,2020-08-30T16:00:01.0000000+00:00,129.83820352295098,-0.133665531873703
1339526270288322561,1038082275689340928,@humangeralt Destiny always prevails.,7,2,1,1317315158184726529,Entretenimento,Séries de TV,2020-12-17T11:02:04.0000000+00:00,8.935808570848323,-0.2462666034698486
1340651032817315842,1038082275689340928,RT @_JeremyCrawford: It feels fitting that the vote for the final day is on the anniversary of Season 1! This one is tough... what will you…,0,20,0,629481871,Entretenimento,Séries de TV,2020-12-20T13:31:28.0000000+00:00,25.09924005283211,-0.1823803186416626
1368614821147598851,43192807,Plant the seeds for a brighter future. ?Clay art by Andi Meier https://t.co/cjuEF9W7Oe,7086,904,32,,Entretenimento,Filmes,2021-03-07T17:29:35.0000000+00:00,5015.187845137772,-0.2628640830516815
1369043306487767040,17220817,"@carlsson_daniel One Night in Miami... directed by the Queen, Regina King, has you covered for the perfect movie night! https://t.co/wFpotgrB78",2,0,0,122061017,Entretenimento,Filmes,2021-03-08T21:52:14.0000000+00:00,4.456200188593239,-0.1154548823833465
1367120318012280838,17602896,"What better way to spend #WorldWildlifeDay than a rewatch of #PlanetEarth2, the #1 Top-Rated TV series on #IMDb. What's your favorite scene? https://t.co/dUNp1avUBX ???? https://t.co/Qr1R87dg1D",119,32,4,,Entretenimento,Filmes,2021-03-03T14:30:58.0000000+00:00,113.10482502011556,-0.1064142882823944
1361812978425753600,15635604,"The season finale of 30 Coins is WILD, and also available to stream on @hbomax.",97,7,7,89090040,Entretenimento,Filmes,2021-02-16T23:01:29.0000000+00:00,71.59032053069397,-0.1959698498249054
1369015063705612288,16573941,Amy Poehler celebrates the trailblazing Murphy Brown and all the other women who have made it easier for her to be a woman in the world today. https://t.co/xqPB9FsE1F,1257,117,28,,Entretenimento,Filmes,2021-03-08T20:00:00.0000000+00:00,861.8248915374834,-0.1761687994003296
1366209913865703426,43192807,"Congratulations to Trent Reznor, Atticus Ross, and Jon Batiste on their #GoldenGlobes win for Best Original Score! #PixarSoul https://t.co/8PZf0Ksk17",4842,627,32,,Entretenimento,Filmes,2021-03-01T02:13:21.0000000+00:00,3495.7814736021155,-0.2315308153629303
1366234614650478594,17602896,"Congratulations to #BoratSubsequentMoviefilm, winner of Best Motion Picture - Musical or Comedy!?? #GoldenGlobes https://t.co/BeXbmIPWdZ",255,53,12,,Entretenimento,Filmes,2021-03-01T03:51:30.0000000+00:00,216.52213354468424,-0.2018731534481048
1367128088832745476,82652901,"Introducing Calls, a show unlike any you’ve seen or heard before. This groundbreaking new series is told entirely through 12-minute phone conversations. Featuring @nickjonas, @lilycollins, @pedropascal1 &amp; more.

Watch #CallsTV on Apple TV+ https://t.co/jRKMrqbv8u https://t.co/VTjqGVBbTN",1504,332,58,56783491|1645711686|223546666,Entretenimento,Filmes,2021-03-03T15:01:51.0000000+00:00,1463.7234960354226,-0.203946977853775
1369339704588570624,43192807,To self-care… and beyond! Channel your inner Pixar character with these tips. https://t.co/QCFY6qYG9m,6103,1695,37,,Entretenimento,Filmes,2021-03-09T17:30:01.0000000+00:00,5385.934812944927,-0.1545003950595855
1369567942690635778,28785486,"Concerned about spring break travel causing a coronavirus surge, one California college is offering a financial incentive for students to stay on campus. https://t.co/m7hQTg8gD1",89,26,12,,Notícias,Do Mundo,2021-03-10T08:36:57.0000000+00:00,92.9986330820572,-0.1693688333034515
1369483561938649089,14293310,Queer Nigerians hoped the Clubhouse app would be a safe haven. It's become another breeding ground for bigotry https://t.co/z2CKbettO3,56,12,4,,Notícias,Do Mundo,2021-03-10T03:01:39.0000000+00:00,57.19307652130423,-0.1883414089679718
1369396362840858635,15012486,"This senior living community is 99% vaccinated. So they ""beat"" COVID-19 – literally – by hitting a COVID-19 pinata filled with candy and alcohol. https://t.co/ERHrsgpCSw",979,163,39,,Notícias,Do Mundo,2021-03-09T21:15:09.0000000+00:00,774.0496134297025,-0.1486718654632568
1369505213904748554,87818409,Top woman in Iditarod forced out after concussion and other injuries https://t.co/yJQdXYm1C9,28,12,12,,Notícias,Do Mundo,2021-03-10T04:27:41.0000000+00:00,39.85601253312323,-0.2171297073364257
1369259204725387266,5988062,"Senegal is a beacon of peace in West Africa, but protests have ballooned in the past week. On “The Intelligence” @kcsalmon lays out what has infuriated its people https://t.co/ow114oJy9C https://t.co/UGiJXrpsR8",29,10,3,4473479067,Notícias,Do Mundo,2021-03-09T12:10:08.0000000+00:00,35.88977193365225,-0.1621171534061432
1369437537907978245,87818409,AFL documentary gets Richmond backing despite team's off-field scandals https://t.co/oOe7oVCI7a,5,3,1,,Notícias,Do Mundo,2021-03-09T23:58:46.0000000+00:00,8.954053818611031,-0.227609097957611
1369103243960258562,1367531,Lincoln Project founders wanted to partner with Weaver in new venture despite harassment claims: report https://t.co/RW749hD7q3,64,26,46,,Notícias,Do Mundo,2021-03-09T01:50:24.0000000+00:00,97.93234494372555,-0.2151486575603485
1369410355215142917,14173315,@janestreet https://t.co/3diiKRH8rV,273,64,13,15519766,Notícias,Do Mundo,2021-03-09T22:10:45.0000000+00:00,234.48366596133087,0.0
1369402883704229892,28785486,"FBI says newly released images show person suspected of leaving pipe bombs at RNC and DNC headquarters the night before the Jan. 6 Capitol riot in Washington, D.C. A reward for information leading to the arrest of a suspect stands at $100,000. https://t.co/IIJAfQZB6k https://t.co/Y47UgnrwBY",284,244,48,,Notícias,Do Mundo,2021-03-09T21:41:04.0000000+00:00,475.1349031470241,-0.1751079857349395
1369538412961730562,15012486,"13-year-old girl lied about French teacher who was later beheaded, her lawyer says https://t.co/BJkl7ggQW0",102,54,33,,Notícias,Do Mundo,2021-03-10T06:39:37.0000000+00:00,149.42189730968482,-0.1712566912174224
1368641210533830657,17220817,@segalink @davido We're still grooving from his scene. What an icon!,700,148,14,192947735|14879097,Entretenimento,Filmes,2021-03-07T19:14:27.0000000+00:00,567.9871677025897,-0.1807590425014495
1369034842222985216,17220817,"@prcowboys @ZamundaRoyals @AkileyLove @shariheadley @bellamurphy__ No lies detected, Pam! ? https://t.co/eXJimwhNe6",4,3,0,233388393|271244383|997653208171364352|1339692567097724934|1366997919006658561,Entretenimento,Filmes,2021-03-08T21:18:36.0000000+00:00,7.959706998160755,-0.162286639213562
1369017812165881859,16573941,"@KyleCGShore @ChallengeMTV @MTV @NetflixUK Started from the Shore, now you're here!",205,8,18,191184478|2470556070|2367911|231183280,Entretenimento,Filmes,2021-03-08T20:10:56.0000000+00:00,137.10472240375952,-0.1577303409576416
1367604109113655297,16573941,@maxinebakers @_beckstie @RayAblack excellent point!,23,1,2,71708907|1347045366487805952|1436518700,Entretenimento,Filmes,2021-03-04T22:33:23.0000000+00:00,16.227244657036522,-0.143596351146698
1367930915733835777,43192807,"-Hayley Iben, Director, Engineering",197,15,0,,Entretenimento,Filmes,2021-03-05T20:11:59.0000000+00:00,128.35244217649,-0.1995995044708252
1367912923641737216,15635604,"13 Going on 30, I Know This Much Is True, The Normal Heart and You Can Count On Me are all streaming on @hbomax.",135,9,2,89090040,Entretenimento,Filmes,2021-03-05T19:00:30.0000000+00:00,91.61563541279097,-0.1576780676841735
1321088619814109184,22720074,"@jbjfansglobal @TheMattBongiovi Yes, that is what it means.",9,2,1,1306686397999390724|2163950214,Música,Rock,2020-10-27T13:57:26.0000000+00:00,9.634631805348253,-0.2132912874221801
1350173131823083520,2836755090,"CONGRATS LITTLE ROCKER - OUR NEXT #PWRUPCONTEST WINNER
#PWRUP #FANFRIDAY https://t.co/32CTzGssYX",1722,174,23,,Música,Rock,2021-01-15T20:08:54.0000000+00:00,1179.778295895009,-0.1901291310787201
1261222316803063810,2485505982,"Judas Priest - Germany 2021
Rescheduled tour dates

#metalmaniacs #judaspriest #germany https://t.co/svab9s0aUm",333,66,11,,Música,Heavy Metal,2020-05-15T09:10:07.0000000+00:00,271.79871575043137,-0.2540883123874664
1354864255749804039,15155074,"In 2018, this poster by Kevin Shuss sold out instantly. You can have a chance to get it now by entering to win an original of this Home Show poster signed by the entire band and supporting Vitalogy Foundation's work continuing to fight homelessness: https://t.co/2yNzRstIko https://t.co/tgjPSrAcEV",485,56,3,,Música,Rock,2021-01-28T18:49:45.0000000+00:00,348.8197001232077,-0.2257314622402191
1311068940152401920,55010030,"Thank you @iHeartRadio for talking to me about #WhyImVoting #UseMyVoice
https://t.co/hcnq7xErI0 https://t.co/GrAGHdkY4w",935,136,18,46116615,Música,Rock,2020-09-29T22:22:48.0000000+00:00,687.1426816747997,-0.2308133244514465
1331670759102681088,95955871,Purple nights in Inglewood #onthisday ‘17 https://t.co/9rXVpZ4GSG,4366,403,60,,Música,Rock,2020-11-25T18:47:04.0000000+00:00,2948.9916601025425,-0.2047029733657837
1344346181976129538,95955871,The final YouTube Selects of the year. Today at 2pm PT | 5pm ET | 10pm GMT on YouTube. Get ready ⚡ https://t.co/2Jw1BMU3Sb https://t.co/jyVBCYwNCQ,3080,399,71,,Música,Rock,2020-12-30T18:14:41.0000000+00:00,2240.5306881677734,-0.1929104328155517
1192092402061889536,89366493,With the re-release of Hail to the King: Deathbat we dug up this gem from the crypt. Check out the animated series based on the game: https://t.co/TnhoOanO0m https://t.co/DGgLmpURQK,1533,304,32,,Música,Heavy Metal,2019-11-06T14:52:31.0000000+00:00,1222.843536016289,-0.2031715512275695
1360962032598720516,18847632,Love in the time of lockdown... https://t.co/sXTQqra6ev,2708,511,79,,Música,Rock,2021-02-14T14:40:08.0000000+00:00,2177.9014733575973,-0.2220088243484497
1325995532259561473,95955871,Get loud ⚡ https://t.co/DLa69ekxK6,6975,627,140,,Música,Rock,2020-11-10T02:55:45.0000000+00:00,4720.537034637048,-0.2361168265342712
1322232908141113344,22720074,Now that you've had a few weeks to listen to 2020 what are your favorite songs on the album? https://t.co/Ms2x0bGEy2,3320,295,598,,Música,Rock,2020-10-30T17:44:25.0000000+00:00,2556.6283493815736,-0.1840179562568664
1367852411017031682,337789021,"The Zoo / Coast To Coast (Live in Brooklyn, 12.09.2015)

? https://t.co/bctUzWN9Bf

#flashbackfriday #fbf #scorpions #rocknroll https://t.co/e7lfrejyOG",492,77,12,,Música,Rock,2021-03-05T15:00:02.0000000+00:00,374.987607105552,-0.2109577059745788
1326932771240095749,337789021,"'Hit Between The Eyes' live at Deutschlandhalle, Berlin in December 1990. #tbt https://t.co/0XJo8Jza86",189,25,2,,Música,Rock,2020-11-12T17:00:00.0000000+00:00,140.15251971289564,-0.2354636490345001
1307054698931912706,95955871,GnFnR backstage crew ? https://t.co/p3EzL0z1Ng,5622,528,104,,Música,Rock,2020-09-18T20:31:38.0000000+00:00,3789.3363186967463,-0.2074293494224548
1349391558269923330,2836755090,WATCH #REALIZE ALL DAY TODAY ON @MTV CLASSIC #PWRUP https://t.co/rr4rw6yty7,1680,199,16,2367911,Música,Rock,2021-01-13T16:23:12.0000000+00:00,1180.140011362698,-0.1943095624446869
1354509947288088576,15155074,"In addition to the Home Shows Night 2 @Nugsnet release, the Vitalogy Foundation is working with original Home Show partners like Seattle's @TheoChocolate to celebrate Valentine’s Day.

Caramels ordered soon will be delivered for Valentine’s Day weekend: https://t.co/rFaiXxJ3Ob https://t.co/RfYVX5Sb0K",295,38,9,309870370|17093876,Música,Rock,2021-01-27T19:21:51.0000000+00:00,228.6418050826452,-0.17331463098526
1319019864212713472,55010030,If our 5.85M yearly US listeners voted it would be like the entire state of Wisconsin voting! That’s massive guys. Head over to https://t.co/wD85wNgpzS to make sure you are all set to vote and vote early! https://t.co/6nDehhY1O9,627,85,21,,Música,Rock,2020-10-21T20:56:56.0000000+00:00,464.48588285298734,-0.1001700162887573
1335651231759552514,15155074,"Today marks 26 years of Vitalogy.

Vitalogy means ""the study of life."" What does the album mean to you? https://t.co/psfmaQVQYu",3704,337,235,,Música,Rock,2020-12-06T18:24:03.0000000+00:00,2647.703862282609,-0.2001381814479828
1303724853120217088,337789021,When the smoke clears... https://t.co/If7ePSDwZz,1102,136,18,,Música,Rock,2020-09-09T16:00:01.0000000+00:00,778.7244478230692,0.0
1359900546635870215,29758446,"Love is in the air – you can smell it, alongside the usual air pollution, and gunpowder.

Celebrate Valentine’s Day this week in GTA Online with bonuses to help you feel the love, including triple rewards on Till Death Do Us Part and Shotgun Wedding.

https://t.co/XJIDqKKpNV https://t.co/9kLfBlDd5M",3306,419,300,,Entretenimento,Games,2021-02-11T16:22:10.0000000+00:00,2513.178213617038,-0.1696709990501403
1355530037152284675,236956880,"January 30, 1971
Record Mirror Article https://t.co/id6PiXMMoz",2442,279,30,,Música,Heavy Metal,2021-01-30T14:55:20.0000000+00:00,1704.0960847891442,-0.2488011121749878
1362099968824254464,252882791,"Looking for the latest news on #REVillage? We've got you covered.
?https://t.co/P7qJyLKxBK https://t.co/VrT9x2aT24",1817,261,42,,Entretenimento,Games,2021-02-17T18:01:53.0000000+00:00,1358.011937453172,-0.1809405088424682
1366478355558780939,331908924,Summon legends of the past into the present with The Blizzard Arcade Collection! #ReliveTheLegacy and  ?️ learn more: https://t.co/dwogTV6lEw https://t.co/wxOxn4g3Am,264,26,22,,Entretenimento,Games,2021-03-01T20:00:02.0000000+00:00,194.7060209904039,-0.1512445509433746
1363203331745673220,331908924,https://t.co/OWRIm5lw3a,89,10,0,,Entretenimento,Games,2021-02-20T19:06:16.0000000+00:00,61.52971233907593,0.0
1369122357307191296,1344951,It all comes down to temperature and vapor pressure https://t.co/ouns0NEdng,49,11,5,,Notícias,Tecnologia,2021-03-09T03:06:21.0000000+00:00,47.13987352075976,-0.1531525552272796
1357647227808841728,821102114,"Hotfix 1.12 is now available on PC!

This update addresses the vulnerability that could be used as part of remote code execution (including save files):
- Fixed a buffer overrun issue.
- Removed/replaced non-ASLR DLLs. https://t.co/LAkBfVpnXf",17377,1231,1330,,Entretenimento,Games,2021-02-05T11:08:17.0000000+00:00,11932.808992154947,-0.0329241752624511
1369308139158446081,24742040,"@mount10drew Some games have ""easy"" mode. That would be ""too easy"" mode.",553,5,6,1341926498224263168,Entretenimento,Games,2021-03-09T15:24:35.0000000+00:00,321.8972154323605,-0.1461484134197235
1319639717906821121,113696373,"? if you already completed The Ancient Gods - Part One
 ? if you are actively muscling through",6212,200,922,,Entretenimento,Games,2020-10-23T14:00:01.0000000+00:00,4249.105966655198,-0.1848626434803009
1326957720759541761,612782611,"RT @CallofDuty: The next chapter begins. #BlackOpsColdWar

Get the intel on what's available in the much-anticipated sequel to the original…",0,209,0,290097288,Entretenimento,Games,2020-11-12T18:39:08.0000000+00:00,238.30084082960656,-0.0786539614200592
1346517996760666117,29758446,@EthanCastillo05 @wacom @Photoshop @rclark98 ?,158,7,18,949096064|16832387|42883885|65525881,Entretenimento,Games,2021-01-05T18:04:42.0000000+00:00,106.14559323515137,0.0
1369307525489844228,24742040,@CARSONJKELLY Thanks! We're really excited.,59,1,1,433733869,Entretenimento,Games,2021-03-09T15:22:09.0000000+00:00,36.37566805215555,-0.2282723188400268
1368970607216517129,15066760,"Explore forest, islands and mountains on these day trips from Vancouver. https://t.co/xlyLUhOqEY https://t.co/21o6AA1AYa",61,12,5,,Notícias,Viagens,2021-03-08T17:03:21.0000000+00:00,55.4011568372213,-0.235582947731018
1370125729199980545,28785486,The American Rescue Plan signed by Pres. Biden includes a hard-fought $28.6 billion grant program that will help independent restaurants and bars devastated by the pandemic. https://t.co/EpzqeVmHvW,130,20,12,,Notícias,Do Mundo,2021-03-11T21:33:24.0000000+00:00,108.60239712059958,-0.2297874987125396
1369600442322333699,759251,"The House of Representatives is slated to take a final vote Wednesday to approve President Joe Biden's $1.9 trillion Covid-19 relief plan, paving the way for the President to sign his top legislative priority into law later this week https://t.co/B0jCwq7wXv",330,61,43,,Notícias,Do Mundo,2021-03-10T10:46:06.0000000+00:00,288.8377221411441,-0.1602451801300048
1369043756486377472,1367531,Lincoln Project knew of some John Weaver allegations early last year: report https://t.co/Y4kJvt9Xip,266,95,97,,Notícias,Do Mundo,2021-03-08T21:54:01.0000000+00:00,320.09737394112466,-0.1743769943714141
1369563665867898882,16973333,"Piers Morgan has tweeted for the first time since his #GMB departure this morning
https://t.co/DO2laHjZ7l",7,2,2,,Notícias,Do Mundo,2021-03-10T08:19:57.0000000+00:00,11.30332242324917,-0.1623418033123016
1369569728541425667,14173315,"Opinion | Judi Ketteler: I'm a die-hard Democrat, but Republicans are the only ones listening to me now. - @NBCNewsTHINK https://t.co/BxkDhqpM6t",29,10,15,905416143313219584,Notícias,Do Mundo,2021-03-10T08:44:03.0000000+00:00,42.07984962080108,-0.1458105742931366
1369560664142970881,14173315,"The changes “mean more Black people and women are now eligible for lung cancer screening, which is a step in the right direction,” Dr. John B. Wong, a task force member at Tufts Medical Center, said in a statement. https://t.co/ybRULqUvJV",43,13,8,,Notícias,Do Mundo,2021-03-10T08:08:02.0000000+00:00,51.52196770014208,-0.1546700298786163
1369377505224884227,807095,"“The whole royal family is saddened,” Buckingham Palace said in a statement nearly 48 hours after Prince Harry and Meghan, Duchess of Sussex, said in an interview that a member of the royal family had raised concerns about their son Archie’s skin color. https://t.co/0xEKNTtnJc https://t.co/gVSadEQoUT",1154,190,247,,Notícias,Do Mundo,2021-03-09T20:00:13.0000000+00:00,1051.5724736930035,-0.12071293592453
1369547930550611968,5988062,The secret life of a young banker https://t.co/ioFgDdFUBv From @1843mag,60,15,3,60959527,Notícias,Do Mundo,2021-03-10T07:17:26.0000000+00:00,53.84760385001344,-0.1965446770191192
1369571000212463617,16973333,EU ‘set to start legal action’ against UK over Northern Ireland – follow #Brexit news live https://t.co/lCc9FG4CXu,17,12,4,,Notícias,Do Mundo,2021-03-10T08:49:06.0000000+00:00,30.220232703350767,-0.1573230326175689
968452175142649858,42703075,Samsung unveiled the Galaxy S9 and it's all about the camera. https://t.co/ojyJjjlhOY https://t.co/k6uZ1TjZA7,15,15,3,,Notícias,Tecnologia,2018-02-27T11:46:06.0000000+00:00,30.81346620768427,-0.1930147409439087
1364571918876073985,7905122,"Facebook 'over-enforced' Australia news ban, admits Nick Clegg https://t.co/PXF52l0pV1",5,2,2,,Notícias,Tecnologia,2021-02-24T13:44:32.0000000+00:00,9.635116377782628,-0.1731870770454406
1368999602867802126,14885549,This husband-and-wife duo increased the valuation of their startup 10x to $220 million in eight months https://t.co/0dEi4GwJF1 by @alexrkonrad,29,6,0,23409407,Notícias,Tecnologia,2021-03-08T18:58:34.0000000+00:00,27.519034379007422,-0.1368166208267212
1358024709137432577,314792669,"Slide into a more relaxed weekend with this playlist of Pink Floyd's more acoustic offerings:
https://t.co/jfGH81mPyw",1442,232,20,,Música,Rock,2021-02-06T12:08:16.0000000+00:00,1083.7111311301303,-0.1780320107936859
970787289638096897,42703075,High-end British luxury now comes with a charging cable. https://t.co/DjKiAdgrFi,12,9,0,,Notícias,Tecnologia,2018-03-05T22:25:00.0000000+00:00,19.74996897377734,-0.176219493150711
1339559388303007744,314792669,"A very happy birthday to Ron Geesin, co-composer with Pink Floyd of the Atom Heart Mother suite (performed again in 2008 with David Gilmour on stage in London), and who worked with Roger Waters on Music From The Body (as well as with the rest of the Floyd for the final track). https://t.co/wPP9E3dP8d",1473,154,16,,Música,Rock,2020-12-17T13:13:40.0000000+00:00,1019.6337742813024,-0.212878942489624
1362748296045953027,621583,WhatsApp to go ahead with changes despite backlash https://t.co/Bykfxr34pM,8,21,1,,Notícias,Tecnologia,2021-02-19T12:58:07.0000000+00:00,34.81724021781465,-0.2112561464309692
1348680358619992071,19110632,TTM News: Tourists to be banned from #Amsterdam’s cannabis coffee shops from as early as 2022. https://t.co/WBcSvnUeRb,20,8,2,,Notícias,Viagens,2021-01-11T17:17:09.0000000+00:00,26.35811057936064,-0.1880710422992706
1359141009272184832,21887420,Tell us about a book that takes children on a journey – to win a £200 prize https://t.co/QM3t37rjcA,4,1,0,,Notícias,Viagens,2021-02-09T14:04:02.0000000+00:00,7.828590541174203,-0.198880523443222
1369296706836250624,816653,"Polestar, ChargePoint introduce seamless charging in new partnership https://t.co/rxrPDY8wC4 by @breadfrom",23,5,2,979990943393894400,Notícias,Tecnologia,2021-03-09T14:39:09.0000000+00:00,23.634735280997106,-0.2098075151443481
1369636752336490497,25562270,"GameStop shares surge in early deals, on course to extend rally https://t.co/U5h0TfX4Fb https://t.co/iW6bieyk7v",2,0,0,,Notícias,Tecnologia,2021-03-10T13:10:23.0000000+00:00,4.574259204378041,-0.1600928008556366
1367541147787223041,53372965,"Leaving the UK now requires a North Korean-style ‘special validation to travel’
https://t.co/6PCprYc0cl",1,0,0,,Notícias,Viagens,2021-03-04T18:23:11.0000000+00:00,4.476371899670098,-0.1420698463916778
1368758876015910915,15066760,Soak up the City of Brotherly Love but also make time to get out of town and enjoy these day trips. https://t.co/0WFR9Z5uM6,20,3,0,,Notícias,Viagens,2021-03-08T03:02:01.0000000+00:00,19.58594663131033,-0.1467590630054474
1369030449398509568,14434070,"The largely averted threat of foreign meddling in the 2020 election was a success that shouldn’t be overlooked, writes @shiraovide in On Tech. https://t.co/6p3OuV9XWf",3,4,1,14115912,Notícias,Tecnologia,2021-03-08T21:01:09.0000000+00:00,12.904744471635391,-0.1100190877914428
1329540885055356928,55010030,"It felt so good to jam these songs! Watch a sneak peek of our full performance of ""Use My Voice"" here: https://t.co/dYQmB2CTzl
Tickets to A Live Session At Rock Falcon Studio here: https://t.co/KCay1C5DQN https://t.co/xuOm00l2k7",931,153,14,,Música,Rock,2020-11-19T21:43:43.0000000+00:00,717.0157043597617,-0.1544845104217529
1360897085856313349,7905122,Airbnb owners caught ignoring travel ban to let out holiday homes https://t.co/9Kp1lzHE15,8,9,2,,Notícias,Tecnologia,2021-02-14T10:22:04.0000000+00:00,20.25544691212225,-0.1942013800144195
1349449506136330241,18847632,"Uganda votes tomorrow… a final hour plea from Nobel Prize winners, artists and activists for free and fair elections without violence or intimidation..Bono
@AU_Chergui @HEBobiwine
 #UgandaDecides
https://t.co/Lx3aDB2QKW",578,81,25,1573440108|3246299927,Música,Rock,2021-01-13T20:13:28.0000000+00:00,438.7293330768399,-0.1987571716308593
1370132866093420544,28785486,"NEW: U.S. set to resume humanitarian assistance to areas controlled by the Houthi rebels in Yemen, according to a notification from the Biden administration to aid groups and U.S. lawmakers. https://t.co/YXVADd4JWo",72,21,9,,Notícias,Do Mundo,2021-03-11T22:01:45.0000000+00:00,75.06543354307384,-0.1603542864322662
1369528722538328068,759251,"A third round of stimulus payments is expected to be on the way later this month.

Roughly 90% of American households would be eligible, according to an estimate from the Penn Wharton Budget Model. Use this calculator to see what you could be getting. https://t.co/xeKrQ5Wwfs",247,81,30,,Notícias,Do Mundo,2021-03-10T06:01:06.0000000+00:00,260.75150203834846,-0.1511730849742889
1369370948634312710,15012486,"Prince Harry &amp; Meghan's revealing interview with @Oprah aired in the U.K. for the first time last night. Headlines this morning describe the worst crisis for the British monarchy in decades, @HollyMAWilliams reports. https://t.co/f4N9joIcdY https://t.co/u3g00qiwWF",69,29,31,94054323|19397785,Notícias,Do Mundo,2021-03-09T19:34:10.0000000+00:00,99.11736164086317,-0.1908779442310333
1370035059495993348,28785486,Pres. Biden not yet holding a formal news conference raises accountability questions. https://t.co/QmGJbQmKwh,798,208,4907,,Notícias,Do Mundo,2021-03-11T15:33:06.0000000+00:00,3791.783263061244,-0.1836526989936828
1368269027596976129,1367531,"California parent 'disgusted' by suspension of high school baseball team over maskless group pic

https://t.co/6VjjGkt1em",880,140,358,,Notícias,Do Mundo,2021-03-06T18:35:32.0000000+00:00,876.9694048397392,-0.2185188233852386
1369400099223207936,28785486,"“STEM careers are the highest paying careers per capita,” @FascinateSci tells @SoulofaNation.

“If we’re not a part of these revolutions, then we’re going to be left behind.”

Watch more on #SoulofaNation tonight at 10|9c on @ABC and next day on @hulu. https://t.co/u2Z3PYpI2c https://t.co/z3RbyTWh1d",38,8,3,15033883|28785486|210274185|1359291159634395137,Notícias,Do Mundo,2021-03-09T21:30:00.0000000+00:00,37.36665859432194,-0.0510721206665039
1369975631744802817,28785486,"""We were never given the chance to say goodbye. To touch him one more time and tell him we love him. To bury him and properly grieve -- to have real closure and finality."" https://t.co/xIiIlaDyvi",83,25,15,,Notícias,Do Mundo,2021-03-11T11:36:58.0000000+00:00,89.54425825380538,-0.1486798822879791
1369608851306278914,15012486,What to expect from the insurrectionists who stormed the Capitol https://t.co/jdGDe3aMVy,24,13,27,,Notícias,Do Mundo,2021-03-10T11:19:30.0000000+00:00,44.2112366186189,0.0
1369571760140615684,28785486,Defense secretary extends National Guard's security mission at the U.S. Capitol through May 23. https://t.co/NZCVzvZYSs,101,30,32,,Notícias,Do Mundo,2021-03-10T08:52:07.0000000+00:00,111.92677990447297,-0.1051888465881347
1369303761097785344,759251,"Houston Police Chief Art Acevedo says the Texas governor's decision to lift a statewide mask mandate is a ""step in the wrong direction."" Follow live updates on the pandemic. https://t.co/URaOYfo6QT",397,92,61,,Notícias,Do Mundo,2021-03-09T15:07:11.0000000+00:00,371.6713007542241,-0.222555011510849
1369455485615759360,14173315,"Two giraffes were found dead Monday evening after firefighters battled a blaze at a Virginia zoo, officials say. https://t.co/MbnEtdbUcy",76,29,24,,Notícias,Do Mundo,2021-03-10T01:10:05.0000000+00:00,100.28352146300404,-0.1541052460670471
1323671285285703683,95955871,All we need is just a little patience… https://t.co/pzpsSZc9bX,9880,1194,171,,Música,Rock,2020-11-03T17:00:01.0000000+00:00,7058.486730381354,-0.1688381433486938
1334641065870159874,15155074,"Last chance to bid on a #Gigaton tour sticker set from the cancelled shows in Los Angeles and Oakland.

All proceeds benefit the #VitalogyFoundation - new #PJMerch item every Friday: https://t.co/3xlHTaPlCR https://t.co/Lf9xviVI44",317,22,12,,Música,Rock,2020-12-03T23:30:01.0000000+00:00,219.4442775973956,-0.2121631801128387
1343640147775152131,19373710,The In The End Capsule Collection is available now in the official Linkin Park store: https://t.co/tgYZCsOucT https://t.co/BEh8M1PTPq,2731,321,61,,Música,Rock,2020-12-28T19:29:09.0000000+00:00,1952.7513930497355,-0.2020913362503051
1355168831413645316,337789021,"Great cover for this week's #FanFriday.

Way to go!! ? ?

https://t.co/92CEQyf8vA",155,27,3,,Música,Rock,2021-01-29T15:00:01.0000000+00:00,122.42543789235508,-0.1693404912948608
1246491727306899456,297047872,"On this day in 2006, the music video for “Dani California” was released. Directed by Tony Kaye.

What’s your favorite costume from the video?
https://t.co/nG5H2IJPhA",3900,760,125,,Música,Rock,2020-04-04T17:36:01.0000000+00:00,3145.9743218573267,-0.136320412158966
1329849237299990529,18847632,"Track 3: Elevation. ""It was a song the band and the audience could sing together..."" - The Edge #ATYCLB  https://t.co/pyK2Il0Nab https://t.co/EdsBNnkGSr",575,61,36,,Música,Rock,2020-11-20T18:09:00.0000000+00:00,421.3707927258683,-0.0942058563232421
1340027052037169152,15155074,Listen to the remixed audio for the upcoming @Nugsnet Rome stream on @SiriusXM's @PJRadio starting tonight at 7pm ET: https://t.co/EQYSc0RNol https://t.co/y4RNkP6V2l,261,19,6,189258194|140943126|309870370,Música,Rock,2020-12-18T20:12:00.0000000+00:00,176.5387339545423,-0.2043330669403076
1331650428115759105,314792669,https://t.co/2sDHclYrVe,3346,362,25,,Música,Rock,2020-11-25T17:26:17.0000000+00:00,2294.780228080257,0.0
1339289131575341057,95955871,First ever GnFnR record #onthisday ‘86 https://t.co/wG3QHSvcqg,7146,738,103,,Música,Rock,2020-12-16T19:19:46.0000000+00:00,4918.254830493112,-0.1660820245742797
1311335003599433733,337789021,"Do you remember? On November 6, 1990 we released the album ""Crazy World"" with 11 songs, including ""Wind of Change""

Pre-order the ""Wind of Change"" 30th Anniversary Box Set at https://t.co/rtKNyHYf94

https://t.co/QgKvR85QyP",256,57,4,,Música,Rock,2020-09-30T16:00:02.0000000+00:00,218.43149600927003,-0.0632061064243316
1333791058765901825,19373710,"NEW “My December” tee available now in the Official Linkin Park Store + enjoy 15% off storewide in celebration of @BradDelson’s birthday.

Shop Now: https://t.co/fDDH4WDwJn https://t.co/PdHFcOgFgP",1477,167,30,3227527560,Música,Rock,2020-12-01T15:12:23.0000000+00:00,1061.077107069348,-0.1075682342052459
1329469491961503747,337789021,"'Bad Boys Running Wild' live at Deutschlandhalle, Berlin in December 1990. #tbt https://t.co/1pOeNQM0Gp",257,35,5,,Música,Rock,2020-11-19T17:00:01.0000000+00:00,192.0708810863005,-0.2614459097385406
1332672152995291138,314792669,https://t.co/8EDotr5bNm,7793,760,50,,Música,Rock,2020-11-28T13:06:15.0000000+00:00,5289.755794987689,0.0
1329848482446905349,18847632,"You've got to get yourself together
You've got stuck in a moment and now you can't get out of it
#ATYCLB https://t.co/qmBmqZdZp5",550,49,16,,Música,Rock,2020-11-20T18:06:00.0000000+00:00,377.9887275944898,-0.2211427092552185
1313864060669026304,22720074,@ShaySisson original!,23,4,5,721095825850404864,Música,Rock,2020-10-07T15:29:37.0000000+00:00,20.066508430620686,0.0
1366441855416627200,15155074,"""Collaborating on songs, to me, feels better... It makes us feel like a band."" - Jeff Ament

?: Karen Loria https://t.co/y7k9zQexhZ",1168,105,13,,Música,Rock,2021-03-01T17:35:00.0000000+00:00,786.7606961435132,-0.1663397848606109
1306669595525226500,55010030,"Check out our new masks in the merch store! Choose your favorite album or rock them all!
https://t.co/aUfsomYuFZ https://t.co/ZvC1JQRZj3",1281,220,50,,Música,Rock,2020-09-17T19:01:22.0000000+00:00,1024.655082567691,-0.1781763732433319
1355246647446544384,337789021,"Make It Real (Rockpop In Concert, 17.12.1983) #FlashbackFriday #FBF #RocknRoll

? https://t.co/iVbXgjFuRV https://t.co/uYcFXZxpy2",408,69,6,,Música,Rock,2021-01-29T20:09:14.0000000+00:00,315.3837974366227,-0.1604542434215545
1361498566024302597,55010030,Tune in this Friday! We’ll be performing on @JimmyKimmelLive – 2/19 on ABC! #KIMMEL https://t.co/XyG8qN4SHl,1633,326,85,34036028,Música,Rock,2021-02-16T02:12:08.0000000+00:00,1365.208381267538,-0.1409432291984558
1358793588382052358,34097876,"Natural Fabric Dyeing 101, by me: https://t.co/bbJ5fazSFe https://t.co/nahe5YQpkj",40,5,3,,Entretenimento,Influenciadores,2021-02-08T15:03:31.0000000+00:00,33.550199419745994,-0.1894081830978393
1369148165471969284,6527972,"@NMPSeaWA @everywhereist Not gonna lie, that looks tasty as heck!",5,0,1,30409200|807437063519760384,Entretenimento,Influenciadores,2021-03-09T04:48:54.0000000+00:00,6.303835580267935,-0.19835165143013
1250919345955446784,600435408,I wish there was a scratch and sniff app so you could smell these beauties ✨ https://t.co/1YIhLFunFc,11120,272,118,,Entretenimento,Influenciadores,2020-04-16T22:49:47.0000000+00:00,6555.535186183994,-0.1737622022628784
1367565531189047299,43192807,https://t.co/3oy7ZHCCBT,706,80,8,,Entretenimento,Filmes,2021-03-04T20:00:05.0000000+00:00,492.9603318553947,0.0
1367244848978227201,18256664,"Spencer James                    Archie Andrews
                                 ?
   the highs and lows of high school football",63,3,2,,Entretenimento,Filmes,2021-03-03T22:45:48.0000000+00:00,49.92796999220691,-0.2119276523590088
1367565667642331136,23375688,The official video for Selfish Love with @djsnake is out now! ? Watch it here: https://t.co/CFZzwNYdch https://t.co/rlZulON216,36603,8364,1306,22317367,Música,Pop,2021-03-04T20:00:37.0000000+00:00,31037.5643375758,-0.1801691651344299
1341859235756453889,600435408,"After lots of bloopers and LOTS of butter, we finally have ourselves a cooking show folks! Magnolia Table will be premiering January 4th on @discoveryplus! @magnolianetwork #MagnoliaTable https://t.co/IkxErEbIpp",3307,140,85,1225827728605241345|1197013660163555328,Entretenimento,Influenciadores,2020-12-23T21:32:27.0000000+00:00,2072.574274650453,-0.1466893851757049
1366184948244176899,225540697,"when a man is laughing quickly ask him “what’s funny? ??” men should never laugh, in fact they are not allowed to enjoy things at all!!!",20312,3623,78,,Entretenimento,Influenciadores,2021-03-01T00:34:08.0000000+00:00,15582.848032865522,-0.1604164838790893
1331046811704958985,600435408,Hard working boys right there ? @chipgaines https://t.co/5XcZNpxUBW,5001,29,46,1584051084,Entretenimento,Influenciadores,2020-11-24T01:27:44.0000000+00:00,2856.6373984881725,-0.2008214890956878
1245049389250273280,5391882,"Tonight I'm hosting a virtual cocktail hour with a very special guest: Furbergagurgle.

Tonight. 5PM MDT. Theme: Marlo Couture. We are celebrating wild, confusing, and extraordinary style.

I will send out the Google Meet link 10 minutes before. Any and all welcome. ??? https://t.co/ZQEaSmuD9e",37,2,0,,Entretenimento,Influenciadores,2020-03-31T18:04:40.0000000+00:00,36.15478142075439,-0.1154949367046356
1250915381646176262,600435408,"@BrandonMcCann_ @chipgaines Yes! I love this!! Perhaps a lagoon quartz, Calcutta sienna quartz, or a honed Carrera marble! It's looking good ?",1104,3,4,1584051084|120306775,Entretenimento,Influenciadores,2020-04-16T22:34:02.0000000+00:00,624.7802244189462,-0.2090932428836822
1368855703612448768,156516240,@apem71 @PieceDeReSister *your,5,0,1,3647538858|1608788910,Entretenimento,Influenciadores,2021-03-08T09:26:46.0000000+00:00,3.361563687720747,0.0
1366212322436423682,225540697,@itsanarkee @DisneyAnimation @disneyplus Omfg,24,1,1,985916593065476096|63296944|758041765601431552,Entretenimento,Influenciadores,2021-03-01T02:22:55.0000000+00:00,16.439796480403118,-0.1585783958435058
1120471100532625410,90963591,@Bunnipunch Yay!! I hope there is sunshine all week!!,1,0,1,96529840,Entretenimento,Influenciadores,2019-04-22T23:35:02.0000000+00:00,4.631518612940634,-0.1252319514751434
1261295911185068033,34097876,A tasty new pantry recipe for you to try: https://t.co/vwwHAV3EHP https://t.co/ZT0IMqOIIl,80,14,2,,Entretenimento,Influenciadores,2020-05-15T14:02:33.0000000+00:00,65.6663047465819,-0.2275093495845794
1368840460198838272,6527972,@mrsharonsolomon ??? Thanks Sharon!,2,0,0,43312428,Entretenimento,Influenciadores,2021-03-08T08:26:12.0000000+00:00,2.489943203057269,-0.2086670994758606
1248277743118086144,5391882,@psb_dc @stessacohen @AHAHibbard @jhnrbry I just let my 10-yr-old daughter “help” me cook breakfast and I thought in my head: I am going to run screaming through the hills. Naked and free. And alone.,3,0,3,3385978571|125837378|16014870|2908107542,Entretenimento,Influenciadores,2020-04-09T15:53:00.0000000+00:00,7.845737527120034,-0.0671879351139068
1248251408333172738,5391882,@jhnrbry @stessacohen @psb_dc @AHAHibbard And yet.,3,0,1,3385978571|125837378|16014870|2908107542,Entretenimento,Influenciadores,2020-04-09T14:08:21.0000000+00:00,2.2207433126763725,0.0
1369169111478005763,6527972,@saralobkovich @everywhereist @kristy Mazel tov!!!,1,0,0,30409200|14415152|14316789,Entretenimento,Influenciadores,2021-03-09T06:12:08.0000000+00:00,2.4472444614971818,-0.2508244514465332
1367947939579006979,156516240,and the ones that will keep me up at night https://t.co/rtam056pbR,188,0,8,,Entretenimento,Influenciadores,2021-03-05T21:19:38.0000000+00:00,113.03565457695385,-0.2101500630378723
1367946026674352134,156516240,the baby faces https://t.co/eu9BWoyWPt,31,0,1,,Entretenimento,Influenciadores,2021-03-05T21:12:02.0000000+00:00,20.14820954835393,-0.2359921932220459
1369037334885265408,18256664,@SHO_Shameless ?✨Let it wash away✨?,15,0,0,176895950,Entretenimento,Filmes,2021-03-08T21:28:30.0000000+00:00,9.513573398397796,-0.1297250688076019
1366239727402196996,17602896,"Congratulations to @SachaBaronCohen, winner of Best Performance by an Actor in a Motion Picture - Musical or Comedy, #BoratSubsequentMoviefilm ?? #GoldenGlobes https://t.co/t9yhDTmeDV",284,34,6,4185877812,Entretenimento,Filmes,2021-03-01T04:11:49.0000000+00:00,209.80835616852443,-0.2159086763858795
1360680119854104582,43192807,"What’s your favorite Pixar love story? Use:
?  for Carl and Ellie
? for WALL•E and EVE
? for Uke and Lele
?‍? for Colette and Linguini
Other: (please specify below) https://t.co/wc4qUsiViJ",4938,474,947,,Entretenimento,Filmes,2021-02-13T19:59:55.0000000+00:00,3970.179614895454,-0.1412442624568939
1362129662336450560,43192807,"Soundtrack your life with these words of wisdom from Jon Batiste, Jazz Composer and Arranger on Soul. Art by Xia Gordon (@carefulblackgrl) https://t.co/3X78Idatvx",810,99,12,1498993086,Entretenimento,Filmes,2021-02-17T19:59:53.0000000+00:00,577.8673477082884,-0.2469514906406402
1366102978739007492,17602896,"It's been 35 years since #PrettyInPink was released, and we're still #TeamDuckie. What's your favorite scene? ? https://t.co/lKeZjcbomx https://t.co/ygiI6yJ0Ez",441,80,33,,Entretenimento,Filmes,2021-02-28T19:08:25.0000000+00:00,375.9691347206722,-0.1801504790782928
1366242438717661187,26585095,@Naomi_Ohayon @nbcsvu That's what happens when you're a legend! ?,21,3,0,42252577,Entretenimento,Filmes,2021-03-01T04:22:35.0000000+00:00,17.344215664447912,-0.1662616431713104
1369605185455017984,15808647,"When the most advanced hackers succeed in breaking in to iPhone's famous walled garden, something strange happens.  https://t.co/aAQfDiaGhk",29,10,0,,Notícias,Tecnologia,2021-03-10T11:04:56.0000000+00:00,33.12047630810967,-0.1186919808387756
1329121235423297537,238475531,"We're extending the opportunity to watch #HelpingHands2020! All funds raised by ticket purchases still go straight to the @AWMHFoundation to support communities in need.

The show will be available to buy until 11:59PM PST on #GivingTuesday, Dec 1st. ➡️ https://t.co/2go2Bcb5O9 https://t.co/Jt82drIU9f",1091,137,17,886959980254871552,Música,Heavy Metal,2020-11-18T17:56:11.0000000+00:00,789.0293856728382,-0.1811078786849975
968536670105726977,42703075,Hyundai's new all-electric SUV could have the power and price to compete against the Tesla Model 3 and Chevrolet Bolt EV. https://t.co/ub4MBvddxV,11,10,3,,Notícias,Tecnologia,2018-02-27T17:21:51.0000000+00:00,23.674995607237737,-0.2307929098606109
1367214933423706113,18256664,@missmayim @CallMeKatFOX We NEED those pajamas! ?,14,1,0,1227725047369887744|113560280,Entretenimento,Filmes,2021-03-03T20:46:56.0000000+00:00,10.631282973842628,-0.210984855890274
1368741071870562307,18256664,Jason Sudeikis = Our MVP! Congratulations to @JasonSudeikis for winning the #CriticsChoice for Best Actor in a Comedy Series. #TedLasso @AppleTV @CriticsChoice,42,0,0,83266010|82652901|431765364,Entretenimento,Filmes,2021-03-08T01:51:16.0000000+00:00,28.075045598658814,-0.1827268600463867
1363171557250596864,15635604,"Here are some images that bring me joy.

Catch up on the latest episode of Painting With John, now on @hbomax. https://t.co/OmnkCttjCa",89,10,2,89090040,Entretenimento,Filmes,2021-02-20T17:00:00.0000000+00:00,69.8688508720159,-0.1725098192691803
1290776688284954625,108361327,"Soundcheck, one day before the start of last year’s #KnotfestRoadshow US Tour. https://t.co/Ty0zS0Y8wX",3763,336,25,,Música,Heavy Metal,2020-08-04T22:28:38.0000000+00:00,2491.886705269848,-0.1990507543087005
1139203333607043073,89366493,"M. Shadows and Johnny Christ cover ""the definitive Avenged Sevenfold solo,"" bombastic re-intro drums and more in Breakdown: ""Bat Country"" Part 2. https://t.co/cI6NMS5VWB",823,137,13,,Música,Heavy Metal,2019-06-13T16:10:14.0000000+00:00,620.0964752563503,-0.1873331367969513
1369307789932265473,14434070,"Bitcoin transactions leave an enormous carbon footprint.

“Will owning bitcoins become a status symbol — or a scarlet letter for a new generation of climate-focused investors wise to the challenges it poses?” our columnist @andrewrsorkin asks. https://t.co/ffWAwxWpVE",48,17,31,33792634,Notícias,Tecnologia,2021-03-09T15:23:12.0000000+00:00,76.75014876183081,-0.0466584861278533
1322524023117533184,2485505982,These Judas Priest pumpkins were made a few years ago by talented fan @MissLesieD. Happy Halloween ? https://t.co/1xTPpH2DDN,1454,174,40,,Música,Heavy Metal,2020-10-31T13:01:13.0000000+00:00,1036.911907653384,-0.1291497647762298
1367565062328623104,82652901,Offer valid in US only.,53,3,7,,Entretenimento,Filmes,2021-03-04T19:58:13.0000000+00:00,41.04604584341976,-0.2511703670024872
1360224092427812866,621583,Coca-Cola company trials first paper bottle https://t.co/lUvIuJOzPv,69,31,5,,Notícias,Tecnologia,2021-02-12T13:47:50.0000000+00:00,80.5291668687297,-0.2699878811836242
1307034079381065732,75974281,"Masks help stop COVID-19 from spreading. When you wear a mask, you're helping to protect those around you. Thanks for the nomination @MIYAVI_OFFICIAL

I nominate @DonCheadle to take the #WearAMask challenge! https://t.co/psgU8HU44o",4402,575,116,43264227|228794007,Celebridades,Artistas de TV,2020-09-18T19:09:42.0000000+00:00,3184.154978794428,-0.144890546798706
1356766464162762754,252882791,"@DestinyTheGame ?
?",1546,61,17,948444535,Entretenimento,Games,2021-02-03T00:48:27.0000000+00:00,943.1814287538358,0.0
1362196930252726277,621583,Black and LGBT Edinburgh University students attacked in Zoom meeting https://t.co/Ak4XnXDbCu,13,15,3,,Notícias,Tecnologia,2021-02-18T00:27:11.0000000+00:00,29.21237695578545,-0.2336038053035736
1362196257624625152,15234657,Calling all BRAWLERS! We’re giving out Steam codes for the #KnockoutCity Closed Beta this weekend (NA/EU only) for you and your Crew. Who’s up first? ?,209,22,167,,Entretenimento,Games,2021-02-18T00:24:30.0000000+00:00,242.82997170415376,-0.1924439072608947
1369037449431715843,47786101,"In honor of #internationalwomensday , here’s one of the missus cutting the rug (pre covid) #girlpower https://t.co/iyC4rd7G7w",34460,1287,282,,Celebridades,Artistas de TV,2021-03-08T21:28:58.0000000+00:00,20939.049831028784,-0.1813146770000457
1322130577684942848,2439032786,@gracewein ?,14,1,1,253209941,Celebridades,Artistas de TV,2020-10-30T10:57:48.0000000+00:00,9.4828912585029,0.0
978748491936780289,48410093,"Thank you to the amazing cast, crew and people of Abu Dhabi. That’s a wrap. #MissionImpossibleFallout https://t.co/yKhcO9Cy61",21589,3060,841,,Celebridades,Artistas de TV,2018-03-27T21:39:59.0000000+00:00,15798.824370940589,-0.2173129618167877
970013213092757504,42703075,"At a Dolce &amp; Gabbana event during Milan Fashion Week, a fleet of drones stole the show. https://t.co/UiCk5lMXj9 https://t.co/PYyzkZE6fr",29,34,5,,Notícias,Tecnologia,2018-03-03T19:09:06.0000000+00:00,67.5700508914245,-0.1987234055995941
1364590913369083904,113696373,treeversal https://t.co/soKZGgACLC,6498,303,129,,Entretenimento,Games,2021-02-24T15:00:01.0000000+00:00,4057.673339758984,-0.2184505760669708
976286019904401408,42703075,Aleksandr Kogan said he gathered information on 30 million Americans through his Facebook personality test app in 2014. https://t.co/U32epLWhow,5,13,0,,Notícias,Tecnologia,2018-03-21T02:35:00.0000000+00:00,25.34682379169972,-0.1770179569721222
1369304506064908290,25562270,AerCap confirms aircraft-leasing business talks with General Electric https://t.co/f0NjV4pptQ https://t.co/asVUWwjIIl,0,0,0,,Notícias,Tecnologia,2021-03-09T15:10:09.0000000+00:00,2.8968562317665194,-0.2206543982028961
1369463119479734274,15808647,Watch out SpaceX. Rocket Lab is coming for you. https://t.co/YVFxAXcjzn,40,8,1,,Notícias,Tecnologia,2021-03-10T01:40:25.0000000+00:00,35.388936100182484,-0.1736781597137451
1369649450688409604,816653,Adobe delivers native Photoshop for Apple Silicon Macs and a way to enlarge images without losing detail https://t.co/aGcWkb3ROU by @etherington,20,6,0,15425183,Notícias,Tecnologia,2021-03-10T14:00:50.0000000+00:00,24.727881264867584,-0.1939223408699035
1364961278729551872,14434070,"In On Tech, @shiraovide writes about her pandemic BFF: a website called JustWatch that makes finding where shows or movies are streaming online super easy. https://t.co/A4A8XHk4Ew",2,1,0,14115912,Notícias,Tecnologia,2021-02-25T15:31:43.0000000+00:00,7.364401731409259,-0.1206431984901428
1365459905717678084,621583,Covid-19: How would an NHS vaccine passport app work? https://t.co/bJaxF6yb8u,8,15,9,,Notícias,Tecnologia,2021-02-27T00:33:05.0000000+00:00,30.90059200910305,-0.1052515804767608
973719108515717120,42703075,"Only registered Strava users will be able to see street-level data of Strava activities, like running and biking. https://t.co/Kl0xT6GHWk",4,9,2,,Notícias,Tecnologia,2018-03-14T00:35:00.0000000+00:00,18.208541727282576,-0.1467583179473877
1369075112432046081,1344951,Take a gaming break with @sairamueller! Monday Funday is about to start:  https://t.co/oC4Th9qZ3C https://t.co/Rk3I6pYk6P,7,3,1,294534649,Notícias,Tecnologia,2021-03-08T23:58:37.0000000+00:00,12.41321001250735,-0.1285584568977356
1362439231080169474,1124816718,"The Perseverance rover is just hours away from the most intense seven minutes of its existence - trying to land on Mars.

https://t.co/A4cmdtbrWV",1,0,0,,Notícias,Tecnologia,2021-02-18T16:30:00.0000000+00:00,5.125579288017186,-0.1491665840148925
1283912982200631298,72915722,@caitrionambalfe @KikiLayne_fr @GPBmadeit @oldguardmovie I am very here for this review!! Thank you love ❤️,601,34,16,1237113745836572672|175098387|1217168433223090176|1569791546,Celebridades,Artistas de TV,2020-07-16T23:54:43.0000000+00:00,399.0247753382344,-0.1056459546089172
1303840025000509448,27042513,@VancityReynolds @Mintmobile Rodney Robinson. Teacher of the Year. A great honor for a great man. Sorry about  the whiney UNawarded Canadian also in this @Mintmobile spot.,6363,128,85,746079076683743236|2893511188,Celebridades,Artistas de TV,2020-09-09T23:37:40.0000000+00:00,3743.2819035229313,-0.123242437839508
1369320575945019399,816653,French startup lobby targets Apple with 'privacy hypocrisy' complaint https://t.co/e9hIO9kbSj by @riptari,22,8,2,15734027,Notícias,Tecnologia,2021-03-09T16:14:00.0000000+00:00,25.30258488222536,-0.2404733896255493
978970964762513409,42703075,"""Last week showed how much more work we need to do to enforce our policies and help people understand how Facebook works and the choices they have over their data"" https://t.co/4Kt97xtAmg",60,51,10,,Notícias,Tecnologia,2018-03-28T12:24:01.0000000+00:00,105.38266910163298,-0.0704090297222137
1362748149853396993,7905122,Maths app targeting UK schools is criticised over premium model https://t.co/qVq2SrCyor,6,3,2,,Notícias,Tecnologia,2021-02-19T12:57:32.0000000+00:00,11.874946746097947,-0.2955041527748108
976304255685423104,42703075,Facebook's value plunged almost $50 billion this week. https://t.co/NjveMC5kR1,30,30,1,,Notícias,Tecnologia,2018-03-21T03:47:28.0000000+00:00,55.003921003513554,-0.1114030182361602
1367133454241046531,368276033,"Welcome the @AstonMartinF1 #AMR21 to Formula 1 ?

#SkyF1 | #F1",1817,96,44,16143542,Notícias,Esportes,2021-03-03T15:23:10.0000000+00:00,1159.9010084213787,-0.234608769416809
1367444872903462913,1124816718,"Coronavirus vaccines that have been tweaked to deal with new variants of the disease will be fast-tracked for authorisation, the UK regulator has said  https://t.co/zcZRSKlvWg",0,0,0,,Notícias,Tecnologia,2021-03-04T12:00:38.0000000+00:00,6.1879815277091845,-0.1574601531028747
1369169336326316036,1344951,What if the solution to our privacy problems is actually quite simple https://t.co/vwMlFe10cR,381,113,18,,Notícias,Tecnologia,2021-03-09T06:13:02.0000000+00:00,360.9525135001404,-0.1318819522857666
1369357633283620870,10933912,"""What they say about him in France now is ‘il pue de rugby’ — he stinks of rugby — the game is just so natural to him.”

@johnwesterby charts the meteoric rise of Antoine Dupont   https://t.co/ledNMR5tqo",1,1,0,32039073,Notícias,Esportes,2021-03-09T18:41:15.0000000+00:00,8.979127843336803,-0.1647979021072387
1369368976128679940,816653,Techstars Music announces its 2021 class and a partnership with media company Quality Control https://t.co/duh9vX1f8D by @grg,19,9,1,14074418,Notícias,Tecnologia,2021-03-09T19:26:20.0000000+00:00,26.976403987365785,-0.2132826447486877
1369148225433788417,29945848,'Freed' Quinny: Does he slide back down Test order? @RobHouwing. https://t.co/ryECnmO4CG,1,0,3,394654669,Notícias,Esportes,2021-03-09T04:49:09.0000000+00:00,4.029907138799774,-0.0774420201778411
1369533603194040320,10933912,Paolo Odogwu will earn the same amount as Owen Farrell during this year's Six Nations. @AlexMLowe reports on the senior players' decision to split the pay equally  https://t.co/JNsrtW5XoQ,1,0,0,26202347,Notícias,Esportes,2021-03-10T06:20:30.0000000+00:00,8.475804128421954,-0.2249379456043243
1368911960478257153,25562270,GameStop taps shareholder Ryan Cohen to lead e-commerce shift: Bloomberg https://t.co/E5jBdLBz2B https://t.co/gidBfh358e,2,1,1,,Notícias,Tecnologia,2021-03-08T13:10:19.0000000+00:00,8.502215811402634,-0.1188390254974365
1367113449394765824,34992644,"""Taekwondo changed my life.""

Iran's only female Olympic medalist to compete under white flag in Tokyo.

? https://t.co/fp9dkTheEp https://t.co/rSW21lv8Wr",5,1,1,,Notícias,Esportes,2021-03-03T14:03:40.0000000+00:00,8.953078366725723,-0.1423557996749878
1368978600964349955,19407053,What Is an NFT? Inside The Next Billion-Dollar Crypto Sensation. | by @futurefallout https://t.co/W1z2zQ4u1a,16,8,0,2538476593,Notícias,Negócios,2021-03-08T17:35:07.0000000+00:00,21.38052877302696,-0.1523472964763641
1364311211194675203,1124816718,Space enthusiasts claim they have decoded a hidden message on the British-made parachute that helped NASA's Perseverance rover to land safely on Mars https://t.co/py28V3qafM,2,2,0,,Notícias,Tecnologia,2021-02-23T20:28:35.0000000+00:00,8.970829338189974,-0.1931838989257812
1369547940017147907,87818409,Piers Morgan: end of the road for the man who never knew when to stop https://t.co/zwTDB0T3od,825,104,134,,Notícias,Do Mundo,2021-03-10T07:17:28.0000000+00:00,670.4402484494728,-0.1137944459915161
1369356888568197133,15012486,WATCH LIVE: White House Press Secretary Jen Psaki holds briefing with National Economic Council Deputy Director Bharat Ramamurti https://t.co/Nj065CIsxp https://t.co/9c88K3dj69,67,30,6,,Notícias,Do Mundo,2021-03-09T18:38:18.0000000+00:00,81.79742361737402,-0.2143715620040893
1369362400403726350,5988062,"An extension of production cuts, a stimulus bill in America and a failed attack on a Saudi refinery: these three events have left oil prices higher   https://t.co/Ww5ovWYVG5",36,14,1,,Notícias,Do Mundo,2021-03-09T19:00:12.0000000+00:00,40.94376084877696,-0.2298156023025512
1369605923732393985,16973333,Edinson Cavani ‘proud’ to wear Man United shirt despite father’s comments over future https://t.co/1mwqSLkhcI,10,5,0,,Notícias,Do Mundo,2021-03-10T11:07:52.0000000+00:00,16.91054351512929,-0.177354097366333
1369566623913369603,14293310,How a rising female minister is trying to dismantle Afghanistan's patriarchy https://t.co/TegXYvzcwr,133,36,5,,Notícias,Do Mundo,2021-03-10T08:31:43.0000000+00:00,120.88089996784544,-0.1696896851062774
1369450685708857348,28785486,An off-duty Tennessee firefighter and his family are being commended for rushing to render aid to a shooting victim. https://t.co/RLi6zUntMV,144,31,5,,Notícias,Do Mundo,2021-03-10T00:51:01.0000000+00:00,120.83270980486688,-0.2437650263309478
1369269245704630276,1367531,"Ex-NFL star Ricky Williams reveals one regret he has about career

https://t.co/Jwkug0yxx6",77,14,24,,Notícias,Do Mundo,2021-03-09T12:50:02.0000000+00:00,76.783417084559,-0.2257784903049469
1369321348783345674,5988062,Britain and America should look to Denmark. It spends large sums—1.9% of GDP in 2018—on retraining and advising the jobless https://t.co/BlfEw13EQ5,118,45,8,,Notícias,Do Mundo,2021-03-09T16:17:04.0000000+00:00,124.79592365955392,-0.1627850830554962
1369366150237351943,759251,"The Society of Editors has rejected Prince Harry's allegations that racism played a role in how the British press covered his wife Meghan, Duchess of Sussex. But several prominent journalists in the United Kingdom are disputing the organization's view. https://t.co/HZvkDhSXeV",521,115,155,,Notícias,Do Mundo,2021-03-09T19:15:06.0000000+00:00,528.3515392462441,-0.1358343660831451
1369617111014924289,16973333,What does John Kerry’s whistle-stop tour of Europe say about US climate ambitions? https://t.co/KVLzf0xLb6,6,1,2,,Notícias,Do Mundo,2021-03-10T11:52:20.0000000+00:00,11.308519505094372,-0.1931504011154174
1370098415938498560,28785486,"""I believe... this historic legislation is about rebuilding the backbone of this country.""

Pres. Joe Biden signed into law the sweeping $1.9 trillion COVID relief bill passed by Congress. https://t.co/SllbsDzTaV https://t.co/CVWrmxbOvV",993,288,118,,Notícias,Do Mundo,2021-03-11T19:44:52.0000000+00:00,1001.8624859562092,-0.0921838283538818
1369500754000699392,28785486,"RT @SoulofaNation: We'll see you all the same time next week!

Don't miss #SoulOfANation next Tuesday 10|9c on @ABC.",0,24,0,28785486|1359291159634395137,Notícias,Do Mundo,2021-03-10T04:09:58.0000000+00:00,31.43340240573309,-0.1343528032302856
1367190653269073930,25562270,Facebook removes Thai military-linked information influencing accounts https://t.co/OTFlocm9fJ https://t.co/cA2ereDXp0,0,2,0,,Notícias,Tecnologia,2021-03-03T19:10:27.0000000+00:00,5.137267417936247,-0.1716096699237823
1368607437310353408,1754641,"When Chloé Zhao won the Golden Globe for best director for “Nomadland,” Chinese state news outlets were jubilant. One headline read, “The Pride of China!” Then the mood shifted, and the censors pounced. https://t.co/yYMmTPu1zB",4,2,1,,Notícias,Negócios,2021-03-07T17:00:15.0000000+00:00,14.618815179892678,-0.0893722474575042
1369585318521802763,87818409,"UK shoppers: Tell us about your online buying during lockdown

https://t.co/mz4KNX86RD",13,3,13,,Notícias,Do Mundo,2021-03-10T09:46:00.0000000+00:00,21.95269470231463,-0.161573439836502
1369536457992470528,87818409,"No evidence £22bn test-and-trace scheme cut Covid rates in England, say MPs https://t.co/swiY1ygnaG",142,88,23,,Notícias,Do Mundo,2021-03-10T06:31:50.0000000+00:00,206.05421179713107,-0.1860104501247406
1370017497710215170,28785486,CHAIRLIFT SCARE: A 12-year-old boy who slipped from his seat while snowboarding in Canada managed to hold on for about 2 minutes until he made it to the top. https://t.co/Qvu1kegEvy https://t.co/R5xzZwmbYX,416,96,66,,Notícias,Do Mundo,2021-03-11T14:23:19.0000000+00:00,397.9871591912961,-0.1911259889602661
1370057097107345411,28785486,"Eight years after she escaped a decade of captivity, Amanda Berry is working to bring children home. https://t.co/gF6LNTtyTn",247,35,10,,Notícias,Do Mundo,2021-03-11T17:00:41.0000000+00:00,190.9523844497506,-0.2022477984428405
1369968831666487296,28785486,"ON THIS DAY: Ten years ago, a magnitude-9.0 earthquake and resulting tsunami struck Japan’s northeastern coast, killing nearly 20,000 people and severely damaging the Fukushima Dai-ichi nuclear power station. https://t.co/1PcsOcLRdL https://t.co/1QZwLT644t",147,55,5,,Notícias,Do Mundo,2021-03-11T11:09:56.0000000+00:00,160.13662351884517,-0.2275316417217254
1369475595466375169,28785486,".@jalaiah, creator of the Renegade dance, to @janai on not being recognized for creating the now-famous dance at just 14: “It was pretty hard for me...I really don’t like to see Black creators not getting the recognition that they need.”

Watch #SoulOfANation TONIGHT 10|9c. https://t.co/KUeE3ClfxU",70,31,12,218647820|1229818150381899776,Notícias,Do Mundo,2021-03-10T02:30:00.0000000+00:00,91.15379745825308,-0.1527944803237915
1369404129643216897,15012486,"New video released by the FBI shows the person suspected of planting pipe bombs outside the DNC and RNC headquarters the night of January 5. The FBI and ATF are now offering up to $100,000 for information leading to the suspect’s arrest. https://t.co/cRkQ1gsQ49 https://t.co/EPaYVDmZcy",333,280,68,,Notícias,Do Mundo,2021-03-09T21:46:01.0000000+00:00,560.2005100959117,-0.2137954533100128
1369460521846575104,14173315,"The Bidens' 3-year-old German shepherd Major was involved in an incident Monday in which he was ""surprised by an unfamiliar person and reacted in a way that resulted in a minor injury to the individual,"" White House press secretary Jen Psaki says. https://t.co/Zon6eLjsQA",283,43,130,,Notícias,Do Mundo,2021-03-10T01:30:06.0000000+00:00,308.9081611652025,-0.2038288712501526
1369270015699136512,5988062,"Meghan Markle did the interview on her own terms. It may do the couple some good; it may do the monarchy some harm, but probably not much https://t.co/7EkLhCQKuR",154,19,33,,Notícias,Do Mundo,2021-03-09T12:53:06.0000000+00:00,137.12931517659402,-0.1586581170558929
1340976808989241344,1038082275689340928,RT @NXOnNetflix: Here is the logo for Nightmare of the Wolf. A Witcher Anime film coming 2021. https://t.co/vagw48L8NS,0,2372,0,999720386014019584,Entretenimento,Séries de TV,2020-12-21T11:06:00.0000000+00:00,2654.915718482863,-0.1450552940368652
1367617268734164992,621583,"YouTube to lift Trump ban if violence threat falls, says CEO https://t.co/0F7kHW5dmK",2,7,3,,Notícias,Tecnologia,2021-03-04T23:25:40.0000000+00:00,15.789549324211556,-0.2395076155662536
1368776591388647424,65184105,@BrianCastrillo2 @KirstenAcuna This isn't as soft as a Dog plush but his @OriginalFunko still makes you say aww. #TWD https://t.co/JT42vrLgoK,31,1,4,1378000488|23707663|742107732,Entretenimento,Séries de TV,2021-03-08T04:12:24.0000000+00:00,26.95998445952013,-0.1445516347885131
1352326523026632706,19110632,@jammy_cooper No but you are on the right continent...but this mountain range is located on an island ?,0,0,0,,Notícias,Viagens,2021-01-21T18:45:42.0000000+00:00,3.828590735438721,-0.0546050667762756
1273723492186443782,2412917082,It's the Limitless shit. https://t.co/P6T5fUZvI5,377,71,15,,Entretenimento,Séries de TV,2020-06-18T21:05:19.0000000+00:00,308.57814419088845,-0.1833684742450714
1368939573586386945,65184105,A whole new side of Daryl is revealed in the latest episode of #TWD. Stream now: https://t.co/BoIeKvqlT6 https://t.co/BAS4801HTP,1842,128,49,,Entretenimento,Séries de TV,2021-03-08T15:00:02.0000000+00:00,1214.9951692911732,-0.2030234634876251
1368954564133654529,1344951,"A workforce without women is like working with one hand tied behind your back.  Sure, you can do it. It's just not optimal. 6/

#IWD2021
#InternationalWomensDay
Photo Credit: Sam Whitney https://t.co/7G8nra3A51",0,1,1,,Notícias,Tecnologia,2021-03-08T15:59:36.0000000+00:00,10.15692462788475,-0.1193322241306305
1366296962409123843,715177919438577664,"Heartfelt congratulations to Emma Corrin, Josh O’Connor, Gillian Anderson, and everyone behind Season 4 of The Crown. https://t.co/Cf5CWGXdZt",17864,3333,124,,Entretenimento,Séries de TV,2021-03-01T07:59:15.0000000+00:00,14212.88038122833,-0.2135630846023559
1332444252895404033,1205974434,Brothers on-screen and off. Stream the Supernatural: The Long Road Home special: https://t.co/7QGwT7hGui #Supernatural https://t.co/PwFSdtDu58,12587,1020,291,,Entretenimento,Séries de TV,2020-11-27T22:00:40.0000000+00:00,8445.904558621705,-0.1692600846290588
1365315694167011328,273181052,? https://t.co/3iXgcVTwRE,1281,126,19,,Entretenimento,Séries de TV,2021-02-26T15:00:02.0000000+00:00,876.0970204878723,0.0
1322493521245298689,1288485038,"Happy Halloween from Tommy Shelby. ? #PeakyBlinders

? Robert Viglasky https://t.co/7K93zUVKZE",11100,1231,54,,Entretenimento,Séries de TV,2020-10-31T11:00:00.0000000+00:00,7640.326680638095,-0.1792082786560058
1285629613067038720,2412917082,"All Rhoades lead to Wendy.

#Billions Season 5 is on a break but will return. Catch up on the first 7 episodes now on @Showtime. https://t.co/NkJokflnCM",431,54,31,257548783,Entretenimento,Séries de TV,2020-07-21T17:36:00.0000000+00:00,330.48488461030007,-0.1329516470432281
1189249540412624898,180463340,"Prepare to charge this #GoTHalloween.
Share your photos for recognition in the realm. https://t.co/GLlgtFErEd",9794,681,312,,Entretenimento,Séries de TV,2019-10-29T18:36:00.0000000+00:00,6399.750234193535,-0.1199707686901092
1152351180225335296,180463340,"The Kingslayer and the Onion Knight take #GoTSDCC

@nikolajcw @liamcunningham1 https://t.co/G0pKYPAvnE",15391,1475,118,3154252605|131482972,Entretenimento,Séries de TV,2019-07-19T22:55:05.0000000+00:00,10334.155747798924,-0.2360624969005584
1272336376927666176,2412917082,RT @BillionsWriters: The 2011 film Limitless starring Bradley Cooper and Robert De Niro was directed by @NeilBurger. Neil also directed the…,0,8,0,3912022947|329631801,Entretenimento,Séries de TV,2020-06-15T01:13:25.0000000+00:00,13.439567582203576,-0.0171808302402496
1330209367002472448,1060978099146260480,They’re back together again. Chapter 12 of #TheMandalorian is now streaming on #DisneyPlus. https://t.co/NryjQFcivB,12035,684,146,,Entretenimento,Séries de TV,2020-11-21T18:00:01.0000000+00:00,7617.555932280239,-0.1013995707035064
1362483585169686531,1232061287301074945,"One finds oneself in such an incredible position, and one should declare it. https://t.co/xHthIKA9Ck",6531,650,75,,Entretenimento,Séries de TV,2021-02-18T19:26:15.0000000+00:00,4485.914690387922,-0.1654292345046997
1337396723610771457,1060978099146260480,"Chapter 15. Now Streaming.
#TheMandalorian #DisneyPlus https://t.co/8xmHZ2vs6V",13551,1077,456,,Entretenimento,Séries de TV,2020-12-11T14:00:01.0000000+00:00,9253.879836107228,-0.1476894617080688
1287306318961872896,1288485038,"Happy #AuntAndUncleDay, from #PeakyBlinders’ very own Aunt Pol and Uncle Charlie. ? Robert Viglasky https://t.co/WdjSf3tfAB",2927,219,16,,Entretenimento,Séries de TV,2020-07-26T08:38:38.0000000+00:00,1894.8446508654645,-0.1324890255928039
1151605021345083392,180463340,"The #GoTSDCC panel taking place Friday, 7/19 at 5:30PM in Hall H will now consist of panelists @Maisie_Williams, @RaleighRitchie, @nikolajcw, @isaac_h_wright, @johnbradleywest, @liamcunningham1 &amp; Conleth Hill.

Follow our ravens for updates.",5083,506,419,102154232|101798589|3154252605|131482972|863172565786705920|1286087420,Entretenimento,Séries de TV,2019-07-17T21:30:07.0000000+00:00,3754.227382644028,-0.1236965656280517
1265629710941388800,180463340,@HBO @hbomax Raise your banners. #HBOMax https://t.co/3pUrBzCNpz,1296,163,78,89090040|15635604,Entretenimento,Séries de TV,2020-05-27T13:03:32.0000000+00:00,1003.6493150428588,-0.1894935965538025
1357381035852521474,273181052,We already know the answer. ?,72,2,6,,Entretenimento,Séries de TV,2021-02-04T17:30:32.0000000+00:00,47.72359493754474,-0.2147471010684967
1362484293650567168,1232061287301074945,@sweetx0love25 She is quite good to him.,66,3,1,3057968236,Entretenimento,Séries de TV,2021-02-18T19:29:03.0000000+00:00,43.63476344477145,-0.1639368236064911
1368744769686540290,65184105,@shookswiftie What's not to love? #TWD,2,1,1,3035225852,Entretenimento,Séries de TV,2021-03-08T02:05:57.0000000+00:00,4.476834561660635,-0.2138079106807708
1350201158426648581,252882791,"New doors will open to you during the #REShowcase on Jan 21st. Take a step inside and take a look around.
6 days until the event: ? https://t.co/gR3e1ZpUK7 https://t.co/jxGmz8Oem3",2791,359,91,,Entretenimento,Games,2021-01-15T22:00:16.0000000+00:00,2071.518838122429,-0.1393390595912933
1357735941637603331,95955871,"It’s Duff time, happy birthday to the best there is! https://t.co/J9MKpYCPut",10825,1681,233,,Música,Rock,2021-02-05T17:00:48.0000000+00:00,8160.988075560615,-0.1611644029617309
1367610810789326850,10671602,PlayStation 2 first launched 21 years ago. What disc did you pop in the tray right away? https://t.co/gj4RMX8c1j,35007,3995,4220,,Entretenimento,Games,2021-03-04T23:00:00.0000000+00:00,27810.771467688523,-0.1269038319587707
1317087904569741312,203162990,"In 1 week, The #EmptyMan is coming for you. Get tickets now: https://t.co/kZKpADQks6 https://t.co/cBEN9x9Co0",314,120,20,,Entretenimento,Filmes,2020-10-16T13:00:01.0000000+00:00,359.5973141785343,-0.1493831872940063
1362913607105736706,331908924,"Come along for the ride as Hearthstone team delves into the details of Year of the Gryphon ? https://t.co/izAvAFMKYa

#BlizzConline https://t.co/BaFPxbdKw9",176,21,4,,Entretenimento,Games,2021-02-19T23:55:00.0000000+00:00,132.08461564330452,-0.1721402704715728
1359943678354092032,15234657,"@_jdodd You flatter me! Ha! Now listen here, I sense the ?passion? in your heart, you must act on it NOW before it's too late! Set up that Zoom call ASAP!",2,0,1,99261158,Entretenimento,Games,2021-02-11T19:13:34.0000000+00:00,7.293916552191706,-0.0513921380043029
1254427280794845185,297047872,"Q#35. My fav from the ‘90’s . I was trying to sound like an old scratchy record.

https://t.co/o8w7KeuyHJ https://t.co/57wGY8c4V7",3826,395,102,,Música,Rock,2020-04-26T15:09:04.0000000+00:00,2666.434136203848,-0.1364623606204986
1338550048892710913,612782611,"?Stitch
?Two free weapons
?Four fresh War Tracks
?1300 COD points
...and so much more.

Get the intel on the #BlackOpsColdWar and #Warzone Season One Battle Pass here:

https://t.co/zjT6pvOnQc",928,71,327,,Entretenimento,Games,2020-12-14T18:22:55.0000000+00:00,801.856868264881,-0.1788667440414428
1055619307084800000,27195114,https://t.co/ZxYTkLwgSP,20148,4429,1111,,Música,Rap,2018-10-26T00:37:09.0000000+00:00,16704.31140052239,0.0
1306401710386982912,96829836,"#RapLifeLive is almost here.
Watch my performance captured at @HowardU this Friday at 7PM PT on @AppleMusic.
https://t.co/5SkAauhdAN https://t.co/rNZDAwH0rY",675,169,33,74580436|27147528,Música,Rap,2020-09-17T01:16:54.0000000+00:00,593.4233532940734,-0.1086994111537933
1334214244632580097,18847632,"AtU2… at U2, 25 years looked like a long time 25 year agos
It feels even longer now ha ha!
Thanks Matt, thanks for all those insightful posts &amp; pokes!
Bono, Edge, Larry &amp; Adam https://t.co/r55t8QoUoX",2476,195,84,,Música,Rock,2020-12-02T19:13:59.0000000+00:00,1703.525636776836,-0.1883465349674224
1327711653828337665,6207392,#FinallyFree ?: Andrei Charniauski https://t.co/XU9JT2Dhyx,1064,81,6,,Música,Heavy Metal,2020-11-14T20:35:00.0000000+00:00,692.562189729281,-0.2174244225025177
1359973359568625670,15234657,"@DorianParksnRec @Zendaya Anything is possible, amigo! But you must believe in yourself. In this case... you must believe VERY hard. Good luck! Ha!",3,0,2,2526757508|154280902,Entretenimento,Games,2021-02-11T21:11:30.0000000+00:00,8.941683935875172,-0.1884855926036834
1146224584443727872,19028953,Watch the documentary on the making of the album Live now. ❤️❤️ https://t.co/YsTItr0TwC,41635,13995,386,,Música,Rap,2019-07-03T01:10:11.0000000+00:00,39382.65007914216,-0.2127147614955902
1363914797335543811,15234657,Ready for an adventure for two? Pre-order #ItTakesTwoGame here: https://t.co/SiCyWVaJZJ,106,5,10,,Entretenimento,Games,2021-02-22T18:13:22.0000000+00:00,73.27988024295377,-0.1417785584926605
1307801712107966476,6207392,"#TheSerenityofSuffering, reimagined by Nortbert Bertók. https://t.co/x0Td3Cd1Ip",2217,266,26,,Música,Heavy Metal,2020-09-20T22:00:00.0000000+00:00,1553.5720286032897,-0.1749345362186432
1357452896976179201,52484614,"What kind of sounds will we hear on Mars? ?@NASAPersevere Mission Engineer Chloe Sackier hopes to hear these...

https://t.co/X5OF1EXYIa",25,2,1,1232783237623119872,Entretenimento,Mídias Sociais,2021-02-04T22:16:05.0000000+00:00,22.4635521317162,-0.1178024411201477
1272338362909655040,2412917082,"RT @BillionsWriters: Shane is a 1953 Western directed by George Stevens. It was nominated for six Academy Awards, winning one for Best Cine…",0,8,0,3912022947,Entretenimento,Séries de TV,2020-06-15T01:21:19.0000000+00:00,12.805639757389084,0.2306786775588989
1326902644322017281,715177919438577664,How will the arrival of Diana Spencer and Margaret Thatcher change the world of The Crown? The show’s cast and crew give us a glimpse of the rivalries and relationships that lie ahead in Season Four. https://t.co/Rehfr0S2XG,5065,941,82,,Entretenimento,Séries de TV,2020-11-12T15:00:17.0000000+00:00,4221.03468511662,-0.1201161742210388
1329150877941305345,715177919438577664,For more on the true stories that inspired Season Four: https://t.co/Th1PxyuSIq,297,28,8,,Entretenimento,Séries de TV,2020-11-18T19:53:58.0000000+00:00,207.5795550036137,-0.1996578276157379
1364320994337427461,1232061287301074945,@torilovesatp His Grace has all the required certifications.,43,2,0,,Entretenimento,Séries de TV,2021-02-23T21:07:27.0000000+00:00,29.09637367052315,-0.1451490819454193
1351923223638794246,1288485038,"In the bleak midwinter... #PeakyBlinders

? Anthony Byrne https://t.co/YDILZMX6HN",23526,4834,318,,Entretenimento,Séries de TV,2021-01-20T16:03:08.0000000+00:00,19450.365640288423,-0.1941754817962646
1365407295384018947,1232061287301074945,@PagliacciLive If I recall correctly it seemed as though there may have been a few more pressing matters at hand.,36,0,0,1321261939,Entretenimento,Séries de TV,2021-02-26T21:04:01.0000000+00:00,24.175140437771105,-0.2049464583396911
1356264437729124353,1060978099146260480,Congratulations to @LudwigGoransson for receiving a nomination for Outstanding Original Score for a Television Production at the Society of Composers and Lyricists Awards! https://t.co/wtFLVBbZVF,21290,1941,229,131305850,Entretenimento,Séries de TV,2021-02-01T15:33:34.0000000+00:00,14359.624771004408,-0.1864379346370697
1367114880378146824,1288485038,"We’re delighted to welcome @BAFTA #EERisingStar nominee Conrad Khan to the cast of #PeakyBlinders series 6.

? Anthony Byrne https://t.co/4ENrh4MQJg",8163,573,86,17229809,Entretenimento,Séries de TV,2021-03-03T14:09:21.0000000+00:00,5372.119478737507,-0.1898557543754577
1152354497189965824,180463340,"Send a raven.
@Isaac_H_Wright and the cast of #GameofThrones are headed down to sign autographs at the WB booth. #GoTSDCC https://t.co/VmyglVwEnH",4648,395,68,102154232,Entretenimento,Séries de TV,2019-07-19T23:08:16.0000000+00:00,3084.634524959467,-0.1937045156955719
1328065268942336000,1205974434,Jack has come a long way. Stream the latest #Supernatural: https://t.co/qZmBzKkln2 https://t.co/8A9zBuVe5S,8107,645,256,,Entretenimento,Séries de TV,2020-11-15T20:00:09.0000000+00:00,5476.088454430897,-0.1608451902866363
1354545532044075013,811377,"the issue has been resolved. thanks for the kind words &amp; patience, everyone. https://t.co/8Sw7JdsV05",4498,86,102,,Entretenimento,Mídias Sociais,2021-01-27T21:43:15.0000000+00:00,2679.9170514363104,-0.1683501601219177
1364321423901085698,180505807,"@hindustani95068 Hello @hindustani95068, and thank you so much for reaching out. To appeal the disabling of an account, please follow this link: https://t.co/3G30I5viLV. We hope that helps.",1,0,1,2962731560,Entretenimento,Mídias Sociais,2021-02-23T21:09:09.0000000+00:00,5.034585736364804,-0.1833732426166534
1368984433026596867,13058772,"@OrthodoxIslaam Absolutely! Thanks, Slaimon ?",2,0,3,1173903110,Entretenimento,Mídias Sociais,2021-03-08T17:58:17.0000000+00:00,4.716498448938205,-0.2358098626136779
1368619226865471493,24016767,Try these Midwest road trips https://t.co/ovLnsqumwZ,5,0,0,,Notícias,Viagens,2021-03-07T17:47:06.0000000+00:00,5.036333880801253,-0.2179943323135376
1369214396489170946,24016767,"Southwest Airlines adds three more cities: Myrtle Beach, Eugene, Bellingham https://t.co/CRybxE8aQR",9,2,0,,Notícias,Viagens,2021-03-09T09:12:05.0000000+00:00,10.1992277821038,-0.0857410728931427
1368849083201359873,24016767,10 exciting ways to brew the best coffee at home https://t.co/dY5cbd9YEJ,0,0,0,,Notícias,Viagens,2021-03-08T09:00:28.0000000+00:00,2.7980152203843827,-0.2056552469730377
1358819633629921283,9676212,Catalina Island reopens to visitors in time for Valentine's Day https://t.co/z790Pltz0W,3,3,0,,Notícias,Viagens,2021-02-08T16:47:00.0000000+00:00,9.079005900688198,-0.1464954316616058
1368999972792844292,24016767,"10 of our favorite beaches from all across Florida: Daytona, Delray, St. Pete, Siesta, more: https://t.co/Y8Wv705rez https://t.co/wJBZSuqNpe",5,2,1,,Notícias,Viagens,2021-03-08T19:00:02.0000000+00:00,11.84790610174498,-0.1277595460414886
1367625947462184961,36184220,"""When the light erupted at sunset, I knew I got the shot,"" writes #YourShot photographer Peter Coskun, who waited several years for the perfect timing to capture this dramatic scene. https://t.co/QaV4Ybsd6W",894,123,7,,Notícias,Viagens,2021-03-05T00:00:09.0000000+00:00,654.1925286366236,-0.1265403032302856
1361209516277174279,21887420,How can we get our deposit back after our holiday cottage fell through? https://t.co/9LjmgxyxWp,5,3,0,,Notícias,Viagens,2021-02-15T07:03:33.0000000+00:00,10.626182840401588,-0.1625510156154632
1369036451845869573,53372965,"Pilot loses tooth and flight attendant breaks arm in mid-air brawl
https://t.co/Hc3bdicZrY",0,0,0,,Notícias,Viagens,2021-03-08T21:25:00.0000000+00:00,2.9095294787484134,-0.1932428479194641
1352922753565863936,19110632,"Sharron Livingston shares her thoughts on this tricky-to-answer question: Is it too early to book a summer holiday?

https://t.co/AFrL1Rxmfo",11,2,0,,Notícias,Viagens,2021-01-23T10:14:55.0000000+00:00,14.62895574839096,-0.0797638893127441
1363322581076619265,36184220,"From southern American cornbread to south Asian roti, bread has a permanent place on our plates and in our hearts. https://t.co/1QEQ4SwxBT",178,31,2,,Notícias,Viagens,2021-02-21T03:00:07.0000000+00:00,141.61481944244903,-0.1611725986003875
1369521918412472320,16211434,"Ah, Italy. The mere sound of the word is enough to make you daydream of la dolce vita. #sponsored by @martinirossius https://t.co/jzqFrTwnv7",48,11,1,1348663449736376322,Notícias,Viagens,2021-03-10T05:34:04.0000000+00:00,47.10034475135231,-0.1422615945339203
1329140321402445824,9676212,New Orleans Mardi Gras joins procession of canceled parades https://t.co/rLuaTJGgQ4,2,1,0,,Notícias,Viagens,2020-11-18T19:12:01.0000000+00:00,6.831508783291834,-0.1786468625068664
1369181189932777474,15066760,Listen to Lonely Planet's @chriszeiher on the latest podcast episode of Talk with Trace. They talk about everything from the founding of Lonely Planet to going into the digital world. https://t.co/pGJWgdRakj,9,4,1,58119724,Notícias,Viagens,2021-03-09T07:00:08.0000000+00:00,16.79487517289293,-0.1925494372844696
1369499281833537540,16211434,Kayak Is Opening Its First Hotel in Miami Beach — and It's Going to Be So Futuristic  https://t.co/Kg9446Dlq2,17,6,0,,Notícias,Viagens,2021-03-10T04:04:07.0000000+00:00,20.73847392034344,-0.1374189257621765
425668533293289472,2176998871,"Yes! YOUR body works the same way, except for a few bits? “@caioartur_: @CameronDiaz is there anything for the guys in your book? Love u.”",99,33,13,2176998871|65289952,Celebridades,Artistas de TV,2014-01-21T16:37:41.0000000+00:00,101.30016865306575,-0.0194962918758392
1359863795586396168,27042513,I’m official-ish! Thank you for my early Valentine from my Valentine. https://t.co/OlQ1hQMf25,11864,362,235,,Celebridades,Artistas de TV,2021-02-11T13:56:08.0000000+00:00,7192.512279593067,-0.1080891788005828
1356685006916079616,47786101,Destination unknown...? #throwback https://t.co/jO86hmVVL8,87146,4749,1045,,Celebridades,Artistas de TV,2021-02-02T19:24:46.0000000+00:00,54952.04089437181,0.0
1287526789707776000,47786101,"Tonight, court’s in session. @PerryMasonHBO at 9 PM on @HBO. The missus and I are getting ready with a few bits and bobs from Perry’s own Mason Farm. Celebrating local restaurants around since the time of the show. Tune in with us? #mocktails https://t.co/P8JZui6cGW",23730,1273,286,15635604|1336879565650747392,Celebridades,Artistas de TV,2020-07-26T23:14:42.0000000+00:00,14846.34979501576,-0.0551525056362152
1291859496826843137,72915722,@letterboxd Put this on my tombstone. Thank you!,735,40,21,26981455,Celebridades,Artistas de TV,2020-08-07T22:11:20.0000000+00:00,469.2268580112444,-0.1336375772953033
1258788139159613441,47786101,"One of the most important things you can do to protect yourself during this pandemic—GET TESTED. @CoreResponse is in LA, Atlanta &amp; Detroit offering free COVID-19 tests. More info at https://t.co/egdqAjrRN5 &amp; see Sam Bayer’s tribute to the real superheroes. #GetTested #COREcovid19 https://t.co/hiWnik81LW",45071,5827,1034,166196682,Celebridades,Artistas de TV,2020-05-08T15:57:34.0000000+00:00,32347.38937502997,-0.1078636646270752
1252286536738934786,50374439,"Groovy #CouchParty today for, like, oh what’s the word? DEMOCRACY, that’s it. @WhenWeAllVote. I’ll be there.",11370,803,928,1004804740105035777,Celebridades,Artistas de TV,2020-04-20T17:22:31.0000000+00:00,7765.837536258327,-0.1961074471473693
754011760257069056,2176998871,Look what I found just now to remind us all that the life force is strong and to strive for… https://t.co/3CcybddzJs,497,69,32,,Celebridades,Artistas de TV,2016-07-15T17:56:27.0000000+00:00,371.242934957255,-0.1600894927978515
1364897061083127808,21887420,10 of the best beaches for a winter walk: readers' tips https://t.co/kzkxg9EiSz,10,2,0,,Notícias,Viagens,2021-02-25T11:16:32.0000000+00:00,12.307481321431464,-0.1279384195804596
1369414843720208384,17602896,Have a question for @AnthonyMackie and Sebastian Stan? Send us your fan Q's for the @falconandwinter stars using #AskFalconAndWinterSoldier ? https://t.co/Q2scNYEQ6T,551,98,423,361270172|1191452038539948037,Entretenimento,Filmes,2021-03-09T22:28:35.0000000+00:00,671.650426219536,-0.0893645584583282
1366870970351427588,36184220,"In recent years, large swathes of the desert landscape in the parks around Tucson, Arizona, have started to look a lot like grassland. And that’s a problem.  https://t.co/MvbNpCbMkF",76,15,1,,Notícias,Viagens,2021-03-02T22:00:09.0000000+00:00,67.78672951347524,-0.1846115291118621
1369135857110638592,985916593065476096,"Go back to the beginning and experience their journeys before @MarvelStudios' #TheFalconAndTheWinterSoldier arrives.

Marvel Studios: Legends episodes about Sam Wilson and Bucky Barnes are now streaming on #DisneyPlus. https://t.co/Y7493094qK",2811,306,28,750751206427860992,Entretenimento,Filmes,2021-03-09T04:00:00.0000000+00:00,1948.103204883952,-0.1857643723487854
421376352319983617,2176998871,Regram @abigailrubio thanks for sharing!! http://t.co/Dac5dGyCB7,48,23,8,66119183,Celebridades,Artistas de TV,2014-01-09T20:22:05.0000000+00:00,57.51780908047515,-0.1934852600097656
1368487216775893000,15066760,South Africa's diverse terrain and impressive landscapes provide the perfect opportunity to visit all year round. https://t.co/Pk7JnqG855 https://t.co/wSFi9Y5qIO,42,14,0,,Notícias,Viagens,2021-03-07T09:02:32.0000000+00:00,45.420662416830126,-0.2576249539852142
1368772235683586050,24016767,Massive luxury yacht crashes through a dock at Simpson Bay in Sint Maarten https://t.co/6pQcOk2cPY,1,0,0,,Notícias,Viagens,2021-03-08T03:55:06.0000000+00:00,5.157551616921364,-0.2348896265029907
1364908035932569600,36184220,"Whether you prefer the view from Earth's highest peak or deepest crevices, find the inspiration for your next trek. https://t.co/5IqS6pWUVU",218,32,0,,Notícias,Viagens,2021-02-25T12:00:09.0000000+00:00,162.89005995127312,-0.1432534754276275
1364156801109938178,53372965,"UK home to two of the best beaches in Europe
https://t.co/QBOLCppCOh",3,1,0,,Notícias,Viagens,2021-02-23T10:15:00.0000000+00:00,5.593996220240187,-0.2445008456707
423131090803777536,2176998871,Thank you!! newday !! You guys rock! Had so much fun talking about thebodybook with you!!… http://t.co/nM4yRoCIAm,103,40,24,,Celebridades,Artistas de TV,2014-01-14T16:34:48.0000000+00:00,115.91462035743388,-0.1752161085605621
1369575294806425603,24016767,Why should you cook with a wooden spoon? Here are 10 good reasons https://t.co/qbB4A3el7k,4,1,0,,Notícias,Viagens,2021-03-10T09:06:10.0000000+00:00,8.516834596475231,-0.1623148322105407
1337411829853802496,2836755090,#PWRUP ROCKS MAGAZINE https://t.co/xPNpXwio7o,2488,290,20,,Música,Rock,2020-12-11T15:00:02.0000000+00:00,1742.4400803934668,0.0
1329846979401191424,18847632,"Have you joined us to listen to the newly remastered All That You Can't Leave Behind? If so, start your album now! Don't forget to tweet along using the #ATYCLB hashtag! https://t.co/pyK2Ilio1J https://t.co/vGeZ9DTGsV",601,60,33,,Música,Rock,2020-11-20T18:00:01.0000000+00:00,439.2123659812688,-0.1852668225765228
1351182747721748487,15155074,Honoring a true great American hero. May we all aspire to walk in his footsteps. https://t.co/EWSZdalKUv,3511,398,31,,Música,Rock,2021-01-18T15:00:45.0000000+00:00,2433.2392906763857,-0.1695895195007324
1331202835334225920,314792669,"Another Tuesday Teaser for you...this #PinkFloyd single showed the song titles on the front, but we've removed these to see if you know, or can guess, what they were? https://t.co/QkzHAzq7ei",866,94,38,,Música,Rock,2020-11-24T11:47:43.0000000+00:00,617.2815554192898,-0.1775359809398651
1355908706026758144,337789021,"Loving you Sunday morning

? Ralph Arvesen https://t.co/yAMD9BpcOM",884,110,16,,Música,Rock,2021-01-31T16:00:01.0000000+00:00,630.1967485329255,-0.1769317686557769
1360611979879186438,314792669,"Fifty years ago today, this concert in southern England - with this fun poster - saw the Floyd set consisting of eight songs. Do you know what these were? https://t.co/SU0NtghMy5",1473,175,24,,Música,Rock,2021-02-13T15:29:09.0000000+00:00,1042.521816334021,-0.1347891986370086
1324782095177306119,95955871,4tus in the zone https://t.co/Ukyx2zPaKp,5380,485,74,,Música,Rock,2020-11-06T18:33:59.0000000+00:00,3621.4253639280446,-0.216198593378067
1357369869222690817,15155074,Only one more day to enter to win an original Home Shows poster signed by the entire band. Proceeds support the Vitalogy Foundation's fight to end homelessness: https://t.co/2yNzRstIko,260,36,5,,Música,Rock,2021-02-04T16:46:10.0000000+00:00,195.7661679941556,-0.2361085712909698
1323342666361430019,95955871,Stay ready ? https://t.co/KtE8EabdAo,8383,685,194,,Música,Rock,2020-11-02T19:14:12.0000000+00:00,5644.990048579472,0.0
1311355905120690176,55010030,"We're giving away an Xbox One X 1 TB – Project Scorpio Edition and more!!
Enter Here: https://t.co/Q8uLHk5IHZ",865,168,37,,Música,Rock,2020-09-30T17:23:06.0000000+00:00,702.3115383297652,-0.1741508841514587
1363945864633401344,337789021,"Give the drummer some! #MikkeyMonday ? ? ?

https://t.co/KabepUt15t",243,32,5,,Música,Rock,2021-02-22T20:16:49.0000000+00:00,179.1598733774689,-0.1829569637775421
1337106387751620613,15155074,"Starting today at 2pm ET, Jeff will be on @SiriusXM's @PJRadio hosting the premiere of the newly-remastered bootleg from the April 3, 1994 Atlanta show: https://t.co/EQYSc0RNol https://t.co/nSVBq1UIJP",380,34,27,189258194|140943126,Música,Rock,2020-12-10T18:46:19.0000000+00:00,280.3348203536579,-0.1817710995674133
1319756701126459398,19373710,"You may use this support email for any European box set orders, no matter where the initial purchase was from.",687,35,0,,Música,Rock,2020-10-23T21:44:52.0000000+00:00,426.680782567722,-0.2046342194080352
1336775151128518656,55010030,Deluxe copies of ’The Bitter Truth' are back in the store to pre-order! We sold out the initial batch but just added more to the stock. Pre-order your copy here: https://t.co/P3y03Cyn6x https://t.co/Fod69lv4jp,928,138,54,,Música,Rock,2020-12-09T20:50:06.0000000+00:00,729.6748216125798,-0.1628311872482299
1341428444190617600,18847632,"Adam's Alternative Christmas playlist for Drakes W1
(Question: What’s YOUR favourite track from Adam’s festive 26?) https://t.co/agmC5M8z13",1004,118,68,,Música,Rock,2020-12-22T17:00:38.0000000+00:00,742.7347770184732,-0.1294932961463928
1359946667429093378,15155074,The Home Shows Night Two is coming to @nugsnet tomorrow. Watch @MikeMcCreadyPJ and the band “rock it” through February 16th: https://t.co/awSKMuF3Zj https://t.co/CGF1K6PL1S,618,53,13,309870370|270193608,Música,Rock,2021-02-11T19:25:26.0000000+00:00,421.73453952556207,-0.0754110217094421
1354759783157534720,314792669,"A very happy birthday to Robert Wyatt, an old friend of Pink Floyd, who contributed cornet to David Gilmour's On An Island and Rattle That Lock albums, and who also guested during David's 2006 concerts at London's Royal Albert Hall. Here's Robert with Nick Mason: https://t.co/QwF6na86o4",2029,228,16,,Música,Rock,2021-01-28T11:54:37.0000000+00:00,1409.8616765460238,-0.2322667837142944
1341514552819724288,95955871,It’s Fn Duff time https://t.co/M1hZ1Z3jCx,5279,667,89,,Música,Rock,2020-12-22T22:42:48.0000000+00:00,3811.075636564856,-0.1908792555332183
1320019327425286144,19373710,Happy 20th birthday #HybridTheory. Join LP fans from around the world for a Hybrid Theory listening party today. Head to https://t.co/dPGHyFtcQ3 at 12pm PDT and connect your Spotify account to start streaming together. https://t.co/FsHjUsCMbD,8534,2089,110,,Música,Rock,2020-10-24T15:08:27.0000000+00:00,7480.051113351641,-0.0928548276424408
1346507839909445632,34507480,https://t.co/dzbdr9Gryu https://t.co/7PP9yzQgEv,126391,9920,4184,,Música,Pop,2021-01-05T17:24:20.0000000+00:00,84411.22710588574,0.0
1340930237819924480,34507480,#excusemeiloveyou ??? now on @netflix https://t.co/XqEAOB8AMK https://t.co/QoQiO2lkY1,204133,39031,8569,16573941,Música,Pop,2020-12-21T08:00:56.0000000+00:00,166280.0877895394,-0.1559816896915435
1363671397575266308,21447363,.@lukebryanonline ?#AmericanIdol https://t.co/aSGAqEwk0s,2921,232,137,17074714,Música,Pop,2021-02-22T02:06:11.0000000+00:00,1977.399914883173,0.0
1352028901229395970,18228898,We feel very grateful to be a part of this moment ❤️?? https://t.co/5rminIjSfW,8037,227,111,,Música,Pop,2021-01-20T23:03:04.0000000+00:00,4814.2478093396685,-0.1779316067695617
1365020984802217996,17602896,"3 movies changed @joelkinnaman's life: Taxi Driver, La Haine, and Pusher. ?? Check out the latest episode of #MoviesThatChangedMyLife to hear why they're important to him and find out more about his latest project, #ForAllMankind ?https://t.co/6OLimg4qGF https://t.co/3Bbeq55GtL",109,25,3,756503993313062912,Entretenimento,Filmes,2021-02-25T19:28:58.0000000+00:00,104.61860098836958,-0.181028127670288
1355577264512008192,18228898,@KELLYROWLAND Congratulations!!,266,10,2,30782495,Música,Pop,2021-01-30T18:02:59.0000000+00:00,162.12012075894452,-0.1928291618824005
1357714688994390016,25365536,It launches 02.12 at 12PM PT https://t.co/PoBZ3byUQI https://t.co/p4VsmNN8xc,3160,109,49,,Música,Pop,2021-02-05T15:36:21.0000000+00:00,1919.5698396108533,-0.1481123864650726
1367890477849210881,23375688,¡Visita mi tienda oficial y conoce los productos personalizados de REVELACIÓN! // Check out customized REVELACIÓN products now in my official store! https://t.co/IAkD2x7K9C https://t.co/pm8pnh0ipQ,19693,2966,675,,Música,Pop,2021-03-05T17:31:18.0000000+00:00,14821.742807091732,-0.1778827011585235
1366222136591872000,21447363,"I may be just a foolish dreamer
But I don't care
'Cause I know my happiness is waiting out there somewhere
Thanks for watching tonight! ♥️ #AmericanIdol https://t.co/SBmpckUCeb",4155,335,167,,Música,Pop,2021-03-01T03:01:55.0000000+00:00,2812.019203379789,-0.1491021513938903
1357382231816359939,25365536,? https://t.co/LgzKWqjAhX,68554,3034,430,,Música,Pop,2021-02-04T17:35:17.0000000+00:00,42142.35622231663,0.0
1356407112385982464,34507480,happy february https://t.co/Hgy8NO1FQr,436536,58169,27965,,Música,Pop,2021-02-02T01:00:31.0000000+00:00,338942.43448522984,-0.1938157379627227
1367295825731227650,21447363,what you think about you bring about ?,35175,3446,1618,,Música,Pop,2021-03-04T02:08:22.0000000+00:00,24672.486842476585,-0.2196911871433258
1360941923746349059,1038082275689340928,"Do lilac and gooseberries make you weak?
Much like these beautiful words that I speak?

Search no more! The most eligible bachelor of all
is the songbird of the Continent; I’ll wait for your call.",3469,206,52,,Entretenimento,Séries de TV,2021-02-14T13:20:14.0000000+00:00,2222.019993632782,-0.1727812886238098
1367236110196244482,15635604,"@symbolicsides Okay, I think I know but may need another clue.",303,0,1,,Entretenimento,Filmes,2021-03-03T22:11:05.0000000+00:00,172.33599872953164,-0.2286999225616455
1342918732486594560,17919972,boxing day ? https://t.co/c6XADs4GZe,404675,33747,12005,,Música,Pop,2020-12-26T19:42:30.0000000+00:00,273072.9188109749,0.0
1339201502443941888,1038082275689340928,@fillingless_pie ???,112,0,1,1217460997230923777,Entretenimento,Séries de TV,2020-12-16T13:31:34.0000000+00:00,63.09709513219418,0.0
1367522051762757632,14230524,".@hauslabs and I are excited to introduce THE EDGE PRECISION BROW PENCIL, dropping 3/9/21 on https://t.co/lfX4GLwMiF globally &amp; https://t.co/u2QQBCGZpN in the US! Follow @hauslabs to discover all 13 shades, I'm wearing Medium Brown! https://t.co/g5MR5r8ZZr",30827,4187,1552,582519519,Música,Pop,2021-03-04T17:07:19.0000000+00:00,23250.203391475978,-0.1217055916786193
1316771044049391617,14230524,I know this is cheesy?...but https://t.co/EuDdrZXqhn is easy. This is my new single ? Don’t give up ....it’s important your voice is heard! https://t.co/7CwTIohtMw,96770,14293,3651,,Música,Pop,2020-10-15T16:00:55.0000000+00:00,74562.56075667674,-0.1078777313232421
1291753980247375873,1288485038,That Friday feeling with Arthur Shelby. #PeakyBlinders https://t.co/IarrRdzaWw,10488,1320,57,,Entretenimento,Séries de TV,2020-08-07T15:12:03.0000000+00:00,7411.342313894415,-0.1949977278709411
1366605872718245891,82652901,"@ethanisaac01 Subscribe and watch the film on your computer, phone or any device where you can access https://t.co/2SghVmtnlC. We offer a seven-day free trial and the subscription is just $4.99 per month until canceled.",0,0,0,830821773260255235,Entretenimento,Filmes,2021-03-02T04:26:45.0000000+00:00,6.790474836768991,-0.1558688282966613
1366205703392665603,21447363,This is why i love being on #AmericanIdol @ChristianMcGuc2 https://t.co/q980TASjmy,2080,159,93,1365707141693272068,Música,Pop,2021-03-01T01:56:37.0000000+00:00,1403.0536681454394,-0.1627921164035797
1350629002302550016,14230524,. @OWNTV @Oprah you have always been such a light in the lives of so many. Your words continue to inspire me to be a better person. What a wonderful evening filled with love ❤️,17374,1438,486,19397785|182161200,Música,Pop,2021-01-17T02:20:22.0000000+00:00,11616.91076153968,-0.1556420028209686
1369312286674878465,82652901,"Incredible work behind the scenes by the #Greyhound team. Congratulations on the #EEBAFTAs nominations for Special Visual Effects and Sound.

Watch now on the Apple TV app with an Apple TV+ subscription. https://t.co/dFPxCewto1 https://t.co/xvCrpwR4oL",86,4,3,,Entretenimento,Filmes,2021-03-09T15:41:04.0000000+00:00,65.50199713594323,-0.1900573074817657
1368740848913973255,21447363,Boy band check list: killer dance moves ☑️ all white fit ☑️  a handful of buddies ? @anthonyjameskey got u covered on that last one #AmericanIdol https://t.co/fwyooDH9MS,1984,153,68,3253032999,Música,Pop,2021-03-08T01:50:23.0000000+00:00,1333.520776908159,-0.1239989697933197
1366833538985721860,82652901,"RT @DEADLINE: ‘Roar’: Nicole Kidman, Cynthia Erivo, Merritt Wever &amp; Alison Brie To Star In Anthology Series From ‘GLOW’ Creators Ordered At…",0,63,0,586032653,Entretenimento,Filmes,2021-03-02T19:31:24.0000000+00:00,77.88223590922932,-0.110587865114212
1368999845856436224,25365536,"Our final season of Keeping Up With The Kardashian’s premieres Thursday, March 18th on E! https://t.co/B6rr43bcfC",19796,2166,487,,Música,Pop,2021-03-08T18:59:32.0000000+00:00,14347.368440692844,-0.1402482688426971
1365710371206488066,985916593065476096,"Step into a new reality ? Prepare for next week's finale by streaming the eighth episode of @MarvelStudios' #WandaVision, now streaming on #DisneyPlus. https://t.co/L5BI6b9OG0",5912,405,121,750751206427860992,Entretenimento,Filmes,2021-02-27T17:08:20.0000000+00:00,3864.789852593484,-0.1594241857528686
1361140001791037440,21447363,SO HELP ME GOD #AmericanIdol https://t.co/49i3lejA5U,4411,378,123,,Música,Pop,2021-02-15T02:27:19.0000000+00:00,2975.8716023691554,0.0
1364711711891206151,43192807,Self-love is the best kind of love. https://t.co/7epTHWLOYc,12728,2366,67,,Entretenimento,Filmes,2021-02-24T23:00:01.0000000+00:00,9884.436438776893,-0.18965744972229
1369148238138208257,6527972,@Sleepings_easy @everywhereist LEFTOVERS!,6,0,2,2728503664|30409200,Entretenimento,Influenciadores,2021-03-09T04:49:12.0000000+00:00,5.59618402290091,-0.1880287230014801
1368116399097344003,6527972,@grantbgood ???,0,0,0,16826808,Entretenimento,Influenciadores,2021-03-06T08:29:02.0000000+00:00,3.00078323802e-05,0.0
1326177511684919300,600435408,I hope you enjoy this animated version of the book narrated by Emmie Kay. ❤️,516,10,19,,Entretenimento,Influenciadores,2020-11-10T14:58:52.0000000+00:00,315.32323032960574,-0.238561749458313
1368453072666521600,225540697,@AlissaAshley https://t.co/50fyorz5Fk,954,74,1,732027915894824960,Entretenimento,Influenciadores,2021-03-07T06:46:51.0000000+00:00,634.5714216649739,0.0
1342687407326580737,600435408,Merry Christmas! ??? https://t.co/D32penuSYs,12174,99,204,,Entretenimento,Influenciadores,2020-12-26T04:23:18.0000000+00:00,7030.466889093528,-0.2170784473419189
1313580109727584256,5391882,@iMDRW Haaaaa! ??,0,0,0,30254174,Entretenimento,Influenciadores,2020-10-06T20:41:17.0000000+00:00,1.437937870280967,-0.1835226714611053
1369101047826841604,6527972,"@InboundAscend I'd prefer to build bridges, but... if my first job taught me anything, it's that making everyone like you is a recipe for bland nothingness.",21,1,0,3266641609,Entretenimento,Influenciadores,2021-03-09T01:41:41.0000000+00:00,18.566104804859147,-0.0851712524890899
1369418368554569728,225540697,@ThatDudeMCFLY I like ur shoes,28,0,0,20691338,Entretenimento,Influenciadores,2021-03-09T22:42:36.0000000+00:00,17.003531570935284,-0.1250111162662506
1363947240369229825,156516240,"The thing that is so unsettling, is that this stems from people romanticizing Chuck Bass as a “dream guy” when he was a sexual predator, abusive, manipulative and toxic.",413,6,8,,Entretenimento,Influenciadores,2021-02-22T20:22:17.0000000+00:00,248.9264267932988,-0.1135250031948089
1361692398867402752,34097876,Meet my February @LCLaurenConrad collection… https://t.co/EzUl8bmiKt https://t.co/JlIqJZ3lNr,121,10,9,2457341864,Entretenimento,Influenciadores,2021-02-16T15:02:21.0000000+00:00,86.79489911463966,-0.1724714934825897
1242185573193768960,5391882,"@dramarty @BlckdByJilZarin You’re a little too obsessed with me, hon. I think you might need a hobby.",7,0,2,19424554|327071621,Entretenimento,Influenciadores,2020-03-23T20:24:53.0000000+00:00,8.99266515679169,-0.1409605741500854
1350632339206901761,37570179,@CryptoAnon6 So happy this is working out for you.,3,0,0,1276658026519212032,Entretenimento,Influenciadores,2021-01-17T02:33:37.0000000+00:00,3.3541211243976883,-0.1680868864059448
1369104826869506049,6527972,@MatHouchens @everywhereist Flawless GIF choice,3,0,2,30409200|191938982,Entretenimento,Influenciadores,2021-03-09T01:56:42.0000000+00:00,5.241783611335744,-0.1477817296981811
1325114525104758784,5391882,@HeatherBarmore You just did that. And that is why I love you.,8,0,0,46693603,Entretenimento,Influenciadores,2020-11-07T16:34:56.0000000+00:00,6.69383991487558,-0.2230122685432434
1356256641814065162,34097876,My @laurenconradco editors are so sweet. Thank you for all the birthday wishes… https://t.co/63TsIh6O1O https://t.co/2CCTmvzzM3,224,17,20,946372675,Entretenimento,Influenciadores,2021-02-01T15:02:36.0000000+00:00,159.89194888569816,-0.1694300472736358
1367351364477624321,156516240,unlearning our own internalized misogyny is a ✨mind fuck✨,1576,123,4,,Entretenimento,Influenciadores,2021-03-04T05:49:04.0000000+00:00,1026.7541679218712,-0.103414386510849
1316378741061320711,34097876,Hope you love my flower makeup look ???… https://t.co/sUCV7wtBQh https://t.co/CdDMWMMMbU,396,24,15,,Entretenimento,Influenciadores,2020-10-14T14:02:03.0000000+00:00,259.78979298197555,-0.2230235040187835
1283200387101712384,600435408,The book is officially out in November (just in time for Christmas!) or you can pre-order here: https://t.co/4wmAlg5Hco #WhoYouWereMadeToBe https://t.co/1uHSgiGSKr,2008,91,29,,Entretenimento,Influenciadores,2020-07-15T00:43:07.0000000+00:00,1249.0059189411754,-0.1478161513805389
1364632186884939780,1305941,This super nerdy wireless digital food thermometer looks kind of amazing. It predicts cooking times based on inside &amp; outside temperatures and their rate of change. (via @jimray) https://t.co/6bWin75S9v,30,0,7,35623,Entretenimento,Influenciadores,2021-02-24T17:44:01.0000000+00:00,29.736264677435457,-0.102892518043518
1368080635655450627,6527972,@ajscholz @zebranotunicorn @gregisenberg @marazepeda @operaqueenie @JenniferBrandel @Zebras_Unite Looking into it! So cool!,4,0,0,408682424|16483747|4834580908|33561428|321738111|14642331|18710797,Entretenimento,Influenciadores,2021-03-06T06:06:55.0000000+00:00,3.3574423442787222,-0.177910566329956
1367949455262060544,37570179,Aave Founder Joins Variant Fund as a Venture Partner https://t.co/I5HonrXifm via @coindesk Well done @StaniKulechov @spencernoon @jessewldn,122,19,8,26149295|1527806202|952921795316912133|1333467482,Entretenimento,Influenciadores,2021-03-05T21:25:40.0000000+00:00,98.03212910734976,-0.20595183968544
1288988861092245505,600435408,@donatadesignco Your work is beautiful! ? I would love to set you up a booth at our next @magnolia vendor fair if that's something you'd be interested in? @AssistingChip,4189,33,42,2590370142|3035016670|1191025490846535680,Entretenimento,Influenciadores,2020-07-31T00:04:27.0000000+00:00,2400.255650377856,-0.097582072019577
1336324934688116743,34507480,@netflix,161604,9615,10313,16573941,Música,Pop,2020-12-08T15:01:06.0000000+00:00,113979.95482556956,0.0
1332420899471990786,14230524,Happy Holidays from @hauslabs! Our #BlackFriday sales have started at https://t.co/lfX4GLwMiF &amp; so many of my favorite products are on sale for a special price ?? https://t.co/6Qvp5Ies0R https://t.co/FqdyWmrsBj,25192,2221,1014,582519519,Música,Pop,2020-11-27T20:27:52.0000000+00:00,17354.670882882205,-0.1701730787754058
1369041862414241800,14293310,Raquel Willis on the power of inclusive activism https://t.co/DbNWZq29s5,61,9,4,,Notícias,Do Mundo,2021-03-08T21:46:30.0000000+00:00,49.94848454534088,-0.2432813346385955
1253009440107720704,47786101,"In honor of EARTH DAY, and in tandem with @ProbablyPaigey's (FPC North Carolina Ambassador’s) 18th BDAY...The as-promised Footprint Coalition official website launch... https://t.co/SSqu0fXffV #EarthDay2020 #EarthDay50 #FootPrintCoalition https://t.co/EI8u1ITIMA",27822,1932,1139,808404527305072640,Celebridades,Artistas de TV,2020-04-22T17:15:04.0000000+00:00,18288.66053679611,-0.1399259269237518
1369546496165765121,28785486,"Press sec. Jen Psaki confirms stimulus check payments will not have Pres. Biden's name on them, as stimulus checks under Pres. Trump did: ""This is not about him, this is about the American people getting relief."" https://t.co/SRFuTejfMc https://t.co/jMwhX8SFFc",1102,169,117,,Notícias,Do Mundo,2021-03-10T07:11:44.0000000+00:00,900.40891301392,-0.156518816947937
1369102305748992003,14293310,"Myanmar protesters defy curfew as junta orders media outlets shut
https://t.co/1tAEbmfuzC",139,59,21,,Notícias,Do Mundo,2021-03-09T01:46:41.0000000+00:00,162.97169534308313,-0.2763120532035827
1369609984468783107,14173315,"In the days after George Floyd was killed, an 11-year-old boy watched a national protest movement against police brutality arise outside his home.

An @NBCNews documentary: https://t.co/OQ88VNHLWJ",46,13,5,14173315,Notícias,Do Mundo,2021-03-10T11:24:01.0000000+00:00,51.01169254570858,-0.2544287145137787
1369457998523949060,14173315,"You might not be able to sit down with Oprah, but you can sit down like Oprah, thanks to patio furniture that resembles the set featured in her interview with Prince Harry and Meghan Markle. https://t.co/Q8EToh5LNi",85,14,30,,Notícias,Do Mundo,2021-03-10T01:20:04.0000000+00:00,94.10664695729264,-0.1727676093578338
1369434342053806090,759251,"A third round of stimulus payments is expected to be on the way later this month.

Roughly 90% of American households would be eligible, according to an estimate from the Penn Wharton Budget Model. Use this calculator to see what you could be getting. https://t.co/uGWtURxry6",299,88,64,,Notícias,Do Mundo,2021-03-09T23:46:04.0000000+00:00,315.03348396196714,-0.1360387504100799
1369449199343960065,807095,"A woman in North Carolina said a DNA test she took in 2017 revealed that her father may have been William Bradford Bishop Jr., a fugitive suspected of killing his wife, mother and three sons in 1976.

“It just was surreal,” she said on Tuesday. https://t.co/L6ymqH3BhF",220,41,15,,Notícias,Do Mundo,2021-03-10T00:45:06.0000000+00:00,193.0766171352685,-0.1275948584079742
1369377939381497859,14293310,"Buckingham Palace released a statement on behalf of Queen Elizabeth II, addressing Markle and Harry’s interview with Winfrey less than 24 hours after the broadcast aired on March 8 in the U.K. https://t.co/xw9aQH2p3b",148,28,25,,Notícias,Do Mundo,2021-03-09T20:01:57.0000000+00:00,139.94134607258127,-0.1860118806362152
1370028580516732943,28785486,WATCH LIVE: Merrick Garland delivers first remarks as Attorney General. https://t.co/aM5PwCc72G,363,98,22,,Notícias,Do Mundo,2021-03-11T15:07:22.0000000+00:00,334.80181997445675,-0.2015561759471893
1369332550347407367,14293310,"""Raya and the Last Dragon"" introduces Disney’s first Southeast Asian princess. Advocates say Hollywood representation shouldn’t stop there https://t.co/Y462yy8EqM",126,25,5,,Notícias,Do Mundo,2021-03-09T17:01:35.0000000+00:00,110.3504313130943,-0.1450974941253662
1369398802537476096,15012486,"Psaki is asked if surge in migrants at U.S.-Mexico border is a ""crisis""

""Look, I don't think we need to sit here and put new labels on what we have already conveyed is challenging,"" she replies

She also says she won't ""confirm numbers"" of unaccompanied migrants detained https://t.co/fEw8bHTdsA",224,79,136,,Notícias,Do Mundo,2021-03-09T21:24:51.0000000+00:00,330.68331581784963,-0.1511562466621399
1368217898095964166,75974281,@pickupapainting Sweet!!,5133,51,37,1683359833,Celebridades,Artistas de TV,2021-03-06T15:12:21.0000000+00:00,2953.995270301231,-0.2066957652568817
1291862297665626112,72915722,@IMDb Well this is awesome. Thx for the bday wishes AND my new demo reel!,538,24,37,17602896,Celebridades,Artistas de TV,2020-08-07T22:22:28.0000000+00:00,353.5741815268966,-0.0195562541484832
1327398719789150214,27042513,@TheOriginalDYou @VancityReynolds Love what you’ve done with his. A little off center is perfect. #MaskedSinger,1390,19,10,2724857222|2893511188,Celebridades,Artistas de TV,2020-11-13T23:51:31.0000000+00:00,806.1732120245063,-0.0997278690338134
1317811466339221509,27042513,@rbmac @GreatestShowman It’s a @GreatestShowman kinda weekend!,420,8,17,30084011|2573741401,Celebridades,Artistas de TV,2020-10-18T12:55:11.0000000+00:00,256.6292770665675,-0.1544335484504699
1338619251050115072,516464106,@MrBeastYT LoL,3277,11,80,,Esportes,Fórmula 1,2020-12-14T22:57:54.0000000+00:00,1894.233716388596,-0.0765612125396728
1365659227256098816,68674747,"On my way to Cali ??
So excited to discover Laguna Seca in an Indycar ??? https://t.co/r9ZAzUcm7u",5811,104,99,,Esportes,Fórmula 1,2021-02-27T13:45:07.0000000+00:00,3436.335968974304,-0.1854914426803589
1361708535294255106,68674747,I have declared my support for #COVID19 #VaccinEquity. Now it’s your turn. Join me by signing up here https://t.co/ariadech6g #SupportHealthCareWorkers,431,30,6,,Esportes,Fórmula 1,2021-02-16T16:06:28.0000000+00:00,285.80012579464284,-0.2048189043998718
1184016623394590721,93819292,"high risk high reward.. worked well this time ???

#JapaneseGP #F1
https://t.co/VshDh3dmAQ",6942,436,82,,Esportes,Fórmula 1,2019-10-15T08:02:15.0000000+00:00,4395.077133467442,-0.1545732021331787
1310595678226219015,262230432,Warmed up with Seb before the race yesterday. He was very impressed with my football skills. https://t.co/OAA5GRflZp,37187,1698,415,,Esportes,Fórmula 1,2020-09-28T15:02:14.0000000+00:00,23028.42247986161,-0.0984919071197509
1367430380463267844,556260847,"Congratulations to my favorite co-driver ?
4️⃣9️⃣ today, but still as quick as ever https://t.co/DPEuRJMvsU",13041,336,181,,Esportes,Fórmula 1,2021-03-04T11:03:02.0000000+00:00,7799.996535356578,-0.1264492869377136
1344344721506885641,537951506,2020 ? https://t.co/ZdZOidIfBJ,38780,1562,273,,Esportes,Fórmula 1,2020-12-30T18:08:52.0000000+00:00,23687.04042141738,-0.2175842821598053
1345706642080493568,353786894,Un año despues el Matador empieza el Dakar como lo terminó. GANANDO! Que crack. Enhorabuena! @CSainz_oficial @LucasCruz74 https://t.co/z8go7rh6qi,11069,608,89,407952890|365311325,Esportes,Fórmula 1,2021-01-03T12:20:40.0000000+00:00,6938.267054192388,-0.1151521801948547
1327627598726377475,556260847,"Struggled a lot to find grip on the intermediates ? I’m disappointed that pole slipped through my fingers, but in the end I can’t complain with first row #KeepPushing #TurkishGP ?? https://t.co/eTFqPVkvEI",18375,567,441,,Esportes,Fórmula 1,2020-11-14T15:01:00.0000000+00:00,11193.425556552698,-0.1758006811141967
1228653223269076992,214413743,@LandoNorris Should’ve kept it like that. More original,4024,122,51,516464106,Esportes,Fórmula 1,2020-02-15T12:12:10.0000000+00:00,2405.235213813793,-0.1695310175418853
1358213026541834240,90057442,Who you got tonight? #UFCVegas18 @espnmma,63,6,26,1062738433716686848,Esportes,MMA,2021-02-07T00:36:34.0000000+00:00,57.59224362039502,0.0
1264644362731913216,115093611,Grilling up @EckrichMeats sausages for the family this weekend on the @TraegerGrills. Have a great and safe #memorialday. https://t.co/2AycD4cyJ1,601,28,49,131014117|1206232532,Esportes,MMA,2020-05-24T19:48:06.0000000+00:00,397.4232818082026,-0.0781579315662384
1269780932891774976,23119425,"Don’t forget to check out my #SundaySerenade with @ChuckWicksMusic, brought to you by The @UsArmy. ?

https://t.co/oTiwkzOdcz https://t.co/IKnxP3bw59",14,0,0,19932404|8775672,Esportes,MMA,2020-06-07T23:59:00.0000000+00:00,11.673477839437888,-0.092294692993164
1366899538502426633,56518880,@dc_mma ☺️,723,16,51,57516454,Esportes,MMA,2021-03-02T23:53:40.0000000+00:00,452.0917171775078,0.0
1335107635767439361,56518880,@adamtheogg Miserable much?,38,0,4,1307157866122420224,Esportes,MMA,2020-12-05T06:24:00.0000000+00:00,24.562737031575058,-0.2311595380306244
1359267423346716677,19798578,"I’m teaming up with BET99 to bring you special offers, my picks for the fights and my Key Locks to bet on – exclusively on BET99! Be sure to follow @bet99sportsbook and bet with me! https://t.co/FrklqZcJx6",155,6,22,1299869516478939144,Esportes,MMA,2021-02-09T22:26:22.0000000+00:00,114.07489377443623,-0.1080698668956756
1330308453508800527,232010910,"Saturday night live! Here we go it’s about to get weird..
 @j.a.bs_podcast https://t.co/EpZovSydb0",80,1,3,9697732,Esportes,MMA,2020-11-22T00:33:45.0000000+00:00,53.69356403778987,-0.1220704615116119
1174371887159242752,23119425,"Excited to watch my boy Sokoudjou without gloves.
Who's planning on watching?
#ValorBK #Valor https://t.co/oTj99fy8w0",42,9,1,,Esportes,MMA,2019-09-18T17:17:31.0000000+00:00,39.93483767399827,-0.226258248090744
1179754999171047425,23119425,Kick some ass guys!  RT @menifeemaniac: We have seen many come and go @dhfitnesscenter #TeamQuest (cont) https://t.co/bkOd0mTe42,9,1,1,2266135711|2285891131,Esportes,MMA,2019-10-03T13:48:05.0000000+00:00,12.279958912147418,-0.1426500678062439
1353755766625234944,140845817,"The new season of #Snowpiercer. I’d definitely get in on THAT fight night, hopefully Boki @alekspaun accepts my request I know I can take him. Where would you place your bets? Let me know, and make sure you watch @TNTDrama TONIGHT at 9/8c for the @SnowpiercerTV season 2  #Ad https://t.co/skYZwNWyGZ",121,16,9,144021690|1110599102415421441|15981505,Esportes,MMA,2021-01-25T17:25:00.0000000+00:00,101.23713155657298,-0.1390023231506347
1242106541999783936,93819292,"@JH_Gruszecki @Lucas_Vogelsang @oliverwurm @HauschkeJ @guek62 @kalhamer @Dr_Huettl @Sky_MaikN @MickyBeisenherz @GNetzer @DerPoppe @KaiFeldhaus @Karlo_Kolumna @philippkoester @Phil197797 @DerMalteDuerr Zlatan Ibrahimovic
Oliver Kahn
Toni Kroos
Matthias Sammer

Ich nominiere:
@Podolski10
@fischkreutz_KG
@oliverpocher
@officiallyjoko",11,2,0,50009088|1169940002|38710385|117098264|707851135407759360|38150370|19596687|1402793083|39742366|879240896373555200|1510714765|16064783|614884262|910955136599642112|1289567960|40221869|27398939|810802183|53125420,Esportes,Fórmula 1,2020-03-23T15:10:51.0000000+00:00,13.412369432343276,-0.1420728266239166
1327954760251662337,213969309,"Last but not least, our most amazing team, @mercedesamgf1. We have grown so much together over the years. Thank you, and I share this with every one of you, especially Niki. We miss you every day. #S7ILLRISING???????",21931,1291,298,26235265,Esportes,Fórmula 1,2020-11-15T12:41:01.0000000+00:00,13884.06790070054,-0.1839765608310699
1362360519626227713,556260847,@TeamRedlineSim @BScompetition @Turnermotrsport @IMSA @iRacing @RubenLuquePhoto @BMWEsports @BMWMotorsport @SportsCarOpen ?? #keepfollowing,83,1,1,883971544439037952|1233735647069966336|16240253|337884384|28593358|19977449|1290587544330043394|22169773|303277118,Esportes,Fórmula 1,2021-02-18T11:17:13.0000000+00:00,48.66471438139217,0.0
1308393354120421376,318967677,@FIAWEC @AlbuquerqueFil @ZBrownCEO @UnitedAutosport ???,23,0,0,2873763009|169248299|1464295423|426488154,Esportes,Fórmula 1,2020-09-22T13:10:59.0000000+00:00,12.81570898984649,0.0
1241401189721350145,93819292,@RenaultF1Team @wearetherace @VeloceEsports @F1 Yes ?,445,11,9,69008563|950695925521018880|1299688519594586113|1214181376536141830,Esportes,Fórmula 1,2020-03-21T16:28:02.0000000+00:00,265.4641200756025,-0.2521522045135498
1351283213403095045,213969309,I hope you are staying as positive as you can with all that is still going on. Keep your head up. I can’t wait to see you all again at some stage soon.,7372,245,158,,Esportes,Fórmula 1,2021-01-18T21:39:58.0000000+00:00,4507.603538993519,-0.2031941413879394
1328417466272321537,213969309,@RoyalFamily @F1 What an incredible honour. Thank you so much.,13576,259,177,69008563|36042554,Esportes,Fórmula 1,2020-11-16T19:19:39.0000000+00:00,7981.392469926696,-0.2389595508575439
1340409077751566338,353786894,"@marc_gene @juanjolacalle @ScuderiaFerrari Gracias, Grazie, thanks Marc! ??",2189,29,10,108247668|354198516|487468351,Esportes,Fórmula 1,2020-12-19T21:30:02.0000000+00:00,1263.321982736115,-0.1748537123203277
1167050866521780224,93819292,".. but nevertheless, I'll keep my focus and try to reach the maximum success for our team in the remaining races!

With regard to 2020, I am confident to find a good solution, but there is nothing to announce at the moment.

? @KymIllman",4918,323,238,60505763,Esportes,Fórmula 1,2019-08-29T12:26:23.0000000+00:00,3238.748392003994,-0.1980533301830291
1350843455128399879,556260847,@dani_juncadella @TeamRedlineSim @GianniSalvo98 @jonwall_00 That was fun mate! Let’s do it again next week ???,224,5,1,321021481|872351839232155649|798219859809234944|22169773,Esportes,Fórmula 1,2021-01-17T16:32:31.0000000+00:00,135.24240819931515,-0.142524242401123
1334044250942676993,353786894,@LandoNorris @GeorgeRussell63 I didn’t think we were allowed to defend when we are blue falgged? ??,37033,1141,338,516464106|394892872,Esportes,Fórmula 1,2020-12-02T07:58:29.0000000+00:00,22400.186823085227,-0.1175123453140258
1234157609395146753,214413743,@SupercrossLIVE @cooperwebb_2 @KTM_Racing @KTMUSA So. Much. Heart.,145,4,1,274243898|138545976|22894572|40048432,Esportes,Fórmula 1,2020-03-01T16:44:38.0000000+00:00,86.54357676903656,-0.206045001745224
1367971795790397440,68674747,"Flying home after 18 days in the US. It has been such a good time here. Meeting the guys at @DaleCoyneRacing &amp; @RickWareRacing
Doing my first @IndyCar content day. Meeting some of the other drivers and the best part: driving a racing car and having fun !
#r8g #us2021 #indycar https://t.co/TsPonrHCWO",4113,138,46,19457137|313925523|21302878,Esportes,Fórmula 1,2021-03-05T22:54:26.0000000+00:00,2495.050246711776,-0.1622897088527679
1369482917248970754,28785486,"As the rollout of the COVID-19 vaccine expands across the country, experts tell @ABC News that employers in high-risk industries have begun to wrestle with a new and vexing question. https://t.co/olynZKXwO6",44,16,27,28785486,Notícias,Do Mundo,2021-03-10T02:59:05.0000000+00:00,66.67251826614246,-0.2176794111728668
1369619151506071561,16973333,Cuomo still popular with most New York Democrats despite calls to resign over harassment accusations https://t.co/OQB62kxky4,5,1,2,,Notícias,Do Mundo,2021-03-10T12:00:26.0000000+00:00,11.305729571437125,-0.2182890772819519
1369483145129713665,15012486,At least 33 people charged in connection to Capitol riot are current or former military members  https://t.co/dr9Oe2JAOc,160,68,41,,Notícias,Do Mundo,2021-03-10T03:00:00.0000000+00:00,198.6686944166301,-0.1913872957229614
1369432600448745472,87818409,Visualising gender during the pandemic – in pictures https://t.co/TKFEG5nDmZ,26,8,5,,Notícias,Do Mundo,2021-03-09T23:39:09.0000000+00:00,30.36215161056534,-0.1577079594135284
1369593103208886276,5988062,"A slug that can rebuild its body from scratch is a drastic reconstructive ability, to say the least. How did this trick evolve in the first place? https://t.co/bZKIt4t1Wy",125,28,5,,Notícias,Do Mundo,2021-03-10T10:16:56.0000000+00:00,114.25405376413433,-0.1351747810840606
1369121138861891587,14293310,How home bakers have found sweet success during the pandemic https://t.co/1BhVFK8C6S,84,15,3,,Notícias,Do Mundo,2021-03-09T03:01:31.0000000+00:00,70.0759811966333,-0.2227717339992523
1369440894961786880,1367531,Pompeo trip to Iowa likely to spark 2024 speculation https://t.co/mwprJ1ZcB2,435,67,153,,Notícias,Do Mundo,2021-03-10T00:12:06.0000000+00:00,421.5256517525101,-0.1953112483024597
1368340015001042945,1367531,"Democratic COVID bill gives convicted murderers taxpayer money, @TomCottonAR points out
https://t.co/RRbYAfKOiC",992,473,850,343041182,Notícias,Do Mundo,2021-03-06T23:17:36.0000000+00:00,1623.4716804258503,-0.1518409550189972
1369551925285449729,87818409,Female MP awarded Japan’s most sexist comment after casting doubt on sexual assaults https://t.co/83ygVF78iN,80,63,13,,Notícias,Do Mundo,2021-03-10T07:33:18.0000000+00:00,134.87158148979782,-0.1994110345840454
1369596392834932746,16973333,Tory MP defends 'failed' £37bn Track and Trace system https://t.co/daFl6Cw1xi,4,1,7,,Notícias,Do Mundo,2021-03-10T10:30:00.0000000+00:00,11.877419152865512,-0.2691905498504638
1369332242410049546,5988062,"Today on “The Intelligence”: what America’s covid-relief bill reveals, Senegal’s unusual protest spillover, and the fast rise and hard fall of bespoke ringtones https://t.co/nJtCqDe2RP",16,2,2,,Notícias,Do Mundo,2021-03-09T17:00:22.0000000+00:00,18.498279848262893,-0.2152779102325439
1369106243755900928,14293310,"Chelsea Miller, Tammy Cho, and Xiye Bastida give words of encouragement for aspiring leaders of social change https://t.co/VHPjyvOniZ",50,7,6,,Notícias,Do Mundo,2021-03-09T02:02:19.0000000+00:00,45.43293781594468,-0.2427443861961364
1369498268011552768,807095,"A group of Teen Vogue staff members raised concerns on Monday over decade-old racist tweets by their new editor in chief, Alexi McCammond. https://t.co/rNHaIu3j9a",440,78,162,,Notícias,Do Mundo,2021-03-10T04:00:05.0000000+00:00,455.0763984844321,-0.214320570230484
1367557867260289032,19583545,"Evening, lads ?

#LIVCHE https://t.co/VhYh3vEVJa",2753,226,64,,Esportes,UEFA Futebol,2021-03-04T19:29:38.0000000+00:00,1840.906332548408,-0.1820138990879058
1368577180557406208,22910295,The boss puts all the praise on the boys in blue ?,6318,330,51,,Esportes,UEFA Futebol,2021-03-07T15:00:01.0000000+00:00,3940.6359005841086,-0.2429501116275787
1368116641360384005,452155423,"?? It's our birthday!
⌛ 119 legendary years
? 23 European Cups
#HalaMadrid https://t.co/CeBo5KZEfj",9605,2939,235,,Esportes,UEFA Futebol,2021-03-06T08:30:00.0000000+00:00,9120.007242562207,-0.2055634260177612
1367500677002452992,3001704118,"?? #PSGxCASETiFY

Discover the new @PSG_English x @Casetify customisable cases inspired by this season's jerseys❤️??

➡️?https://t.co/6JcGGT59lq https://t.co/E3Ku6X3tOI",94,13,2,3001704118|368835879,Esportes,UEFA Futebol,2021-03-04T15:42:22.0000000+00:00,73.39519266087078,-0.2713323533535003
1369359775230812163,67358777,"Your DNA is probably out there, whether you like it or not https://t.co/7pCSWfzjx8 https://t.co/SmrcO2v5ip",4,3,1,,Notícias,Negócios,2021-03-09T18:49:46.0000000+00:00,10.170293290594492,-0.1378865540027618
1369411191316025345,14800270,"Collaboration that actually works:
1. Teach people to listen, not just talk.
2. Train employees to practice empathy.
3. Make people comfortable getting feedback.
4. Teach workers to lead and follow.
5. Speak with clarity. https://t.co/c5k8wa0Fme",287,95,5,,Notícias,Negócios,2021-03-09T22:14:05.0000000+00:00,284.36450934899284,-0.1661132276058197
1369276490832023555,2735591,The 10 most innovative architecture companies of 2021 https://t.co/VHq7kj5kQe,14,7,0,,Notícias,Negócios,2021-03-09T13:18:49.0000000+00:00,18.030719445418946,-0.256159096956253
1369397637267488772,20562637,"BlackRock, recently grappling with former employees' complaints, just held a town hall to roll out its diversity and inclusion strategy https://t.co/FKCShqGPbW",7,6,1,,Notícias,Negócios,2021-03-09T21:20:13.0000000+00:00,18.010784599826252,-0.1589340269565582
1369347272975282184,15110357,"Analysis: Brazil markets, on shaky foundations, rocked by Lula bombshell https://t.co/s0aW60Bg0Q https://t.co/5OyPGW0KuZ",5,1,0,,Notícias,Negócios,2021-03-09T18:00:05.0000000+00:00,8.497825914081734,-0.1929860711097717
1369391021642158086,624413,"UBS recently increased its forecast for how quickly electric vehicles will be adopted, and is now predicting that EVs will penetrate 100% of the automobile market by 2040: https://t.co/iT0Ukit2z1",26,8,3,,Notícias,Negócios,2021-03-09T20:53:56.0000000+00:00,34.69568776883281,-0.2275162637233734
1369559064485715968,14293310,"Angelina Jolie talks to director Jasmila Zbanic about ""Quo Vadis, Aida?"" and the role of art in healing trauma https://t.co/6Eoqmlclef",83,24,2,,Notícias,Do Mundo,2021-03-10T08:01:40.0000000+00:00,81.25256879971101,-0.2239855825901031
1344756801242357768,74177227,Just posted a photo https://t.co/eAFxXMzdyS,17,0,1,,Esportes,Ciclismo,2020-12-31T21:26:20.0000000+00:00,12.85351007286693,-0.2187255620956421
1369453000570310660,807095,"Taylor Swift’s “Folklore,” which is nominated for five Grammys, is “an album that shakes off years of scrutiny and finds her reveling in the creative freedom to be as young or as old as she wants to be,” our critic writes.
https://t.co/F5r5GH1y3y",660,83,7,,Notícias,Do Mundo,2021-03-10T01:00:13.0000000+00:00,476.1801281909141,-0.0268508493900299
1253046974389067776,275575393,"2/2 get on their thinking hats so make sure to apply by the 11th May. I’ll be part of the judging panel to decide which lucky winner’s idea gets made into a real life prototype. Have a guess what ideas my kids have ?

Apply here: https://t.co/Xmlzkdb4ho

#SportsoftheFuture #ad",124,22,2,,Esportes,Ciclismo,2020-04-22T19:44:13.0000000+00:00,104.9794030440514,-0.0602150559425354
1299377724415500293,74177227,@AdamBlythe89 Dude. This will be awesome ?,14,0,1,430197021,Esportes,Ciclismo,2020-08-28T16:06:05.0000000+00:00,10.586519930118872,-0.2294074594974517
956689717608595456,46467162,@WayneSchwass @dannwilkins Absolute gold!,1,0,1,,Esportes,Ciclismo,2018-01-26T00:46:17.0000000+00:00,1.097802264751362,0.0
1367487878259957765,101871654,"Saw this is an article on @PezCycling.

This, I believe, was the first on bike camera in a Grand Tour (2009 Giro*). Weighed a ton!

However, a few cobbles in the neutral zone had thrown it out of focus, so nothing was usable.

*I don't remember who I was riding for at the time. https://t.co/y2MugflqkK",188,1,25,33248475,Esportes,Ciclismo,2021-03-04T14:51:31.0000000+00:00,129.182791824047,-0.0369030833244323
1054037653379670016,46467162,"My last race as a professional cyclist today. From starting out as a teenager trying to fix a busted knee, to experiencing the highest of highs the sport can offer. What a ride it’s been! Thank you to everyone who’s been a part of this incredible journey. SG",4707,189,104,,Esportes,Ciclismo,2018-10-21T15:52:14.0000000+00:00,2876.1278688975904,-0.212401658296585
1349071385360887808,63525135,Worth it in the end ? #dadlife ?‍? https://t.co/Sumr7OduXj,1257,23,26,,Esportes,Ciclismo,2021-01-12T19:10:57.0000000+00:00,744.8346640442617,-0.1898140609264373
1334986629560344579,155320577,Giovanna for me ?,669,7,19,,Esportes,Ciclismo,2020-12-04T22:23:09.0000000+00:00,394.340036666504,-0.1902008950710296
1369321844449361921,5988062,"Ruth Wakefield is credited with inventing the chocolate chip cookie. But its rise to prominence is more contentious than you might imagine, as @1843mag explains  https://t.co/A1rYNMJpWW",69,13,5,60959527,Notícias,Do Mundo,2021-03-09T16:19:03.0000000+00:00,62.709540782254415,-0.1420019268989563
1369294887481450502,14293310,"Having trouble getting a COVID-19 vaccine? This standby site wants to help
https://t.co/WL3i3WUqid",90,21,3,,Notícias,Do Mundo,2021-03-09T14:31:56.0000000+00:00,79.46631378836194,-0.1857050955295562
1369460712054153219,14173315,WATCH: @DrJohnTorres answers viewer questions about vaccines and the pandemic. https://t.co/GYd9oUTaFe,21,8,2,1636520550,Notícias,Do Mundo,2021-03-10T01:30:51.0000000+00:00,25.86989137703765,-0.1859004199504852
1369456184554569731,28785486,"Unhappy with a question, Thailand Prime Minister Prayuth Chan-ocha ends press conference by spraying reporters with disinfectant. https://t.co/ccpv7ZN7Pd https://t.co/gQoZIQY6m7",1428,6342,228,,Notícias,Do Mundo,2021-03-10T01:12:52.0000000+00:00,8426.979925283284,-0.1910722851753235
1369592804683419651,87818409,George Floyd: Chauvin murder trial continues as House set to approve Covid relief – live updates https://t.co/CH4zwTwuWp,27,5,3,,Notícias,Do Mundo,2021-03-10T10:15:45.0000000+00:00,27.535511017436107,-0.1591803729534149
1369528480627650560,807095,"After the next 30 days, Oprah's interview with Prince Harry and Meghan will not have a home on any streaming platform. Here's why. https://t.co/epMUbXaNsE",364,63,73,,Notícias,Do Mundo,2021-03-10T06:00:09.0000000+00:00,330.2813200923243,-0.1368969082832336
1369489233153515523,28785486,"Black Americans make up only 9% of the STEM workforce, a PEW research study found.

@fascinatesci is trying to encourage Black children to get involved in STEM: ""We are the cusp of a revolution in industry."" #SoulOfANation https://t.co/AyMOAHTEg0",94,39,21,210274185,Notícias,Do Mundo,2021-03-10T03:24:11.0000000+00:00,117.54032804047591,-0.1743086278438568
1369570003729649671,759251,"China is assembling an increasingly offensive military and expanding its regional footprint, as Beijing steps up efforts to supplant American military power in Asia, a top US commander warned Congress on Tuesday https://t.co/i18hYC6UCt",272,106,72,,Notícias,Do Mundo,2021-03-10T08:45:08.0000000+00:00,325.22892426336574,-0.1427197456359863
1369570221162459143,87818409,My elderly father lives in fear of a massive Bulb energy bill https://t.co/7Yqqv0H25b,28,10,4,,Notícias,Do Mundo,2021-03-10T08:46:00.0000000+00:00,33.57803860893908,-0.0619439780712127
1322257618178609153,63525135,@MarcoNJT @thejensie @lavuelta @INEOSGrenadiers @INEOSGrenadier @INEOS @Pinarello_com @SidiSport @Kask_cycling I wouldn’t ask any teammate to do for me what I wouldn’t do for them ??,2565,368,74,485580818|280414653|857200850250461184|333568300|89483276|481093426|951147732223356929|16238220|103005050,Esportes,Ciclismo,2020-10-30T19:22:37.0000000+00:00,2025.5762945361669,-0.1579950153827667
1369297616245231638,101871654,@ConvictCaptain @carltonkirby @TirrenAdriatico @rcssport @Eurosport_UK @gcntweet @velogames Tobias Foss.,3,0,1,1312022806947926017|349083462|50771580|25268540|106061923|262194542|866215616,Esportes,Ciclismo,2021-03-09T14:42:46.0000000+00:00,3.495146261919938,-0.2057014405727386
1369054744786989056,101871654,"@EdwardPickering @richardmoore73 @irishpeloton @friebos He was going to do a stagiaire there, but then the UCI said he couldn't because he'd been with Linda McCartney, a 2nd division squad.",4,0,2,183747754|20680079|16946023|70707518,Esportes,Ciclismo,2021-03-08T22:37:41.0000000+00:00,8.976369577961076,-0.0168486535549163
1368610152081985537,101871654,"@alexstieda @rhyspencer @gcntweet @ParisNice @amaurysport @flobikes Unfortunately so. Same with most sports I think - here in the UK, if you want to watch all the Premier League games we have to have BT, Sky and now Amazon too.

We'd love to have every race in every country, but it's not that simple, and never will be.",1,0,0,89750624|77632649|25251117|1208314404|866215616|288705520,Esportes,Ciclismo,2021-03-07T17:11:02.0000000+00:00,10.704132120905662,-0.0471035540103912
1322257265496334336,63525135,@biffboff75 @thejensie @lavuelta @INEOSGrenadiers @INEOSGrenadier @INEOS @Pinarello_com @SidiSport @Kask_cycling Want to swap? ?,81,0,3,485580818|280414653|857200850250461184|89483276|333568300|315982296|481093426|16238220|103005050,Esportes,Ciclismo,2020-10-30T19:21:13.0000000+00:00,47.96448001034783,-0.1535544395446777
1294355303329341442,74177227,@friebos @taogeoghegan @inrng @TeisseireUK @bannahharnes Grew up drinking it? lol never stopped!!!,9,0,0,2815750198|45520770|118685634|37650988|183747754,Esportes,Ciclismo,2020-08-14T19:28:46.0000000+00:00,7.371736004934512,-0.2063735425472259
1325738196374876161,63525135,@AgnoliValerio @lavuelta @vincenzonibali @ivan_cortina ?☕️,953,7,10,280414653|239427916|347968546|114422199,Esportes,Ciclismo,2020-11-09T09:53:11.0000000+00:00,545.0124632891662,0.0
1299756201509613568,46467162,@tristanbergh @LeTour @antmccrossan Thanks.,0,0,0,27847134|153403071|19365839,Esportes,Ciclismo,2020-08-29T17:10:01.0000000+00:00,0.0011152407428562,0.0
1363181398908141579,155320577,@EsmeeHill @INEOSGrenadiers @tourhautvar Thanks??,21,0,0,89483276|455979955|1360878978211475458,Esportes,Ciclismo,2021-02-20T17:39:06.0000000+00:00,11.746895346357444,0.0
1368271872002035713,101871654,"@fredfalcone @irishpeloton @gcntweet 9th, Fred, 9th.",3,0,1,627363601|866215616|70707518,Esportes,Ciclismo,2021-03-06T18:46:50.0000000+00:00,3.5036750122368328,-0.1925260424613952
1368177229285502976,101871654,"@YABOIPIPPIN @Redveee @carefree1981 That's all that anybody showed, because that's all that was produced by the host broadcasters in Italy. We'd love to be able to show more.",0,0,2,1913993563|39836421|139826597,Esportes,Ciclismo,2021-03-06T12:30:45.0000000+00:00,4.968638638685622,-0.1569326519966125
1368300490895818755,101871654,Territory restrictions apply!,15,0,5,,Esportes,Ciclismo,2021-03-06T20:40:33.0000000+00:00,12.311614002119684,-0.2472584247589111
1347166067995660290,23695888,"@BOWZ6CV @stevefleck Sorta. They did the 200 on 100. Great route, I did that last week, https://t.co/qERknfuHlY No one had previously linked together the 90% gravel VT-XL that I did last summer.",2,0,0,21066778|102753176,Esportes,Ciclismo,2021-01-07T12:59:54.0000000+00:00,7.893368948345525,-0.0080855786800384
1369367452661014538,101871654,"@dougryd @QhubekaAssos Just got your email, and contract, thanks.

'Trainee bus, truck and car cleaner' wasn't what I was expecting.",12,0,1,77161650|21417049,Esportes,Ciclismo,2021-03-09T19:20:16.0000000+00:00,9.96221627747351,-0.0347324609756469
1368494502336475136,101871654,"@simonwear @PhilSheehanLP @robhatchtv @gcntweet Phil was sat next to me in Dubai when I spilt a full pint of Guinness over my first ever, brand new, work macbook.",1,0,2,15383064|160865835|866215616|40210910,Esportes,Ciclismo,2021-03-07T09:31:29.0000000+00:00,6.249941311612282,0.0182481706142425
1325498916847153153,63525135,@roliveira57 It’s a pleasure Rui ?? thanks for the kind words!,2307,43,52,3097165264,Esportes,Ciclismo,2020-11-08T18:02:23.0000000+00:00,1370.7481808636285,-0.1263530254364013
1357749874645749765,140845817,@youtooz ? dropping soon!!! #youtooz #youtoozcollectible #vinyl #vinylcollection #mighty https://t.co/1JKnFJkovy,145,7,2,1080924673758527489,Esportes,MMA,2021-02-05T17:56:10.0000000+00:00,94.49262928887534,-0.2302086651325225
1366842371724476422,134209832,"An update. I lubed the chain, yet still the bird followed me. Turned out it wasn't the squeaky chain bird, but the semi-seized pedal-bearing bird.",85,0,10,,Esportes,Ciclismo,2021-03-02T20:06:30.0000000+00:00,57.57648466280889,-0.1165118813514709
1320101239363809280,65468720,Here we go! I’m excited for this fight! #refugemensretreat [ #UFC254 on ESPN+ PPV: https://t.co/X0FvSya6Ln | #InAbuDhabi | @VisitAbuDhabi ],32,3,4,246677188,Esportes,MMA,2020-10-24T20:33:56.0000000+00:00,29.108765212054426,-0.2076999843120575
1310279026741841922,368815525,Great team performance almost crowned @WoutvanAert as World Champion. We did all we could after a very hard race. Congrats to the whole team ?? #Imola2020 https://t.co/eMs4PF90lh,2117,44,20,370153877,Esportes,Ciclismo,2020-09-27T18:03:58.0000000+00:00,1248.3107765883665,-0.175772339105606
1301614505823141888,310463188,Check the link below and come hang out with me @MissGinaDarling @AvoriLiz and @Mae while we play @FallGuysGame https://t.co/zqL1PVTore https://t.co/HwOLwaETp3,660,60,108,371447090|20629110|1134552730146500608|378677314,Esportes,MMA,2020-09-03T20:14:15.0000000+00:00,500.1426800388811,-0.1213907301425933
1187825368067117057,19798578,Big fights for my friends and @tristargym @Firas_Zahabi teammates Mandel Nallo @NoTweetMandel and @rory_macdonald at @BellatorMMA 231 and 232 this weekend! Don’t miss it! @gymking_ @JDSports https://t.co/VhbwDf8k8N,695,44,24,131902103|2805156282|35631163|95115126|578464594|2511420397|213089561,Esportes,MMA,2019-10-25T20:16:51.0000000+00:00,455.0003949945267,-0.0807373225688934
1306044998408904704,232010910,Let’s go! @Twitch https://t.co/zra8e4sQOD,85,8,6,309366491,Esportes,MMA,2020-09-16T01:39:27.0000000+00:00,60.16898525752988,0.0
1259322582949679104,65468720,"For my international fans my new movie @CagefighterMov is going to be available one night only on @FITE VOD. Check https://t.co/HOZYHP89wO for showtimes in your area. It will be available worldwide in the fall @ Hidden Hills,… https://t.co/KVMQQpeUjm",48,16,0,15262454|941315324149927937,Esportes,MMA,2020-05-10T03:21:15.0000000+00:00,52.15656952691015,-0.1419897079467773
1368669282452840452,6446742,"Can @DerekBrunson silence 'Big Mouth' @Trailblaze2Top?

? Your #UFCVegas22 poster is here! https://t.co/ZKtOf85sqC",2775,246,79,822810106823774209|106322069,Esportes,MMA,2021-03-07T21:06:00.0000000+00:00,1911.5748669796787,-0.1884391009807586
1334926517722378242,232010910,Just posted a photo https://t.co/xbEg3Ct3k0,45,1,1,,Esportes,MMA,2020-12-04T18:24:18.0000000+00:00,29.585502477664605,-0.227400541305542
1316050559518949376,140845817,Pumped to be back on team @Method ? &amp; thunder https://t.co/ouegYaLT2i  #method,44,2,2,477213534,Esportes,MMA,2020-10-13T16:17:59.0000000+00:00,31.219109734868823,-0.1741337478160858
1271193376147177472,310463188,"Check the link below to learn ashi waza AKA foot sweeps! I found them much more effective in MMA than judo cause nobody really knows how to do them and they’re just asking to get swept on their butts! Bow into my dojo and start learning today!
https://t.co/PsbPhLmJgx",410,37,19,,Esportes,MMA,2020-06-11T21:31:33.0000000+00:00,290.8049744790204,-0.221373051404953
1183046883347841024,23119425,"Today I’ll be with the @MuscleMonster ? crew for @TheFitExpo in San Diego!

I’ll be at booth 615, hanging out and signing autographs from 11am  – 12:30pm.

Who’s coming down? https://t.co/dYwJSjep7j",26,0,2,1252308946339033088|91177692,Esportes,MMA,2019-10-12T15:48:51.0000000+00:00,21.597197277638376,-0.1217348277568817
1273665566763433984,310463188,"Check the link below learn how to foot sweep! Today I’m teaching ashi waza (foot technique) as well as a new foot sweep drill, so you can teach yourself how to know where your opponents’ feet are without looking!#StepIntoRondasDojo

https://t.co/3BJ1sGKHJ7",355,42,33,,Esportes,MMA,2020-06-18T17:15:09.0000000+00:00,270.8332949813244,-0.179180234670639
1368483092252401666,56518880,Seems like everyone worried about me can’t get past what’s in front of them. Weird,13267,1022,576,,Esportes,MMA,2021-03-07T08:46:09.0000000+00:00,8968.616516592809,-0.167500615119934
1184552999428866048,23119425,"#WayBackWednesday - Had an awesome time hunting in Oklahoma last year w/ @TheFowlLifeTV.
Can’t wait to get back! https://t.co/Xd8aP1uAwh",55,5,7,69912252,Esportes,MMA,2019-10-16T19:33:37.0000000+00:00,44.26760328817611,-0.1637530028820037
1369621841204088832,28785486,Life on the slopes: Bear surprises skiers in central Romania. https://t.co/pSBrsluALx https://t.co/bXxLI4gF7O,142,43,6,,Notícias,Do Mundo,2021-03-10T12:11:07.0000000+00:00,139.90902672254404,-0.234501838684082
1369614780676399108,87818409,"Calls for Celtic v Rangers to be scrapped 'above my head,' says Steven Gerrard https://t.co/8RlPs2DCPC",17,4,1,,Notícias,Do Mundo,2021-03-10T11:43:04.0000000+00:00,19.70572102627609,-0.2239196300506591
1368939918727278599,3001704118,"?️? #PSGFCB

@IGanaGueye reveals his and the squad's ambitions with the business end of the season approaching fast

https://t.co/NiZP9EoIo3",75,4,7,840658585885560833,Esportes,UEFA Futebol,2021-03-08T15:01:24.0000000+00:00,54.84156489749925,-0.2451824247837066
1342500356316667904,1060978099146260480,"Take a look behind the scenes of the second season. Disney Gallery: #TheMandalorian is back with an all-new special, “Making Season Two,” now streaming on @DisneyPlus. (2/2) https://t.co/DaM9L8TeIg",4498,319,28,985916593065476096,Entretenimento,Séries de TV,2020-12-25T16:00:02.0000000+00:00,2897.492771676318,-0.1225680410861969
1369597995499593729,16973333,EU diplomat summoned to UK’s Foreign Office over vaccine row https://t.co/sGxu6RKW5w,11,6,3,,Notícias,Do Mundo,2021-03-10T10:36:22.0000000+00:00,20.146865041054248,-0.2413382232189178
1369430517381267460,87818409,It's the end of the Piers show for the man who never knew when to stop https://t.co/jMnijXr3Fo,599,68,67,,Notícias,Do Mundo,2021-03-09T23:30:52.0000000+00:00,461.6929193728252,-0.1216160058975219
1293138169832103936,1288485038,"Socially distanced cinema, #PeakyBlinders style ? https://t.co/kuGo6eGXJ3",7270,660,35,,Entretenimento,Séries de TV,2020-08-11T10:52:19.0000000+00:00,4826.905307165679,-0.1888750791549682
1344946472618344448,1288485038,"Walking into 2021. Happy New Year to our amazing #PeakyBlinders community.

? Robert Viglasky https://t.co/c0a81ci3ZA",12915,1097,74,,Entretenimento,Séries de TV,2021-01-01T10:00:01.0000000+00:00,8536.034256451132,-0.1824076175689697
1367214902624980995,16573941,"Figured this clip was the best way to tell you that Crazy, Stupid, Love is now on Netflix https://t.co/n3g5Swu7wF",4125,334,125,,Entretenimento,Filmes,2021-03-03T20:46:49.0000000+00:00,2887.222459683996,-0.1405299007892608
1366768521854656512,82652901,https://t.co/fMgIxF51Qr,80,17,0,,Entretenimento,Filmes,2021-03-02T15:13:03.0000000+00:00,64.34412153768056,0.0
1315366562069700616,203162990,"Meet Jamie New in Everybody’s Talking About Jamie, coming to theaters February 26. ⭐️ Watch the new trailer now: https://t.co/o2ieHJlBR1 https://t.co/33VXrvlS73",185,32,2,,Entretenimento,Filmes,2020-10-11T19:00:01.0000000+00:00,148.32430980660828,-0.2017997205257415
1368747076528578560,65184105,@vaginavevo How will we bend to pet Dog if we don't have knee caps? #TWD,22,1,1,932036367588130816,Entretenimento,Séries de TV,2021-03-08T02:15:07.0000000+00:00,17.347585724076954,-0.2201508581638336
1327280720084164608,1288485038,"Sit back and relax. You’ve made it to Friday. #PeakyBlinders

? @RobertViglasky https://t.co/hE5cokXOCU",7382,843,51,261171056,Entretenimento,Séries de TV,2020-11-13T16:02:38.0000000+00:00,5172.406235461456,-0.1528468132019043
1367197078829506565,16573941,The explosive docuseries Murder Among the Mormons is now on Netflix https://t.co/URIGacIvMi,1864,237,123,,Entretenimento,Filmes,2021-03-03T19:35:59.0000000+00:00,1523.1633875996656,-0.2320636808872223
1330194382914514949,1205974434,"Thank you, #SPNFamily! Stream the series finale of #Supernatural: https://t.co/qZmBzKkln2 https://t.co/gCxze52CzC",15549,1886,652,,Entretenimento,Séries de TV,2020-11-21T17:00:29.0000000+00:00,11564.25374095508,0.0
1368751184434040836,65184105,Answer her Daryl. #TWD https://t.co/wPdXup0c2r,463,64,21,,Entretenimento,Séries de TV,2021-03-08T02:31:27.0000000+00:00,347.67635581760936,-0.1773646771907806
1366830686498217984,18256664,https://t.co/FWwCdLtSEC,274,83,4,,Entretenimento,Filmes,2021-03-02T19:20:04.0000000+00:00,253.4601539255347,0.0
1369056709117808640,17220817,"@Minisqeak24 Gotta love a big natural disaster movie. People forget that Tea Leoni was the lead of blockbuster Deep Impact, and her character didn't have to find romance to end up fulfilled! Very rare at the time, so that's our rec for you. https://t.co/x7CR7CdWXN",1,0,0,1251585615264542722,Entretenimento,Filmes,2021-03-08T22:45:29.0000000+00:00,10.14163072822884,-0.1618513464927673
1328413175620964353,715177919438577664,Duty calls. Queen Elizabeth II takes the salute at the Trooping the Colour ceremony outside Buckingham Palace. https://t.co/hSCle2jvBg,10309,796,91,,Entretenimento,Séries de TV,2020-11-16T19:02:36.0000000+00:00,6766.290516941678,-0.1888661980628967
1368652673935933450,985916593065476096,"?URGENT? @OfficialKat Dennings and Randall Park have an important PSA for all you #WandaVision fans!

All episodes of the @MarvelStudios Original Series are now streaming on #DisneyPlus. https://t.co/5Z9VXHA4c4",3244,280,60,23544268|750751206427860992,Entretenimento,Filmes,2021-03-07T20:00:00.0000000+00:00,2181.871128147556,-0.172092467546463
1369040473008996353,17220817,"@osbourne_andrew If you haven't seen Crouching Tiger, Hidden Dragon, that would be our pick for you! https://t.co/t3BAprSA9c",1,0,1,408378958,Entretenimento,Filmes,2021-03-08T21:40:58.0000000+00:00,4.014517270929508,-0.1756471097469329
1369025685893738496,18256664,@Malala @tim_cook @GayleKing Oh snap! We're honored you're a fan! https://t.co/M8NBvLVl5M,9,0,0,937499232|29546945|1636590253,Entretenimento,Filmes,2021-03-08T20:42:13.0000000+00:00,7.275124692678956,-0.1462616324424743
1305204600228573184,203162990,Grab your favorite dragon sidekick and see #NewMutants tonight. Now playing in theaters. Get tickets now; https://t.co/pjNVskJftL https://t.co/AMiAle2stz,315,38,13,,Entretenimento,Filmes,2020-09-13T18:00:00.0000000+00:00,231.163733229556,-0.1594194173812866
1368239051979943936,18256664,RT @CallMeKatFOX: RT if you agree. ? #CallMeKat https://t.co/jsFyCbH8r8,0,46,0,1227725047369887744,Entretenimento,Filmes,2021-03-06T16:36:25.0000000+00:00,54.32270089600819,-0.1514833271503448
1366247302843621377,26585095,"Sacha Baron Cohen wins Best Actor in a Motion Picture, Musical or Comedy at The #GoldenGlobes. https://t.co/7MeFQqR5BK",297,47,12,,Entretenimento,Filmes,2021-03-01T04:41:55.0000000+00:00,239.57149213612712,-0.2262308597564697
1368561876972494852,17602896,"Happy birthday to @BryanCranston! To celebrate, here are some highlights from his most memorable roles. Which role is your favorite? https://t.co/HR8MuEsqqy https://t.co/O8QEQWiMoA",1055,228,53,80096621,Entretenimento,Filmes,2021-03-07T13:59:12.0000000+00:00,896.4666029622412,-0.1691800653934478
1366458502986694658,26585095,@JoshDallas @NBCManifest When we remember #Manifest returns in one month. ✈️ https://t.co/i3YbhOAi1i,110,18,4,956049644177494017|763109683238363136,Entretenimento,Filmes,2021-03-01T18:41:09.0000000+00:00,89.5197616903847,-0.1874069571495056
1367212776641359872,82652901,"@wrathalls @billieeilish Hey, we would love to chat with you about one of your tweets! Can you DM us for more info please?",0,0,1,48903189|2150327072,Entretenimento,Filmes,2021-03-03T20:38:22.0000000+00:00,4.5706055312223794,-0.1194480955600738
1361767244125110275,43192807,The best pals in pre-history! (Concept Art from The Good Dinosaur) https://t.co/3M0qYk9tjD,5919,449,57,,Entretenimento,Filmes,2021-02-16T19:59:46.0000000+00:00,3875.362965047745,-0.1191343069076538
1365708399791505416,43192807,Put Soul on your weekend watch-list. #PixarSoul is now streaming on #DisneyPlus. https://t.co/FdYM3vli8e,4114,384,37,,Entretenimento,Filmes,2021-02-27T17:00:30.0000000+00:00,2769.371949910725,-0.1789683997631073
1366209721124839425,17602896,"Congratulations to #Soul, winner of Best Original Score - Motion Picture ?? #GoldenGlobes https://t.co/j7X2KC9tL8",2902,465,29,,Entretenimento,Filmes,2021-03-01T02:12:35.0000000+00:00,2210.5344477838885,-0.2170112431049347
1367243228701892609,15635604,@GaddieWindage Gets me every time.,29,0,1,290774297,Entretenimento,Filmes,2021-03-03T22:39:22.0000000+00:00,18.09274929203529,-0.183940052986145
1369459006129930241,26585095,@NBCNewAmsterdam ❤️❤️❤️ https://t.co/lyE153ssGL,16,3,0,992554666830454784,Entretenimento,Filmes,2021-03-10T01:24:05.0000000+00:00,12.871532219135416,0.0
1366827740175896578,18256664,@BitsieTulloch @cwsupermanlois Best day ever!?,44,6,1,37979530|1188894653489147904,Entretenimento,Filmes,2021-03-02T19:08:22.0000000+00:00,33.01152828095095,-0.1886770129203796
1369050447797907460,17220817,"@LabertoB Never underestimate the power of a teen girl. The Virgin Suicides is a perfect next pick for you, since it’s equally committed to serving ~vibes~ https://t.co/FW6cva5oBR",2,0,0,1328350296158908417,Entretenimento,Filmes,2021-03-08T22:20:37.0000000+00:00,6.804518949447714,-0.1450444459915161
1368976123896336389,18256664,RT @WarnerMedia: WarnerMedia is proud to celebrate the women and allies across our portfolio who #ChooseToChallenge gender bias and inequal…,0,77,0,33956270,Entretenimento,Filmes,2021-03-08T17:25:16.0000000+00:00,93.09852949855242,-0.1857186555862426
1273919207038693376,1288485038,The look we’re all going for when we can go to the hairdressers again. ?‍♂️ Photo taken by director Anthony Byrne at the beginning of season five. Hair cut by the talented Loz Schiavo. #PeakyBlinders https://t.co/J7r5jcKQVp,9082,743,120,,Entretenimento,Séries de TV,2020-06-19T10:03:01.0000000+00:00,6087.113994967286,-0.1667740046977996
1368970511175151620,18256664,RT @WarnerMedia: We’re celebrating @DCWonderWoman’s 80th anniversary this #IWD2021 by spotlighting some “Women of Wonder” who – like Wonder…,0,228,0,33956270|1086001021199872000,Entretenimento,Filmes,2021-03-08T17:02:58.0000000+00:00,261.44144316349326,-0.0881316065788269
1368971556320206848,16573941,@NetflixFilm a legend https://t.co/3EwEP5FxVc,139,2,2,976604963743842304,Entretenimento,Filmes,2021-03-08T17:07:07.0000000+00:00,83.38189308727779,-0.2363356649875641
1367212796631416832,82652901,"@romanceeilish @billieeilish Hey, we would love to chat with you about one of your tweets! Can you DM us for more info please?",0,0,1,1291450703471419392|2150327072,Entretenimento,Filmes,2021-03-03T20:38:26.0000000+00:00,4.5706055371789125,-0.1522669196128845
1362454325876969478,43192807,Better Bo-lieve it’s love. https://t.co/7CUHz0CO5i,4406,523,42,,Entretenimento,Filmes,2021-02-18T17:29:59.0000000+00:00,3100.900427253702,-0.1865468025207519
1366425498226593793,82652901,"Lighting and color are key players in Losing Alice. This week, creator Sigal Avin unpacks how they were used to tell Alice’s story throughout the series.

Watch all of #LosingAlice, exclusively on Apple TV+ https://t.co/F5l9Mv03jm https://t.co/8Pwdar0dww",117,11,4,,Entretenimento,Filmes,2021-03-01T16:30:00.0000000+00:00,90.69605382985,-0.1580601930618286
1277164459446931456,1288485038,"Trying to rip pages out of books✔️ Speaking too loudly ✔️
Telling Ada what he's up to ❌

Tommy's knows just how to wind up his sister! #PeakyBlinders https://t.co/QrmH7HQC7E",3572,389,28,,Entretenimento,Séries de TV,2020-06-28T08:58:30.0000000+00:00,2473.051493133033,-0.1776049733161926
1367532286359445510,43192807,https://t.co/PRUaFuep6X,2423,281,9,,Entretenimento,Filmes,2021-03-04T17:47:59.0000000+00:00,1676.9558690246831,0.0
1326615477037142016,203162990,"The #NewMutants are... POWERFUL! Add The New Mutants to your X-Men collection on Digital, Blu-ray &amp; 4K Ultra HD 11/17: https://t.co/DY8SuuCJq4 https://t.co/AhGwwGjVwN",433,47,17,,Entretenimento,Filmes,2020-11-11T19:59:11.0000000+00:00,322.534839597915,-0.1533889770507812
1367548427370786816,26585095,@nbcbrooklyn99 This is.... iconic. https://t.co/Kr2FdKekXF,404,6,2,1300678026,Entretenimento,Filmes,2021-03-04T18:52:07.0000000+00:00,236.85372821743115,-0.115452766418457
1367837304509915140,82652901,"Get ready to laugh. Eddie Murphy and @ArsenioHall talk filming #Coming2America, the sequel to the iconic 1988 comedy. Watch on the Apple TV app with @primevideo. https://t.co/FnLVqadLoX https://t.co/NZkfgDwuAm",91,13,5,161456486|17220817,Entretenimento,Filmes,2021-03-05T14:00:01.0000000+00:00,76.17238787686365,-0.202783852815628
1367479945686093825,19263978,"A career-best 17 points (6-9 FG, 5-8 3FG), six rebounds, two assists and one steal in 31 minutes for @deanwade3232 last night! https://t.co/NqLceDx4h1",557,42,17,1160657978,Esportes,Basquete,2021-03-04T14:20:00.0000000+00:00,376.6712870761702,-0.1174502670764923
1367225773166190592,19077044,"The Houston Rockets will host a Blood Drive presented by @memorialhermann tomorrow from 7am-2pm! All donors will also receive a Rockets Hoodie.

Sign Up: https://t.co/6LCNPSmPSZ https://t.co/Qz7h9063Tq",64,5,4,17877730,Esportes,Basquete,2021-03-03T21:30:00.0000000+00:00,52.03711815048185,-0.2132506370544433
1368607626494308354,16727749,A block on one end turns into Dunk of the Week presented by @DraftKings on the other. https://t.co/MwncAdDZUY,64,12,4,296520276,Esportes,Basquete,2021-03-07T17:01:00.0000000+00:00,55.30640337085664,-0.0454061925411224
1368715397415964674,15900167,"""Put me right in the middle where I belong."" ?

#NBAAllStar https://t.co/MBfzm89F5I",757,75,19,,Esportes,Basquete,2021-03-08T00:09:14.0000000+00:00,525.4614984174976,-0.1407865583896637
1368753671568322564,20265254,JUST SAYIN' https://t.co/sv2BsF0dal,1334,165,7,,Esportes,Basquete,2021-03-08T02:41:20.0000000+00:00,940.8836328664584,-0.1742165088653564
1366946573528100864,20346956,"#LakeShow ? #WeAreTheValley

?: @SpectrumSN &amp; TNT
?: 710 ESPN &amp; 1330 Tu Liga

https://t.co/G1rE9gTBuH",642,76,22,435497565,Esportes,Basquete,2021-03-03T03:00:34.0000000+00:00,465.083034261286,-0.1786455512046814
1367245903472558081,19263978,"Over his last five games, @dariusgarland22 has dished out a career-best 8.4 APG - 4th-best in the East over that span.

? #BeTheFight https://t.co/wBHoSfpvcV",302,31,9,1367322109,Esportes,Basquete,2021-03-03T22:50:00.0000000+00:00,213.15723585098797,-0.156348317861557
1366604627689496580,19263978,Everybody loves Dean Wade. ? #BeTheFight https://t.co/1XGPNcnYP9,3159,216,48,,Esportes,Basquete,2021-03-02T04:21:48.0000000+00:00,2061.3597648412,-0.1879221200942993
1251269832122777600,46467162,@DanMacPherson @Olympics Same.,4,0,0,30440025|52422878,Esportes,Ciclismo,2020-04-17T22:02:30.0000000+00:00,3.3327466543644007,-0.1962915658950805
1369343726611529728,15900167,"Help the Bucks and @CousinsSubs Block Out Hunger in Wisconsin.

For every sign up of the Cousins Club Loyalty Program during March, the Bucks and Cousins will donate a meal to the Boys and Girls Clubs throughout Wisconsin.

Sign up NOW at https://t.co/2DNMV9m0Ds https://t.co/3Qniun1rCu",61,1,1,26074684,Esportes,Basquete,2021-03-09T17:46:00.0000000+00:00,43.05269941854162,-0.2099093794822693
1367266920689459202,16212685,One more before the break. Let's do this. https://t.co/T8mZ9sZtcB,526,47,19,,Esportes,Basquete,2021-03-04T00:13:31.0000000+00:00,359.7801727112601,0.0
1366585340849491972,19077044,Timeout on the floor ➡️ Rockets down 40-43. https://t.co/Kfi7kiEXXG,115,10,8,,Esportes,Basquete,2021-03-02T03:05:09.0000000+00:00,84.62061062072996,-0.1181460618972778
1299755874915942401,46467162,@papazahn I didn’t find it a problem when I was in sky.,1,0,0,417015148,Esportes,Ciclismo,2020-08-29T17:08:43.0000000+00:00,2.785542871838376,-0.0418022274971008
1367288053547626496,16201775,@sdotcurry https://t.co/uaKQQScqho,158,18,2,39676694,Esportes,Basquete,2021-03-04T01:37:29.0000000+00:00,110.7881494704618,0.0
1367842722678247427,134209832,@a_duggleby My first 12-hr is still my most miserable cycling memory. Hated it all the way from 0.00.00 to 12.00.00.,0,0,2,228469684,Esportes,Ciclismo,2021-03-05T14:21:33.0000000+00:00,5.0364844159959095,0.0110483765602111
1346121159134343168,23695888,@YuriHauswald @RootedVermont @1lauraspencer @velocioapparel Heck. Yes. We’ve got a #mulletpodium which — as an ambassador for cycling who also happens to be speedy... and donning a fine head of hair — is right up your alley.,4,0,1,1106170671573463040|18058052|432289697|135650513,Esportes,Ciclismo,2021-01-04T15:47:48.0000000+00:00,9.531395919812574,-0.0834488570690155
762025473794867200,1543669128,@charliemiles16 anytime my friend X,9,1,0,637075820,Celebridades,Jogadores de Futebol,2016-08-06T20:40:05.0000000+00:00,7.841855220845875,-0.1817284822463989
1291098932987269128,395305090,Fire!?? https://t.co/eTiFzPkt3f,57837,4040,267,,Celebridades,Jogadores de Futebol,2020-08-05T19:49:07.0000000+00:00,36942.04207064879,0.0
1323309743218282496,155659213,❤️❤️❤️❤️❤️ https://t.co/wiByaOgL8Y,327306,10055,3243,,Celebridades,Jogadores de Futebol,2020-11-02T17:03:23.0000000+00:00,196059.8895671365,0.0
1337159750644080645,240664869,Solid performance to finish top of the group. Look forward to the knockouts now. #COYS https://t.co/r5jYucSPUq,15413,386,124,,Celebridades,Jogadores de Futebol,2020-12-10T22:18:22.0000000+00:00,9126.288127942393,-0.1937303245067596
1339313549626273793,847238528,We know this is Not enough but we keep believing and working Hard that’s it ? https://t.co/THVKKuumJF,51200,2260,1655,,Celebridades,Jogadores de Futebol,2020-12-16T20:56:48.0000000+00:00,32464.781324816297,-0.2230906784534454
1217178366597570560,1561168178,@BFMParis @BFMTV Ridicule... Force à toi Adama ✊?,472,58,15,133663801|725241657608814592,Celebridades,Jogadores de Futebol,2020-01-14T20:15:11.0000000+00:00,338.84424987147304,-0.1772049963474273
1325467261239431170,155659213,Head up and believe in the work we’re doing! ?? #finoallafine https://t.co/jyfc8WpaFX,188370,6951,2415,,Celebridades,Jogadores de Futebol,2020-11-08T15:56:35.0000000+00:00,114486.43472042408,-0.1673113703727722
1257063194687832064,2396677714,#ExxonMobilEgypt https://t.co/QJkJxJ87a7,58230,4839,2140,,Celebridades,Jogadores de Futebol,2020-05-03T21:43:15.0000000+00:00,39958.3086695159,0.0
1369407674366976007,5988062,"Exactly a year ago, Saudi Arabia and Russia unleashed millions of barrels of oil just as demand dried up. Now they, along with other producers, are curbing output as demand rises   https://t.co/gKKgBJ6Y3H",31,17,4,,Notícias,Do Mundo,2021-03-09T22:00:06.0000000+00:00,47.03954440284761,-0.2079538106918335
1369595394045444097,16973333,The View host mocks Piers Morgan over his ‘obsession’ with Meghan after she ‘ghosted’ him https://t.co/yBuYZqbnUh,47,9,11,,Notícias,Do Mundo,2021-03-10T10:26:02.0000000+00:00,48.8005533726696,-0.1382285356521606
1369423783086460937,28785486,Supreme Court sides with a former Georgia college student who sued his school after it prevented him from expressing religious views in a free-speech zone on campus. https://t.co/qHDqkYr9FM,150,39,10,,Notícias,Do Mundo,2021-03-09T23:04:07.0000000+00:00,142.7954771627627,-0.0880415141582489
1369433577339957248,87818409,"'Ineffective' koala policy would exempt 80% of land, NSW planning minister warned https://t.co/GUj5hcTWlR",44,21,1,,Notícias,Do Mundo,2021-03-09T23:43:02.0000000+00:00,52.72483161030972,-0.1564708054065704
1369335967618904068,759251,"A California state senator has introduced a bill to repeal a law commonly known as ""walking while trans"" that advocates say has led to decades of discrimination against the transgender community, particularly Black and brown trans women. https://t.co/t0bNkGBjRk",240,50,35,,Notícias,Do Mundo,2021-03-09T17:15:10.0000000+00:00,217.76950451499715,-0.2545943856239319
1369572554969583617,16973333,"The Celebrity Circle is a bewildering, garish nightmare but at least it’s for a good cause – review https://t.co/k6YukUxOgJ",4,1,2,,Notícias,Do Mundo,2021-03-10T08:55:17.0000000+00:00,10.746275655951813,-0.1819861829280853
1368935548694519808,1367531,"George Floyd case: Derek Chauvin trial puts Minneapolis on edge as jury selection begins
https://t.co/Hv6LBXQHbb",116,18,91,,Notícias,Do Mundo,2021-03-08T14:44:03.0000000+00:00,150.6519820633474,-0.1942889094352722
1300884239626522624,2157651508,"@ErlingHaaland Thank you all for participating in my Q&amp;A. ? It was a lot of fun and I enjoyed answering your questions. If you didn’t get your question answered, don’t worry because I’ll be back to do more of these in the future! ? #AskHaaland",953,32,38,2157651508,Celebridades,Jogadores de Futebol,2020-09-01T19:52:26.0000000+00:00,598.5783107118733,-0.0858515799045562
1351483359244005376,847238528,@ASSEofficiel @Arsenal @DFCO_Officiel @losclive @AS_Monaco @BlackYellow @fegafoot_gabon ?,2058,46,10,238179126|558572709|2977314262|84288520|288804720|34613288|961930212656275456,Celebridades,Jogadores de Futebol,2021-01-19T10:55:16.0000000+00:00,1207.7139878640105,0.0
1286599815967776768,395305090,@LFC @JHenderson @theofficialfwa So happy for our Captain! ? The respect he deserves! ?,18699,1032,64,3025450914|19583545|361111841,Celebridades,Jogadores de Futebol,2020-07-24T09:51:14.0000000+00:00,11608.75448826845,-0.2056310772895813
1247840496569012225,1543669128,@eggbassett1 @SouthamptonFC @Alex_Macca23 @mattletiss7 @NathanRedmond22 @1jamesbeattie Happy birthday! ??,55,1,3,765205531086745600|1114974258|379127878|239098915|241251394|46143892,Celebridades,Jogadores de Futebol,2020-04-08T10:55:32.0000000+00:00,33.31104607412997,0.0
764216312134590466,1543669128,@robbopalmer @LFC @SoccerSaturday good to see you mate?,7,0,1,19583545|164716956|75240662,Celebridades,Jogadores de Futebol,2016-08-12T21:45:41.0000000+00:00,6.544528190172231,-0.272808164358139
1319651956579762176,847238528,"You are not alone my brothers and sisters, the world is witness! I’m sending strength and love to everyone protesting and standing for peace - you do not stand alone ✊???#EndPoliceBrutality #PeaceFirst #Africa #endSARS",23973,9618,331,,Celebridades,Jogadores de Futebol,2020-10-23T14:48:39.0000000+00:00,24521.45389237873,-0.1593581736087799
1291094964185825281,395305090,@NathanAke Happy for you bro! ??,10004,328,113,378751785,Celebridades,Jogadores de Futebol,2020-08-05T19:33:21.0000000+00:00,6031.320052941546,-0.1672025918960571
1296511004063473667,395305090,@LFC Referee won the game,27764,947,304,19583545,Celebridades,Jogadores de Futebol,2020-08-20T18:14:46.0000000+00:00,16783.314973242457,0.0
1238211420388569088,1561168178,@ManUtd @ighalojude What a goal ?,19437,1114,127,558797310|2719667759,Celebridades,Jogadores de Futebol,2020-03-12T21:13:02.0000000+00:00,12113.939612787315,-0.2473726570606231
1365047360934526982,847238528,@DaniCeballos46 @Arsenal This is the mentality this is what we Need Vamos hermano ????❤️❤️?,13401,628,89,34613288|360887604,Celebridades,Jogadores de Futebol,2021-02-25T21:13:46.0000000+00:00,8270.72754557763,-0.1597450673580169
1070275243552489472,1561168178,@DalotDiogo @JemaMtl_22 Thanks bro ??,6556,362,125,602429239|3322745836,Celebridades,Jogadores de Futebol,2018-12-05T11:14:37.0000000+00:00,4082.861402039948,-0.1485199034214019
1362945064209575938,985916593065476096,"? Check out this new look at Raya and the Last Dragon featuring the brand-new song “Lead the Way” by Jhené Aiko ? #DisneyRaya

Order the movie on #DisneyPlus with Premier Access March 5. Learn more: https://t.co/DKVnT0jmH3 https://t.co/UkOs8Jp7DI",1348,195,40,,Entretenimento,Filmes,2021-02-20T02:00:00.0000000+00:00,1015.2762276437752,-0.1486859619617462
1364274434111062018,621583,PSVR2: Sony unveils 'improved' PlayStation VR https://t.co/Jv3Qv4TWhp,34,12,3,,Notícias,Tecnologia,2021-02-23T18:02:26.0000000+00:00,39.8813380354554,-0.1700555980205536
1362410505365839874,621583,Texas freeze shuts chip factories amid shortages https://t.co/mrvKqntoUI,11,5,0,,Notícias,Tecnologia,2021-02-18T14:35:51.0000000+00:00,16.92187807434745,-0.2646194696426391
1365979945470582784,21887420,The reckoning is coming for Rishi Sunak https://t.co/TbG9X9qTkg,5,3,0,,Notícias,Viagens,2021-02-28T10:59:32.0000000+00:00,10.22068081813872,-0.2585889995098114
1365436528865005568,43192807,https://t.co/KBI8suHySb,476,34,3,,Entretenimento,Filmes,2021-02-26T23:00:11.0000000+00:00,306.58077841034054,0.0
1360763643135070209,43192807,"Did you guess correctly? ?

1. WALL•E
2. Up 
3. Soul 
4. Cars 
5. Monsters, Inc. 
6. Onward",1087,59,27,,Entretenimento,Filmes,2021-02-14T01:31:48.0000000+00:00,694.7279001371791,-0.1931929886341095
1361311529392623617,53372965,"‘Red list’ passengers still free to mix with lower risk travellers on planes and at airports
https://t.co/9mdVF1UGZ5",3,1,0,,Notícias,Viagens,2021-02-15T13:48:55.0000000+00:00,7.829882795525571,-0.1208672523498535
1367536592617959425,36184220,"Drawing fewer than 10,000 visitors a year—just a fraction of those at other U.S. national parks—this remote landscape gives intrepid adventurers plenty of room to roam. https://t.co/69pCxbg8IF",269,41,0,,Notícias,Viagens,2021-03-04T18:05:05.0000000+00:00,203.7600799808368,-0.1286090612411499
1366889537616498688,82652901,@edwardistheman @Woodstock There is no argument here! What was your favorite @Woodstock moment?,0,0,1,891450230|78109015,Entretenimento,Filmes,2021-03-02T23:13:56.0000000+00:00,2.657994135601699,-0.1896080672740936
1369090194847186944,14885549,Don't weep for the discontinued iMac Pro. It was always a stopgap. https://t.co/4inUC6Za7C by @dsilverman,11,10,1,1010181,Notícias,Tecnologia,2021-03-09T00:58:33.0000000+00:00,23.62209819223278,-0.1795037984848022
1367973079624876035,24016767,"Disneyland will be allowed to reopen at limited capacity on April 1, in accordance with new rules announced Friday.
 https://t.co/0aVT2iUioo",10,6,0,,Notícias,Viagens,2021-03-05T22:59:32.0000000+00:00,20.25146606963521,-0.2504575252532959
1367262209160736770,273181052,@_munyi_ ❤️,0,0,0,252482719,Entretenimento,Séries de TV,2021-03-03T23:54:47.0000000+00:00,0.0005237525070752,0.0
1342394653887369216,1288485038,"Merry Christmas one and all. ? #PeakyBlinders

? @RobertViglasky https://t.co/v5mx1hTpzb",10786,1315,48,261171056,Entretenimento,Séries de TV,2020-12-25T09:00:00.0000000+00:00,7555.30870536407,-0.1446405053138733
1368760958261268480,65184105,@SkymiiboRG We love our #TWDFamily,7,0,3,2383101684,Entretenimento,Séries de TV,2021-03-08T03:10:17.0000000+00:00,6.715234022268709,0.0
1361000829247963141,1232061287301074945,https://t.co/EobKAD2Q0J,966,91,10,,Entretenimento,Séries de TV,2021-02-14T17:14:18.0000000+00:00,654.9046291352813,0.0
1151158403135397888,180463340,"Queen in the North.
@SophieT has been nominated for “Outstanding Supporting Actress in a Drama Series” at this year’s #Emmys. #GameofThrones https://t.co/DqFKAMCzvn",28239,4853,263,,Entretenimento,Séries de TV,2019-07-16T15:55:25.0000000+00:00,21789.13235419861,-0.1518532037734985
1145785172069146626,180463340,"@euphoriaHBO Kat Hernandez, a breaker of chains, writer of fan fiction, and queen of the Internet.",491,68,7,1023959908687982593,Entretenimento,Séries de TV,2019-07-01T20:04:07.0000000+00:00,359.1222305653125,-0.1664738357067108
1353781237882744833,1060978099146260480,Congratulations to #TheMandalorian for being named one of the top 10 television programs of the year by the American Film Institute. https://t.co/oONUNwkdBJ,51969,5221,576,,Entretenimento,Séries de TV,2021-01-25T19:06:13.0000000+00:00,35520.18427633368,-0.1958090662956237
1365693174493151234,15635604,"Take care of yourself.

Catch up on the finale of Painting With John, now available on @hbomax. https://t.co/EssnEzHJ4L",105,9,3,89090040,Entretenimento,Filmes,2021-02-27T16:00:00.0000000+00:00,75.4480168699728,-0.1398700177669525
1365108564679790592,985916593065476096,"Same family and friends, fresh new LEWKS. Get the latest lowdown on the characters headed to #TheProudFamily: #LouderAndProuder, an Original Series, coming soon to #DisneyPlus! https://t.co/QXJLwm8fgu",1180,293,60,,Entretenimento,Filmes,2021-02-26T01:16:58.0000000+00:00,1068.0564192756242,-0.1049166619777679
1367236148385304576,15635604,"@ruinedxjosh So, Rome then?",679,4,12,1070224513046990848,Entretenimento,Filmes,2021-03-03T22:11:14.0000000+00:00,394.4701592534328,0.0
1340053869758394370,1038082275689340928,"@LaurAx1402 The beauty of #Witchmas is that there are no wrong decisions! Only that which you know, and that which you don't.",24,2,1,921878030234079232,Entretenimento,Séries de TV,2020-12-18T21:58:34.0000000+00:00,21.127875126391604,-0.1531828641891479
1368328702002671626,65184105,".@AngelaKang along with @cassadymcclincy and #TWD director, Laura Belsey are answering your questions on @Twitch right now!

Talk and Celebrate the Women of The Walking Dead right now by joining our live stream: https://t.co/ahFMUstq92 https://t.co/GogmTConcv",351,35,5,16597562|309366491|40592684,Entretenimento,Séries de TV,2021-03-06T22:32:39.0000000+00:00,247.3167295513577,-0.1604019105434417
1366503879983030273,26585095,@BravoTV NBSea ??,15,0,0,15169907,Entretenimento,Filmes,2021-03-01T21:41:28.0000000+00:00,9.835930165760317,-0.1935219466686248
1242146375950675969,5391882,@SeattleSunshin3 @KitchensKnees @jenallday @pashdown I'm about to announce a Zoom conference open to anyone and everyone where I'll be interviewing a doctor in a leadership role with the Utah Department of Health. She's got a ton of info and answers and I want to help in any way I can.,2,0,2,14632277|1106996547944738816|6488002|1154023267574919169,Entretenimento,Influenciadores,2020-03-23T17:49:08.0000000+00:00,10.052931906901538,-0.0361586213111877
1359645020974845952,811377,@HelenGradwell I've never related to a tweet so much in my life,55,1,2,1683598100,Entretenimento,Mídias Sociais,2021-02-10T23:26:48.0000000+00:00,34.11808398548634,-0.1145465970039367
1354051463190732800,273181052,"Want a chance to win a Suits mug, plus 30 days of @PeacockTV for FREE? Follow @peacockTV, like this post, then tag three friends using #PeacockFlockSweepstakes NO PURCH NEC. Open to 50 US &amp; DC, 18+. Ends 1/26/21. Void where prohib. Odds/Rules: https://t.co/HvqvHByvAs https://t.co/5WQN4bLMiu",493,53,141,1171155332917321730,Entretenimento,Séries de TV,2021-01-26T13:00:00.0000000+00:00,432.1488322555253,-0.0506050586700439
1341013863110762496,1060978099146260480,"The Book of Boba Fett, a new Original Series, starring Temuera Morrison and Ming-Na Wen and executive produced by Jon Favreau, Dave Filoni and Robert Rodriguez, set within the timeline of The Mandalorian, is coming to @DisneyPlus Dec. 2021. https://t.co/JP54yEe9WF",62022,7953,715,985916593065476096,Entretenimento,Séries de TV,2020-12-21T13:33:14.0000000+00:00,44943.7371010452,-0.1745863258838653
1357058139720478731,273181052,@peacockTV How does one relax after getting too Litt Up? ?,12,0,1,1171155332917321730,Entretenimento,Séries de TV,2021-02-03T20:07:28.0000000+00:00,10.770768667641596,-0.1837900578975677
1357670309525131266,1305941,"@sippey You don’t get to complain about this, Michael. You literally could have done something about it. ???",5,0,0,4711,Entretenimento,Influenciadores,2021-02-05T12:40:00.0000000+00:00,7.87361513635831,-0.1927347183227539
1369453567367507968,6527972,@revgabba @coreyhainesco @SwipeFilesco ???,2,0,1,1252732608250707969|1280588255042449409|2480319486,Entretenimento,Influenciadores,2021-03-10T01:02:28.0000000+00:00,1.6789163569234575,0.0
1368017377036660737,6527972,@BritneyMuller Maybe my one outstanding question is -- did the paper suggest that deep learning solves the generalization problem on its own? And there's no need for new methods to solve it? Or did it just say that regularization can't solve it and they need new ways?,2,0,1,21446729,Entretenimento,Influenciadores,2021-03-06T01:55:33.0000000+00:00,7.740692484594016,-0.1019698083400726
1349371181334474754,34097876,New product alert: meet The Eye Cream from @LC_Beauty… https://t.co/cQK11i4Fwx https://t.co/YxGHr2hTFc,79,11,9,1166863355249774592,Entretenimento,Influenciadores,2021-01-13T15:02:14.0000000+00:00,64.2593620558324,-0.1622089445590973
1242251884007534592,5391882,"@dramarty @BlckdByJilZarin @pashdown Oh, you’re one of them! You believe everything you read and see. Are you married? Because I’m due to have sex with you next.",1,0,1,14632277|19424554|327071621,Entretenimento,Influenciadores,2020-03-24T00:48:23.0000000+00:00,4.506594662568771,-0.1734712421894073
1242143080616087552,5391882,@SeattleSunshin3 @KitchensKnees @jenallday @pashdown Thank you. ♥️,1,0,1,14632277|1106996547944738816|6488002|1154023267574919169,Entretenimento,Influenciadores,2020-03-23T17:36:02.0000000+00:00,1.1100101443602346,0.0
1357706176864129027,1305941,@themexican @nytimes @aznfusion “oceanic rumspringa” is gold,1,0,0,1449296004|807095|1124861,Entretenimento,Influenciadores,2021-02-05T15:02:32.0000000+00:00,2.4037426878884034,-0.130217045545578
1358610352313757697,811377,@saracrates @___schmitty___ Can we do a guest lecture?,87,2,1,2155530182|73199937,Entretenimento,Mídias Sociais,2021-02-08T02:55:24.0000000+00:00,52.56775078499258,-0.2092756628990173
1358615407775649792,52484614,@reddit Genius.,53,0,0,811377,Entretenimento,Mídias Sociais,2021-02-08T03:15:29.0000000+00:00,30.75395098989045,-0.1704297363758087
1336517598029213698,821102114,@CyberNate2077 @CP2077Countdown It has been. Was it worth it? You bet!,251,2,4,1318203646983757824|1307432781828374528,Entretenimento,Games,2020-12-09T03:46:41.0000000+00:00,146.08464926901289,-0.184076189994812
1369374583598571524,24742040,@AuraWolf92 Excited doesn't even begin to describe how we feel about this addition to our family!,2,0,0,2321175670,Entretenimento,Games,2021-03-09T19:48:37.0000000+00:00,4.477216874809209,-0.0886681377887725
1198044435163967488,1141417774201184257,"@CSGO Expand your cooperative gaming possibilities with Remote Play Together, a @steam_games multiplayer feature that shipped this week. Play your couch co-op games together with friends, over the internet!
https://t.co/vBshhQYl32 https://t.co/z33BGhnZIH",1514,139,53,353780675|1200181894450536449,Entretenimento,Games,2019-11-23T01:03:46.0000000+00:00,1033.7297474357847,-0.1023499965667724
1359935760627953665,15234657,@TheClosetIndian Who says being single and ready to mingle is a bad thing? ?,3,0,1,1016038458941321216,Entretenimento,Games,2021-02-11T18:42:06.0000000+00:00,6.071543391185536,-0.1429469585418701
1366752653401853956,10671602,"From stadiums to dirt filled canyons, grab the wheel and rise to the top in Monster Jam Steel Titans 2, barrelling onto PS4 today: https://t.co/RhAg3I9TxR https://t.co/qQD5Mif3mm",1259,84,33,,Entretenimento,Games,2021-03-02T14:10:00.0000000+00:00,825.9162453503003,-0.2139744758605957
1369490617592467456,759251,"Lauren Thomas Mandel, a Covid-19 long-hauler and mother of four, discusses persistent symptoms she says her family is experiencing months after recovering from the virus. https://t.co/bDkMynhG4u",588,141,92,,Notícias,Do Mundo,2021-03-10T03:29:41.0000000+00:00,551.8852490108455,-0.1529250144958496
1369233187860328448,111556576,BREAKING: Joachim Low will STEP DOWN as Germany boss after this summer's Euros https://t.co/jKup5bptSX https://t.co/Js4oG2GmhV,77,16,2,,Notícias,Esportes,2021-03-09T10:26:45.0000000+00:00,71.72765968180703,-0.2410179376602172
1369441139871387656,15066760,It wasn't easy but we've narrowed down to the top ten day trips from Salt Lake City. https://t.co/0zb3SVWYcI,16,7,1,,Notícias,Viagens,2021-03-10T00:13:05.0000000+00:00,21.36523263966509,-0.1126457154750824
1368848967086215169,19230601,"""No matter what he does in his managerial career going forward he may never do something greater for so many people in winning this title.""

Will we see #RangersFC back in the #UCL?",806,25,15,,Notícias,Esportes,2021-03-08T09:00:00.0000000+00:00,493.0830269383835,-0.2414716780185699
1369532238304534528,111556576,John Terry shares photo of him studying Pep Guardiola's coaching guide ahead of Aston Villa's clash v Newcastle https://t.co/geio9sbENp,28,6,3,,Notícias,Esportes,2021-03-10T06:15:04.0000000+00:00,30.883069744003176,-0.3108955919742584
1369281300453015552,1367531,"British tabloids hammer fiery fallout as Meghan, Harry send royal family into crisis mode

https://t.co/KDWl3gZtuH",196,48,180,,Notícias,Do Mundo,2021-03-09T13:37:56.0000000+00:00,278.24652099497456,-0.234435498714447
1369395917321801728,46403451,"GOAL! Dortmund 2-0 Sevilla (5-2 agg). This time, Haaland scores!
https://t.co/x8BZsRryJB #UCL",9,1,0,,Notícias,Esportes,2021-03-09T21:13:23.0000000+00:00,10.771166861227725,-0.1629616916179657
1369613079433142278,16973333,"Alaska has become the first state in the US to open up Covid-19 vaccination for younger people, allowing anyone 16 or older to get the jab.
https://t.co/sybIigFkIn",27,10,1,,Notícias,Do Mundo,2021-03-10T11:36:18.0000000+00:00,32.53613874668519,-0.2036518156528473
1369442906671616001,14173315,"Parents could start receiving the new $3,000 child tax credit by summer. Here’s how it works - @CNBC  https://t.co/12BD6NfVZv",72,32,1,20402945,Notícias,Do Mundo,2021-03-10T00:20:06.0000000+00:00,83.4923176013338,-0.0798242688179016
1369377489030705154,759251,"""As per state guidance, all non-essential travel should be avoided, and staying local is a good way to do your part in slowing the spread of COVID-19,"" a Facebook post from the school says. https://t.co/jFplAfawt1",205,42,24,,Notícias,Do Mundo,2021-03-09T20:00:09.0000000+00:00,185.26266024740224,-0.1185699999332428
1369492359243763717,28785486,".@taycassidyj uplifts Black women on her TikTok through her 'Black Girl Magic Minute' series: ""I want to show people that Black people aren't a monolith."" #SoulOfANation https://t.co/3rAczvyyLC",140,28,12,805133391159066625,Notícias,Do Mundo,2021-03-10T03:36:37.0000000+00:00,123.75534348647923,-0.2074444890022277
1369360371006472195,15012486,"New York City will welcome high school students back into classrooms starting on March 22.

""Society has deemed that teenagers don't have to be back in school and I think these are the ones suffering immensely,"" @DyanHes tells CBSN. https://t.co/uzuvWDjJzT",45,5,15,2845351270,Notícias,Do Mundo,2021-03-09T18:52:08.0000000+00:00,48.68580142798557,-0.1757130324840545
1369564089211641856,16973333,Poetic justice sees Juventus eliminated after Andrea Agnelli turns back on football logic https://t.co/HeID4qijit,6,3,1,,Notícias,Do Mundo,2021-03-10T08:21:38.0000000+00:00,11.871984713360805,-0.2621843218803406
1369426283919212544,1367531,"Lady Gaga's dognapping, dog walker shooting may have been part of gang initiation: report https://t.co/YaKrLOoOJR",47,13,32,,Notícias,Do Mundo,2021-03-09T23:14:03.0000000+00:00,68.38932280514224,-0.2349842488765716
1369438309643153408,14293310,"HBO's ""COVID Diaries NYC"" is a bracing, authentic antidote to fluffy quarantine TV
https://t.co/xozWFqWKco",45,12,1,,Notícias,Do Mundo,2021-03-10T00:01:50.0000000+00:00,46.57679482243969,-0.1196792125701904
1369573257234550784,14173315,"Racist and homophobic tweets from Teen Vogue's new editor resurfaced over the weekend, prompting her to address the nearly 10-year-old posts in a message to staffers who condemned her actions. https://t.co/JOkKJ2zNXT",35,11,24,,Notícias,Do Mundo,2021-03-10T08:58:04.0000000+00:00,54.92055576059606,-0.170985072851181
1370127157276606467,28785486,A rumbling volcano on Indonesia’s Sumatra island unleashed an avalanche of searing gas clouds down its slopes during an eruption. No casualties were reported. https://t.co/gTnC4v1KKu,67,35,8,,Notícias,Do Mundo,2021-03-11T21:39:04.0000000+00:00,90.1967197907211,-0.2009783685207367
1369419121818038275,28785486,"ICE QUEEN: Russian ballerina performs scenes from Swan Lake on the frozen Gulf of Finland to protest a plan to develop the area into a port.

She hopes her breathtaking performance will save swans which inhabit the bay. https://t.co/7aV6I2x7v2 https://t.co/2a9mnmxJqN",684,182,27,,Notícias,Do Mundo,2021-03-09T22:45:35.0000000+00:00,623.4482418525171,-0.1596401035785675
1369340768138240000,5988062,Sir Kazuo Ishiguro’s speculative scenario of technological innovation is a domestic satire on aspirational parenting https://t.co/PxCYvTHcYo,32,3,2,,Notícias,Do Mundo,2021-03-09T17:34:14.0000000+00:00,29.780965737398283,-0.2505915760993957
958350559177736194,48410093,#MissionImpossible trailer in 5 days. https://t.co/fcq31dLsUl,24710,6562,720,,Celebridades,Artistas de TV,2018-01-30T14:45:53.0000000+00:00,21673.707644736784,0.0
1355113743504584706,35727881,"'Start Over Again' w/ @MarcBenjamins &amp; @Vulavox is OUT NOW! ? Let me know what you think

► https://t.co/JRNFCpQOiY https://t.co/gUAWCApdRf",173,51,16,57675653|19728272,Música,Electrônica,2021-01-29T11:21:07.0000000+00:00,168.8225055338384,-0.1395662724971771
1361587149062082561,155705264,@marywisdomart ?,41,2,1,1095082674383810560,Música,Electrônica,2021-02-16T08:04:08.0000000+00:00,25.727677206318265,0.0
1354775320658898944,2439032786,@aspieters You are amazing! That interview was why I wanted to make the film. Thank you for your heart opening honesty ❤️,30,5,1,25345002,Celebridades,Artistas de TV,2021-01-28T12:56:21.0000000+00:00,26.74078716292732,-0.19179767370224
1330977426906689538,2439032786,Surround yourself with glass ceiling smashers? https://t.co/DyLbNFHtbB,1424,101,36,,Celebridades,Artistas de TV,2020-11-23T20:52:01.0000000+00:00,941.56524679225,-0.1883456110954284
423079851592257536,2176998871,@raquelkoster lovely meeting you last night.. Thanks for coming down! Hope you enjoy thebodybook. ❤️ http://t.co/j0XwcGIuFL,27,10,1,,Celebridades,Artistas de TV,2014-01-14T13:11:11.0000000+00:00,28.78396204667389,-0.1850938498973846
1305852766850555904,27042513,An honest glimpse into a day in my life. #mood #coffee #dali #LaughingManCoffee https://t.co/FQ6nMx2tLJ,112204,11188,1427,,Celebridades,Artistas de TV,2020-09-15T12:55:35.0000000+00:00,76810.08927696488,-0.2180242538452148
1356654923870572546,35727881,@1peruvianguy nooo bro,7,0,7,902576832,Música,Electrônica,2021-02-02T17:25:13.0000000+00:00,9.793909886741677,-0.102922111749649
1361600708764700674,35727881,Watch my special set from the @tomorrowland One World Radio studio today [10:30am EST / 4:30pm CET]: https://t.co/vTVep1zEgY https://t.co/RvJDxd6GNu,142,27,7,69542069,Música,Electrônica,2021-02-16T08:58:00.0000000+00:00,117.5381221482099,-0.1604885458946228
1356664797979369475,35727881,"@lindembergb @1peruvianguy lol dont get factual, its coming when the season is back and festivals are back",3,1,0,166963684|902576832,Música,Electrônica,2021-02-02T18:04:28.0000000+00:00,7.309059707012386,-0.0983599424362182
1329790713039523845,38633321,"Thinking of doing a new Go Harder EP! ? Which one is the best so far... 1, 2, 3 or 4? ? https://t.co/1e2CqV3u4q",53,3,8,,Música,Electrônica,2020-11-20T14:16:26.0000000+00:00,42.51906529992307,-0.1996611356735229
1366587272477306883,155705264,"@AliMiller 2).
Because with talent comes money. But with money doesn’t come talent.",22,1,1,12893862,Música,Electrônica,2021-03-02T03:12:50.0000000+00:00,17.386904495058623,-0.0670376121997833
1022134672929816578,202222127,Running in London for a day #studio #recording ?? I love the vibe of this city ??❤ https://t.co/CB6NQqudpm,226,18,28,,Música,Electrônica,2018-07-25T15:01:11.0000000+00:00,162.679887488014,-0.2153209447860717
1358993966020976640,155705264,@JakeTWiiN Certainly could be. Maybe worth reinstalling and trying again,4,0,0,373955776,Música,Electrônica,2021-02-09T04:19:45.0000000+00:00,5.1782364340798726,-0.1799496412277221
1364866906658922496,35727881,1 MILLION ? @MarcBenjamins @Vulavox https://t.co/c1LRXF3EUD,152,20,6,57675653|19728272,Música,Electrônica,2021-02-25T09:16:43.0000000+00:00,112.44530818922782,0.0
1329456908726644738,21001379,300 million streams on All Around The World ?? https://t.co/qtnCpQZl5U,370,34,15,,Música,Electrônica,2020-11-19T16:10:01.0000000+00:00,260.0208787408172,-0.1911891996860504
1314195121861132288,38633321,"?GIVEAWAY ALERT? ⁠
To celebrate the 1 year anniversary of my album 'Bright Nights', you have a chance to win QMERCH! How? Screenshot or share your favourite 'Bright Nights' track in your Instagram stories with #1yearofbrightnights &amp; don't forget to tag @quintino! https://t.co/w6TeBbjFgw",42,11,1,1696821,Música,Electrônica,2020-10-08T13:25:08.0000000+00:00,42.366367459956514,-0.0876488089561462
1359391903838470147,155705264,@youareokay_ Happy bday :),14,1,1,256573194,Música,Electrônica,2021-02-10T06:41:00.0000000+00:00,10.876439366289654,-0.071291834115982
1340975456644939777,21001379,Episode 429 now live on #SoundCloud with new music by @Malaamusic @WandWmusic @tiesto @bingoplayers @djmauricewest @OliverHeldens @thomasgold and many more ?? https://t.co/1ep1raSEKD ?,86,8,3,73365668|2850323020|45777849|116699912|40101400|3100257690|256569627,Música,Electrônica,2020-12-21T11:00:37.0000000+00:00,65.99542087147817,-0.1471108198165893
1308893236723953665,72915722,"Dior has been a longtime partner of mine and @CTAOP, and we’re honored by their commitment to the education &amp; empowerment of young people. Through this partnership, Dior is providing full 4-year scholarships for the new cohort of CTAOP Youth Leaders Scholars #DiorStandsWithWomen",574,60,23,2832973006,Celebridades,Artistas de TV,2020-09-23T22:17:20.0000000+00:00,406.85467620574167,-0.1353908479213714
1321799645652307969,27042513,"We’re bringing The Feud to @SamsClub. I only agreed to do this because it’s for two great foundations. And, it’s always an awesome day when I get to humiliate @VancityReynolds  @laughingmanco @AviationGin @sickkids  #LaughingManFoundation https://t.co/RYETl0zsIb",15162,1105,300,66573775|322929224|86089860|2893511188|15145732,Celebridades,Artistas de TV,2020-10-29T13:02:48.0000000+00:00,9955.37850256566,-0.135191261768341
1349392742212726785,29758446,"Fan Video:

Warm yourself around the campfire while listening to Josephine Alexandra's mesmerizing cover of ""Cruel World"" from Red Dead Redemption 2.

https://t.co/lFC24h0L6l",2760,211,216,,Entretenimento,Games,2021-01-13T16:27:54.0000000+00:00,1910.560413069075,-0.1733184456825256
1369299518739595270,24742040,@geraltofiran We'll quote you on that.,25,0,0,1272221747740377088,Entretenimento,Games,2021-03-09T14:50:20.0000000+00:00,15.110008783770647,-0.198331743478775
1323278697466630145,113696373,uhhhh https://t.co/po28RajxFg,4696,174,188,,Entretenimento,Games,2020-11-02T15:00:01.0000000+00:00,2950.146845451014,-0.2019921839237213
1293655120706600960,108361327,Enemy - show me what you wanna be https://t.co/IWuN8jU77s,6744,954,56,,Música,Heavy Metal,2020-08-12T21:06:30.0000000+00:00,4897.035722454466,-0.2045854926109314
1366187680472522754,10671602,"The latest #StateofPlay unveiled new updates for Returnal, Oddworld: Soulstorm, Final Fantasy VII Remake Intergrade, and more: https://t.co/Nf5SAc4CuL https://t.co/1mcFelRkvl",2192,193,91,,Entretenimento,Games,2021-03-01T00:45:00.0000000+00:00,1502.8731447432106,-0.2123055160045623
1330751757664837632,118483749,"Who thought, that 40 years later Ace Of Spades would be back in the charts? Thanks to all the Motörfans out there for this great achievement! #aceofspades40 https://t.co/VtgG9gLxBG https://t.co/zkMQejjK7L",711,91,11,,Música,Heavy Metal,2020-11-23T05:55:17.0000000+00:00,517.3750880876366,-0.1278740167617797
1352380607314145283,252882791,"That’s a wrap for the #REShowcase! A new trailer, world-premiere gameplay, Resident Evil Re:Verse, and lots more was unveiled. We’d love to hear your thoughts on the show via a quick survey! ? https://t.co/cYUUb00tdV https://t.co/M90gcEnpoX",5284,742,370,,Entretenimento,Games,2021-01-21T22:20:37.0000000+00:00,4132.594190422902,-0.1781471669673919
1072571174180306945,39887890,"Get pre-sale tickets for Slayer's North America Leg Five with special guests Lamb of God Amon Amarth Cannibal Corpse.

Click here and don't forget to RSVP / Pre-sale starts Wednesday morning:
https://t.co/96etwPVAYn https://t.co/96etwPVAYn",967,181,50,,Música,Heavy Metal,2018-12-11T19:17:49.0000000+00:00,780.3295087752026,-0.222792774438858
1360338125655056390,19114743,"We had fun working with Martin. He was a character and great at what he did, had a certain sort of charm about him &amp; a great sense of humour. But he was also a great 'skipper of the ship' if you like, because he had such an air of command about him #TimsTwitterListeningParty",523,35,8,,Música,Heavy Metal,2021-02-12T21:20:57.0000000+00:00,343.261559659348,-0.149685651063919
1357788145794887681,29758446,"Another banger and a surreal video to match from our friend and GTA Online After Hours club resident, Solomun. Check it out! https://t.co/gLec5mgoqb",1977,118,121,,Entretenimento,Games,2021-02-05T20:28:15.0000000+00:00,1315.1592484684452,-0.1187302470207214
1323308897638125568,238475531,"The Metallica Store is starting our holiday deals now to help you get going early! We'll be hosting a series of sales all month long and we’re kicking it off this week with up to 25% off storewide.

Shop Now ➡️ https://t.co/KNrZOMRXE7 https://t.co/c48sxIYMRI",1153,141,33,,Música,Heavy Metal,2020-11-02T17:00:01.0000000+00:00,832.7132506063987,-0.200578898191452
1354966674525597698,821102114,@bookazoid_ @elonmusk We should have asked but got distracted by the car. #JamesBond https://t.co/drM7ssiePh,6004,140,88,44196397|1269612242783424512,Entretenimento,Games,2021-01-29T01:36:43.0000000+00:00,3582.13419265359,-0.1930165290832519
1367207527079940101,19114743,"A thank you message from Adrian

Smith/Kotzen - Debut album out Mar 26th!

Pre-order at https://t.co/hqp4bAXOwy

#IronMaiden #AdrianSmith #RichieKotzen #SmithKotzen https://t.co/T14wGwvpoC",1622,162,31,,Música,Heavy Metal,2021-03-03T20:17:30.0000000+00:00,1117.3829912033566,-0.2434137761592865
1365338873287634950,821102114,"@PhiWeber @Acheralcz Our thoughts exactly!

@Acheralcz, open you DMs, we have a surprise ?",135,2,10,1152653592542830592|1340306048582901761,Entretenimento,Games,2021-02-26T16:32:08.0000000+00:00,84.48361393439272,-0.1739977300167083
1332251315209113601,118483749,"Motörhead are for life, not just for Christmas! This is out today, in-store and online only at independent record stores and features a previously unreleased instrumental version of #aceofspades40  https://t.co/xs9nHhQj6Z #RSDBF https://t.co/H3PcmMvHMw",420,69,3,,Música,Heavy Metal,2020-11-27T09:14:00.0000000+00:00,327.0695722298909,-0.188603401184082
1366426271023050755,14434070,"China has raced ahead with a national digital currency, a bold effort to remake the way that government-backed money works.  https://t.co/PyJUgO2Nnk",5,2,0,,Notícias,Tecnologia,2021-03-01T16:33:04.0000000+00:00,10.171396593636002,-0.206776887178421
1315101846596272129,55010030,How about you?   https://t.co/nhIqSdU8mW  #usemyvoice #vote https://t.co/6EVwKRJKXG,3301,654,139,,Música,Rock,2020-10-11T01:28:08.0000000+00:00,2710.2806333265567,-0.1948605179786682
1332399472039620612,110783489,"?? @ShavoOdadjian #ProtectTheLand
?: @ArmenKeleshian https://t.co/ITtT4tFRxv",1085,95,8,181948237|53919756,Música,Heavy Metal,2020-11-27T19:02:43.0000000+00:00,719.3890558558539,0.0
1317126907926773763,55010030,"Catch a live interview with Amy and Zach Crothers from @portugaltheman today at 1pm ET. They will discuss the importance of voting here: https://t.co/uKhviYNk71
#UseMyVoice",399,51,3,14840013,Música,Rock,2020-10-16T15:35:00.0000000+00:00,290.5637830084218,-0.1914197504520416
1359835679577018368,1124816718,English football bodies demand action on racism from Twitter and Facebook https://t.co/BjbVeXqbxI,2,1,1,,Notícias,Tecnologia,2021-02-11T12:04:25.0000000+00:00,6.834633146449039,-0.22965008020401
1364200104257708046,7905122,Elon Musk no longer world’s richest person as Tesla shares fall https://t.co/9v2Dul4Nk7,13,4,4,,Notícias,Tecnologia,2021-02-23T13:07:05.0000000+00:00,20.82477473613225,-0.2651107013225555
1370041595605753862,28785486,"On this day in 1918, what were believed to be the first confirmed U.S. cases of a deadly global flu pandemic were reported among U.S. Army soldiers stationed at Fort Riley, Kansas.

The 1918 flu pandemic killed an estimated 50 million worldwide. https://t.co/Y0eUlg0yQf https://t.co/4hucgIA7aH",94,49,11,,Notícias,Do Mundo,2021-03-11T15:59:05.0000000+00:00,126.99314993977907,-0.1840166747570037
1369440747641049091,5988062,Brazil’s former president Luiz Inácio Lula da Silva served 18 months of a 12-year term for corruption and money-laundering before being released. He is now free to run for president again in 2022 https://t.co/0bO9c6tcCN,215,62,33,,Notícias,Do Mundo,2021-03-10T00:11:31.0000000+00:00,219.9638285995912,-0.2185131311416626
1369352315698872325,807095,"Nominees for the BAFTAs are more diverse this year after a furor over the lack of women and people of color nominated last year. The change appears to be the result of the British film academy overhauling its voting rules to increase diversity.
https://t.co/zni498g79G",198,27,20,,Notícias,Do Mundo,2021-03-09T18:20:08.0000000+00:00,162.2355350849167,-0.1878291368484497
1369445460163915780,15012486,WATCH: Thai Prime Minister Prayuth Chan-ocha responds to journalists' questions at a news conference after a weekly cabinet meeting by spraying them with hand sanitizer. https://t.co/sLXlNSDsYD,138,83,46,,Notícias,Do Mundo,2021-03-10T00:30:15.0000000+00:00,231.21782794516537,-0.1973378956317901
1369465541925175296,14173315,"WATCH: Gila County, Arizona, was once a hotspot with some of the highest rates of Covid-19 in the country. Now it’s one of the only places to move beyond vaccine eligibility requirements. - @NBCNightlyNews https://t.co/BtDF19L7bJ",79,18,8,8839632,Notícias,Do Mundo,2021-03-10T01:50:03.0000000+00:00,76.7388568491833,-0.2106794416904449
1369408111698673675,14293310,"Since COVID-19 was declared a national emergency, every state and Washington, D.C., has canceled or scaled back in-person criminal court proceedings.

The justice system has left hundreds of thousands of families waiting for trials and other resolutions https://t.co/Owloq35JrC",50,15,4,,Notícias,Do Mundo,2021-03-09T22:01:50.0000000+00:00,55.47433836141011,-0.1200391352176666
1369469114620731393,1367531,Relatives of seniors who died of COVID in nursing homes want @NYGovCuomo  to do this with book profits https://t.co/9Q9du0XJsh,313,80,67,232268199,Notícias,Do Mundo,2021-03-10T02:04:15.0000000+00:00,307.88895413161555,-0.1423404514789581
1369589127168073728,14173315,"WATCH: India’s Covid-19 infection rate plummeted, but experts still don’t know why. @janisfrayer explains the factors scientists are looking at in India’s comeback. https://t.co/4E2bHCDnW5",28,10,12,137223549,Notícias,Do Mundo,2021-03-10T10:01:08.0000000+00:00,41.36993213401795,-0.1119106709957122
1367963978421264385,180505807,@TheView @ClaireShipman @KattyKay_ @MeghanMcCain Grateful for our Confidence Code partnership ?,4,0,5,21258337|43996908|22996985|23176276,Entretenimento,Mídias Sociais,2021-03-05T22:23:22.0000000+00:00,6.852202568236732,-0.1609295904636383
1329459194601193472,1636590253,.@AtlanticCityBGC and their community supporters are changing lives by empowering kids with creative new learning opportunities. Apple is honored to support @BGCA_Clubs across the US with technology to help students push the boundaries of what’s possible. https://t.co/zumyfBZ0cl,1444,135,170,28585586|852216342514204673,Celebridades,Personalidades de Negócios,2020-11-19T16:19:06.0000000+00:00,1072.4032824702383,-0.2126984298229217
1364604015103778820,50393960,Thanks @JudyWoodruff and @NewsHour for having me on the show to talk about climate change and COVID-19 – two urgent global issues that need global collaboration. https://t.co/gGH7XR9yGW,2596,278,1,48144950|14437914,Celebridades,Personalidades de Negócios,2021-02-24T15:52:04.0000000+00:00,1801.967764118816,-0.1785959005355835
1364248308781248517,1636590253,"The Equality Act reflects in law the fact that every person deserves dignity &amp; respect, regardless of sexual orientation or gender identity—at work, at home and in the public square. We strongly support its passage, and we encourage Congress to come together and get it done.",5695,705,306,,Celebridades,Personalidades de Negócios,2021-02-23T16:18:37.0000000+00:00,4189.426817625198,-0.2352887988090515
1259963743716298754,26389359,"Have you ever tried to do an Intranet search like ""what time is IT Help Desk Open"" + ended up w random list of docs/links? Happens all the time at cos. Internal enterprise search is a mess...til now w launch of Amazon Kendra #AWS  https://t.co/R3gJmQyNCj",250,75,7,,Celebridades,Personalidades de Negócios,2020-05-11T21:49:00.0000000+00:00,240.00494903512688,-0.0982734858989715
1351256621993738240,50393960,"#MLKDay has long been a national day of service. As we celebrate the first without Congressman John Lewis, I'm thinking about his powerful call to remain hopeful about the future as we work to make our country—and our world—a better place. https://t.co/RpmKvrzjPo",4499,543,0,,Celebridades,Personalidades de Negócios,2021-01-18T19:54:18.0000000+00:00,3166.492345835597,-0.0775911211967468
1298277043499462656,1636590253,"“Knowing who we are, and where we have come from, is the simplest and most effective way to unite us as Americans. Our national parks were set aside for this very purpose.” -Audrey &amp; Frank Peterman. We must all protect America’s best idea. #ShotOniPhone by @samhorine #NPSBirthday https://t.co/1dCKSqdolT",6058,524,156,8386342,Celebridades,Personalidades de Negócios,2020-08-25T15:12:22.0000000+00:00,4069.897043946724,-0.0635360777378082
1362476144830812161,772493970,Zoom Into Space! Watch Our Panel Discussion on NASA and Northrop Grumman’s S.S. Katherine Johnson Launch https://t.co/ZeMg1YWmjD,13,3,0,,Celebridades,Personalidades de Negócios,2021-02-18T18:56:41.0000000+00:00,14.660676769120252,-0.1927869617938995
1346184604827279360,50393960,It’s great to see India’s leadership in scientific innovation and vaccine manufacturing capability as the world works to end the COVID-19 pandemic @PMOIndia https://t.co/Ds4f3tmrm3,87885,20483,0,471741741,Celebridades,Personalidades de Negócios,2021-01-04T19:59:55.0000000+00:00,73333.0344284934,-0.2492436468601226
1364662601473429514,50393960,There are several ways individuals can help move us closer to a zero-carbon future. Here are a few: https://t.co/oTQ5ebQ4yp https://t.co/V3TBVjfZlp,2913,591,0,,Celebridades,Personalidades de Negócios,2021-02-24T19:44:53.0000000+00:00,2352.8291477943903,-0.234857439994812
1365338574908891138,50393960,Recent extreme weather events are a stark reminder that we’re already seeing the effects of climate change here at home and around the world. This type of observation system will help scientists monitor and predict future weather events. https://t.co/eO4eKSDRn0,3020,411,0,,Celebridades,Personalidades de Negócios,2021-02-26T16:30:57.0000000+00:00,2212.0628551767177,-0.127269297838211
1369286911391637513,5988062,Custom ringtones used to be a kind of identity-marker for mobile-phone owners. On “The Intelligence” @SaskiaSolomon explains why they disappeared so swiftly https://t.co/QApgjvav3h https://t.co/lHn61fpX2V,23,6,1,1199306546888544256,Notícias,Do Mundo,2021-03-09T14:00:14.0000000+00:00,26.94446902359368,-0.1610150933265686
1369435367892455435,14173315,"A suspected asteroid streaked though the skies over northern Vermont on Sunday, moving so fast and creating so much force that it rattled buildings on the ground, NASA says. https://t.co/BG0rM7UnPp",132,44,21,,Notícias,Do Mundo,2021-03-09T23:50:09.0000000+00:00,147.77477287071923,-0.1823319196701049
1363878818100875267,3339261074,Ready to start week two @Intel! Nice to see so many familiar faces (maybe with a bit more grey hair now). The mojo is coming back!,1117,35,43,2803191,Celebridades,Personalidades de Negócios,2021-02-22T15:50:24.0000000+00:00,696.5334654000126,-0.1982733011245727
1369552724228980736,5988062,"In pre-revolutionary France, King Louis XIV declared that only those in royal favour could climb into red high heels https://t.co/gAznwxLc5C From @1843mag",65,24,5,60959527,Notícias,Do Mundo,2021-03-10T07:36:29.0000000+00:00,70.60262976104507,-0.1780084669589996
1369611540475895810,759251,"As President Xi breeds a culture of nationalism and forges increasingly hostile relations with Western governments, some fear that if a diplomatic spat between their government and Beijing occurred while they were in China they could become a target. https://t.co/OAa6lfpipO",135,43,31,,Notícias,Do Mundo,2021-03-10T11:30:12.0000000+00:00,150.61629994614188,-0.1981044709682464
1370134342106804226,28785486,"""Our democracy, like our society, works because we share a common story,"" Pres. Obama says.

""Right now, we're at one of those inflection points...where our shared story has broken down.""

Watch Obama share his recommendations with high school students: https://t.co/xY8G8YiI04 https://t.co/aANQ76kez6",79,20,5,,Notícias,Do Mundo,2021-03-11T22:07:37.0000000+00:00,78.89207198362801,-0.1865813136100769
1369533353930727426,87818409,MP behind Meghan letter calls for action on press bullying https://t.co/FrbhssZVbe,148,41,23,,Notícias,Do Mundo,2021-03-10T06:19:30.0000000+00:00,149.55073688694625,-0.2499423623085022
1369389341445873676,28785486,".@FiveThirtyEight breaks down why some Senate Democrats voted against raising the minimum wage:

?: https://t.co/mMzrNS8BBu",27,7,13,2303751216,Notícias,Do Mundo,2021-03-09T20:47:15.0000000+00:00,33.57754669144238,-0.1864651143550872
1369285101100691456,5988062,“What are human emotions? How do they work?... Does she have empathy? Or is she just observing human emotions and simulating them within herself?” Nobel laureate Sir Kazuo Ishiguro talks about his new novel #KlaraandtheSun on “The Economist Asks” https://t.co/FFFFt0Kqc9,88,33,4,,Notícias,Do Mundo,2021-03-09T13:53:02.0000000+00:00,100.73758991518342,-0.1274051964282989
1354520696358137868,58560480,"Great conversation on @theCUBE @dvellante @furrier with thought leaders @theICToptimist of @DellTech and @cswolf of @vmware discussing trends that will shape the future of #edgecomputing.
https://t.co/Ymid3nFN3C",148,35,6,17778727|19912819|12092012|15058596|715901816857358336|833071|12599552,Celebridades,Personalidades de Negócios,2021-01-27T20:04:34.0000000+00:00,130.8835006450078,-0.1496610641479492
1356255250680864768,3339261074,@virtspeaking @vPedroArrow @Lost_Signal @VMware @intel Thanks for having me on all these years!,25,0,1,2803191|325583244|12092012|179819182|1029090551814148096,Celebridades,Personalidades de Negócios,2021-02-01T14:57:04.0000000+00:00,16.776056289504922,-0.1727319657802581
1355169402128363523,3339261074,"@ShamailXD @VMware @intel Thanks for sharing, this brings back some very fond memories. Looking forward to rejoining the Intel team.",1,0,0,12092012|418379573|2803191,Celebridades,Personalidades de Negócios,2021-01-29T15:02:17.0000000+00:00,5.240735464993978,-0.1885138750076294
1354446870312005635,3339261074,"@AmandaBlev @VMware @intel Thank you for the kind words, it's been honor to work with folks like you - folks who truly embody VMware's culture.",4,0,0,1703636556|12092012|2803191,Celebridades,Personalidades de Negócios,2021-01-27T15:11:12.0000000+00:00,7.385712616147927,-0.2202626466751098
1343929726579187713,3339261074,"With those as my top 10, there are so many other great reads I may have missed. What should be on my list for 2021?",17,0,15,,Celebridades,Personalidades de Negócios,2020-12-29T14:39:50.0000000+00:00,22.937012162885207,-0.1776567995548248
1365767910543691777,58560480,"@Benioff @Dell Thank you @Benioff, my brother from another mother, for your friendship and for inspiring us all with your purpose-driven leadership and for teaching us all that businesses are the greatest platforms for change in the world!?",173,5,5,58561993|22330739,Celebridades,Personalidades de Negócios,2021-02-27T20:56:59.0000000+00:00,109.6463411198049,-0.2554885149002075
1334873804582121475,3339261074,"@furrier @awscloud Was all in good fun, always look forward to chatting on the future of tech.",4,0,1,833071|66780587,Celebridades,Personalidades de Negócios,2020-12-04T14:54:50.0000000+00:00,6.702510820683648,-0.1424227952957153
1312137847378386944,20571756,"@itsmfonline @Microsoft Thank you, @mbuckhamwhite and team, for inviting me – and for the partnership with this important community.",10,2,4,81886977|74286565|132178432,Celebridades,Personalidades de Negócios,2020-10-02T21:10:15.0000000+00:00,12.356165370701747,-0.225914180278778
1356662728111181824,14130366,@noam @Google @waze Thanks for your focus on customers and the amazing journey @noam and best wishes!,557,12,14,20536157|33461893|31171669,Celebridades,Personalidades de Negócios,2021-02-02T17:56:14.0000000+00:00,335.4495383719633,-0.1978510320186615
1329861315624660993,3339261074,@matthiaseisner @VMworld @yvessandfort How could I forget :),3,0,0,21678051|1417400503|12947382,Celebridades,Personalidades de Negócios,2020-11-20T18:56:59.0000000+00:00,2.963362908725954,-0.1119020283222198
968884303131234305,42703075,Are you afraid of riding in a driverless car? Waymo wants you to experience it without having to actually do it. https://t.co/k4Y2XfNHGz https://t.co/8xrcB4DwPH,41,27,4,,Notícias,Tecnologia,2018-02-28T16:23:13.0000000+00:00,61.51759383040012,-0.2268849313259124
1369047712184889353,46403451,Milan Skriniar strikes to keep Serie A leaders Inter on title track with narrow win over Atalanta https://t.co/i0fSro2wb0,15,2,0,,Notícias,Esportes,2021-03-08T22:09:44.0000000+00:00,15.218795476503082,-0.2217360436916351
1368988690211627016,19407053,"Biden Poised to Sign Final Stimulus Package With $1,400 Checks Within Days https://t.co/YEMDf9U0ej",26,8,3,,Notícias,Negócios,2021-03-08T18:15:12.0000000+00:00,29.777207569839906,-0.2323002517223358
1369031455695900677,19407053,"Last Woman Standing: After 2020, One Women's Coworking Company Remains | by @CherylSnapp https://t.co/c68elrcjJt",10,8,1,14231246,Notícias,Negócios,2021-03-08T21:05:09.0000000+00:00,19.615605473084404,-0.1978515088558197
1369181799029571589,46403451,"West Ham are not going away just yet. This win was not remotely as comfortable as the margin might suggest but it means they are breathing down the necks of the top four, with a game in hand and a potentially defining trip to Old Trafford. By @NickAmes82 https://t.co/5hAfJlhdrD",12,2,1,116522353,Notícias,Esportes,2021-03-09T07:02:33.0000000+00:00,17.290814721137657,-0.2327204942703247
1369327333824430080,15110357,South Africa's GDP expands in fourth-quarter but records big annual contraction https://t.co/R0F2O1XHsw https://t.co/31c9XQpZ7j,8,1,0,,Notícias,Negócios,2021-03-09T16:40:51.0000000+00:00,10.171792780433169,-0.1999706327915191
1367763412244172802,368276033,"? F1 calendar for the 2021 season complete ?

#PortugueseGP rubber-stamped to take the vacant third slot on the record-breaking schedule

#SkyF1 | #F1",699,72,10,,Notícias,Esportes,2021-03-05T09:06:23.0000000+00:00,488.6673478733613,-0.153748482465744
1369416324275961858,111556576,"GOAL! Juventus 2-2 Porto (agg 3-4)

Sergio Oliveira with his second!

https://t.co/SbXySTXtJp #UCL https://t.co/JypY7edJSI",10,0,0,,Notícias,Esportes,2021-03-09T22:34:28.0000000+00:00,11.299846795884529,-0.1947850584983825
1369287711480221698,67358777,"This startup is building self-flying cargo planes for Fedex, with the long-term vision of shuttling around people, too https://t.co/v2YYsJyCEj",14,6,1,,Notícias,Negócios,2021-03-09T14:03:25.0000000+00:00,21.36543327639293,-0.2085894048213958
1369352282937065472,265902729,"Manchester City will reportedly not pursue a deal for Kylian Mbappe.

? The papers say they have two alternative options.

The gossip ⤵

#bbcfootball",122,18,16,,Notícias,Esportes,2021-03-09T18:20:00.0000000+00:00,104.69700738910254,-0.2184256315231323
1366447180521816066,621583,Biden urged to back AI weapons to counter China and Russia threats https://t.co/19yAcFayJy,11,10,2,,Notícias,Tecnologia,2021-03-01T17:56:09.0000000+00:00,30.3234993914969,-0.2523801922798157
1366730304740872194,621583,City scraps influencer plan for George Floyd murder trial https://t.co/OtyZ481Zp4,4,3,0,,Notícias,Tecnologia,2021-03-02T12:41:11.0000000+00:00,10.20545931122275,-0.1947973072528839
1366828167936237575,25562270,Robotics division of Uber's Postmates spins out into new company https://t.co/M09bcO2zO9 https://t.co/GXJKRhmrrD,4,1,0,,Notícias,Tecnologia,2021-03-02T19:10:04.0000000+00:00,7.938410992081366,-0.2266876995563507
1369392703054708740,1344951,"In this WIRED interview, Kazuo Ishiguro talks to us about his latest novel, ‘Klara and the Sun.’ It is inspired by recent technological advances, and a desire to understand where these advances could lead humanity. https://t.co/qU3Z9zQR1Y",26,4,0,,Notícias,Tecnologia,2021-03-09T21:00:37.0000000+00:00,28.056275188118185,-0.1656758189201355
1365259500064804866,34992644,"""Definitely cool for me to be in the same field as I think the GOAT.""

Annika Sorenstam, the 10-time major winner who retired in 2008, made her comeback at the Gainbridge LPGA Championship on Thursday.
https://t.co/AUnQqdE6sc",14,4,0,,Notícias,Esportes,2021-02-26T11:16:44.0000000+00:00,21.887743337727752,-0.1053533852100372
1369045377417162761,46403451,Jesse Lingard and Craig Dawson strike against Leeds to send West Ham fifth @NickAmes82 https://t.co/5hAfJlhdrD,16,3,1,116522353,Notícias,Esportes,2021-03-08T22:00:28.0000000+00:00,17.46614881883452,-0.2180891931056976
1358797009164111874,1124816718,Bitcoin hits new high as Tesla reveals $1.5bn investment https://t.co/rtRrBAIdlA,1,1,0,,Notícias,Tecnologia,2021-02-08T15:17:06.0000000+00:00,4.039218449512847,-0.2255868017673492
1369475640076996610,14173315,"A dozen women have come forward to accuse the rapper T.I. and his wife of sexual assault and misconduct, with some allegations stretching back more than a decade; an attorney for the couple categorically denies all of the allegations. https://t.co/itvbKFmaUV",43,21,11,,Notícias,Do Mundo,2021-03-10T02:30:10.0000000+00:00,66.61706269235135,-0.212464839220047
1370088400410324994,28785486,"Newly-confirmed AG Merrick Garland delivered his first virtual address to Justice Department employees, using his remarks to express solidarity with career officials and what he described as their united pursuit of equal justice for all Americans. https://t.co/KvnGD1x3g2",167,31,6,,Notícias,Do Mundo,2021-03-11T19:05:04.0000000+00:00,141.10522309600924,-0.1589148640632629
1369990624041140230,28785486,"“We are very much not a racist family.”

Prince William defends Britain's royal family against accusations of racism made by his brother Prince Harry and sister-in-law Duchess Meghan. https://t.co/Us3bcVvQsx https://t.co/aU9NDmwqbf",229,53,114,,Notícias,Do Mundo,2021-03-11T12:36:32.0000000+00:00,282.7121645361932,-0.1577717363834381
1369538553219325952,87818409,Perseverance Martian landing point named after Octavia E Butler https://t.co/xkd2qFVsOI,126,40,9,,Notícias,Do Mundo,2021-03-10T06:40:10.0000000+00:00,125.5003671752234,-0.2281589806079864
1369264726656638979,5988062,Are Galaxy Entertainment and MGM China a winning bet? https://t.co/JHgLfM46jK,24,8,0,,Notícias,Do Mundo,2021-03-09T12:32:05.0000000+00:00,26.442830893582013,-0.2136867344379425
1369589858763673606,14173315,"The plan includes a proposed cut of up to 8.5% to monthly pensions of at least $1,500. That has long been a point of contention between the board and the governor, who has repeatedly said he would not approve such cuts. - @NBCLatino https://t.co/G4PBZ3mnpj",23,11,5,377949581,Notícias,Do Mundo,2021-03-10T10:04:02.0000000+00:00,36.44006469451524,-0.1754100918769836
1369396337469501452,807095,The billionaire developer Stephen Ross is rallying fellow business leaders to commit tens of millions of dollars to push moderate Democrats to vote in New York City's mayoral race. https://t.co/zbqnn2EtnI,101,34,23,,Notícias,Do Mundo,2021-03-09T21:15:03.0000000+00:00,115.91868686449462,-0.2081488370895385
1369538190827270145,28785486,"?""It's not too late, baby/It's not too late/And you really are gonna make it""? https://t.co/KdU7RuRCZA",165,24,8,,Notícias,Do Mundo,2021-03-10T06:38:44.0000000+00:00,130.25444915219316,-0.2036410272121429
1369063128269479936,1367531,"Forget something? @CNN's left-wing media pundit @brianstelter mocked for filming himself without pants on during network hit.
https://t.co/PTVuHYeAyI",478,142,500,759251|14515799,Notícias,Do Mundo,2021-03-08T23:11:00.0000000+00:00,745.5044441395642,-0.1808814704418182
1354853026545102849,18228898,#Minefields music video out now! @Faouzia https://t.co/TdkgeoO4E4 https://t.co/vAkpan7Atp,1953,335,77,2479152487,Música,Pop,2021-01-28T18:05:08.0000000+00:00,1550.6769746755751,-0.2075141966342926
1322665368108716033,14230524,I’m voting for America #vote #election2020 https://t.co/bspDNkxnhJ,197004,17456,52889,,Música,Pop,2020-10-31T22:22:52.0000000+00:00,172508.5966185373,0.0
1331756802078334982,17919972,"@AshhHuntington @disneyplus @aaron_dessner Thanks, Aaron is one of the most talented people on earth (as well as the most kind) so it felt like a safe place to talk about complex stuff we struggle with. #folkloreOnDisneyPlus",16564,1334,666,985916593065476096|426240908|2923474228,Música,Pop,2020-11-26T00:28:59.0000000+00:00,11175.536004389724,-0.0789212584495544
1349357033301159936,9676212,What's open and closed in SoCal under state's latest COVID rules https://t.co/IIdSwghxce,1,3,0,,Notícias,Viagens,2021-01-13T14:06:01.0000000+00:00,7.387703231609162,-0.1942328214645385
1367339191961489408,20346956,"It’s gonna’ be a yes from @_Alvo_.

(?: @SpectrumSN) https://t.co/uDlU202s1Z",1411,153,45,435497565|234661277,Esportes,Basquete,2021-03-04T05:00:41.0000000+00:00,995.5608305195996,-0.0899107158184051
1367307559640571904,20346956,"#LakeShow ? #SacramentoProud

?: @SpectrumSN
?: 710 ESPN &amp; 1330 Tu Liga

https://t.co/wkJMBQZYln",487,58,14,435497565,Esportes,Basquete,2021-03-04T02:55:00.0000000+00:00,352.09034842859995,-0.1617355048656463
1368204280629444611,11026952,"Happy Birthday @SHAQ!

Since everyone wants to discuss how you'd look in today's game we figured a hairswap with one of our young bigs would be a fun start ?

Fresh Faces // @HairClub https://t.co/wbcT45KlCJ",2828,277,37,17461978|21926454,Esportes,Basquete,2021-03-06T14:18:15.0000000+00:00,1935.6522870812892,-0.0838436782360076
1367318893191196674,16727749,"2️⃣ triple-doubles tonight ‼️‼️

@masonplumlee &amp; @Dennis1SmithJr https://t.co/kWWEsGjBeP",574,77,10,190059955|311623066,Esportes,Basquete,2021-03-04T03:40:02.0000000+00:00,421.889850232532,0.0
1369407651914932229,19263978,"Join us as we recognize Elizabeth Testa, a first grade teacher at Windemere CLC in Akron, for being at the Head of the Class, powered by @firstenergycorp! https://t.co/eiUOxE3KdP",46,1,2,59839012,Esportes,Basquete,2021-03-09T22:00:01.0000000+00:00,33.66048388116194,-0.15326589345932
1368686691452608517,20265254,"Tonight's threads ?

#NBAAllStar https://t.co/iVoitQcOLF",1692,195,24,,Esportes,Basquete,2021-03-07T22:15:10.0000000+00:00,1194.736019427157,-0.2070605158805847
1366894541475696640,19564719,"Pregame pump.

? 4:30PM/pt | ? @FoxSportsWest https://t.co/Hhyb4HfjBy",255,16,9,22695090,Esportes,Basquete,2021-03-02T23:33:49.0000000+00:00,169.12889267145286,-0.1612953841686248
1367295348574728194,16201775,"Thank you, @mikescott. https://t.co/zIOgRIWcNp",463,36,16,150367583,Esportes,Basquete,2021-03-04T02:06:28.0000000+00:00,311.1015514240854,0.0
1366609467803074561,19077044,John Wall doing work ➡️ season high 32 points. ? https://t.co/xaYYGxBqMR,336,40,21,,Esportes,Basquete,2021-03-02T04:41:02.0000000+00:00,250.09879418487776,-0.2137972116470337
1367486237574123525,16727749,Here's #Pistons Playback presented by @flagstar with the highlights from last night's 129-105 win over the Toronto Raptors. https://t.co/GPUkhzJcZF,59,10,4,19042958,Esportes,Basquete,2021-03-04T14:45:00.0000000+00:00,53.25358451473152,-0.2095407843589782
1367296657705099264,19077044,Oladipo ➡️ Wall ? https://t.co/muAU3Mnfbk,134,12,10,,Esportes,Basquete,2021-03-04T02:11:40.0000000+00:00,96.42769708417237,-0.2410475015640258
1367327155667935236,20346956,Catch him at THE RIM. https://t.co/HbsNQSvfX8,6113,250,48,,Esportes,Basquete,2021-03-04T04:12:52.0000000+00:00,3739.9379646414127,-0.2016850113868713
1368218004861911049,16212685,Next stop: ATL ? https://t.co/YZlen7p5xy,4253,261,18,,Esportes,Basquete,2021-03-06T15:12:47.0000000+00:00,2693.4029685982405,-0.1718528568744659
1367172928295628802,20346956,Right back at it. It's Game Day. https://t.co/GT3Qs5atGr,7256,670,100,,Esportes,Basquete,2021-03-03T18:00:01.0000000+00:00,4900.3565455417465,0.0
1367616598727614473,19583545,.@TrentAA admitted the Reds could have no complaints about the defeat inflicted by Chelsea and stressed the need to get back on track immediately.,1789,149,312,2371991585,Esportes,UEFA Futebol,2021-03-04T23:23:00.0000000+00:00,1382.1731285700023,-0.205249398946762
1368984926410989569,22910295,"COME ON CHELSEA! ✊

? 0-0 ? [1'] #CHEEVE https://t.co/fCKSW9pA2H",1927,270,71,,Esportes,UEFA Futebol,2021-03-08T18:00:15.0000000+00:00,1436.686141151228,-0.1857927441596985
1366848285361717252,20346956,"The foul + the bucket.

@thortontucker and the #LakeShow are back at it tonight ?? https://t.co/1GyBnQVJbW",3038,268,37,2272672902,Esportes,Basquete,2021-03-02T20:30:00.0000000+00:00,2035.5159630208332,-0.180861622095108
1367535310733680640,19077044,"All-Star throwback! ?

#TBT | #ProudHistoryBrightFuture https://t.co/EWWFMk7pKm",659,48,1,,Esportes,Basquete,2021-03-04T18:00:00.0000000+00:00,427.0783026803357,-0.1494462192058563
1368236771671162881,2941994339,"? Jordán, @olitorres10 and @AcunaMarcos17 come on for @ivanrakitic, @Munirhaddadi and @SerEscudero89.

@Elchecf_en 0-0 #SevillaFC (57')

#WeareSevilla | #ElcheSevillaFC https://t.co/qPQawl2weY",6,0,0,760982315841548290|956169889|3087039231|499704164|1324006941060964353|278508885,Esportes,UEFA Futebol,2021-03-06T16:27:21.0000000+00:00,7.93146827352669,-0.1382327675819397
1366967661754675207,20346956,https://t.co/4H4Dfi2UOW,891,126,9,,Esportes,Basquete,2021-03-03T04:24:22.0000000+00:00,647.9247056871678,0.0
1354523590742446080,18222378,it’s lit tonight 10pm ?ABC ?FOR LIFE  returns check me out. #bransoncognac #lecheminduroi  #bottlerover @ForLife_ABC https://t.co/0gwJqLr77y,633,75,31,1123773645250289665,Música,Rap,2021-01-27T20:16:04.0000000+00:00,463.5079173047174,-0.1236317753791809
1324424895749652481,116362700,GO PACK GO!!!!!,16460,1508,1242,,Música,Rap,2020-11-05T18:54:36.0000000+00:00,11811.786803139888,0.0
1361735737411067909,18222378,"Only a few episodes left until the Season Finale of ABC's Number 1 Show, FOR LIFE! Get your FOR LIFE Shirt &amp; Hat today! - https://t.co/0D1SITOSot

#ForLife https://t.co/ldH7FdKuay",521,54,54,,Música,Rap,2021-02-16T17:54:34.0000000+00:00,389.3449615524767,-0.1782045066356659
1360011987493789696,3004231,Groovin into tonights episode of #GoBigShow dont miss it ! https://t.co/oQlEAnY2N3,1295,136,123,,Música,Rap,2021-02-11T23:45:00.0000000+00:00,956.9591865220276,-0.1778261065483093
1365017631321858052,3004231,even the judges can have some fun too ?  tune in for more crazy talent on tonights episode of @gobigshowtbs at 9/8c ! #GoBigShow https://t.co/fX6zDJ8ggV,555,48,51,1295473175145390083,Música,Rap,2021-02-25T19:15:38.0000000+00:00,399.9966548208657,-0.1280874013900756
1307137727067029506,96829836,"It’s time. ?
#RapLifeLive captured at @HowardU starts now.
Watch on @AppleMusic: https://t.co/5SkAatZCJf https://t.co/weaaTIzace",453,84,60,74580436|27147528,Música,Rap,2020-09-19T02:01:34.0000000+00:00,386.6622508537704,-0.1253401339054107
1212045448812417030,89366493,Synyster Gates has been named one of the 20 best guitarists of the decade by @GuitarWorld: https://t.co/2ouq802DkA https://t.co/MWJMQFYTwV,5523,1234,116,23439801,Música,Heavy Metal,2019-12-31T16:18:48.0000000+00:00,4624.063198760332,-0.1953436136245727
1357083144407552000,3004231,when its so crazy you cant even watch ? see what goes down on @GoBigShowTBS tomorrow night 9/8c ! #GoBigShow https://t.co/I8xS7BqQUT,882,62,76,1295473175145390083,Música,Rap,2021-02-03T21:46:49.0000000+00:00,613.9899108580204,-0.1693674623966217
1330266160202477577,6207392,17. Who still has their original merch from 2003? #TakeALookInTheMirror https://t.co/1iIVn89rck,2185,158,101,,Música,Heavy Metal,2020-11-21T21:45:42.0000000+00:00,1470.496753730082,-0.1558243334293365
1355379018791591936,18222378,"?This is my boy, ?he don’t care about nothing right now. he got a good life man! https://t.co/9AXOsp6RDF",10911,350,400,,Música,Rap,2021-01-30T04:55:14.0000000+00:00,6741.852186272607,-0.1994819045066833
1324444938923175936,19373710,For more info and to contact support visit https://t.co/eKokan7BrB,513,40,1,,Música,Rock,2020-11-05T20:14:15.0000000+00:00,332.44428048690366,0.0
1322265461359316992,95955871,Mask Up with the exclusive GN’R face coverings https://t.co/wH8tIEuRqO https://t.co/q4zrgg8Yfw,2734,283,115,,Música,Rock,2020-10-30T19:53:47.0000000+00:00,1988.340466693989,-0.1851582527160644
1367702233853259783,27195114,SCARY HOURS https://t.co/kDM7vuuq5e https://t.co/8Z43SdI5w7,153747,39505,1918,,Música,Rap,2021-03-05T05:03:17.0000000+00:00,134126.3398545099,0.0
1345783947607867393,314792669,"Today we mark the release of Syd Barrett's album, The Madcap Laughs. What's your favourite song on this?

https://t.co/NFwC5V4gEW",1659,218,94,,Música,Rock,2021-01-03T17:27:51.0000000+00:00,1249.7518952506257,-0.1884143054485321
1369403796443570180,1638021792,"82’ | ? | ALMOST A HAT-TRICK FROM @FEDERICOCHIESA! Marchesin somehow saves a certain goal!

#JuveFCP [2-1] #JuveUCL https://t.co/if0gDtEtfk",723,39,23,2230170215,Esportes,UEFA Futebol,2021-03-09T21:44:42.0000000+00:00,471.3211676265853,-0.1933454275131225
1368299640421052423,96951800,HOLY TER STEGEN! What a tremendous save from point blank! ?????????? #OsasunaBarça,15639,626,68,,Esportes,UEFA Futebol,2021-03-06T20:37:10.0000000+00:00,9513.534801093168,-0.1751931011676788
1368844528170500098,2941994339,"? SQUAD | Bono and @jkeey4 return to a squad of 24 to travel to Dortmund.

#WeareSevilla #UCL https://t.co/ByahFbUcV9",108,11,8,840897886971924480,Esportes,UEFA Futebol,2021-03-08T08:42:22.0000000+00:00,83.4658236336451,-0.213975191116333
1366505349386240005,452155423,"89' | 1-1 | GOOOOOOOOOOOOOAAAAAAALLLLL by @vinijr!!!!
#RealMadridRealSociedad | #FIFA21 https://t.co/91Lze3OUGK",1449,163,54,2329070186,Esportes,UEFA Futebol,2021-03-01T21:47:18.0000000+00:00,1045.8511346010573,-0.1702202558517456
1369267106215235589,22910295,"Never skip leg day! ?️‍♂️

?: @TSilva3 https://t.co/eEJjBSJpVz",7107,553,85,2813712709,Esportes,UEFA Futebol,2021-03-09T12:41:32.0000000+00:00,4672.2726547543525,0.0
1368225636993691649,22910295,What a shift! ? https://t.co/sBprn0X91L,8599,790,103,,Esportes,UEFA Futebol,2021-03-06T15:43:06.0000000+00:00,5777.05299765003,-0.1864255368709564
1369226708763746305,1638021792,"? Nine trophies won in ⚪️⚫️, many happy returns, @sturaro_stefano! ?

#ForzaJuve https://t.co/a3o48DBGaX",762,29,8,2478435423,Esportes,UEFA Futebol,2021-03-09T10:01:01.0000000+00:00,467.9665761487303,-0.1944383978843689
1367226152549577157,3001704118,"⌚️ 74'

@AnderHerrera is on in place of Julian Draxler ?

@girondins 0️⃣ - 1⃣ @PSG_English

#FCGBPSG https://t.co/TUFJIfqJEk",35,2,1,3001704118|154586685|259683667,Esportes,UEFA Futebol,2021-03-03T21:31:31.0000000+00:00,25.85396495111726,-0.200689822435379
1367112526647934977,452155423,"?8️⃣ Away league matches unbeaten in @LaLigaEN!
? Next stop: EL DERBI
#HalaMadrid https://t.co/d1gr1DTi8t",3220,138,29,4704552148,Esportes,UEFA Futebol,2021-03-03T14:00:00.0000000+00:00,1980.8461897666027,-0.2190602421760559
1368637578694524931,452155423,"? @Benzema: “We put in a good performance, it was very difficult against a good team. They had the better of the first half and we had the better of the second. It’s a good point for us”
#HalaMadrid https://t.co/iQd2xJDbtK",1057,75,16,1964571728,Esportes,UEFA Futebol,2021-03-07T19:00:01.0000000+00:00,693.6467480513136,-0.186332494020462
1366854672955240450,22720074,Happy Birthday @jonbonjovi! https://t.co/SoNO78jj5a,19284,2552,1062,907314822328582145,Música,Rock,2021-03-02T20:55:23.0000000+00:00,14482.494469485597,0.0
1361801412741529606,7905122,Clubhouse app: what is it and how do you get an invite to the exclusive audio app? https://t.co/dbMP6mBc3O,5,8,1,,Notícias,Tecnologia,2021-02-16T22:15:32.0000000+00:00,20.238022880191405,-0.1346901655197143
1367703501367771141,55010030,Our new single “Better Without You” off our upcoming album The Bitter Truth is OUT NOW! https://t.co/JPnNhw6S5u https://t.co/ldUy2PdyE0,2272,634,146,,Música,Rock,2021-03-05T05:08:20.0000000+00:00,2147.6518158303084,-0.1660313606262207
1367548056628039684,19583545,#LIVCHE ? https://t.co/eDa5SJNYgH,3101,259,58,,Esportes,UEFA Futebol,2021-03-04T18:50:39.0000000+00:00,2066.4017533806027,0.0
1313215942826967040,22720074,In just 30 minutes @jonbonjovi is linking up with @strombo on @AppleMusic Hits to talk about the newest album ‘2020’ and being more socially conscious. Listen here: https://t.co/vv601D0IJ0 https://t.co/Ic50cNMz8W,1173,148,26,74580436|18177126|907314822328582145,Música,Rock,2020-10-05T20:34:13.0000000+00:00,844.4557726179958,-0.1563560366630554
1368649404702408707,34613288,@ArsenalWFC @BarclaysFAWSL @bmeado9 ? ?,613,23,6,330253117|273665871|256551011,Esportes,UEFA Futebol,2021-03-07T19:47:01.0000000+00:00,372.1300289701399,0.0
1369367467001315336,34613288,"A U B A ? A M A

Miss @Aubameyang7's Twitch takeover?

Catch the best bits with @Frimpon ?",2515,189,50,847238528|312316105,Esportes,UEFA Futebol,2021-03-09T19:20:20.0000000+00:00,1657.60955737608,-0.0963577330112457
1367822755769573377,19583545,.@MoSalah's brilliant strike at Leicester has been nominated for the @premierleague's Goal of the Month award ?⚽️,6105,406,237,343627165|2396677714,Esportes,UEFA Futebol,2021-03-05T13:02:12.0000000+00:00,4040.0050933719526,-0.2810089588165283
1368170081633644548,34613288,"First @PremierLeague start since December 2019 ✅

Right behind you, @CalumChambers95 - let's go! ?

? #BURARS https://t.co/PrD0p0lawk",5707,410,104,343627165|1673820865,Esportes,UEFA Futebol,2021-03-06T12:02:21.0000000+00:00,3747.01697474245,-0.1745229959487915
