user_id,algorithm,news_id,ranking,rating,score
1,B1-STATE_ART,1189330936300756992,1,5,8.665533945834879
1,B1-STATE_ART,1151160990995746816,2,5,1.4960720447607352
1,B1-STATE_ART,1312476369830338561,3,4,0.08477451933250409
1,B1-STATE_ART,1338474408743215106,4,3,0.048777459279972006
1,B1-STATE_ART,1298591876963078146,5,4,-0.03391022231475111
1,B1-STATE_ART,1343240225129168898,6,5,-0.061083752410813714
1,B1-STATE_ART,1369343506939019269,7,5,-0.07302206326800191
1,B1-STATE_ART,1369271796499947520,8,5,-0.10913179310854997
1,B1-STATE_ART,1324784149241147394,9,3,-0.128387740406463
1,B1-STATE_ART,1281615412459782145,10,3,-0.13445160845984058
2,B1-STATE_ART,1368785659066941440,1,4,0.06895023770649474
2,B1-STATE_ART,1367766039254163458,2,5,-0.11345365407177016
2,B1-STATE_ART,1369498799673065473,3,4,-0.132561109094336
2,B1-STATE_ART,1369601403686182915,4,4,-0.14460454606713213
2,B1-STATE_ART,1364144723590578176,5,4,-0.15554708555469174
2,B1-STATE_ART,1369600439239458820,6,3,-0.15639876071727318
2,B1-STATE_ART,1369579853612281860,7,4,-0.1572496819676191
2,B1-STATE_ART,1369453291936088064,8,4,-0.1593434213269606
2,B1-STATE_ART,1369587331691208706,9,4,-0.1606065733764112
2,B1-STATE_ART,1363564146948665347,10,5,-0.16248843678775332
3,B1-STATE_ART,1363896507242598402,1,4,-0.15645862462008048
3,B1-STATE_ART,1367883861271613441,2,5,-0.1579697155419708
3,B1-STATE_ART,1166395659500568579,3,2,-0.15888625631573577
3,B1-STATE_ART,1369362392749121542,4,2,-0.15909190896487796
3,B1-STATE_ART,1369030162298400778,5,2,-0.16083226551576046
3,B1-STATE_ART,1321186362171666432,6,1,-0.16103144262470534
3,B1-STATE_ART,1367559613005004800,7,2,-0.16167006106672557
3,B1-STATE_ART,1369048640111570951,8,2,-0.1622424650446043
3,B1-STATE_ART,1366963364975452162,9,2,-0.16234924228183867
3,B1-STATE_ART,1353812372331220992,10,2,-0.16278360833466257
4,B1-STATE_ART,1369343506939019269,1,5,-0.07302206326800191
4,B1-STATE_ART,1369397597421645834,2,5,-0.12294681398702335
4,B1-STATE_ART,1369242094217404419,3,5,-0.15181601129939953
4,B1-STATE_ART,1369959855692337152,4,1,-0.15853271486181122
4,B1-STATE_ART,1369552733536219138,5,4,-0.15934151108356437
4,B1-STATE_ART,1369453291936088064,6,4,-0.1593434213269606
4,B1-STATE_ART,1370128693662785544,7,5,-0.1606918941059832
4,B1-STATE_ART,1369598009084887043,8,5,-0.1607815135910037
4,B1-STATE_ART,1368835740529000449,9,5,-0.16166907853286147
4,B1-STATE_ART,1352325551621595136,10,2,-0.16248750793191596
5,B1-STATE_ART,1369343506939019269,1,3,-0.07302206326800191
5,B1-STATE_ART,1368975418741624833,2,5,-0.13581837725909607
5,B1-STATE_ART,1369517501248372738,3,5,-0.14947284590793017
5,B1-STATE_ART,1369242094217404419,4,5,-0.15181601129939953
5,B1-STATE_ART,1369382939289587718,5,5,-0.1555352682154784
5,B1-STATE_ART,1369480643315462144,6,5,-0.1576521946261806
5,B1-STATE_ART,1368856158010810369,7,5,-0.15874261562935563
5,B1-STATE_ART,1369612914982846469,8,5,-0.16020493857435153
5,B1-STATE_ART,1369543002385956865,9,5,-0.160573594002984
5,B1-STATE_ART,1369590734672760836,10,5,-0.16134942942099798
6,B1-STATE_ART,1326208392923410432,1,4,0.2252833998316758
6,B1-STATE_ART,1357736029067874305,2,3,0.19151417814258057
6,B1-STATE_ART,1362794394848538628,3,5,0.017803071725431573
6,B1-STATE_ART,1368867018854830081,4,5,-0.09980552801283729
6,B1-STATE_ART,1274054340517527552,5,3,-0.1585088872094345
6,B1-STATE_ART,1368667864803213318,6,4,-0.15885931682302848
6,B1-STATE_ART,1367608643596783616,7,3,-0.16256763251410877
6,B1-STATE_ART,1357425371721965589,8,4,-0.162611933359621
6,B1-STATE_ART,1356659266732650498,9,3,-0.16269646615363442
6,B1-STATE_ART,1339526482142654466,10,4,-0.1629841346258003
7,B1-STATE_ART,1359820217090768896,1,4,-0.15492577179912964
7,B1-STATE_ART,1363849575279316998,2,4,-0.16114439006212528
7,B1-STATE_ART,1369342862656221187,3,4,-0.1611559299035523
7,B1-STATE_ART,969126955193962496,4,3,-0.16157085780287345
7,B1-STATE_ART,1365618942501285888,5,5,-0.16178333314006887
7,B1-STATE_ART,1367244704526393349,6,2,-0.16194639485860637
7,B1-STATE_ART,1365376371376205838,7,4,-0.16199332833098584
7,B1-STATE_ART,1368969473651261440,8,3,-0.16207567598138886
7,B1-STATE_ART,1364974104491798530,9,4,-0.16210898244153016
7,B1-STATE_ART,1368972324301602816,10,4,-0.1622193974961968
8,B1-STATE_ART,1359964129532862464,1,4,6.315136326545075
8,B1-STATE_ART,1360637255132434433,2,4,4.655307840620487
8,B1-STATE_ART,1349748316901310464,3,5,4.314829829320331
8,B1-STATE_ART,1337245958787244033,4,5,2.723077168872436
8,B1-STATE_ART,1368703131652005888,5,5,1.6852254812758782
8,B1-STATE_ART,1296750375114964992,6,5,1.2685726176090701
8,B1-STATE_ART,1363673526096470017,7,4,-0.1110790198138416
8,B1-STATE_ART,1361140319002103813,8,4,-0.11862275878388773
8,B1-STATE_ART,1363548342832218116,9,5,-0.14903146344835963
8,B1-STATE_ART,1369095591607865347,10,4,-0.15394635345067015
9,B1-STATE_ART,1365001111946420226,1,4,0.23600674980248346
9,B1-STATE_ART,1341790679945670656,2,4,0.1491021037293476
9,B1-STATE_ART,1337774207971684352,3,5,-0.1357564443531967
9,B1-STATE_ART,1292597118763319296,4,5,-0.1429053725721892
9,B1-STATE_ART,1322229311718494210,5,2,-0.14381362108733106
9,B1-STATE_ART,1322221808913928193,6,2,-0.14747632832670635
9,B1-STATE_ART,1363548342832218116,7,5,-0.14903146344835963
9,B1-STATE_ART,1275492317013479424,8,5,-0.15081924649286624
9,B1-STATE_ART,1322191082235506689,9,4,-0.16043836406485482
9,B1-STATE_ART,1362841895030968326,10,1,-0.1627717450307724
10,B1-STATE_ART,1369007428696743936,1,5,-0.06514007578311623
10,B1-STATE_ART,1368550065502121985,2,5,-0.07820800135691003
10,B1-STATE_ART,1368982192194519043,3,4,-0.11137224258701735
10,B1-STATE_ART,1368645394348077067,4,5,-0.11987181661684652
10,B1-STATE_ART,1369382325633638404,5,5,-0.12390179134248447
10,B1-STATE_ART,1369259792892633089,6,5,-0.13659669747881586
10,B1-STATE_ART,1368157353695121412,7,5,-0.1423230193109685
10,B1-STATE_ART,1368173264602869761,8,5,-0.15228523085593468
10,B1-STATE_ART,1368317364287180801,9,5,-0.15892975615049776
10,B1-STATE_ART,1368241591299760129,10,5,-0.16173498876759054
11,B1-STATE_ART,1338944728969035776,1,1,2.8290470546723885
11,B1-STATE_ART,1360046105170485249,2,3,2.155131534700637
11,B1-STATE_ART,1368703131652005888,3,2,1.6852254812758782
11,B1-STATE_ART,1360638198573981696,4,1,0.21530071809103263
11,B1-STATE_ART,1327659608903733249,5,5,0.1824647101351958
11,B1-STATE_ART,1354547483083329538,6,2,0.12348413678311981
11,B1-STATE_ART,1366833859829108738,7,5,0.03796971517522597
11,B1-STATE_ART,1309555054295355394,8,5,-0.01381383783944067
11,B1-STATE_ART,1269640838205902849,9,3,-0.0734685076640909
11,B1-STATE_ART,1366208806535892995,10,5,-0.12433690103121174
12,B1-STATE_ART,1321919226341306368,1,5,4.076477753151286
12,B1-STATE_ART,1272637078401097731,2,5,0.5817055126693078
12,B1-STATE_ART,1343974143646044160,3,5,0.05826055247479156
12,B1-STATE_ART,1359318229735251977,4,3,-0.0516311768173564
12,B1-STATE_ART,1365155419564351490,5,5,-0.11950682535485929
12,B1-STATE_ART,1366804263385501696,6,5,-0.13946947483716982
12,B1-STATE_ART,1361396964227772419,7,5,-0.15998849375189347
12,B1-STATE_ART,1365372438578667526,8,2,-0.16103418172620235
12,B1-STATE_ART,1339746480014254081,9,5,-0.16170591780084065
12,B1-STATE_ART,1364415183607586825,10,2,-0.16194073422609415
13,B1-STATE_ART,1312476369830338561,1,4,0.08477451933250409
13,B1-STATE_ART,1357343495132880897,2,2,-0.05619717346754885
13,B1-STATE_ART,1354081977062850561,3,3,-0.07713920594177347
13,B1-STATE_ART,1327673915829866501,4,4,-0.1505481298228717
13,B1-STATE_ART,1337102429532217345,5,4,-0.15279511783762337
13,B1-STATE_ART,1365346314956005378,6,2,-0.1567689906332183
13,B1-STATE_ART,1336808991792525325,7,2,-0.15754919111084767
13,B1-STATE_ART,1285952748484083712,8,1,-0.15857606055232623
13,B1-STATE_ART,1362949278365143050,9,1,-0.1621456150234551
13,B1-STATE_ART,1369324832702296067,10,2,-0.16222840633963398
15,B1-STATE_ART,1321919226341306368,1,2,4.076477753151286
15,B1-STATE_ART,1272637078401097731,2,2,0.5817055126693078
15,B1-STATE_ART,1343974143646044160,3,5,0.05826055247479156
15,B1-STATE_ART,1359318229735251977,4,4,-0.0516311768173564
15,B1-STATE_ART,1366804263385501696,5,2,-0.13946947483716982
15,B1-STATE_ART,1360653537781321732,6,5,-0.14344099131895444
15,B1-STATE_ART,1361396964227772419,7,2,-0.15998849375189347
15,B1-STATE_ART,1365372438578667526,8,2,-0.16103418172620235
15,B1-STATE_ART,1339746480014254081,9,3,-0.16170591780084065
15,B1-STATE_ART,1364415183607586825,10,3,-0.16194073422609415
16,B1-STATE_ART,1367300479739441155,1,1,0.13572483919091416
16,B1-STATE_ART,1367491019277799427,2,5,-0.06772542888453807
16,B1-STATE_ART,1367625056570990592,3,2,-0.11573026795107888
16,B1-STATE_ART,1369400158912475136,4,1,-0.12858372212844588
16,B1-STATE_ART,1369378396216692740,5,1,-0.15501810068371114
16,B1-STATE_ART,1367629682439454722,6,1,-0.16046735611479634
16,B1-STATE_ART,1333807391079428096,7,1,-0.16085079974789807
16,B1-STATE_ART,1368144516558041088,8,1,-0.1614836070784317
16,B1-STATE_ART,1346230432036233218,9,1,-0.1616099677338819
16,B1-STATE_ART,1367269369521266691,10,5,-0.16247278403976176
17,B1-STATE_ART,1365629350721249281,1,5,-0.14877194258128032
17,B1-STATE_ART,1367474157626290181,2,5,-0.15411619984768918
17,B1-STATE_ART,1366841911357620225,3,5,-0.15538691084798498
17,B1-STATE_ART,1358414579328561153,4,5,-0.15544765062012844
17,B1-STATE_ART,1369000930809581570,5,5,-0.15761283903081552
17,B1-STATE_ART,1316030943174422528,6,5,-0.1579451729615373
17,B1-STATE_ART,1367507656269791241,7,5,-0.1598785881961323
17,B1-STATE_ART,1316722494255099904,8,5,-0.1620693953362045
17,B1-STATE_ART,1354993740562137089,9,1,-0.1627781076015847
17,B1-STATE_ART,1362674074732748803,10,1,-0.16305779430356468
18,B1-STATE_ART,1189330936300756992,1,5,8.665533945834879
18,B1-STATE_ART,1333425556659064833,2,3,0.2766430750554002
18,B1-STATE_ART,1338474408743215106,3,2,0.048777459279972006
18,B1-STATE_ART,1331689113494446085,4,3,0.04061324203009344
18,B1-STATE_ART,1298591876963078146,5,2,-0.03391022231475111
18,B1-STATE_ART,1188118588290469890,6,5,-0.06462725734907611
18,B1-STATE_ART,1368640454028386304,7,2,-0.13369346364290247
18,B1-STATE_ART,1363561378552958976,8,2,-0.1615439160295636
18,B1-STATE_ART,1368245620344029188,9,1,-0.16248876802535434
18,B1-STATE_ART,1365319660405678081,10,1,-0.16281019524891926
19,B1-STATE_ART,1369343506939019269,1,3,-0.07302206326800191
19,B1-STATE_ART,1369242094217404419,2,3,-0.15181601129939953
19,B1-STATE_ART,1366588589191147526,3,3,-0.1597327900212887
19,B1-STATE_ART,1369207595785977860,4,3,-0.16059350863599461
19,B1-STATE_ART,1369038985188831234,5,5,-0.16175798563034016
19,B1-STATE_ART,1368923387532369922,6,5,-0.161768199143044
19,B1-STATE_ART,1354908861572935681,7,4,-0.1623538622412656
19,B1-STATE_ART,1352325551621595136,8,4,-0.16248750793191596
19,B1-STATE_ART,1328394654375698433,9,3,-0.16253144692549706
19,B1-STATE_ART,1329983375621435392,10,4,-0.16273278570521474
20,B1-STATE_ART,1367491019277799427,1,1,-0.06772542888453807
20,B1-STATE_ART,1368604247760244742,2,3,-0.09428106430207532
20,B1-STATE_ART,1368788336333176833,3,1,-0.15317893668947602
20,B1-STATE_ART,1369633104269357056,4,5,-0.16125261497378784
20,B1-STATE_ART,1364970371716423682,5,5,-0.16181909204154182
20,B1-STATE_ART,1366925854421495812,6,5,-0.16195661366476305
20,B1-STATE_ART,1363915655720939521,7,5,-0.1619993264250121
20,B1-STATE_ART,1359371849965199360,8,5,-0.16204211719897382
20,B1-STATE_ART,1368096530268323842,9,5,-0.16225094588039812
20,B1-STATE_ART,1359943267148845058,10,1,-0.1624433356566336
21,B1-STATE_ART,1326208392923410432,1,5,0.2252833998316758
21,B1-STATE_ART,1217122703766970369,2,3,-0.03351300828196049
21,B1-STATE_ART,1367282096289443840,3,3,-0.0385201203055948
21,B1-STATE_ART,1367323565008154630,4,1,-0.16059123179605447
21,B1-STATE_ART,1369030162298400778,5,1,-0.16083226551576046
21,B1-STATE_ART,1367556352445321216,6,5,-0.1617906535013151
21,B1-STATE_ART,1365407006253801474,7,1,-0.1622010286412278
21,B1-STATE_ART,1368978816849211392,8,5,-0.16256185869189613
21,B1-STATE_ART,1362475510954156037,9,2,-0.16263916864394135
21,B1-STATE_ART,1356659266732650498,10,2,-0.16269646615363442
22,B1-STATE_ART,1369339704588570624,1,5,-0.026965619634701947
22,B1-STATE_ART,1368614821147598851,2,5,-0.06694871147427538
22,B1-STATE_ART,1367128088832745476,3,4,-0.06998006006771965
22,B1-STATE_ART,1366209913865703426,4,5,-0.08106831646842914
22,B1-STATE_ART,1369015063705612288,5,4,-0.1434324146486657
22,B1-STATE_ART,1366234614650478594,6,5,-0.15588144498202539
22,B1-STATE_ART,1367120318012280838,7,5,-0.15882830331003037
22,B1-STATE_ART,1300100975793901569,8,2,-0.15887769033765878
22,B1-STATE_ART,1361812978425753600,9,4,-0.1599060917071534
22,B1-STATE_ART,1369043306487767040,10,5,-0.16218800041231088
23,B1-STATE_ART,1360962032598720516,1,5,-0.09885002792179934
23,B1-STATE_ART,1331670759102681088,2,5,-0.10141625281617361
23,B1-STATE_ART,1344346181976129538,3,5,-0.10723181362513534
23,B1-STATE_ART,1192092402061889536,4,4,-0.1301608090109155
23,B1-STATE_ART,1350173131823083520,5,5,-0.13906522906694707
23,B1-STATE_ART,1311068940152401920,6,4,-0.14768449172417406
23,B1-STATE_ART,1363548342832218116,7,5,-0.14903146344835963
23,B1-STATE_ART,1354864255749804039,8,5,-0.1548629376075392
23,B1-STATE_ART,1261222316803063810,9,4,-0.1553241489314109
23,B1-STATE_ART,1321088619814109184,10,5,-0.1622680943969741
24,B1-STATE_ART,1312476369830338561,1,5,0.08477451933250409
24,B1-STATE_ART,1359900546635870215,2,5,-0.07876346259671962
24,B1-STATE_ART,1362099968824254464,3,5,-0.12706296429765765
24,B1-STATE_ART,1355530037152284675,4,5,-0.12877376480152905
24,B1-STATE_ART,1292597118763319296,5,3,-0.1429053725721892
24,B1-STATE_ART,1337102429532217345,6,5,-0.15279511783762337
24,B1-STATE_ART,1366478355558780939,7,5,-0.15636850244604816
24,B1-STATE_ART,1365346314956005378,8,3,-0.1567689906332183
24,B1-STATE_ART,1369122357307191296,9,3,-0.16087062236367475
24,B1-STATE_ART,1363203331745673220,10,5,-0.1622304410551539
25,B1-STATE_ART,1369343506939019269,1,5,-0.07302206326800191
25,B1-STATE_ART,1368856158010810369,2,5,-0.15874261562935563
25,B1-STATE_ART,1369587331691208706,3,5,-0.1606065733764112
25,B1-STATE_ART,1369598009084887043,4,5,-0.1607815135910037
25,B1-STATE_ART,1368970607216517129,5,5,-0.16085719884692656
25,B1-STATE_ART,1369590734672760836,6,5,-0.16134942942099798
25,B1-STATE_ART,1368835740529000449,7,5,-0.16166907853286147
25,B1-STATE_ART,1354908861572935681,8,5,-0.1623538622412656
25,B1-STATE_ART,1352325551621595136,9,3,-0.16248750793191596
25,B1-STATE_ART,1329983375621435392,10,5,-0.16273278570521474
26,B1-STATE_ART,1337774207971684352,1,4,-0.1357564443531967
26,B1-STATE_ART,1358024709137432577,2,2,-0.1388452776813344
26,B1-STATE_ART,1339559388303007744,3,2,-0.14146109886190428
26,B1-STATE_ART,1322229311718494210,4,2,-0.14381362108733106
26,B1-STATE_ART,1363548342832218116,5,2,-0.14903146344835963
26,B1-STATE_ART,1362748296045953027,6,4,-0.16068931558263233
26,B1-STATE_ART,968452175142649858,7,4,-0.1611914323159613
26,B1-STATE_ART,1368999602867802126,8,4,-0.1618937550414308
26,B1-STATE_ART,1364571918876073985,9,3,-0.16189963961432555
26,B1-STATE_ART,970787289638096897,10,4,-0.1619603338596324
27,B1-STATE_ART,1369343506939019269,1,4,-0.07302206326800191
27,B1-STATE_ART,1369242094217404419,2,4,-0.15181601129939953
27,B1-STATE_ART,1368856158010810369,3,5,-0.15874261562935563
27,B1-STATE_ART,1369552733536219138,4,5,-0.15934151108356437
27,B1-STATE_ART,1370132866093420544,5,3,-0.15951184211013403
27,B1-STATE_ART,1369598009084887043,6,5,-0.1607815135910037
27,B1-STATE_ART,1369590734672760836,7,3,-0.16134942942099798
27,B1-STATE_ART,1368835740529000449,8,4,-0.16166907853286147
27,B1-STATE_ART,1354908861572935681,9,4,-0.1623538622412656
27,B1-STATE_ART,1329983375621435392,10,1,-0.16273278570521474
28,B1-STATE_ART,1323671285285703683,1,2,0.010371620841574539
28,B1-STATE_ART,1339289131575341057,2,3,-0.05737492949405414
28,B1-STATE_ART,1246491727306899456,3,5,-0.0687719947714581
28,B1-STATE_ART,1343640147775152131,4,3,-0.11418471720355547
28,B1-STATE_ART,1331650428115759105,5,3,-0.1194701039361454
28,B1-STATE_ART,1363548342832218116,6,3,-0.14903146344835963
28,B1-STATE_ART,1329849237299990529,7,3,-0.1491608044510596
28,B1-STATE_ART,1334641065870159874,8,3,-0.1569999692617527
28,B1-STATE_ART,1340027052037169152,9,5,-0.15846686888312284
28,B1-STATE_ART,1355168831413645316,10,5,-0.15950863829693865
29,B1-STATE_ART,1367565667642331136,1,5,0.7511532421972342
29,B1-STATE_ART,1250919345955446784,2,4,-0.06080188676314979
29,B1-STATE_ART,1367565531189047299,3,3,-0.15309708542303885
29,B1-STATE_ART,1369362392749121542,4,5,-0.15909190896487796
29,B1-STATE_ART,1367244848978227201,5,3,-0.1595111166607213
29,B1-STATE_ART,1367323565008154630,6,4,-0.16059123179605447
29,B1-STATE_ART,1369030162298400778,7,5,-0.16083226551576046
29,B1-STATE_ART,1358793588382052358,8,4,-0.16184104710178704
29,B1-STATE_ART,1366963364975452162,9,3,-0.16234924228183867
29,B1-STATE_ART,1369148165471969284,10,4,-0.16240694315223939
30,B1-STATE_ART,1360680119854104582,1,5,0.05047563715324429
30,B1-STATE_ART,1367128088832745476,2,3,-0.06998006006771965
30,B1-STATE_ART,1292597118763319296,3,3,-0.1429053725721892
30,B1-STATE_ART,1366102978739007492,4,3,-0.147089452215813
30,B1-STATE_ART,1362129662336450560,5,4,-0.15065009168296795
30,B1-STATE_ART,1366239727402196996,6,5,-0.15674724721071373
30,B1-STATE_ART,1367120318012280838,7,4,-0.15882830331003037
30,B1-STATE_ART,1300100975793901569,8,5,-0.15887769033765878
30,B1-STATE_ART,1366242438717661187,9,2,-0.1620693291459133
30,B1-STATE_ART,1369037334885265408,10,3,-0.16270478749360662
31,B1-STATE_ART,978748491936780289,1,4,0.2594306475297401
31,B1-STATE_ART,1369037449431715843,2,2,0.16832653832384262
31,B1-STATE_ART,1307034079381065732,3,4,-0.08604890498932052
31,B1-STATE_ART,1364590913369083904,4,3,-0.08861269864085312
31,B1-STATE_ART,1362196257624625152,5,1,-0.1378475333833678
31,B1-STATE_ART,1356766464162762754,6,3,-0.1480571412824225
31,B1-STATE_ART,970013213092757504,7,4,-0.15817464121310343
31,B1-STATE_ART,1360224092427812866,8,4,-0.15950634989779844
31,B1-STATE_ART,1362196930252726277,9,3,-0.1613593388118195
31,B1-STATE_ART,1322130577684942848,10,2,-0.1629991718103319
32,B1-STATE_ART,978970964762513409,1,3,-0.15652808507450736
32,B1-STATE_ART,1363849575279316998,2,4,-0.16114439006212528
32,B1-STATE_ART,1369342862656221187,3,4,-0.1611559299035523
32,B1-STATE_ART,969126955193962496,4,3,-0.16157085780287345
32,B1-STATE_ART,1364237278516830212,5,3,-0.16177981299460498
32,B1-STATE_ART,1365618942501285888,6,2,-0.16178333314006887
32,B1-STATE_ART,1369320575945019399,7,3,-0.1619412835087755
32,B1-STATE_ART,1365376371376205838,8,3,-0.16199332833098584
32,B1-STATE_ART,1364974104491798530,9,3,-0.16210898244153016
32,B1-STATE_ART,1362748149853396993,10,3,-0.1621752849914065
33,B1-STATE_ART,1369343506939019269,1,4,-0.07302206326800191
33,B1-STATE_ART,1368856158010810369,2,4,-0.15874261562935563
33,B1-STATE_ART,1369552733536219138,3,4,-0.15934151108356437
33,B1-STATE_ART,1369113689845022721,4,2,-0.1601909963427916
33,B1-STATE_ART,1369207595785977860,5,4,-0.16059350863599461
33,B1-STATE_ART,1369598009084887043,6,3,-0.1607815135910037
33,B1-STATE_ART,1369590734672760836,7,4,-0.16134942942099798
33,B1-STATE_ART,1368835740529000449,8,4,-0.16166907853286147
33,B1-STATE_ART,1364311211194675203,9,3,-0.16189717494454375
33,B1-STATE_ART,1368978600964349955,10,4,-0.16197437230965633
34,B1-STATE_ART,1370098415938498560,1,4,-0.11364328425770914
34,B1-STATE_ART,1368856158010810369,2,3,-0.15874261562935563
34,B1-STATE_ART,1369552733536219138,3,3,-0.15934151108356437
34,B1-STATE_ART,1369500754000699392,4,3,-0.16093076764199196
34,B1-STATE_ART,1369590734672760836,5,4,-0.16134942942099798
34,B1-STATE_ART,1368835740529000449,6,4,-0.16166907853286147
34,B1-STATE_ART,1368607437310353408,7,2,-0.16185770546610834
34,B1-STATE_ART,1364311211194675203,8,3,-0.16189717494454375
34,B1-STATE_ART,1369617111014924289,9,3,-0.1619011450258721
34,B1-STATE_ART,1367190653269073930,10,5,-0.16263841006980048
35,B1-STATE_ART,1366296962409123843,1,2,0.23760792033225775
35,B1-STATE_ART,1332444252895404033,2,1,0.034544005021453376
35,B1-STATE_ART,1340976808989241344,3,2,-0.053862802763658714
35,B1-STATE_ART,1368939573586386945,4,2,-0.13616115006835702
35,B1-STATE_ART,1365315694167011328,5,1,-0.1447961908659007
35,B1-STATE_ART,1273723492186443782,6,3,-0.15241731574507783
35,B1-STATE_ART,1367617268734164992,7,1,-0.16130753344735574
35,B1-STATE_ART,1368776591388647424,8,1,-0.1616839137101712
35,B1-STATE_ART,1368954564133654529,9,1,-0.161778435863471
35,B1-STATE_ART,1352326523026632706,10,1,-0.16224901000434713
36,B1-STATE_ART,1151160990995746816,1,5,1.4960720447607352
36,B1-STATE_ART,1367610810789326850,2,5,1.1697495289527238
36,B1-STATE_ART,1365001111946420226,3,4,0.23600674980248346
36,B1-STATE_ART,1326208392923410432,4,5,0.2252833998316758
36,B1-STATE_ART,1341790679945670656,5,4,0.1491021037293476
36,B1-STATE_ART,1312476369830338561,6,3,0.08477451933250409
36,B1-STATE_ART,1357735941637603331,7,5,0.040685151554922756
36,B1-STATE_ART,1343240225129168898,8,5,-0.061083752410813714
36,B1-STATE_ART,1350201158426648581,9,5,-0.10084335316289807
36,B1-STATE_ART,1337774207971684352,10,5,-0.1357564443531967
37,B1-STATE_ART,1189330936300756992,1,2,8.665533945834879
37,B1-STATE_ART,1368703131652005888,2,4,1.6852254812758782
37,B1-STATE_ART,1333425556659064833,3,1,0.2766430750554002
37,B1-STATE_ART,1338474408743215106,4,1,0.048777459279972006
37,B1-STATE_ART,1326902644322017281,5,4,0.007359269154729266
37,B1-STATE_ART,1298591876963078146,6,1,-0.03391022231475111
37,B1-STATE_ART,1368640454028386304,7,3,-0.13369346364290247
37,B1-STATE_ART,1272338362909655040,8,1,-0.1618062307704627
37,B1-STATE_ART,1357452896976179201,9,1,-0.1618152299194341
37,B1-STATE_ART,1365319660405678081,10,1,-0.16281019524891926
38,B1-STATE_ART,1367766039254163458,1,5,-0.11345365407177016
38,B1-STATE_ART,1369498799673065473,2,4,-0.132561109094336
38,B1-STATE_ART,1369038985188831234,3,5,-0.16175798563034016
38,B1-STATE_ART,1368923387532369922,4,5,-0.161768199143044
38,B1-STATE_ART,1358819633629921283,5,5,-0.16232532613497258
38,B1-STATE_ART,1368849083201359873,6,5,-0.16248103588957885
38,B1-STATE_ART,1352325551621595136,7,5,-0.16248750793191596
38,B1-STATE_ART,1363564146948665347,8,4,-0.16248843678775332
38,B1-STATE_ART,1369214396489170946,9,5,-0.16264481772049189
38,B1-STATE_ART,1368619226865471493,10,5,-0.16275538523384211
39,B1-STATE_ART,1356685006916079616,1,2,0.8418451212746282
39,B1-STATE_ART,1258788139159613441,2,2,0.5977320895726578
39,B1-STATE_ART,1287526789707776000,3,2,0.10176055272520114
39,B1-STATE_ART,1252286536738934786,4,3,0.07627626642120623
39,B1-STATE_ART,1359863795586396168,5,4,-0.03428132666083891
39,B1-STATE_ART,754011760257069056,6,5,-0.15104542810266156
39,B1-STATE_ART,1291859496826843137,7,3,-0.15277662073141793
39,B1-STATE_ART,425668533293289472,8,3,-0.15833761118049214
39,B1-STATE_ART,1369362392749121542,9,4,-0.15909190896487796
39,B1-STATE_ART,1364897061083127808,10,3,-0.16194941283486758
40,B1-STATE_ART,1323342666361430019,1,5,-0.02578468175056935
40,B1-STATE_ART,1324782095177306119,2,5,-0.0863381050152591
40,B1-STATE_ART,1351182747721748487,3,1,-0.11617175643051754
40,B1-STATE_ART,1337411829853802496,4,5,-0.12621051840308525
40,B1-STATE_ART,1360611979879186438,5,2,-0.14067630670321682
40,B1-STATE_ART,1311355905120690176,6,5,-0.14207911512168067
40,B1-STATE_ART,1331202835334225920,7,1,-0.1464860632395715
40,B1-STATE_ART,1329846979401191424,8,1,-0.14782986186467756
40,B1-STATE_ART,1355908706026758144,9,5,-0.1495295008203516
40,B1-STATE_ART,1357369869222690817,10,2,-0.15748965105821766
41,B1-STATE_ART,1189330936300756992,1,5,8.665533945834879
41,B1-STATE_ART,1340930237819924480,2,2,5.1236805164148675
41,B1-STATE_ART,1346507839909445632,3,3,1.7391406210334235
41,B1-STATE_ART,1357382231816359939,4,2,0.5219354859555995
41,B1-STATE_ART,1326208392923410432,5,3,0.2252833998316758
41,B1-STATE_ART,1367890477849210881,6,1,0.2128439147188041
41,B1-STATE_ART,1338474408743215106,7,3,0.048777459279972006
41,B1-STATE_ART,1331689113494446085,8,3,0.04061324203009344
41,B1-STATE_ART,1298591876963078146,9,2,-0.03391022231475111
41,B1-STATE_ART,1352028901229395970,10,1,-0.08515468224417
42,B1-STATE_ART,1342687407326580737,1,5,-0.05280695926630999
42,B1-STATE_ART,1368453072666521600,2,5,-0.14885968001924302
42,B1-STATE_ART,1326177511684919300,3,2,-0.1557152185988639
42,B1-STATE_ART,1363947240369229825,4,5,-0.1581696348289118
42,B1-STATE_ART,1369362392749121542,5,1,-0.15909190896487796
42,B1-STATE_ART,1369101047826841604,6,1,-0.1619469094177423
42,B1-STATE_ART,1369148238138208257,7,1,-0.16273210472135455
42,B1-STATE_ART,1369418368554569728,8,1,-0.16275123484225554
42,B1-STATE_ART,1368116399097344003,9,5,-0.16326108690447083
42,B1-STATE_ART,1313580109727584256,10,1,-0.16326108690447083
43,B1-STATE_ART,1336324934688116743,1,2,4.678074264309584
43,B1-STATE_ART,1338944728969035776,2,2,2.8290470546723885
43,B1-STATE_ART,1360638198573981696,3,2,0.21530071809103263
43,B1-STATE_ART,1354547483083329538,4,2,0.12348413678311981
43,B1-STATE_ART,1366208806535892995,5,2,-0.12433690103121174
43,B1-STATE_ART,1357714688994390016,6,2,-0.1307035773996101
43,B1-STATE_ART,1367946423736537089,7,2,-0.1367561813873199
43,B1-STATE_ART,1363548342832218116,8,2,-0.14903146344835963
43,B1-STATE_ART,1359185296382779393,9,2,-0.15372430074002963
43,B1-STATE_ART,1367629682439454722,10,2,-0.16046735611479634
44,B1-STATE_ART,1356685006916079616,1,2,0.8418451212746282
44,B1-STATE_ART,1258788139159613441,2,4,0.5977320895726578
44,B1-STATE_ART,1253009440107720704,3,5,0.2634383523325531
44,B1-STATE_ART,1326208392923410432,4,5,0.2252833998316758
44,B1-STATE_ART,1287526789707776000,5,2,0.10176055272520114
44,B1-STATE_ART,1359863795586396168,6,3,-0.03428132666083891
44,B1-STATE_ART,1369343506939019269,7,3,-0.07302206326800191
44,B1-STATE_ART,1291859496826843137,8,4,-0.15277662073141793
44,B1-STATE_ART,425668533293289472,9,3,-0.15833761118049214
44,B1-STATE_ART,1369041862414241800,10,3,-0.16133553992955596
45,B1-STATE_ART,1310595678226219015,1,3,0.25695772733896677
45,B1-STATE_ART,1344344721506885641,2,3,0.22829928802995061
45,B1-STATE_ART,1327627598726377475,3,4,0.05326403578698846
45,B1-STATE_ART,1367430380463267844,4,3,-0.03405050352303936
45,B1-STATE_ART,1345706642080493568,5,3,-0.04725316541817685
45,B1-STATE_ART,1184016623394590721,6,4,-0.08119370887179778
45,B1-STATE_ART,1365659227256098816,7,3,-0.10513444436692905
45,B1-STATE_ART,1228653223269076992,8,3,-0.12212008344975642
45,B1-STATE_ART,1338619251050115072,9,2,-0.12950069183635732
45,B1-STATE_ART,1361708535294255106,10,3,-0.156916900286406
46,B1-STATE_ART,1369343506939019269,1,3,-0.07302206326800191
46,B1-STATE_ART,1369483145129713665,2,4,-0.15130058887861259
46,B1-STATE_ART,1369482917248970754,3,3,-0.1571936824318297
46,B1-STATE_ART,1368856158010810369,4,5,-0.15874261562935563
46,B1-STATE_ART,1369552733536219138,5,4,-0.15934151108356437
46,B1-STATE_ART,1369590734672760836,6,4,-0.16134942942099798
46,B1-STATE_ART,1368835740529000449,7,4,-0.16166907853286147
46,B1-STATE_ART,1369038985188831234,8,3,-0.16175798563034016
46,B1-STATE_ART,1368923387532369922,9,3,-0.161768199143044
46,B1-STATE_ART,1369619151506071561,10,3,-0.16201049690069844
47,B1-STATE_ART,1360638198573981696,1,2,0.21530071809103263
47,B1-STATE_ART,1368116641360384005,2,5,0.1540072122964022
47,B1-STATE_ART,1369007428696743936,3,5,-0.06514007578311623
47,B1-STATE_ART,1368577180557406208,4,5,-0.09915926616760418
47,B1-STATE_ART,1368982192194519043,5,5,-0.11137224258701735
47,B1-STATE_ART,1367557867260289032,6,5,-0.12410205409740827
47,B1-STATE_ART,1368157353695121412,7,5,-0.1423230193109685
47,B1-STATE_ART,1367500677002452992,8,5,-0.16086586051394944
47,B1-STATE_ART,1368241591299760129,9,5,-0.16173498876759054
47,B1-STATE_ART,1369359775230812163,10,5,-0.16203142899373876
48,B1-STATE_ART,1054037653379670016,1,2,-0.10574915919781376
48,B1-STATE_ART,1349071385360887808,2,3,-0.15021704329366264
48,B1-STATE_ART,1369453000570310660,3,5,-0.1520162612032226
48,B1-STATE_ART,1334986629560344579,4,2,-0.1555340402373831
48,B1-STATE_ART,1367487878259957765,5,2,-0.15722290649184475
48,B1-STATE_ART,1253046974389067776,6,1,-0.1592097143571196
48,B1-STATE_ART,1369559064485715968,7,5,-0.16023766738345246
48,B1-STATE_ART,1344756801242357768,8,5,-0.1624985107439488
48,B1-STATE_ART,1299377724415500293,9,3,-0.1625302964786059
48,B1-STATE_ART,956689717608595456,10,2,-0.1628903113961111
49,B1-STATE_ART,1301614505823141888,1,5,-0.14104928411503745
49,B1-STATE_ART,1310279026741841922,2,5,-0.14361413031675652
49,B1-STATE_ART,1187825368067117057,3,5,-0.1523297272657003
49,B1-STATE_ART,1253046974389067776,4,5,-0.1592097143571196
49,B1-STATE_ART,1366842371724476422,5,1,-0.16053504033602886
49,B1-STATE_ART,1357749874645749765,6,5,-0.16136944317938667
49,B1-STATE_ART,1320101239363809280,7,1,-0.16159670973405496
49,B1-STATE_ART,1344756801242357768,8,1,-0.1624985107439488
49,B1-STATE_ART,1299377724415500293,9,2,-0.1625302964786059
49,B1-STATE_ART,956689717608595456,10,2,-0.1628903113961111
50,B1-STATE_ART,1326208392923410432,1,3,0.2252833998316758
50,B1-STATE_ART,1367491019277799427,2,5,-0.06772542888453807
50,B1-STATE_ART,1369343506939019269,3,5,-0.07302206326800191
50,B1-STATE_ART,1342500356316667904,4,3,-0.11272570807485771
50,B1-STATE_ART,1369434342053806090,5,3,-0.14591667171681733
50,B1-STATE_ART,1369621841204088832,6,3,-0.15798662364497013
50,B1-STATE_ART,1368939918727278599,7,5,-0.16058182977221921
50,B1-STATE_ART,1369597995499593729,8,4,-0.16157081967650033
50,B1-STATE_ART,1369614780676399108,9,3,-0.16186729286734614
50,B1-STATE_ART,1356659266732650498,10,5,-0.16269646615363442
51,B1-STATE_ART,1189330936300756992,1,5,8.665533945834879
51,B1-STATE_ART,1326208392923410432,2,5,0.2252833998316758
51,B1-STATE_ART,1338474408743215106,3,5,0.048777459279972006
51,B1-STATE_ART,1344946472618344448,4,5,-0.005257327787195
51,B1-STATE_ART,1298591876963078146,5,5,-0.03391022231475111
51,B1-STATE_ART,1367214902624980995,6,5,-0.06780699377343558
51,B1-STATE_ART,1293138169832103936,7,2,-0.07510086080570703
51,B1-STATE_ART,1369362392749121542,8,1,-0.15909190896487796
51,B1-STATE_ART,1366963364975452162,9,2,-0.16234924228183867
51,B1-STATE_ART,1356659266732650498,10,5,-0.16269646615363442
53,B1-STATE_ART,1368652673935933450,1,1,-0.1169208101311051
53,B1-STATE_ART,1368561876972494852,2,1,-0.13362789159687696
53,B1-STATE_ART,1366247302843621377,3,2,-0.1539387930543095
53,B1-STATE_ART,1305204600228573184,4,1,-0.1563226198534057
53,B1-STATE_ART,1367244848978227201,5,1,-0.1595111166607213
53,B1-STATE_ART,1366458502986694658,6,1,-0.159515647050704
53,B1-STATE_ART,1368239051979943936,7,1,-0.16056075671266534
53,B1-STATE_ART,1367323565008154630,8,1,-0.16059123179605447
53,B1-STATE_ART,1369040473008996353,9,3,-0.16211784274262164
53,B1-STATE_ART,1369025685893738496,10,1,-0.16247840010430456
54,B1-STATE_ART,1326208392923410432,1,5,0.2252833998316758
54,B1-STATE_ART,1273919207038693376,2,5,-0.014961174052412743
54,B1-STATE_ART,1362454325876969478,3,1,-0.09777325577580408
54,B1-STATE_ART,1368970511175151620,4,5,-0.15182811054251005
54,B1-STATE_ART,1368976123896336389,5,5,-0.1587858982648942
54,B1-STATE_ART,1369362392749121542,6,5,-0.15909190896487796
54,B1-STATE_ART,1368971556320206848,7,2,-0.16152757037081866
54,B1-STATE_ART,1367212796631416832,8,2,-0.16164367567422516
54,B1-STATE_ART,1366963364975452162,9,1,-0.16234924228183867
54,B1-STATE_ART,1356659266732650498,10,5,-0.16269646615363442
55,B1-STATE_ART,1310279026741841922,1,4,-0.14361413031675652
55,B1-STATE_ART,1368753671568322564,2,4,-0.14505161571355346
55,B1-STATE_ART,1368715397415964674,3,3,-0.1505829315625166
55,B1-STATE_ART,1366946573528100864,4,4,-0.15122879149384508
55,B1-STATE_ART,1367479945686093825,5,5,-0.15374825342839618
55,B1-STATE_ART,1367245903472558081,6,5,-0.15768864703809035
55,B1-STATE_ART,1368607626494308354,7,5,-0.16081994534480257
55,B1-STATE_ART,1367225773166190592,8,5,-0.16118110649963685
55,B1-STATE_ART,1367170047081402380,9,4,-0.1626959818520871
55,B1-STATE_ART,956689717608595456,10,5,-0.1628903113961111
57,B1-STATE_ART,1323309743218282496,1,3,2.9489371638777055
57,B1-STATE_ART,1325467261239431170,2,5,1.7586405257397701
57,B1-STATE_ART,1257063194687832064,3,5,1.001491680767928
57,B1-STATE_ART,1339313549626273793,4,3,0.5991356449380802
57,B1-STATE_ART,1291098932987269128,5,3,0.4576277144261145
57,B1-STATE_ART,1337159750644080645,6,3,-0.024781544283861083
57,B1-STATE_ART,1217178366597570560,7,2,-0.15496469674258012
57,B1-STATE_ART,1369038985188831234,8,4,-0.16175798563034016
57,B1-STATE_ART,1368923387532369922,9,4,-0.161768199143044
57,B1-STATE_ART,762025473794867200,10,3,-0.162596560639553
58,B1-STATE_ART,1360680119854104582,1,5,0.05047563715324429
58,B1-STATE_ART,1369339704588570624,2,5,-0.026965619634701947
58,B1-STATE_ART,1368614821147598851,3,5,-0.06694871147427538
58,B1-STATE_ART,1367128088832745476,4,5,-0.06998006006771965
58,B1-STATE_ART,1362945064209575938,5,5,-0.13505944284221566
58,B1-STATE_ART,1369015063705612288,6,5,-0.1434324146486657
58,B1-STATE_ART,1366234614650478594,7,5,-0.15588144498202539
58,B1-STATE_ART,1366239727402196996,8,5,-0.15674724721071373
58,B1-STATE_ART,1315366562069700616,9,5,-0.1587034688188275
58,B1-STATE_ART,1300100975793901569,10,5,-0.15887769033765878
60,B1-STATE_ART,1326208392923410432,1,5,0.2252833998316758
60,B1-STATE_ART,1273919207038693376,2,5,-0.014961174052412743
60,B1-STATE_ART,1342394653887369216,3,5,-0.017492473245013726
60,B1-STATE_ART,1367214902624980995,4,5,-0.06780699377343558
60,B1-STATE_ART,1361000829247963141,5,5,-0.14971834430364847
60,B1-STATE_ART,1369362392749121542,6,5,-0.15909190896487796
60,B1-STATE_ART,1369030162298400778,7,5,-0.16083226551576046
60,B1-STATE_ART,1368760958261268480,8,5,-0.16221574105414122
60,B1-STATE_ART,1356659266732650498,9,5,-0.16269646615363442
60,B1-STATE_ART,1367262209160736770,10,5,-0.16326108690447083
61,B1-STATE_ART,1341013863110762496,1,3,0.9794157079964128
61,B1-STATE_ART,1326208392923410432,2,4,0.2252833998316758
61,B1-STATE_ART,1250919345955446784,3,5,-0.06080188676314979
61,B1-STATE_ART,1354051463190732800,4,4,-0.1354485332959967
61,B1-STATE_ART,1242146375950675969,5,3,-0.16141196418194562
61,B1-STATE_ART,1359645020974845952,6,5,-0.16178437056198136
61,B1-STATE_ART,1358793588382052358,7,2,-0.16184104710178704
61,B1-STATE_ART,1357058139720478731,8,4,-0.16235343968232094
61,B1-STATE_ART,1369148165471969284,9,3,-0.16240694315223939
61,B1-STATE_ART,1356659266732650498,10,4,-0.16269646615363442
62,B1-STATE_ART,1312476369830338561,1,4,0.08477451933250409
62,B1-STATE_ART,1354081977062850561,2,4,-0.07713920594177347
62,B1-STATE_ART,1362099968824254464,3,4,-0.12706296429765765
62,B1-STATE_ART,1334706123971162115,4,4,-0.1320757840737022
62,B1-STATE_ART,1198044435163967488,5,4,-0.13769793959647703
62,B1-STATE_ART,1366478355558780939,6,4,-0.15636850244604816
62,B1-STATE_ART,1365346314956005378,7,4,-0.1567689906332183
62,B1-STATE_ART,1336808991792525325,8,4,-0.15754919111084767
62,B1-STATE_ART,1336517598029213698,9,4,-0.160289883612536
62,B1-STATE_ART,1369374583598571524,10,4,-0.16226522832108464
63,B1-STATE_ART,1369343506939019269,1,2,-0.07302206326800191
63,B1-STATE_ART,1369343506939019269,2,1,-0.07302206326800191
63,B1-STATE_ART,1367766039254163458,3,3,-0.11345365407177016
63,B1-STATE_ART,1369498799673065473,4,4,-0.132561109094336
63,B1-STATE_ART,1369281300453015552,5,1,-0.1336471140312251
63,B1-STATE_ART,1369490617592467456,6,1,-0.13830517228899977
63,B1-STATE_ART,1369242094217404419,7,2,-0.15181601129939953
63,B1-STATE_ART,1368848967086215169,8,3,-0.1534827693594637
63,B1-STATE_ART,1368856158010810369,9,5,-0.15874261562935563
63,B1-STATE_ART,1368856158010810369,10,5,-0.15874261562935563
66,B1-STATE_ART,1305852766850555904,1,5,1.5461000311361601
66,B1-STATE_ART,958350559177736194,2,4,0.5402519944868122
66,B1-STATE_ART,1330977426906689538,3,2,-0.14121838611265902
66,B1-STATE_ART,1355113743504584706,4,3,-0.15592220634577975
66,B1-STATE_ART,1316030943174422528,5,2,-0.1579451729615373
66,B1-STATE_ART,1354775320658898944,6,2,-0.16136461111006142
66,B1-STATE_ART,423079851592257536,7,2,-0.16156749770648543
66,B1-STATE_ART,1356654923870572546,8,2,-0.161996946804255
66,B1-STATE_ART,1354993740562137089,9,3,-0.1627781076015847
66,B1-STATE_ART,1361587149062082561,10,1,-0.16277957318982827
68,B1-STATE_ART,1327659608903733249,1,5,0.1824647101351958
68,B1-STATE_ART,1352380607314145283,2,5,-0.009043475023541102
68,B1-STATE_ART,1293655120706600960,3,4,-0.05503185752749789
68,B1-STATE_ART,1323278697466630145,4,5,-0.09282888638256448
68,B1-STATE_ART,1354966674525597698,5,5,-0.10176788890149362
68,B1-STATE_ART,1349392742212726785,6,5,-0.10617070775226269
68,B1-STATE_ART,1357788145794887681,7,5,-0.1271946170200474
68,B1-STATE_ART,1366187680472522754,8,5,-0.12724750580593022
68,B1-STATE_ART,1072571174180306945,9,4,-0.13716416283887084
68,B1-STATE_ART,1367207527079940101,10,5,-0.13876858827434468
70,B1-STATE_ART,1369343506939019269,1,5,-0.07302206326800191
70,B1-STATE_ART,1369242094217404419,2,5,-0.15181601129939953
70,B1-STATE_ART,1369440747641049091,3,4,-0.1523436656208824
70,B1-STATE_ART,1370041595605753862,4,5,-0.1566575725784098
70,B1-STATE_ART,1369573257234550784,5,5,-0.15750876853268703
70,B1-STATE_ART,1368856158010810369,6,5,-0.15874261562935563
70,B1-STATE_ART,1369552733536219138,7,5,-0.15934151108356437
70,B1-STATE_ART,1369590734672760836,8,5,-0.16134942942099798
70,B1-STATE_ART,1368835740529000449,9,5,-0.16166907853286147
70,B1-STATE_ART,1352326523026632706,10,5,-0.16224901000434713
71,B1-STATE_ART,1189330936300756992,1,5,8.665533945834879
71,B1-STATE_ART,1151160990995746816,2,5,1.4960720447607352
71,B1-STATE_ART,1326208392923410432,3,4,0.2252833998316758
71,B1-STATE_ART,1312476369830338561,4,4,0.08477451933250409
71,B1-STATE_ART,1338474408743215106,5,3,0.048777459279972006
71,B1-STATE_ART,1298591876963078146,6,3,-0.03391022231475111
71,B1-STATE_ART,1343240225129168898,7,4,-0.061083752410813714
71,B1-STATE_ART,1324784149241147394,8,3,-0.128387740406463
71,B1-STATE_ART,1281615412459782145,9,5,-0.13445160845984058
71,B1-STATE_ART,1356659266732650498,10,5,-0.16269646615363442
72,B1-STATE_ART,1346184604827279360,1,5,1.721602723904527
72,B1-STATE_ART,1364248308781248517,2,5,-0.044525656194177164
72,B1-STATE_ART,1369343506939019269,3,2,-0.07302206326800191
72,B1-STATE_ART,1298277043499462656,4,5,-0.07481849398208411
72,B1-STATE_ART,1351256621993738240,5,5,-0.09755776234402448
72,B1-STATE_ART,1364662601473429514,6,5,-0.10017914304333317
72,B1-STATE_ART,1329459194601193472,7,5,-0.12120245301333249
72,B1-STATE_ART,1364604015103778820,8,4,-0.12326222143909066
72,B1-STATE_ART,1259963743716298754,9,3,-0.15509286506827794
72,B1-STATE_ART,1362476144830812161,10,4,-0.16216552622018202
73,B1-STATE_ART,1369498799673065473,1,2,-0.132561109094336
73,B1-STATE_ART,1367763412244172802,2,2,-0.15177666504085596
73,B1-STATE_ART,968884303131234305,3,4,-0.15961720100715554
73,B1-STATE_ART,1368988690211627016,4,3,-0.16123533742621707
73,B1-STATE_ART,1369181799029571589,5,5,-0.16127547723699515
73,B1-STATE_ART,1369031455695900677,6,4,-0.16184344809999132
73,B1-STATE_ART,1369047712184889353,7,5,-0.1622863536388969
73,B1-STATE_ART,1369327333824430080,8,3,-0.16243098580301557
73,B1-STATE_ART,1363564146948665347,9,3,-0.16248843678775332
73,B1-STATE_ART,1369416324275961858,10,5,-0.16249858171174356
74,B1-STATE_ART,1369990624041140230,1,1,-0.1370351274936381
74,B1-STATE_ART,1369475640076996610,2,1,-0.15774437238167088
74,B1-STATE_ART,1370088400410324994,3,4,-0.1581974608344973
74,B1-STATE_ART,1369552733536219138,4,5,-0.15934151108356437
74,B1-STATE_ART,1369207595785977860,5,5,-0.16059350863599461
74,B1-STATE_ART,1369598009084887043,6,5,-0.1607815135910037
74,B1-STATE_ART,1368835740529000449,7,5,-0.16166907853286147
74,B1-STATE_ART,1369038985188831234,8,3,-0.16175798563034016
74,B1-STATE_ART,1368923387532369922,9,3,-0.161768199143044
74,B1-STATE_ART,1364311211194675203,10,4,-0.16189717494454375
76,B1-STATE_ART,1322665368108716033,1,3,12.445718664255494
76,B1-STATE_ART,1349748316901310464,2,2,4.314829829320331
76,B1-STATE_ART,1338944728969035776,3,4,2.8290470546723885
76,B1-STATE_ART,1357382231816359939,4,3,0.5219354859555995
76,B1-STATE_ART,1360638198573981696,5,3,0.21530071809103263
76,B1-STATE_ART,1331756802078334982,6,2,0.10797655313698663
76,B1-STATE_ART,1366222136591872000,7,3,-0.09541260437343473
76,B1-STATE_ART,1354853026545102849,8,2,-0.11427825241800951
76,B1-STATE_ART,1367946423736537089,9,4,-0.1367561813873199
76,B1-STATE_ART,1369095591607865347,10,2,-0.15394635345067015
77,B1-STATE_ART,1369552733536219138,1,3,-0.15934151108356437
77,B1-STATE_ART,1366588589191147526,2,4,-0.1597327900212887
77,B1-STATE_ART,1369598009084887043,3,4,-0.1607815135910037
77,B1-STATE_ART,1368835740529000449,4,4,-0.16166907853286147
77,B1-STATE_ART,1369038985188831234,5,2,-0.16175798563034016
77,B1-STATE_ART,1368923387532369922,6,5,-0.161768199143044
77,B1-STATE_ART,1364311211194675203,7,3,-0.16189717494454375
77,B1-STATE_ART,1354908861572935681,8,5,-0.1623538622412656
77,B1-STATE_ART,1352325551621595136,9,4,-0.16248750793191596
77,B1-STATE_ART,1328394654375698433,10,4,-0.16253144692549706
78,B1-STATE_ART,1368204280629444611,1,1,-0.12210487594745807
78,B1-STATE_ART,1368686691452608517,2,1,-0.13612992367145657
78,B1-STATE_ART,1367339191961489408,3,3,-0.13920631472129352
78,B1-STATE_ART,1367318893191196674,4,1,-0.1519413478927967
78,B1-STATE_ART,1367307559640571904,5,1,-0.15437807042762092
78,B1-STATE_ART,1366609467803074561,6,3,-0.15500142121555166
78,B1-STATE_ART,1367295348574728194,7,3,-0.15557936486204413
78,B1-STATE_ART,1366894541475696640,8,1,-0.15902491291863535
78,B1-STATE_ART,1367486237574123525,9,3,-0.16065052523563828
78,B1-STATE_ART,1369407651914932229,10,1,-0.16141774468151696
79,B1-STATE_ART,1324424895749652481,1,3,0.24094072005846046
79,B1-STATE_ART,1341790679945670656,2,5,0.1491021037293476
79,B1-STATE_ART,1360011987493789696,3,2,-0.1300664378202662
79,B1-STATE_ART,1292597118763319296,4,5,-0.1429053725721892
79,B1-STATE_ART,1322229311718494210,5,3,-0.14381362108733106
79,B1-STATE_ART,1307137727067029506,6,2,-0.14720377118742553
79,B1-STATE_ART,1361735737411067909,7,4,-0.1488361764426219
79,B1-STATE_ART,1365017631321858052,8,2,-0.1493892911028487
79,B1-STATE_ART,1354523590742446080,9,3,-0.14981801375807038
79,B1-STATE_ART,1362841895030968326,10,4,-0.1627717450307724
81,B1-STATE_ART,1368299640421052423,1,5,-0.018986574770647687
81,B1-STATE_ART,1368225636993691649,2,5,-0.05227152066488182
81,B1-STATE_ART,1369267106215235589,3,5,-0.07316813842162638
81,B1-STATE_ART,1367112526647934977,4,5,-0.13059724273869433
81,B1-STATE_ART,1366505349386240005,5,5,-0.13389041032410864
81,B1-STATE_ART,1368637578694524931,6,5,-0.14831847290906688
81,B1-STATE_ART,1369403796443570180,7,5,-0.1514899001564155
81,B1-STATE_ART,1369226708763746305,8,3,-0.15493602404004575
81,B1-STATE_ART,1368844528170500098,9,5,-0.15946277995206798
81,B1-STATE_ART,1367226152549577157,10,5,-0.16220261040379144
1,B1-SCSA_PLUS,1189330936300756992,1,5,14738736.074355947
1,B1-SCSA_PLUS,1151160990995746816,2,5,4512362.981191996
1,B1-SCSA_PLUS,1369343506939019269,3,5,1900074.932504441
1,B1-SCSA_PLUS,1338474408743215106,4,3,1514619.313440449
1,B1-SCSA_PLUS,1298591876963078146,5,4,955860.9334353482
1,B1-SCSA_PLUS,1324784149241147394,6,3,741232.0367253252
1,B1-SCSA_PLUS,1343240225129168898,7,5,405101.75650575606
1,B1-SCSA_PLUS,1369271796499947520,8,5,185306.89317432127
1,B1-SCSA_PLUS,1312476369830338561,9,4,83568.10012274243
1,B1-SCSA_PLUS,1281615412459782145,10,3,15749.995104895106
2,B1-SCSA_PLUS,1367766039254163458,1,5,140781.64006604292
2,B1-SCSA_PLUS,1364144723590578176,2,4,123745.75674188224
2,B1-SCSA_PLUS,1369579853612281860,3,4,101712.7638446849
2,B1-SCSA_PLUS,1368785659066941440,4,4,42068.93846198865
2,B1-SCSA_PLUS,1369600439239458820,5,3,33612.73830155979
2,B1-SCSA_PLUS,1369601403686182915,6,4,27389.318181818184
2,B1-SCSA_PLUS,1369453291936088064,7,4,16019.688041594454
2,B1-SCSA_PLUS,1369498799673065473,8,4,14650.985544566045
2,B1-SCSA_PLUS,1369587331691208706,9,4,3575.6509090909094
2,B1-SCSA_PLUS,1363564146948665347,10,5,494.99999999658786
3,B1-SCSA_PLUS,1363896507242598402,1,4,21612.78947368421
3,B1-SCSA_PLUS,1321186362171666432,2,1,5723.567010309278
3,B1-SCSA_PLUS,1367883861271613441,3,5,4284.473684210527
3,B1-SCSA_PLUS,1369362392749121542,4,2,4282.908339076498
3,B1-SCSA_PLUS,1166395659500568579,5,2,3690.9858569051576
3,B1-SCSA_PLUS,1367559613005004800,6,2,1422.0907563025212
3,B1-SCSA_PLUS,1369030162298400778,7,2,1095.1104565537555
3,B1-SCSA_PLUS,1366963364975452162,8,2,161.9880319148936
3,B1-SCSA_PLUS,1353812372331220992,9,2,96.99481865284974
3,B1-SCSA_PLUS,1369048640111570951,10,2,0.0
4,B1-SCSA_PLUS,1369343506939019269,1,5,1900074.932504441
4,B1-SCSA_PLUS,1369959855692337152,2,1,81104.29535327817
4,B1-SCSA_PLUS,1369242094217404419,3,5,80592.23529411764
4,B1-SCSA_PLUS,1369397597421645834,4,5,60387.41074523396
4,B1-SCSA_PLUS,1370128693662785544,5,5,41881.726288987906
4,B1-SCSA_PLUS,1369598009084887043,6,5,39607.92567567567
4,B1-SCSA_PLUS,1369453291936088064,7,4,16019.688041594454
4,B1-SCSA_PLUS,1368835740529000449,8,5,10308.912162162162
4,B1-SCSA_PLUS,1369552733536219138,9,4,5984.315217391304
4,B1-SCSA_PLUS,1352325551621595136,10,2,44.82499999943319
5,B1-SCSA_PLUS,1369343506939019269,1,3,1900074.932504441
5,B1-SCSA_PLUS,1369382939289587718,2,5,148912.80458306812
5,B1-SCSA_PLUS,1369242094217404419,3,5,80592.23529411764
5,B1-SCSA_PLUS,1368975418741624833,4,5,58060.51411290323
5,B1-SCSA_PLUS,1369517501248372738,5,5,40778.70588235294
5,B1-SCSA_PLUS,1368856158010810369,6,5,21522.114864864863
5,B1-SCSA_PLUS,1369480643315462144,7,5,5149.185441941074
5,B1-SCSA_PLUS,1369612914982846469,8,5,4966.181818181818
5,B1-SCSA_PLUS,1369543002385956865,9,5,4519.225454545454
5,B1-SCSA_PLUS,1369590734672760836,10,5,1989.4391891891892
6,B1-SCSA_PLUS,1362794394848538628,1,5,3475991.2165263966
6,B1-SCSA_PLUS,1326208392923410432,2,4,2280502.747201075
6,B1-SCSA_PLUS,1357736029067874305,3,3,2081098.860494772
6,B1-SCSA_PLUS,1368867018854830081,4,5,716899.6524014778
6,B1-SCSA_PLUS,1274054340517527552,5,3,1697.7765734265736
6,B1-SCSA_PLUS,1368667864803213318,6,4,638.6759581881533
6,B1-SCSA_PLUS,1339526482142654466,7,4,565.7705612424991
6,B1-SCSA_PLUS,1356659266732650498,8,3,532.6051401869158
6,B1-SCSA_PLUS,1367608643596783616,9,3,298.3172561629153
6,B1-SCSA_PLUS,1357425371721965589,10,4,122.90887850467288
7,B1-SCSA_PLUS,1369342862656221187,1,4,5606.601351351351
7,B1-SCSA_PLUS,1359820217090768896,2,4,4244.412162162162
7,B1-SCSA_PLUS,1363849575279316998,3,4,2321.7297297297296
7,B1-SCSA_PLUS,1365618942501285888,4,5,924.6086956512058
7,B1-SCSA_PLUS,969126955193962496,5,3,737.75
7,B1-SCSA_PLUS,1368972324301602816,6,4,355.09677419354836
7,B1-SCSA_PLUS,1364974104491798530,7,4,75.75
7,B1-SCSA_PLUS,1367244704526393349,8,2,75.75
7,B1-SCSA_PLUS,1365376371376205838,9,4,75.75
7,B1-SCSA_PLUS,1368969473651261440,10,3,38.06896551724124
8,B1-SCSA_PLUS,1349748316901310464,1,5,78399633.95467374
8,B1-SCSA_PLUS,1359964129532862464,2,4,19779703.12562538
8,B1-SCSA_PLUS,1360637255132434433,3,4,18784054.953907583
8,B1-SCSA_PLUS,1337245958787244033,4,5,15449493.282586029
8,B1-SCSA_PLUS,1296750375114964992,5,5,1018974.3471830661
8,B1-SCSA_PLUS,1368703131652005888,6,5,669655.5504691039
8,B1-SCSA_PLUS,1363673526096470017,7,4,108954.99786780385
8,B1-SCSA_PLUS,1361140319002103813,8,4,35849.91044776119
8,B1-SCSA_PLUS,1363548342832218116,9,5,17931.257538816888
8,B1-SCSA_PLUS,1369095591607865347,10,4,7685.363941769316
9,B1-SCSA_PLUS,1341790679945670656,1,4,2089646.346666667
9,B1-SCSA_PLUS,1365001111946420226,2,4,223363.40444444446
9,B1-SCSA_PLUS,1322229311718494210,3,2,72376.23245937961
9,B1-SCSA_PLUS,1337774207971684352,4,5,47501.34932533733
9,B1-SCSA_PLUS,1322221808913928193,5,2,24727.709564254063
9,B1-SCSA_PLUS,1292597118763319296,6,5,23062.046263345197
9,B1-SCSA_PLUS,1363548342832218116,7,5,17931.257538816888
9,B1-SCSA_PLUS,1322191082235506689,8,4,15169.743647912885
9,B1-SCSA_PLUS,1275492317013479424,9,5,2879.5142857142855
9,B1-SCSA_PLUS,1362841895030968326,10,1,617.9765625
10,B1-SCSA_PLUS,1368550065502121985,1,5,206695.40487601585
10,B1-SCSA_PLUS,1369007428696743936,2,5,187325.8427224649
10,B1-SCSA_PLUS,1368982192194519043,3,4,158846.91653253618
10,B1-SCSA_PLUS,1369259792892633089,4,5,118891.35699213506
10,B1-SCSA_PLUS,1368645394348077067,5,5,66598.64032227125
10,B1-SCSA_PLUS,1368157353695121412,6,5,36020.38399632099
10,B1-SCSA_PLUS,1368173264602869761,7,5,13774.778761061949
10,B1-SCSA_PLUS,1368317364287180801,8,5,12548.183132530121
10,B1-SCSA_PLUS,1369382325633638404,9,5,9226.550617870724
10,B1-SCSA_PLUS,1368241591299760129,10,5,40.92592592592593
11,B1-SCSA_PLUS,1360046105170485249,1,3,16844056.91270823
11,B1-SCSA_PLUS,1338944728969035776,2,1,11462353.485280508
11,B1-SCSA_PLUS,1327659608903733249,3,5,3577807.7643622197
11,B1-SCSA_PLUS,1368703131652005888,4,2,669655.5504691039
11,B1-SCSA_PLUS,1360638198573981696,5,1,618184.5883527942
11,B1-SCSA_PLUS,1309555054295355394,6,5,479364.32716650434
11,B1-SCSA_PLUS,1269640838205902849,7,3,169415.9414396096
11,B1-SCSA_PLUS,1366833859829108738,8,5,130117.62769792487
11,B1-SCSA_PLUS,1327687747117740035,9,5,124949.0642201835
11,B1-SCSA_PLUS,1366208806535892995,10,5,77352.11513859275
12,B1-SCSA_PLUS,1321919226341306368,1,5,2320938.010832428
12,B1-SCSA_PLUS,1359318229735251977,2,3,430064.62537847506
12,B1-SCSA_PLUS,1272637078401097731,3,5,111933.76895940008
12,B1-SCSA_PLUS,1343974143646044160,4,5,43530.40792337832
12,B1-SCSA_PLUS,1366804263385501696,5,5,8457.006823351023
12,B1-SCSA_PLUS,1365155419564351490,6,5,4857.074343089083
12,B1-SCSA_PLUS,1365372438578667526,7,2,3990.588612156643
12,B1-SCSA_PLUS,1361396964227772419,8,5,435.9568709621093
12,B1-SCSA_PLUS,1364415183607586825,9,2,122.95041322314049
12,B1-SCSA_PLUS,1339746480014254081,10,5,114.07444492816717
13,B1-SCSA_PLUS,1357343495132880897,1,2,320490.7126137841
13,B1-SCSA_PLUS,1336808991792525325,2,2,243809.5513580587
13,B1-SCSA_PLUS,1354081977062850561,3,3,239305.1677503251
13,B1-SCSA_PLUS,1312476369830338561,4,4,83568.10012274243
13,B1-SCSA_PLUS,1327673915829866501,5,4,42554.10522331567
13,B1-SCSA_PLUS,1365346314956005378,6,2,6696.473684210526
13,B1-SCSA_PLUS,1285952748484083712,7,1,4004.0
13,B1-SCSA_PLUS,1362949278365143050,8,1,2888.7925377689603
13,B1-SCSA_PLUS,1337102429532217345,9,4,821.625
13,B1-SCSA_PLUS,1369324832702296067,10,2,271.64571428571423
15,B1-SCSA_PLUS,1321919226341306368,1,2,2320938.010832428
15,B1-SCSA_PLUS,1359318229735251977,2,4,430064.62537847506
15,B1-SCSA_PLUS,1272637078401097731,3,2,111933.76895940008
15,B1-SCSA_PLUS,1360653537781321732,4,5,68959.63152582805
15,B1-SCSA_PLUS,1343974143646044160,5,5,43530.40792337832
15,B1-SCSA_PLUS,1366804263385501696,6,2,8457.006823351023
15,B1-SCSA_PLUS,1365372438578667526,7,2,3990.588612156643
15,B1-SCSA_PLUS,1361396964227772419,8,2,435.9568709621093
15,B1-SCSA_PLUS,1364415183607586825,9,3,122.95041322314049
15,B1-SCSA_PLUS,1339746480014254081,10,3,114.07444492816717
16,B1-SCSA_PLUS,1367491019277799427,1,5,426337.720358408
16,B1-SCSA_PLUS,1367300479739441155,2,1,43886.41946562664
16,B1-SCSA_PLUS,1369400158912475136,3,1,26326.424429657796
16,B1-SCSA_PLUS,1369378396216692740,4,1,15299.298479087454
16,B1-SCSA_PLUS,1367625056570990592,5,2,3492.6166902404525
16,B1-SCSA_PLUS,1333807391079428096,6,1,2468.9896907216494
16,B1-SCSA_PLUS,1368144516558041088,7,1,1069.1277108433735
16,B1-SCSA_PLUS,1367629682439454722,8,1,705.4178537511871
16,B1-SCSA_PLUS,1346230432036233218,9,1,431.7857142857143
16,B1-SCSA_PLUS,1367269369521266691,10,5,160.4878048780488
17,B1-SCSA_PLUS,1365629350721249281,1,5,26384.303797468358
17,B1-SCSA_PLUS,1316030943174422528,2,5,15592.5
17,B1-SCSA_PLUS,1367507656269791241,3,5,6853.0625
17,B1-SCSA_PLUS,1366841911357620225,4,5,5938.566371681416
17,B1-SCSA_PLUS,1367474157626290181,5,5,5486.455696202532
17,B1-SCSA_PLUS,1358414579328561153,6,5,4171.350210970464
17,B1-SCSA_PLUS,1354993740562137089,7,1,1261.7714532783966
17,B1-SCSA_PLUS,1369000930809581570,8,5,1235.283185840708
17,B1-SCSA_PLUS,1316722494255099904,9,5,286.49136178861784
17,B1-SCSA_PLUS,1362674074732748803,10,1,232.431583498652
18,B1-SCSA_PLUS,1189330936300756992,1,5,14738736.074355947
18,B1-SCSA_PLUS,1338474408743215106,2,2,1514619.313440449
18,B1-SCSA_PLUS,1333425556659064833,3,3,1250927.9899551773
18,B1-SCSA_PLUS,1298591876963078146,4,2,955860.9334353482
18,B1-SCSA_PLUS,1331689113494446085,5,3,812494.5076424495
18,B1-SCSA_PLUS,1188118588290469890,6,5,429315.2661346308
18,B1-SCSA_PLUS,1368640454028386304,7,2,29048.859934853423
18,B1-SCSA_PLUS,1363561378552958976,8,2,5131.056806002144
18,B1-SCSA_PLUS,1368245620344029188,9,1,1073.9421221864952
18,B1-SCSA_PLUS,1365319660405678081,10,1,204.84813084112147
19,B1-SCSA_PLUS,1369343506939019269,1,3,1900074.932504441
19,B1-SCSA_PLUS,1369242094217404419,2,3,80592.23529411764
19,B1-SCSA_PLUS,1368923387532369922,3,5,5640.4285714285625
19,B1-SCSA_PLUS,1366588589191147526,4,3,3562.2483221476514
19,B1-SCSA_PLUS,1369038985188831234,5,5,2613.8571428571386
19,B1-SCSA_PLUS,1369207595785977860,6,3,220.60975609756096
19,B1-SCSA_PLUS,1329983375621435392,7,4,202.12659698724104
19,B1-SCSA_PLUS,1354908861572935681,8,4,73.1673764387738
19,B1-SCSA_PLUS,1352325551621595136,9,4,44.82499999943319
19,B1-SCSA_PLUS,1328394654375698433,10,3,0.0
20,B1-SCSA_PLUS,1367491019277799427,1,1,426337.720358408
20,B1-SCSA_PLUS,1368604247760244742,2,3,63181.59659781288
20,B1-SCSA_PLUS,1368788336333176833,3,1,10084.679347826086
20,B1-SCSA_PLUS,1369633104269357056,4,5,7234.324324324324
20,B1-SCSA_PLUS,1359943267148845058,5,1,850.2041800643087
20,B1-SCSA_PLUS,1368096530268323842,6,5,221.93548387096772
20,B1-SCSA_PLUS,1364970371716423682,7,5,189.375
20,B1-SCSA_PLUS,1366925854421495812,8,5,88.375
20,B1-SCSA_PLUS,1363915655720939521,9,5,63.125
20,B1-SCSA_PLUS,1359371849965199360,10,5,0.0
21,B1-SCSA_PLUS,1326208392923410432,1,5,2280502.747201075
21,B1-SCSA_PLUS,1367282096289443840,2,3,1286730.3962464933
21,B1-SCSA_PLUS,1217122703766970369,3,3,594188.6377800597
21,B1-SCSA_PLUS,1367323565008154630,4,1,7937.4135638297885
21,B1-SCSA_PLUS,1367556352445321216,5,5,5866.124369747899
21,B1-SCSA_PLUS,1365407006253801474,6,1,1834.6511254019292
21,B1-SCSA_PLUS,1369030162298400778,7,1,1095.1104565537555
21,B1-SCSA_PLUS,1356659266732650498,8,2,532.6051401869158
21,B1-SCSA_PLUS,1368978816849211392,9,5,486.75742574257424
21,B1-SCSA_PLUS,1362475510954156037,10,2,61.45443925233644
22,B1-SCSA_PLUS,1368614821147598851,1,5,1434127.8818353238
22,B1-SCSA_PLUS,1366209913865703426,2,5,983437.7309868007
22,B1-SCSA_PLUS,1369339704588570624,3,5,466899.025769956
22,B1-SCSA_PLUS,1369015063705612288,4,4,99104.576
22,B1-SCSA_PLUS,1367128088832745476,5,4,51134.22207446809
22,B1-SCSA_PLUS,1366234614650478594,6,5,16446.368022053754
22,B1-SCSA_PLUS,1367120318012280838,7,5,7966.209510682287
22,B1-SCSA_PLUS,1300100975793901569,8,2,2456.4780600461895
22,B1-SCSA_PLUS,1361812978425753600,9,4,1430.0854197349042
22,B1-SCSA_PLUS,1369043306487767040,10,5,98.46857142857144
23,B1-SCSA_PLUS,1344346181976129538,1,5,658060.0778967867
23,B1-SCSA_PLUS,1360962032598720516,2,5,331063.5432053176
23,B1-SCSA_PLUS,1331670759102681088,3,5,298382.3583252191
23,B1-SCSA_PLUS,1350173131823083520,4,5,160108.4707646177
23,B1-SCSA_PLUS,1311068940152401920,5,4,81421.63677673433
23,B1-SCSA_PLUS,1354864255749804039,6,5,67680.85333333333
23,B1-SCSA_PLUS,1363548342832218116,7,5,17931.257538816888
23,B1-SCSA_PLUS,1192092402061889536,8,4,6040.494296577946
23,B1-SCSA_PLUS,1261222316803063810,9,4,504.74552957359015
23,B1-SCSA_PLUS,1321088619814109184,10,5,151.81269446172993
24,B1-SCSA_PLUS,1359900546635870215,1,5,234413.06892067622
24,B1-SCSA_PLUS,1312476369830338561,2,5,83568.10012274243
24,B1-SCSA_PLUS,1362099968824254464,3,5,47282.339137017414
24,B1-SCSA_PLUS,1292597118763319296,4,3,23062.046263345197
24,B1-SCSA_PLUS,1365346314956005378,5,3,6696.473684210526
24,B1-SCSA_PLUS,1355530037152284675,6,5,5573.006410971123
24,B1-SCSA_PLUS,1366478355558780939,7,5,4234.422604422605
24,B1-SCSA_PLUS,1363203331745673220,8,5,1343.614864864865
24,B1-SCSA_PLUS,1369122357307191296,9,3,1029.0489130434783
24,B1-SCSA_PLUS,1337102429532217345,10,5,821.625
25,B1-SCSA_PLUS,1369343506939019269,1,5,1900074.932504441
25,B1-SCSA_PLUS,1369598009084887043,2,5,39607.92567567567
25,B1-SCSA_PLUS,1368856158010810369,3,5,21522.114864864863
25,B1-SCSA_PLUS,1368835740529000449,4,5,10308.912162162162
25,B1-SCSA_PLUS,1369587331691208706,5,5,3575.6509090909094
25,B1-SCSA_PLUS,1369590734672760836,6,5,1989.4391891891892
25,B1-SCSA_PLUS,1368970607216517129,7,5,524.2622950819673
25,B1-SCSA_PLUS,1329983375621435392,8,5,202.12659698724104
25,B1-SCSA_PLUS,1354908861572935681,9,5,73.1673764387738
25,B1-SCSA_PLUS,1352325551621595136,10,3,44.82499999943319
26,B1-SCSA_PLUS,1358024709137432577,1,2,100029.25445913
26,B1-SCSA_PLUS,1339559388303007744,2,2,97017.74797895548
26,B1-SCSA_PLUS,1322229311718494210,3,2,72376.23245937961
26,B1-SCSA_PLUS,1337774207971684352,4,4,47501.34932533733
26,B1-SCSA_PLUS,1363548342832218116,5,2,17931.257538816888
26,B1-SCSA_PLUS,1362748296045953027,6,4,1088.3108108108108
26,B1-SCSA_PLUS,968452175142649858,7,4,624.25
26,B1-SCSA_PLUS,970787289638096897,8,4,397.25
26,B1-SCSA_PLUS,1368999602867802126,9,4,166.55172413793042
26,B1-SCSA_PLUS,1364571918876073985,10,3,134.2173913042073
27,B1-SCSA_PLUS,1369343506939019269,1,4,1900074.932504441
27,B1-SCSA_PLUS,1369242094217404419,2,4,80592.23529411764
27,B1-SCSA_PLUS,1369598009084887043,3,5,39607.92567567567
27,B1-SCSA_PLUS,1370132866093420544,4,3,22602.836409929983
27,B1-SCSA_PLUS,1368856158010810369,5,5,21522.114864864863
27,B1-SCSA_PLUS,1368835740529000449,6,4,10308.912162162162
27,B1-SCSA_PLUS,1369552733536219138,7,5,5984.315217391304
27,B1-SCSA_PLUS,1369590734672760836,8,3,1989.4391891891892
27,B1-SCSA_PLUS,1329983375621435392,9,1,202.12659698724104
27,B1-SCSA_PLUS,1354908861572935681,10,4,73.1673764387738
28,B1-SCSA_PLUS,1323671285285703683,1,2,694824.9367088607
28,B1-SCSA_PLUS,1339289131575341057,2,3,493514.1635832522
28,B1-SCSA_PLUS,1343640147775152131,3,3,289701.4194398875
28,B1-SCSA_PLUS,1246491727306899456,4,5,140543.5644570964
28,B1-SCSA_PLUS,1331650428115759105,5,3,73476.82150648018
28,B1-SCSA_PLUS,1334641065870159874,6,3,43669.08
28,B1-SCSA_PLUS,1329849237299990529,7,3,22485.819793205315
28,B1-SCSA_PLUS,1355168831413645316,8,5,19625.19283121597
28,B1-SCSA_PLUS,1363548342832218116,9,3,17931.257538816888
28,B1-SCSA_PLUS,1340027052037169152,10,5,11860.737777777778
29,B1-SCSA_PLUS,1250919345955446784,1,4,671108.4475110893
29,B1-SCSA_PLUS,1367565667642331136,2,5,347426.1237057072
29,B1-SCSA_PLUS,1367565531189047299,3,3,47315.61282212445
29,B1-SCSA_PLUS,1367323565008154630,4,4,7937.4135638297885
29,B1-SCSA_PLUS,1369362392749121542,5,5,4282.908339076498
29,B1-SCSA_PLUS,1358793588382052358,6,4,1166.181818181818
29,B1-SCSA_PLUS,1369030162298400778,7,5,1095.1104565537555
29,B1-SCSA_PLUS,1367244848978227201,8,3,1007.3142857142858
29,B1-SCSA_PLUS,1366963364975452162,9,3,161.9880319148936
29,B1-SCSA_PLUS,1369148165471969284,10,4,107.14285714177392
30,B1-SCSA_PLUS,1360680119854104582,1,5,1136826.1282212446
30,B1-SCSA_PLUS,1362129662336450560,2,4,164651.18164676303
30,B1-SCSA_PLUS,1367128088832745476,3,3,51134.22207446809
30,B1-SCSA_PLUS,1366102978739007492,4,3,28472.774638180563
30,B1-SCSA_PLUS,1292597118763319296,5,3,23062.046263345197
30,B1-SCSA_PLUS,1366239727402196996,6,5,16651.947622329426
30,B1-SCSA_PLUS,1367120318012280838,7,4,7966.209510682287
30,B1-SCSA_PLUS,1300100975793901569,8,5,2456.4780600461895
30,B1-SCSA_PLUS,1366242438717661187,9,2,778.8118811881188
30,B1-SCSA_PLUS,1369037334885265408,10,3,666.6050420168067
31,B1-SCSA_PLUS,1369037449431715843,1,2,1535408.1695660157
31,B1-SCSA_PLUS,978748491936780289,2,4,143290.73006879806
31,B1-SCSA_PLUS,1364590913369083904,3,3,81726.64819944599
31,B1-SCSA_PLUS,1307034079381065732,4,4,43672.99590882525
31,B1-SCSA_PLUS,1362196257624625152,5,1,37893.78947368421
31,B1-SCSA_PLUS,1356766464162762754,6,3,36220.056018168056
31,B1-SCSA_PLUS,1360224092427812866,7,4,3809.0878378378375
31,B1-SCSA_PLUS,1362196930252726277,8,3,2249.1756756756754
31,B1-SCSA_PLUS,970013213092757504,9,4,1286.3333333333335
31,B1-SCSA_PLUS,1322130577684942848,10,2,24.808988764044944
32,B1-SCSA_PLUS,978970964762513409,1,3,6866.750000000001
32,B1-SCSA_PLUS,1369342862656221187,2,4,5606.601351351351
32,B1-SCSA_PLUS,1363849575279316998,3,4,2321.7297297297296
32,B1-SCSA_PLUS,1365618942501285888,4,2,924.6086956512058
32,B1-SCSA_PLUS,969126955193962496,5,3,737.75
32,B1-SCSA_PLUS,1362748149853396993,6,3,328.0869565213956
32,B1-SCSA_PLUS,1369320575945019399,7,3,152.50285714285712
32,B1-SCSA_PLUS,1365376371376205838,8,3,75.75
32,B1-SCSA_PLUS,1364974104491798530,9,3,75.75
32,B1-SCSA_PLUS,1364237278516830212,10,3,63.125
33,B1-SCSA_PLUS,1369343506939019269,1,4,1900074.932504441
33,B1-SCSA_PLUS,1369598009084887043,2,3,39607.92567567567
33,B1-SCSA_PLUS,1368856158010810369,3,4,21522.114864864863
33,B1-SCSA_PLUS,1369113689845022721,4,2,10496.294117647058
33,B1-SCSA_PLUS,1368835740529000449,5,4,10308.912162162162
33,B1-SCSA_PLUS,1369552733536219138,6,4,5984.315217391304
33,B1-SCSA_PLUS,1369590734672760836,7,4,1989.4391891891892
33,B1-SCSA_PLUS,1368978600964349955,8,4,1100.5714285714268
33,B1-SCSA_PLUS,1364311211194675203,9,3,393.563964901741
33,B1-SCSA_PLUS,1369207595785977860,10,4,220.60975609756096
34,B1-SCSA_PLUS,1370098415938498560,1,4,930040.2393380012
34,B1-SCSA_PLUS,1369500754000699392,2,3,103528.27480580752
34,B1-SCSA_PLUS,1368856158010810369,3,3,21522.114864864863
34,B1-SCSA_PLUS,1368835740529000449,4,4,10308.912162162162
34,B1-SCSA_PLUS,1369552733536219138,5,3,5984.315217391304
34,B1-SCSA_PLUS,1369590734672760836,6,4,1989.4391891891892
34,B1-SCSA_PLUS,1369617111014924289,7,3,591.1363636363637
34,B1-SCSA_PLUS,1364311211194675203,8,3,393.563964901741
34,B1-SCSA_PLUS,1367190653269073930,9,5,88.77419354838709
34,B1-SCSA_PLUS,1368607437310353408,10,2,15.701921447917073
35,B1-SCSA_PLUS,1366296962409123843,1,2,3849160.787925436
35,B1-SCSA_PLUS,1332444252895404033,2,1,248029.55894269727
35,B1-SCSA_PLUS,1340976808989241344,3,2,223667.961877868
35,B1-SCSA_PLUS,1368939573586386945,4,2,37595.92833876222
35,B1-SCSA_PLUS,1365315694167011328,5,1,29211.343457943924
35,B1-SCSA_PLUS,1273723492186443782,6,3,8882.153146853147
35,B1-SCSA_PLUS,1367617268734164992,7,1,870.6486486486485
35,B1-SCSA_PLUS,1368776591388647424,8,1,670.3583061889251
35,B1-SCSA_PLUS,1368954564133654529,9,1,94.9891304347826
35,B1-SCSA_PLUS,1352326523026632706,10,1,0.0
36,B1-SCSA_PLUS,1151160990995746816,1,5,4512362.981191996
36,B1-SCSA_PLUS,1357735941637603331,2,5,2361416.1499513146
36,B1-SCSA_PLUS,1326208392923410432,3,5,2280502.747201075
36,B1-SCSA_PLUS,1341790679945670656,4,4,2089646.346666667
36,B1-SCSA_PLUS,1343240225129168898,5,5,405101.75650575606
36,B1-SCSA_PLUS,1365001111946420226,6,4,223363.40444444446
36,B1-SCSA_PLUS,1367610810789326850,7,5,165371.34515953952
36,B1-SCSA_PLUS,1312476369830338561,8,3,83568.10012274243
36,B1-SCSA_PLUS,1322229311718494210,9,4,72376.23245937961
36,B1-SCSA_PLUS,1350201158426648581,10,5,72283.99110522332
37,B1-SCSA_PLUS,1189330936300756992,1,2,14738736.074355947
37,B1-SCSA_PLUS,1338474408743215106,2,1,1514619.313440449
37,B1-SCSA_PLUS,1333425556659064833,3,1,1250927.9899551773
37,B1-SCSA_PLUS,1298591876963078146,4,1,955860.9334353482
37,B1-SCSA_PLUS,1368703131652005888,5,4,669655.5504691039
37,B1-SCSA_PLUS,1326902644322017281,6,4,366363.223690103
37,B1-SCSA_PLUS,1368640454028386304,7,3,29048.859934853423
37,B1-SCSA_PLUS,1272338362909655040,8,1,230.206993006993
37,B1-SCSA_PLUS,1365319660405678081,9,1,204.84813084112147
37,B1-SCSA_PLUS,1357452896976179201,10,1,128.37735849056605
38,B1-SCSA_PLUS,1367766039254163458,1,5,140781.64006604292
38,B1-SCSA_PLUS,1369498799673065473,2,4,14650.985544566045
38,B1-SCSA_PLUS,1368923387532369922,3,5,5640.4285714285625
38,B1-SCSA_PLUS,1369038985188831234,4,5,2613.8571428571386
38,B1-SCSA_PLUS,1363564146948665347,5,4,494.99999999658786
38,B1-SCSA_PLUS,1369214396489170946,6,5,184.7998252102704
38,B1-SCSA_PLUS,1358819633629921283,7,5,134.7510646581607
38,B1-SCSA_PLUS,1368619226865471493,8,5,83.99992055012291
38,B1-SCSA_PLUS,1352325551621595136,9,5,44.82499999943319
38,B1-SCSA_PLUS,1368849083201359873,10,5,0.0
39,B1-SCSA_PLUS,1258788139159613441,1,2,2213128.7868634243
39,B1-SCSA_PLUS,1356685006916079616,2,2,1320240.5032933238
39,B1-SCSA_PLUS,1287526789707776000,3,2,1078811.5276733977
39,B1-SCSA_PLUS,1359863795586396168,4,4,220730.0831075541
39,B1-SCSA_PLUS,1291859496826843137,5,3,57526.43265306123
39,B1-SCSA_PLUS,1252286536738934786,6,3,19654.95672823219
39,B1-SCSA_PLUS,754011760257069056,7,5,7941.247484909456
39,B1-SCSA_PLUS,1369362392749121542,8,4,4282.908339076498
39,B1-SCSA_PLUS,425668533293289472,9,3,2043.1198863199315
39,B1-SCSA_PLUS,1364897061083127808,10,3,251.9996731205057
40,B1-SCSA_PLUS,1323342666361430019,1,5,1716888.0116845178
40,B1-SCSA_PLUS,1351182747721748487,2,1,490188.5333333333
40,B1-SCSA_PLUS,1324782095177306119,3,5,366968.9016553067
40,B1-SCSA_PLUS,1355908706026758144,4,5,107142.94464609801
40,B1-SCSA_PLUS,1360611979879186438,5,2,98730.17323238804
40,B1-SCSA_PLUS,1311355905120690176,6,5,80001.05725537716
40,B1-SCSA_PLUS,1337411829853802496,7,5,77815.44227886057
40,B1-SCSA_PLUS,1357369869222690817,8,2,37448.41333333334
40,B1-SCSA_PLUS,1329846979401191424,9,1,23221.96270310192
40,B1-SCSA_PLUS,1331202835334225920,10,1,19643.682792249456
41,B1-SCSA_PLUS,1189330936300756992,1,5,14738736.074355947
41,B1-SCSA_PLUS,1340930237819924480,2,2,14512239.288121512
41,B1-SCSA_PLUS,1346507839909445632,3,3,8097926.935596378
41,B1-SCSA_PLUS,1326208392923410432,4,3,2280502.747201075
41,B1-SCSA_PLUS,1338474408743215106,5,3,1514619.313440449
41,B1-SCSA_PLUS,1298591876963078146,6,2,955860.9334353482
41,B1-SCSA_PLUS,1331689113494446085,7,3,812494.5076424495
41,B1-SCSA_PLUS,1357382231816359939,8,2,517687.81070397067
41,B1-SCSA_PLUS,1290659734639521798,9,2,225579.10658283567
41,B1-SCSA_PLUS,1367890477849210881,10,1,175195.92787476437
42,B1-SCSA_PLUS,1342687407326580737,1,5,727490.8861508132
42,B1-SCSA_PLUS,1326177511684919300,2,2,31777.072449482504
42,B1-SCSA_PLUS,1369362392749121542,3,1,4282.908339076498
42,B1-SCSA_PLUS,1363947240369229825,4,5,3604.8445431472082
42,B1-SCSA_PLUS,1368453072666521600,5,5,2162.966916108704
42,B1-SCSA_PLUS,1369101047826841604,6,1,1178.5714285595132
42,B1-SCSA_PLUS,1369418368554569728,7,1,176.5687278456085
42,B1-SCSA_PLUS,1369148238138208257,8,1,142.85714285569856
42,B1-SCSA_PLUS,1368116399097344003,9,5,0.0
42,B1-SCSA_PLUS,1313580109727584256,10,1,0.0
43,B1-SCSA_PLUS,1338944728969035776,1,2,11462353.485280508
43,B1-SCSA_PLUS,1336324934688116743,2,2,10465956.012518812
43,B1-SCSA_PLUS,1360638198573981696,3,2,618184.5883527942
43,B1-SCSA_PLUS,1366208806535892995,4,2,77352.11513859275
43,B1-SCSA_PLUS,1367946423736537089,5,2,54027.86102509591
43,B1-SCSA_PLUS,1354547483083329538,6,2,29037.166495618538
43,B1-SCSA_PLUS,1357714688994390016,7,2,23850.817238964904
43,B1-SCSA_PLUS,1363548342832218116,8,2,17931.257538816888
43,B1-SCSA_PLUS,1359185296382779393,9,2,7473.516237402015
43,B1-SCSA_PLUS,1367629682439454722,10,2,705.4178537511871
44,B1-SCSA_PLUS,1326208392923410432,1,5,2280502.747201075
44,B1-SCSA_PLUS,1258788139159613441,2,4,2213128.7868634243
44,B1-SCSA_PLUS,1369343506939019269,3,3,1900074.932504441
44,B1-SCSA_PLUS,1356685006916079616,4,2,1320240.5032933238
44,B1-SCSA_PLUS,1253009440107720704,5,5,1316532.9202143527
44,B1-SCSA_PLUS,1287526789707776000,6,2,1078811.5276733977
44,B1-SCSA_PLUS,1359863795586396168,7,3,220730.0831075541
44,B1-SCSA_PLUS,1291859496826843137,8,4,57526.43265306123
44,B1-SCSA_PLUS,1369041862414241800,9,3,8927.882352941177
44,B1-SCSA_PLUS,425668533293289472,10,3,2043.1198863199315
45,B1-SCSA_PLUS,1367430380463267844,1,3,140463.0935510204
45,B1-SCSA_PLUS,1327627598726377475,2,4,133874.02971428572
45,B1-SCSA_PLUS,1184016623394590721,3,4,79442.22990492653
45,B1-SCSA_PLUS,1310595678226219015,4,3,58953.170462796144
45,B1-SCSA_PLUS,1365659227256098816,5,3,48243.95405265875
45,B1-SCSA_PLUS,1345706642080493568,6,3,23969.336942726757
45,B1-SCSA_PLUS,1344344721506885641,7,3,20308.54731820526
45,B1-SCSA_PLUS,1228653223269076992,8,3,13057.200705440835
45,B1-SCSA_PLUS,1338619251050115072,9,2,5055.083307903569
45,B1-SCSA_PLUS,1361708535294255106,10,3,3746.2465152297373
46,B1-SCSA_PLUS,1369343506939019269,1,3,1900074.932504441
46,B1-SCSA_PLUS,1369482917248970754,2,3,234977.70047094036
46,B1-SCSA_PLUS,1368856158010810369,3,5,21522.114864864863
46,B1-SCSA_PLUS,1369483145129713665,4,4,11738.18181818182
46,B1-SCSA_PLUS,1368835740529000449,5,4,10308.912162162162
46,B1-SCSA_PLUS,1369552733536219138,6,4,5984.315217391304
46,B1-SCSA_PLUS,1368923387532369922,7,3,5640.4285714285625
46,B1-SCSA_PLUS,1369038985188831234,8,3,2613.8571428571386
46,B1-SCSA_PLUS,1369590734672760836,9,4,1989.4391891891892
46,B1-SCSA_PLUS,1369619151506071561,10,3,525.4545454545455
47,B1-SCSA_PLUS,1360638198573981696,1,2,618184.5883527942
47,B1-SCSA_PLUS,1368577180557406208,2,5,398843.8882501725
47,B1-SCSA_PLUS,1369007428696743936,3,5,187325.8427224649
47,B1-SCSA_PLUS,1368982192194519043,4,5,158846.91653253618
47,B1-SCSA_PLUS,1367557867260289032,5,5,76948.14252969368
47,B1-SCSA_PLUS,1368116641360384005,6,5,69030.54815200416
47,B1-SCSA_PLUS,1368157353695121412,7,5,36020.38399632099
47,B1-SCSA_PLUS,1367500677002452992,8,5,3594.4249905646684
47,B1-SCSA_PLUS,1368241591299760129,9,5,40.92592592592593
47,B1-SCSA_PLUS,1369359775230812163,10,5,35.999998574522195
48,B1-SCSA_PLUS,1369453000570310660,1,5,134793.32755632582
48,B1-SCSA_PLUS,1054037653379670016,2,2,37643.4034416826
48,B1-SCSA_PLUS,1369559064485715968,3,5,26301.05882352941
48,B1-SCSA_PLUS,1349071385360887808,4,3,24603.97076023392
48,B1-SCSA_PLUS,1367487878259957765,5,2,4809.8776595744675
48,B1-SCSA_PLUS,1334986629560344579,6,2,765.642750373692
48,B1-SCSA_PLUS,1253046974389067776,7,1,449.37096774193554
48,B1-SCSA_PLUS,1299377724415500293,8,3,385.1470586591496
48,B1-SCSA_PLUS,1344756801242357768,9,5,154.05882346365982
48,B1-SCSA_PLUS,956689717608595456,10,2,5.019120458891013
49,B1-SCSA_PLUS,1301614505823141888,1,5,6916.6135922330095
49,B1-SCSA_PLUS,1310279026741841922,2,5,6547.636041568257
49,B1-SCSA_PLUS,1357749874645749765,3,5,3456.585567010309
49,B1-SCSA_PLUS,1187825368067117057,4,5,2351.576978417266
49,B1-SCSA_PLUS,1320101239363809280,5,1,647.6785714285714
49,B1-SCSA_PLUS,1253046974389067776,6,5,449.37096774193554
49,B1-SCSA_PLUS,1299377724415500293,7,2,385.1470586591496
49,B1-SCSA_PLUS,1344756801242357768,8,1,154.05882346365982
49,B1-SCSA_PLUS,1366842371724476422,9,1,98.3529411764706
49,B1-SCSA_PLUS,956689717608595456,10,2,5.019120458891013
50,B1-SCSA_PLUS,1326208392923410432,1,3,2280502.747201075
50,B1-SCSA_PLUS,1369343506939019269,2,5,1900074.932504441
50,B1-SCSA_PLUS,1342500356316667904,3,3,657380.6946889814
50,B1-SCSA_PLUS,1367491019277799427,4,5,426337.720358408
50,B1-SCSA_PLUS,1369434342053806090,5,3,61270.82758183203
50,B1-SCSA_PLUS,1369621841204088832,6,3,42324.91915977085
50,B1-SCSA_PLUS,1369597995499593729,7,4,1313.6363636363637
50,B1-SCSA_PLUS,1369614780676399108,8,3,1092.56
50,B1-SCSA_PLUS,1368939918727278599,9,5,806.5349397590362
50,B1-SCSA_PLUS,1356659266732650498,10,5,532.6051401869158
51,B1-SCSA_PLUS,1189330936300756992,1,5,14738736.074355947
51,B1-SCSA_PLUS,1344946472618344448,2,5,4130140.217291508
51,B1-SCSA_PLUS,1326208392923410432,3,5,2280502.747201075
51,B1-SCSA_PLUS,1338474408743215106,4,5,1514619.313440449
51,B1-SCSA_PLUS,1298591876963078146,5,5,955860.9334353482
51,B1-SCSA_PLUS,1293138169832103936,6,2,778469.5638867636
51,B1-SCSA_PLUS,1367214902624980995,7,5,324033.792
51,B1-SCSA_PLUS,1369362392749121542,8,1,4282.908339076498
51,B1-SCSA_PLUS,1356659266732650498,9,5,532.6051401869158
51,B1-SCSA_PLUS,1366963364975452162,10,2,161.9880319148936
53,B1-SCSA_PLUS,1368652673935933450,1,1,177408.0
53,B1-SCSA_PLUS,1368561876972494852,2,1,68663.58649207442
53,B1-SCSA_PLUS,1366247302843621377,3,2,34657.12871287129
53,B1-SCSA_PLUS,1305204600228573184,4,1,13553.833718244807
53,B1-SCSA_PLUS,1367323565008154630,5,1,7937.4135638297885
53,B1-SCSA_PLUS,1366458502986694658,6,1,4283.465346534654
53,B1-SCSA_PLUS,1368239051979943936,7,1,2044.255462184874
53,B1-SCSA_PLUS,1367244848978227201,8,1,1007.3142857142858
53,B1-SCSA_PLUS,1369025685893738496,9,1,690.4831031124897
53,B1-SCSA_PLUS,1369040473008996353,10,3,32.822857142857146
54,B1-SCSA_PLUS,1326208392923410432,1,5,2280502.747201075
54,B1-SCSA_PLUS,1273919207038693376,2,5,971987.4215761286
54,B1-SCSA_PLUS,1362454325876969478,3,1,888687.3224387178
54,B1-SCSA_PLUS,1368970511175151620,4,5,10132.396638655462
54,B1-SCSA_PLUS,1369362392749121542,5,5,4282.908339076498
54,B1-SCSA_PLUS,1368976123896336389,6,5,3421.9058823529413
54,B1-SCSA_PLUS,1368971556320206848,7,2,3369.461333333333
54,B1-SCSA_PLUS,1356659266732650498,8,5,532.6051401869158
54,B1-SCSA_PLUS,1366963364975452162,9,1,161.9880319148936
54,B1-SCSA_PLUS,1367212796631416832,10,2,80.9940159574468
55,B1-SCSA_PLUS,1366946573528100864,1,4,14009.065774155993
55,B1-SCSA_PLUS,1310279026741841922,2,4,6547.636041568257
55,B1-SCSA_PLUS,1367479945686093825,3,5,6534.396961063628
55,B1-SCSA_PLUS,1368753671568322564,4,4,4097.441489361702
55,B1-SCSA_PLUS,1367245903472558081,5,5,1813.9316239316238
55,B1-SCSA_PLUS,1368715397415964674,6,3,922.9471598414796
55,B1-SCSA_PLUS,1368607626494308354,7,5,524.0418118466899
55,B1-SCSA_PLUS,1367225773166190592,8,5,363.8922610015174
55,B1-SCSA_PLUS,1367170047081402380,9,4,19.65156794425087
55,B1-SCSA_PLUS,956689717608595456,10,5,5.019120458891013
57,B1-SCSA_PLUS,1323309743218282496,1,3,536630.3401587505
57,B1-SCSA_PLUS,1291098932987269128,2,3,491285.4052596089
57,B1-SCSA_PLUS,1325467261239431170,3,5,311538.1408956756
57,B1-SCSA_PLUS,1339313549626273793,4,3,195135.0880859375
57,B1-SCSA_PLUS,1257063194687832064,5,5,32605.619852309803
57,B1-SCSA_PLUS,1337159750644080645,6,3,7962.533088950886
57,B1-SCSA_PLUS,1368923387532369922,7,4,5640.4285714285625
57,B1-SCSA_PLUS,1369038985188831234,8,4,2613.8571428571386
57,B1-SCSA_PLUS,1217178366597570560,9,2,2226.517209445902
57,B1-SCSA_PLUS,762025473794867200,10,3,61.36363636363636
58,B1-SCSA_PLUS,1368614821147598851,1,5,1434127.8818353238
58,B1-SCSA_PLUS,1360680119854104582,2,5,1136826.1282212446
58,B1-SCSA_PLUS,1369339704588570624,3,5,466899.025769956
58,B1-SCSA_PLUS,1369015063705612288,4,5,99104.576
58,B1-SCSA_PLUS,1367128088832745476,5,5,51134.22207446809
58,B1-SCSA_PLUS,1362945064209575938,6,5,26119.5
58,B1-SCSA_PLUS,1366239727402196996,7,5,16651.947622329426
58,B1-SCSA_PLUS,1366234614650478594,8,5,16446.368022053754
58,B1-SCSA_PLUS,1315366562069700616,9,5,2703.360277136259
58,B1-SCSA_PLUS,1300100975793901569,10,5,2456.4780600461895
60,B1-SCSA_PLUS,1342394653887369216,1,5,3562194.6258607497
60,B1-SCSA_PLUS,1326208392923410432,2,5,2280502.747201075
60,B1-SCSA_PLUS,1273919207038693376,3,5,971987.4215761286
60,B1-SCSA_PLUS,1367214902624980995,4,5,324033.792
60,B1-SCSA_PLUS,1361000829247963141,5,5,15915.225616291535
60,B1-SCSA_PLUS,1369362392749121542,6,5,4282.908339076498
60,B1-SCSA_PLUS,1369030162298400778,7,5,1095.1104565537555
60,B1-SCSA_PLUS,1368760958261268480,8,5,558.6319218241043
60,B1-SCSA_PLUS,1356659266732650498,9,5,532.6051401869158
60,B1-SCSA_PLUS,1367262209160736770,10,5,0.0
61,B1-SCSA_PLUS,1341013863110762496,1,3,3176980.6526232627
61,B1-SCSA_PLUS,1326208392923410432,2,4,2280502.747201075
61,B1-SCSA_PLUS,1250919345955446784,3,5,671108.4475110893
61,B1-SCSA_PLUS,1354051463190732800,4,4,42219.19976635513
61,B1-SCSA_PLUS,1358793588382052358,5,2,1166.181818181818
61,B1-SCSA_PLUS,1359645020974845952,6,5,960.0173410404624
61,B1-SCSA_PLUS,1357058139720478731,7,4,798.9077102803737
61,B1-SCSA_PLUS,1356659266732650498,8,4,532.6051401869158
61,B1-SCSA_PLUS,1242146375950675969,9,3,183.89189189189193
61,B1-SCSA_PLUS,1369148165471969284,10,3,107.14285714177392
62,B1-SCSA_PLUS,1336808991792525325,1,4,243809.5513580587
62,B1-SCSA_PLUS,1354081977062850561,2,4,239305.1677503251
62,B1-SCSA_PLUS,1312476369830338561,3,4,83568.10012274243
62,B1-SCSA_PLUS,1336517598029213698,4,4,59168.134748839555
62,B1-SCSA_PLUS,1362099968824254464,5,4,47282.339137017414
62,B1-SCSA_PLUS,1198044435163967488,6,4,31390.93845344556
62,B1-SCSA_PLUS,1365346314956005378,7,4,6696.473684210526
62,B1-SCSA_PLUS,1366478355558780939,8,4,4234.422604422605
62,B1-SCSA_PLUS,1334706123971162115,9,4,3937.2429146601407
62,B1-SCSA_PLUS,1369374583598571524,10,4,643.8348868175765
63,B1-SCSA_PLUS,1369343506939019269,1,2,1900074.932504441
63,B1-SCSA_PLUS,1369343506939019269,2,1,1900074.932504441
63,B1-SCSA_PLUS,1367766039254163458,3,3,140781.64006604292
63,B1-SCSA_PLUS,1369490617592467456,4,1,111537.36018776962
63,B1-SCSA_PLUS,1369281300453015552,5,1,89356.29032258065
63,B1-SCSA_PLUS,1369242094217404419,6,2,80592.23529411764
63,B1-SCSA_PLUS,1368856158010810369,7,5,21522.114864864863
63,B1-SCSA_PLUS,1368856158010810369,8,5,21522.114864864863
63,B1-SCSA_PLUS,1369498799673065473,9,4,14650.985544566045
63,B1-SCSA_PLUS,1368835740529000449,10,5,10308.912162162162
66,B1-SCSA_PLUS,1305852766850555904,1,5,2211002.9887971906
66,B1-SCSA_PLUS,958350559177736194,2,4,59947.130068798055
66,B1-SCSA_PLUS,1316030943174422528,3,2,15592.5
66,B1-SCSA_PLUS,1330977426906689538,4,2,2420.4269662921347
66,B1-SCSA_PLUS,1355113743504584706,5,3,1569.5049504950496
66,B1-SCSA_PLUS,1361587149062082561,6,1,1460.9985248486696
66,B1-SCSA_PLUS,1354993740562137089,7,3,1261.7714532783966
66,B1-SCSA_PLUS,423079851592257536,8,2,504.6277665995975
66,B1-SCSA_PLUS,1354775320658898944,9,2,167.46067415730337
66,B1-SCSA_PLUS,1356654923870572546,10,2,91.55445544554456
68,B1-SCSA_PLUS,1327659608903733249,1,5,3577807.7643622197
68,B1-SCSA_PLUS,1354966674525597698,2,5,2869539.4222160946
68,B1-SCSA_PLUS,1352380607314145283,3,5,142649.92505677516
68,B1-SCSA_PLUS,1357788145794887681,4,5,129058.22626788038
68,B1-SCSA_PLUS,1349392742212726785,5,5,123739.03944516688
68,B1-SCSA_PLUS,1323308897638125568,6,5,101597.6766055046
68,B1-SCSA_PLUS,1293655120706600960,7,4,74884.04804270463
68,B1-SCSA_PLUS,1323278697466630145,8,5,59649.839335180055
68,B1-SCSA_PLUS,1366709249137643523,9,5,45074.18195816759
68,B1-SCSA_PLUS,1364598637163126785,10,5,42829.085457271365
70,B1-SCSA_PLUS,1369343506939019269,1,5,1900074.932504441
70,B1-SCSA_PLUS,1369242094217404419,2,5,80592.23529411764
70,B1-SCSA_PLUS,1370041595605753862,3,5,68251.70210057289
70,B1-SCSA_PLUS,1369440747641049091,4,4,62723.09302325582
70,B1-SCSA_PLUS,1368856158010810369,5,5,21522.114864864863
70,B1-SCSA_PLUS,1368835740529000449,6,5,10308.912162162162
70,B1-SCSA_PLUS,1369573257234550784,7,5,6674.870017331022
70,B1-SCSA_PLUS,1369552733536219138,8,5,5984.315217391304
70,B1-SCSA_PLUS,1369590734672760836,9,5,1989.4391891891892
70,B1-SCSA_PLUS,1352326523026632706,10,5,0.0
71,B1-SCSA_PLUS,1189330936300756992,1,5,14738736.074355947
71,B1-SCSA_PLUS,1151160990995746816,2,5,4512362.981191996
71,B1-SCSA_PLUS,1326208392923410432,3,4,2280502.747201075
71,B1-SCSA_PLUS,1338474408743215106,4,3,1514619.313440449
71,B1-SCSA_PLUS,1298591876963078146,5,3,955860.9334353482
71,B1-SCSA_PLUS,1324784149241147394,6,3,741232.0367253252
71,B1-SCSA_PLUS,1343240225129168898,7,4,405101.75650575606
71,B1-SCSA_PLUS,1312476369830338561,8,4,83568.10012274243
71,B1-SCSA_PLUS,1281615412459782145,9,5,15749.995104895106
71,B1-SCSA_PLUS,1356659266732650498,10,5,532.6051401869158
72,B1-SCSA_PLUS,1369343506939019269,1,2,1900074.932504441
72,B1-SCSA_PLUS,1346184604827279360,2,5,933298.3608124254
72,B1-SCSA_PLUS,1298277043499462656,3,5,66072.55216242984
72,B1-SCSA_PLUS,1364248308781248517,4,5,65758.76147243315
72,B1-SCSA_PLUS,1351256621993738240,5,5,43423.246117084826
72,B1-SCSA_PLUS,1364662601473429514,6,5,30177.51971326165
72,B1-SCSA_PLUS,1364604015103778820,7,4,24760.379330943848
72,B1-SCSA_PLUS,1329459194601193472,8,5,17150.62240013206
72,B1-SCSA_PLUS,1259963743716298754,9,3,1783.4624999999999
72,B1-SCSA_PLUS,1362476144830812161,10,4,46.31578946896607
73,B1-SCSA_PLUS,1367763412244172802,1,2,56617.12713263622
73,B1-SCSA_PLUS,1369498799673065473,2,2,14650.985544566045
73,B1-SCSA_PLUS,1368988690211627016,3,3,1696.714285714283
73,B1-SCSA_PLUS,968884303131234305,4,4,1362.0
73,B1-SCSA_PLUS,1369181799029571589,5,5,997.1590909076642
73,B1-SCSA_PLUS,1369031455695900677,6,4,871.2857142857129
73,B1-SCSA_PLUS,1363564146948665347,7,3,494.99999999658786
73,B1-SCSA_PLUS,1369047712184889353,8,5,376.7045454540065
73,B1-SCSA_PLUS,1369327333824430080,9,3,42.18693390681541
73,B1-SCSA_PLUS,1369416324275961858,10,5,23.18181818181818
74,B1-SCSA_PLUS,1369990624041140230,1,1,175504.37683004455
74,B1-SCSA_PLUS,1370088400410324994,2,4,135617.0184595799
74,B1-SCSA_PLUS,1369598009084887043,3,5,39607.92567567567
74,B1-SCSA_PLUS,1368835740529000449,4,5,10308.912162162162
74,B1-SCSA_PLUS,1369475640076996610,5,1,7151.646447140381
74,B1-SCSA_PLUS,1369552733536219138,6,5,5984.315217391304
74,B1-SCSA_PLUS,1368923387532369922,7,3,5640.4285714285625
74,B1-SCSA_PLUS,1369038985188831234,8,3,2613.8571428571386
74,B1-SCSA_PLUS,1364311211194675203,9,4,393.563964901741
74,B1-SCSA_PLUS,1369207595785977860,10,5,220.60975609756096
76,B1-SCSA_PLUS,1349748316901310464,1,2,78399633.95467374
76,B1-SCSA_PLUS,1322665368108716033,2,3,23467390.09843518
76,B1-SCSA_PLUS,1338944728969035776,3,4,11462353.485280508
76,B1-SCSA_PLUS,1331756802078334982,4,2,5362374.282089332
76,B1-SCSA_PLUS,1360638198573981696,5,3,618184.5883527942
76,B1-SCSA_PLUS,1357382231816359939,6,3,517687.81070397067
76,B1-SCSA_PLUS,1366222136591872000,7,3,145429.4712153518
76,B1-SCSA_PLUS,1367946423736537089,8,4,54027.86102509591
76,B1-SCSA_PLUS,1354853026545102849,9,2,9278.144830160507
76,B1-SCSA_PLUS,1369095591607865347,10,2,7685.363941769316
77,B1-SCSA_PLUS,1369598009084887043,1,4,39607.92567567567
77,B1-SCSA_PLUS,1368835740529000449,2,4,10308.912162162162
77,B1-SCSA_PLUS,1369552733536219138,3,3,5984.315217391304
77,B1-SCSA_PLUS,1368923387532369922,4,5,5640.4285714285625
77,B1-SCSA_PLUS,1366588589191147526,5,4,3562.2483221476514
77,B1-SCSA_PLUS,1369038985188831234,6,2,2613.8571428571386
77,B1-SCSA_PLUS,1364311211194675203,7,3,393.563964901741
77,B1-SCSA_PLUS,1354908861572935681,8,5,73.1673764387738
77,B1-SCSA_PLUS,1352325551621595136,9,4,44.82499999943319
77,B1-SCSA_PLUS,1328394654375698433,10,4,0.0
78,B1-SCSA_PLUS,1367339191961489408,1,3,91380.75742142025
78,B1-SCSA_PLUS,1368204280629444611,2,1,13012.413012729845
78,B1-SCSA_PLUS,1367307559640571904,3,1,10582.524010477298
78,B1-SCSA_PLUS,1368686691452608517,4,1,5199.343085106383
78,B1-SCSA_PLUS,1367295348574728194,5,3,3359.986029454567
78,B1-SCSA_PLUS,1367318893191196674,6,1,2164.9477351916375
78,B1-SCSA_PLUS,1366609467803074561,7,3,1978.975720789074
78,B1-SCSA_PLUS,1369407651914932229,8,1,779.6723646723647
78,B1-SCSA_PLUS,1367486237574123525,9,3,717.2822299651568
78,B1-SCSA_PLUS,1366894541475696640,10,1,141.09803921568627
79,B1-SCSA_PLUS,1341790679945670656,1,5,2089646.346666667
79,B1-SCSA_PLUS,1322229311718494210,2,3,72376.23245937961
79,B1-SCSA_PLUS,1292597118763319296,3,5,23062.046263345197
79,B1-SCSA_PLUS,1365017631321858052,4,2,19010.18918918919
79,B1-SCSA_PLUS,1360011987493789696,5,2,15057.0
79,B1-SCSA_PLUS,1324424895749652481,6,3,9606.167071688942
79,B1-SCSA_PLUS,1354523590742446080,7,3,2431.0939418935022
79,B1-SCSA_PLUS,1361735737411067909,8,4,2069.2261020987994
79,B1-SCSA_PLUS,1307137727067029506,9,2,1000.3066666666666
79,B1-SCSA_PLUS,1362841895030968326,10,4,617.9765625
81,B1-SCSA_PLUS,1368299640421052423,1,5,745719.098983311
81,B1-SCSA_PLUS,1368225636993691649,2,5,188377.67762704068
81,B1-SCSA_PLUS,1369267106215235589,3,5,153706.81765923198
81,B1-SCSA_PLUS,1367112526647934977,4,5,36592.29463820926
81,B1-SCSA_PLUS,1369226708763746305,5,3,26807.323431558936
81,B1-SCSA_PLUS,1369403796443570180,6,5,26337.60812737643
81,B1-SCSA_PLUS,1368637578694524931,7,5,18604.054138469546
81,B1-SCSA_PLUS,1366505349386240005,8,5,8999.522123893805
81,B1-SCSA_PLUS,1367226152549577157,9,5,532.2814225577007
81,B1-SCSA_PLUS,1368844528170500098,10,5,399.81481481481484
1,B1-SCSA_PLUS_V3,1189330936300756992,1,5,5.26335598701715
1,B1-SCSA_PLUS_V3,1151160990995746816,2,5,0.8081893612152626
1,B1-SCSA_PLUS_V3,1312476369830338561,3,4,0.48760927373164775
1,B1-SCSA_PLUS_V3,1343240225129168898,4,5,0.3923424376777463
1,B1-SCSA_PLUS_V3,1369343506939019269,5,5,0.32521132213615467
1,B1-SCSA_PLUS_V3,1324784149241147394,6,3,0.30346720996850857
1,B1-SCSA_PLUS_V3,1369271796499947520,7,5,0.20745594059387817
1,B1-SCSA_PLUS_V3,1281615412459782145,8,3,0.08950165540216015
1,B1-SCSA_PLUS_V3,1338474408743215106,9,3,0.014240877512348087
1,B1-SCSA_PLUS_V3,1298591876963078146,10,4,-0.01556627609337489
2,B1-SCSA_PLUS_V3,1369453291936088064,1,4,1.2989312314610115
2,B1-SCSA_PLUS_V3,1368785659066941440,2,4,0.23220177255359697
2,B1-SCSA_PLUS_V3,1369601403686182915,3,4,0.17679826759831477
2,B1-SCSA_PLUS_V3,1367766039254163458,4,5,0.17191463521379885
2,B1-SCSA_PLUS_V3,1363564146948665347,5,5,0.08661834256579118
2,B1-SCSA_PLUS_V3,1369579853612281860,6,4,0.0847878975324497
2,B1-SCSA_PLUS_V3,1369600439239458820,7,3,0.056328781486681356
2,B1-SCSA_PLUS_V3,1369498799673065473,8,4,-0.026165243190645615
2,B1-SCSA_PLUS_V3,1369587331691208706,9,4,-0.0322185096288836
2,B1-SCSA_PLUS_V3,1364144723590578176,10,4,-0.12162584203946365
3,B1-SCSA_PLUS_V3,1367559613005004800,1,2,0.9588332547754231
3,B1-SCSA_PLUS_V3,1369030162298400778,2,2,0.8157808200491727
3,B1-SCSA_PLUS_V3,1321186362171666432,3,1,0.7282622749371175
3,B1-SCSA_PLUS_V3,1166395659500568579,4,2,0.6465596836414945
3,B1-SCSA_PLUS_V3,1353812372331220992,5,2,0.38817008966600614
3,B1-SCSA_PLUS_V3,1369048640111570951,6,2,0.36945327227913743
3,B1-SCSA_PLUS_V3,1366963364975452162,7,2,0.2779111573126777
3,B1-SCSA_PLUS_V3,1363896507242598402,8,4,0.1781628599409841
3,B1-SCSA_PLUS_V3,1369362392749121542,9,2,0.12981059746786197
3,B1-SCSA_PLUS_V3,1367883861271613441,10,5,-0.1440737907440326
4,B1-SCSA_PLUS_V3,1369453291936088064,1,4,1.2989312314610115
4,B1-SCSA_PLUS_V3,1369242094217404419,2,5,0.5060933791121617
4,B1-SCSA_PLUS_V3,1369343506939019269,3,5,0.32521132213615467
4,B1-SCSA_PLUS_V3,1369397597421645834,4,5,0.27229533522494076
4,B1-SCSA_PLUS_V3,1369552733536219138,5,4,0.23348489569284053
4,B1-SCSA_PLUS_V3,1368835740529000449,6,5,0.21405714708378432
4,B1-SCSA_PLUS_V3,1352325551621595136,7,2,0.05595887518937795
4,B1-SCSA_PLUS_V3,1369959855692337152,8,1,0.051232167731492424
4,B1-SCSA_PLUS_V3,1369598009084887043,9,5,0.0234939911219426
4,B1-SCSA_PLUS_V3,1370128693662785544,10,5,-0.04222868061547973
5,B1-SCSA_PLUS_V3,1369480643315462144,1,5,0.7931346485270324
5,B1-SCSA_PLUS_V3,1369242094217404419,2,5,0.5060933791121617
5,B1-SCSA_PLUS_V3,1368856158010810369,3,5,0.4077956927772364
5,B1-SCSA_PLUS_V3,1369343506939019269,4,3,0.32521132213615467
5,B1-SCSA_PLUS_V3,1368975418741624833,5,5,0.0854130873351159
5,B1-SCSA_PLUS_V3,1369543002385956865,6,5,0.07322104452274963
5,B1-SCSA_PLUS_V3,1369590734672760836,7,5,0.07040181442223312
5,B1-SCSA_PLUS_V3,1369382939289587718,8,5,0.0571317672606505
5,B1-SCSA_PLUS_V3,1369612914982846469,9,5,0.027274988343894867
5,B1-SCSA_PLUS_V3,1369517501248372738,10,5,-0.06472333076443929
6,B1-SCSA_PLUS_V3,1339526482142654466,1,4,0.966230808560492
6,B1-SCSA_PLUS_V3,1356659266732650498,2,3,0.666306647582454
6,B1-SCSA_PLUS_V3,1368867018854830081,3,5,0.4053782386888784
6,B1-SCSA_PLUS_V3,1357425371721965589,4,4,0.38934740346062846
6,B1-SCSA_PLUS_V3,1357736029067874305,5,3,0.12079549140076018
6,B1-SCSA_PLUS_V3,1274054340517527552,6,3,0.10528946841849143
6,B1-SCSA_PLUS_V3,1326208392923410432,7,4,0.07273441679252471
6,B1-SCSA_PLUS_V3,1362794394848538628,8,5,0.03899971185313974
6,B1-SCSA_PLUS_V3,1367608643596783616,9,3,-0.006444432008621933
6,B1-SCSA_PLUS_V3,1368667864803213318,10,4,-0.008677097412939618
7,B1-SCSA_PLUS_V3,1368969473651261440,1,3,0.6537924614689571
7,B1-SCSA_PLUS_V3,1367244704526393349,2,2,0.6428605148214737
7,B1-SCSA_PLUS_V3,1365376371376205838,3,4,0.5998539790350904
7,B1-SCSA_PLUS_V3,1368972324301602816,4,4,0.3477757219057933
7,B1-SCSA_PLUS_V3,969126955193962496,5,3,0.2410171299176978
7,B1-SCSA_PLUS_V3,1359820217090768896,6,4,0.14935793066901845
7,B1-SCSA_PLUS_V3,1365618942501285888,7,5,0.0462614074802761
7,B1-SCSA_PLUS_V3,1364974104491798530,8,4,0.006969970433377413
7,B1-SCSA_PLUS_V3,1369342862656221187,9,4,-0.026729149242188763
7,B1-SCSA_PLUS_V3,1363849575279316998,10,4,-0.26940255668948837
8,B1-SCSA_PLUS_V3,1349748316901310464,1,5,2.8087456671627775
8,B1-SCSA_PLUS_V3,1359964129532862464,2,4,2.7052688687355384
8,B1-SCSA_PLUS_V3,1360637255132434433,3,4,2.3744290776614103
8,B1-SCSA_PLUS_V3,1368703131652005888,4,5,1.761826932530425
8,B1-SCSA_PLUS_V3,1337245958787244033,5,5,1.4050850957189363
8,B1-SCSA_PLUS_V3,1369095591607865347,6,4,1.0584111485238576
8,B1-SCSA_PLUS_V3,1296750375114964992,7,5,0.8514193919022321
8,B1-SCSA_PLUS_V3,1361140319002103813,8,4,0.5798661687558511
8,B1-SCSA_PLUS_V3,1363673526096470017,9,4,0.5419291431472064
8,B1-SCSA_PLUS_V3,1363548342832218116,10,5,0.12930856687910086
9,B1-SCSA_PLUS_V3,1275492317013479424,1,5,0.8848145240650874
9,B1-SCSA_PLUS_V3,1337774207971684352,2,5,0.7784249747282996
9,B1-SCSA_PLUS_V3,1362841895030968326,3,1,0.5663465077896123
9,B1-SCSA_PLUS_V3,1292597118763319296,4,5,0.3456745306099983
9,B1-SCSA_PLUS_V3,1341790679945670656,5,4,0.3298106881047321
9,B1-SCSA_PLUS_V3,1322191082235506689,6,4,0.2925132755213497
9,B1-SCSA_PLUS_V3,1322221808913928193,7,2,0.2664243417664134
9,B1-SCSA_PLUS_V3,1322229311718494210,8,2,0.181486348933974
9,B1-SCSA_PLUS_V3,1363548342832218116,9,5,0.12930856687910086
9,B1-SCSA_PLUS_V3,1365001111946420226,10,4,-0.04679416027836148
10,B1-SCSA_PLUS_V3,1368241591299760129,1,5,0.8332706435137605
10,B1-SCSA_PLUS_V3,1368550065502121985,2,5,0.5924962412073955
10,B1-SCSA_PLUS_V3,1368317364287180801,3,5,0.567554233426356
10,B1-SCSA_PLUS_V3,1369259792892633089,4,5,0.22722524017652584
10,B1-SCSA_PLUS_V3,1368173264602869761,5,5,0.15973358588131586
10,B1-SCSA_PLUS_V3,1369007428696743936,6,5,0.08287280077952373
10,B1-SCSA_PLUS_V3,1368645394348077067,7,5,-0.004706493691475522
10,B1-SCSA_PLUS_V3,1369382325633638404,8,5,-0.18502835018099734
10,B1-SCSA_PLUS_V3,1368982192194519043,9,4,-0.21180913597671877
10,B1-SCSA_PLUS_V3,1368157353695121412,10,5,-0.30432365273919165
11,B1-SCSA_PLUS_V3,1333406580927303682,1,1,2.530171942635705
11,B1-SCSA_PLUS_V3,1338944728969035776,2,1,2.002786849296319
11,B1-SCSA_PLUS_V3,1368703131652005888,3,2,1.761826932530425
11,B1-SCSA_PLUS_V3,1360638198573981696,4,1,1.7588943403756
11,B1-SCSA_PLUS_V3,1341035699970011136,5,5,1.0732815844837904
11,B1-SCSA_PLUS_V3,1360046105170485249,6,3,1.069860857712781
11,B1-SCSA_PLUS_V3,1365207153359917058,7,1,1.0147841954409635
11,B1-SCSA_PLUS_V3,1359185296382779393,8,2,0.9999930065265282
11,B1-SCSA_PLUS_V3,1316844403797889024,9,5,0.9129703614208897
11,B1-SCSA_PLUS_V3,1364598637163126785,10,5,0.8736183982282599
12,B1-SCSA_PLUS_V3,1361396964227772419,1,5,2.7669664477211318
12,B1-SCSA_PLUS_V3,1321919226341306368,2,5,2.088946683036707
12,B1-SCSA_PLUS_V3,1272637078401097731,3,5,0.7538430805745907
12,B1-SCSA_PLUS_V3,1343974143646044160,4,5,0.6349662345422733
12,B1-SCSA_PLUS_V3,1365372438578667526,5,2,0.41753427393414355
12,B1-SCSA_PLUS_V3,1365155419564351490,6,5,0.35230896624771885
12,B1-SCSA_PLUS_V3,1364415183607586825,7,2,0.3505867487923074
12,B1-SCSA_PLUS_V3,1339746480014254081,8,5,0.26761389313481543
12,B1-SCSA_PLUS_V3,1359318229735251977,9,3,0.14465356631270745
12,B1-SCSA_PLUS_V3,1366804263385501696,10,5,-0.13263180745580205
13,B1-SCSA_PLUS_V3,1369324832702296067,1,2,0.6281272792002955
13,B1-SCSA_PLUS_V3,1354081977062850561,2,3,0.5011473071263102
13,B1-SCSA_PLUS_V3,1312476369830338561,3,4,0.48760927373164775
13,B1-SCSA_PLUS_V3,1357343495132880897,4,2,0.35406577687527596
13,B1-SCSA_PLUS_V3,1365346314956005378,5,2,0.28640728218042016
13,B1-SCSA_PLUS_V3,1327673915829866501,6,4,0.19132084668173635
13,B1-SCSA_PLUS_V3,1285952748484083712,7,1,0.13479111299701335
13,B1-SCSA_PLUS_V3,1337102429532217345,8,4,0.09205700186283253
13,B1-SCSA_PLUS_V3,1336808991792525325,9,2,0.07568566515968239
13,B1-SCSA_PLUS_V3,1362949278365143050,10,1,0.014057094658634778
15,B1-SCSA_PLUS_V3,1361396964227772419,1,2,2.7669664477211318
15,B1-SCSA_PLUS_V3,1321919226341306368,2,2,2.088946683036707
15,B1-SCSA_PLUS_V3,1360653537781321732,3,5,1.37984219779661
15,B1-SCSA_PLUS_V3,1272637078401097731,4,2,0.7538430805745907
15,B1-SCSA_PLUS_V3,1343974143646044160,5,5,0.6349662345422733
15,B1-SCSA_PLUS_V3,1365372438578667526,6,2,0.41753427393414355
15,B1-SCSA_PLUS_V3,1364415183607586825,7,3,0.3505867487923074
15,B1-SCSA_PLUS_V3,1339746480014254081,8,3,0.26761389313481543
15,B1-SCSA_PLUS_V3,1359318229735251977,9,4,0.14465356631270745
15,B1-SCSA_PLUS_V3,1366804263385501696,10,2,-0.13263180745580205
16,B1-SCSA_PLUS_V3,1369400158912475136,1,1,0.8786790205311668
16,B1-SCSA_PLUS_V3,1367269369521266691,2,5,0.8665428109736729
16,B1-SCSA_PLUS_V3,1368144516558041088,3,1,0.714720514009986
16,B1-SCSA_PLUS_V3,1369378396216692740,4,1,0.5381448809887898
16,B1-SCSA_PLUS_V3,1333807391079428096,5,1,0.2349013878460936
16,B1-SCSA_PLUS_V3,1367629682439454722,6,1,0.23084398490562447
16,B1-SCSA_PLUS_V3,1367300479739441155,7,1,-0.02334697143862677
16,B1-SCSA_PLUS_V3,1367491019277799427,8,5,-0.07032618566451432
16,B1-SCSA_PLUS_V3,1346230432036233218,9,1,-0.08200592837333451
16,B1-SCSA_PLUS_V3,1367625056570990592,10,2,-0.26762967761042294
17,B1-SCSA_PLUS_V3,1367474157626290181,1,5,1.4738919785021594
17,B1-SCSA_PLUS_V3,1365629350721249281,2,5,1.3545456874397988
17,B1-SCSA_PLUS_V3,1369000930809581570,3,5,0.9893086596755799
17,B1-SCSA_PLUS_V3,1362674074732748803,4,1,0.9662793663006827
17,B1-SCSA_PLUS_V3,1358414579328561153,5,5,0.6757526660713521
17,B1-SCSA_PLUS_V3,1354993740562137089,6,1,0.3669412291468677
17,B1-SCSA_PLUS_V3,1366841911357620225,7,5,0.1587148866432686
17,B1-SCSA_PLUS_V3,1316722494255099904,8,5,0.06490331648016417
17,B1-SCSA_PLUS_V3,1316030943174422528,9,5,-0.0019227684540893929
17,B1-SCSA_PLUS_V3,1367507656269791241,10,5,-0.028040073448361787
18,B1-SCSA_PLUS_V3,1189330936300756992,1,5,5.26335598701715
18,B1-SCSA_PLUS_V3,1365319660405678081,2,1,0.6662655964358682
18,B1-SCSA_PLUS_V3,1368245620344029188,3,1,0.5062529672734135
18,B1-SCSA_PLUS_V3,1331689113494446085,4,3,0.4820902755023852
18,B1-SCSA_PLUS_V3,1333425556659064833,5,3,0.32060706211245094
18,B1-SCSA_PLUS_V3,1188118588290469890,6,5,0.2569956573571547
18,B1-SCSA_PLUS_V3,1368640454028386304,7,2,0.22219171431268958
18,B1-SCSA_PLUS_V3,1338474408743215106,8,2,0.014240877512348087
18,B1-SCSA_PLUS_V3,1298591876963078146,9,2,-0.01556627609337489
18,B1-SCSA_PLUS_V3,1363561378552958976,10,2,-0.01719449577362145
19,B1-SCSA_PLUS_V3,1369242094217404419,1,3,0.5060933791121617
19,B1-SCSA_PLUS_V3,1368923387532369922,2,5,0.4796843713213835
19,B1-SCSA_PLUS_V3,1369038985188831234,3,5,0.3372469611481089
19,B1-SCSA_PLUS_V3,1369343506939019269,4,3,0.32521132213615467
19,B1-SCSA_PLUS_V3,1366588589191147526,5,3,0.13572197644446896
19,B1-SCSA_PLUS_V3,1352325551621595136,6,4,0.05595887518937795
19,B1-SCSA_PLUS_V3,1328394654375698433,7,3,0.015176223653077695
19,B1-SCSA_PLUS_V3,1354908861572935681,8,4,-0.0043051615670842425
19,B1-SCSA_PLUS_V3,1369207595785977860,9,3,-0.023598969832749273
19,B1-SCSA_PLUS_V3,1329983375621435392,10,4,-0.039062123805332444
20,B1-SCSA_PLUS_V3,1368788336333176833,1,1,0.5385933882811628
20,B1-SCSA_PLUS_V3,1363915655720939521,2,5,0.46874577223867514
20,B1-SCSA_PLUS_V3,1366925854421495812,3,5,0.4489630833134305
20,B1-SCSA_PLUS_V3,1364970371716423682,4,5,0.43520971528686225
20,B1-SCSA_PLUS_V3,1359371849965199360,5,5,0.2710820778108657
20,B1-SCSA_PLUS_V3,1368096530268323842,6,5,0.24464673091797678
20,B1-SCSA_PLUS_V3,1359943267148845058,7,1,0.11922061035448248
20,B1-SCSA_PLUS_V3,1369633104269357056,8,5,0.0977153973763416
20,B1-SCSA_PLUS_V3,1367491019277799427,9,1,-0.07032618566451432
20,B1-SCSA_PLUS_V3,1368604247760244742,10,3,-0.07809701349356256
21,B1-SCSA_PLUS_V3,1217122703766970369,1,3,0.9210477241507193
21,B1-SCSA_PLUS_V3,1369030162298400778,2,1,0.8157808200491727
21,B1-SCSA_PLUS_V3,1356659266732650498,3,2,0.666306647582454
21,B1-SCSA_PLUS_V3,1368978816849211392,4,5,0.35264741340729105
21,B1-SCSA_PLUS_V3,1367323565008154630,5,1,0.18312929823417923
21,B1-SCSA_PLUS_V3,1367556352445321216,6,5,0.16080919656768725
21,B1-SCSA_PLUS_V3,1326208392923410432,7,5,0.07273441679252471
21,B1-SCSA_PLUS_V3,1362475510954156037,8,2,0.06791042638948713
21,B1-SCSA_PLUS_V3,1365407006253801474,9,1,-0.0752912253653859
21,B1-SCSA_PLUS_V3,1367282096289443840,10,3,-0.08292120266806145
22,B1-SCSA_PLUS_V3,1367128088832745476,1,4,1.135269997506705
22,B1-SCSA_PLUS_V3,1300100975793901569,2,2,0.6878298490555631
22,B1-SCSA_PLUS_V3,1369043306487767040,3,5,0.5382982927967506
22,B1-SCSA_PLUS_V3,1367120318012280838,4,5,0.4655000998139967
22,B1-SCSA_PLUS_V3,1369339704588570624,5,5,0.1909829385994338
22,B1-SCSA_PLUS_V3,1361812978425753600,6,4,0.11027078501331485
22,B1-SCSA_PLUS_V3,1369015063705612288,7,4,0.07229139716409741
22,B1-SCSA_PLUS_V3,1366234614650478594,8,5,-0.00473126337153415
22,B1-SCSA_PLUS_V3,1366209913865703426,9,5,-0.056958356866637375
22,B1-SCSA_PLUS_V3,1368614821147598851,10,5,-0.1431044692260159
23,B1-SCSA_PLUS_V3,1311068940152401920,1,4,0.41599741327705886
23,B1-SCSA_PLUS_V3,1321088619814109184,2,5,0.36029411898961317
23,B1-SCSA_PLUS_V3,1344346181976129538,3,5,0.2396499845805565
23,B1-SCSA_PLUS_V3,1192092402061889536,4,4,0.20264688673020906
23,B1-SCSA_PLUS_V3,1363548342832218116,5,5,0.12930856687910086
23,B1-SCSA_PLUS_V3,1354864255749804039,6,5,0.12766516369973727
23,B1-SCSA_PLUS_V3,1350173131823083520,7,5,0.034536727718254584
23,B1-SCSA_PLUS_V3,1331670759102681088,8,5,0.007121928823643622
23,B1-SCSA_PLUS_V3,1360962032598720516,9,5,-0.03728799934928617
23,B1-SCSA_PLUS_V3,1261222316803063810,10,4,-0.15276328169247372
24,B1-SCSA_PLUS_V3,1363203331745673220,1,5,0.5665646005499082
24,B1-SCSA_PLUS_V3,1312476369830338561,2,5,0.48760927373164775
24,B1-SCSA_PLUS_V3,1292597118763319296,3,3,0.3456745306099983
24,B1-SCSA_PLUS_V3,1366478355558780939,4,5,0.33836009211749934
24,B1-SCSA_PLUS_V3,1359900546635870215,5,5,0.31048419205398803
24,B1-SCSA_PLUS_V3,1365346314956005378,6,3,0.28640728218042016
24,B1-SCSA_PLUS_V3,1362099968824254464,7,5,0.2665400290243417
24,B1-SCSA_PLUS_V3,1369122357307191296,8,3,0.13176305289880902
24,B1-SCSA_PLUS_V3,1337102429532217345,9,5,0.09205700186283253
24,B1-SCSA_PLUS_V3,1355530037152284675,10,5,-0.12814963019152634
25,B1-SCSA_PLUS_V3,1368856158010810369,1,5,0.4077956927772364
25,B1-SCSA_PLUS_V3,1369343506939019269,2,5,0.32521132213615467
25,B1-SCSA_PLUS_V3,1368835740529000449,3,5,0.21405714708378432
25,B1-SCSA_PLUS_V3,1368970607216517129,4,5,0.09747573423008567
25,B1-SCSA_PLUS_V3,1369590734672760836,5,5,0.07040181442223312
25,B1-SCSA_PLUS_V3,1352325551621595136,6,3,0.05595887518937795
25,B1-SCSA_PLUS_V3,1369598009084887043,7,5,0.0234939911219426
25,B1-SCSA_PLUS_V3,1354908861572935681,8,5,-0.0043051615670842425
25,B1-SCSA_PLUS_V3,1369587331691208706,9,5,-0.0322185096288836
25,B1-SCSA_PLUS_V3,1329983375621435392,10,5,-0.039062123805332444
26,B1-SCSA_PLUS_V3,1337774207971684352,1,4,0.7784249747282996
26,B1-SCSA_PLUS_V3,1368999602867802126,2,4,0.4777626550034055
26,B1-SCSA_PLUS_V3,968452175142649858,3,4,0.21843120529613674
26,B1-SCSA_PLUS_V3,1322229311718494210,4,2,0.181486348933974
26,B1-SCSA_PLUS_V3,1363548342832218116,5,2,0.12930856687910086
26,B1-SCSA_PLUS_V3,1364571918876073985,6,3,0.07445977557442233
26,B1-SCSA_PLUS_V3,1358024709137432577,7,2,0.06982932222895273
26,B1-SCSA_PLUS_V3,970787289638096897,8,4,0.06589517285450615
26,B1-SCSA_PLUS_V3,1339559388303007744,9,2,-0.03095740189747852
26,B1-SCSA_PLUS_V3,1362748296045953027,10,4,-0.03294255197444319
27,B1-SCSA_PLUS_V3,1369242094217404419,1,4,0.5060933791121617
27,B1-SCSA_PLUS_V3,1368856158010810369,2,5,0.4077956927772364
27,B1-SCSA_PLUS_V3,1369343506939019269,3,4,0.32521132213615467
27,B1-SCSA_PLUS_V3,1369552733536219138,4,5,0.23348489569284053
27,B1-SCSA_PLUS_V3,1368835740529000449,5,4,0.21405714708378432
27,B1-SCSA_PLUS_V3,1370132866093420544,6,3,0.11175247789413635
27,B1-SCSA_PLUS_V3,1369590734672760836,7,3,0.07040181442223312
27,B1-SCSA_PLUS_V3,1369598009084887043,8,5,0.0234939911219426
27,B1-SCSA_PLUS_V3,1354908861572935681,9,4,-0.0043051615670842425
27,B1-SCSA_PLUS_V3,1329983375621435392,10,1,-0.039062123805332444
28,B1-SCSA_PLUS_V3,1340027052037169152,1,5,1.0869489887405432
28,B1-SCSA_PLUS_V3,1331650428115759105,2,3,0.5825727780757073
28,B1-SCSA_PLUS_V3,1329849237299990529,3,3,0.5032271432883275
28,B1-SCSA_PLUS_V3,1246491727306899456,4,5,0.21862446967936622
28,B1-SCSA_PLUS_V3,1343640147775152131,5,3,0.21080521816757433
28,B1-SCSA_PLUS_V3,1334641065870159874,6,3,0.1651094973435568
28,B1-SCSA_PLUS_V3,1323671285285703683,7,2,0.15619344157464765
28,B1-SCSA_PLUS_V3,1339289131575341057,8,3,0.1339013930472708
28,B1-SCSA_PLUS_V3,1363548342832218116,9,3,0.12930856687910086
28,B1-SCSA_PLUS_V3,1355168831413645316,10,5,0.08632657180517449
29,B1-SCSA_PLUS_V3,1367565667642331136,1,5,0.942322396560003
29,B1-SCSA_PLUS_V3,1369030162298400778,2,5,0.8157808200491727
29,B1-SCSA_PLUS_V3,1367565531189047299,3,3,0.5700523826578013
29,B1-SCSA_PLUS_V3,1369148165471969284,4,4,0.4026841684469609
29,B1-SCSA_PLUS_V3,1366963364975452162,5,3,0.2779111573126777
29,B1-SCSA_PLUS_V3,1358793588382052358,6,4,0.22836709705524322
29,B1-SCSA_PLUS_V3,1367323565008154630,7,4,0.18312929823417923
29,B1-SCSA_PLUS_V3,1369362392749121542,8,5,0.12981059746786197
29,B1-SCSA_PLUS_V3,1250919345955446784,9,4,0.0989367584335532
29,B1-SCSA_PLUS_V3,1367244848978227201,10,3,-0.23437504035724172
30,B1-SCSA_PLUS_V3,1367128088832745476,1,3,1.135269997506705
30,B1-SCSA_PLUS_V3,1300100975793901569,2,5,0.6878298490555631
30,B1-SCSA_PLUS_V3,1367120318012280838,3,4,0.4655000998139967
30,B1-SCSA_PLUS_V3,1292597118763319296,4,3,0.3456745306099983
30,B1-SCSA_PLUS_V3,1369037334885265408,5,3,0.29764290124730325
30,B1-SCSA_PLUS_V3,1366102978739007492,6,3,0.2607070432867174
30,B1-SCSA_PLUS_V3,1366239727402196996,7,5,0.2549891707313429
30,B1-SCSA_PLUS_V3,1360680119854104582,8,5,0.23223354728209356
30,B1-SCSA_PLUS_V3,1366242438717661187,9,2,0.19406107490224528
30,B1-SCSA_PLUS_V3,1362129662336450560,10,4,0.1688666656360252
31,B1-SCSA_PLUS_V3,1307034079381065732,1,4,0.7830615953377091
31,B1-SCSA_PLUS_V3,1356766464162762754,2,3,0.670459411559905
31,B1-SCSA_PLUS_V3,1322130577684942848,3,2,0.6662461064511145
31,B1-SCSA_PLUS_V3,970013213092757504,4,4,0.2038560606539026
31,B1-SCSA_PLUS_V3,1369037449431715843,5,2,0.1465636837248574
31,B1-SCSA_PLUS_V3,978748491936780289,6,4,0.10386624608691816
31,B1-SCSA_PLUS_V3,1364590913369083904,7,3,-0.03305028534827448
31,B1-SCSA_PLUS_V3,1362196930252726277,8,3,-0.09694558697536051
31,B1-SCSA_PLUS_V3,1362196257624625152,9,1,-0.1748965630289747
31,B1-SCSA_PLUS_V3,1360224092427812866,10,4,-0.19942270922157296
32,B1-SCSA_PLUS_V3,1365376371376205838,1,3,0.5998539790350904
32,B1-SCSA_PLUS_V3,978970964762513409,2,3,0.36894166003458184
32,B1-SCSA_PLUS_V3,969126955193962496,3,3,0.2410171299176978
32,B1-SCSA_PLUS_V3,1369320575945019399,4,3,0.183225084949866
32,B1-SCSA_PLUS_V3,1364237278516830212,5,3,0.10015299862271174
32,B1-SCSA_PLUS_V3,1365618942501285888,6,2,0.0462614074802761
32,B1-SCSA_PLUS_V3,1364974104491798530,7,3,0.006969970433377413
32,B1-SCSA_PLUS_V3,1369342862656221187,8,4,-0.026729149242188763
32,B1-SCSA_PLUS_V3,1363849575279316998,9,4,-0.26940255668948837
32,B1-SCSA_PLUS_V3,1362748149853396993,10,3,-0.2732958791312949
33,B1-SCSA_PLUS_V3,1368978600964349955,1,4,0.4336491365000775
33,B1-SCSA_PLUS_V3,1368856158010810369,2,4,0.4077956927772364
33,B1-SCSA_PLUS_V3,1369343506939019269,3,4,0.32521132213615467
33,B1-SCSA_PLUS_V3,1369552733536219138,4,4,0.23348489569284053
33,B1-SCSA_PLUS_V3,1368835740529000449,5,4,0.21405714708378432
33,B1-SCSA_PLUS_V3,1369113689845022721,6,2,0.20942406344757317
33,B1-SCSA_PLUS_V3,1369590734672760836,7,4,0.07040181442223312
33,B1-SCSA_PLUS_V3,1369598009084887043,8,3,0.0234939911219426
33,B1-SCSA_PLUS_V3,1364311211194675203,9,3,0.017571385996053013
33,B1-SCSA_PLUS_V3,1369207595785977860,10,4,-0.023598969832749273
34,B1-SCSA_PLUS_V3,1369500754000699392,1,3,0.5852862557381517
34,B1-SCSA_PLUS_V3,1370098415938498560,2,4,0.5249787423446434
34,B1-SCSA_PLUS_V3,1368856158010810369,3,3,0.4077956927772364
34,B1-SCSA_PLUS_V3,1368607437310353408,4,2,0.3125208001467732
34,B1-SCSA_PLUS_V3,1367190653269073930,5,5,0.2786680091802072
34,B1-SCSA_PLUS_V3,1369552733536219138,6,3,0.23348489569284053
34,B1-SCSA_PLUS_V3,1368835740529000449,7,4,0.21405714708378432
34,B1-SCSA_PLUS_V3,1369590734672760836,8,4,0.07040181442223312
34,B1-SCSA_PLUS_V3,1369617111014924289,9,3,0.017647478425433433
34,B1-SCSA_PLUS_V3,1364311211194675203,10,3,0.017571385996053013
35,B1-SCSA_PLUS_V3,1368776591388647424,1,1,1.0557322660476203
35,B1-SCSA_PLUS_V3,1365315694167011328,2,1,0.5729976343657539
35,B1-SCSA_PLUS_V3,1340976808989241344,3,2,0.5192671556022461
35,B1-SCSA_PLUS_V3,1332444252895404033,4,1,0.3564538786882331
35,B1-SCSA_PLUS_V3,1368954564133654529,5,1,0.22738014797926326
35,B1-SCSA_PLUS_V3,1352326523026632706,6,1,0.2112049110068553
35,B1-SCSA_PLUS_V3,1368939573586386945,7,2,0.19788643031715428
35,B1-SCSA_PLUS_V3,1366296962409123843,8,2,0.1471164844268896
35,B1-SCSA_PLUS_V3,1273723492186443782,9,3,0.049699148576862584
35,B1-SCSA_PLUS_V3,1367617268734164992,10,1,-0.11373213105211595
36,B1-SCSA_PLUS_V3,1275492317013479424,1,5,0.8848145240650874
36,B1-SCSA_PLUS_V3,1151160990995746816,2,5,0.8081893612152626
36,B1-SCSA_PLUS_V3,1337774207971684352,3,5,0.7784249747282996
36,B1-SCSA_PLUS_V3,1367610810789326850,4,5,0.7021125613102225
36,B1-SCSA_PLUS_V3,1356659266732650498,5,3,0.666306647582454
36,B1-SCSA_PLUS_V3,1359943678354092032,6,5,0.5204209119993872
36,B1-SCSA_PLUS_V3,1312476369830338561,7,3,0.48760927373164775
36,B1-SCSA_PLUS_V3,1350201158426648581,8,5,0.39540552158147174
36,B1-SCSA_PLUS_V3,1343240225129168898,9,5,0.3923424376777463
36,B1-SCSA_PLUS_V3,1317087904569741312,10,5,0.35212681921075484
37,B1-SCSA_PLUS_V3,1189330936300756992,1,2,5.26335598701715
37,B1-SCSA_PLUS_V3,1368703131652005888,2,4,1.761826932530425
37,B1-SCSA_PLUS_V3,1272338362909655040,3,1,1.3221396294340657
37,B1-SCSA_PLUS_V3,1365319660405678081,4,1,0.6662655964358682
37,B1-SCSA_PLUS_V3,1357452896976179201,5,1,0.5318016162966378
37,B1-SCSA_PLUS_V3,1333425556659064833,6,1,0.32060706211245094
37,B1-SCSA_PLUS_V3,1326902644322017281,7,4,0.30954058053781514
37,B1-SCSA_PLUS_V3,1368640454028386304,8,3,0.22219171431268958
37,B1-SCSA_PLUS_V3,1338474408743215106,9,1,0.014240877512348087
37,B1-SCSA_PLUS_V3,1298591876963078146,10,1,-0.01556627609337489
38,B1-SCSA_PLUS_V3,1368923387532369922,1,5,0.4796843713213835
38,B1-SCSA_PLUS_V3,1369038985188831234,2,5,0.3372469611481089
38,B1-SCSA_PLUS_V3,1369214396489170946,3,5,0.3226821997841115
38,B1-SCSA_PLUS_V3,1367766039254163458,4,5,0.17191463521379885
38,B1-SCSA_PLUS_V3,1358819633629921283,5,5,0.15011684597770422
38,B1-SCSA_PLUS_V3,1363564146948665347,6,4,0.08661834256579118
38,B1-SCSA_PLUS_V3,1352325551621595136,7,5,0.05595887518937795
38,B1-SCSA_PLUS_V3,1368849083201359873,8,5,-0.018085505499423
38,B1-SCSA_PLUS_V3,1369498799673065473,9,4,-0.026165243190645615
38,B1-SCSA_PLUS_V3,1368619226865471493,10,5,-0.05320473928224495
39,B1-SCSA_PLUS_V3,1287526789707776000,1,2,1.092335957680311
39,B1-SCSA_PLUS_V3,1258788139159613441,2,2,1.047443036537557
39,B1-SCSA_PLUS_V3,425668533293289472,3,3,0.9123609679567115
39,B1-SCSA_PLUS_V3,1356685006916079616,4,2,0.8920391759447521
39,B1-SCSA_PLUS_V3,1359863795586396168,5,4,0.29371593419336295
39,B1-SCSA_PLUS_V3,1291859496826843137,6,3,0.2894956089252837
39,B1-SCSA_PLUS_V3,1364897061083127808,7,3,0.20303434305554593
39,B1-SCSA_PLUS_V3,1252286536738934786,8,3,0.1761808497239742
39,B1-SCSA_PLUS_V3,1369362392749121542,9,4,0.12981059746786197
39,B1-SCSA_PLUS_V3,754011760257069056,10,5,0.11526675777934339
40,B1-SCSA_PLUS_V3,1323342666361430019,1,5,0.6171589623963344
40,B1-SCSA_PLUS_V3,1337411829853802496,2,5,0.5808560567364074
40,B1-SCSA_PLUS_V3,1329846979401191424,3,1,0.24514726440082857
40,B1-SCSA_PLUS_V3,1360611979879186438,4,2,0.19117758231430668
40,B1-SCSA_PLUS_V3,1351182747721748487,5,1,0.10158387087277672
40,B1-SCSA_PLUS_V3,1311355905120690176,6,5,0.0795464498938663
40,B1-SCSA_PLUS_V3,1355908706026758144,7,5,0.06833266136143995
40,B1-SCSA_PLUS_V3,1331202835334225920,8,1,0.06699474440776973
40,B1-SCSA_PLUS_V3,1324782095177306119,9,5,-0.019826363085982807
40,B1-SCSA_PLUS_V3,1357369869222690817,10,2,-0.10284181955072473
41,B1-SCSA_PLUS_V3,1189330936300756992,1,5,5.26335598701715
41,B1-SCSA_PLUS_V3,1340930237819924480,2,2,2.837239064891924
41,B1-SCSA_PLUS_V3,1346507839909445632,3,3,1.371218298606869
41,B1-SCSA_PLUS_V3,1290659734639521798,4,2,0.9113687911734216
41,B1-SCSA_PLUS_V3,1363671397575266308,5,1,0.8808711649208538
41,B1-SCSA_PLUS_V3,1357382231816359939,6,2,0.7790690823125193
41,B1-SCSA_PLUS_V3,1356659266732650498,7,2,0.666306647582454
41,B1-SCSA_PLUS_V3,1365319660405678081,8,3,0.6662655964358682
41,B1-SCSA_PLUS_V3,1365020984802217996,9,1,0.5540677465639678
41,B1-SCSA_PLUS_V3,1331689113494446085,10,3,0.4820902755023852
42,B1-SCSA_PLUS_V3,1368453072666521600,1,5,0.8723089839912345
42,B1-SCSA_PLUS_V3,1368116399097344003,2,5,0.6661754181047578
42,B1-SCSA_PLUS_V3,1369148238138208257,3,1,0.4319541240266063
42,B1-SCSA_PLUS_V3,1369101047826841604,4,1,0.4244227525433791
42,B1-SCSA_PLUS_V3,1369418368554569728,5,1,0.31102939783641476
42,B1-SCSA_PLUS_V3,1313580109727584256,6,1,0.1446533148857758
42,B1-SCSA_PLUS_V3,1369362392749121542,7,1,0.12981059746786197
42,B1-SCSA_PLUS_V3,1363947240369229825,8,5,0.04475928547578926
42,B1-SCSA_PLUS_V3,1342687407326580737,9,5,-0.02623052067315969
42,B1-SCSA_PLUS_V3,1326177511684919300,10,2,-0.30987085486049076
43,B1-SCSA_PLUS_V3,1336324934688116743,1,2,2.6348595287719987
43,B1-SCSA_PLUS_V3,1338944728969035776,2,2,2.002786849296319
43,B1-SCSA_PLUS_V3,1360638198573981696,3,2,1.7588943403756
43,B1-SCSA_PLUS_V3,1359185296382779393,4,2,0.9999930065265282
43,B1-SCSA_PLUS_V3,1354547483083329538,5,2,0.7636820958273944
43,B1-SCSA_PLUS_V3,1366208806535892995,6,2,0.730040594022981
43,B1-SCSA_PLUS_V3,1357714688994390016,7,2,0.35391318886426315
43,B1-SCSA_PLUS_V3,1367629682439454722,8,2,0.23084398490562447
43,B1-SCSA_PLUS_V3,1363548342832218116,9,2,0.12930856687910086
43,B1-SCSA_PLUS_V3,1367946423736537089,10,2,0.03856419734257037
44,B1-SCSA_PLUS_V3,1287526789707776000,1,2,1.092335957680311
44,B1-SCSA_PLUS_V3,1258788139159613441,2,4,1.047443036537557
44,B1-SCSA_PLUS_V3,425668533293289472,3,3,0.9123609679567115
44,B1-SCSA_PLUS_V3,1356685006916079616,4,2,0.8920391759447521
44,B1-SCSA_PLUS_V3,1253009440107720704,5,5,0.7950719752897476
44,B1-SCSA_PLUS_V3,1369343506939019269,6,3,0.32521132213615467
44,B1-SCSA_PLUS_V3,1359863795586396168,7,3,0.29371593419336295
44,B1-SCSA_PLUS_V3,1291859496826843137,8,4,0.2894956089252837
44,B1-SCSA_PLUS_V3,1326208392923410432,9,5,0.07273441679252471
44,B1-SCSA_PLUS_V3,1369041862414241800,10,3,-0.12461488598607508
45,B1-SCSA_PLUS_V3,1345706642080493568,1,3,0.8754269461646533
45,B1-SCSA_PLUS_V3,1310595678226219015,2,3,0.42135034856962494
45,B1-SCSA_PLUS_V3,1367430380463267844,3,3,0.24130153702161042
45,B1-SCSA_PLUS_V3,1228653223269076992,4,3,0.1958879199677686
45,B1-SCSA_PLUS_V3,1338619251050115072,5,2,0.15625865501104208
45,B1-SCSA_PLUS_V3,1184016623394590721,6,4,0.1538461108243651
45,B1-SCSA_PLUS_V3,1327627598726377475,7,4,0.12654695900296606
45,B1-SCSA_PLUS_V3,1344344721506885641,8,3,0.06906783600787755
45,B1-SCSA_PLUS_V3,1365659227256098816,9,3,0.05360031364921983
45,B1-SCSA_PLUS_V3,1361708535294255106,10,3,-0.013856988733346266
46,B1-SCSA_PLUS_V3,1368923387532369922,1,3,0.4796843713213835
46,B1-SCSA_PLUS_V3,1368856158010810369,2,5,0.4077956927772364
46,B1-SCSA_PLUS_V3,1369038985188831234,3,3,0.3372469611481089
46,B1-SCSA_PLUS_V3,1369343506939019269,4,3,0.32521132213615467
46,B1-SCSA_PLUS_V3,1369482917248970754,5,3,0.24922198710421173
46,B1-SCSA_PLUS_V3,1369552733536219138,6,4,0.23348489569284053
46,B1-SCSA_PLUS_V3,1368835740529000449,7,4,0.21405714708378432
46,B1-SCSA_PLUS_V3,1369590734672760836,8,4,0.07040181442223312
46,B1-SCSA_PLUS_V3,1369483145129713665,9,4,0.026637214976864776
46,B1-SCSA_PLUS_V3,1369619151506071561,10,3,-0.05387504226379744
47,B1-SCSA_PLUS_V3,1360638198573981696,1,2,1.7588943403756
47,B1-SCSA_PLUS_V3,1368241591299760129,2,5,0.8332706435137605
47,B1-SCSA_PLUS_V3,1367500677002452992,3,5,0.5959021055306998
47,B1-SCSA_PLUS_V3,1369359775230812163,4,5,0.374639741731474
47,B1-SCSA_PLUS_V3,1368116641360384005,5,5,0.13553741642001418
47,B1-SCSA_PLUS_V3,1369007428696743936,6,5,0.08287280077952373
47,B1-SCSA_PLUS_V3,1367557867260289032,7,5,0.06198557549790056
47,B1-SCSA_PLUS_V3,1368982192194519043,8,5,-0.21180913597671877
47,B1-SCSA_PLUS_V3,1368157353695121412,9,5,-0.30432365273919165
47,B1-SCSA_PLUS_V3,1368577180557406208,10,5,-0.30491934659891895
48,B1-SCSA_PLUS_V3,1367487878259957765,1,2,0.7625960055652248
48,B1-SCSA_PLUS_V3,1369453000570310660,2,5,0.4940205667598318
48,B1-SCSA_PLUS_V3,1253046974389067776,3,1,0.3964632750680873
48,B1-SCSA_PLUS_V3,956689717608595456,4,2,0.36624957320642987
48,B1-SCSA_PLUS_V3,1349071385360887808,5,3,0.029804708343699287
48,B1-SCSA_PLUS_V3,1299377724415500293,6,3,0.014407238747483234
48,B1-SCSA_PLUS_V3,1344756801242357768,7,5,-0.05523132287769589
48,B1-SCSA_PLUS_V3,1369559064485715968,8,5,-0.06916081139735132
48,B1-SCSA_PLUS_V3,1334986629560344579,9,2,-0.1725242755957675
48,B1-SCSA_PLUS_V3,1054037653379670016,10,2,-0.22086866897764174
49,B1-SCSA_PLUS_V3,1187825368067117057,1,5,2.439923224121574
49,B1-SCSA_PLUS_V3,1301614505823141888,2,5,1.627009430576114
49,B1-SCSA_PLUS_V3,1253046974389067776,3,5,0.3964632750680873
49,B1-SCSA_PLUS_V3,1310279026741841922,4,5,0.3715390813079463
49,B1-SCSA_PLUS_V3,956689717608595456,5,2,0.36624957320642987
49,B1-SCSA_PLUS_V3,1320101239363809280,6,1,0.2763356818018858
49,B1-SCSA_PLUS_V3,1357749874645749765,7,5,0.21249073564128312
49,B1-SCSA_PLUS_V3,1366842371724476422,8,1,0.03562517785543429
49,B1-SCSA_PLUS_V3,1299377724415500293,9,2,0.014407238747483234
49,B1-SCSA_PLUS_V3,1344756801242357768,10,1,-0.05523132287769589
50,B1-SCSA_PLUS_V3,1356659266732650498,1,5,0.666306647582454
50,B1-SCSA_PLUS_V3,1342500356316667904,2,3,0.5346392314435544
50,B1-SCSA_PLUS_V3,1369343506939019269,3,5,0.32521132213615467
50,B1-SCSA_PLUS_V3,1369434342053806090,4,3,0.1851759245718731
50,B1-SCSA_PLUS_V3,1368939918727278599,5,5,0.17010523188525817
50,B1-SCSA_PLUS_V3,1369621841204088832,6,3,0.10206927379833333
50,B1-SCSA_PLUS_V3,1326208392923410432,7,3,0.07273441679252471
50,B1-SCSA_PLUS_V3,1369614780676399108,8,3,-0.06972871333073596
50,B1-SCSA_PLUS_V3,1367491019277799427,9,5,-0.07032618566451432
50,B1-SCSA_PLUS_V3,1369597995499593729,10,4,-0.11906847820091201
51,B1-SCSA_PLUS_V3,1189330936300756992,1,5,5.26335598701715
51,B1-SCSA_PLUS_V3,1356659266732650498,2,5,0.666306647582454
51,B1-SCSA_PLUS_V3,1366963364975452162,3,2,0.2779111573126777
51,B1-SCSA_PLUS_V3,1367214902624980995,4,5,0.2067152158982088
51,B1-SCSA_PLUS_V3,1369362392749121542,5,1,0.12981059746786197
51,B1-SCSA_PLUS_V3,1344946472618344448,6,5,0.1052630549468988
51,B1-SCSA_PLUS_V3,1326208392923410432,7,5,0.07273441679252471
51,B1-SCSA_PLUS_V3,1293138169832103936,8,2,0.06168835931234147
51,B1-SCSA_PLUS_V3,1338474408743215106,9,5,0.014240877512348087
51,B1-SCSA_PLUS_V3,1298591876963078146,10,5,-0.01556627609337489
53,B1-SCSA_PLUS_V3,1369025685893738496,1,1,1.0506957097391127
53,B1-SCSA_PLUS_V3,1368652673935933450,2,1,0.6930473813663219
53,B1-SCSA_PLUS_V3,1366458502986694658,3,1,0.6350735409375331
53,B1-SCSA_PLUS_V3,1368561876972494852,4,1,0.5973468005144561
53,B1-SCSA_PLUS_V3,1368239051979943936,5,1,0.437082630663729
53,B1-SCSA_PLUS_V3,1369040473008996353,6,3,0.36726219323696313
53,B1-SCSA_PLUS_V3,1305204600228573184,7,1,0.3154214491485708
53,B1-SCSA_PLUS_V3,1367323565008154630,8,1,0.18312929823417923
53,B1-SCSA_PLUS_V3,1366247302843621377,9,2,-0.07291114306079442
53,B1-SCSA_PLUS_V3,1367244848978227201,10,1,-0.23437504035724172
54,B1-SCSA_PLUS_V3,1368970511175151620,1,5,0.7221892910582176
54,B1-SCSA_PLUS_V3,1356659266732650498,2,5,0.666306647582454
54,B1-SCSA_PLUS_V3,1367212796631416832,3,2,0.5337972426484396
54,B1-SCSA_PLUS_V3,1366963364975452162,4,1,0.2779111573126777
54,B1-SCSA_PLUS_V3,1368971556320206848,5,2,0.19501958652984774
54,B1-SCSA_PLUS_V3,1273919207038693376,6,5,0.1512052044602588
54,B1-SCSA_PLUS_V3,1368976123896336389,7,5,0.14071746620850814
54,B1-SCSA_PLUS_V3,1369362392749121542,8,5,0.12981059746786197
54,B1-SCSA_PLUS_V3,1326208392923410432,9,5,0.07273441679252471
54,B1-SCSA_PLUS_V3,1362454325876969478,10,1,0.06170541455387709
55,B1-SCSA_PLUS_V3,1368607626494308354,1,5,0.7378511158792755
55,B1-SCSA_PLUS_V3,1367479945686093825,2,5,0.5354644570458905
55,B1-SCSA_PLUS_V3,1367225773166190592,3,5,0.4606819499703591
55,B1-SCSA_PLUS_V3,1367170047081402380,4,4,0.43262023827599305
55,B1-SCSA_PLUS_V3,1367245903472558081,5,5,0.42362076642143287
55,B1-SCSA_PLUS_V3,1310279026741841922,6,4,0.3715390813079463
55,B1-SCSA_PLUS_V3,956689717608595456,7,5,0.36624957320642987
55,B1-SCSA_PLUS_V3,1366946573528100864,8,4,0.3626268920860141
55,B1-SCSA_PLUS_V3,1368715397415964674,9,3,0.17051270923056805
55,B1-SCSA_PLUS_V3,1368753671568322564,10,4,0.07814093891358818
57,B1-SCSA_PLUS_V3,1323309743218282496,1,3,1.4271042577016892
57,B1-SCSA_PLUS_V3,1257063194687832064,2,5,1.0071963593544864
57,B1-SCSA_PLUS_V3,1291098932987269128,3,3,0.7762051606265893
57,B1-SCSA_PLUS_V3,1325467261239431170,4,5,0.636645133575727
57,B1-SCSA_PLUS_V3,1368923387532369922,5,4,0.4796843713213835
57,B1-SCSA_PLUS_V3,1217178366597570560,6,2,0.46551730548672476
57,B1-SCSA_PLUS_V3,1369038985188831234,7,4,0.3372469611481089
57,B1-SCSA_PLUS_V3,1339313549626273793,8,3,0.17397134562255231
57,B1-SCSA_PLUS_V3,762025473794867200,9,3,0.14996641862996532
57,B1-SCSA_PLUS_V3,1337159750644080645,10,3,0.052432943219893766
58,B1-SCSA_PLUS_V3,1367128088832745476,1,5,1.135269997506705
58,B1-SCSA_PLUS_V3,1300100975793901569,2,5,0.6878298490555631
58,B1-SCSA_PLUS_V3,1362945064209575938,3,5,0.354505278770913
58,B1-SCSA_PLUS_V3,1366239727402196996,4,5,0.2549891707313429
58,B1-SCSA_PLUS_V3,1360680119854104582,5,5,0.23223354728209356
58,B1-SCSA_PLUS_V3,1315366562069700616,6,5,0.19446530693457476
58,B1-SCSA_PLUS_V3,1369339704588570624,7,5,0.1909829385994338
58,B1-SCSA_PLUS_V3,1369015063705612288,8,5,0.07229139716409741
58,B1-SCSA_PLUS_V3,1366234614650478594,9,5,-0.00473126337153415
58,B1-SCSA_PLUS_V3,1368614821147598851,10,5,-0.1431044692260159
60,B1-SCSA_PLUS_V3,1369030162298400778,1,5,0.8157808200491727
60,B1-SCSA_PLUS_V3,1368760958261268480,2,5,0.6664477769505674
60,B1-SCSA_PLUS_V3,1356659266732650498,3,5,0.666306647582454
60,B1-SCSA_PLUS_V3,1367262209160736770,4,5,0.6661754181047578
60,B1-SCSA_PLUS_V3,1361000829247963141,5,5,0.5713092275389565
60,B1-SCSA_PLUS_V3,1342394653887369216,6,5,0.512105299236668
60,B1-SCSA_PLUS_V3,1367214902624980995,7,5,0.2067152158982088
60,B1-SCSA_PLUS_V3,1273919207038693376,8,5,0.1512052044602588
60,B1-SCSA_PLUS_V3,1369362392749121542,9,5,0.12981059746786197
60,B1-SCSA_PLUS_V3,1326208392923410432,10,5,0.07273441679252471
61,B1-SCSA_PLUS_V3,1242146375950675969,1,3,1.4637921599615695
61,B1-SCSA_PLUS_V3,1354051463190732800,2,4,0.9301046404220875
61,B1-SCSA_PLUS_V3,1341013863110762496,3,3,0.8593528456844628
61,B1-SCSA_PLUS_V3,1356659266732650498,4,4,0.666306647582454
61,B1-SCSA_PLUS_V3,1369148165471969284,5,3,0.4026841684469609
61,B1-SCSA_PLUS_V3,1359645020974845952,6,5,0.34097842700452835
61,B1-SCSA_PLUS_V3,1358793588382052358,7,2,0.22836709705524322
61,B1-SCSA_PLUS_V3,1357058139720478731,8,4,0.14407500394860118
61,B1-SCSA_PLUS_V3,1250919345955446784,9,5,0.0989367584335532
61,B1-SCSA_PLUS_V3,1326208392923410432,10,4,0.07273441679252471
62,B1-SCSA_PLUS_V3,1198044435163967488,1,4,1.0836774949469865
62,B1-SCSA_PLUS_V3,1334706123971162115,2,4,0.6238902322690787
62,B1-SCSA_PLUS_V3,1354081977062850561,3,4,0.5011473071263102
62,B1-SCSA_PLUS_V3,1312476369830338561,4,4,0.48760927373164775
62,B1-SCSA_PLUS_V3,1336517598029213698,5,4,0.4437112153067164
62,B1-SCSA_PLUS_V3,1369374583598571524,6,4,0.4144035753415621
62,B1-SCSA_PLUS_V3,1366478355558780939,7,4,0.33836009211749934
62,B1-SCSA_PLUS_V3,1365346314956005378,8,4,0.28640728218042016
62,B1-SCSA_PLUS_V3,1362099968824254464,9,4,0.2665400290243417
62,B1-SCSA_PLUS_V3,1336808991792525325,10,4,0.07568566515968239
63,B1-SCSA_PLUS_V3,1369242094217404419,1,2,0.5060933791121617
63,B1-SCSA_PLUS_V3,1368856158010810369,2,5,0.4077956927772364
63,B1-SCSA_PLUS_V3,1368856158010810369,3,5,0.4077956927772364
63,B1-SCSA_PLUS_V3,1369343506939019269,4,1,0.32521132213615467
63,B1-SCSA_PLUS_V3,1369343506939019269,5,2,0.32521132213615467
63,B1-SCSA_PLUS_V3,1369441139871387656,6,2,0.24662325897054055
63,B1-SCSA_PLUS_V3,1368835740529000449,7,5,0.21405714708378432
63,B1-SCSA_PLUS_V3,1367766039254163458,8,3,0.17191463521379885
63,B1-SCSA_PLUS_V3,1369490617592467456,9,1,0.13999863152368633
63,B1-SCSA_PLUS_V3,1369395917321801728,10,2,0.10325277624838863
66,B1-SCSA_PLUS_V3,1355113743504584706,1,3,0.9722833818917008
66,B1-SCSA_PLUS_V3,958350559177736194,2,4,0.8881987100703514
66,B1-SCSA_PLUS_V3,1361587149062082561,3,1,0.6663083315027438
66,B1-SCSA_PLUS_V3,1305852766850555904,4,5,0.6110001163154384
66,B1-SCSA_PLUS_V3,1356654923870572546,5,2,0.3739512689749132
66,B1-SCSA_PLUS_V3,1354993740562137089,6,3,0.3669412291468677
66,B1-SCSA_PLUS_V3,1354775320658898944,7,2,0.12167209422725142
66,B1-SCSA_PLUS_V3,423079851592257536,8,2,0.04071021920193109
66,B1-SCSA_PLUS_V3,1330977426906689538,9,2,0.038534278232733726
66,B1-SCSA_PLUS_V3,1316030943174422528,10,2,-0.0019227684540893929
68,B1-SCSA_PLUS_V3,1364598637163126785,1,5,0.8736183982282599
68,B1-SCSA_PLUS_V3,1354966674525597698,2,5,0.6343711094295582
68,B1-SCSA_PLUS_V3,1359943678354092032,3,5,0.5204209119993872
68,B1-SCSA_PLUS_V3,1365338873287634950,4,5,0.4723461047707488
68,B1-SCSA_PLUS_V3,1330751757664837632,5,3,0.40760743287252577
68,B1-SCSA_PLUS_V3,1292597118763319296,6,5,0.3456745306099983
68,B1-SCSA_PLUS_V3,1292597118763319296,7,5,0.3456745306099983
68,B1-SCSA_PLUS_V3,1352380607314145283,8,5,0.31960794103131024
68,B1-SCSA_PLUS_V3,1366709249137643523,9,5,0.30390741410963823
68,B1-SCSA_PLUS_V3,1357788145794887681,10,5,0.23878218896712733
70,B1-SCSA_PLUS_V3,1369242094217404419,1,5,0.5060933791121617
70,B1-SCSA_PLUS_V3,1368856158010810369,2,5,0.4077956927772364
70,B1-SCSA_PLUS_V3,1369343506939019269,3,5,0.32521132213615467
70,B1-SCSA_PLUS_V3,1370041595605753862,4,5,0.24591018194634107
70,B1-SCSA_PLUS_V3,1369552733536219138,5,5,0.23348489569284053
70,B1-SCSA_PLUS_V3,1368835740529000449,6,5,0.21405714708378432
70,B1-SCSA_PLUS_V3,1352326523026632706,7,5,0.2112049110068553
70,B1-SCSA_PLUS_V3,1369573257234550784,8,5,0.08195007080894204
70,B1-SCSA_PLUS_V3,1369590734672760836,9,5,0.07040181442223312
70,B1-SCSA_PLUS_V3,1369440747641049091,10,4,-0.05095543446847821
71,B1-SCSA_PLUS_V3,1189330936300756992,1,5,5.26335598701715
71,B1-SCSA_PLUS_V3,1151160990995746816,2,5,0.8081893612152626
71,B1-SCSA_PLUS_V3,1356659266732650498,3,5,0.666306647582454
71,B1-SCSA_PLUS_V3,1312476369830338561,4,4,0.48760927373164775
71,B1-SCSA_PLUS_V3,1343240225129168898,5,4,0.3923424376777463
71,B1-SCSA_PLUS_V3,1324784149241147394,6,3,0.30346720996850857
71,B1-SCSA_PLUS_V3,1281615412459782145,7,5,0.08950165540216015
71,B1-SCSA_PLUS_V3,1326208392923410432,8,4,0.07273441679252471
71,B1-SCSA_PLUS_V3,1338474408743215106,9,3,0.014240877512348087
71,B1-SCSA_PLUS_V3,1298591876963078146,10,3,-0.01556627609337489
72,B1-SCSA_PLUS_V3,1346184604827279360,1,5,1.0620244240433365
72,B1-SCSA_PLUS_V3,1298277043499462656,2,5,0.714612294495892
72,B1-SCSA_PLUS_V3,1364604015103778820,3,4,0.6754133289281404
72,B1-SCSA_PLUS_V3,1329459194601193472,4,5,0.5741455499883549
72,B1-SCSA_PLUS_V3,1351256621993738240,5,5,0.3729398837464965
72,B1-SCSA_PLUS_V3,1369343506939019269,6,2,0.32521132213615467
72,B1-SCSA_PLUS_V3,1259963743716298754,7,3,0.29029486810433497
72,B1-SCSA_PLUS_V3,1364662601473429514,8,5,0.1287273749327793
72,B1-SCSA_PLUS_V3,1362476144830812161,9,4,0.018664009704498524
72,B1-SCSA_PLUS_V3,1364248308781248517,10,5,-0.26193909254544817
73,B1-SCSA_PLUS_V3,1369031455695900677,1,4,0.30442787051621106
73,B1-SCSA_PLUS_V3,1369416324275961858,2,5,0.2128011391822882
73,B1-SCSA_PLUS_V3,1369181799029571589,3,5,0.20534334861298176
73,B1-SCSA_PLUS_V3,1369327333824430080,4,3,0.19809695538139552
73,B1-SCSA_PLUS_V3,968884303131234305,5,4,0.12290560742098897
73,B1-SCSA_PLUS_V3,1363564146948665347,6,3,0.08661834256579118
73,B1-SCSA_PLUS_V3,1369498799673065473,7,2,-0.026165243190645615
73,B1-SCSA_PLUS_V3,1369047712184889353,8,5,-0.06370726030985227
73,B1-SCSA_PLUS_V3,1367763412244172802,9,2,-0.0665519679595577
73,B1-SCSA_PLUS_V3,1368988690211627016,10,3,-0.09328128541959034
74,B1-SCSA_PLUS_V3,1368923387532369922,1,3,0.4796843713213835
74,B1-SCSA_PLUS_V3,1369038985188831234,2,3,0.3372469611481089
74,B1-SCSA_PLUS_V3,1369990624041140230,3,1,0.32670409140303364
74,B1-SCSA_PLUS_V3,1369552733536219138,4,5,0.23348489569284053
74,B1-SCSA_PLUS_V3,1368835740529000449,5,5,0.21405714708378432
74,B1-SCSA_PLUS_V3,1370088400410324994,6,4,0.1163521485705484
74,B1-SCSA_PLUS_V3,1369598009084887043,7,5,0.0234939911219426
74,B1-SCSA_PLUS_V3,1364311211194675203,8,4,0.017571385996053013
74,B1-SCSA_PLUS_V3,1369207595785977860,9,5,-0.023598969832749273
74,B1-SCSA_PLUS_V3,1369475640076996610,10,1,-0.035471894977460935
76,B1-SCSA_PLUS_V3,1322665368108716033,1,3,4.958106221395653
76,B1-SCSA_PLUS_V3,1349748316901310464,2,2,2.8087456671627775
76,B1-SCSA_PLUS_V3,1338944728969035776,3,4,2.002786849296319
76,B1-SCSA_PLUS_V3,1360638198573981696,4,3,1.7588943403756
76,B1-SCSA_PLUS_V3,1331756802078334982,5,2,1.1278475624845499
76,B1-SCSA_PLUS_V3,1369095591607865347,6,2,1.0584111485238576
76,B1-SCSA_PLUS_V3,1357382231816359939,7,3,0.7790690823125193
76,B1-SCSA_PLUS_V3,1354853026545102849,8,2,0.4967083985975084
76,B1-SCSA_PLUS_V3,1366222136591872000,9,3,0.16362482479289236
76,B1-SCSA_PLUS_V3,1367946423736537089,10,4,0.03856419734257037
77,B1-SCSA_PLUS_V3,1368923387532369922,1,5,0.4796843713213835
77,B1-SCSA_PLUS_V3,1369038985188831234,2,2,0.3372469611481089
77,B1-SCSA_PLUS_V3,1369552733536219138,3,3,0.23348489569284053
77,B1-SCSA_PLUS_V3,1368835740529000449,4,4,0.21405714708378432
77,B1-SCSA_PLUS_V3,1366588589191147526,5,4,0.13572197644446896
77,B1-SCSA_PLUS_V3,1352325551621595136,6,4,0.05595887518937795
77,B1-SCSA_PLUS_V3,1369598009084887043,7,4,0.0234939911219426
77,B1-SCSA_PLUS_V3,1364311211194675203,8,3,0.017571385996053013
77,B1-SCSA_PLUS_V3,1328394654375698433,9,4,0.015176223653077695
77,B1-SCSA_PLUS_V3,1354908861572935681,10,5,-0.0043051615670842425
78,B1-SCSA_PLUS_V3,1367318893191196674,1,1,1.1707982212629562
78,B1-SCSA_PLUS_V3,1368204280629444611,2,1,0.9429248600689029
78,B1-SCSA_PLUS_V3,1367339191961489408,3,3,0.9189811868390217
78,B1-SCSA_PLUS_V3,1367295348574728194,4,3,0.8686239130072506
78,B1-SCSA_PLUS_V3,1369407651914932229,5,1,0.43108520869294364
78,B1-SCSA_PLUS_V3,1367307559640571904,6,1,0.4095947674950907
78,B1-SCSA_PLUS_V3,1366894541475696640,7,1,0.4090839902857971
78,B1-SCSA_PLUS_V3,1367486237574123525,8,3,0.2715485764011997
78,B1-SCSA_PLUS_V3,1368686691452608517,9,1,-0.011656898807020644
78,B1-SCSA_PLUS_V3,1366609467803074561,10,3,-0.03861490653317176
79,B1-SCSA_PLUS_V3,1307137727067029506,1,2,1.0150580067646933
79,B1-SCSA_PLUS_V3,1362841895030968326,2,4,0.5663465077896123
79,B1-SCSA_PLUS_V3,1354523590742446080,3,3,0.5193516853960141
79,B1-SCSA_PLUS_V3,1365017631321858052,4,2,0.506028335885917
79,B1-SCSA_PLUS_V3,1324424895749652481,5,3,0.5036068849011787
79,B1-SCSA_PLUS_V3,1292597118763319296,6,5,0.3456745306099983
79,B1-SCSA_PLUS_V3,1341790679945670656,7,5,0.3298106881047321
79,B1-SCSA_PLUS_V3,1361735737411067909,8,4,0.2638927383316212
79,B1-SCSA_PLUS_V3,1322229311718494210,9,3,0.181486348933974
79,B1-SCSA_PLUS_V3,1360011987493789696,10,2,0.07091922068470244
81,B1-SCSA_PLUS_V3,1369267106215235589,1,5,0.8974813377118736
81,B1-SCSA_PLUS_V3,1367226152549577157,2,5,0.896117192131961
81,B1-SCSA_PLUS_V3,1366505349386240005,3,5,0.3934649571687564
81,B1-SCSA_PLUS_V3,1368637578694524931,4,5,0.3415995838699386
81,B1-SCSA_PLUS_V3,1369403796443570180,5,5,0.3204407243259905
81,B1-SCSA_PLUS_V3,1369226708763746305,6,3,0.31601949052828326
81,B1-SCSA_PLUS_V3,1368844528170500098,7,5,0.2593929077328164
81,B1-SCSA_PLUS_V3,1367112526647934977,8,5,0.25323031249841277
81,B1-SCSA_PLUS_V3,1368225636993691649,9,5,0.07553157100198893
81,B1-SCSA_PLUS_V3,1368299640421052423,10,5,-0.08902052978392946
1,CS-STATE_ART,1369010885075812352,1,4,-0.1312259051124595
1,CS-STATE_ART,1370144518100684802,2,3,-0.15548278557936632
1,CS-STATE_ART,1369253885932617735,3,3,-0.15580200548993606
1,CS-STATE_ART,1369281593693646851,4,4,-0.1561199717744623
1,CS-STATE_ART,1369483207935225856,5,3,-0.1567145788502301
1,CS-STATE_ART,1368604102989541376,6,4,-0.15762070537052023
1,CS-STATE_ART,1369388544003895298,7,5,-0.15844609982773442
1,CS-STATE_ART,1369460811760988160,8,5,-0.1597057666735173
1,CS-STATE_ART,1369439516679942144,9,5,-0.15983409450081992
1,CS-STATE_ART,1369523963974549504,10,5,-0.16017386526778174
2,CS-STATE_ART,1369985018878169089,1,3,0.1545866937368472
2,CS-STATE_ART,1370003953598013450,2,3,-0.14884030324216274
2,CS-STATE_ART,1369037711324119046,3,4,-0.1499696551205348
2,CS-STATE_ART,1369511733975515142,4,2,-0.1501932261198858
2,CS-STATE_ART,1369578871478235143,5,5,-0.15698799876889374
2,CS-STATE_ART,1369471231448158208,6,4,-0.1586723414830121
2,CS-STATE_ART,1369271770960850949,7,3,-0.15999953184797694
2,CS-STATE_ART,1369382859534897161,8,3,-0.1600141218049419
2,CS-STATE_ART,1370128693662785544,9,4,-0.1606918941059832
2,CS-STATE_ART,1369610663547518978,10,4,-0.16142881385798638
3,CS-STATE_ART,1342995722761695232,1,2,-0.13985641625602072
3,CS-STATE_ART,1368659881260032001,2,3,-0.1550910437292035
3,CS-STATE_ART,1240704016046116865,3,4,-0.15772454665633917
3,CS-STATE_ART,1306742315667529729,4,3,-0.15828427830524278
3,CS-STATE_ART,1180250671905263616,5,2,-0.15953714332227037
3,CS-STATE_ART,1256258912866766851,6,4,-0.15969958963935377
3,CS-STATE_ART,1324916905954652168,7,3,-0.1608864516450352
3,CS-STATE_ART,1323456695725625344,8,3,-0.1611353859989065
3,CS-STATE_ART,1153306430100910080,9,3,-0.16180447160572273
3,CS-STATE_ART,1318297870315839488,10,2,-0.16241537599152567
4,CS-STATE_ART,1369456737070313476,1,2,-0.14760439812650908
4,CS-STATE_ART,1369506070989836290,2,3,-0.15064116679001896
4,CS-STATE_ART,1370053184589299724,3,2,-0.15636592891265136
4,CS-STATE_ART,1369600439239458820,4,4,-0.15639876071727318
4,CS-STATE_ART,1369525973302079490,5,4,-0.15642399629474465
4,CS-STATE_ART,1369049581208670208,6,4,-0.15896067066677197
4,CS-STATE_ART,1369563595978252291,7,1,-0.15947007571244065
4,CS-STATE_ART,1369337073463885828,8,4,-0.15952589940535342
4,CS-STATE_ART,1369113689845022721,9,2,-0.1601909963427916
4,CS-STATE_ART,1369275546044162051,10,5,-0.16046252255943885
5,CS-STATE_ART,1368685627303223297,1,3,-0.12968128148138236
5,CS-STATE_ART,1369503478880612357,2,5,-0.1462456190780128
5,CS-STATE_ART,1369377514930507782,3,5,-0.15513722376102515
5,CS-STATE_ART,1370004858464534529,4,3,-0.15528272065968
5,CS-STATE_ART,1369468594891948038,5,3,-0.15763462631194478
5,CS-STATE_ART,1369430816389033988,6,5,-0.1579484923492495
5,CS-STATE_ART,1369351763355201542,7,4,-0.15994690774123857
5,CS-STATE_ART,1369438777127624709,8,4,-0.16065420218775184
5,CS-STATE_ART,1369611245616250880,9,5,-0.1617706840021739
5,CS-STATE_ART,1369336610681159680,10,5,-0.16234947741853117
6,CS-STATE_ART,1204026434739691520,1,5,0.8183232520730329
6,CS-STATE_ART,1197158580333535232,2,4,0.27392409303898263
6,CS-STATE_ART,1219085119971000320,3,3,0.2705565788096393
6,CS-STATE_ART,1349775316366090242,4,2,-0.08745331587264027
6,CS-STATE_ART,1340053176150614025,5,4,-0.15715122826246047
6,CS-STATE_ART,1368199950169997314,6,5,-0.16002182462411974
6,CS-STATE_ART,1369559926629167104,7,5,-0.16060631859380387
6,CS-STATE_ART,1369418972509179912,8,3,-0.16167400772609392
6,CS-STATE_ART,1339894034781880323,9,5,-0.1617049645081019
6,CS-STATE_ART,1369586848163586051,10,2,-0.1617592895292476
7,CS-STATE_ART,1367862841907294209,1,4,-0.010198789245847651
7,CS-STATE_ART,1368487188724350976,2,2,-0.06648540827708722
7,CS-STATE_ART,1368632782042333188,3,4,-0.09518127287118457
7,CS-STATE_ART,1368501683219693570,4,3,-0.13797545345684709
7,CS-STATE_ART,1368174374247923712,5,3,-0.13905178307306104
7,CS-STATE_ART,1369087867939659782,6,3,-0.14349738680864121
7,CS-STATE_ART,1368519774955798529,7,4,-0.151369265812557
7,CS-STATE_ART,1368234120082554894,8,2,-0.15778443897096378
7,CS-STATE_ART,1368216046616768513,9,4,-0.16177165721250822
7,CS-STATE_ART,1364237278516830212,10,5,-0.16177981299460498
8,CS-STATE_ART,1322209256611852294,1,5,9.605111974510496
8,CS-STATE_ART,1354658220585922565,2,4,3.9825833742471706
8,CS-STATE_ART,1334724211689074688,3,5,2.6932319277629166
8,CS-STATE_ART,1316909183225286657,4,5,0.819967714372644
8,CS-STATE_ART,1318996052049973248,5,4,0.5419721755296094
8,CS-STATE_ART,1290389884927000582,6,5,0.218555436212838
8,CS-STATE_ART,1268243264156524544,7,4,0.19261143545637258
8,CS-STATE_ART,1365178104310763520,8,4,-0.09382928418237832
8,CS-STATE_ART,1363674987626856448,9,3,-0.12469212438349081
8,CS-STATE_ART,1334706123971162115,10,2,-0.1320757840737022
9,CS-STATE_ART,1164279406057201665,1,1,1.2984011746481625
9,CS-STATE_ART,1361732521428275201,2,1,0.21481232770977093
9,CS-STATE_ART,1351540224560668673,3,3,-0.05053883575619143
9,CS-STATE_ART,1319321276171759617,4,5,-0.062126355000262125
9,CS-STATE_ART,1312391963241398272,5,4,-0.12680549572685162
9,CS-STATE_ART,1263620338790944769,6,4,-0.13248377963946267
9,CS-STATE_ART,1330972658612150272,7,5,-0.14076790308797146
9,CS-STATE_ART,1338573100921794560,8,4,-0.15080834640034618
9,CS-STATE_ART,1333878541398798338,9,5,-0.1508219774464205
9,CS-STATE_ART,1327308553418272768,10,3,-0.1533296978909383
10,CS-STATE_ART,1337102280059834370,1,4,0.1008281502107142
10,CS-STATE_ART,1350865539091066881,2,5,-0.005165996965306128
10,CS-STATE_ART,1367862841907294209,3,4,-0.010198789245847651
10,CS-STATE_ART,1351594764056088577,4,5,-0.0967575524042348
10,CS-STATE_ART,1320726746329743363,5,5,-0.11256368741400277
10,CS-STATE_ART,1365731424322478084,6,5,-0.13290347402706248
10,CS-STATE_ART,1330948472992776193,7,5,-0.14023334237759844
10,CS-STATE_ART,1369087867939659782,8,5,-0.14349738680864121
10,CS-STATE_ART,1368234120082554894,9,5,-0.15778443897096378
10,CS-STATE_ART,1352017720578105346,10,4,-0.16141779242611498
11,CS-STATE_ART,1358058477785120769,1,1,12.899278738410155
11,CS-STATE_ART,1354658220585922565,2,1,3.9825833742471706
11,CS-STATE_ART,1334724211689074688,3,1,2.6932319277629166
11,CS-STATE_ART,1316909183225286657,4,5,0.819967714372644
11,CS-STATE_ART,1290389884927000582,5,5,0.218555436212838
11,CS-STATE_ART,1362769948691472385,6,5,0.016046697743208358
11,CS-STATE_ART,1352347607855726594,7,5,-0.04657510680934314
11,CS-STATE_ART,1310693744056950787,8,5,-0.04808611318552288
11,CS-STATE_ART,1349370619616378880,9,5,-0.05408371084274118
11,CS-STATE_ART,1319321276171759617,10,5,-0.062126355000262125
12,CS-STATE_ART,1344852533122981888,1,5,2.138431590824769
12,CS-STATE_ART,1331282297014743042,2,5,0.1547804791812662
12,CS-STATE_ART,1369832253816246274,3,5,-0.057220266127927466
12,CS-STATE_ART,1366121589478154243,4,5,-0.09234531722239857
12,CS-STATE_ART,1366380504736534529,5,3,-0.1406106114477888
12,CS-STATE_ART,1359370632350208003,6,2,-0.143001609551199
12,CS-STATE_ART,1358529006967033856,7,3,-0.1523863246239296
12,CS-STATE_ART,1336435104172765184,8,3,-0.15434477676402428
12,CS-STATE_ART,1370069387974119426,9,5,-0.16253406132356968
12,CS-STATE_ART,1359319030587293696,10,3,-0.16271022568248358
13,CS-STATE_ART,1350865539091066881,1,3,-0.005165996965306128
13,CS-STATE_ART,1351594764056088577,2,3,-0.0967575524042348
13,CS-STATE_ART,1358898413136396288,3,4,-0.12777869104481576
13,CS-STATE_ART,1365731424322478084,4,5,-0.13290347402706248
13,CS-STATE_ART,1330948472992776193,5,5,-0.14023334237759844
13,CS-STATE_ART,1369087867939659782,6,3,-0.14349738680864121
13,CS-STATE_ART,1337104278398382087,7,5,-0.1544084644048266
13,CS-STATE_ART,1352017720578105346,8,1,-0.16141779242611498
13,CS-STATE_ART,1362902698585071617,9,5,-0.1624389310246469
13,CS-STATE_ART,1363172378843389952,10,2,-0.16281305126203027
15,CS-STATE_ART,1365788765957083149,1,3,-0.15142249776715946
15,CS-STATE_ART,1258809129218564098,2,3,-0.15228008525506223
15,CS-STATE_ART,1330905143416659975,3,4,-0.15642287793921825
15,CS-STATE_ART,1351560050725294082,4,2,-0.15780988452508946
15,CS-STATE_ART,1331266330176196608,5,3,-0.15901542440233074
15,CS-STATE_ART,1301536924067393537,6,2,-0.15963867001225732
15,CS-STATE_ART,1355549351603531783,7,5,-0.15971487755366368
15,CS-STATE_ART,1303727847966674944,8,2,-0.161478002457324
15,CS-STATE_ART,1362920758872133634,9,3,-0.16240523214715646
15,CS-STATE_ART,1354353736580124673,10,4,-0.16268230311495263
16,CS-STATE_ART,1368447074019270656,1,4,0.21348212490528246
16,CS-STATE_ART,1346143996431646720,2,4,-0.10307257314016796
16,CS-STATE_ART,1271896411257241600,3,1,-0.13929618616579037
16,CS-STATE_ART,1275840045761441792,4,1,-0.15011509197650277
16,CS-STATE_ART,1326554237053054977,5,1,-0.15242225660286324
16,CS-STATE_ART,1352019602151100416,6,1,-0.1535082804934826
16,CS-STATE_ART,1318907390922788866,7,1,-0.15861320480290578
16,CS-STATE_ART,1173620799997186051,8,1,-0.1597261169597225
16,CS-STATE_ART,1316239353505480704,9,1,-0.16069548416732543
16,CS-STATE_ART,1317201419384975365,10,1,-0.16215593056252256
17,CS-STATE_ART,1320374052847013893,1,5,-0.15246703757568872
17,CS-STATE_ART,1366743775192752129,2,4,-0.15418252146818615
17,CS-STATE_ART,1357403552470212608,3,5,-0.154725814896896
17,CS-STATE_ART,1334527822971490308,4,5,-0.1558479365995145
17,CS-STATE_ART,1350151000267632641,5,5,-0.15837501280805655
17,CS-STATE_ART,1364970509700595717,6,5,-0.15904355455907218
17,CS-STATE_ART,1330058761323614209,7,5,-0.15991786726441112
17,CS-STATE_ART,1358772405536194562,8,5,-0.1602894410086965
17,CS-STATE_ART,1336739324658929667,9,5,-0.1610990855045166
17,CS-STATE_ART,1063403538636816385,10,5,-0.16292409473953443
18,CS-STATE_ART,1340325978170646535,1,3,0.2648478762802137
18,CS-STATE_ART,1327053570794008577,2,2,0.02525259212368395
18,CS-STATE_ART,1366528818454822914,3,3,-0.011053796940822603
18,CS-STATE_ART,1330556651716243456,4,3,-0.058977475860808766
18,CS-STATE_ART,1354527098354819077,5,1,-0.13512366257040717
18,CS-STATE_ART,1337819421973344256,6,2,-0.14752522715307023
18,CS-STATE_ART,1359592867380031494,7,1,-0.14867146841379375
18,CS-STATE_ART,1339195127986794498,8,4,-0.16226000082959244
18,CS-STATE_ART,1362475666504040451,9,1,-0.1628903113961111
18,CS-STATE_ART,1339377333728391169,10,4,-0.1630706885071806
19,CS-STATE_ART,1368697794417065992,1,3,-0.08735036234877963
19,CS-STATE_ART,1369425009303822344,2,3,-0.1397998831823555
19,CS-STATE_ART,1369266567423397891,3,3,-0.1471952625162108
19,CS-STATE_ART,1369469059427893249,4,3,-0.154880934390866
19,CS-STATE_ART,1369189230489001991,5,3,-0.15780842021954625
19,CS-STATE_ART,1369596898127077379,6,3,-0.1604663579495648
19,CS-STATE_ART,1369424518092120064,7,3,-0.16048601353450287
19,CS-STATE_ART,1369569992732250114,8,3,-0.16049760698956442
19,CS-STATE_ART,1369617901678964736,9,4,-0.1608433136342031
19,CS-STATE_ART,1369559628183445504,10,3,-0.16179128389032052
20,CS-STATE_ART,1368950916024532995,1,2,-0.05570508542801794
20,CS-STATE_ART,1369415901964034052,2,3,-0.12399063932021115
20,CS-STATE_ART,1369146187358539781,3,5,-0.15712593573223393
20,CS-STATE_ART,1368272500086476805,4,2,-0.16031521361767342
20,CS-STATE_ART,1368276753244913665,5,2,-0.16068674050766296
20,CS-STATE_ART,1369112711032881153,6,3,-0.16091447546896023
20,CS-STATE_ART,1369193501875970048,7,5,-0.16141362807813958
20,CS-STATE_ART,1366181019829686277,8,5,-0.16220529536051698
20,CS-STATE_ART,1364622367499157504,9,5,-0.16220693276825174
20,CS-STATE_ART,1369573389845880832,10,5,-0.16239923463135872
21,CS-STATE_ART,1204781519052652546,1,2,0.04161047002861552
21,CS-STATE_ART,1338181816478539777,2,5,-0.052771002214628174
21,CS-STATE_ART,1366565826913062914,3,4,-0.1461050808889453
21,CS-STATE_ART,1366217334658977797,4,5,-0.1490603723252406
21,CS-STATE_ART,1300100975793901569,5,3,-0.15887769033765878
21,CS-STATE_ART,1272339338995445760,6,1,-0.1609886767417202
21,CS-STATE_ART,1340651032817315842,7,4,-0.16112068869530802
21,CS-STATE_ART,1367222811727564800,8,5,-0.16134281468156966
21,CS-STATE_ART,1369040595310682112,9,2,-0.16207998847167476
21,CS-STATE_ART,1339526270288322561,10,4,-0.16276015469142724
22,CS-STATE_ART,1369396362840858635,1,3,-0.13878112193759026
22,CS-STATE_ART,1369402883704229892,2,5,-0.13997096744353488
22,CS-STATE_ART,1369538412961730562,3,3,-0.15269450262077364
22,CS-STATE_ART,1369103243960258562,4,4,-0.15428697314158651
22,CS-STATE_ART,1369410355215142917,5,5,-0.15630347531320732
22,CS-STATE_ART,1369567942690635778,6,5,-0.15865211764232307
22,CS-STATE_ART,1369505213904748554,7,5,-0.16018206446886166
22,CS-STATE_ART,1369483561938649089,8,4,-0.16033516965250302
22,CS-STATE_ART,1369259204725387266,9,5,-0.1609372270708816
22,CS-STATE_ART,1369437537907978245,10,3,-0.1623396946911232
23,CS-STATE_ART,1322232908141113344,1,5,-0.04092310992083215
23,CS-STATE_ART,1325995532259561473,2,5,-0.057539440503610685
23,CS-STATE_ART,1335651231759552514,3,4,-0.07376060132136883
23,CS-STATE_ART,1307054698931912706,4,4,-0.08701067878606353
23,CS-STATE_ART,1349391558269923330,5,4,-0.1390515104578154
23,CS-STATE_ART,1303724853120217088,6,4,-0.14650454653354655
23,CS-STATE_ART,1319019864212713472,7,4,-0.15092039740867635
23,CS-STATE_ART,1367852411017031682,8,4,-0.1538130546821346
23,CS-STATE_ART,1354509947288088576,9,4,-0.154936833117701
23,CS-STATE_ART,1326932771240095749,10,4,-0.1593285507991584
24,CS-STATE_ART,1357647227808841728,1,3,0.19893479294459962
24,CS-STATE_ART,1319639717906821121,2,4,0.015498587719569856
24,CS-STATE_ART,1350865539091066881,3,4,-0.005165996965306128
24,CS-STATE_ART,1358898413136396288,4,5,-0.12777869104481576
24,CS-STATE_ART,1330948472992776193,5,5,-0.14023334237759844
24,CS-STATE_ART,1369087867939659782,6,5,-0.14349738680864121
24,CS-STATE_ART,1326957720759541761,7,5,-0.15250208948571686
24,CS-STATE_ART,1369308139158446081,8,5,-0.15785197348435479
24,CS-STATE_ART,1362902698585071617,9,4,-0.1624389310246469
24,CS-STATE_ART,1363172378843389952,10,5,-0.16281305126203027
25,CS-STATE_ART,1369377505224884227,1,5,-0.10257473275134575
25,CS-STATE_ART,1369043756486377472,2,5,-0.1423662834972271
25,CS-STATE_ART,1369600442322333699,3,5,-0.15045349300541797
25,CS-STATE_ART,1369579853612281860,4,5,-0.1572496819676191
25,CS-STATE_ART,1370125729199980545,5,5,-0.15864853896609232
25,CS-STATE_ART,1369569728541425667,6,5,-0.15907945818704788
25,CS-STATE_ART,1369560664142970881,7,5,-0.15993970043877664
25,CS-STATE_ART,1369571000212463617,8,5,-0.16100653809445678
25,CS-STATE_ART,1369547930550611968,9,5,-0.16118460567380646
25,CS-STATE_ART,1369563665867898882,10,5,-0.1619306650918613
26,CS-STATE_ART,1329540885055356928,1,3,-0.14368441395438455
26,CS-STATE_ART,1349449506136330241,2,3,-0.15053167673339787
26,CS-STATE_ART,1360897085856313349,3,4,-0.1615010204652871
26,CS-STATE_ART,1348680358619992071,4,3,-0.1616742112105847
26,CS-STATE_ART,1368758876015910915,5,4,-0.1618078569785993
26,CS-STATE_ART,1369030449398509568,6,4,-0.16185719859041342
26,CS-STATE_ART,1369296706836250624,7,4,-0.16203480965212752
26,CS-STATE_ART,1359141009272184832,8,3,-0.1622733577868156
26,CS-STATE_ART,1367541147787223041,9,4,-0.1623132968471929
26,CS-STATE_ART,1369636752336490497,10,4,-0.16246558670793046
27,CS-STATE_ART,1370035059495993348,1,1,0.5730279897940919
27,CS-STATE_ART,1368269027596976129,2,1,-0.09862927028791674
27,CS-STATE_ART,1369303761097785344,3,5,-0.14659730640400387
27,CS-STATE_ART,1369528722538328068,4,4,-0.15038164467042087
27,CS-STATE_ART,1369370948634312710,5,1,-0.15541178147188345
27,CS-STATE_ART,1369571760140615684,6,4,-0.15590037735026796
27,CS-STATE_ART,1369455485615759360,7,4,-0.15602648082474124
27,CS-STATE_ART,1369608851306278914,8,5,-0.1581652861640415
27,CS-STATE_ART,1369975631744802817,9,1,-0.15824338457539652
27,CS-STATE_ART,1369400099223207936,10,1,-0.16070179969003393
28,CS-STATE_ART,1332672152995291138,1,2,-0.053968640660883284
28,CS-STATE_ART,1361498566024302597,2,5,-0.11603779041320694
28,CS-STATE_ART,1306669595525226500,3,3,-0.12794363520595042
28,CS-STATE_ART,1333791058765901825,4,2,-0.13360040291263714
28,CS-STATE_ART,1366441855416627200,5,5,-0.14756352011832574
28,CS-STATE_ART,1329848482446905349,6,5,-0.15290716948650063
28,CS-STATE_ART,1355246647446544384,7,5,-0.15544695018083396
28,CS-STATE_ART,1311335003599433733,8,5,-0.15624773564203676
28,CS-STATE_ART,1329469491961503747,9,5,-0.1578821604178956
28,CS-STATE_ART,1313864060669026304,10,1,-0.16206155473278444
29,CS-STATE_ART,1366184948244176899,1,3,0.17710892646344034
29,CS-STATE_ART,1341859235756453889,2,3,-0.11928390797550685
29,CS-STATE_ART,1331046811704958985,3,3,-0.12193545577388935
29,CS-STATE_ART,1250915381646176262,4,3,-0.15466501509999248
29,CS-STATE_ART,1261295911185068033,5,4,-0.1609898734687295
29,CS-STATE_ART,1245049389250273280,6,3,-0.16163140887580882
29,CS-STATE_ART,1120471100532625410,7,5,-0.16251843148103784
29,CS-STATE_ART,1366212322436423682,8,4,-0.16269646615363442
29,CS-STATE_ART,1368855703612448768,9,3,-0.16286455801808417
29,CS-STATE_ART,1368840460198838272,10,3,-0.16291805685468283
30,CS-STATE_ART,1290776688284954625,1,3,-0.11813326777019302
30,CS-STATE_ART,1322524023117533184,2,4,-0.13850330057700877
30,CS-STATE_ART,1329121235423297537,3,5,-0.14365449067425462
30,CS-STATE_ART,1139203333607043073,4,4,-0.14858445477753449
30,CS-STATE_ART,1369307789932265473,5,5,-0.15574245567118997
30,CS-STATE_ART,1363171557250596864,6,3,-0.16032038711094246
30,CS-STATE_ART,968536670105726977,7,4,-0.1610328225802145
30,CS-STATE_ART,1369605185455017984,8,5,-0.16147896554107083
30,CS-STATE_ART,1368741071870562307,9,3,-0.1621039602797921
30,CS-STATE_ART,1367214933423706113,10,3,-0.16260475300457725
31,CS-STATE_ART,1369087867939659782,1,3,-0.14349738680864121
31,CS-STATE_ART,1365459905717678084,2,3,-0.16051994120283908
31,CS-STATE_ART,976286019904401408,3,4,-0.16104537453743975
31,CS-STATE_ART,1369649450688409604,4,3,-0.16160631304680423
31,CS-STATE_ART,973719108515717120,5,3,-0.16163500249249727
31,CS-STATE_ART,1369463119479734274,6,4,-0.16182893029813325
31,CS-STATE_ART,1362439231080169474,7,3,-0.16204232083106226
31,CS-STATE_ART,1364961278729551872,8,4,-0.16204493967561825
31,CS-STATE_ART,1369075112432046081,9,1,-0.16216575184232426
31,CS-STATE_ART,1369304506064908290,10,3,-0.16269189510889262
32,CS-STATE_ART,1367133454241046531,1,4,-0.1386643120165588
32,CS-STATE_ART,1369169336326316036,2,4,-0.15031563248452823
32,CS-STATE_ART,976304255685423104,3,4,-0.1603169777701433
32,CS-STATE_ART,1369368976128679940,4,4,-0.1616489636025227
32,CS-STATE_ART,1369357633283620870,5,3,-0.1620524186917239
32,CS-STATE_ART,1367444872903462913,6,4,-0.16215225410933434
32,CS-STATE_ART,1369533603194040320,7,2,-0.1621777142116386
32,CS-STATE_ART,1369148225433788417,8,2,-0.1622516269262953
32,CS-STATE_ART,1367113449394765824,9,3,-0.162266689043346
32,CS-STATE_ART,1368911960478257153,10,2,-0.16234141690379222
33,CS-STATE_ART,1369366150237351943,1,3,-0.13062264657210143
33,CS-STATE_ART,1369547940017147907,2,3,-0.13104382597284028
33,CS-STATE_ART,1368604102989541376,3,2,-0.15762070537052023
33,CS-STATE_ART,1369269245704630276,4,2,-0.15800806056635888
33,CS-STATE_ART,1369321348783345674,5,4,-0.1584250394135548
33,CS-STATE_ART,1369566623913369603,6,4,-0.15916978410769925
33,CS-STATE_ART,1369450685708857348,7,3,-0.15943233905627735
33,CS-STATE_ART,1369356888568197133,8,3,-0.1595190480951559
33,CS-STATE_ART,1369362400403726350,9,4,-0.1610621246439199
33,CS-STATE_ART,1369605923732393985,10,2,-0.16219806840646073
34,CS-STATE_ART,1369404129643216897,1,3,-0.13458019767801657
34,CS-STATE_ART,1369460521846575104,2,2,-0.13571816788995608
34,CS-STATE_ART,1370017497710215170,3,2,-0.14234999447183225
34,CS-STATE_ART,1369536457992470528,4,4,-0.15114743619435692
34,CS-STATE_ART,1369270015699136512,5,2,-0.15484876113960439
34,CS-STATE_ART,1369968831666487296,6,3,-0.15703103166142013
34,CS-STATE_ART,1370057097107345411,7,3,-0.15745091071521994
34,CS-STATE_ART,1369475595466375169,8,3,-0.15816385676765146
34,CS-STATE_ART,1369460811760988160,9,4,-0.1597057666735173
34,CS-STATE_ART,1369585318521802763,10,4,-0.1605040615186143
35,CS-STATE_ART,1337396723610771457,1,1,0.0959134209815244
35,CS-STATE_ART,1152351180225335296,2,2,0.05682049795907656
35,CS-STATE_ART,1189249540412624898,3,2,-0.014854004344830469
35,CS-STATE_ART,1322493521245298689,4,1,-0.015694499428656555
35,CS-STATE_ART,1330209367002472448,5,1,-0.020250873464649138
35,CS-STATE_ART,1362483585169686531,6,2,-0.06414606711013685
35,CS-STATE_ART,1287306318961872896,7,1,-0.1294706624250547
35,CS-STATE_ART,1285629613067038720,8,2,-0.15109433067484992
35,CS-STATE_ART,1363561378552958976,9,3,-0.1615439160295636
35,CS-STATE_ART,1272336376927666176,10,2,-0.16200072191880313
36,CS-STATE_ART,1146224584443727872,1,3,0.9979423343445964
36,CS-STATE_ART,1055619307084800000,2,4,0.3468043862657819
36,CS-STATE_ART,1337102280059834370,3,5,0.1008281502107142
36,CS-STATE_ART,1350865539091066881,4,5,-0.005165996965306128
36,CS-STATE_ART,1319321276171759617,5,5,-0.062126355000262125
36,CS-STATE_ART,1254427280794845185,6,5,-0.09539671002919502
36,CS-STATE_ART,1338550048892710913,7,5,-0.10726534132499412
36,CS-STATE_ART,1320726746329743363,8,5,-0.11256368741400277
36,CS-STATE_ART,1334214244632580097,9,4,-0.11276378155429609
36,CS-STATE_ART,1307801712107966476,10,5,-0.1323501782208748
37,CS-STATE_ART,1351923223638794246,1,1,0.45324832218817807
37,CS-STATE_ART,1356264437729124353,2,1,0.13609383013892407
37,CS-STATE_ART,1331689113494446085,3,1,0.04061324203009344
37,CS-STATE_ART,1328065268942336000,4,4,-0.02415474027698325
37,CS-STATE_ART,1367114880378146824,5,1,-0.041424536483973075
37,CS-STATE_ART,1349775316366090242,6,4,-0.08745331587264027
37,CS-STATE_ART,1152354497189965824,7,1,-0.09452150193447835
37,CS-STATE_ART,1329150877941305345,8,3,-0.15707775169075242
37,CS-STATE_ART,1365407295384018947,9,1,-0.1620490293069972
37,CS-STATE_ART,1364320994337427461,10,3,-0.16234425481272088
38,CS-STATE_ART,1367625947462184961,1,5,-0.14865159320630988
38,CS-STATE_ART,1363322581076619265,2,5,-0.15904605881024234
38,CS-STATE_ART,1369521918412472320,3,5,-0.16117225154748693
38,CS-STATE_ART,1369181189932777474,4,5,-0.16143247988500004
38,CS-STATE_ART,1352922753565863936,5,4,-0.1618818639980376
38,CS-STATE_ART,1369499281833537540,6,5,-0.1618971945198322
38,CS-STATE_ART,1368999972792844292,7,5,-0.16202754897972851
38,CS-STATE_ART,1361209516277174279,8,5,-0.1622929320216088
38,CS-STATE_ART,1369036451845869573,9,5,-0.16255937014909336
38,CS-STATE_ART,1329140321402445824,10,5,-0.16260101036304464
39,CS-STATE_ART,1369414843720208384,1,4,-0.09746807497385157
39,CS-STATE_ART,1369135857110638592,2,5,-0.12352600992571092
39,CS-STATE_ART,423131090803777536,3,5,-0.15678632523386876
39,CS-STATE_ART,1364908035932569600,4,5,-0.15913249489181064
39,CS-STATE_ART,421376352319983617,5,4,-0.16038094947885193
39,CS-STATE_ART,1366870970351427588,6,5,-0.16052886555097187
39,CS-STATE_ART,1368487216775893000,7,5,-0.16132110141731723
39,CS-STATE_ART,1364156801109938178,8,4,-0.16236677198418548
39,CS-STATE_ART,1369575294806425603,9,5,-0.162396094820928
39,CS-STATE_ART,1368772235683586050,10,3,-0.1625429434788583
40,CS-STATE_ART,1320019327425286144,1,5,0.09425829826911945
40,CS-STATE_ART,1341514552819724288,2,3,-0.06825069014151254
40,CS-STATE_ART,1354759783157534720,3,2,-0.13517344722280003
40,CS-STATE_ART,1336775151128518656,4,5,-0.13738198243485958
40,CS-STATE_ART,1341428444190617600,5,2,-0.13947692146483684
40,CS-STATE_ART,1338592930022363139,6,5,-0.1462227479128133
40,CS-STATE_ART,1337106387751620613,7,1,-0.15262972434451733
40,CS-STATE_ART,1359946667429093378,8,2,-0.15293755983338245
40,CS-STATE_ART,1319756701126459398,9,5,-0.15593299379778822
40,CS-STATE_ART,1363945864633401344,10,5,-0.1587494710309002
41,CS-STATE_ART,1356407112385982464,1,1,12.855715630254767
41,CS-STATE_ART,1342918732486594560,2,3,6.251479868117624
41,CS-STATE_ART,1316771044049391617,3,1,2.3223312453128
41,CS-STATE_ART,1367522051762757632,4,3,0.547915187517189
41,CS-STATE_ART,1367295825731227650,5,1,0.4898587654210508
41,CS-STATE_ART,1368999845856436224,6,3,0.28586740143157624
41,CS-STATE_ART,1350629002302550016,7,1,0.08364370740790499
41,CS-STATE_ART,1364711711891206151,8,5,0.05785470594234074
41,CS-STATE_ART,1291753980247375873,9,4,-0.007761736980412747
41,CS-STATE_ART,1365710371206488066,10,5,-0.08140851536870142
42,CS-STATE_ART,1283200387101712384,1,1,-0.13897514471977965
42,CS-STATE_ART,1367351364477624321,2,5,-0.1460518112226265
42,CS-STATE_ART,1316378741061320711,3,5,-0.15659491876874326
42,CS-STATE_ART,1356256641814065162,4,5,-0.1572686365315415
42,CS-STATE_ART,1361692398867402752,5,5,-0.16026348980557711
42,CS-STATE_ART,1364632186884939780,6,1,-0.1608970545030705
42,CS-STATE_ART,1242185573193768960,7,5,-0.1620594530993722
42,CS-STATE_ART,1325114525104758784,8,1,-0.16234804894562732
42,CS-STATE_ART,1350632339206901761,9,2,-0.1624559668407866
42,CS-STATE_ART,1369104826869506049,10,2,-0.16265293605073738
43,CS-STATE_ART,1358058477785120769,1,2,12.899278738410155
43,CS-STATE_ART,1334724211689074688,2,2,2.6932319277629166
43,CS-STATE_ART,1316909183225286657,3,2,0.819967714372644
43,CS-STATE_ART,1332420899471990786,4,3,0.2988122943204065
43,CS-STATE_ART,1290389884927000582,5,2,0.218555436212838
43,CS-STATE_ART,1349775316366090242,6,2,-0.08745331587264027
43,CS-STATE_ART,1365178104310763520,7,2,-0.09382928418237832
43,CS-STATE_ART,1363674987626856448,8,2,-0.12469212438349081
43,CS-STATE_ART,1334706123971162115,9,2,-0.1320757840737022
43,CS-STATE_ART,1359547910619344904,10,2,-0.13258565705166822
44,CS-STATE_ART,1369546496165765121,1,3,-0.12682943544296987
44,CS-STATE_ART,1369398802537476096,2,3,-0.13083420541830285
44,CS-STATE_ART,1369434342053806090,3,2,-0.14591667171681733
44,CS-STATE_ART,1370028580516732943,4,3,-0.15108268699060923
44,CS-STATE_ART,1369449199343960065,5,5,-0.15499642204220526
44,CS-STATE_ART,1369102305748992003,6,2,-0.15528679552382704
44,CS-STATE_ART,1369377939381497859,7,5,-0.15530579772501113
44,CS-STATE_ART,1369457998523949060,8,5,-0.15543726120704537
44,CS-STATE_ART,1369332550347407367,9,5,-0.15859271857282584
44,CS-STATE_ART,1369609984468783107,10,3,-0.16006336099509885
45,CS-STATE_ART,1264644362731913216,1,5,-0.151083619240934
45,CS-STATE_ART,1366899538502426633,2,5,-0.15113073978286715
45,CS-STATE_ART,1359267423346716677,3,4,-0.15761508280856634
45,CS-STATE_ART,1358213026541834240,4,4,-0.1586801718138165
45,CS-STATE_ART,1353755766625234944,5,5,-0.15888297173021104
45,CS-STATE_ART,1330308453508800527,6,3,-0.16125346665533857
45,CS-STATE_ART,1174371887159242752,7,4,-0.16143993567077067
45,CS-STATE_ART,1179754999171047425,8,5,-0.16216656668655527
45,CS-STATE_ART,1335107635767439361,9,4,-0.1621814180530258
45,CS-STATE_ART,1269780932891774976,10,4,-0.16220541772603628
46,CS-STATE_ART,1368340015001042945,1,4,-0.010928312801766267
46,CS-STATE_ART,1369498268011552768,2,3,-0.12873621471292646
46,CS-STATE_ART,1369440894961786880,3,4,-0.13384788998444225
46,CS-STATE_ART,1369551925285449729,4,3,-0.155155733494474
46,CS-STATE_ART,1369593103208886276,5,3,-0.15850628491228896
46,CS-STATE_ART,1369121138861891587,6,2,-0.16041616269409337
46,CS-STATE_ART,1369106243755900928,7,3,-0.16098166817881582
46,CS-STATE_ART,1369596392834932746,8,4,-0.16101907165514123
46,CS-STATE_ART,1369432600448745472,9,3,-0.1611893285576494
46,CS-STATE_ART,1369332242410049546,10,5,-0.1615882960639536
47,CS-STATE_ART,1367862841907294209,1,5,-0.010198789245847651
47,CS-STATE_ART,1368487188724350976,2,5,-0.06648540827708722
47,CS-STATE_ART,1349775316366090242,3,3,-0.08745331587264027
47,CS-STATE_ART,1368174374247923712,4,5,-0.13905178307306104
47,CS-STATE_ART,1369411191316025345,5,5,-0.15338894721722385
47,CS-STATE_ART,1368234120082554894,6,5,-0.15778443897096378
47,CS-STATE_ART,1369391021642158086,7,5,-0.16067516300085677
47,CS-STATE_ART,1369397637267488772,8,5,-0.1617499338395457
47,CS-STATE_ART,1369276490832023555,9,5,-0.16210547171121137
47,CS-STATE_ART,1369347272975282184,10,5,-0.1625348251250073
48,CS-STATE_ART,1369456184554569731,1,5,0.27776293150522674
48,CS-STATE_ART,1369570003729649671,2,5,-0.14474748478450275
48,CS-STATE_ART,1369528480627650560,3,5,-0.1456118588699968
48,CS-STATE_ART,1369517501248372738,4,5,-0.14947284590793017
48,CS-STATE_ART,1369489233153515523,5,5,-0.15634759911608598
48,CS-STATE_ART,1369294887481450502,6,5,-0.16031758651808498
48,CS-STATE_ART,1369321844449361921,7,5,-0.16044873530603276
48,CS-STATE_ART,1369570221162459143,8,5,-0.16096691523138143
48,CS-STATE_ART,1369592804683419651,9,5,-0.16140998820743047
48,CS-STATE_ART,1369460712054153219,10,5,-0.16160069752324008
49,CS-STATE_ART,1368483092252401666,1,5,0.06296310378053417
49,CS-STATE_ART,1368669282452840452,2,2,-0.11364551691467242
49,CS-STATE_ART,1273665566763433984,3,5,-0.15345679893181613
49,CS-STATE_ART,1271193376147177472,4,5,-0.1546017753823085
49,CS-STATE_ART,1259322582949679104,5,5,-0.16066812149624274
49,CS-STATE_ART,1184552999428866048,6,5,-0.1608215017804267
49,CS-STATE_ART,1306044998408904704,7,5,-0.16106315343151903
49,CS-STATE_ART,1183046883347841024,8,5,-0.16163938079149157
49,CS-STATE_ART,1316050559518949376,9,5,-0.1617948333711683
49,CS-STATE_ART,1334926517722378242,10,3,-0.16227247377893844
50,CS-STATE_ART,1368697794417065992,1,4,-0.08735036234877963
50,CS-STATE_ART,1369425009303822344,2,4,-0.1397998831823555
50,CS-STATE_ART,1369430517381267460,3,3,-0.14365205550126792
50,CS-STATE_ART,1369266567423397891,4,4,-0.1471952625162108
50,CS-STATE_ART,1369469059427893249,5,4,-0.154880934390866
50,CS-STATE_ART,1369189230489001991,6,4,-0.15780842021954625
50,CS-STATE_ART,1369596898127077379,7,2,-0.1604663579495648
50,CS-STATE_ART,1369569992732250114,8,4,-0.16049760698956442
50,CS-STATE_ART,1369617901678964736,9,3,-0.1608433136342031
50,CS-STATE_ART,1369559628183445504,10,3,-0.16179128389032052
51,CS-STATE_ART,1330194382914514949,1,5,0.2243276853829842
51,CS-STATE_ART,1328413175620964353,2,5,-0.027956146007458896
51,CS-STATE_ART,1327280720084164608,3,3,-0.04634521565804762
51,CS-STATE_ART,1367197078829506565,4,5,-0.0842865034392534
51,CS-STATE_ART,1368751184434040836,5,3,-0.15359730270266092
51,CS-STATE_ART,1366830686498217984,6,5,-0.1559287717236577
51,CS-STATE_ART,1315366562069700616,7,2,-0.1587034688188275
51,CS-STATE_ART,1369056709117808640,8,5,-0.1616971920749081
51,CS-STATE_ART,1366768521854656512,9,5,-0.1619680429239624
51,CS-STATE_ART,1368747076528578560,10,3,-0.16208615575810176
53,CS-STATE_ART,1368614821147598851,1,1,-0.06694871147427538
53,CS-STATE_ART,1361767244125110275,2,1,-0.08887201635644543
53,CS-STATE_ART,1366209721124839425,3,2,-0.10571455346808198
53,CS-STATE_ART,1365708399791505416,4,1,-0.11009445482216439
53,CS-STATE_ART,1367912923641737216,5,1,-0.16052254522173293
53,CS-STATE_ART,1367212776641359872,6,1,-0.16164367567422516
53,CS-STATE_ART,1369050447797907460,7,1,-0.16211378536221702
53,CS-STATE_ART,1366827740175896578,8,1,-0.16216830992999928
53,CS-STATE_ART,1367243228701892609,9,1,-0.16242497893393595
53,CS-STATE_ART,1369459006129930241,10,1,-0.16302078343589785
54,CS-STATE_ART,1368614821147598851,1,1,-0.06694871147427538
54,CS-STATE_ART,1277164459446931456,2,2,-0.10893580561593642
54,CS-STATE_ART,1367532286359445510,3,2,-0.13335090262701602
54,CS-STATE_ART,1326615477037142016,4,2,-0.15220866322691984
54,CS-STATE_ART,1367548427370786816,5,5,-0.15952536272566964
54,CS-STATE_ART,1366425498226593793,6,3,-0.15980295146923829
54,CS-STATE_ART,1367837304509915140,7,5,-0.15988753712014658
54,CS-STATE_ART,1369050447797907460,8,2,-0.16211378536221702
54,CS-STATE_ART,1367243228701892609,9,5,-0.16242497893393595
54,CS-STATE_ART,1369459006129930241,10,2,-0.16302078343589785
55,CS-STATE_ART,1367862841907294209,1,5,-0.010198789245847651
55,CS-STATE_ART,1366604627689496580,2,5,-0.12016453176787516
55,CS-STATE_ART,1368174374247923712,3,5,-0.13905178307306104
55,CS-STATE_ART,1367266920689459202,4,5,-0.15406380847869156
55,CS-STATE_ART,1366585340849491972,5,5,-0.15999681044053007
55,CS-STATE_ART,1367288053547626496,6,5,-0.16100983463981045
55,CS-STATE_ART,1369343726611529728,7,5,-0.16146724708094798
55,CS-STATE_ART,1367842722678247427,8,5,-0.16216189436712378
55,CS-STATE_ART,1299755874915942401,9,5,-0.16260908586494133
55,CS-STATE_ART,1251269832122777600,10,5,-0.1629002341891777
57,CS-STATE_ART,1368935548694519808,1,3,-0.14672647409623402
57,CS-STATE_ART,1369335967618904068,2,3,-0.15337611049309985
57,CS-STATE_ART,1369423783086460937,3,3,-0.15759956311415216
57,CS-STATE_ART,1369569728541425667,4,4,-0.15907945818704788
57,CS-STATE_ART,1369560664142970881,5,4,-0.15993970043877664
57,CS-STATE_ART,1369595394045444097,6,3,-0.16008054536141011
57,CS-STATE_ART,1369407674366976007,7,1,-0.16034185176027188
57,CS-STATE_ART,1369433577339957248,8,4,-0.16128256375032263
57,CS-STATE_ART,1369563665867898882,9,4,-0.1619306650918613
57,CS-STATE_ART,1369572554969583617,10,3,-0.16194502152831014
58,CS-STATE_ART,1360763643135070209,1,3,-0.14855573119619211
58,CS-STATE_ART,1367536592617959425,2,5,-0.1580688331880358
58,CS-STATE_ART,1365436528865005568,3,5,-0.1582624372226564
58,CS-STATE_ART,1364274434111062018,4,5,-0.16114504324737433
58,CS-STATE_ART,1367973079624876035,5,5,-0.1616238204318218
58,CS-STATE_ART,1369090194847186944,6,4,-0.161737257021415
58,CS-STATE_ART,1362410505365839874,7,5,-0.1619915847402436
58,CS-STATE_ART,1366889537616498688,8,3,-0.16226777658206912
58,CS-STATE_ART,1361311529392623617,9,5,-0.1623279552979563
58,CS-STATE_ART,1365979945470582784,10,5,-0.16255621026686964
60,CS-STATE_ART,1353781237882744833,1,5,0.5713923713203038
60,CS-STATE_ART,1151158403135397888,2,5,0.4684180454513989
60,CS-STATE_ART,1365108564679790592,3,5,-0.12269077898432934
60,CS-STATE_ART,1145785172069146626,4,5,-0.15369457452050414
60,CS-STATE_ART,1367236148385304576,5,5,-0.15584019856193793
60,CS-STATE_ART,1368328702002671626,6,5,-0.15726616456331344
60,CS-STATE_ART,1365693174493151234,7,5,-0.1604097931836662
60,CS-STATE_ART,1367565062328623104,8,5,-0.1608099338205883
60,CS-STATE_ART,1340053869758394370,9,5,-0.16153153789020117
60,CS-STATE_ART,1366503879983030273,10,5,-0.16316451173686977
61,CS-STATE_ART,1341859235756453889,1,2,-0.11928390797550685
61,CS-STATE_ART,1250915381646176262,2,2,-0.15466501509999248
61,CS-STATE_ART,1349371181334474754,3,4,-0.1604373302771226
61,CS-STATE_ART,1261295911185068033,4,5,-0.1609898734687295
61,CS-STATE_ART,1245049389250273280,5,2,-0.16163140887580882
61,CS-STATE_ART,1368017377036660737,6,3,-0.16169050804782442
61,CS-STATE_ART,1357670309525131266,7,1,-0.162258629093907
61,CS-STATE_ART,1366212322436423682,8,2,-0.16269646615363442
61,CS-STATE_ART,1368840460198838272,9,1,-0.16291805685468283
61,CS-STATE_ART,1369453567367507968,10,3,-0.1631221952632345
62,CS-STATE_ART,1357647227808841728,1,3,0.19893479294459962
62,CS-STATE_ART,1337102280059834370,2,3,0.1008281502107142
62,CS-STATE_ART,1319639717906821121,3,3,0.015498587719569856
62,CS-STATE_ART,1365731424322478084,4,5,-0.13290347402706248
62,CS-STATE_ART,1366752653401853956,5,5,-0.14548019557867783
62,CS-STATE_ART,1326957720759541761,6,4,-0.15250208948571686
62,CS-STATE_ART,1369308139158446081,7,3,-0.15785197348435479
62,CS-STATE_ART,1352017720578105346,8,1,-0.16141779242611498
62,CS-STATE_ART,1359973359568625670,9,3,-0.16190628335894788
62,CS-STATE_ART,1359935760627953665,10,3,-0.16236686235637116
63,CS-STATE_ART,1368697794417065992,1,3,-0.08735036234877963
63,CS-STATE_ART,1369396362840858635,2,2,-0.13878112193759026
63,CS-STATE_ART,1369425009303822344,3,1,-0.1397998831823555
63,CS-STATE_ART,1369419121818038275,4,5,-0.14219685720538683
63,CS-STATE_ART,1369430517381267460,5,3,-0.14365205550126792
63,CS-STATE_ART,1369266567423397891,6,3,-0.1471952625162108
63,CS-STATE_ART,1369377489030705154,7,1,-0.15469321201463515
63,CS-STATE_ART,1369426283919212544,8,2,-0.15613398731988054
63,CS-STATE_ART,1369573257234550784,9,3,-0.15750876853268703
63,CS-STATE_ART,1369492359243763717,10,2,-0.15799896263252483
66,CS-STATE_ART,1329456908726644738,1,3,-0.1554899874150148
66,CS-STATE_ART,1022134672929816578,2,5,-0.15640477354810703
66,CS-STATE_ART,1361600708764700674,3,5,-0.15925222227068253
66,CS-STATE_ART,1364866906658922496,4,3,-0.15988256897886516
66,CS-STATE_ART,1329790713039523845,5,5,-0.16081110019977266
66,CS-STATE_ART,1314195121861132288,6,4,-0.16087723072958837
66,CS-STATE_ART,1356664797979369475,7,4,-0.16221159223805406
66,CS-STATE_ART,1366587272477306883,8,5,-0.16233212150437754
66,CS-STATE_ART,1358993966020976640,9,3,-0.1625445722841667
66,CS-STATE_ART,1359391903838470147,10,3,-0.1626672385108982
68,CS-STATE_ART,1337102280059834370,1,4,0.1008281502107142
68,CS-STATE_ART,1350865539091066881,2,5,-0.005165996965306128
68,CS-STATE_ART,1319321276171759617,3,5,-0.062126355000262125
68,CS-STATE_ART,1315101846596272129,4,5,-0.07691414943806875
68,CS-STATE_ART,1358898413136396288,5,3,-0.12777869104481576
68,CS-STATE_ART,1263620338790944769,6,1,-0.13248377963946267
68,CS-STATE_ART,1365731424322478084,7,5,-0.13290347402706248
68,CS-STATE_ART,1366752653401853956,8,5,-0.14548019557867783
68,CS-STATE_ART,1332399472039620612,9,5,-0.15004862923974732
68,CS-STATE_ART,1332251315209113601,10,4,-0.15431953158151723
70,CS-STATE_ART,1369547940017147907,1,4,-0.13104382597284028
70,CS-STATE_ART,1369445460163915780,2,4,-0.14303089136341082
70,CS-STATE_ART,1369469114620731393,3,5,-0.14735848802110668
70,CS-STATE_ART,1369352315698872325,4,4,-0.15612321798172665
70,CS-STATE_ART,1368604102989541376,5,5,-0.15762070537052023
70,CS-STATE_ART,1369269245704630276,6,5,-0.15800806056635888
70,CS-STATE_ART,1369465541925175296,7,5,-0.15920297886608198
70,CS-STATE_ART,1369450685708857348,8,4,-0.15943233905627735
70,CS-STATE_ART,1369589127168073728,9,5,-0.15955340746580893
70,CS-STATE_ART,1369408111698673675,10,5,-0.16012616118276754
71,CS-STATE_ART,1357647227808841728,1,4,0.19893479294459962
71,CS-STATE_ART,1337102280059834370,2,3,0.1008281502107142
71,CS-STATE_ART,1319639717906821121,3,2,0.015498587719569856
71,CS-STATE_ART,1358898413136396288,4,3,-0.12777869104481576
71,CS-STATE_ART,1326957720759541761,5,5,-0.15250208948571686
71,CS-STATE_ART,1337104278398382087,6,5,-0.1544084644048266
71,CS-STATE_ART,1369308139158446081,7,2,-0.15785197348435479
71,CS-STATE_ART,1363914797335543811,8,2,-0.16024246856747967
71,CS-STATE_ART,1362902698585071617,9,3,-0.1624389310246469
71,CS-STATE_ART,1363172378843389952,10,3,-0.16281305126203027
72,CS-STATE_ART,1365338574908891138,1,4,-0.1084557750897959
72,CS-STATE_ART,1363878818100875267,2,4,-0.14721516118028846
72,CS-STATE_ART,1369611540475895810,3,4,-0.1548284926111332
72,CS-STATE_ART,1369435367892455435,4,3,-0.15501497004368783
72,CS-STATE_ART,1369533353930727426,5,2,-0.15566278140939438
72,CS-STATE_ART,1369285101100691456,6,4,-0.15869971243297734
72,CS-STATE_ART,1370134342106804226,7,2,-0.1592079932613288
72,CS-STATE_ART,1369552724228980736,8,4,-0.15993578437790326
72,CS-STATE_ART,1369389341445873676,9,3,-0.1604410872894803
72,CS-STATE_ART,1369286911391637513,10,3,-0.16147565337056757
73,CS-STATE_ART,1369352282937065472,1,5,-0.15845780142876453
73,CS-STATE_ART,1366447180521816066,2,3,-0.1594169562058956
73,CS-STATE_ART,1369392703054708740,3,3,-0.16129550983581054
73,CS-STATE_ART,1365259500064804866,4,4,-0.16164655987242893
73,CS-STATE_ART,1369287711480221698,5,4,-0.16179250983022475
73,CS-STATE_ART,1368969473651261440,6,3,-0.16207567598138886
73,CS-STATE_ART,1366730304740872194,7,3,-0.16208135584257516
73,CS-STATE_ART,1369045377417162761,8,5,-0.16221657752159307
73,CS-STATE_ART,1358797009164111874,9,5,-0.16254946014659136
73,CS-STATE_ART,1366828167936237575,10,4,-0.1625497271611999
74,CS-STATE_ART,1369063128269479936,1,2,-0.07969429833446573
74,CS-STATE_ART,1370053184589299724,2,4,-0.15636592891265136
74,CS-STATE_ART,1369600439239458820,3,2,-0.15639876071727318
74,CS-STATE_ART,1369396337469501452,4,2,-0.15647050014886033
74,CS-STATE_ART,1369538190827270145,5,2,-0.1585947635281514
74,CS-STATE_ART,1369538553219325952,6,1,-0.15864089507582713
74,CS-STATE_ART,1369563595978252291,7,1,-0.15947007571244065
74,CS-STATE_ART,1369337073463885828,8,2,-0.15952589940535342
74,CS-STATE_ART,1369589858763673606,9,2,-0.1603483972184976
74,CS-STATE_ART,1369264726656638979,10,2,-0.16202617801340424
76,CS-STATE_ART,1358058477785120769,1,1,12.899278738410155
76,CS-STATE_ART,1354658220585922565,2,2,3.9825833742471706
76,CS-STATE_ART,1334724211689074688,3,2,2.6932319277629166
76,CS-STATE_ART,1316909183225286657,4,3,0.819967714372644
76,CS-STATE_ART,1318996052049973248,5,2,0.5419721755296094
76,CS-STATE_ART,1332420899471990786,6,3,0.2988122943204065
76,CS-STATE_ART,1290389884927000582,7,1,0.218555436212838
76,CS-STATE_ART,1268243264156524544,8,3,0.19261143545637258
76,CS-STATE_ART,1363674987626856448,9,2,-0.12469212438349081
76,CS-STATE_ART,1334706123971162115,10,3,-0.1320757840737022
77,CS-STATE_ART,1367625947462184961,1,3,-0.14865159320630988
77,CS-STATE_ART,1363322581076619265,2,5,-0.15904605881024234
77,CS-STATE_ART,1369521918412472320,3,2,-0.16117225154748693
77,CS-STATE_ART,1369181189932777474,4,2,-0.16143247988500004
77,CS-STATE_ART,1352922753565863936,5,3,-0.1618818639980376
77,CS-STATE_ART,1369499281833537540,6,2,-0.1618971945198322
77,CS-STATE_ART,1368999972792844292,7,4,-0.16202754897972851
77,CS-STATE_ART,1361209516277174279,8,4,-0.1622929320216088
77,CS-STATE_ART,1349357033301159936,9,3,-0.1623621064294471
77,CS-STATE_ART,1329140321402445824,10,3,-0.16260101036304464
78,CS-STATE_ART,1367172928295628802,1,1,-0.06289134073842188
78,CS-STATE_ART,1367616598727614473,2,2,-0.09504205553943283
78,CS-STATE_ART,1367327155667935236,3,1,-0.10274661020997973
78,CS-STATE_ART,1368218004861911049,4,1,-0.11856747393938318
78,CS-STATE_ART,1366848285361717252,5,2,-0.12262737920888346
78,CS-STATE_ART,1368984926410989569,6,1,-0.12539988218000403
78,CS-STATE_ART,1366967661754675207,7,4,-0.1498330882606289
78,CS-STATE_ART,1367535310733680640,8,2,-0.15585647715851217
78,CS-STATE_ART,1367296657705099264,9,3,-0.16019249299148933
78,CS-STATE_ART,1368236771671162881,10,1,-0.1624265568181974
79,CS-STATE_ART,1367702233853259783,1,2,3.671664752318745
79,CS-STATE_ART,1212045448812417030,2,5,-0.019353504828431276
79,CS-STATE_ART,1355379018791591936,3,3,-0.019552331835761782
79,CS-STATE_ART,1319321276171759617,4,3,-0.062126355000262125
79,CS-STATE_ART,1322265461359316992,5,2,-0.09475417380106294
79,CS-STATE_ART,1345783947607867393,6,2,-0.12306978514579439
79,CS-STATE_ART,1330266160202477577,7,3,-0.12426369333342671
79,CS-STATE_ART,1263620338790944769,8,3,-0.13248377963946267
79,CS-STATE_ART,1357083144407552000,9,5,-0.14287002060035778
79,CS-STATE_ART,1324444938923175936,10,2,-0.15706422555680097
81,CS-STATE_ART,1366854672955240450,1,5,0.2804942721794451
81,CS-STATE_ART,1367862841907294209,2,5,-0.010198789245847651
81,CS-STATE_ART,1368487188724350976,3,5,-0.06648540827708722
81,CS-STATE_ART,1367703501367771141,4,5,-0.07784002844493029
81,CS-STATE_ART,1367548056628039684,5,5,-0.1216807529226671
81,CS-STATE_ART,1368174374247923712,6,5,-0.13905178307306104
81,CS-STATE_ART,1313215942826967040,7,5,-0.1436321216423849
81,CS-STATE_ART,1368234120082554894,8,5,-0.15778443897096378
81,CS-STATE_ART,1368939918727278599,9,5,-0.16058182977221921
81,CS-STATE_ART,1361801412741529606,10,5,-0.16068181163025777
1,CS-SCSA_PLUS,1369010885075812352,1,4,162695.88709677418
1,CS-SCSA_PLUS,1370144518100684802,2,3,123650.81094844048
1,CS-SCSA_PLUS,1368604102989541376,3,4,67333.3366935484
1,CS-SCSA_PLUS,1369253885932617735,4,3,57112.157258064515
1,CS-SCSA_PLUS,1369281593693646851,5,4,41727.70161290323
1,CS-SCSA_PLUS,1369460811760988160,6,5,33239.46530872056
1,CS-SCSA_PLUS,1369388544003895298,7,5,8970.076744186046
1,CS-SCSA_PLUS,1369523963974549504,8,5,8541.832727272727
1,CS-SCSA_PLUS,1369439516679942144,9,5,4221.254545454545
1,CS-SCSA_PLUS,1369483207935225856,10,3,3575.8232235701903
2,CS-SCSA_PLUS,1369985018878169089,1,3,859572.5728835138
2,CS-SCSA_PLUS,1370003953598013450,2,3,458039.8319541693
2,CS-SCSA_PLUS,1370128693662785544,3,4,41881.726288987906
2,CS-SCSA_PLUS,1369511733975515142,4,2,32992.92894280762
2,CS-SCSA_PLUS,1369037711324119046,5,4,26870.110887096776
2,CS-SCSA_PLUS,1369382859534897161,6,3,20165.27562062381
2,CS-SCSA_PLUS,1369471231448158208,7,4,6811.862790697674
2,CS-SCSA_PLUS,1369578871478235143,8,5,5780.0
2,CS-SCSA_PLUS,1369271770960850949,9,3,3776.8744186046515
2,CS-SCSA_PLUS,1369610663547518978,10,4,2758.636363636364
3,CS-SCSA_PLUS,1306742315667529729,1,3,10161.341772151898
3,CS-SCSA_PLUS,1240704016046116865,2,4,6363.768718801997
3,CS-SCSA_PLUS,1256258912866766851,3,4,3436.4351081530776
3,CS-SCSA_PLUS,1342995722761695232,4,2,2997.66623954172
3,CS-SCSA_PLUS,1368659881260032001,5,3,1907.2770398481973
3,CS-SCSA_PLUS,1180250671905263616,6,2,1689.3264248704663
3,CS-SCSA_PLUS,1153306430100910080,7,3,1483.1914950736934
3,CS-SCSA_PLUS,1323456695725625344,8,3,1451.6202531645567
3,CS-SCSA_PLUS,1324916905954652168,9,3,1367.4683544303796
3,CS-SCSA_PLUS,1318297870315839488,10,2,942.7051546391751
4,CS-SCSA_PLUS,1369525973302079490,1,4,106366.2889879058
4,CS-SCSA_PLUS,1370053184589299724,2,2,83098.6632718014
4,CS-SCSA_PLUS,1369506070989836290,3,3,52576.075995940126
4,CS-SCSA_PLUS,1369600439239458820,4,4,33612.73830155979
4,CS-SCSA_PLUS,1369456737070313476,5,2,17612.99480069324
4,CS-SCSA_PLUS,1369049581208670208,6,4,13391.823529411764
4,CS-SCSA_PLUS,1369275546044162051,7,5,11735.288372093024
4,CS-SCSA_PLUS,1369113689845022721,8,2,10496.294117647058
4,CS-SCSA_PLUS,1369337073463885828,9,4,8770.909090909092
4,CS-SCSA_PLUS,1369563595978252291,10,1,6283.636363636364
5,CS-SCSA_PLUS,1369468594891948038,1,3,196112.8453214513
5,CS-SCSA_PLUS,1369503478880612357,2,5,185442.74866785083
5,CS-SCSA_PLUS,1369377514930507782,3,5,108139.06047103756
5,CS-SCSA_PLUS,1368685627303223297,4,3,78713.61895161291
5,CS-SCSA_PLUS,1370004858464534529,5,3,45205.67281985997
5,CS-SCSA_PLUS,1369351763355201542,6,4,31126.941176470587
5,CS-SCSA_PLUS,1369430816389033988,7,5,15925.411764705881
5,CS-SCSA_PLUS,1369438777127624709,8,4,1688.5018181818182
5,CS-SCSA_PLUS,1369336610681159680,9,5,1146.5511627906978
5,CS-SCSA_PLUS,1369611245616250880,10,5,645.6036363636364
6,CS-SCSA_PLUS,1204026434739691520,1,5,9992682.91865089
6,CS-SCSA_PLUS,1219085119971000320,2,3,6042994.858475628
6,CS-SCSA_PLUS,1197158580333535232,3,4,5198796.653000389
6,CS-SCSA_PLUS,1349775316366090242,4,2,239807.37965978513
6,CS-SCSA_PLUS,1340053176150614025,5,4,35360.6600776562
6,CS-SCSA_PLUS,1339894034781880323,6,5,4054.68902223791
6,CS-SCSA_PLUS,1369559926629167104,7,5,234.99999999999955
6,CS-SCSA_PLUS,1369586848163586051,8,2,76.66666666666653
6,CS-SCSA_PLUS,1369418972509179912,9,3,60.936682309844485
6,CS-SCSA_PLUS,1368199950169997314,10,5,22.399999999999935
7,CS-SCSA_PLUS,1367862841907294209,1,4,657113.1293706294
7,CS-SCSA_PLUS,1369087867939659782,2,3,633211.6111850865
7,CS-SCSA_PLUS,1368501683219693570,3,3,326253.65034965036
7,CS-SCSA_PLUS,1368174374247923712,4,3,159370.6153846154
7,CS-SCSA_PLUS,1368632782042333188,5,4,86079.04699788989
7,CS-SCSA_PLUS,1368487188724350976,6,2,22732.380315917377
7,CS-SCSA_PLUS,1368519774955798529,7,4,4367.605263157895
7,CS-SCSA_PLUS,1368234120082554894,8,2,1717.1781376518218
7,CS-SCSA_PLUS,1368216046616768513,9,4,135.37037037037038
7,CS-SCSA_PLUS,1364237278516830212,10,5,63.125
8,CS-SCSA_PLUS,1322209256611852294,1,5,26793829.378815133
8,CS-SCSA_PLUS,1354658220585922565,2,4,22985228.989754744
8,CS-SCSA_PLUS,1334724211689074688,3,5,17199225.607516907
8,CS-SCSA_PLUS,1318996052049973248,4,4,10728240.681022737
8,CS-SCSA_PLUS,1316909183225286657,5,5,2060037.12976206
8,CS-SCSA_PLUS,1290389884927000582,6,5,1195459.5039252925
8,CS-SCSA_PLUS,1268243264156524544,7,4,249791.56193095163
8,CS-SCSA_PLUS,1365178104310763520,8,4,35172.074039839164
8,CS-SCSA_PLUS,1363674987626856448,9,3,29739.603411513857
8,CS-SCSA_PLUS,1334706123971162115,10,2,3937.2429146601407
9,CS-SCSA_PLUS,1164279406057201665,1,1,1640401.9487726367
9,CS-SCSA_PLUS,1319321276171759617,2,5,551205.1099718772
9,CS-SCSA_PLUS,1312391963241398272,3,4,143529.11297640653
9,CS-SCSA_PLUS,1330972658612150272,4,5,87127.47247706422
9,CS-SCSA_PLUS,1351540224560668673,5,3,66083.64696178169
9,CS-SCSA_PLUS,1333878541398798338,6,5,31899.325337331335
9,CS-SCSA_PLUS,1338573100921794560,7,4,25587.675555555557
9,CS-SCSA_PLUS,1361732521428275201,8,1,11873.190891764469
9,CS-SCSA_PLUS,1263620338790944769,9,4,10642.344448962993
9,CS-SCSA_PLUS,1327308553418272768,10,3,5822.142534957149
10,CS-SCSA_PLUS,1337102280059834370,1,4,8987800.826692402
10,CS-SCSA_PLUS,1367862841907294209,2,4,657113.1293706294
10,CS-SCSA_PLUS,1369087867939659782,3,5,633211.6111850865
10,CS-SCSA_PLUS,1350865539091066881,4,5,402390.54844814533
10,CS-SCSA_PLUS,1351594764056088577,5,5,197198.17425227567
10,CS-SCSA_PLUS,1320726746329743363,6,5,53529.18559556787
10,CS-SCSA_PLUS,1352017720578105346,7,4,47656.82448641941
10,CS-SCSA_PLUS,1365731424322478084,8,5,25435.859113891507
10,CS-SCSA_PLUS,1330948472992776193,9,5,2932.3512931034484
10,CS-SCSA_PLUS,1368234120082554894,10,5,1717.1781376518218
11,CS-SCSA_PLUS,1354658220585922565,1,1,22985228.989754744
11,CS-SCSA_PLUS,1334724211689074688,2,1,17199225.607516907
11,CS-SCSA_PLUS,1358058477785120769,3,1,13212076.263057455
11,CS-SCSA_PLUS,1316909183225286657,4,5,2060037.12976206
11,CS-SCSA_PLUS,1290389884927000582,5,5,1195459.5039252925
11,CS-SCSA_PLUS,1316501262704144384,6,5,882505.1591867823
11,CS-SCSA_PLUS,1319321276171759617,7,5,551205.1099718772
11,CS-SCSA_PLUS,1310693744056950787,8,5,545726.4420642648
11,CS-SCSA_PLUS,1352347607855726594,9,5,466264.91528724437
11,CS-SCSA_PLUS,1319686215642214401,10,5,267087.3992266229
12,CS-SCSA_PLUS,1344852533122981888,1,5,1409371.5157487395
12,CS-SCSA_PLUS,1331282297014743042,2,5,344607.0230962331
12,CS-SCSA_PLUS,1366121589478154243,3,5,291195.168
12,CS-SCSA_PLUS,1369832253816246274,4,5,144871.424
12,CS-SCSA_PLUS,1366380504736534529,5,3,83593.536
12,CS-SCSA_PLUS,1359370632350208003,6,2,29131.874850903754
12,CS-SCSA_PLUS,1358529006967033856,7,3,19225.033489310947
12,CS-SCSA_PLUS,1336435104172765184,8,3,2191.725
12,CS-SCSA_PLUS,1370069387974119426,9,5,526.0269749518304
12,CS-SCSA_PLUS,1359319030587293696,10,3,288.06239104505
13,CS-SCSA_PLUS,1369087867939659782,1,3,633211.6111850865
13,CS-SCSA_PLUS,1337104278398382087,2,5,473114.85178546805
13,CS-SCSA_PLUS,1350865539091066881,3,3,402390.54844814533
13,CS-SCSA_PLUS,1351594764056088577,4,3,197198.17425227567
13,CS-SCSA_PLUS,1358898413136396288,5,4,75405.29484029484
13,CS-SCSA_PLUS,1352017720578105346,6,1,47656.82448641941
13,CS-SCSA_PLUS,1365731424322478084,7,5,25435.859113891507
13,CS-SCSA_PLUS,1330948472992776193,8,5,2932.3512931034484
13,CS-SCSA_PLUS,1363172378843389952,9,2,190.0061425061425
13,CS-SCSA_PLUS,1362902698585071617,10,5,40.71560196560197
15,CS-SCSA_PLUS,1301536924067393537,1,2,9586.5
15,CS-SCSA_PLUS,1330905143416659975,2,4,7438.5
15,CS-SCSA_PLUS,1365788765957083149,3,3,5006.843549862762
15,CS-SCSA_PLUS,1351560050725294082,4,2,5005.0
15,CS-SCSA_PLUS,1355549351603531783,5,5,3547.0625
15,CS-SCSA_PLUS,1331266330176196608,6,3,3484.25
15,CS-SCSA_PLUS,1354353736580124673,7,4,1759.8391322040793
15,CS-SCSA_PLUS,1258809129218564098,8,3,1543.2618296529968
15,CS-SCSA_PLUS,1362920758872133634,9,3,830.1127982094714
15,CS-SCSA_PLUS,1303727847966674944,10,2,354.0904471544715
16,CS-SCSA_PLUS,1346143996431646720,1,4,62876.02718446602
16,CS-SCSA_PLUS,1271896411257241600,2,1,45409.0718446602
16,CS-SCSA_PLUS,1352019602151100416,3,1,21458.73417721519
16,CS-SCSA_PLUS,1368447074019270656,4,4,18839.800361485373
16,CS-SCSA_PLUS,1275840045761441792,5,1,16564.788349514565
16,CS-SCSA_PLUS,1326554237053054977,6,1,6231.833093525181
16,CS-SCSA_PLUS,1173620799997186051,7,1,3709.1680532445926
16,CS-SCSA_PLUS,1316239353505480704,8,1,3321.9134020618553
16,CS-SCSA_PLUS,1318907390922788866,9,1,2976.8734177215188
16,CS-SCSA_PLUS,1317201419384975365,10,1,628.4701030927835
17,CS-SCSA_PLUS,1334527822971490308,1,5,15303.75
17,CS-SCSA_PLUS,1350151000267632641,2,5,6258.554437328454
17,CS-SCSA_PLUS,1366743775192752129,3,4,5074.732673267326
17,CS-SCSA_PLUS,1364970509700595717,4,5,4562.96875
17,CS-SCSA_PLUS,1357403552470212608,5,5,4274.0928270042195
17,CS-SCSA_PLUS,1320374052847013893,6,5,3372.4622499820125
17,CS-SCSA_PLUS,1358772405536194562,7,5,2923.20297029703
17,CS-SCSA_PLUS,1336739324658929667,8,5,2772.0
17,CS-SCSA_PLUS,1330058761323614209,9,5,2462.28125
17,CS-SCSA_PLUS,1063403538636816385,10,5,0.0
18,CS-SCSA_PLUS,1366528818454822914,1,3,1807190.4706394505
18,CS-SCSA_PLUS,1340325978170646535,2,3,1532765.2510238304
18,CS-SCSA_PLUS,1330556651716243456,3,3,392119.45359711075
18,CS-SCSA_PLUS,1337819421973344256,4,2,67820.5244905956
18,CS-SCSA_PLUS,1327053570794008577,5,2,66674.22882500482
18,CS-SCSA_PLUS,1354527098354819077,6,1,38368.05490654205
18,CS-SCSA_PLUS,1359592867380031494,7,1,16264.941588785045
18,CS-SCSA_PLUS,1339195127986794498,8,4,4809.049770561242
18,CS-SCSA_PLUS,1339377333728391169,9,4,1037.2460289445817
18,CS-SCSA_PLUS,1362475666504040451,10,1,122.90887850467288
19,CS-SCSA_PLUS,1368697794417065992,1,3,366847.8215267944
19,CS-SCSA_PLUS,1369266567423397891,2,3,148575.90725806452
19,CS-SCSA_PLUS,1369189230489001991,3,3,110030.11764705881
19,CS-SCSA_PLUS,1369425009303822344,4,3,84230.40598832785
19,CS-SCSA_PLUS,1369469059427893249,5,3,79883.0301953819
19,CS-SCSA_PLUS,1369596898127077379,6,3,27869.470588235294
19,CS-SCSA_PLUS,1369424518092120064,7,3,10925.958139534883
19,CS-SCSA_PLUS,1369617901678964736,8,4,5254.545454545455
19,CS-SCSA_PLUS,1369569992732250114,9,3,2495.909090909091
19,CS-SCSA_PLUS,1369559628183445504,10,3,1116.5909090909092
20,CS-SCSA_PLUS,1368950916024532995,1,2,512410.7909073471
20,CS-SCSA_PLUS,1369415901964034052,2,3,12011.291349809888
20,CS-SCSA_PLUS,1368272500086476805,3,2,1894.4192771084338
20,CS-SCSA_PLUS,1369112711032881153,4,3,1284.8289156626506
20,CS-SCSA_PLUS,1369146187358539781,5,5,1134.2399999999998
20,CS-SCSA_PLUS,1368276753244913665,6,2,1070.1255060728745
20,CS-SCSA_PLUS,1369193501875970048,7,5,633.2608695652174
20,CS-SCSA_PLUS,1366181019829686277,8,5,268.4347826084146
20,CS-SCSA_PLUS,1369573389845880832,9,5,142.75862068965463
20,CS-SCSA_PLUS,1364622367499157504,10,5,37.875
21,CS-SCSA_PLUS,1204781519052652546,1,2,3031531.922545246
21,CS-SCSA_PLUS,1338181816478539777,2,5,715876.6276309896
21,CS-SCSA_PLUS,1366217334658977797,3,5,32275.997243280493
21,CS-SCSA_PLUS,1366565826913062914,4,4,32130.363025210085
21,CS-SCSA_PLUS,1300100975793901569,5,3,2456.4780600461895
21,CS-SCSA_PLUS,1340651032817315842,6,4,1885.9018708083304
21,CS-SCSA_PLUS,1367222811727564800,7,5,1330.470297029703
21,CS-SCSA_PLUS,1272339338995445760,8,1,1189.4027972027973
21,CS-SCSA_PLUS,1339526270288322561,9,4,942.9509354041652
21,CS-SCSA_PLUS,1369040595310682112,10,2,98.46857142857144
22,CS-SCSA_PLUS,1369402883704229892,1,5,255279.0935709739
22,CS-SCSA_PLUS,1369567942690635778,2,5,84428.24188415022
22,CS-SCSA_PLUS,1369103243960258562,3,4,42992.17741935484
22,CS-SCSA_PLUS,1369483561938649089,4,4,26059.76470588235
22,CS-SCSA_PLUS,1369396362840858635,5,3,25767.272727272728
22,CS-SCSA_PLUS,1369410355215142917,6,5,16687.175043327556
22,CS-SCSA_PLUS,1369538412961730562,7,3,8247.272727272728
22,CS-SCSA_PLUS,1369259204725387266,8,5,5665.311627906977
22,CS-SCSA_PLUS,1369505213904748554,9,5,2582.4145454545455
22,CS-SCSA_PLUS,1369437537907978245,10,3,1340.869090909091
23,CS-SCSA_PLUS,1325995532259561473,1,5,478375.6923076923
23,CS-SCSA_PLUS,1307054698931912706,2,4,386432.6504381694
23,CS-SCSA_PLUS,1335651231759552514,3,4,177330.4711111111
23,CS-SCSA_PLUS,1319019864212713472,4,4,54804.46258709483
23,CS-SCSA_PLUS,1322232908141113344,5,5,53298.906813939015
23,CS-SCSA_PLUS,1349391558269923330,6,4,52702.023988005996
23,CS-SCSA_PLUS,1303724853120217088,7,4,44413.04900181488
23,CS-SCSA_PLUS,1354509947288088576,8,4,42549.36
23,CS-SCSA_PLUS,1367852411017031682,9,4,20544.57123411978
23,CS-SCSA_PLUS,1326932771240095749,10,4,7637.912885662432
24,CS-SCSA_PLUS,1357647227808841728,1,3,13770750.240727974
24,CS-SCSA_PLUS,1369087867939659782,2,5,633211.6111850865
24,CS-SCSA_PLUS,1350865539091066881,3,4,402390.54844814533
24,CS-SCSA_PLUS,1319639717906821121,4,4,259473.26315789472
24,CS-SCSA_PLUS,1369308139158446081,5,5,181561.4380825566
24,CS-SCSA_PLUS,1358898413136396288,6,5,75405.29484029484
24,CS-SCSA_PLUS,1330948472992776193,7,5,2932.3512931034484
24,CS-SCSA_PLUS,1326957720759541761,8,5,422.95474137931035
24,CS-SCSA_PLUS,1363172378843389952,9,5,190.0061425061425
24,CS-SCSA_PLUS,1362902698585071617,10,4,40.71560196560197
25,CS-SCSA_PLUS,1369600442322333699,1,5,176883.85257548848
25,CS-SCSA_PLUS,1370125729199980545,2,5,107695.86760025463
25,CS-SCSA_PLUS,1369579853612281860,3,5,101712.7638446849
25,CS-SCSA_PLUS,1369377505224884227,4,5,95313.8596187175
25,CS-SCSA_PLUS,1369043756486377472,5,5,48260.82661290323
25,CS-SCSA_PLUS,1369560664142970881,6,5,6102.738301559792
25,CS-SCSA_PLUS,1369547930550611968,7,5,5260.646511627907
25,CS-SCSA_PLUS,1369569728541425667,8,5,2574.592720970537
25,CS-SCSA_PLUS,1369571000212463617,9,5,2167.5
25,CS-SCSA_PLUS,1369563665867898882,10,5,722.5
26,CS-SCSA_PLUS,1329540885055356928,1,3,82094.54286579826
26,CS-SCSA_PLUS,1349449506136330241,2,3,68662.05686853766
26,CS-SCSA_PLUS,1348680358619992071,3,3,2689.4999999659913
26,CS-SCSA_PLUS,1360897085856313349,4,4,566.6956521733197
26,CS-SCSA_PLUS,1368758876015910915,5,4,463.77049180327873
26,CS-SCSA_PLUS,1369636752336490497,6,4,266.3225806451613
26,CS-SCSA_PLUS,1369296706836250624,7,4,142.97142857142856
26,CS-SCSA_PLUS,1359141009272184832,8,3,104.99986380021072
26,CS-SCSA_PLUS,1369030449398509568,9,4,101.0
26,CS-SCSA_PLUS,1367541147787223041,10,4,18.29184410969345
27,CS-SCSA_PLUS,1370035059495993348,1,1,1310299.7224697645
27,CS-SCSA_PLUS,1368269027596976129,2,1,290407.9435483871
27,CS-SCSA_PLUS,1369303761097785344,3,5,149441.04288251715
27,CS-SCSA_PLUS,1369400099223207936,4,1,109068.18569059428
27,CS-SCSA_PLUS,1369571760140615684,5,4,108360.65690642904
27,CS-SCSA_PLUS,1369528722538328068,6,4,48636.26668358286
27,CS-SCSA_PLUS,1369975631744802817,7,1,27256.36155315086
27,CS-SCSA_PLUS,1369455485615759360,8,4,12300.831889081455
27,CS-SCSA_PLUS,1369370948634312710,9,1,5629.09090909091
27,CS-SCSA_PLUS,1369608851306278914,10,5,1396.3636363636365
28,CS-SCSA_PLUS,1333791058765901825,1,2,467356.41774080147
28,CS-SCSA_PLUS,1332672152995291138,2,2,169333.2696009239
28,CS-SCSA_PLUS,1366441855416627200,3,5,159995.54666666666
28,CS-SCSA_PLUS,1306669595525226500,4,3,115964.14934868223
28,CS-SCSA_PLUS,1361498566024302597,5,5,50941.48318691306
28,CS-SCSA_PLUS,1329469491961503747,6,5,21004.260435571687
28,CS-SCSA_PLUS,1329848482446905349,7,5,20578.540435745937
28,CS-SCSA_PLUS,1355246647446544384,8,5,17079.221869328492
28,CS-SCSA_PLUS,1311335003599433733,9,5,11209.344373865699
28,CS-SCSA_PLUS,1313864060669026304,10,1,404.8338518979465
29,CS-SCSA_PLUS,1366184948244176899,1,3,151426.60220559273
29,CS-SCSA_PLUS,1331046811704958985,2,3,98654.69098077872
29,CS-SCSA_PLUS,1341859235756453889,3,3,68646.2506982093
29,CS-SCSA_PLUS,1250915381646176262,4,3,64778.58255298177
29,CS-SCSA_PLUS,1245049389250273280,5,3,1792.9459459459463
29,CS-SCSA_PLUS,1261295911185068033,6,4,777.4545454545454
29,CS-SCSA_PLUS,1366212322436423682,7,4,124.01851122489168
29,CS-SCSA_PLUS,1368840460198838272,8,3,107.14285714177392
29,CS-SCSA_PLUS,1368855703612448768,9,3,25.326776649746193
29,CS-SCSA_PLUS,1120471100532625410,10,5,7.896361676485673
30,CS-SCSA_PLUS,1329121235423297537,1,5,95319.5986238532
30,CS-SCSA_PLUS,1369605185455017984,2,5,21160.398648648646
30,CS-SCSA_PLUS,1290776688284954625,3,3,19913.70996441281
30,CS-SCSA_PLUS,1322524023117533184,4,4,6160.357634112793
30,CS-SCSA_PLUS,1368741071870562307,5,3,4266.094980332558
30,CS-SCSA_PLUS,1363171557250596864,6,3,3903.746686303387
30,CS-SCSA_PLUS,1369307789932265473,7,5,3636.0
30,CS-SCSA_PLUS,1139203333607043073,8,4,3144.6768060836503
30,CS-SCSA_PLUS,968536670105726977,9,4,454.0
30,CS-SCSA_PLUS,1367214933423706113,10,3,222.2016806722689
31,CS-SCSA_PLUS,1369087867939659782,1,3,633211.6111850865
31,CS-SCSA_PLUS,1369463119479734274,2,4,8862.047297297297
31,CS-SCSA_PLUS,1365459905717678084,3,3,1160.8648648648648
31,CS-SCSA_PLUS,973719108515717120,4,3,851.25
31,CS-SCSA_PLUS,976286019904401408,5,4,340.5
31,CS-SCSA_PLUS,1369075112432046081,6,1,174.14673913043478
31,CS-SCSA_PLUS,1369649450688409604,7,3,123.9085714285714
31,CS-SCSA_PLUS,1364961278729551872,8,4,113.625
31,CS-SCSA_PLUS,1362439231080169474,9,3,32.79699707514508
31,CS-SCSA_PLUS,1369304506064908290,10,3,0.0
32,CS-SCSA_PLUS,1367133454241046531,1,4,425607.11062190426
32,CS-SCSA_PLUS,1369169336326316036,2,4,8105.739130434782
32,CS-SCSA_PLUS,976304255685423104,3,4,1153.9166666666667
32,CS-SCSA_PLUS,1368911960478257153,4,2,177.54838709677418
32,CS-SCSA_PLUS,1369368976128679940,5,4,138.20571428571427
32,CS-SCSA_PLUS,1367113449394765824,6,3,54.99999999962087
32,CS-SCSA_PLUS,1369148225433788417,7,2,15.792723352971347
32,CS-SCSA_PLUS,1369357633283620870,8,3,9.264241117657114
32,CS-SCSA_PLUS,1369533603194040320,9,2,4.632120558828557
32,CS-SCSA_PLUS,1367444872903462913,10,4,0.0
33,CS-SCSA_PLUS,1369366150237351943,1,3,107461.69538188279
33,CS-SCSA_PLUS,1368604102989541376,2,2,67333.3366935484
33,CS-SCSA_PLUS,1369547940017147907,3,3,52790.512727272726
33,CS-SCSA_PLUS,1369450685708857348,4,3,39887.35837046467
33,CS-SCSA_PLUS,1369269245704630276,5,2,24235.78629032258
33,CS-SCSA_PLUS,1369566623913369603,6,4,20992.588235294115
33,CS-SCSA_PLUS,1369321348783345674,7,4,11532.95581395349
33,CS-SCSA_PLUS,1369362400403726350,8,4,6879.306976744187
33,CS-SCSA_PLUS,1369605923732393985,9,2,2955.681818181818
33,CS-SCSA_PLUS,1369356888568197133,10,3,2247.2727272727275
34,CS-SCSA_PLUS,1370017497710215170,1,2,256165.4793125398
34,CS-SCSA_PLUS,1369968831666487296,2,3,91740.92425206875
34,CS-SCSA_PLUS,1369475595466375169,3,3,75121.19159770847
34,CS-SCSA_PLUS,1370057097107345411,4,3,64706.15913430936
34,CS-SCSA_PLUS,1369460811760988160,5,4,33239.46530872056
34,CS-SCSA_PLUS,1369404129643216897,6,3,29716.36363636364
34,CS-SCSA_PLUS,1369536457992470528,7,4,25128.88
34,CS-SCSA_PLUS,1369460521846575104,8,2,21741.005199306757
34,CS-SCSA_PLUS,1369270015699136512,9,2,13893.502325581396
34,CS-SCSA_PLUS,1369585318521802763,10,4,1440.1927272727273
35,CS-SCSA_PLUS,1322493521245298689,1,1,3631391.9204284623
35,CS-SCSA_PLUS,1152351180225335296,2,2,1052011.3230458186
35,CS-SCSA_PLUS,1287306318961872896,3,1,927126.4636572304
35,CS-SCSA_PLUS,1337396723610771457,4,1,677595.3531972526
35,CS-SCSA_PLUS,1189249540412624898,5,2,668160.9833781939
35,CS-SCSA_PLUS,1330209367002472448,6,1,577914.6260197995
35,CS-SCSA_PLUS,1362483585169686531,7,2,108229.5005359057
35,CS-SCSA_PLUS,1363561378552958976,8,3,5131.056806002144
35,CS-SCSA_PLUS,1285629613067038720,9,2,4949.45034965035
35,CS-SCSA_PLUS,1272336376927666176,10,2,76.73566433566434
36,CS-SCSA_PLUS,1337102280059834370,1,5,8987800.826692402
36,CS-SCSA_PLUS,1146224584443727872,2,3,898825.7645595119
36,CS-SCSA_PLUS,1369087867939659782,3,5,633211.6111850865
36,CS-SCSA_PLUS,1319321276171759617,4,5,551205.1099718772
36,CS-SCSA_PLUS,1350865539091066881,5,5,402390.54844814533
36,CS-SCSA_PLUS,1334214244632580097,6,4,276555.50683161005
36,CS-SCSA_PLUS,1254427280794845185,7,5,126973.84099227327
36,CS-SCSA_PLUS,1358024709137432577,8,5,100029.25445913
36,CS-SCSA_PLUS,1320726746329743363,9,5,53529.18559556787
36,CS-SCSA_PLUS,1352017720578105346,10,5,47656.82448641941
37,CS-SCSA_PLUS,1356264437729124353,1,1,3161572.5906936247
37,CS-SCSA_PLUS,1351923223638794246,2,1,2802881.375159398
37,CS-SCSA_PLUS,1367114880378146824,3,1,2586688.6977811786
37,CS-SCSA_PLUS,1331689113494446085,4,1,812494.5076424495
37,CS-SCSA_PLUS,1152354497189965824,5,1,316582.0697178038
37,CS-SCSA_PLUS,1349775316366090242,6,4,239807.37965978513
37,CS-SCSA_PLUS,1329150877941305345,7,3,60117.74974809673
37,CS-SCSA_PLUS,1328065268942336000,8,4,53586.85343108881
37,CS-SCSA_PLUS,1364320994337427461,9,3,2013.6414790996787
37,CS-SCSA_PLUS,1365407295384018947,10,1,1610.913183279743
38,CS-SCSA_PLUS,1367625947462184961,1,5,31266.362416107382
38,CS-SCSA_PLUS,1363322581076619265,2,5,6442.580536912752
38,CS-SCSA_PLUS,1352922753565863936,3,4,1748.1749999778942
38,CS-SCSA_PLUS,1368999972792844292,4,5,403.19961864058996
38,CS-SCSA_PLUS,1369181189932777474,5,5,188.19672131147544
38,CS-SCSA_PLUS,1369521918412472320,6,5,168.75
38,CS-SCSA_PLUS,1361209516277174279,7,5,167.99978208033713
38,CS-SCSA_PLUS,1329140321402445824,8,5,67.37553232908034
38,CS-SCSA_PLUS,1369499281833537540,9,5,64.6875
38,CS-SCSA_PLUS,1369036451845869573,10,5,0.0
39,CS-SCSA_PLUS,1369135857110638592,1,5,155677.5
39,CS-SCSA_PLUS,1369414843720208384,2,4,55095.33287388007
39,CS-SCSA_PLUS,1364908035932569600,3,5,7633.3892617449665
39,CS-SCSA_PLUS,423131090803777536,4,5,2217.706237424547
39,CS-SCSA_PLUS,1368487216775893000,5,5,1129.1803278688526
39,CS-SCSA_PLUS,421376352319983617,6,4,1049.0945674044265
39,CS-SCSA_PLUS,1366870970351427588,7,5,936.3624161073826
39,CS-SCSA_PLUS,1369575294806425603,8,5,251.99976165036873
39,CS-SCSA_PLUS,1364156801109938178,9,4,219.5021293163214
39,CS-SCSA_PLUS,1368772235683586050,10,3,16.79998411002458
40,CS-SCSA_PLUS,1320019327425286144,1,5,2996497.270974924
40,CS-SCSA_PLUS,1341514552819724288,2,3,372900.71080817917
40,CS-SCSA_PLUS,1319756701126459398,3,5,201571.88387625967
40,CS-SCSA_PLUS,1354759783157534720,4,2,134218.71038111125
40,CS-SCSA_PLUS,1341428444190617600,5,2,119455.91765140323
40,CS-SCSA_PLUS,1359946667429093378,6,2,28366.24
40,CS-SCSA_PLUS,1336775151128518656,7,5,27913.141472281128
40,CS-SCSA_PLUS,1337106387751620613,8,1,18288.760000000002
40,CS-SCSA_PLUS,1338592930022363139,9,5,12233.572962041071
40,CS-SCSA_PLUS,1363945864633401344,10,5,9900.998185117967
41,CS-SCSA_PLUS,1356407112385982464,1,1,90377809.9881453
41,CS-SCSA_PLUS,1342918732486594560,2,3,43292971.2813653
41,CS-SCSA_PLUS,1316771044049391617,3,1,30208134.54793427
41,CS-SCSA_PLUS,1367522051762757632,4,3,9629083.179731894
41,CS-SCSA_PLUS,1350629002302550016,5,1,5081825.936729915
41,CS-SCSA_PLUS,1364711711891206151,6,5,2710398.007542426
41,CS-SCSA_PLUS,1291753980247375873,7,4,1159641.1017597553
41,CS-SCSA_PLUS,1360941923746349059,8,2,1054313.440875397
41,CS-SCSA_PLUS,1367295825731227650,9,1,418863.10874200426
41,CS-SCSA_PLUS,1368999845856436224,10,3,161370.40271173092
42,CS-SCSA_PLUS,1283200387101712384,1,1,41358.78298012157
42,CS-SCSA_PLUS,1316378741061320711,2,5,10568.522727272726
42,CS-SCSA_PLUS,1367351364477624321,3,5,7188.583439086295
42,CS-SCSA_PLUS,1356256641814065162,4,5,6341.113636363635
42,CS-SCSA_PLUS,1361692398867402752,5,5,1133.7878787878788
42,CS-SCSA_PLUS,1325114525104758784,6,1,367.78378378378386
42,CS-SCSA_PLUS,1369104826869506049,7,2,267.8571428544348
42,CS-SCSA_PLUS,1364632186884939780,8,1,221.9999999999995
42,CS-SCSA_PLUS,1242185573193768960,9,5,137.91891891891893
42,CS-SCSA_PLUS,1350632339206901761,10,2,18.516393442622952
43,CS-SCSA_PLUS,1334724211689074688,1,2,17199225.607516907
43,CS-SCSA_PLUS,1358058477785120769,2,2,13212076.263057455
43,CS-SCSA_PLUS,1332420899471990786,3,3,7485805.052514318
43,CS-SCSA_PLUS,1316909183225286657,4,2,2060037.12976206
43,CS-SCSA_PLUS,1290389884927000582,5,2,1195459.5039252925
43,CS-SCSA_PLUS,1349775316366090242,6,2,239807.37965978513
43,CS-SCSA_PLUS,1365178104310763520,7,2,35172.074039839164
43,CS-SCSA_PLUS,1363674987626856448,8,2,29739.603411513857
43,CS-SCSA_PLUS,1359547910619344904,9,2,15893.356514572455
43,CS-SCSA_PLUS,1334706123971162115,10,2,3937.2429146601407
44,CS-SCSA_PLUS,1369546496165765121,1,3,922727.5569700827
44,CS-SCSA_PLUS,1370028580516732943,2,3,107031.0782940802
44,CS-SCSA_PLUS,1369434342053806090,3,2,61270.82758183203
44,CS-SCSA_PLUS,1369449199343960065,4,5,33069.29636048526
44,CS-SCSA_PLUS,1369102305748992003,5,2,26421.70588235294
44,CS-SCSA_PLUS,1369377939381497859,6,5,24250.05882352941
44,CS-SCSA_PLUS,1369398802537476096,7,3,19156.36363636364
44,CS-SCSA_PLUS,1369332550347407367,8,5,18820.941176470587
44,CS-SCSA_PLUS,1369457998523949060,9,5,18451.247833622183
44,CS-SCSA_PLUS,1369609984468783107,10,3,15195.368862430127
45,CS-SCSA_PLUS,1264644362731913216,1,5,12327.529118136437
45,CS-SCSA_PLUS,1353755766625234944,2,5,9831.068041237113
45,CS-SCSA_PLUS,1366899538502426633,3,5,5427.401824074772
45,CS-SCSA_PLUS,1359267423346716677,4,4,1692.0258992805757
45,CS-SCSA_PLUS,1330308453508800527,5,3,883.5949367088607
45,CS-SCSA_PLUS,1174371887159242752,6,4,420.31088082901556
45,CS-SCSA_PLUS,1335107635767439361,7,4,192.36360895454888
45,CS-SCSA_PLUS,1179754999171047425,8,5,177.8238341968912
45,CS-SCSA_PLUS,1269780932891774976,9,4,113.16062176165804
45,CS-SCSA_PLUS,1358213026541834240,10,4,106.89753320683111
46,CS-SCSA_PLUS,1368340015001042945,1,4,487876.91532258067
46,CS-SCSA_PLUS,1369498268011552768,2,3,81475.07798960138
46,CS-SCSA_PLUS,1369440894961786880,3,4,69019.30443548388
46,CS-SCSA_PLUS,1369121138861891587,4,2,36918.0
46,CS-SCSA_PLUS,1369106243755900928,5,3,22802.294117647056
46,CS-SCSA_PLUS,1369551925285449729,6,3,15494.487272727274
46,CS-SCSA_PLUS,1369593103208886276,7,3,10656.181395348838
46,CS-SCSA_PLUS,1369432600448745472,8,3,1936.8109090909093
46,CS-SCSA_PLUS,1369596392834932746,9,4,1576.3636363636365
46,CS-SCSA_PLUS,1369332242410049546,10,5,1348.8837209302326
47,CS-SCSA_PLUS,1367862841907294209,1,5,657113.1293706294
47,CS-SCSA_PLUS,1349775316366090242,2,3,239807.37965978513
47,CS-SCSA_PLUS,1368174374247923712,3,5,159370.6153846154
47,CS-SCSA_PLUS,1368487188724350976,4,5,22732.380315917377
47,CS-SCSA_PLUS,1369276490832023555,5,5,5156.9999887743625
47,CS-SCSA_PLUS,1369411191316025345,6,5,2851.933797909408
47,CS-SCSA_PLUS,1368234120082554894,7,5,1717.1781376518218
47,CS-SCSA_PLUS,1369397637267488772,8,5,92.1951219512195
47,CS-SCSA_PLUS,1369347272975282184,9,5,28.12462260454361
47,CS-SCSA_PLUS,1369391021642158086,10,5,19.923076923073285
48,CS-SCSA_PLUS,1369456184554569731,1,5,3544656.5805219607
48,CS-SCSA_PLUS,1369570003729649671,2,5,122269.94417660494
48,CS-SCSA_PLUS,1369489233153515523,3,5,102377.55315085934
48,CS-SCSA_PLUS,1369517501248372738,4,5,40778.70588235294
48,CS-SCSA_PLUS,1369528480627650560,5,5,29954.072790294624
48,CS-SCSA_PLUS,1369294887481450502,6,5,13753.764705882353
48,CS-SCSA_PLUS,1369321844449361921,7,5,11735.288372093024
48,CS-SCSA_PLUS,1369592804683419651,8,5,3476.327272727273
48,CS-SCSA_PLUS,1369570221162459143,9,5,2085.796363636364
48,CS-SCSA_PLUS,1369460712054153219,10,5,1478.006932409012
49,CS-SCSA_PLUS,1368483092252401666,1,5,34041.48865606392
49,CS-SCSA_PLUS,1271193376147177472,2,5,11678.050485436894
49,CS-SCSA_PLUS,1273665566763433984,3,5,10775.88349514563
49,CS-SCSA_PLUS,1368669282452840452,4,2,3807.5090371344068
49,CS-SCSA_PLUS,1184552999428866048,5,5,1624.6632124352334
49,CS-SCSA_PLUS,1316050559518949376,6,5,1077.3773195876288
49,CS-SCSA_PLUS,1259322582949679104,7,5,1062.857142857143
49,CS-SCSA_PLUS,1306044998408904704,8,5,1041.379746835443
49,CS-SCSA_PLUS,1334926517722378242,9,3,494.3924050632911
49,CS-SCSA_PLUS,1183046883347841024,10,5,226.32124352331607
50,CS-SCSA_PLUS,1368697794417065992,1,4,366847.8215267944
50,CS-SCSA_PLUS,1369266567423397891,2,4,148575.90725806452
50,CS-SCSA_PLUS,1369189230489001991,3,4,110030.11764705881
50,CS-SCSA_PLUS,1369425009303822344,4,4,84230.40598832785
50,CS-SCSA_PLUS,1369469059427893249,5,4,79883.0301953819
50,CS-SCSA_PLUS,1369430517381267460,6,3,36451.774545454544
50,CS-SCSA_PLUS,1369596898127077379,7,2,27869.470588235294
50,CS-SCSA_PLUS,1369617901678964736,8,3,5254.545454545455
50,CS-SCSA_PLUS,1369569992732250114,9,4,2495.909090909091
50,CS-SCSA_PLUS,1369559628183445504,10,3,1116.5909090909092
51,CS-SCSA_PLUS,1327280720084164608,1,3,2426596.6518745217
51,CS-SCSA_PLUS,1328413175620964353,2,5,673752.078257949
51,CS-SCSA_PLUS,1330194382914514949,3,5,322788.2164769438
51,CS-SCSA_PLUS,1367197078829506565,4,5,104806.74133333332
51,CS-SCSA_PLUS,1368751184434040836,5,3,10204.343105320306
51,CS-SCSA_PLUS,1366830686498217984,6,5,5347.653781512605
51,CS-SCSA_PLUS,1315366562069700616,7,2,2703.360277136259
51,CS-SCSA_PLUS,1366768521854656512,8,5,2618.806515957447
51,CS-SCSA_PLUS,1368747076528578560,9,3,446.90553745928344
51,CS-SCSA_PLUS,1369056709117808640,10,5,49.23428571428572
53,CS-SCSA_PLUS,1368614821147598851,1,1,1434127.8818353238
53,CS-SCSA_PLUS,1361767244125110275,2,1,1148625.235700817
53,CS-SCSA_PLUS,1365708399791505416,3,1,270247.23444374604
53,CS-SCSA_PLUS,1366209721124839425,4,2,174537.08063404547
53,CS-SCSA_PLUS,1367912923641737216,5,1,5643.039764359352
53,CS-SCSA_PLUS,1366827740175896578,6,1,2266.4571428571426
53,CS-SCSA_PLUS,1369459006129930241,7,1,616.559405940594
53,CS-SCSA_PLUS,1367243228701892609,8,1,386.5095729013255
53,CS-SCSA_PLUS,1369050447797907460,9,1,98.46857142857144
53,CS-SCSA_PLUS,1367212776641359872,10,1,80.9940159574468
54,CS-SCSA_PLUS,1368614821147598851,1,1,1434127.8818353238
54,CS-SCSA_PLUS,1277164459446931456,2,2,389870.0678398368
54,CS-SCSA_PLUS,1367532286359445510,3,2,161671.6090509114
54,CS-SCSA_PLUS,1326615477037142016,4,2,18405.06928406467
54,CS-SCSA_PLUS,1367548427370786816,5,5,13369.60396039604
54,CS-SCSA_PLUS,1367837304509915140,6,5,11486.802754559272
54,CS-SCSA_PLUS,1366425498226593793,7,3,7127.473404255319
54,CS-SCSA_PLUS,1369459006129930241,8,2,616.559405940594
54,CS-SCSA_PLUS,1367243228701892609,9,5,386.5095729013255
54,CS-SCSA_PLUS,1369050447797907460,10,2,98.46857142857144
55,CS-SCSA_PLUS,1367862841907294209,1,5,657113.1293706294
55,CS-SCSA_PLUS,1368174374247923712,2,5,159370.6153846154
55,CS-SCSA_PLUS,1366604627689496580,3,5,54465.683760683765
55,CS-SCSA_PLUS,1367266920689459202,4,5,1004.7157300728896
55,CS-SCSA_PLUS,1366585340849491972,5,5,662.9817905918057
55,CS-SCSA_PLUS,1367288053547626496,6,5,387.10518656499215
55,CS-SCSA_PLUS,1369343726611529728,7,5,68.32628797886395
55,CS-SCSA_PLUS,1251269832122777600,8,5,10.038240917782026
55,CS-SCSA_PLUS,1299755874915942401,9,5,5.019120458891013
55,CS-SCSA_PLUS,1367842722678247427,10,5,4.141176470588236
57,CS-SCSA_PLUS,1369423783086460937,1,3,132293.07192870782
57,CS-SCSA_PLUS,1369335967618904068,2,3,44153.03539710734
57,CS-SCSA_PLUS,1368935548694519808,3,3,23708.921370967742
57,CS-SCSA_PLUS,1369595394045444097,4,3,8801.363636363638
57,CS-SCSA_PLUS,1369560664142970881,5,4,6102.738301559792
57,CS-SCSA_PLUS,1369407674366976007,6,1,3507.097674418605
57,CS-SCSA_PLUS,1369433577339957248,7,4,3277.6800000000003
57,CS-SCSA_PLUS,1369569728541425667,8,4,2574.592720970537
57,CS-SCSA_PLUS,1369572554969583617,9,3,1379.318181818182
57,CS-SCSA_PLUS,1369563665867898882,10,4,722.5
58,CS-SCSA_PLUS,1360763643135070209,1,3,69900.77309868007
58,CS-SCSA_PLUS,1365436528865005568,2,5,30570.414833438088
58,CS-SCSA_PLUS,1364274434111062018,3,5,5332.7229729729725
58,CS-SCSA_PLUS,1367536592617959425,4,5,3155.1342281879197
58,CS-SCSA_PLUS,1362410505365839874,5,5,580.4324324324324
58,CS-SCSA_PLUS,1369090194847186944,6,4,314.06896551724026
58,CS-SCSA_PLUS,1367973079624876035,7,5,268.7997457603933
58,CS-SCSA_PLUS,1366889537616498688,8,3,80.9940159574468
58,CS-SCSA_PLUS,1361311529392623617,9,5,73.1673764387738
58,CS-SCSA_PLUS,1365979945470582784,10,5,55.99992736011238
60,CS-SCSA_PLUS,1353781237882744833,1,5,7784799.755925316
60,CS-SCSA_PLUS,1151158403135397888,2,5,6198157.856840547
60,CS-SCSA_PLUS,1365108564679790592,3,5,75883.5
60,CS-SCSA_PLUS,1145785172069146626,4,5,35058.78525929895
60,CS-SCSA_PLUS,1367236148385304576,5,5,8954.138438880707
60,CS-SCSA_PLUS,1340053869758394370,6,5,7637.9025767737385
60,CS-SCSA_PLUS,1368328702002671626,7,5,7280.836047774159
60,CS-SCSA_PLUS,1365693174493151234,8,5,4522.162002945508
60,CS-SCSA_PLUS,1367565062328623104,9,5,1700.8743351063831
60,CS-SCSA_PLUS,1366503879983030273,10,5,486.75742574257424
61,CS-SCSA_PLUS,1341859235756453889,1,2,68646.2506982093
61,CS-SCSA_PLUS,1250915381646176262,2,2,64778.58255298177
61,CS-SCSA_PLUS,1245049389250273280,3,2,1792.9459459459463
61,CS-SCSA_PLUS,1349371181334474754,4,4,801.7499999999999
61,CS-SCSA_PLUS,1261295911185068033,5,5,777.4545454545454
61,CS-SCSA_PLUS,1368017377036660737,6,3,160.71428571266088
61,CS-SCSA_PLUS,1366212322436423682,7,2,124.01851122489168
61,CS-SCSA_PLUS,1368840460198838272,8,1,107.14285714177392
61,CS-SCSA_PLUS,1369453567367507968,9,3,53.57142857088696
61,CS-SCSA_PLUS,1357670309525131266,10,1,19.999999999999954
62,CS-SCSA_PLUS,1357647227808841728,1,3,13770750.240727974
62,CS-SCSA_PLUS,1337102280059834370,2,3,8987800.826692402
62,CS-SCSA_PLUS,1319639717906821121,3,3,259473.26315789472
62,CS-SCSA_PLUS,1369308139158446081,4,3,181561.4380825566
62,CS-SCSA_PLUS,1352017720578105346,5,1,47656.82448641941
62,CS-SCSA_PLUS,1365731424322478084,6,5,25435.859113891507
62,CS-SCSA_PLUS,1366752653401853956,7,5,5264.702488073814
62,CS-SCSA_PLUS,1359973359568625670,8,3,476.05263157894734
62,CS-SCSA_PLUS,1326957720759541761,9,4,422.95474137931035
62,CS-SCSA_PLUS,1359935760627953665,10,3,126.94736842105263
63,CS-SCSA_PLUS,1369419121818038275,1,5,593656.8504137492
63,CS-SCSA_PLUS,1368697794417065992,2,3,366847.8215267944
63,CS-SCSA_PLUS,1369266567423397891,3,3,148575.90725806452
63,CS-SCSA_PLUS,1369425009303822344,4,1,84230.40598832785
63,CS-SCSA_PLUS,1369492359243763717,5,2,39887.35837046467
63,CS-SCSA_PLUS,1369377489030705154,6,1,36816.83874651104
63,CS-SCSA_PLUS,1369430517381267460,7,3,36451.774545454544
63,CS-SCSA_PLUS,1369396362840858635,8,2,25767.272727272728
63,CS-SCSA_PLUS,1370127157276606467,9,5,24375.607893061744
63,CS-SCSA_PLUS,1369442906671616001,10,5,15018.4575389948
66,CS-SCSA_PLUS,1329456908726644738,1,3,7214.65625
66,CS-SCSA_PLUS,1361600708764700674,2,5,3452.910891089109
66,CS-SCSA_PLUS,1022134672929816578,3,5,3094.1072555205046
66,CS-SCSA_PLUS,1366587272477306883,4,5,2390.7248588432776
66,CS-SCSA_PLUS,1359391903838470147,5,3,1593.8165725621852
66,CS-SCSA_PLUS,1364866906658922496,6,3,1164.049504950495
66,CS-SCSA_PLUS,1329790713039523845,7,5,618.0487804878048
66,CS-SCSA_PLUS,1314195121861132288,8,4,521.4786585365853
66,CS-SCSA_PLUS,1358993966020976640,9,3,398.4541431405463
66,CS-SCSA_PLUS,1356664797979369475,10,4,78.47524752475248
68,CS-SCSA_PLUS,1337102280059834370,1,4,8987800.826692402
68,CS-SCSA_PLUS,1319321276171759617,2,5,551205.1099718772
68,CS-SCSA_PLUS,1350865539091066881,3,5,402390.54844814533
68,CS-SCSA_PLUS,1369308139158446081,4,3,181561.4380825566
68,CS-SCSA_PLUS,1315101846596272129,5,5,102032.50106028478
68,CS-SCSA_PLUS,1358898413136396288,6,3,75405.29484029484
68,CS-SCSA_PLUS,1352017720578105346,7,4,47656.82448641941
68,CS-SCSA_PLUS,1317126907926773763,8,3,33869.60648288397
68,CS-SCSA_PLUS,1365731424322478084,9,5,25435.859113891507
68,CS-SCSA_PLUS,1363914797335543811,10,5,11520.473684210527
70,CS-SCSA_PLUS,1368604102989541376,1,5,67333.3366935484
70,CS-SCSA_PLUS,1369547940017147907,2,4,52790.512727272726
70,CS-SCSA_PLUS,1369469114620731393,3,5,48471.57258064516
70,CS-SCSA_PLUS,1369450685708857348,4,4,39887.35837046467
70,CS-SCSA_PLUS,1369269245704630276,5,5,24235.78629032258
70,CS-SCSA_PLUS,1369445460163915780,6,4,17476.36363636364
70,CS-SCSA_PLUS,1369408111698673675,7,5,16649.29411764706
70,CS-SCSA_PLUS,1369352315698872325,8,4,14677.495667244366
70,CS-SCSA_PLUS,1369465541925175296,9,5,5006.1525129982665
70,CS-SCSA_PLUS,1369589127168073728,10,5,2383.8821490467935
71,CS-SCSA_PLUS,1357647227808841728,1,4,13770750.240727974
71,CS-SCSA_PLUS,1337102280059834370,2,3,8987800.826692402
71,CS-SCSA_PLUS,1337104278398382087,3,5,473114.85178546805
71,CS-SCSA_PLUS,1319639717906821121,4,2,259473.26315789472
71,CS-SCSA_PLUS,1369308139158446081,5,2,181561.4380825566
71,CS-SCSA_PLUS,1358898413136396288,6,3,75405.29484029484
71,CS-SCSA_PLUS,1363914797335543811,7,2,11520.473684210527
71,CS-SCSA_PLUS,1326957720759541761,8,5,422.95474137931035
71,CS-SCSA_PLUS,1363172378843389952,9,3,190.0061425061425
71,CS-SCSA_PLUS,1362902698585071617,10,3,40.71560196560197
72,CS-SCSA_PLUS,1370134342106804226,1,2,69138.08784213878
72,CS-SCSA_PLUS,1369611540475895810,2,4,56787.59629535652
72,CS-SCSA_PLUS,1365338574908891138,3,4,29548.821385902032
72,CS-SCSA_PLUS,1369285101100691456,4,4,25291.569767441862
72,CS-SCSA_PLUS,1369533353930727426,5,2,21056.61090909091
72,CS-SCSA_PLUS,1363878818100875267,6,4,19208.79588182632
72,CS-SCSA_PLUS,1369552724228980736,7,4,19019.26046511628
72,CS-SCSA_PLUS,1369389341445873676,8,3,10415.03246339911
72,CS-SCSA_PLUS,1369435367892455435,9,3,9392.495667244366
72,CS-SCSA_PLUS,1369286911391637513,10,3,2023.325581395349
73,CS-SCSA_PLUS,1366447180521816066,1,3,1668.7432432432431
73,CS-SCSA_PLUS,1369392703054708740,2,3,1424.836956521739
73,CS-SCSA_PLUS,1366730304740872194,3,3,507.87837837837833
73,CS-SCSA_PLUS,1369045377417162761,4,5,443.1818181811841
73,CS-SCSA_PLUS,1365259500064804866,5,4,424.28571428278957
73,CS-SCSA_PLUS,1366828167936237575,6,4,221.93548387096772
73,CS-SCSA_PLUS,1369352282937065472,7,5,79.27868852459017
73,CS-SCSA_PLUS,1358797009164111874,8,5,65.59399415029016
73,CS-SCSA_PLUS,1368969473651261440,9,3,38.06896551724124
73,CS-SCSA_PLUS,1369287711480221698,10,4,31.499998752706922
74,CS-SCSA_PLUS,1369063128269479936,1,2,293297.47878485895
74,CS-SCSA_PLUS,1370053184589299724,2,4,83098.6632718014
74,CS-SCSA_PLUS,1369538190827270145,3,2,43654.49777211967
74,CS-SCSA_PLUS,1369600439239458820,4,2,33612.73830155979
74,CS-SCSA_PLUS,1369396337469501452,5,2,9465.487001733101
74,CS-SCSA_PLUS,1369337073463885828,6,2,8770.909090909092
74,CS-SCSA_PLUS,1369538553219325952,7,1,8690.818181818182
74,CS-SCSA_PLUS,1369264726656638979,8,2,6474.641860465117
74,CS-SCSA_PLUS,1369563595978252291,9,1,6283.636363636364
74,CS-SCSA_PLUS,1369589858763673606,10,2,1859.428076256499
76,CS-SCSA_PLUS,1354658220585922565,1,2,22985228.989754744
76,CS-SCSA_PLUS,1334724211689074688,2,2,17199225.607516907
76,CS-SCSA_PLUS,1358058477785120769,3,1,13212076.263057455
76,CS-SCSA_PLUS,1318996052049973248,4,2,10728240.681022737
76,CS-SCSA_PLUS,1332420899471990786,5,3,7485805.052514318
76,CS-SCSA_PLUS,1316909183225286657,6,3,2060037.12976206
76,CS-SCSA_PLUS,1290389884927000582,7,1,1195459.5039252925
76,CS-SCSA_PLUS,1268243264156524544,8,3,249791.56193095163
76,CS-SCSA_PLUS,1363674987626856448,9,2,29739.603411513857
76,CS-SCSA_PLUS,1334706123971162115,10,3,3937.2429146601407
77,CS-SCSA_PLUS,1367625947462184961,1,3,31266.362416107382
77,CS-SCSA_PLUS,1363322581076619265,2,5,6442.580536912752
77,CS-SCSA_PLUS,1352922753565863936,3,3,1748.1749999778942
77,CS-SCSA_PLUS,1368999972792844292,4,4,403.19961864058996
77,CS-SCSA_PLUS,1369181189932777474,5,2,188.19672131147544
77,CS-SCSA_PLUS,1369521918412472320,6,2,168.75
77,CS-SCSA_PLUS,1361209516277174279,7,4,167.99978208033713
77,CS-SCSA_PLUS,1349357033301159936,8,3,89.83404310544046
77,CS-SCSA_PLUS,1329140321402445824,9,3,67.37553232908034
77,CS-SCSA_PLUS,1369499281833537540,10,2,64.6875
78,CS-SCSA_PLUS,1367172928295628802,1,1,151941.57013969732
78,CS-SCSA_PLUS,1367327155667935236,2,1,121367.73064610011
78,CS-SCSA_PLUS,1367616598727614473,3,2,113791.20650135445
78,CS-SCSA_PLUS,1366848285361717252,4,2,63286.901193247955
78,CS-SCSA_PLUS,1368984926410989569,5,1,45010.59553920441
78,CS-SCSA_PLUS,1366967661754675207,6,4,19423.380384167634
78,CS-SCSA_PLUS,1368218004861911049,7,1,7691.506230895838
78,CS-SCSA_PLUS,1367535310733680640,8,2,3529.256449165402
78,CS-SCSA_PLUS,1367296657705099264,9,3,777.6327769347496
78,CS-SCSA_PLUS,1368236771671162881,10,1,18.88888888888889
79,CS-SCSA_PLUS,1319321276171759617,1,3,551205.1099718772
79,CS-SCSA_PLUS,1367702233853259783,2,2,441500.29151788325
79,CS-SCSA_PLUS,1322265461359316992,3,2,193525.27361246347
79,CS-SCSA_PLUS,1324444938923175936,4,2,154668.7308413405
79,CS-SCSA_PLUS,1345783947607867393,5,2,116385.86808674451
79,CS-SCSA_PLUS,1355379018791591936,6,3,115083.84217761892
79,CS-SCSA_PLUS,1212045448812417030,7,5,66639.3536121673
79,CS-SCSA_PLUS,1330266160202477577,8,3,19873.346865133062
79,CS-SCSA_PLUS,1357083144407552000,9,5,19765.945945945947
79,CS-SCSA_PLUS,1263620338790944769,10,3,10642.344448962993
81,CS-SCSA_PLUS,1367862841907294209,1,5,657113.1293706294
81,CS-SCSA_PLUS,1366854672955240450,2,5,289683.9231487243
81,CS-SCSA_PLUS,1368174374247923712,3,5,159370.6153846154
81,CS-SCSA_PLUS,1367548056628039684,4,5,86430.74307147322
81,CS-SCSA_PLUS,1367703501367771141,5,5,76063.31051196608
81,CS-SCSA_PLUS,1368487188724350976,6,5,22732.380315917377
81,CS-SCSA_PLUS,1313215942826967040,7,5,5680.324984443062
81,CS-SCSA_PLUS,1368234120082554894,8,5,1717.1781376518218
81,CS-SCSA_PLUS,1368939918727278599,9,5,806.5349397590362
81,CS-SCSA_PLUS,1361801412741529606,10,5,208.78260869543357
1,CS-SCSA_PLUS_V3,1368604102989541376,1,4,0.6486340332208983
1,CS-SCSA_PLUS_V3,1369483207935225856,2,3,0.4503758537835047
1,CS-SCSA_PLUS_V3,1369460811760988160,3,5,0.2861958841901491
1,CS-SCSA_PLUS_V3,1369281593693646851,4,4,0.20855705833803345
1,CS-SCSA_PLUS_V3,1369388544003895298,5,5,0.19724063258968355
1,CS-SCSA_PLUS_V3,1370144518100684802,6,3,0.0929543905093668
1,CS-SCSA_PLUS_V3,1369253885932617735,7,3,0.02529604314020803
1,CS-SCSA_PLUS_V3,1369439516679942144,8,5,-0.0038581742695666943
1,CS-SCSA_PLUS_V3,1369010885075812352,9,4,-0.05962144133023102
1,CS-SCSA_PLUS_V3,1369523963974549504,10,5,-0.079371419229764
2,CS-SCSA_PLUS_V3,1369271770960850949,1,3,0.42580951336504974
2,CS-SCSA_PLUS_V3,1369382859534897161,2,3,0.22154492010659463
2,CS-SCSA_PLUS_V3,1370003953598013450,3,3,0.19062794515145823
2,CS-SCSA_PLUS_V3,1369471231448158208,4,4,0.11408379478293644
2,CS-SCSA_PLUS_V3,1369511733975515142,5,2,0.08850609538800376
2,CS-SCSA_PLUS_V3,1369985018878169089,6,3,0.06734641761587948
2,CS-SCSA_PLUS_V3,1369610663547518978,7,4,0.0368204328439825
2,CS-SCSA_PLUS_V3,1370128693662785544,8,4,-0.04222868061547973
2,CS-SCSA_PLUS_V3,1369037711324119046,9,4,-0.05711529787600886
2,CS-SCSA_PLUS_V3,1369578871478235143,10,5,-0.058864686277923184
3,CS-SCSA_PLUS_V3,1323456695725625344,1,3,0.8666920849235142
3,CS-SCSA_PLUS_V3,1153306430100910080,2,3,0.8232029816941698
3,CS-SCSA_PLUS_V3,1342995722761695232,3,2,0.572850658980951
3,CS-SCSA_PLUS_V3,1324916905954652168,4,3,0.4019556404080468
3,CS-SCSA_PLUS_V3,1318297870315839488,5,2,0.3312522214653923
3,CS-SCSA_PLUS_V3,1368659881260032001,6,3,0.2280637890231976
3,CS-SCSA_PLUS_V3,1240704016046116865,7,4,0.10342497988197913
3,CS-SCSA_PLUS_V3,1256258912866766851,8,4,0.08499211224527635
3,CS-SCSA_PLUS_V3,1306742315667529729,9,3,0.05693739949655429
3,CS-SCSA_PLUS_V3,1180250671905263616,10,2,-0.06398430450757688
4,CS-SCSA_PLUS_V3,1369275546044162051,1,5,0.9197170549271136
4,CS-SCSA_PLUS_V3,1369049581208670208,2,4,0.5670655891973841
4,CS-SCSA_PLUS_V3,1370053184589299724,3,2,0.3446782906762564
4,CS-SCSA_PLUS_V3,1369113689845022721,4,2,0.20942406344757317
4,CS-SCSA_PLUS_V3,1369525973302079490,5,4,0.20528700759590002
4,CS-SCSA_PLUS_V3,1369600439239458820,6,4,0.056328781486681356
4,CS-SCSA_PLUS_V3,1369456737070313476,7,2,0.05592710132220369
4,CS-SCSA_PLUS_V3,1369506070989836290,8,3,0.04570687700018601
4,CS-SCSA_PLUS_V3,1369337073463885828,9,4,0.040872032284689774
4,CS-SCSA_PLUS_V3,1369563595978252291,10,1,0.02929737456904101
5,CS-SCSA_PLUS_V3,1369503478880612357,1,5,0.49901049156558624
5,CS-SCSA_PLUS_V3,1369468594891948038,2,3,0.22752024355920944
5,CS-SCSA_PLUS_V3,1369351763355201542,3,4,0.13503982028077569
5,CS-SCSA_PLUS_V3,1369336610681159680,4,5,0.11385883112167933
5,CS-SCSA_PLUS_V3,1370004858464534529,5,3,0.09197153877420436
5,CS-SCSA_PLUS_V3,1369611245616250880,6,5,0.036193996804861094
5,CS-SCSA_PLUS_V3,1369430816389033988,7,5,-0.03767982916009212
5,CS-SCSA_PLUS_V3,1369377514930507782,8,5,-0.04894991994259733
5,CS-SCSA_PLUS_V3,1369438777127624709,9,4,-0.07135281824009693
5,CS-SCSA_PLUS_V3,1368685627303223297,10,3,-0.13872585471427143
6,CS-SCSA_PLUS_V3,1349775316366090242,1,2,1.3983845777990467
6,CS-SCSA_PLUS_V3,1340053176150614025,2,4,0.6678968914871648
6,CS-SCSA_PLUS_V3,1369559926629167104,3,5,0.5278014344752322
6,CS-SCSA_PLUS_V3,1204026434739691520,4,5,0.4441211769823008
6,CS-SCSA_PLUS_V3,1369418972509179912,5,3,0.38568326350604454
6,CS-SCSA_PLUS_V3,1197158580333535232,6,4,0.38043427872204444
6,CS-SCSA_PLUS_V3,1219085119971000320,7,3,0.31057868858816096
6,CS-SCSA_PLUS_V3,1368199950169997314,8,5,0.26299127513205717
6,CS-SCSA_PLUS_V3,1339894034781880323,9,5,0.15855811536737285
6,CS-SCSA_PLUS_V3,1369586848163586051,10,2,-0.17339586642364985
7,CS-SCSA_PLUS_V3,1368632782042333188,1,4,1.1899636892596568
7,CS-SCSA_PLUS_V3,1368501683219693570,2,3,0.5671786267242478
7,CS-SCSA_PLUS_V3,1368487188724350976,3,2,0.4427623356523105
7,CS-SCSA_PLUS_V3,1368519774955798529,4,4,0.42190622766612307
7,CS-SCSA_PLUS_V3,1368234120082554894,5,2,0.3189154606638115
7,CS-SCSA_PLUS_V3,1369087867939659782,6,3,0.29985241989066125
7,CS-SCSA_PLUS_V3,1367862841907294209,7,4,0.1456972781728419
7,CS-SCSA_PLUS_V3,1364237278516830212,8,5,0.10015299862271174
7,CS-SCSA_PLUS_V3,1368174374247923712,9,3,-0.06235122421933022
7,CS-SCSA_PLUS_V3,1368216046616768513,10,4,-0.27756449475385453
8,CS-SCSA_PLUS_V3,1322209256611852294,1,5,5.654246599911039
8,CS-SCSA_PLUS_V3,1334724211689074688,2,5,2.1150355594615027
8,CS-SCSA_PLUS_V3,1354658220585922565,3,4,1.70021567886936
8,CS-SCSA_PLUS_V3,1318996052049973248,4,4,0.9905715870396281
8,CS-SCSA_PLUS_V3,1268243264156524544,5,4,0.712588710682497
8,CS-SCSA_PLUS_V3,1316909183225286657,6,5,0.6903120620978058
8,CS-SCSA_PLUS_V3,1290389884927000582,7,5,0.6806624866679536
8,CS-SCSA_PLUS_V3,1363674987626856448,8,3,0.6776904869700674
8,CS-SCSA_PLUS_V3,1334706123971162115,9,2,0.6238902322690787
8,CS-SCSA_PLUS_V3,1365178104310763520,10,4,0.3604638665224238
9,CS-SCSA_PLUS_V3,1333878541398798338,1,5,1.0703975722879528
9,CS-SCSA_PLUS_V3,1330972658612150272,2,5,0.783965194178714
9,CS-SCSA_PLUS_V3,1338573100921794560,3,4,0.5836099804395642
9,CS-SCSA_PLUS_V3,1164279406057201665,4,1,0.5359233910274324
9,CS-SCSA_PLUS_V3,1263620338790944769,5,4,0.4720323174200862
9,CS-SCSA_PLUS_V3,1327308553418272768,6,3,0.3881687868910302
9,CS-SCSA_PLUS_V3,1312391963241398272,7,4,0.30266442127030563
9,CS-SCSA_PLUS_V3,1361732521428275201,8,1,0.24966083622272955
9,CS-SCSA_PLUS_V3,1319321276171759617,9,5,0.09789609817554298
9,CS-SCSA_PLUS_V3,1351540224560668673,10,3,0.07019899553796283
10,CS-SCSA_PLUS_V3,1337102280059834370,1,4,1.2996015565368961
10,CS-SCSA_PLUS_V3,1350865539091066881,2,5,0.5419687210730063
10,CS-SCSA_PLUS_V3,1330948472992776193,3,5,0.3759672829167971
10,CS-SCSA_PLUS_V3,1368234120082554894,4,5,0.3189154606638115
10,CS-SCSA_PLUS_V3,1369087867939659782,5,5,0.29985241989066125
10,CS-SCSA_PLUS_V3,1351594764056088577,6,5,0.25913453103562284
10,CS-SCSA_PLUS_V3,1365731424322478084,7,5,0.15020216356740462
10,CS-SCSA_PLUS_V3,1367862841907294209,8,4,0.1456972781728419
10,CS-SCSA_PLUS_V3,1352017720578105346,9,4,0.05432717723390107
10,CS-SCSA_PLUS_V3,1320726746329743363,10,5,-0.14216238458618918
11,CS-SCSA_PLUS_V3,1358058477785120769,1,1,4.9587652936121165
11,CS-SCSA_PLUS_V3,1334724211689074688,2,1,2.1150355594615027
11,CS-SCSA_PLUS_V3,1354658220585922565,3,1,1.70021567886936
11,CS-SCSA_PLUS_V3,1367500382717546499,4,5,0.936772317043451
11,CS-SCSA_PLUS_V3,1333492114408296449,5,5,0.9079736423739466
11,CS-SCSA_PLUS_V3,1334534887664209922,6,5,0.8725472983569833
11,CS-SCSA_PLUS_V3,1334601400836354048,7,5,0.7919102711459071
11,CS-SCSA_PLUS_V3,1330692631551234050,8,5,0.785897283532915
11,CS-SCSA_PLUS_V3,1316909183225286657,9,5,0.6903120620978058
11,CS-SCSA_PLUS_V3,1290389884927000582,10,5,0.6806624866679536
12,CS-SCSA_PLUS_V3,1366121589478154243,1,5,2.005799641053633
12,CS-SCSA_PLUS_V3,1370069387974119426,2,5,1.866320823220938
12,CS-SCSA_PLUS_V3,1358529006967033856,3,3,0.9684785078535669
12,CS-SCSA_PLUS_V3,1369832253816246274,4,5,0.8685195194653569
12,CS-SCSA_PLUS_V3,1344852533122981888,5,5,0.8566287030318301
12,CS-SCSA_PLUS_V3,1359319030587293696,6,3,0.7571064114483348
12,CS-SCSA_PLUS_V3,1331282297014743042,7,5,0.7432866353262445
12,CS-SCSA_PLUS_V3,1359370632350208003,8,2,0.653397865431864
12,CS-SCSA_PLUS_V3,1336435104172765184,9,3,0.5545751181411488
12,CS-SCSA_PLUS_V3,1366380504736534529,10,3,0.1666961953825071
13,CS-SCSA_PLUS_V3,1363172378843389952,1,2,0.7082252878400542
13,CS-SCSA_PLUS_V3,1350865539091066881,2,3,0.5419687210730063
13,CS-SCSA_PLUS_V3,1362902698585071617,3,5,0.4133535361124164
13,CS-SCSA_PLUS_V3,1330948472992776193,4,5,0.3759672829167971
13,CS-SCSA_PLUS_V3,1369087867939659782,5,3,0.29985241989066125
13,CS-SCSA_PLUS_V3,1351594764056088577,6,3,0.25913453103562284
13,CS-SCSA_PLUS_V3,1358898413136396288,7,4,0.15293824755424998
13,CS-SCSA_PLUS_V3,1365731424322478084,8,5,0.15020216356740462
13,CS-SCSA_PLUS_V3,1337104278398382087,9,5,0.06484412755683738
13,CS-SCSA_PLUS_V3,1352017720578105346,10,1,0.05432717723390107
15,CS-SCSA_PLUS_V3,1362920758872133634,1,3,0.8613033922528677
15,CS-SCSA_PLUS_V3,1354353736580124673,2,4,0.6663460908452477
15,CS-SCSA_PLUS_V3,1351560050725294082,3,2,0.5436280334479738
15,CS-SCSA_PLUS_V3,1331266330176196608,4,3,0.5428796603552444
15,CS-SCSA_PLUS_V3,1303727847966674944,5,2,0.5326204570696295
15,CS-SCSA_PLUS_V3,1301536924067393537,6,2,0.46482784483097533
15,CS-SCSA_PLUS_V3,1258809129218564098,7,3,0.03370565403430596
15,CS-SCSA_PLUS_V3,1355549351603531783,8,5,0.01939942879167391
15,CS-SCSA_PLUS_V3,1365788765957083149,9,3,-0.031013599046655668
15,CS-SCSA_PLUS_V3,1330905143416659975,10,4,-0.105909131685858
16,CS-SCSA_PLUS_V3,1352019602151100416,1,1,1.1105756922294747
16,CS-SCSA_PLUS_V3,1271896411257241600,2,1,0.7760942773103398
16,CS-SCSA_PLUS_V3,1275840045761441792,3,1,0.5098418796080412
16,CS-SCSA_PLUS_V3,1346143996431646720,4,4,0.5044363685576846
16,CS-SCSA_PLUS_V3,1368447074019270656,5,4,0.46268310262570567
16,CS-SCSA_PLUS_V3,1317201419384975365,6,1,0.3951485844825591
16,CS-SCSA_PLUS_V3,1173620799997186051,7,1,0.34981993816400747
16,CS-SCSA_PLUS_V3,1326554237053054977,8,1,0.2324728640673427
16,CS-SCSA_PLUS_V3,1316239353505480704,9,1,0.09414166304419957
16,CS-SCSA_PLUS_V3,1318907390922788866,10,1,-0.0742873794747255
17,CS-SCSA_PLUS_V3,1350151000267632641,1,5,1.1245414341983495
17,CS-SCSA_PLUS_V3,1063403538636816385,2,5,0.6662428165377451
17,CS-SCSA_PLUS_V3,1330058761323614209,3,5,0.6565603767678141
17,CS-SCSA_PLUS_V3,1366743775192752129,4,4,0.3858996998375282
17,CS-SCSA_PLUS_V3,1358772405536194562,5,5,0.3502837004202808
17,CS-SCSA_PLUS_V3,1357403552470212608,6,5,0.16829272442941254
17,CS-SCSA_PLUS_V3,1320374052847013893,7,5,0.14376835097007065
17,CS-SCSA_PLUS_V3,1334527822971490308,8,5,0.13272572429834323
17,CS-SCSA_PLUS_V3,1336739324658929667,9,5,0.0435319614440734
17,CS-SCSA_PLUS_V3,1364970509700595717,10,5,-0.038045507882303875
18,CS-SCSA_PLUS_V3,1337819421973344256,1,2,0.6080571329504092
18,CS-SCSA_PLUS_V3,1339195127986794498,2,4,0.47926968400022324
18,CS-SCSA_PLUS_V3,1339377333728391169,3,4,0.36621349778421597
18,CS-SCSA_PLUS_V3,1330556651716243456,4,3,0.10075554028513889
18,CS-SCSA_PLUS_V3,1340325978170646535,5,3,0.10062984128735226
18,CS-SCSA_PLUS_V3,1327053570794008577,6,2,0.07315373250560536
18,CS-SCSA_PLUS_V3,1354527098354819077,7,1,0.027061793437618057
18,CS-SCSA_PLUS_V3,1359592867380031494,8,1,-0.028277356718238028
18,CS-SCSA_PLUS_V3,1366528818454822914,9,3,-0.05893366131410773
18,CS-SCSA_PLUS_V3,1362475666504040451,10,1,-0.13963127496227834
19,CS-SCSA_PLUS_V3,1368697794417065992,1,3,1.4674648327816822
19,CS-SCSA_PLUS_V3,1369424518092120064,2,3,0.3880010428629808
19,CS-SCSA_PLUS_V3,1369189230489001991,3,3,0.3768470211897848
19,CS-SCSA_PLUS_V3,1369617901678964736,4,4,0.21041627234312518
19,CS-SCSA_PLUS_V3,1369266567423397891,5,3,0.13360936959858138
19,CS-SCSA_PLUS_V3,1369425009303822344,6,3,0.09667557140707514
19,CS-SCSA_PLUS_V3,1369469059427893249,7,3,0.06104255594515609
19,CS-SCSA_PLUS_V3,1369596898127077379,8,3,-0.014392099901169159
19,CS-SCSA_PLUS_V3,1369569992732250114,9,3,-0.02570996022254665
19,CS-SCSA_PLUS_V3,1369559628183445504,10,3,-0.08009149636217802
20,CS-SCSA_PLUS_V3,1368950916024532995,1,2,0.5999005557182923
20,CS-SCSA_PLUS_V3,1368272500086476805,2,2,0.5671024623507914
20,CS-SCSA_PLUS_V3,1369573389845880832,3,5,0.3176091021470766
20,CS-SCSA_PLUS_V3,1369193501875970048,4,5,0.2497826953574816
20,CS-SCSA_PLUS_V3,1369146187358539781,5,5,0.170757410704573
20,CS-SCSA_PLUS_V3,1369112711032881153,6,3,0.018502674519259618
20,CS-SCSA_PLUS_V3,1364622367499157504,7,5,0.01171378008530347
20,CS-SCSA_PLUS_V3,1366181019829686277,8,5,0.0027706323122367593
20,CS-SCSA_PLUS_V3,1368276753244913665,9,2,-0.29836604307614295
20,CS-SCSA_PLUS_V3,1369415901964034052,10,3,-0.33432132888199106
21,CS-SCSA_PLUS_V3,1367222811727564800,1,5,1.09077437718738
21,CS-SCSA_PLUS_V3,1300100975793901569,2,3,0.6878298490555631
21,CS-SCSA_PLUS_V3,1369040595310682112,3,2,0.4352268660759003
21,CS-SCSA_PLUS_V3,1366217334658977797,4,5,0.3472535104751704
21,CS-SCSA_PLUS_V3,1366565826913062914,5,4,0.1891997915102925
21,CS-SCSA_PLUS_V3,1340651032817315842,6,4,0.14869376073793306
21,CS-SCSA_PLUS_V3,1338181816478539777,7,5,0.11794412121531413
21,CS-SCSA_PLUS_V3,1204781519052652546,8,2,0.054083026075935736
21,CS-SCSA_PLUS_V3,1272339338995445760,9,1,-0.03187621194385618
21,CS-SCSA_PLUS_V3,1339526270288322561,10,4,-0.03351127783892455
22,CS-SCSA_PLUS_V3,1369410355215142917,1,5,0.8689916400878213
22,CS-SCSA_PLUS_V3,1369259204725387266,2,5,0.6061931585248237
22,CS-SCSA_PLUS_V3,1369402883704229892,3,5,0.2787027485565782
22,CS-SCSA_PLUS_V3,1369396362840858635,4,3,0.15346838963360207
22,CS-SCSA_PLUS_V3,1369567942690635778,5,5,0.08639903023820489
22,CS-SCSA_PLUS_V3,1369538412961730562,6,3,0.08356108344395868
22,CS-SCSA_PLUS_V3,1369483561938649089,7,4,0.03201776420381168
22,CS-SCSA_PLUS_V3,1369103243960258562,8,4,-0.04269531688565362
22,CS-SCSA_PLUS_V3,1369505213904748554,9,5,-0.04995008974082539
22,CS-SCSA_PLUS_V3,1369437537907978245,10,3,-0.08038926479794845
23,CS-SCSA_PLUS_V3,1354509947288088576,1,4,0.8768450410862267
23,CS-SCSA_PLUS_V3,1303724853120217088,2,4,0.5723326991015629
23,CS-SCSA_PLUS_V3,1319019864212713472,3,4,0.4856698266093512
23,CS-SCSA_PLUS_V3,1349391558269923330,4,4,0.3231174423447004
23,CS-SCSA_PLUS_V3,1367852411017031682,5,4,0.17017930675500345
23,CS-SCSA_PLUS_V3,1322232908141113344,6,5,0.07748050326786249
23,CS-SCSA_PLUS_V3,1335651231759552514,7,4,0.029353413873318166
23,CS-SCSA_PLUS_V3,1307054698931912706,8,4,0.0025816016924789555
23,CS-SCSA_PLUS_V3,1325995532259561473,9,5,-0.06648729658744482
23,CS-SCSA_PLUS_V3,1326932771240095749,10,4,-0.10157826239754629
24,CS-SCSA_PLUS_V3,1363172378843389952,1,5,0.7082252878400542
24,CS-SCSA_PLUS_V3,1357647227808841728,2,3,0.5776498543014293
24,CS-SCSA_PLUS_V3,1350865539091066881,3,4,0.5419687210730063
24,CS-SCSA_PLUS_V3,1326957720759541761,4,5,0.44863961409075187
24,CS-SCSA_PLUS_V3,1362902698585071617,5,4,0.4133535361124164
24,CS-SCSA_PLUS_V3,1330948472992776193,6,5,0.3759672829167971
24,CS-SCSA_PLUS_V3,1369087867939659782,7,5,0.29985241989066125
24,CS-SCSA_PLUS_V3,1369308139158446081,8,5,0.25209754940699736
24,CS-SCSA_PLUS_V3,1358898413136396288,9,5,0.15293824755424998
24,CS-SCSA_PLUS_V3,1319639717906821121,10,4,-0.11467835093155819
25,CS-SCSA_PLUS_V3,1369569728541425667,1,5,0.4529669167698001
25,CS-SCSA_PLUS_V3,1369377505224884227,2,5,0.44350370938875144
25,CS-SCSA_PLUS_V3,1369547930550611968,3,5,0.3083381514348747
25,CS-SCSA_PLUS_V3,1369560664142970881,4,5,0.12754701351039235
25,CS-SCSA_PLUS_V3,1369571000212463617,5,5,0.11983950964418551
25,CS-SCSA_PLUS_V3,1369600442322333699,6,5,0.11485957030353693
25,CS-SCSA_PLUS_V3,1369563665867898882,7,5,0.10514634397501846
25,CS-SCSA_PLUS_V3,1369579853612281860,8,5,0.0847878975324497
25,CS-SCSA_PLUS_V3,1369043756486377472,9,5,0.07725702413725888
25,CS-SCSA_PLUS_V3,1370125729199980545,10,5,-0.08546698282220556
26,CS-SCSA_PLUS_V3,1349449506136330241,1,3,0.6058326015800928
26,CS-SCSA_PLUS_V3,1369030449398509568,2,4,0.5538847416137739
26,CS-SCSA_PLUS_V3,1329540885055356928,3,3,0.5352803859582631
26,CS-SCSA_PLUS_V3,1369636752336490497,4,4,0.3113938094690398
26,CS-SCSA_PLUS_V3,1369296706836250624,5,4,0.2702956363313391
26,CS-SCSA_PLUS_V3,1367541147787223041,6,4,0.1627039493121359
26,CS-SCSA_PLUS_V3,1368758876015910915,7,4,0.14947117039127103
26,CS-SCSA_PLUS_V3,1348680358619992071,8,3,0.03225517495542023
26,CS-SCSA_PLUS_V3,1360897085856313349,9,4,0.01495063609526158
26,CS-SCSA_PLUS_V3,1359141009272184832,10,3,0.001226278741917386
27,CS-SCSA_PLUS_V3,1369400099223207936,1,1,1.8217004789130524
27,CS-SCSA_PLUS_V3,1369370948634312710,2,1,0.8261687706615617
27,CS-SCSA_PLUS_V3,1369608851306278914,3,5,0.5674958371864605
27,CS-SCSA_PLUS_V3,1369571760140615684,4,4,0.26946816058366363
27,CS-SCSA_PLUS_V3,1370035059495993348,5,1,0.2363608449358306
27,CS-SCSA_PLUS_V3,1369975631744802817,6,1,0.14525490932524282
27,CS-SCSA_PLUS_V3,1369528722538328068,7,4,0.14133695084319323
27,CS-SCSA_PLUS_V3,1369455485615759360,8,4,0.13086040321528847
27,CS-SCSA_PLUS_V3,1368269027596976129,9,1,-0.03664906670558927
27,CS-SCSA_PLUS_V3,1369303761097785344,10,5,-0.060869519742610345
28,CS-SCSA_PLUS_V3,1333791058765901825,1,2,0.772459151023296
28,CS-SCSA_PLUS_V3,1313864060669026304,2,1,0.6664885458492099
28,CS-SCSA_PLUS_V3,1332672152995291138,3,2,0.6091609793100515
28,CS-SCSA_PLUS_V3,1311335003599433733,4,5,0.5893864647972713
28,CS-SCSA_PLUS_V3,1361498566024302597,5,5,0.48511538018474515
28,CS-SCSA_PLUS_V3,1355246647446544384,6,5,0.31322335078100705
28,CS-SCSA_PLUS_V3,1306669595525226500,7,3,0.2747973900051397
28,CS-SCSA_PLUS_V3,1366441855416627200,8,5,0.09886048114138263
28,CS-SCSA_PLUS_V3,1329848482446905349,9,5,-0.05871536901794662
28,CS-SCSA_PLUS_V3,1329469491961503747,10,5,-0.17487724251722225
29,CS-SCSA_PLUS_V3,1368855703612448768,1,3,0.9662547238820351
29,CS-SCSA_PLUS_V3,1366212322436423682,2,4,0.8156694708948595
29,CS-SCSA_PLUS_V3,1341859235756453889,3,3,0.7625171963233034
29,CS-SCSA_PLUS_V3,1250915381646176262,4,3,0.3738260440379669
29,CS-SCSA_PLUS_V3,1120471100532625410,5,5,0.3104484042032984
29,CS-SCSA_PLUS_V3,1331046811704958985,6,3,0.30486031272500286
29,CS-SCSA_PLUS_V3,1245049389250273280,7,3,0.238332398144209
29,CS-SCSA_PLUS_V3,1261295911185068033,8,4,0.12042880578987217
29,CS-SCSA_PLUS_V3,1368840460198838272,9,3,0.0732682150506076
29,CS-SCSA_PLUS_V3,1366184948244176899,10,3,0.05781005646882469
30,CS-SCSA_PLUS_V3,1368741071870562307,1,3,0.7471462223451284
30,CS-SCSA_PLUS_V3,1369307789932265473,2,5,0.7359690657639377
30,CS-SCSA_PLUS_V3,1329121235423297537,3,5,0.5590205804882468
30,CS-SCSA_PLUS_V3,1363171557250596864,4,3,0.3768466532552886
30,CS-SCSA_PLUS_V3,1367214933423706113,5,3,0.3667627404083258
30,CS-SCSA_PLUS_V3,1369605185455017984,6,5,0.22955076868739493
30,CS-SCSA_PLUS_V3,1322524023117533184,7,4,0.20787279212345072
30,CS-SCSA_PLUS_V3,1139203333607043073,8,4,0.03958460129211871
30,CS-SCSA_PLUS_V3,1290776688284954625,9,3,0.01633572786146783
30,CS-SCSA_PLUS_V3,968536670105726977,10,4,-0.08892071138284945
31,CS-SCSA_PLUS_V3,1369075112432046081,1,1,0.7011208218342777
31,CS-SCSA_PLUS_V3,1364961278729551872,2,4,0.5236014104640023
31,CS-SCSA_PLUS_V3,1369649450688409604,3,3,0.3157309055178762
31,CS-SCSA_PLUS_V3,1369087867939659782,4,3,0.29985241989066125
31,CS-SCSA_PLUS_V3,1365459905717678084,5,3,0.2679648156995034
31,CS-SCSA_PLUS_V3,973719108515717120,6,3,0.149617690508405
31,CS-SCSA_PLUS_V3,1362439231080169474,7,3,0.14252783404711325
31,CS-SCSA_PLUS_V3,1369304506064908290,8,3,0.13924876648451037
31,CS-SCSA_PLUS_V3,1369463119479734274,9,4,0.0730616451061739
31,CS-SCSA_PLUS_V3,976286019904401408,10,4,0.0640722354949938
32,CS-SCSA_PLUS_V3,1369148225433788417,1,2,0.6463079044017401
32,CS-SCSA_PLUS_V3,1368911960478257153,2,2,0.42866908971983647
32,CS-SCSA_PLUS_V3,1369357633283620870,3,3,0.3981241153272968
32,CS-SCSA_PLUS_V3,1367113449394765824,4,3,0.3618556841549292
32,CS-SCSA_PLUS_V3,1369368976128679940,5,4,0.26063393227194837
32,CS-SCSA_PLUS_V3,976304255685423104,6,4,0.2509891246594359
32,CS-SCSA_PLUS_V3,1369533603194040320,7,2,0.22717891232414936
32,CS-SCSA_PLUS_V3,1369169336326316036,8,4,0.19694600662420927
32,CS-SCSA_PLUS_V3,1367444872903462913,9,4,0.1189377532725091
32,CS-SCSA_PLUS_V3,1367133454241046531,10,4,0.007106367488495038
33,CS-SCSA_PLUS_V3,1368604102989541376,1,2,0.6486340332208983
33,CS-SCSA_PLUS_V3,1369547940017147907,2,3,0.2527949272337142
33,CS-SCSA_PLUS_V3,1369366150237351943,3,3,0.19000596519793964
33,CS-SCSA_PLUS_V3,1369356888568197133,4,3,0.15834991710182875
33,CS-SCSA_PLUS_V3,1369321348783345674,5,4,0.1054382059891956
33,CS-SCSA_PLUS_V3,1369566623913369603,6,4,0.085566775638567
33,CS-SCSA_PLUS_V3,1369605923732393985,7,2,0.06248687474884187
33,CS-SCSA_PLUS_V3,1369269245704630276,8,2,-0.0739296154432546
33,CS-SCSA_PLUS_V3,1369362400403726350,9,4,-0.08613939477179
33,CS-SCSA_PLUS_V3,1369450685708857348,10,3,-0.1252060503839248
34,CS-SCSA_PLUS_V3,1369475595466375169,1,3,0.7336247755215755
34,CS-SCSA_PLUS_V3,1369460811760988160,2,4,0.2861958841901491
34,CS-SCSA_PLUS_V3,1370017497710215170,3,2,0.23069508142383618
34,CS-SCSA_PLUS_V3,1369404129643216897,4,3,0.17094353799005252
34,CS-SCSA_PLUS_V3,1369968831666487296,5,3,0.12228748237260839
34,CS-SCSA_PLUS_V3,1369270015699136512,6,2,0.1178482789417977
34,CS-SCSA_PLUS_V3,1369585318521802763,7,4,0.10769674216268277
34,CS-SCSA_PLUS_V3,1369536457992470528,8,4,0.0430096884448562
34,CS-SCSA_PLUS_V3,1369460521846575104,9,2,-0.004414015920488259
34,CS-SCSA_PLUS_V3,1370057097107345411,10,3,-0.006565872139357595
35,CS-SCSA_PLUS_V3,1272336376927666176,1,2,0.9177506322160602
35,CS-SCSA_PLUS_V3,1152351180225335296,2,2,0.5815554504267084
35,CS-SCSA_PLUS_V3,1285629613067038720,3,2,0.4925438883330984
35,CS-SCSA_PLUS_V3,1330209367002472448,4,1,0.3250339199258227
35,CS-SCSA_PLUS_V3,1189249540412624898,5,2,0.2729675764643433
35,CS-SCSA_PLUS_V3,1337396723610771457,6,1,0.24385359242158927
35,CS-SCSA_PLUS_V3,1287306318961872896,7,1,0.20133022619082797
35,CS-SCSA_PLUS_V3,1362483585169686531,8,2,0.13462675121234505
35,CS-SCSA_PLUS_V3,1322493521245298689,9,1,0.11383414028712317
35,CS-SCSA_PLUS_V3,1363561378552958976,10,3,-0.01719449577362145
36,CS-SCSA_PLUS_V3,1337102280059834370,1,5,1.2996015565368961
36,CS-SCSA_PLUS_V3,1306401710386982912,2,3,1.0646981091536862
36,CS-SCSA_PLUS_V3,1055619307084800000,3,4,0.764325751190364
36,CS-SCSA_PLUS_V3,1350865539091066881,4,5,0.5419687210730063
36,CS-SCSA_PLUS_V3,1146224584443727872,5,3,0.5313849282206178
36,CS-SCSA_PLUS_V3,1263620338790944769,6,5,0.4720323174200862
36,CS-SCSA_PLUS_V3,1359973359568625670,7,5,0.4308209876916427
36,CS-SCSA_PLUS_V3,1254427280794845185,8,5,0.4037464053525085
36,CS-SCSA_PLUS_V3,1330948472992776193,9,5,0.3759672829167971
36,CS-SCSA_PLUS_V3,1369087867939659782,10,5,0.29985241989066125
37,CS-SCSA_PLUS_V3,1349775316366090242,1,4,1.3983845777990467
37,CS-SCSA_PLUS_V3,1331689113494446085,2,1,0.4820902755023852
37,CS-SCSA_PLUS_V3,1356264437729124353,3,1,0.449175205504866
37,CS-SCSA_PLUS_V3,1367114880378146824,4,1,0.3739807243925757
37,CS-SCSA_PLUS_V3,1328065268942336000,5,4,0.35847143654766334
37,CS-SCSA_PLUS_V3,1152354497189965824,6,1,0.34112804902002813
37,CS-SCSA_PLUS_V3,1351923223638794246,7,1,0.30743467002999614
37,CS-SCSA_PLUS_V3,1365407295384018947,8,1,0.0840150825977111
37,CS-SCSA_PLUS_V3,1329150877941305345,9,3,0.0009937820079701232
37,CS-SCSA_PLUS_V3,1364320994337427461,10,3,-0.046079281077419564
38,CS-SCSA_PLUS_V3,1369521918412472320,1,5,0.46258862029463804
38,CS-SCSA_PLUS_V3,1368999972792844292,2,5,0.40346373666915303
38,CS-SCSA_PLUS_V3,1352922753565863936,3,4,0.3398836293321881
38,CS-SCSA_PLUS_V3,1369181189932777474,4,5,0.3195671947863752
38,CS-SCSA_PLUS_V3,1367625947462184961,5,5,0.21226166053408027
38,CS-SCSA_PLUS_V3,1369499281833537540,6,5,0.17605037837475282
38,CS-SCSA_PLUS_V3,1363322581076619265,7,5,0.1097665542775374
38,CS-SCSA_PLUS_V3,1361209516277174279,8,5,0.104497670785204
38,CS-SCSA_PLUS_V3,1329140321402445824,9,5,0.0587226636762031
38,CS-SCSA_PLUS_V3,1369036451845869573,10,5,0.01723481910494357
39,CS-SCSA_PLUS_V3,1369414843720208384,1,4,0.9286335502990133
39,CS-SCSA_PLUS_V3,1369135857110638592,2,5,0.35297066329286575
39,CS-SCSA_PLUS_V3,421376352319983617,3,4,0.3173393660937364
39,CS-SCSA_PLUS_V3,1364908035932569600,4,5,0.16062561428744787
39,CS-SCSA_PLUS_V3,1369575294806425603,5,5,0.10511159732331635
39,CS-SCSA_PLUS_V3,423131090803777536,6,5,0.07028549936268402
39,CS-SCSA_PLUS_V3,1366870970351427588,7,5,0.04250667765157701
39,CS-SCSA_PLUS_V3,1368487216775893000,8,5,0.034782107269256124
39,CS-SCSA_PLUS_V3,1368772235683586050,9,3,-0.1011108460544595
39,CS-SCSA_PLUS_V3,1364156801109938178,10,4,-0.12843309757800397
40,CS-SCSA_PLUS_V3,1359946667429093378,1,2,1.1553554796444987
40,CS-SCSA_PLUS_V3,1338592930022363139,2,5,1.0414461337133725
40,CS-SCSA_PLUS_V3,1337106387751620613,3,1,0.853138941159389
40,CS-SCSA_PLUS_V3,1320019327425286144,4,5,0.6287586745749003
40,CS-SCSA_PLUS_V3,1336775151128518656,5,5,0.3133700460969857
40,CS-SCSA_PLUS_V3,1341428444190617600,6,2,0.20611977351830463
40,CS-SCSA_PLUS_V3,1341514552819724288,7,3,0.06249108455736667
40,CS-SCSA_PLUS_V3,1363945864633401344,8,5,0.04793886674871219
40,CS-SCSA_PLUS_V3,1354759783157534720,9,2,-0.0836301798608915
40,CS-SCSA_PLUS_V3,1319756701126459398,10,5,-0.2131704350441605
41,CS-SCSA_PLUS_V3,1356407112385982464,1,1,5.292824684412867
41,CS-SCSA_PLUS_V3,1342918732486594560,2,3,2.767626036353528
41,CS-SCSA_PLUS_V3,1316771044049391617,3,1,1.5172895534961501
41,CS-SCSA_PLUS_V3,1367522051762757632,4,3,1.1889461861912358
41,CS-SCSA_PLUS_V3,1339201502443941888,5,1,0.6663448400121533
41,CS-SCSA_PLUS_V3,1350629002302550016,6,1,0.6022448673438663
41,CS-SCSA_PLUS_V3,1361140001791037440,7,1,0.5882017154446408
41,CS-SCSA_PLUS_V3,1368740848913973255,8,1,0.523718431748702
41,CS-SCSA_PLUS_V3,1365710371206488066,9,5,0.44046312763260725
41,CS-SCSA_PLUS_V3,1366605872718245891,10,3,0.42351588185384853
42,CS-SCSA_PLUS_V3,1356256641814065162,1,5,0.5863370248630472
42,CS-SCSA_PLUS_V3,1361692398867402752,2,5,0.5769036546245174
42,CS-SCSA_PLUS_V3,1364632186884939780,3,1,0.5743186344692235
42,CS-SCSA_PLUS_V3,1242185573193768960,4,5,0.5658436819351879
42,CS-SCSA_PLUS_V3,1369104826869506049,5,2,0.54634109473617
42,CS-SCSA_PLUS_V3,1283200387101712384,6,1,0.35359396577457225
42,CS-SCSA_PLUS_V3,1350632339206901761,7,2,0.18867869103938437
42,CS-SCSA_PLUS_V3,1316378741061320711,8,5,0.13436499670384852
42,CS-SCSA_PLUS_V3,1367351364477624321,9,5,0.07818280785174084
42,CS-SCSA_PLUS_V3,1325114525104758784,10,1,0.03261710198205295
43,CS-SCSA_PLUS_V3,1358058477785120769,1,2,4.9587652936121165
43,CS-SCSA_PLUS_V3,1334724211689074688,2,2,2.1150355594615027
43,CS-SCSA_PLUS_V3,1349775316366090242,3,2,1.3983845777990467
43,CS-SCSA_PLUS_V3,1332420899471990786,4,3,0.9433176660466049
43,CS-SCSA_PLUS_V3,1316909183225286657,5,2,0.6903120620978058
43,CS-SCSA_PLUS_V3,1290389884927000582,6,2,0.6806624866679536
43,CS-SCSA_PLUS_V3,1363674987626856448,7,2,0.6776904869700674
43,CS-SCSA_PLUS_V3,1359547910619344904,8,2,0.6294939812771989
43,CS-SCSA_PLUS_V3,1334706123971162115,9,2,0.6238902322690787
43,CS-SCSA_PLUS_V3,1365178104310763520,10,2,0.3604638665224238
44,CS-SCSA_PLUS_V3,1369546496165765121,1,3,0.3339227906639261
44,CS-SCSA_PLUS_V3,1369449199343960065,2,5,0.20662147490001478
44,CS-SCSA_PLUS_V3,1369434342053806090,3,2,0.1851759245718731
44,CS-SCSA_PLUS_V3,1369332550347407367,4,5,0.1556816751522212
44,CS-SCSA_PLUS_V3,1369398802537476096,5,3,0.1481057134041774
44,CS-SCSA_PLUS_V3,1369609984468783107,6,3,0.14422478283801582
44,CS-SCSA_PLUS_V3,1369457998523949060,7,5,0.07760695733585313
44,CS-SCSA_PLUS_V3,1369377939381497859,8,5,0.04018957589748992
44,CS-SCSA_PLUS_V3,1370028580516732943,9,3,-0.0016672691228040853
44,CS-SCSA_PLUS_V3,1369102305748992003,10,2,-0.21584797715476567
45,CS-SCSA_PLUS_V3,1269780932891774976,1,4,1.1041098423517535
45,CS-SCSA_PLUS_V3,1353755766625234944,2,5,1.0723999761072196
45,CS-SCSA_PLUS_V3,1264644362731913216,3,5,0.9470196273736701
45,CS-SCSA_PLUS_V3,1179754999171047425,4,5,0.761039477693612
45,CS-SCSA_PLUS_V3,1366899538502426633,5,5,0.6690209521210249
45,CS-SCSA_PLUS_V3,1358213026541834240,6,4,0.6672647227638046
45,CS-SCSA_PLUS_V3,1359267423346716677,7,4,0.5604355166312185
45,CS-SCSA_PLUS_V3,1330308453508800527,8,3,0.5197670968709279
45,CS-SCSA_PLUS_V3,1335107635767439361,9,4,0.009498078182650919
45,CS-SCSA_PLUS_V3,1174371887159242752,10,4,-0.07619743912636946
46,CS-SCSA_PLUS_V3,1368340015001042945,1,4,0.48045462797785105
46,CS-SCSA_PLUS_V3,1369593103208886276,2,3,0.18388827152773288
46,CS-SCSA_PLUS_V3,1369432600448745472,3,3,0.11869916142756302
46,CS-SCSA_PLUS_V3,1369440894961786880,4,4,0.019781396701429102
46,CS-SCSA_PLUS_V3,1369551925285449729,5,3,0.003226508977230178
46,CS-SCSA_PLUS_V3,1369498268011552768,6,3,-0.03193836855610106
46,CS-SCSA_PLUS_V3,1369332242410049546,7,5,-0.045215369386333276
46,CS-SCSA_PLUS_V3,1369121138861891587,8,2,-0.0658485373067556
46,CS-SCSA_PLUS_V3,1369106243755900928,9,3,-0.12299156946818664
46,CS-SCSA_PLUS_V3,1369596392834932746,10,4,-0.1980719017405566
47,CS-SCSA_PLUS_V3,1349775316366090242,1,3,1.3983845777990467
47,CS-SCSA_PLUS_V3,1368487188724350976,2,5,0.4427623356523105
47,CS-SCSA_PLUS_V3,1368234120082554894,3,5,0.3189154606638115
47,CS-SCSA_PLUS_V3,1369347272975282184,4,5,0.21792443443563259
47,CS-SCSA_PLUS_V3,1367862841907294209,5,5,0.1456972781728419
47,CS-SCSA_PLUS_V3,1369397637267488772,6,5,0.11500298563788461
47,CS-SCSA_PLUS_V3,1369411191316025345,7,5,0.09859918499829531
47,CS-SCSA_PLUS_V3,1368174374247923712,8,5,-0.06235122421933022
47,CS-SCSA_PLUS_V3,1369391021642158086,9,5,-0.07944786317849532
47,CS-SCSA_PLUS_V3,1369276490832023555,10,5,-0.16133733241374348
48,CS-SCSA_PLUS_V3,1369456184554569731,1,5,0.47224233359086887
48,CS-SCSA_PLUS_V3,1369321844449361921,2,5,0.4635078398204696
48,CS-SCSA_PLUS_V3,1369570221162459143,3,5,0.3909790389903064
48,CS-SCSA_PLUS_V3,1369489233153515523,4,5,0.3731869142367486
48,CS-SCSA_PLUS_V3,1369460712054153219,5,5,0.3384382029663832
48,CS-SCSA_PLUS_V3,1369528480627650560,6,5,0.18259375864481453
48,CS-SCSA_PLUS_V3,1369570003729649671,7,5,0.16694353423429617
48,CS-SCSA_PLUS_V3,1369592804683419651,8,5,0.11428933065332877
48,CS-SCSA_PLUS_V3,1369294887481450502,9,5,0.03948785392830083
48,CS-SCSA_PLUS_V3,1369517501248372738,10,5,-0.06472333076443929
49,CS-SCSA_PLUS_V3,1259322582949679104,1,5,0.9635536015427733
49,CS-SCSA_PLUS_V3,1306044998408904704,2,5,0.8667614474195778
49,CS-SCSA_PLUS_V3,1183046883347841024,3,5,0.8206253896320882
49,CS-SCSA_PLUS_V3,1368669282452840452,4,2,0.6490323281445243
49,CS-SCSA_PLUS_V3,1184552999428866048,5,5,0.4014128427592429
49,CS-SCSA_PLUS_V3,1316050559518949376,6,5,0.37172726327284833
49,CS-SCSA_PLUS_V3,1273665566763433984,7,5,0.05978632406682982
49,CS-SCSA_PLUS_V3,1368483092252401666,8,5,-0.03763576684442329
49,CS-SCSA_PLUS_V3,1271193376147177472,9,5,-0.060371552333518305
49,CS-SCSA_PLUS_V3,1334926517722378242,10,3,-0.07981976932334789
50,CS-SCSA_PLUS_V3,1368697794417065992,1,4,1.4674648327816822
50,CS-SCSA_PLUS_V3,1369189230489001991,2,4,0.3768470211897848
50,CS-SCSA_PLUS_V3,1369430517381267460,3,3,0.2269444909116322
50,CS-SCSA_PLUS_V3,1369617901678964736,4,3,0.21041627234312518
50,CS-SCSA_PLUS_V3,1369266567423397891,5,4,0.13360936959858138
50,CS-SCSA_PLUS_V3,1369425009303822344,6,4,0.09667557140707514
50,CS-SCSA_PLUS_V3,1369469059427893249,7,4,0.06104255594515609
50,CS-SCSA_PLUS_V3,1369596898127077379,8,2,-0.014392099901169159
50,CS-SCSA_PLUS_V3,1369569992732250114,9,4,-0.02570996022254665
50,CS-SCSA_PLUS_V3,1369559628183445504,10,3,-0.08009149636217802
51,CS-SCSA_PLUS_V3,1330194382914514949,1,5,0.9254944080618279
51,CS-SCSA_PLUS_V3,1366830686498217984,2,5,0.5696675407317507
51,CS-SCSA_PLUS_V3,1366768521854656512,3,5,0.5667452174688474
51,CS-SCSA_PLUS_V3,1327280720084164608,4,3,0.48000729605806475
51,CS-SCSA_PLUS_V3,1369056709117808640,5,5,0.4066134640502842
51,CS-SCSA_PLUS_V3,1315366562069700616,6,2,0.19446530693457476
51,CS-SCSA_PLUS_V3,1328413175620964353,7,5,0.07913826628210373
51,CS-SCSA_PLUS_V3,1368751184434040836,8,3,0.06551013589944085
51,CS-SCSA_PLUS_V3,1368747076528578560,9,3,0.04081914512664567
51,CS-SCSA_PLUS_V3,1367197078829506565,10,5,-0.05720490895672967
53,CS-SCSA_PLUS_V3,1369459006129930241,1,1,0.8662783947810586
53,CS-SCSA_PLUS_V3,1367212776641359872,2,1,0.6270595192321966
53,CS-SCSA_PLUS_V3,1369050447797907460,3,1,0.45422754941351035
53,CS-SCSA_PLUS_V3,1366827740175896578,4,1,0.430334449254436
53,CS-SCSA_PLUS_V3,1361767244125110275,5,1,0.25382584027447247
53,CS-SCSA_PLUS_V3,1367912923641737216,6,1,0.2188091883310141
53,CS-SCSA_PLUS_V3,1367243228701892609,7,1,0.1436344503737333
53,CS-SCSA_PLUS_V3,1365708399791505416,8,1,0.07665027596227203
53,CS-SCSA_PLUS_V3,1366209721124839425,9,2,-0.02530116693105335
53,CS-SCSA_PLUS_V3,1368614821147598851,10,1,-0.1431044692260159
54,CS-SCSA_PLUS_V3,1369459006129930241,1,2,0.8662783947810586
54,CS-SCSA_PLUS_V3,1367837304509915140,2,5,0.7909574732569178
54,CS-SCSA_PLUS_V3,1367532286359445510,3,2,0.5774278313472987
54,CS-SCSA_PLUS_V3,1367548427370786816,4,5,0.5390099549784602
54,CS-SCSA_PLUS_V3,1369050447797907460,5,2,0.45422754941351035
54,CS-SCSA_PLUS_V3,1326615477037142016,6,2,0.3345585137302833
54,CS-SCSA_PLUS_V3,1366425498226593793,7,3,0.3180303994762725
54,CS-SCSA_PLUS_V3,1367243228701892609,8,5,0.1436344503737333
54,CS-SCSA_PLUS_V3,1277164459446931456,9,2,0.08299987290307156
54,CS-SCSA_PLUS_V3,1368614821147598851,10,1,-0.1431044692260159
55,CS-SCSA_PLUS_V3,1367288053547626496,1,5,0.8670184541289501
55,CS-SCSA_PLUS_V3,1367842722678247427,2,5,0.6977917731023316
55,CS-SCSA_PLUS_V3,1367266920689459202,3,5,0.5690650932109932
55,CS-SCSA_PLUS_V3,1299755874915942401,4,5,0.5475151237899617
55,CS-SCSA_PLUS_V3,1369343726611529728,5,5,0.4700464564672117
55,CS-SCSA_PLUS_V3,1251269832122777600,6,5,0.4084397195996288
55,CS-SCSA_PLUS_V3,1366585340849491972,7,5,0.23146184427738764
55,CS-SCSA_PLUS_V3,1367862841907294209,8,5,0.1456972781728419
55,CS-SCSA_PLUS_V3,1366604627689496580,9,5,0.047319402877391115
55,CS-SCSA_PLUS_V3,1368174374247923712,10,5,-0.06235122421933022
57,CS-SCSA_PLUS_V3,1369569728541425667,1,4,0.4529669167698001
57,CS-SCSA_PLUS_V3,1369423783086460937,2,3,0.31808447078727453
57,CS-SCSA_PLUS_V3,1369595394045444097,3,3,0.17423122017253895
57,CS-SCSA_PLUS_V3,1369560664142970881,4,4,0.12754701351039235
57,CS-SCSA_PLUS_V3,1369433577339957248,5,4,0.12230756344846473
57,CS-SCSA_PLUS_V3,1369563665867898882,6,4,0.10514634397501846
57,CS-SCSA_PLUS_V3,1369572554969583617,7,3,0.049364410382247884
57,CS-SCSA_PLUS_V3,1368935548694519808,8,3,0.018770903365961
57,CS-SCSA_PLUS_V3,1369407674366976007,9,1,-0.023751799011779325
57,CS-SCSA_PLUS_V3,1369335967618904068,10,3,-0.15423126270732726
58,CS-SCSA_PLUS_V3,1365436528865005568,1,5,0.5677975291770962
58,CS-SCSA_PLUS_V3,1366889537616498688,2,3,0.42755891774376864
58,CS-SCSA_PLUS_V3,1369090194847186944,3,4,0.3566249805788835
58,CS-SCSA_PLUS_V3,1361311529392623617,4,5,0.2229081064936917
58,CS-SCSA_PLUS_V3,1367536592617959425,5,5,0.20268187309641847
58,CS-SCSA_PLUS_V3,1364274434111062018,6,5,0.08381914915281903
58,CS-SCSA_PLUS_V3,1367973079624876035,7,5,-0.14499368355575878
58,CS-SCSA_PLUS_V3,1365979945470582784,8,5,-0.16846912103424555
58,CS-SCSA_PLUS_V3,1360763643135070209,9,3,-0.17842630371426882
58,CS-SCSA_PLUS_V3,1362410505365839874,10,5,-0.18520340175783762
60,CS-SCSA_PLUS_V3,1368328702002671626,1,5,1.2122592633900864
60,CS-SCSA_PLUS_V3,1367236148385304576,2,5,0.6681125551378407
60,CS-SCSA_PLUS_V3,1365693174493151234,3,5,0.4695007196519576
60,CS-SCSA_PLUS_V3,1151158403135397888,4,5,0.4271609943418033
60,CS-SCSA_PLUS_V3,1353781237882744833,5,5,0.2871773909098441
60,CS-SCSA_PLUS_V3,1365108564679790592,6,5,0.2858116858223705
60,CS-SCSA_PLUS_V3,1340053869758394370,7,5,0.23137999192286415
60,CS-SCSA_PLUS_V3,1145785172069146626,8,5,0.19695577472376866
60,CS-SCSA_PLUS_V3,1366503879983030273,9,5,0.11625737748550502
60,CS-SCSA_PLUS_V3,1367565062328623104,10,5,-0.34678494751102207
61,CS-SCSA_PLUS_V3,1369453567367507968,1,3,1.2662031964330054
61,CS-SCSA_PLUS_V3,1366212322436423682,2,2,0.8156694708948595
61,CS-SCSA_PLUS_V3,1341859235756453889,3,2,0.7625171963233034
61,CS-SCSA_PLUS_V3,1349371181334474754,4,4,0.6059873077512163
61,CS-SCSA_PLUS_V3,1368017377036660737,5,3,0.37671874704650626
61,CS-SCSA_PLUS_V3,1250915381646176262,6,2,0.3738260440379669
61,CS-SCSA_PLUS_V3,1245049389250273280,7,2,0.238332398144209
61,CS-SCSA_PLUS_V3,1261295911185068033,8,5,0.12042880578987217
61,CS-SCSA_PLUS_V3,1357670309525131266,9,1,0.11867564537389286
61,CS-SCSA_PLUS_V3,1368840460198838272,10,1,0.0732682150506076
62,CS-SCSA_PLUS_V3,1337102280059834370,1,3,1.2996015565368961
62,CS-SCSA_PLUS_V3,1357647227808841728,2,3,0.5776498543014293
62,CS-SCSA_PLUS_V3,1326957720759541761,3,4,0.44863961409075187
62,CS-SCSA_PLUS_V3,1359973359568625670,4,3,0.4308209876916427
62,CS-SCSA_PLUS_V3,1359935760627953665,5,3,0.26013742956275493
62,CS-SCSA_PLUS_V3,1369308139158446081,6,3,0.25209754940699736
62,CS-SCSA_PLUS_V3,1366752653401853956,7,5,0.1635277460816408
62,CS-SCSA_PLUS_V3,1365731424322478084,8,5,0.15020216356740462
62,CS-SCSA_PLUS_V3,1352017720578105346,9,1,0.05432717723390107
62,CS-SCSA_PLUS_V3,1319639717906821121,10,3,-0.11467835093155819
63,CS-SCSA_PLUS_V3,1368697794417065992,1,3,1.4674648327816822
63,CS-SCSA_PLUS_V3,1369442906671616001,2,5,0.6405325452375814
63,CS-SCSA_PLUS_V3,1369360371006472195,3,2,0.3679049610089136
63,CS-SCSA_PLUS_V3,1369419121818038275,4,5,0.32158452117851
63,CS-SCSA_PLUS_V3,1369492359243763717,5,2,0.27849207210931515
63,CS-SCSA_PLUS_V3,1369377489030705154,6,1,0.23209348552284148
63,CS-SCSA_PLUS_V3,1369430517381267460,7,3,0.2269444909116322
63,CS-SCSA_PLUS_V3,1369438309643153408,8,5,0.22680047102248657
63,CS-SCSA_PLUS_V3,1369617901678964736,9,5,0.21041627234312518
63,CS-SCSA_PLUS_V3,1369396362840858635,10,2,0.15346838963360207
66,CS-SCSA_PLUS_V3,1364866906658922496,1,3,1.1673438075919402
66,CS-SCSA_PLUS_V3,1356664797979369475,2,4,0.6868911041385992
66,CS-SCSA_PLUS_V3,1314195121861132288,3,4,0.6177791920195228
66,CS-SCSA_PLUS_V3,1361600708764700674,4,5,0.6114061251713059
66,CS-SCSA_PLUS_V3,1366587272477306883,5,5,0.47587664168564364
66,CS-SCSA_PLUS_V3,1359391903838470147,6,3,0.4637202630911505
66,CS-SCSA_PLUS_V3,1358993966020976640,7,3,0.15495020933803064
66,CS-SCSA_PLUS_V3,1329456908726644738,8,3,0.025550020797029543
66,CS-SCSA_PLUS_V3,1329790713039523845,9,5,-0.0006629492233082568
66,CS-SCSA_PLUS_V3,1022134672929816578,10,5,-0.04394478260082622
68,CS-SCSA_PLUS_V3,1337102280059834370,1,4,1.2996015565368961
68,CS-SCSA_PLUS_V3,1332399472039620612,2,5,1.170810074455903
68,CS-SCSA_PLUS_V3,1334601400836354048,3,5,0.7919102711459071
68,CS-SCSA_PLUS_V3,1350865539091066881,4,5,0.5419687210730063
68,CS-SCSA_PLUS_V3,1263620338790944769,5,1,0.4720323174200862
68,CS-SCSA_PLUS_V3,1359973359568625670,6,3,0.4308209876916427
68,CS-SCSA_PLUS_V3,1317126907926773763,7,3,0.32461349595038536
68,CS-SCSA_PLUS_V3,1359935760627953665,8,1,0.26013742956275493
68,CS-SCSA_PLUS_V3,1369308139158446081,9,3,0.25209754940699736
68,CS-SCSA_PLUS_V3,1315101846596272129,10,5,0.24851055926088406
70,CS-SCSA_PLUS_V3,1368604102989541376,1,5,0.6486340332208983
70,CS-SCSA_PLUS_V3,1369589127168073728,2,5,0.5490799607761335
70,CS-SCSA_PLUS_V3,1369469114620731393,3,5,0.46664350906053526
70,CS-SCSA_PLUS_V3,1369465541925175296,4,5,0.268748770219107
70,CS-SCSA_PLUS_V3,1369547940017147907,5,4,0.2527949272337142
70,CS-SCSA_PLUS_V3,1369408111698673675,6,5,0.2260846055536236
70,CS-SCSA_PLUS_V3,1369352315698872325,7,4,0.03459047412091537
70,CS-SCSA_PLUS_V3,1369445460163915780,8,4,0.014377184971142286
70,CS-SCSA_PLUS_V3,1369269245704630276,9,5,-0.0739296154432546
70,CS-SCSA_PLUS_V3,1369450685708857348,10,4,-0.1252060503839248
71,CS-SCSA_PLUS_V3,1337102280059834370,1,3,1.2996015565368961
71,CS-SCSA_PLUS_V3,1363172378843389952,2,3,0.7082252878400542
71,CS-SCSA_PLUS_V3,1357647227808841728,3,4,0.5776498543014293
71,CS-SCSA_PLUS_V3,1326957720759541761,4,5,0.44863961409075187
71,CS-SCSA_PLUS_V3,1362902698585071617,5,3,0.4133535361124164
71,CS-SCSA_PLUS_V3,1369308139158446081,6,2,0.25209754940699736
71,CS-SCSA_PLUS_V3,1363914797335543811,7,2,0.163974113843688
71,CS-SCSA_PLUS_V3,1358898413136396288,8,3,0.15293824755424998
71,CS-SCSA_PLUS_V3,1337104278398382087,9,5,0.06484412755683738
71,CS-SCSA_PLUS_V3,1319639717906821121,10,2,-0.11467835093155819
72,CS-SCSA_PLUS_V3,1369286911391637513,1,3,0.6091440104781061
72,CS-SCSA_PLUS_V3,1369552724228980736,2,4,0.36149087995903856
72,CS-SCSA_PLUS_V3,1369389341445873676,3,3,0.3369838202962381
72,CS-SCSA_PLUS_V3,1370134342106804226,4,2,0.23739136001324196
72,CS-SCSA_PLUS_V3,1365338574908891138,5,4,0.2290706432218775
72,CS-SCSA_PLUS_V3,1369285101100691456,6,4,0.20589360451414784
72,CS-SCSA_PLUS_V3,1363878818100875267,7,4,0.10683902051643863
72,CS-SCSA_PLUS_V3,1369435367892455435,8,3,0.05112466595438518
72,CS-SCSA_PLUS_V3,1369611540475895810,9,4,0.005879277099163804
72,CS-SCSA_PLUS_V3,1369533353930727426,10,2,-0.14138038629063635
73,CS-SCSA_PLUS_V3,1368969473651261440,1,3,0.6537924614689571
73,CS-SCSA_PLUS_V3,1365259500064804866,2,4,0.267185541999157
73,CS-SCSA_PLUS_V3,1369045377417162761,3,5,0.2466883693691121
73,CS-SCSA_PLUS_V3,1366828167936237575,4,4,0.12215048464661096
73,CS-SCSA_PLUS_V3,1369392703054708740,5,3,0.09589889914988645
73,CS-SCSA_PLUS_V3,1366730304740872194,6,3,0.013031272022245854
73,CS-SCSA_PLUS_V3,1369287711480221698,7,4,-0.026176056254892006
73,CS-SCSA_PLUS_V3,1358797009164111874,8,5,-0.07472100634452944
73,CS-SCSA_PLUS_V3,1366447180521816066,9,3,-0.14912002651133804
73,CS-SCSA_PLUS_V3,1369352282937065472,10,5,-0.253114783698945
74,CS-SCSA_PLUS_V3,1369063128269479936,1,2,0.6754588620488793
74,CS-SCSA_PLUS_V3,1369589858763673606,2,2,0.368554271698691
74,CS-SCSA_PLUS_V3,1370053184589299724,3,4,0.3446782906762564
74,CS-SCSA_PLUS_V3,1369600439239458820,4,2,0.056328781486681356
74,CS-SCSA_PLUS_V3,1369337073463885828,5,2,0.040872032284689774
74,CS-SCSA_PLUS_V3,1369563595978252291,6,1,0.02929737456904101
74,CS-SCSA_PLUS_V3,1369538190827270145,7,2,-0.010891893305301482
74,CS-SCSA_PLUS_V3,1369396337469501452,8,2,-0.023093971371138625
74,CS-SCSA_PLUS_V3,1369264726656638979,9,2,-0.04060813021931907
74,CS-SCSA_PLUS_V3,1369538553219325952,10,1,-0.08040824709420585
76,CS-SCSA_PLUS_V3,1358058477785120769,1,1,4.9587652936121165
76,CS-SCSA_PLUS_V3,1334724211689074688,2,2,2.1150355594615027
76,CS-SCSA_PLUS_V3,1354658220585922565,3,2,1.70021567886936
76,CS-SCSA_PLUS_V3,1318996052049973248,4,2,0.9905715870396281
76,CS-SCSA_PLUS_V3,1332420899471990786,5,3,0.9433176660466049
76,CS-SCSA_PLUS_V3,1268243264156524544,6,3,0.712588710682497
76,CS-SCSA_PLUS_V3,1316909183225286657,7,3,0.6903120620978058
76,CS-SCSA_PLUS_V3,1290389884927000582,8,1,0.6806624866679536
76,CS-SCSA_PLUS_V3,1363674987626856448,9,2,0.6776904869700674
76,CS-SCSA_PLUS_V3,1334706123971162115,10,3,0.6238902322690787
77,CS-SCSA_PLUS_V3,1369521918412472320,1,2,0.46258862029463804
77,CS-SCSA_PLUS_V3,1368999972792844292,2,4,0.40346373666915303
77,CS-SCSA_PLUS_V3,1352922753565863936,3,3,0.3398836293321881
77,CS-SCSA_PLUS_V3,1369181189932777474,4,2,0.3195671947863752
77,CS-SCSA_PLUS_V3,1367625947462184961,5,3,0.21226166053408027
77,CS-SCSA_PLUS_V3,1369499281833537540,6,2,0.17605037837475282
77,CS-SCSA_PLUS_V3,1363322581076619265,7,5,0.1097665542775374
77,CS-SCSA_PLUS_V3,1361209516277174279,8,4,0.104497670785204
77,CS-SCSA_PLUS_V3,1329140321402445824,9,3,0.0587226636762031
77,CS-SCSA_PLUS_V3,1349357033301159936,10,3,0.014452659435681942
78,CS-SCSA_PLUS_V3,1368236771671162881,1,1,1.973521954250748
78,CS-SCSA_PLUS_V3,1367172928295628802,2,1,0.602374607002551
78,CS-SCSA_PLUS_V3,1366967661754675207,3,4,0.5714839374808596
78,CS-SCSA_PLUS_V3,1366848285361717252,4,2,0.3665769544276916
78,CS-SCSA_PLUS_V3,1367535310733680640,5,2,0.1439755898049338
78,CS-SCSA_PLUS_V3,1367616598727614473,6,2,0.10308047591974921
78,CS-SCSA_PLUS_V3,1368218004861911049,7,1,0.0926081287762602
78,CS-SCSA_PLUS_V3,1368984926410989569,8,1,0.05217272036913846
78,CS-SCSA_PLUS_V3,1367327155667935236,9,1,0.010985847409487298
78,CS-SCSA_PLUS_V3,1367296657705099264,10,3,-0.11792011777437499
79,CS-SCSA_PLUS_V3,1367702233853259783,1,2,2.57440646025771
79,CS-SCSA_PLUS_V3,1212045448812417030,2,5,0.5769882906158283
79,CS-SCSA_PLUS_V3,1324444938923175936,3,2,0.5682102931511832
79,CS-SCSA_PLUS_V3,1263620338790944769,4,3,0.4720323174200862
79,CS-SCSA_PLUS_V3,1357083144407552000,5,5,0.39059807524081663
79,CS-SCSA_PLUS_V3,1322265461359316992,6,2,0.2680009362055769
79,CS-SCSA_PLUS_V3,1330266160202477577,7,3,0.1357650882423964
79,CS-SCSA_PLUS_V3,1319321276171759617,8,3,0.09789609817554298
79,CS-SCSA_PLUS_V3,1345783947607867393,9,2,0.04543959405041911
79,CS-SCSA_PLUS_V3,1355379018791591936,10,3,0.03685508758080541
81,CS-SCSA_PLUS_V3,1313215942826967040,1,5,1.2288050187652844
81,CS-SCSA_PLUS_V3,1366854672955240450,2,5,1.029046115371741
81,CS-SCSA_PLUS_V3,1367548056628039684,3,5,0.5801186201914604
81,CS-SCSA_PLUS_V3,1368487188724350976,4,5,0.4427623356523105
81,CS-SCSA_PLUS_V3,1367703501367771141,5,5,0.33197255241263135
81,CS-SCSA_PLUS_V3,1368234120082554894,6,5,0.3189154606638115
81,CS-SCSA_PLUS_V3,1361801412741529606,7,5,0.18446420680758133
81,CS-SCSA_PLUS_V3,1368939918727278599,8,5,0.17010523188525817
81,CS-SCSA_PLUS_V3,1367862841907294209,9,5,0.1456972781728419
81,CS-SCSA_PLUS_V3,1368174374247923712,10,5,-0.06235122421933022
1,SC-STATE_ART,1317842770816602114,1,3,-0.012647848419380605
1,SC-STATE_ART,1336810117057179649,2,3,-0.11385006520257479
1,SC-STATE_ART,1344689933978656771,3,5,-0.12690558993515466
1,SC-STATE_ART,1369325020258983936,4,5,-0.1384317847683292
1,SC-STATE_ART,1336964656792035329,5,2,-0.14023695875293207
1,SC-STATE_ART,1365315820080009221,6,4,-0.1405406542759533
1,SC-STATE_ART,1369441796925886465,7,3,-0.15743537047928802
1,SC-STATE_ART,1369375444793954323,8,5,-0.158221370759571
1,SC-STATE_ART,1369400194513723396,9,4,-0.16003039471600533
1,SC-STATE_ART,1365327872643260420,10,1,-0.1623579599275923
2,SC-STATE_ART,1362074171832958980,1,3,-0.14544836800752695
2,SC-STATE_ART,1369441796925886465,2,2,-0.15743537047928802
2,SC-STATE_ART,1369375444793954323,3,3,-0.158221370759571
2,SC-STATE_ART,1362085735063572482,4,3,-0.15868617340593824
2,SC-STATE_ART,1369048387815899139,5,2,-0.15929802066937204
2,SC-STATE_ART,1359577321695547392,6,3,-0.1599066147603767
2,SC-STATE_ART,1369400194513723396,7,4,-0.16003039471600533
2,SC-STATE_ART,1369614175048249346,8,4,-0.16028890952435781
2,SC-STATE_ART,1369355243406954501,9,2,-0.16119039123784681
2,SC-STATE_ART,1362776603047165957,10,2,-0.1616210752921332
3,SC-STATE_ART,1364666742916583427,1,3,-0.13030259051523496
3,SC-STATE_ART,1369325020258983936,2,3,-0.1384317847683292
3,SC-STATE_ART,1365315820080009221,3,4,-0.1405406542759533
3,SC-STATE_ART,1367521202042933249,4,5,-0.15300631426322778
3,SC-STATE_ART,1367300793485828097,5,3,-0.15860056222685429
3,SC-STATE_ART,1303249708169613313,6,2,-0.16019305083330923
3,SC-STATE_ART,1367237010608431106,7,3,-0.16228613794792768
3,SC-STATE_ART,1366443197166096385,8,4,-0.1624720926413561
3,SC-STATE_ART,1369075493753020420,9,2,-0.16268443983927036
3,SC-STATE_ART,1369075561981566976,10,2,-0.16275602801691258
4,SC-STATE_ART,1369441796925886465,1,3,-0.15743537047928802
4,SC-STATE_ART,1369375444793954323,2,5,-0.158221370759571
4,SC-STATE_ART,1369048387815899139,3,5,-0.15929802066937204
4,SC-STATE_ART,1369400194513723396,4,5,-0.16003039471600533
4,SC-STATE_ART,1369355243406954501,5,5,-0.16119039123784681
4,SC-STATE_ART,1362776603047165957,6,5,-0.1616210752921332
4,SC-STATE_ART,1349377838722519040,7,2,-0.1617505457339032
4,SC-STATE_ART,1354011094751260673,8,4,-0.16192064545861493
4,SC-STATE_ART,1349380288783253504,9,2,-0.1619251796950947
4,SC-STATE_ART,1353672852747284480,10,4,-0.16236036771834148
5,SC-STATE_ART,1362074171832958980,1,3,-0.14544836800752695
5,SC-STATE_ART,1369441796925886465,2,5,-0.15743537047928802
5,SC-STATE_ART,1369375444793954323,3,5,-0.158221370759571
5,SC-STATE_ART,1362085735063572482,4,1,-0.15868617340593824
5,SC-STATE_ART,1369048387815899139,5,4,-0.15929802066937204
5,SC-STATE_ART,1359577321695547392,6,1,-0.1599066147603767
5,SC-STATE_ART,1369400194513723396,7,5,-0.16003039471600533
5,SC-STATE_ART,1369614175048249346,8,4,-0.16028890952435781
5,SC-STATE_ART,1369355243406954501,9,5,-0.16119039123784681
5,SC-STATE_ART,1362776603047165957,10,5,-0.1616210752921332
6,SC-STATE_ART,1362083047785439239,1,4,1.9782493142553246
6,SC-STATE_ART,1337020338916499463,2,2,1.7528845407177986
6,SC-STATE_ART,1294010972055592962,3,3,0.2819856467928434
6,SC-STATE_ART,1331748997124534274,4,4,0.04266400795091706
6,SC-STATE_ART,1317842770816602114,5,5,-0.012647848419380605
6,SC-STATE_ART,1355167587638906880,6,3,-0.08137949488613379
6,SC-STATE_ART,1344689933978656771,7,4,-0.12690558993515466
6,SC-STATE_ART,1369311531360518146,8,5,-0.16217802858925454
6,SC-STATE_ART,1369298875719311360,9,5,-0.1624780879287033
6,SC-STATE_ART,1369405604595400711,10,5,-0.16259998657761504
7,SC-STATE_ART,1336810117057179649,1,4,-0.11385006520257479
7,SC-STATE_ART,1368909409775149064,2,4,-0.12097280555960736
7,SC-STATE_ART,1369325020258983936,3,3,-0.1384317847683292
7,SC-STATE_ART,1336964656792035329,4,3,-0.14023695875293207
7,SC-STATE_ART,1365315820080009221,5,4,-0.1405406542759533
7,SC-STATE_ART,1337318168277241857,6,3,-0.1444666671088421
7,SC-STATE_ART,1367462925250818061,7,5,-0.1561974805081122
7,SC-STATE_ART,1368932010971004931,8,4,-0.1613441685603854
7,SC-STATE_ART,1362776603047165957,9,4,-0.1616210752921332
7,SC-STATE_ART,1365327872643260420,10,4,-0.1623579599275923
8,SC-STATE_ART,1362083047785439239,1,4,1.9782493142553246
8,SC-STATE_ART,1337020338916499463,2,4,1.7528845407177986
8,SC-STATE_ART,1337022746824499203,3,4,1.522513486320188
8,SC-STATE_ART,1337021907464499204,4,4,1.0137618845538725
8,SC-STATE_ART,1334711453211889665,5,4,0.4442273377518687
8,SC-STATE_ART,1294010972055592962,6,4,0.2819856467928434
8,SC-STATE_ART,1331748997124534274,7,4,0.04266400795091706
8,SC-STATE_ART,1334726779903168512,8,4,0.010746085475311733
8,SC-STATE_ART,1355167587638906880,9,4,-0.08137949488613379
8,SC-STATE_ART,1350483251291451392,10,5,-0.14289182958675023
9,SC-STATE_ART,1095067826061262848,1,1,6.573077989097101
9,SC-STATE_ART,1273231711908872193,2,1,2.581129894904356
9,SC-STATE_ART,1182112257708306433,3,1,-0.04383045009819281
9,SC-STATE_ART,1350483251291451392,4,5,-0.14289182958675023
9,SC-STATE_ART,1336059119174897665,5,4,-0.1529007931665888
9,SC-STATE_ART,1366561763962073092,6,1,-0.15708429440322777
9,SC-STATE_ART,1359597695548153864,7,4,-0.1601442970151674
9,SC-STATE_ART,1338584496489172992,8,3,-0.16119365438446756
9,SC-STATE_ART,1365320876510560258,9,4,-0.1618194753125917
9,SC-STATE_ART,1364683920965578753,10,1,-0.1627716157699001
10,SC-STATE_ART,1336810117057179649,1,4,-0.11385006520257479
10,SC-STATE_ART,1368909409775149064,2,5,-0.12097280555960736
10,SC-STATE_ART,1369325020258983936,3,4,-0.1384317847683292
10,SC-STATE_ART,1336964656792035329,4,4,-0.14023695875293207
10,SC-STATE_ART,1365315820080009221,5,4,-0.1405406542759533
10,SC-STATE_ART,1350483251291451392,6,5,-0.14289182958675023
10,SC-STATE_ART,1337318168277241857,7,3,-0.1444666671088421
10,SC-STATE_ART,1367462925250818061,8,4,-0.1561974805081122
10,SC-STATE_ART,1368932010971004931,9,5,-0.1613441685603854
10,SC-STATE_ART,1365327872643260420,10,3,-0.1623579599275923
11,SC-STATE_ART,1362083047785439239,1,5,1.9782493142553246
11,SC-STATE_ART,1362083047785439239,2,5,1.9782493142553246
11,SC-STATE_ART,1337020338916499463,3,3,1.7528845407177986
11,SC-STATE_ART,1337020338916499463,4,5,1.7528845407177986
11,SC-STATE_ART,1337022746824499203,5,5,1.522513486320188
11,SC-STATE_ART,1337022746824499203,6,5,1.522513486320188
11,SC-STATE_ART,1337021907464499204,7,5,1.0137618845538725
11,SC-STATE_ART,1337021907464499204,8,5,1.0137618845538725
11,SC-STATE_ART,1334711453211889665,9,3,0.4442273377518687
11,SC-STATE_ART,1294010972055592962,10,5,0.2819856467928434
12,SC-STATE_ART,1301164188136431616,1,5,0.7709524433678134
12,SC-STATE_ART,1365109273240473600,2,3,0.01548233889198566
12,SC-STATE_ART,1361511252103729153,3,5,-0.14729897978002646
12,SC-STATE_ART,1349749578095075328,4,5,-0.16129089510476388
12,SC-STATE_ART,1361586402484514816,5,2,-0.16152731628349717
12,SC-STATE_ART,1361853779025403905,6,2,-0.16192560642696516
12,SC-STATE_ART,1366197120064192513,7,5,-0.16212177210362202
12,SC-STATE_ART,1361857937518465025,8,5,-0.1622675017795243
12,SC-STATE_ART,1366910062711685124,9,5,-0.16241441153439715
12,SC-STATE_ART,1365037827298238464,10,2,-0.1625495227459047
13,SC-STATE_ART,1365113385658970113,1,1,-0.018059530576186728
13,SC-STATE_ART,1336810117057179649,2,4,-0.11385006520257479
13,SC-STATE_ART,1369325020258983936,3,4,-0.1384317847683292
13,SC-STATE_ART,1336964656792035329,4,1,-0.14023695875293207
13,SC-STATE_ART,1365315820080009221,5,4,-0.1405406542759533
13,SC-STATE_ART,1337318168277241857,6,1,-0.1444666671088421
13,SC-STATE_ART,1366167129754537984,7,2,-0.16121432575915334
13,SC-STATE_ART,1362776603047165957,8,2,-0.1616210752921332
13,SC-STATE_ART,1363551492486008834,9,1,-0.1622242890101785
13,SC-STATE_ART,1365327872643260420,10,1,-0.1623579599275923
15,SC-STATE_ART,1301164188136431616,1,3,0.7709524433678134
15,SC-STATE_ART,1365109273240473600,2,3,0.01548233889198566
15,SC-STATE_ART,1365113385658970113,3,3,-0.018059530576186728
15,SC-STATE_ART,1366121589478154243,4,4,-0.09234531722239857
15,SC-STATE_ART,1361511252103729153,5,5,-0.14729897978002646
15,SC-STATE_ART,1366167129754537984,6,4,-0.16121432575915334
15,SC-STATE_ART,1349749578095075328,7,3,-0.16129089510476388
15,SC-STATE_ART,1361586402484514816,8,3,-0.16152731628349717
15,SC-STATE_ART,1361853779025403905,9,5,-0.16192560642696516
15,SC-STATE_ART,1361857937518465025,10,3,-0.1622675017795243
16,SC-STATE_ART,1367113993815547906,1,4,-0.029761322530998134
16,SC-STATE_ART,1368245651046207493,2,5,-0.11587668525816505
16,SC-STATE_ART,1368909409775149064,3,2,-0.12097280555960736
16,SC-STATE_ART,1367462925250818061,4,1,-0.1561974805081122
16,SC-STATE_ART,1368580185642110982,5,5,-0.15695435040341854
16,SC-STATE_ART,1366499073671454725,6,2,-0.15879209205277411
16,SC-STATE_ART,1303249708169613313,7,1,-0.16019305083330923
16,SC-STATE_ART,1368932010971004931,8,1,-0.1613441685603854
16,SC-STATE_ART,1319402828285108225,9,1,-0.16190339242230234
16,SC-STATE_ART,1324374402750767104,10,1,-0.16264838872816453
17,SC-STATE_ART,1365113385658970113,1,1,-0.018059530576186728
17,SC-STATE_ART,1336810117057179649,2,2,-0.11385006520257479
17,SC-STATE_ART,1369325020258983936,3,2,-0.1384317847683292
17,SC-STATE_ART,1336964656792035329,4,2,-0.14023695875293207
17,SC-STATE_ART,1365315820080009221,5,2,-0.1405406542759533
17,SC-STATE_ART,1337318168277241857,6,2,-0.1444666671088421
17,SC-STATE_ART,1344784297316786177,7,5,-0.1466207283219629
17,SC-STATE_ART,1366167129754537984,8,1,-0.16121432575915334
17,SC-STATE_ART,1363551492486008834,9,2,-0.1622242890101785
17,SC-STATE_ART,1365327872643260420,10,2,-0.1623579599275923
18,SC-STATE_ART,1273231711908872193,1,3,2.581129894904356
18,SC-STATE_ART,1301164188136431616,2,3,0.7709524433678134
18,SC-STATE_ART,1365109273240473600,3,1,0.01548233889198566
18,SC-STATE_ART,1366121589478154243,4,2,-0.09234531722239857
18,SC-STATE_ART,1344689933978656771,5,3,-0.12690558993515466
18,SC-STATE_ART,1361511252103729153,6,1,-0.14729897978002646
18,SC-STATE_ART,1349749578095075328,7,1,-0.16129089510476388
18,SC-STATE_ART,1361586402484514816,8,1,-0.16152731628349717
18,SC-STATE_ART,1361853779025403905,9,1,-0.16192560642696516
18,SC-STATE_ART,1361857937518465025,10,1,-0.1622675017795243
19,SC-STATE_ART,1369441796925886465,1,4,-0.15743537047928802
19,SC-STATE_ART,1369375444793954323,2,4,-0.158221370759571
19,SC-STATE_ART,1369048387815899139,3,3,-0.15929802066937204
19,SC-STATE_ART,1369400194513723396,4,4,-0.16003039471600533
19,SC-STATE_ART,1369326799709212680,5,4,-0.16154612761383313
19,SC-STATE_ART,1349377838722519040,6,4,-0.1617505457339032
19,SC-STATE_ART,1349380288783253504,7,4,-0.1619251796950947
19,SC-STATE_ART,1369311531360518146,8,4,-0.16217802858925454
19,SC-STATE_ART,1369298875719311360,9,4,-0.1624780879287033
19,SC-STATE_ART,1369405604595400711,10,4,-0.16259998657761504
20,SC-STATE_ART,1317842770816602114,1,3,-0.012647848419380605
20,SC-STATE_ART,1367113993815547906,2,4,-0.029761322530998134
20,SC-STATE_ART,1368909409775149064,3,3,-0.12097280555960736
20,SC-STATE_ART,1344689933978656771,4,2,-0.12690558993515466
20,SC-STATE_ART,1367462925250818061,5,1,-0.1561974805081122
20,SC-STATE_ART,1368580185642110982,6,1,-0.15695435040341854
20,SC-STATE_ART,1366499073671454725,7,3,-0.15879209205277411
20,SC-STATE_ART,1368932010971004931,8,2,-0.1613441685603854
20,SC-STATE_ART,1362776603047165957,9,5,-0.1616210752921332
20,SC-STATE_ART,1354118501653483523,10,1,-0.1626934571397117
21,SC-STATE_ART,1317842770816602114,1,5,-0.012647848419380605
21,SC-STATE_ART,1344689933978656771,2,2,-0.12690558993515466
21,SC-STATE_ART,1364666742916583427,3,3,-0.13030259051523496
21,SC-STATE_ART,1369325020258983936,4,2,-0.1384317847683292
21,SC-STATE_ART,1365315820080009221,5,2,-0.1405406542759533
21,SC-STATE_ART,1367521202042933249,6,5,-0.15300631426322778
21,SC-STATE_ART,1367300793485828097,7,5,-0.15860056222685429
21,SC-STATE_ART,1366443197166096385,8,1,-0.1624720926413561
21,SC-STATE_ART,1369075493753020420,9,4,-0.16268443983927036
21,SC-STATE_ART,1369075561981566976,10,4,-0.16275602801691258
22,SC-STATE_ART,1364666742916583427,1,3,-0.13030259051523496
22,SC-STATE_ART,1368641210533830657,2,5,-0.1492307220489527
22,SC-STATE_ART,1367521202042933249,3,5,-0.15300631426322778
22,SC-STATE_ART,1369375444793954323,4,5,-0.158221370759571
22,SC-STATE_ART,1367300793485828097,5,3,-0.15860056222685429
22,SC-STATE_ART,1362776603047165957,6,3,-0.1616210752921332
22,SC-STATE_ART,1367237010608431106,7,3,-0.16228613794792768
22,SC-STATE_ART,1366443197166096385,8,2,-0.1624720926413561
22,SC-STATE_ART,1369075493753020420,9,5,-0.16268443983927036
22,SC-STATE_ART,1369075561981566976,10,5,-0.16275602801691258
23,SC-STATE_ART,1362083047785439239,1,3,1.9782493142553246
23,SC-STATE_ART,1337020338916499463,2,3,1.7528845407177986
23,SC-STATE_ART,1337022746824499203,3,3,1.522513486320188
23,SC-STATE_ART,1337021907464499204,4,3,1.0137618845538725
23,SC-STATE_ART,1334711453211889665,5,3,0.4442273377518687
23,SC-STATE_ART,1294010972055592962,6,3,0.2819856467928434
23,SC-STATE_ART,1331748997124534274,7,3,0.04266400795091706
23,SC-STATE_ART,1334726779903168512,8,3,0.010746085475311733
23,SC-STATE_ART,1355167587638906880,9,3,-0.08137949488613379
23,SC-STATE_ART,1350483251291451392,10,5,-0.14289182958675023
24,SC-STATE_ART,1364607745270423556,1,4,0.15814341714407787
24,SC-STATE_ART,1336810117057179649,2,2,-0.11385006520257479
24,SC-STATE_ART,1369325020258983936,3,5,-0.1384317847683292
24,SC-STATE_ART,1336964656792035329,4,2,-0.14023695875293207
24,SC-STATE_ART,1365315820080009221,5,4,-0.1405406542759533
24,SC-STATE_ART,1337318168277241857,6,3,-0.1444666671088421
24,SC-STATE_ART,1346517996760666117,7,5,-0.15941689388901223
24,SC-STATE_ART,1362776603047165957,8,5,-0.1616210752921332
24,SC-STATE_ART,1363551492486008834,9,4,-0.1622242890101785
24,SC-STATE_ART,1365327872643260420,10,4,-0.1623579599275923
25,SC-STATE_ART,1369441796925886465,1,5,-0.15743537047928802
25,SC-STATE_ART,1369375444793954323,2,5,-0.158221370759571
25,SC-STATE_ART,1369048387815899139,3,5,-0.15929802066937204
25,SC-STATE_ART,1369400194513723396,4,5,-0.16003039471600533
25,SC-STATE_ART,1369355243406954501,5,5,-0.16119039123784681
25,SC-STATE_ART,1362776603047165957,6,5,-0.1616210752921332
25,SC-STATE_ART,1349377838722519040,7,1,-0.1617505457339032
25,SC-STATE_ART,1354011094751260673,8,4,-0.16192064545861493
25,SC-STATE_ART,1349380288783253504,9,1,-0.1619251796950947
25,SC-STATE_ART,1353672852747284480,10,4,-0.16236036771834148
26,SC-STATE_ART,1350483251291451392,1,4,-0.14289182958675023
26,SC-STATE_ART,1342062601535164416,2,3,-0.14950298212288118
26,SC-STATE_ART,1336059119174897665,3,3,-0.1529007931665888
26,SC-STATE_ART,1359597695548153864,4,4,-0.1601442970151674
26,SC-STATE_ART,1369614175048249346,5,4,-0.16028890952435781
26,SC-STATE_ART,1362776603047165957,6,4,-0.1616210752921332
26,SC-STATE_ART,1349377838722519040,7,4,-0.1617505457339032
26,SC-STATE_ART,1354011094751260673,8,4,-0.16192064545861493
26,SC-STATE_ART,1349380288783253504,9,4,-0.1619251796950947
26,SC-STATE_ART,1353672852747284480,10,3,-0.16236036771834148
27,SC-STATE_ART,1369441796925886465,1,5,-0.15743537047928802
27,SC-STATE_ART,1369375444793954323,2,5,-0.158221370759571
27,SC-STATE_ART,1369048387815899139,3,4,-0.15929802066937204
27,SC-STATE_ART,1369400194513723396,4,5,-0.16003039471600533
27,SC-STATE_ART,1369355243406954501,5,5,-0.16119039123784681
27,SC-STATE_ART,1362776603047165957,6,5,-0.1616210752921332
27,SC-STATE_ART,1349377838722519040,7,5,-0.1617505457339032
27,SC-STATE_ART,1354011094751260673,8,5,-0.16192064545861493
27,SC-STATE_ART,1349380288783253504,9,5,-0.1619251796950947
27,SC-STATE_ART,1353672852747284480,10,3,-0.16236036771834148
28,SC-STATE_ART,1317842770816602114,1,3,-0.012647848419380605
28,SC-STATE_ART,1336810117057179649,2,3,-0.11385006520257479
28,SC-STATE_ART,1344689933978656771,3,1,-0.12690558993515466
28,SC-STATE_ART,1369325020258983936,4,1,-0.1384317847683292
28,SC-STATE_ART,1336964656792035329,5,1,-0.14023695875293207
28,SC-STATE_ART,1365315820080009221,6,1,-0.1405406542759533
28,SC-STATE_ART,1350483251291451392,7,5,-0.14289182958675023
28,SC-STATE_ART,1337318168277241857,8,1,-0.1444666671088421
28,SC-STATE_ART,1365327872643260420,9,1,-0.1623579599275923
28,SC-STATE_ART,1354118501653483523,10,1,-0.1626934571397117
29,SC-STATE_ART,1362083047785439239,1,5,1.9782493142553246
29,SC-STATE_ART,1337020338916499463,2,3,1.7528845407177986
29,SC-STATE_ART,1364666742916583427,3,5,-0.13030259051523496
29,SC-STATE_ART,1367521202042933249,4,4,-0.15300631426322778
29,SC-STATE_ART,1367300793485828097,5,4,-0.15860056222685429
29,SC-STATE_ART,1248277743118086144,6,3,-0.16153625806373478
29,SC-STATE_ART,1248251408333172738,7,3,-0.16255368357427188
29,SC-STATE_ART,1369075493753020420,8,5,-0.16268443983927036
29,SC-STATE_ART,1369075561981566976,9,5,-0.16275602801691258
29,SC-STATE_ART,1369169111478005763,10,3,-0.163016326348334
30,SC-STATE_ART,1364666742916583427,1,3,-0.13030259051523496
30,SC-STATE_ART,1368641210533830657,2,4,-0.1492307220489527
30,SC-STATE_ART,1367521202042933249,3,4,-0.15300631426322778
30,SC-STATE_ART,1367300793485828097,4,3,-0.15860056222685429
30,SC-STATE_ART,1362776603047165957,5,4,-0.1616210752921332
30,SC-STATE_ART,1367237010608431106,6,2,-0.16228613794792768
30,SC-STATE_ART,1366443197166096385,7,2,-0.1624720926413561
30,SC-STATE_ART,1369075493753020420,8,4,-0.16268443983927036
30,SC-STATE_ART,1369075561981566976,9,4,-0.16275602801691258
30,SC-STATE_ART,1369034842222985216,10,4,-0.16285972135834859
31,SC-STATE_ART,1336810117057179649,1,4,-0.11385006520257479
31,SC-STATE_ART,1369325020258983936,2,3,-0.1384317847683292
31,SC-STATE_ART,1336964656792035329,3,3,-0.14023695875293207
31,SC-STATE_ART,1365315820080009221,4,4,-0.1405406542759533
31,SC-STATE_ART,1337318168277241857,5,5,-0.1444666671088421
31,SC-STATE_ART,1283912982200631298,6,3,-0.1507222759617388
31,SC-STATE_ART,1318667750408036352,7,2,-0.15914967195903287
31,SC-STATE_ART,1362776603047165957,8,5,-0.1616210752921332
31,SC-STATE_ART,1363551492486008834,9,2,-0.1622242890101785
31,SC-STATE_ART,1365327872643260420,10,3,-0.1623579599275923
32,SC-STATE_ART,1362074171832958980,1,1,-0.14544836800752695
32,SC-STATE_ART,1369441796925886465,2,2,-0.15743537047928802
32,SC-STATE_ART,1369375444793954323,3,3,-0.158221370759571
32,SC-STATE_ART,1362085735063572482,4,2,-0.15868617340593824
32,SC-STATE_ART,1369048387815899139,5,2,-0.15929802066937204
32,SC-STATE_ART,1359577321695547392,6,1,-0.1599066147603767
32,SC-STATE_ART,1369400194513723396,7,2,-0.16003039471600533
32,SC-STATE_ART,1369614175048249346,8,3,-0.16028890952435781
32,SC-STATE_ART,1369355243406954501,9,1,-0.16119039123784681
32,SC-STATE_ART,1362776603047165957,10,2,-0.1616210752921332
33,SC-STATE_ART,1369441796925886465,1,4,-0.15743537047928802
33,SC-STATE_ART,1369375444793954323,2,4,-0.158221370759571
33,SC-STATE_ART,1369048387815899139,3,4,-0.15929802066937204
33,SC-STATE_ART,1369400194513723396,4,4,-0.16003039471600533
33,SC-STATE_ART,1369355243406954501,5,3,-0.16119039123784681
33,SC-STATE_ART,1369326799709212680,6,2,-0.16154612761383313
33,SC-STATE_ART,1362776603047165957,7,3,-0.1616210752921332
33,SC-STATE_ART,1369311531360518146,8,4,-0.16217802858925454
33,SC-STATE_ART,1369298875719311360,9,4,-0.1624780879287033
33,SC-STATE_ART,1369405604595400711,10,4,-0.16259998657761504
34,SC-STATE_ART,1369441796925886465,1,4,-0.15743537047928802
34,SC-STATE_ART,1369375444793954323,2,2,-0.158221370759571
34,SC-STATE_ART,1369048387815899139,3,3,-0.15929802066937204
34,SC-STATE_ART,1369400194513723396,4,1,-0.16003039471600533
34,SC-STATE_ART,1369355243406954501,5,3,-0.16119039123784681
34,SC-STATE_ART,1369326799709212680,6,3,-0.16154612761383313
34,SC-STATE_ART,1362776603047165957,7,2,-0.1616210752921332
34,SC-STATE_ART,1369311531360518146,8,3,-0.16217802858925454
34,SC-STATE_ART,1369298875719311360,9,4,-0.1624780879287033
34,SC-STATE_ART,1369405604595400711,10,3,-0.16259998657761504
35,SC-STATE_ART,1151605021345083392,1,4,-0.01040943199898986
35,SC-STATE_ART,1317842770816602114,2,2,-0.012647848419380605
35,SC-STATE_ART,1265629710941388800,3,1,-0.12105287081931439
35,SC-STATE_ART,1344689933978656771,4,1,-0.12690558993515466
35,SC-STATE_ART,1361046993158692866,5,2,-0.14924817255877695
35,SC-STATE_ART,1357381035852521474,6,1,-0.16145200380499466
35,SC-STATE_ART,1362776603047165957,7,3,-0.1616210752921332
35,SC-STATE_ART,1349377838722519040,8,3,-0.1617505457339032
35,SC-STATE_ART,1349380288783253504,9,3,-0.1619251796950947
35,SC-STATE_ART,1354118501653483523,10,1,-0.1626934571397117
36,SC-STATE_ART,1095067826061262848,1,4,6.573077989097101
36,SC-STATE_ART,1273231711908872193,2,4,2.581129894904356
36,SC-STATE_ART,1317842770816602114,3,5,-0.012647848419380605
36,SC-STATE_ART,1182112257708306433,4,4,-0.04383045009819281
36,SC-STATE_ART,1344689933978656771,5,5,-0.12690558993515466
36,SC-STATE_ART,1364666742916583427,6,5,-0.13030259051523496
36,SC-STATE_ART,1369325020258983936,7,5,-0.1384317847683292
36,SC-STATE_ART,1365315820080009221,8,5,-0.1405406542759533
36,SC-STATE_ART,1350483251291451392,9,5,-0.14289182958675023
36,SC-STATE_ART,1336059119174897665,10,4,-0.1529007931665888
37,SC-STATE_ART,1362083047785439239,1,4,1.9782493142553246
37,SC-STATE_ART,1337020338916499463,2,4,1.7528845407177986
37,SC-STATE_ART,1337022746824499203,3,4,1.522513486320188
37,SC-STATE_ART,1337021907464499204,4,5,1.0137618845538725
37,SC-STATE_ART,1294010972055592962,5,4,0.2819856467928434
37,SC-STATE_ART,1331748997124534274,6,5,0.04266400795091706
37,SC-STATE_ART,1317842770816602114,7,2,-0.012647848419380605
37,SC-STATE_ART,1355167587638906880,8,3,-0.08137949488613379
37,SC-STATE_ART,1354545532044075013,9,1,-0.11405258037001766
37,SC-STATE_ART,1344689933978656771,10,1,-0.12690558993515466
38,SC-STATE_ART,1362074171832958980,1,3,-0.14544836800752695
38,SC-STATE_ART,1369326799709212680,2,5,-0.16154612761383313
38,SC-STATE_ART,1349377838722519040,3,5,-0.1617505457339032
38,SC-STATE_ART,1354011094751260673,4,5,-0.16192064545861493
38,SC-STATE_ART,1349380288783253504,5,5,-0.1619251796950947
38,SC-STATE_ART,1369315042236174343,6,4,-0.16204525126394473
38,SC-STATE_ART,1369311531360518146,7,5,-0.16217802858925454
38,SC-STATE_ART,1353672852747284480,8,5,-0.16236036771834148
38,SC-STATE_ART,1369298875719311360,9,5,-0.1624780879287033
38,SC-STATE_ART,1369405604595400711,10,5,-0.16259998657761504
39,SC-STATE_ART,1364666742916583427,1,3,-0.13030259051523496
39,SC-STATE_ART,1368641210533830657,2,3,-0.1492307220489527
39,SC-STATE_ART,1367521202042933249,3,5,-0.15300631426322778
39,SC-STATE_ART,1367300793485828097,4,5,-0.15860056222685429
39,SC-STATE_ART,1349377838722519040,5,5,-0.1617505457339032
39,SC-STATE_ART,1349380288783253504,6,5,-0.1619251796950947
39,SC-STATE_ART,1367237010608431106,7,5,-0.16228613794792768
39,SC-STATE_ART,1366443197166096385,8,5,-0.1624720926413561
39,SC-STATE_ART,1369075493753020420,9,5,-0.16268443983927036
39,SC-STATE_ART,1369075561981566976,10,5,-0.16275602801691258
40,SC-STATE_ART,1362083047785439239,1,3,1.9782493142553246
40,SC-STATE_ART,1337020338916499463,2,5,1.7528845407177986
40,SC-STATE_ART,1337022746824499203,3,5,1.522513486320188
40,SC-STATE_ART,1337021907464499204,4,5,1.0137618845538725
40,SC-STATE_ART,1294010972055592962,5,5,0.2819856467928434
40,SC-STATE_ART,1331748997124534274,6,2,0.04266400795091706
40,SC-STATE_ART,1365113385658970113,7,2,-0.018059530576186728
40,SC-STATE_ART,1355167587638906880,8,2,-0.08137949488613379
40,SC-STATE_ART,1350483251291451392,9,5,-0.14289182958675023
40,SC-STATE_ART,1366167129754537984,10,2,-0.16121432575915334
41,SC-STATE_ART,1362083047785439239,1,4,1.9782493142553246
41,SC-STATE_ART,1337020338916499463,2,1,1.7528845407177986
41,SC-STATE_ART,1337022746824499203,3,2,1.522513486320188
41,SC-STATE_ART,1337021907464499204,4,1,1.0137618845538725
41,SC-STATE_ART,1294010972055592962,5,1,0.2819856467928434
41,SC-STATE_ART,1331748997124534274,6,3,0.04266400795091706
41,SC-STATE_ART,1334726779903168512,7,1,0.010746085475311733
41,SC-STATE_ART,1317842770816602114,8,4,-0.012647848419380605
41,SC-STATE_ART,1355167587638906880,9,2,-0.08137949488613379
41,SC-STATE_ART,1354545532044075013,10,4,-0.11405258037001766
42,SC-STATE_ART,1364666742916583427,1,5,-0.13030259051523496
42,SC-STATE_ART,1367521202042933249,2,5,-0.15300631426322778
42,SC-STATE_ART,1367300793485828097,3,1,-0.15860056222685429
42,SC-STATE_ART,1248277743118086144,4,2,-0.16153625806373478
42,SC-STATE_ART,1366443197166096385,5,5,-0.1624720926413561
42,SC-STATE_ART,1248251408333172738,6,2,-0.16255368357427188
42,SC-STATE_ART,1368080635655450627,7,5,-0.16262587900697406
42,SC-STATE_ART,1369075493753020420,8,2,-0.16268443983927036
42,SC-STATE_ART,1369075561981566976,9,2,-0.16275602801691258
42,SC-STATE_ART,1369169111478005763,10,2,-0.163016326348334
43,SC-STATE_ART,1362083047785439239,1,5,1.9782493142553246
43,SC-STATE_ART,1337020338916499463,2,5,1.7528845407177986
43,SC-STATE_ART,1337022746824499203,3,5,1.522513486320188
43,SC-STATE_ART,1337021907464499204,4,5,1.0137618845538725
43,SC-STATE_ART,1294010972055592962,5,5,0.2819856467928434
43,SC-STATE_ART,1331748997124534274,6,5,0.04266400795091706
43,SC-STATE_ART,1334726779903168512,7,5,0.010746085475311733
43,SC-STATE_ART,1355167587638906880,8,5,-0.08137949488613379
43,SC-STATE_ART,1368245651046207493,9,5,-0.11587668525816505
43,SC-STATE_ART,1350483251291451392,10,5,-0.14289182958675023
44,SC-STATE_ART,1317842770816602114,1,5,-0.012647848419380605
44,SC-STATE_ART,1344689933978656771,2,5,-0.12690558993515466
44,SC-STATE_ART,1283912982200631298,3,5,-0.1507222759617388
44,SC-STATE_ART,1369441796925886465,4,5,-0.15743537047928802
44,SC-STATE_ART,1369375444793954323,5,5,-0.158221370759571
44,SC-STATE_ART,1318667750408036352,6,5,-0.15914967195903287
44,SC-STATE_ART,1369048387815899139,7,5,-0.15929802066937204
44,SC-STATE_ART,1369400194513723396,8,5,-0.16003039471600533
44,SC-STATE_ART,1369355243406954501,9,5,-0.16119039123784681
44,SC-STATE_ART,1354118501653483523,10,4,-0.1626934571397117
45,SC-STATE_ART,1327954760251662337,1,5,0.0859501262056396
45,SC-STATE_ART,1368909409775149064,2,4,-0.12097280555960736
45,SC-STATE_ART,1367462925250818061,3,4,-0.1561974805081122
45,SC-STATE_ART,1241401189721350145,4,3,-0.15842157315882005
45,SC-STATE_ART,1303249708169613313,5,5,-0.16019305083330923
45,SC-STATE_ART,1368932010971004931,6,5,-0.1613441685603854
45,SC-STATE_ART,1362360519626227713,7,4,-0.16231660382773694
45,SC-STATE_ART,1324374402750767104,8,5,-0.16264838872816453
45,SC-STATE_ART,1242106541999783936,9,4,-0.16309873847725326
45,SC-STATE_ART,1308393354120421376,10,5,-0.16311300498081588
46,SC-STATE_ART,1369441796925886465,1,5,-0.15743537047928802
46,SC-STATE_ART,1369375444793954323,2,5,-0.158221370759571
46,SC-STATE_ART,1369048387815899139,3,4,-0.15929802066937204
46,SC-STATE_ART,1369400194513723396,4,5,-0.16003039471600533
46,SC-STATE_ART,1369355243406954501,5,2,-0.16119039123784681
46,SC-STATE_ART,1369326799709212680,6,5,-0.16154612761383313
46,SC-STATE_ART,1362776603047165957,7,5,-0.1616210752921332
46,SC-STATE_ART,1369311531360518146,8,5,-0.16217802858925454
46,SC-STATE_ART,1369298875719311360,9,5,-0.1624780879287033
46,SC-STATE_ART,1369405604595400711,10,5,-0.16259998657761504
47,SC-STATE_ART,1362083047785439239,1,5,1.9782493142553246
47,SC-STATE_ART,1337020338916499463,2,5,1.7528845407177986
47,SC-STATE_ART,1337021907464499204,3,5,1.0137618845538725
47,SC-STATE_ART,1294010972055592962,4,5,0.2819856467928434
47,SC-STATE_ART,1331748997124534274,5,5,0.04266400795091706
47,SC-STATE_ART,1355167587638906880,6,1,-0.08137949488613379
47,SC-STATE_ART,1368932010971004931,7,5,-0.1613441685603854
47,SC-STATE_ART,1369311531360518146,8,5,-0.16217802858925454
47,SC-STATE_ART,1369298875719311360,9,5,-0.1624780879287033
47,SC-STATE_ART,1369405604595400711,10,5,-0.16259998657761504
48,SC-STATE_ART,1322257618178609153,1,4,-0.07952053956161123
48,SC-STATE_ART,1325738196374876161,2,5,-0.15530652962393923
48,SC-STATE_ART,1369375444793954323,3,5,-0.158221370759571
48,SC-STATE_ART,1322257265496334336,4,5,-0.16136645088243978
48,SC-STATE_ART,1368610152081985537,5,4,-0.16152954702608616
48,SC-STATE_ART,1369054744786989056,6,4,-0.1617422157751127
48,SC-STATE_ART,1369311531360518146,7,5,-0.16217802858925454
48,SC-STATE_ART,1369405604595400711,8,5,-0.16259998657761504
48,SC-STATE_ART,1294355303329341442,9,5,-0.1626394599575682
48,SC-STATE_ART,1369297616245231638,10,4,-0.16287743470709765
49,SC-STATE_ART,1322257618178609153,1,2,-0.07952053956161123
49,SC-STATE_ART,1325738196374876161,2,1,-0.15530652962393923
49,SC-STATE_ART,1303249708169613313,3,2,-0.16019305083330923
49,SC-STATE_ART,1368932010971004931,4,5,-0.1613441685603854
49,SC-STATE_ART,1322257265496334336,5,3,-0.16136645088243978
49,SC-STATE_ART,1368610152081985537,6,5,-0.16152954702608616
49,SC-STATE_ART,1369054744786989056,7,5,-0.1617422157751127
49,SC-STATE_ART,1294355303329341442,8,5,-0.1626394599575682
49,SC-STATE_ART,1368271872002035713,9,5,-0.16277895100296028
49,SC-STATE_ART,1369297616245231638,10,5,-0.16287743470709765
50,SC-STATE_ART,1317842770816602114,1,5,-0.012647848419380605
50,SC-STATE_ART,1368909409775149064,2,5,-0.12097280555960736
50,SC-STATE_ART,1344689933978656771,3,5,-0.12690558993515466
50,SC-STATE_ART,1367462925250818061,4,5,-0.1561974805081122
50,SC-STATE_ART,1369441796925886465,5,5,-0.15743537047928802
50,SC-STATE_ART,1369375444793954323,6,4,-0.158221370759571
50,SC-STATE_ART,1369048387815899139,7,5,-0.15929802066937204
50,SC-STATE_ART,1369400194513723396,8,4,-0.16003039471600533
50,SC-STATE_ART,1368932010971004931,9,5,-0.1613441685603854
50,SC-STATE_ART,1354118501653483523,10,4,-0.1626934571397117
51,SC-STATE_ART,1317842770816602114,1,5,-0.012647848419380605
51,SC-STATE_ART,1354545532044075013,2,1,-0.11405258037001766
51,SC-STATE_ART,1344689933978656771,3,1,-0.12690558993515466
51,SC-STATE_ART,1364666742916583427,4,5,-0.13030259051523496
51,SC-STATE_ART,1367521202042933249,5,5,-0.15300631426322778
51,SC-STATE_ART,1367300793485828097,6,1,-0.15860056222685429
51,SC-STATE_ART,1367237010608431106,7,5,-0.16228613794792768
51,SC-STATE_ART,1366443197166096385,8,5,-0.1624720926413561
51,SC-STATE_ART,1369075493753020420,9,2,-0.16268443983927036
51,SC-STATE_ART,1369075561981566976,10,2,-0.16275602801691258
53,SC-STATE_ART,1354545532044075013,1,1,-0.11405258037001766
53,SC-STATE_ART,1364666742916583427,2,1,-0.13030259051523496
53,SC-STATE_ART,1369325020258983936,3,2,-0.1384317847683292
53,SC-STATE_ART,1365315820080009221,4,2,-0.1405406542759533
53,SC-STATE_ART,1367521202042933249,5,1,-0.15300631426322778
53,SC-STATE_ART,1367300793485828097,6,1,-0.15860056222685429
53,SC-STATE_ART,1367237010608431106,7,1,-0.16228613794792768
53,SC-STATE_ART,1366443197166096385,8,1,-0.1624720926413561
53,SC-STATE_ART,1369075493753020420,9,4,-0.16268443983927036
53,SC-STATE_ART,1369075561981566976,10,4,-0.16275602801691258
54,SC-STATE_ART,1317842770816602114,1,5,-0.012647848419380605
54,SC-STATE_ART,1354545532044075013,2,3,-0.11405258037001766
54,SC-STATE_ART,1344689933978656771,3,4,-0.12690558993515466
54,SC-STATE_ART,1364666742916583427,4,3,-0.13030259051523496
54,SC-STATE_ART,1367521202042933249,5,5,-0.15300631426322778
54,SC-STATE_ART,1367300793485828097,6,3,-0.15860056222685429
54,SC-STATE_ART,1367237010608431106,7,3,-0.16228613794792768
54,SC-STATE_ART,1366443197166096385,8,5,-0.1624720926413561
54,SC-STATE_ART,1369075493753020420,9,3,-0.16268443983927036
54,SC-STATE_ART,1369075561981566976,10,3,-0.16275602801691258
55,SC-STATE_ART,1322257618178609153,1,5,-0.07952053956161123
55,SC-STATE_ART,1368245651046207493,2,4,-0.11587668525816505
55,SC-STATE_ART,1325738196374876161,3,4,-0.15530652962393923
55,SC-STATE_ART,1368932010971004931,4,5,-0.1613441685603854
55,SC-STATE_ART,1322257265496334336,5,4,-0.16136645088243978
55,SC-STATE_ART,1368610152081985537,6,4,-0.16152954702608616
55,SC-STATE_ART,1369054744786989056,7,4,-0.1617422157751127
55,SC-STATE_ART,1294355303329341442,8,4,-0.1626394599575682
55,SC-STATE_ART,1368271872002035713,9,4,-0.16277895100296028
55,SC-STATE_ART,1369297616245231638,10,4,-0.16287743470709765
57,SC-STATE_ART,1286599815967776768,1,5,0.01842575958405447
57,SC-STATE_ART,1351483359244005376,2,5,-0.1462491653205881
57,SC-STATE_ART,1300884239626522624,3,5,-0.14794582275030602
57,SC-STATE_ART,1369441796925886465,4,5,-0.15743537047928802
57,SC-STATE_ART,1369375444793954323,5,5,-0.158221370759571
57,SC-STATE_ART,1369400194513723396,6,5,-0.16003039471600533
57,SC-STATE_ART,1369326799709212680,7,5,-0.16154612761383313
57,SC-STATE_ART,1369311531360518146,8,5,-0.16217802858925454
57,SC-STATE_ART,1369298875719311360,9,5,-0.1624780879287033
57,SC-STATE_ART,1369405604595400711,10,5,-0.16259998657761504
58,SC-STATE_ART,1364666742916583427,1,5,-0.13030259051523496
58,SC-STATE_ART,1367521202042933249,2,5,-0.15300631426322778
58,SC-STATE_ART,1367300793485828097,3,5,-0.15860056222685429
58,SC-STATE_ART,1362776603047165957,4,5,-0.1616210752921332
58,SC-STATE_ART,1349377838722519040,5,5,-0.1617505457339032
58,SC-STATE_ART,1349380288783253504,6,5,-0.1619251796950947
58,SC-STATE_ART,1367237010608431106,7,5,-0.16228613794792768
58,SC-STATE_ART,1366443197166096385,8,5,-0.1624720926413561
58,SC-STATE_ART,1369075493753020420,9,5,-0.16268443983927036
58,SC-STATE_ART,1369075561981566976,10,5,-0.16275602801691258
59,SC-STATE_ART,1317842770816602114,1,5,-0.012647848419380605
59,SC-STATE_ART,1354545532044075013,2,5,-0.11405258037001766
59,SC-STATE_ART,1344689933978656771,3,5,-0.12690558993515466
59,SC-STATE_ART,1364666742916583427,4,5,-0.13030259051523496
59,SC-STATE_ART,1367521202042933249,5,5,-0.15300631426322778
59,SC-STATE_ART,1367300793485828097,6,5,-0.15860056222685429
59,SC-STATE_ART,1367237010608431106,7,5,-0.16228613794792768
59,SC-STATE_ART,1366443197166096385,8,5,-0.1624720926413561
59,SC-STATE_ART,1369075493753020420,9,5,-0.16268443983927036
59,SC-STATE_ART,1369075561981566976,10,5,-0.16275602801691258
60,SC-STATE_ART,1317842770816602114,1,5,-0.012647848419380605
60,SC-STATE_ART,1354545532044075013,2,5,-0.11405258037001766
60,SC-STATE_ART,1344689933978656771,3,5,-0.12690558993515466
60,SC-STATE_ART,1364666742916583427,4,5,-0.13030259051523496
60,SC-STATE_ART,1367521202042933249,5,5,-0.15300631426322778
60,SC-STATE_ART,1367300793485828097,6,5,-0.15860056222685429
60,SC-STATE_ART,1367237010608431106,7,5,-0.16228613794792768
60,SC-STATE_ART,1366443197166096385,8,5,-0.1624720926413561
60,SC-STATE_ART,1369075493753020420,9,5,-0.16268443983927036
60,SC-STATE_ART,1369075561981566976,10,5,-0.16275602801691258
61,SC-STATE_ART,1317842770816602114,1,5,-0.012647848419380605
61,SC-STATE_ART,1354545532044075013,2,4,-0.11405258037001766
61,SC-STATE_ART,1344689933978656771,3,4,-0.12690558993515466
61,SC-STATE_ART,1367947939579006979,4,4,-0.16007096412379945
61,SC-STATE_ART,1248277743118086144,5,3,-0.16153625806373478
61,SC-STATE_ART,1242251884007534592,6,4,-0.16193559736881177
61,SC-STATE_ART,1367946026674352134,7,5,-0.16240198778797424
61,SC-STATE_ART,1248251408333172738,8,4,-0.16255368357427188
61,SC-STATE_ART,1368080635655450627,9,4,-0.16262587900697406
61,SC-STATE_ART,1369169111478005763,10,4,-0.163016326348334
62,SC-STATE_ART,1362083047785439239,1,3,1.9782493142553246
62,SC-STATE_ART,1337020338916499463,2,3,1.7528845407177986
62,SC-STATE_ART,1337022746824499203,3,3,1.522513486320188
62,SC-STATE_ART,1337021907464499204,4,3,1.0137618845538725
62,SC-STATE_ART,1294010972055592962,5,3,0.2819856467928434
62,SC-STATE_ART,1331748997124534274,6,3,0.04266400795091706
62,SC-STATE_ART,1355167587638906880,7,3,-0.08137949488613379
62,SC-STATE_ART,1354545532044075013,8,3,-0.11405258037001766
62,SC-STATE_ART,1369325020258983936,9,4,-0.1384317847683292
62,SC-STATE_ART,1365315820080009221,10,3,-0.1405406542759533
63,SC-STATE_ART,1362074171832958980,1,4,-0.14544836800752695
63,SC-STATE_ART,1369441796925886465,2,4,-0.15743537047928802
63,SC-STATE_ART,1369441796925886465,3,5,-0.15743537047928802
63,SC-STATE_ART,1369375444793954323,4,4,-0.158221370759571
63,SC-STATE_ART,1369375444793954323,5,5,-0.158221370759571
63,SC-STATE_ART,1362085735063572482,6,5,-0.15868617340593824
63,SC-STATE_ART,1369048387815899139,7,5,-0.15929802066937204
63,SC-STATE_ART,1369048387815899139,8,5,-0.15929802066937204
63,SC-STATE_ART,1359577321695547392,9,5,-0.1599066147603767
63,SC-STATE_ART,1369400194513723396,10,5,-0.16003039471600533
66,SC-STATE_ART,1365113385658970113,1,5,-0.018059530576186728
66,SC-STATE_ART,1317810926133874689,2,5,-0.12918411232001803
66,SC-STATE_ART,1344784297316786177,3,5,-0.1466207283219629
66,SC-STATE_ART,1283912982200631298,4,5,-0.1507222759617388
66,SC-STATE_ART,1318667750408036352,5,5,-0.15914967195903287
66,SC-STATE_ART,1340975456644939777,6,5,-0.16071176551127495
66,SC-STATE_ART,1366167129754537984,7,2,-0.16121432575915334
66,SC-STATE_ART,1354565152939544576,8,5,-0.1617418991725094
66,SC-STATE_ART,1349377838722519040,9,5,-0.1617505457339032
66,SC-STATE_ART,1349380288783253504,10,5,-0.1619251796950947
67,SC-STATE_ART,1362074171832958980,1,4,-0.14544836800752695
67,SC-STATE_ART,1362085735063572482,2,4,-0.15868617340593824
67,SC-STATE_ART,1359577321695547392,3,5,-0.1599066147603767
67,SC-STATE_ART,1369614175048249346,4,4,-0.16028890952435781
67,SC-STATE_ART,1369326799709212680,5,3,-0.16154612761383313
67,SC-STATE_ART,1362776603047165957,6,3,-0.1616210752921332
67,SC-STATE_ART,1369315042236174343,7,4,-0.16204525126394473
67,SC-STATE_ART,1369311531360518146,8,3,-0.16217802858925454
67,SC-STATE_ART,1369298875719311360,9,3,-0.1624780879287033
67,SC-STATE_ART,1369405604595400711,10,3,-0.16259998657761504
68,SC-STATE_ART,1364607745270423556,1,5,0.15814341714407787
68,SC-STATE_ART,1336810117057179649,2,5,-0.11385006520257479
68,SC-STATE_ART,1369325020258983936,3,5,-0.1384317847683292
68,SC-STATE_ART,1336964656792035329,4,3,-0.14023695875293207
68,SC-STATE_ART,1365315820080009221,5,5,-0.1405406542759533
68,SC-STATE_ART,1350483251291451392,6,5,-0.14289182958675023
68,SC-STATE_ART,1337318168277241857,7,3,-0.1444666671088421
68,SC-STATE_ART,1342062601535164416,8,5,-0.14950298212288118
68,SC-STATE_ART,1336059119174897665,9,5,-0.1529007931665888
68,SC-STATE_ART,1240464261366919171,10,5,-0.15332609011578746
70,SC-STATE_ART,1369441796925886465,1,5,-0.15743537047928802
70,SC-STATE_ART,1369375444793954323,2,5,-0.158221370759571
70,SC-STATE_ART,1369048387815899139,3,5,-0.15929802066937204
70,SC-STATE_ART,1369400194513723396,4,5,-0.16003039471600533
70,SC-STATE_ART,1369355243406954501,5,5,-0.16119039123784681
70,SC-STATE_ART,1362776603047165957,6,4,-0.1616210752921332
70,SC-STATE_ART,1349377838722519040,7,3,-0.1617505457339032
70,SC-STATE_ART,1354011094751260673,8,3,-0.16192064545861493
70,SC-STATE_ART,1349380288783253504,9,3,-0.1619251796950947
70,SC-STATE_ART,1353672852747284480,10,3,-0.16236036771834148
71,SC-STATE_ART,1317842770816602114,1,5,-0.012647848419380605
71,SC-STATE_ART,1336810117057179649,2,5,-0.11385006520257479
71,SC-STATE_ART,1354545532044075013,3,5,-0.11405258037001766
71,SC-STATE_ART,1344689933978656771,4,5,-0.12690558993515466
71,SC-STATE_ART,1369325020258983936,5,5,-0.1384317847683292
71,SC-STATE_ART,1336964656792035329,6,5,-0.14023695875293207
71,SC-STATE_ART,1365315820080009221,7,5,-0.1405406542759533
71,SC-STATE_ART,1337318168277241857,8,5,-0.1444666671088421
71,SC-STATE_ART,1367963978421264385,9,5,-0.16195263332605744
71,SC-STATE_ART,1365327872643260420,10,5,-0.1623579599275923
72,SC-STATE_ART,1369441796925886465,1,5,-0.15743537047928802
72,SC-STATE_ART,1369375444793954323,2,5,-0.158221370759571
72,SC-STATE_ART,1354520696358137868,3,5,-0.15862184800681206
72,SC-STATE_ART,1349377838722519040,4,5,-0.1617505457339032
72,SC-STATE_ART,1326033569555181568,5,3,-0.16176880523581905
72,SC-STATE_ART,1349380288783253504,6,5,-0.1619251796950947
72,SC-STATE_ART,1356255250680864768,7,5,-0.16199482922553396
72,SC-STATE_ART,1354807067232489475,8,5,-0.16228781583418495
72,SC-STATE_ART,1334873913210380298,9,5,-0.1623400502829117
72,SC-STATE_ART,1334130051554668547,10,5,-0.1629176563950277
73,SC-STATE_ART,1362074171832958980,1,1,-0.14544836800752695
73,SC-STATE_ART,1362085735063572482,2,1,-0.15868617340593824
73,SC-STATE_ART,1359577321695547392,3,1,-0.1599066147603767
73,SC-STATE_ART,1369614175048249346,4,4,-0.16028890952435781
73,SC-STATE_ART,1369326799709212680,5,3,-0.16154612761383313
73,SC-STATE_ART,1362776603047165957,6,4,-0.1616210752921332
73,SC-STATE_ART,1369315042236174343,7,3,-0.16204525126394473
73,SC-STATE_ART,1369311531360518146,8,4,-0.16217802858925454
73,SC-STATE_ART,1369298875719311360,9,2,-0.1624780879287033
73,SC-STATE_ART,1369405604595400711,10,4,-0.16259998657761504
74,SC-STATE_ART,1369441796925886465,1,3,-0.15743537047928802
74,SC-STATE_ART,1369375444793954323,2,2,-0.158221370759571
74,SC-STATE_ART,1369048387815899139,3,3,-0.15929802066937204
74,SC-STATE_ART,1369400194513723396,4,4,-0.16003039471600533
74,SC-STATE_ART,1369355243406954501,5,3,-0.16119039123784681
74,SC-STATE_ART,1369326799709212680,6,4,-0.16154612761383313
74,SC-STATE_ART,1362776603047165957,7,3,-0.1616210752921332
74,SC-STATE_ART,1369311531360518146,8,4,-0.16217802858925454
74,SC-STATE_ART,1369298875719311360,9,3,-0.1624780879287033
74,SC-STATE_ART,1369405604595400711,10,4,-0.16259998657761504
76,SC-STATE_ART,1273231711908872193,1,5,2.581129894904356
76,SC-STATE_ART,1362083047785439239,2,5,1.9782493142553246
76,SC-STATE_ART,1337020338916499463,3,5,1.7528845407177986
76,SC-STATE_ART,1337022746824499203,4,4,1.522513486320188
76,SC-STATE_ART,1337021907464499204,5,5,1.0137618845538725
76,SC-STATE_ART,1334711453211889665,6,5,0.4442273377518687
76,SC-STATE_ART,1294010972055592962,7,4,0.2819856467928434
76,SC-STATE_ART,1331748997124534274,8,5,0.04266400795091706
76,SC-STATE_ART,1334726779903168512,9,5,0.010746085475311733
76,SC-STATE_ART,1355167587638906880,10,5,-0.08137949488613379
77,SC-STATE_ART,1369614175048249346,1,5,-0.16028890952435781
77,SC-STATE_ART,1369326799709212680,2,4,-0.16154612761383313
77,SC-STATE_ART,1362776603047165957,3,4,-0.1616210752921332
77,SC-STATE_ART,1349377838722519040,4,4,-0.1617505457339032
77,SC-STATE_ART,1354011094751260673,5,4,-0.16192064545861493
77,SC-STATE_ART,1349380288783253504,6,5,-0.1619251796950947
77,SC-STATE_ART,1369311531360518146,7,4,-0.16217802858925454
77,SC-STATE_ART,1353672852747284480,8,5,-0.16236036771834148
77,SC-STATE_ART,1369298875719311360,9,4,-0.1624780879287033
77,SC-STATE_ART,1369405604595400711,10,5,-0.16259998657761504
78,SC-STATE_ART,1367113993815547906,1,2,-0.029761322530998134
78,SC-STATE_ART,1368245651046207493,2,3,-0.11587668525816505
78,SC-STATE_ART,1368909409775149064,3,1,-0.12097280555960736
78,SC-STATE_ART,1367462925250818061,4,1,-0.1561974805081122
78,SC-STATE_ART,1368580185642110982,5,2,-0.15695435040341854
78,SC-STATE_ART,1366499073671454725,6,2,-0.15879209205277411
78,SC-STATE_ART,1303249708169613313,7,1,-0.16019305083330923
78,SC-STATE_ART,1368932010971004931,8,2,-0.1613441685603854
78,SC-STATE_ART,1319402828285108225,9,2,-0.16190339242230234
78,SC-STATE_ART,1324374402750767104,10,1,-0.16264838872816453
79,SC-STATE_ART,1095067826061262848,1,5,6.573077989097101
79,SC-STATE_ART,1273231711908872193,2,4,2.581129894904356
79,SC-STATE_ART,1182112257708306433,3,5,-0.04383045009819281
79,SC-STATE_ART,1350483251291451392,4,5,-0.14289182958675023
79,SC-STATE_ART,1336059119174897665,5,5,-0.1529007931665888
79,SC-STATE_ART,1366561763962073092,6,5,-0.15708429440322777
79,SC-STATE_ART,1359597695548153864,7,3,-0.1601442970151674
79,SC-STATE_ART,1338584496489172992,8,4,-0.16119365438446756
79,SC-STATE_ART,1365320876510560258,9,4,-0.1618194753125917
79,SC-STATE_ART,1364683920965578753,10,4,-0.1627716157699001
81,SC-STATE_ART,1367113993815547906,1,5,-0.029761322530998134
81,SC-STATE_ART,1368909409775149064,2,5,-0.12097280555960736
81,SC-STATE_ART,1350483251291451392,3,5,-0.14289182958675023
81,SC-STATE_ART,1367462925250818061,4,5,-0.1561974805081122
81,SC-STATE_ART,1368580185642110982,5,5,-0.15695435040341854
81,SC-STATE_ART,1368649404702408707,6,5,-0.1571687686524953
81,SC-STATE_ART,1366499073671454725,7,5,-0.15879209205277411
81,SC-STATE_ART,1359597695548153864,8,5,-0.1601442970151674
81,SC-STATE_ART,1368932010971004931,9,5,-0.1613441685603854
81,SC-STATE_ART,1362776603047165957,10,5,-0.1616210752921332
1,SC-SCSA_PLUS,1336810117057179649,1,3,1433618.5800818051
1,SC-SCSA_PLUS,1365315820080009221,2,4,1375141.1239487107
1,SC-SCSA_PLUS,1336964656792035329,3,2,1356492.80132359
1,SC-SCSA_PLUS,1369325020258983936,4,5,762944.3408788282
1,SC-SCSA_PLUS,1317842770816602114,5,3,341269.0278493058
1,SC-SCSA_PLUS,1344689933978656771,6,5,129283.97152623264
1,SC-SCSA_PLUS,1369441796925886465,7,3,30912.603119584055
1,SC-SCSA_PLUS,1365327872643260420,8,1,27627.144629808354
1,SC-SCSA_PLUS,1369375444793954323,9,5,14018.506065857884
1,SC-SCSA_PLUS,1369400194513723396,10,4,4553.019064124783
2,SC-SCSA_PLUS,1362085735063572482,1,3,57893.62712665407
2,SC-SCSA_PLUS,1362074171832958980,2,3,50801.98015122874
2,SC-SCSA_PLUS,1359577321695547392,3,3,33395.21030245747
2,SC-SCSA_PLUS,1369441796925886465,4,2,30912.603119584055
2,SC-SCSA_PLUS,1369048387815899139,5,2,26059.76470588235
2,SC-SCSA_PLUS,1369355243406954501,6,2,18152.168110918545
2,SC-SCSA_PLUS,1369375444793954323,7,3,14018.506065857884
2,SC-SCSA_PLUS,1369614175048249346,8,4,6524.903225806452
2,SC-SCSA_PLUS,1369400194513723396,9,4,4553.019064124783
2,SC-SCSA_PLUS,1362776603047165957,10,2,326.4932432432432
3,SC-SCSA_PLUS,1365315820080009221,1,4,1375141.1239487107
3,SC-SCSA_PLUS,1369325020258983936,2,3,762944.3408788282
3,SC-SCSA_PLUS,1364666742916583427,3,3,23545.5
3,SC-SCSA_PLUS,1367521202042933249,4,5,16823.744
3,SC-SCSA_PLUS,1303249708169613313,5,2,4384.285714285715
3,SC-SCSA_PLUS,1367300793485828097,6,3,4153.663366336634
3,SC-SCSA_PLUS,1366443197166096385,7,4,2224.1125974299557
3,SC-SCSA_PLUS,1369075493753020420,8,2,428.2908339076498
3,SC-SCSA_PLUS,1369075561981566976,9,2,342.6326671261199
3,SC-SCSA_PLUS,1367237010608431106,10,3,282.75199999999995
4,SC-SCSA_PLUS,1369441796925886465,1,3,30912.603119584055
4,SC-SCSA_PLUS,1369048387815899139,2,5,26059.76470588235
4,SC-SCSA_PLUS,1369355243406954501,3,5,18152.168110918545
4,SC-SCSA_PLUS,1369375444793954323,4,5,14018.506065857884
4,SC-SCSA_PLUS,1369400194513723396,5,5,4553.019064124783
4,SC-SCSA_PLUS,1349377838722519040,6,2,403.42499999489866
4,SC-SCSA_PLUS,1362776603047165957,7,5,326.4932432432432
4,SC-SCSA_PLUS,1349380288783253504,8,2,134.47499999829955
4,SC-SCSA_PLUS,1354011094751260673,9,4,89.64999999886638
4,SC-SCSA_PLUS,1353672852747284480,10,4,0.0
5,SC-SCSA_PLUS,1362085735063572482,1,1,57893.62712665407
5,SC-SCSA_PLUS,1362074171832958980,2,3,50801.98015122874
5,SC-SCSA_PLUS,1359577321695547392,3,1,33395.21030245747
5,SC-SCSA_PLUS,1369441796925886465,4,5,30912.603119584055
5,SC-SCSA_PLUS,1369048387815899139,5,4,26059.76470588235
5,SC-SCSA_PLUS,1369355243406954501,6,5,18152.168110918545
5,SC-SCSA_PLUS,1369375444793954323,7,5,14018.506065857884
5,SC-SCSA_PLUS,1369614175048249346,8,4,6524.903225806452
5,SC-SCSA_PLUS,1369400194513723396,9,5,4553.019064124783
5,SC-SCSA_PLUS,1362776603047165957,10,5,326.4932432432432
6,SC-SCSA_PLUS,1337020338916499463,1,2,44598795.10593316
6,SC-SCSA_PLUS,1362083047785439239,2,4,4919910.654248447
6,SC-SCSA_PLUS,1331748997124534274,3,4,3838752.9610934705
6,SC-SCSA_PLUS,1294010972055592962,4,3,361614.94793473615
6,SC-SCSA_PLUS,1317842770816602114,5,5,341269.0278493058
6,SC-SCSA_PLUS,1344689933978656771,6,4,129283.97152623264
6,SC-SCSA_PLUS,1355167587638906880,7,3,68542.19703303008
6,SC-SCSA_PLUS,1369311531360518146,8,5,2210.142852331869
6,SC-SCSA_PLUS,1369298875719311360,9,5,736.7142841106231
6,SC-SCSA_PLUS,1369405604595400711,10,5,327.4285707158325
7,SC-SCSA_PLUS,1336810117057179649,1,4,1433618.5800818051
7,SC-SCSA_PLUS,1365315820080009221,2,4,1375141.1239487107
7,SC-SCSA_PLUS,1336964656792035329,3,3,1356492.80132359
7,SC-SCSA_PLUS,1369325020258983936,4,3,762944.3408788282
7,SC-SCSA_PLUS,1337318168277241857,5,3,171518.5229100602
7,SC-SCSA_PLUS,1368909409775149064,6,4,81224.16439670057
7,SC-SCSA_PLUS,1367462925250818061,7,5,36712.47902097902
7,SC-SCSA_PLUS,1365327872643260420,8,4,27627.144629808354
7,SC-SCSA_PLUS,1368932010971004931,9,4,1263.7578422053234
7,SC-SCSA_PLUS,1362776603047165957,10,4,326.4932432432432
8,SC-SCSA_PLUS,1337020338916499463,1,4,44598795.10593316
8,SC-SCSA_PLUS,1337022746824499203,2,4,12363804.480589364
8,SC-SCSA_PLUS,1337021907464499204,3,4,10961673.02520912
8,SC-SCSA_PLUS,1362083047785439239,4,4,4919910.654248447
8,SC-SCSA_PLUS,1331748997124534274,5,4,3838752.9610934705
8,SC-SCSA_PLUS,1334711453211889665,6,4,1485057.0304682776
8,SC-SCSA_PLUS,1334726779903168512,7,4,895424.5065219518
8,SC-SCSA_PLUS,1294010972055592962,8,4,361614.94793473615
8,SC-SCSA_PLUS,1350483251291451392,9,5,271554.3661823295
8,SC-SCSA_PLUS,1355167587638906880,10,4,68542.19703303008
9,SC-SCSA_PLUS,1273231711908872193,1,1,6568571.705077315
9,SC-SCSA_PLUS,1095067826061262848,2,1,4837831.476983234
9,SC-SCSA_PLUS,1350483251291451392,3,5,271554.3661823295
9,SC-SCSA_PLUS,1182112257708306433,4,1,156639.83707565616
9,SC-SCSA_PLUS,1336059119174897665,5,4,58474.26666666667
9,SC-SCSA_PLUS,1366561763962073092,6,1,19575.987670898438
9,SC-SCSA_PLUS,1359597695548153864,7,4,4852.12
9,SC-SCSA_PLUS,1365320876510560258,8,4,1624.4435881627621
9,SC-SCSA_PLUS,1338584496489172992,9,3,358.5
9,SC-SCSA_PLUS,1364683920965578753,10,1,37.453125
10,SC-SCSA_PLUS,1336810117057179649,1,4,1433618.5800818051
10,SC-SCSA_PLUS,1365315820080009221,2,4,1375141.1239487107
10,SC-SCSA_PLUS,1336964656792035329,3,4,1356492.80132359
10,SC-SCSA_PLUS,1369325020258983936,4,4,762944.3408788282
10,SC-SCSA_PLUS,1350483251291451392,5,5,271554.3661823295
10,SC-SCSA_PLUS,1337318168277241857,6,3,171518.5229100602
10,SC-SCSA_PLUS,1368909409775149064,7,5,81224.16439670057
10,SC-SCSA_PLUS,1367462925250818061,8,4,36712.47902097902
10,SC-SCSA_PLUS,1365327872643260420,9,3,27627.144629808354
10,SC-SCSA_PLUS,1368932010971004931,10,5,1263.7578422053234
11,SC-SCSA_PLUS,1337020338916499463,1,5,44598795.10593316
11,SC-SCSA_PLUS,1337020338916499463,2,3,44598795.10593316
11,SC-SCSA_PLUS,1337022746824499203,3,5,12363804.480589364
11,SC-SCSA_PLUS,1337022746824499203,4,5,12363804.480589364
11,SC-SCSA_PLUS,1337021907464499204,5,5,10961673.02520912
11,SC-SCSA_PLUS,1337021907464499204,6,5,10961673.02520912
11,SC-SCSA_PLUS,1362083047785439239,7,5,4919910.654248447
11,SC-SCSA_PLUS,1362083047785439239,8,5,4919910.654248447
11,SC-SCSA_PLUS,1331748997124534274,9,1,3838752.9610934705
11,SC-SCSA_PLUS,1331748997124534274,10,3,3838752.9610934705
12,SC-SCSA_PLUS,1301164188136431616,1,5,2794721.9583534133
12,SC-SCSA_PLUS,1365109273240473600,2,3,159667.88435973413
12,SC-SCSA_PLUS,1361511252103729153,3,5,7860.826139184753
12,SC-SCSA_PLUS,1361586402484514816,4,2,1349.1990069672459
12,SC-SCSA_PLUS,1349749578095075328,5,5,846.99173553719
12,SC-SCSA_PLUS,1361853779025403905,6,2,130.29871114480667
12,SC-SCSA_PLUS,1361857937518465025,7,5,49.63760424564064
12,SC-SCSA_PLUS,1366197120064192513,8,5,44.97978615900274
12,SC-SCSA_PLUS,1365037827298238464,9,2,16.99999969409768
12,SC-SCSA_PLUS,1366910062711685124,10,5,14.993262053000915
13,SC-SCSA_PLUS,1336810117057179649,1,4,1433618.5800818051
13,SC-SCSA_PLUS,1365315820080009221,2,4,1375141.1239487107
13,SC-SCSA_PLUS,1336964656792035329,3,1,1356492.80132359
13,SC-SCSA_PLUS,1369325020258983936,4,4,762944.3408788282
13,SC-SCSA_PLUS,1365113385658970113,5,1,660260.7135714545
13,SC-SCSA_PLUS,1337318168277241857,6,1,171518.5229100602
13,SC-SCSA_PLUS,1365327872643260420,7,1,27627.144629808354
13,SC-SCSA_PLUS,1363551492486008834,8,1,952.1052631578947
13,SC-SCSA_PLUS,1362776603047165957,9,2,326.4932432432432
13,SC-SCSA_PLUS,1366167129754537984,10,2,310.73893805309734
15,SC-SCSA_PLUS,1301164188136431616,1,3,2794721.9583534133
15,SC-SCSA_PLUS,1365113385658970113,2,3,660260.7135714545
15,SC-SCSA_PLUS,1366121589478154243,3,4,291195.168
15,SC-SCSA_PLUS,1365109273240473600,4,3,159667.88435973413
15,SC-SCSA_PLUS,1361511252103729153,5,5,7860.826139184753
15,SC-SCSA_PLUS,1361586402484514816,6,3,1349.1990069672459
15,SC-SCSA_PLUS,1349749578095075328,7,3,846.99173553719
15,SC-SCSA_PLUS,1366167129754537984,8,4,310.73893805309734
15,SC-SCSA_PLUS,1361853779025403905,9,5,130.29871114480667
15,SC-SCSA_PLUS,1361857937518465025,10,3,49.63760424564064
16,SC-SCSA_PLUS,1367113993815547906,1,4,394003.1996812173
16,SC-SCSA_PLUS,1368909409775149064,2,2,81224.16439670057
16,SC-SCSA_PLUS,1368245651046207493,3,5,57172.13329452852
16,SC-SCSA_PLUS,1367462925250818061,4,1,36712.47902097902
16,SC-SCSA_PLUS,1368580185642110982,5,5,26338.185314685317
16,SC-SCSA_PLUS,1303249708169613313,6,1,4384.285714285715
16,SC-SCSA_PLUS,1366499073671454725,7,2,1755.609057782405
16,SC-SCSA_PLUS,1368932010971004931,8,1,1263.7578422053234
16,SC-SCSA_PLUS,1324374402750767104,9,1,1010.0412371134021
16,SC-SCSA_PLUS,1319402828285108225,10,1,583.5793814432989
17,SC-SCSA_PLUS,1336810117057179649,1,2,1433618.5800818051
17,SC-SCSA_PLUS,1365315820080009221,2,2,1375141.1239487107
17,SC-SCSA_PLUS,1336964656792035329,3,2,1356492.80132359
17,SC-SCSA_PLUS,1369325020258983936,4,2,762944.3408788282
17,SC-SCSA_PLUS,1365113385658970113,5,1,660260.7135714545
17,SC-SCSA_PLUS,1337318168277241857,6,2,171518.5229100602
17,SC-SCSA_PLUS,1365327872643260420,7,2,27627.144629808354
17,SC-SCSA_PLUS,1344784297316786177,8,5,2000.646748681898
17,SC-SCSA_PLUS,1363551492486008834,9,2,952.1052631578947
17,SC-SCSA_PLUS,1366167129754537984,10,1,310.73893805309734
18,SC-SCSA_PLUS,1273231711908872193,1,3,6568571.705077315
18,SC-SCSA_PLUS,1301164188136431616,2,3,2794721.9583534133
18,SC-SCSA_PLUS,1366121589478154243,3,2,291195.168
18,SC-SCSA_PLUS,1365109273240473600,4,1,159667.88435973413
18,SC-SCSA_PLUS,1344689933978656771,5,3,129283.97152623264
18,SC-SCSA_PLUS,1361511252103729153,6,1,7860.826139184753
18,SC-SCSA_PLUS,1361586402484514816,7,1,1349.1990069672459
18,SC-SCSA_PLUS,1349749578095075328,8,1,846.99173553719
18,SC-SCSA_PLUS,1361853779025403905,9,1,130.29871114480667
18,SC-SCSA_PLUS,1361857937518465025,10,1,49.63760424564064
19,SC-SCSA_PLUS,1369441796925886465,1,4,30912.603119584055
19,SC-SCSA_PLUS,1369048387815899139,2,3,26059.76470588235
19,SC-SCSA_PLUS,1369375444793954323,3,4,14018.506065857884
19,SC-SCSA_PLUS,1369400194513723396,4,4,4553.019064124783
19,SC-SCSA_PLUS,1369311531360518146,5,4,2210.142852331869
19,SC-SCSA_PLUS,1369326799709212680,6,4,1964.571424294995
19,SC-SCSA_PLUS,1369298875719311360,7,4,736.7142841106231
19,SC-SCSA_PLUS,1349377838722519040,8,4,403.42499999489866
19,SC-SCSA_PLUS,1369405604595400711,9,4,327.4285707158325
19,SC-SCSA_PLUS,1349380288783253504,10,4,134.47499999829955
20,SC-SCSA_PLUS,1367113993815547906,1,4,394003.1996812173
20,SC-SCSA_PLUS,1317842770816602114,2,3,341269.0278493058
20,SC-SCSA_PLUS,1344689933978656771,3,2,129283.97152623264
20,SC-SCSA_PLUS,1368909409775149064,4,3,81224.16439670057
20,SC-SCSA_PLUS,1367462925250818061,5,1,36712.47902097902
20,SC-SCSA_PLUS,1368580185642110982,6,1,26338.185314685317
20,SC-SCSA_PLUS,1366499073671454725,7,3,1755.609057782405
20,SC-SCSA_PLUS,1368932010971004931,8,2,1263.7578422053234
20,SC-SCSA_PLUS,1354118501653483523,9,1,491.63551401869154
20,SC-SCSA_PLUS,1362776603047165957,10,5,326.4932432432432
21,SC-SCSA_PLUS,1365315820080009221,1,2,1375141.1239487107
21,SC-SCSA_PLUS,1369325020258983936,2,2,762944.3408788282
21,SC-SCSA_PLUS,1317842770816602114,3,5,341269.0278493058
21,SC-SCSA_PLUS,1344689933978656771,4,2,129283.97152623264
21,SC-SCSA_PLUS,1364666742916583427,5,3,23545.5
21,SC-SCSA_PLUS,1367521202042933249,6,5,16823.744
21,SC-SCSA_PLUS,1367300793485828097,7,5,4153.663366336634
21,SC-SCSA_PLUS,1366443197166096385,8,1,2224.1125974299557
21,SC-SCSA_PLUS,1369075493753020420,9,4,428.2908339076498
21,SC-SCSA_PLUS,1369075561981566976,10,4,342.6326671261199
22,SC-SCSA_PLUS,1364666742916583427,1,3,23545.5
22,SC-SCSA_PLUS,1367521202042933249,2,5,16823.744
22,SC-SCSA_PLUS,1368641210533830657,3,5,14146.65142857143
22,SC-SCSA_PLUS,1369375444793954323,4,5,14018.506065857884
22,SC-SCSA_PLUS,1367300793485828097,5,3,4153.663366336634
22,SC-SCSA_PLUS,1366443197166096385,6,2,2224.1125974299557
22,SC-SCSA_PLUS,1369075493753020420,7,5,428.2908339076498
22,SC-SCSA_PLUS,1369075561981566976,8,5,342.6326671261199
22,SC-SCSA_PLUS,1362776603047165957,9,3,326.4932432432432
22,SC-SCSA_PLUS,1367237010608431106,10,3,282.75199999999995
23,SC-SCSA_PLUS,1337020338916499463,1,3,44598795.10593316
23,SC-SCSA_PLUS,1337022746824499203,2,3,12363804.480589364
23,SC-SCSA_PLUS,1337021907464499204,3,3,10961673.02520912
23,SC-SCSA_PLUS,1362083047785439239,4,3,4919910.654248447
23,SC-SCSA_PLUS,1331748997124534274,5,3,3838752.9610934705
23,SC-SCSA_PLUS,1334711453211889665,6,3,1485057.0304682776
23,SC-SCSA_PLUS,1334726779903168512,7,3,895424.5065219518
23,SC-SCSA_PLUS,1294010972055592962,8,3,361614.94793473615
23,SC-SCSA_PLUS,1350483251291451392,9,5,271554.3661823295
23,SC-SCSA_PLUS,1355167587638906880,10,3,68542.19703303008
24,SC-SCSA_PLUS,1364607745270423556,1,4,16215752.540466014
24,SC-SCSA_PLUS,1336810117057179649,2,2,1433618.5800818051
24,SC-SCSA_PLUS,1365315820080009221,3,4,1375141.1239487107
24,SC-SCSA_PLUS,1336964656792035329,4,2,1356492.80132359
24,SC-SCSA_PLUS,1369325020258983936,5,5,762944.3408788282
24,SC-SCSA_PLUS,1337318168277241857,6,3,171518.5229100602
24,SC-SCSA_PLUS,1365327872643260420,7,4,27627.144629808354
24,SC-SCSA_PLUS,1346517996760666117,8,5,3552.595578673602
24,SC-SCSA_PLUS,1363551492486008834,9,4,952.1052631578947
24,SC-SCSA_PLUS,1362776603047165957,10,5,326.4932432432432
25,SC-SCSA_PLUS,1369441796925886465,1,5,30912.603119584055
25,SC-SCSA_PLUS,1369048387815899139,2,5,26059.76470588235
25,SC-SCSA_PLUS,1369355243406954501,3,5,18152.168110918545
25,SC-SCSA_PLUS,1369375444793954323,4,5,14018.506065857884
25,SC-SCSA_PLUS,1369400194513723396,5,5,4553.019064124783
25,SC-SCSA_PLUS,1349377838722519040,6,1,403.42499999489866
25,SC-SCSA_PLUS,1362776603047165957,7,5,326.4932432432432
25,SC-SCSA_PLUS,1349380288783253504,8,1,134.47499999829955
25,SC-SCSA_PLUS,1354011094751260673,9,4,89.64999999886638
25,SC-SCSA_PLUS,1353672852747284480,10,4,0.0
26,SC-SCSA_PLUS,1350483251291451392,1,4,271554.3661823295
26,SC-SCSA_PLUS,1342062601535164416,2,3,79101.90177252586
26,SC-SCSA_PLUS,1336059119174897665,3,3,58474.26666666667
26,SC-SCSA_PLUS,1369614175048249346,4,4,6524.903225806452
26,SC-SCSA_PLUS,1359597695548153864,5,4,4852.12
26,SC-SCSA_PLUS,1349377838722519040,6,4,403.42499999489866
26,SC-SCSA_PLUS,1362776603047165957,7,4,326.4932432432432
26,SC-SCSA_PLUS,1349380288783253504,8,4,134.47499999829955
26,SC-SCSA_PLUS,1354011094751260673,9,4,89.64999999886638
26,SC-SCSA_PLUS,1353672852747284480,10,3,0.0
27,SC-SCSA_PLUS,1369441796925886465,1,5,30912.603119584055
27,SC-SCSA_PLUS,1369048387815899139,2,4,26059.76470588235
27,SC-SCSA_PLUS,1369355243406954501,3,5,18152.168110918545
27,SC-SCSA_PLUS,1369375444793954323,4,5,14018.506065857884
27,SC-SCSA_PLUS,1369400194513723396,5,5,4553.019064124783
27,SC-SCSA_PLUS,1349377838722519040,6,5,403.42499999489866
27,SC-SCSA_PLUS,1362776603047165957,7,5,326.4932432432432
27,SC-SCSA_PLUS,1349380288783253504,8,5,134.47499999829955
27,SC-SCSA_PLUS,1354011094751260673,9,5,89.64999999886638
27,SC-SCSA_PLUS,1353672852747284480,10,3,0.0
28,SC-SCSA_PLUS,1336810117057179649,1,3,1433618.5800818051
28,SC-SCSA_PLUS,1365315820080009221,2,1,1375141.1239487107
28,SC-SCSA_PLUS,1336964656792035329,3,1,1356492.80132359
28,SC-SCSA_PLUS,1369325020258983936,4,1,762944.3408788282
28,SC-SCSA_PLUS,1317842770816602114,5,3,341269.0278493058
28,SC-SCSA_PLUS,1350483251291451392,6,5,271554.3661823295
28,SC-SCSA_PLUS,1337318168277241857,7,1,171518.5229100602
28,SC-SCSA_PLUS,1344689933978656771,8,1,129283.97152623264
28,SC-SCSA_PLUS,1365327872643260420,9,1,27627.144629808354
28,SC-SCSA_PLUS,1354118501653483523,10,1,491.63551401869154
29,SC-SCSA_PLUS,1337020338916499463,1,3,44598795.10593316
29,SC-SCSA_PLUS,1362083047785439239,2,5,4919910.654248447
29,SC-SCSA_PLUS,1364666742916583427,3,5,23545.5
29,SC-SCSA_PLUS,1367521202042933249,4,4,16823.744
29,SC-SCSA_PLUS,1367300793485828097,5,4,4153.663366336634
29,SC-SCSA_PLUS,1369075493753020420,6,5,428.2908339076498
29,SC-SCSA_PLUS,1369075561981566976,7,5,342.6326671261199
29,SC-SCSA_PLUS,1248277743118086144,8,3,91.94594594594597
29,SC-SCSA_PLUS,1248251408333172738,9,3,61.297297297297305
29,SC-SCSA_PLUS,1369169111478005763,10,3,17.85714285696232
30,SC-SCSA_PLUS,1364666742916583427,1,3,23545.5
30,SC-SCSA_PLUS,1367521202042933249,2,4,16823.744
30,SC-SCSA_PLUS,1368641210533830657,3,4,14146.65142857143
30,SC-SCSA_PLUS,1367300793485828097,4,3,4153.663366336634
30,SC-SCSA_PLUS,1366443197166096385,5,2,2224.1125974299557
30,SC-SCSA_PLUS,1369075493753020420,6,4,428.2908339076498
30,SC-SCSA_PLUS,1369034842222985216,7,4,344.64000000000004
30,SC-SCSA_PLUS,1369075561981566976,8,4,342.6326671261199
30,SC-SCSA_PLUS,1362776603047165957,9,4,326.4932432432432
30,SC-SCSA_PLUS,1367237010608431106,10,2,282.75199999999995
31,SC-SCSA_PLUS,1336810117057179649,1,4,1433618.5800818051
31,SC-SCSA_PLUS,1365315820080009221,2,4,1375141.1239487107
31,SC-SCSA_PLUS,1336964656792035329,3,3,1356492.80132359
31,SC-SCSA_PLUS,1369325020258983936,4,3,762944.3408788282
31,SC-SCSA_PLUS,1337318168277241857,5,5,171518.5229100602
31,SC-SCSA_PLUS,1283912982200631298,6,3,47047.37142857143
31,SC-SCSA_PLUS,1365327872643260420,7,3,27627.144629808354
31,SC-SCSA_PLUS,1318667750408036352,8,2,12863.951020408163
31,SC-SCSA_PLUS,1363551492486008834,9,2,952.1052631578947
31,SC-SCSA_PLUS,1362776603047165957,10,5,326.4932432432432
32,SC-SCSA_PLUS,1362085735063572482,1,2,57893.62712665407
32,SC-SCSA_PLUS,1362074171832958980,2,1,50801.98015122874
32,SC-SCSA_PLUS,1359577321695547392,3,1,33395.21030245747
32,SC-SCSA_PLUS,1369441796925886465,4,2,30912.603119584055
32,SC-SCSA_PLUS,1369048387815899139,5,2,26059.76470588235
32,SC-SCSA_PLUS,1369355243406954501,6,1,18152.168110918545
32,SC-SCSA_PLUS,1369375444793954323,7,3,14018.506065857884
32,SC-SCSA_PLUS,1369614175048249346,8,3,6524.903225806452
32,SC-SCSA_PLUS,1369400194513723396,9,2,4553.019064124783
32,SC-SCSA_PLUS,1362776603047165957,10,2,326.4932432432432
33,SC-SCSA_PLUS,1369441796925886465,1,4,30912.603119584055
33,SC-SCSA_PLUS,1369048387815899139,2,4,26059.76470588235
33,SC-SCSA_PLUS,1369355243406954501,3,3,18152.168110918545
33,SC-SCSA_PLUS,1369375444793954323,4,4,14018.506065857884
33,SC-SCSA_PLUS,1369400194513723396,5,4,4553.019064124783
33,SC-SCSA_PLUS,1369311531360518146,6,4,2210.142852331869
33,SC-SCSA_PLUS,1369326799709212680,7,2,1964.571424294995
33,SC-SCSA_PLUS,1369298875719311360,8,4,736.7142841106231
33,SC-SCSA_PLUS,1369405604595400711,9,4,327.4285707158325
33,SC-SCSA_PLUS,1362776603047165957,10,3,326.4932432432432
34,SC-SCSA_PLUS,1369441796925886465,1,4,30912.603119584055
34,SC-SCSA_PLUS,1369048387815899139,2,3,26059.76470588235
34,SC-SCSA_PLUS,1369355243406954501,3,3,18152.168110918545
34,SC-SCSA_PLUS,1369375444793954323,4,2,14018.506065857884
34,SC-SCSA_PLUS,1369400194513723396,5,1,4553.019064124783
34,SC-SCSA_PLUS,1369311531360518146,6,3,2210.142852331869
34,SC-SCSA_PLUS,1369326799709212680,7,3,1964.571424294995
34,SC-SCSA_PLUS,1369298875719311360,8,4,736.7142841106231
34,SC-SCSA_PLUS,1369405604595400711,9,3,327.4285707158325
34,SC-SCSA_PLUS,1362776603047165957,10,2,326.4932432432432
35,SC-SCSA_PLUS,1151605021345083392,1,4,372143.43080895423
35,SC-SCSA_PLUS,1317842770816602114,2,2,341269.0278493058
35,SC-SCSA_PLUS,1344689933978656771,3,1,129283.97152623264
35,SC-SCSA_PLUS,1265629710941388800,4,1,96799.8645783449
35,SC-SCSA_PLUS,1361046993158692866,5,2,46626.98713826367
35,SC-SCSA_PLUS,1357381035852521474,6,1,1638.7850467289718
35,SC-SCSA_PLUS,1354118501653483523,7,1,491.63551401869154
35,SC-SCSA_PLUS,1349377838722519040,8,3,403.42499999489866
35,SC-SCSA_PLUS,1362776603047165957,9,3,326.4932432432432
35,SC-SCSA_PLUS,1349380288783253504,10,3,134.47499999829955
36,SC-SCSA_PLUS,1273231711908872193,1,4,6568571.705077315
36,SC-SCSA_PLUS,1095067826061262848,2,4,4837831.476983234
36,SC-SCSA_PLUS,1365315820080009221,3,5,1375141.1239487107
36,SC-SCSA_PLUS,1369325020258983936,4,5,762944.3408788282
36,SC-SCSA_PLUS,1317842770816602114,5,5,341269.0278493058
36,SC-SCSA_PLUS,1350483251291451392,6,5,271554.3661823295
36,SC-SCSA_PLUS,1182112257708306433,7,4,156639.83707565616
36,SC-SCSA_PLUS,1344689933978656771,8,5,129283.97152623264
36,SC-SCSA_PLUS,1336059119174897665,9,4,58474.26666666667
36,SC-SCSA_PLUS,1364666742916583427,10,5,23545.5
37,SC-SCSA_PLUS,1337020338916499463,1,4,44598795.10593316
37,SC-SCSA_PLUS,1337022746824499203,2,4,12363804.480589364
37,SC-SCSA_PLUS,1337021907464499204,3,5,10961673.02520912
37,SC-SCSA_PLUS,1362083047785439239,4,4,4919910.654248447
37,SC-SCSA_PLUS,1331748997124534274,5,5,3838752.9610934705
37,SC-SCSA_PLUS,1294010972055592962,6,4,361614.94793473615
37,SC-SCSA_PLUS,1317842770816602114,7,2,341269.0278493058
37,SC-SCSA_PLUS,1354545532044075013,8,1,232688.3410404624
37,SC-SCSA_PLUS,1344689933978656771,9,1,129283.97152623264
37,SC-SCSA_PLUS,1355167587638906880,10,3,68542.19703303008
38,SC-SCSA_PLUS,1362074171832958980,1,3,50801.98015122874
38,SC-SCSA_PLUS,1369311531360518146,2,5,2210.142852331869
38,SC-SCSA_PLUS,1369326799709212680,3,5,1964.571424294995
38,SC-SCSA_PLUS,1369298875719311360,4,5,736.7142841106231
38,SC-SCSA_PLUS,1369315042236174343,5,4,491.14285607374876
38,SC-SCSA_PLUS,1349377838722519040,6,5,403.42499999489866
38,SC-SCSA_PLUS,1369405604595400711,7,5,327.4285707158325
38,SC-SCSA_PLUS,1349380288783253504,8,5,134.47499999829955
38,SC-SCSA_PLUS,1354011094751260673,9,5,89.64999999886638
38,SC-SCSA_PLUS,1353672852747284480,10,5,0.0
39,SC-SCSA_PLUS,1364666742916583427,1,3,23545.5
39,SC-SCSA_PLUS,1367521202042933249,2,5,16823.744
39,SC-SCSA_PLUS,1368641210533830657,3,3,14146.65142857143
39,SC-SCSA_PLUS,1367300793485828097,4,5,4153.663366336634
39,SC-SCSA_PLUS,1366443197166096385,5,5,2224.1125974299557
39,SC-SCSA_PLUS,1369075493753020420,6,5,428.2908339076498
39,SC-SCSA_PLUS,1349377838722519040,7,5,403.42499999489866
39,SC-SCSA_PLUS,1369075561981566976,8,5,342.6326671261199
39,SC-SCSA_PLUS,1367237010608431106,9,5,282.75199999999995
39,SC-SCSA_PLUS,1349380288783253504,10,5,134.47499999829955
40,SC-SCSA_PLUS,1337020338916499463,1,5,44598795.10593316
40,SC-SCSA_PLUS,1337022746824499203,2,5,12363804.480589364
40,SC-SCSA_PLUS,1337021907464499204,3,5,10961673.02520912
40,SC-SCSA_PLUS,1362083047785439239,4,3,4919910.654248447
40,SC-SCSA_PLUS,1331748997124534274,5,2,3838752.9610934705
40,SC-SCSA_PLUS,1365113385658970113,6,2,660260.7135714545
40,SC-SCSA_PLUS,1294010972055592962,7,5,361614.94793473615
40,SC-SCSA_PLUS,1350483251291451392,8,5,271554.3661823295
40,SC-SCSA_PLUS,1355167587638906880,9,2,68542.19703303008
40,SC-SCSA_PLUS,1366167129754537984,10,2,310.73893805309734
41,SC-SCSA_PLUS,1337020338916499463,1,1,44598795.10593316
41,SC-SCSA_PLUS,1337022746824499203,2,2,12363804.480589364
41,SC-SCSA_PLUS,1337021907464499204,3,1,10961673.02520912
41,SC-SCSA_PLUS,1362083047785439239,4,4,4919910.654248447
41,SC-SCSA_PLUS,1331748997124534274,5,3,3838752.9610934705
41,SC-SCSA_PLUS,1334726779903168512,6,1,895424.5065219518
41,SC-SCSA_PLUS,1294010972055592962,7,1,361614.94793473615
41,SC-SCSA_PLUS,1317842770816602114,8,4,341269.0278493058
41,SC-SCSA_PLUS,1354545532044075013,9,4,232688.3410404624
41,SC-SCSA_PLUS,1344689933978656771,10,4,129283.97152623264
42,SC-SCSA_PLUS,1364666742916583427,1,5,23545.5
42,SC-SCSA_PLUS,1367521202042933249,2,5,16823.744
42,SC-SCSA_PLUS,1367300793485828097,3,1,4153.663366336634
42,SC-SCSA_PLUS,1366443197166096385,4,5,2224.1125974299557
42,SC-SCSA_PLUS,1369075493753020420,5,2,428.2908339076498
42,SC-SCSA_PLUS,1369075561981566976,6,2,342.6326671261199
42,SC-SCSA_PLUS,1368080635655450627,7,5,214.28571428354783
42,SC-SCSA_PLUS,1248277743118086144,8,2,91.94594594594597
42,SC-SCSA_PLUS,1248251408333172738,9,2,61.297297297297305
42,SC-SCSA_PLUS,1369169111478005763,10,2,17.85714285696232
43,SC-SCSA_PLUS,1337020338916499463,1,5,44598795.10593316
43,SC-SCSA_PLUS,1337022746824499203,2,5,12363804.480589364
43,SC-SCSA_PLUS,1337021907464499204,3,5,10961673.02520912
43,SC-SCSA_PLUS,1362083047785439239,4,5,4919910.654248447
43,SC-SCSA_PLUS,1331748997124534274,5,5,3838752.9610934705
43,SC-SCSA_PLUS,1334726779903168512,6,5,895424.5065219518
43,SC-SCSA_PLUS,1294010972055592962,7,5,361614.94793473615
43,SC-SCSA_PLUS,1350483251291451392,8,5,271554.3661823295
43,SC-SCSA_PLUS,1355167587638906880,9,5,68542.19703303008
43,SC-SCSA_PLUS,1368245651046207493,10,5,57172.13329452852
44,SC-SCSA_PLUS,1317842770816602114,1,5,341269.0278493058
44,SC-SCSA_PLUS,1344689933978656771,2,5,129283.97152623264
44,SC-SCSA_PLUS,1283912982200631298,3,5,47047.37142857143
44,SC-SCSA_PLUS,1369441796925886465,4,5,30912.603119584055
44,SC-SCSA_PLUS,1369048387815899139,5,5,26059.76470588235
44,SC-SCSA_PLUS,1369355243406954501,6,5,18152.168110918545
44,SC-SCSA_PLUS,1369375444793954323,7,5,14018.506065857884
44,SC-SCSA_PLUS,1318667750408036352,8,5,12863.951020408163
44,SC-SCSA_PLUS,1369400194513723396,9,5,4553.019064124783
44,SC-SCSA_PLUS,1354118501653483523,10,4,491.63551401869154
45,SC-SCSA_PLUS,1327954760251662337,1,5,206955.30162783276
45,SC-SCSA_PLUS,1368909409775149064,2,4,81224.16439670057
45,SC-SCSA_PLUS,1367462925250818061,3,4,36712.47902097902
45,SC-SCSA_PLUS,1241401189721350145,4,3,4951.828003457217
45,SC-SCSA_PLUS,1303249708169613313,5,5,4384.285714285715
45,SC-SCSA_PLUS,1368932010971004931,6,5,1263.7578422053234
45,SC-SCSA_PLUS,1324374402750767104,7,5,1010.0412371134021
45,SC-SCSA_PLUS,1362360519626227713,8,4,293.5379591836735
45,SC-SCSA_PLUS,1242106541999783936,9,4,46.146067415730336
45,SC-SCSA_PLUS,1308393354120421376,10,5,12.499999999948688
46,SC-SCSA_PLUS,1369441796925886465,1,5,30912.603119584055
46,SC-SCSA_PLUS,1369048387815899139,2,4,26059.76470588235
46,SC-SCSA_PLUS,1369355243406954501,3,2,18152.168110918545
46,SC-SCSA_PLUS,1369375444793954323,4,5,14018.506065857884
46,SC-SCSA_PLUS,1369400194513723396,5,5,4553.019064124783
46,SC-SCSA_PLUS,1369311531360518146,6,5,2210.142852331869
46,SC-SCSA_PLUS,1369326799709212680,7,5,1964.571424294995
46,SC-SCSA_PLUS,1369298875719311360,8,5,736.7142841106231
46,SC-SCSA_PLUS,1369405604595400711,9,5,327.4285707158325
46,SC-SCSA_PLUS,1362776603047165957,10,5,326.4932432432432
47,SC-SCSA_PLUS,1337020338916499463,1,5,44598795.10593316
47,SC-SCSA_PLUS,1337021907464499204,2,5,10961673.02520912
47,SC-SCSA_PLUS,1362083047785439239,3,5,4919910.654248447
47,SC-SCSA_PLUS,1331748997124534274,4,5,3838752.9610934705
47,SC-SCSA_PLUS,1294010972055592962,5,5,361614.94793473615
47,SC-SCSA_PLUS,1355167587638906880,6,1,68542.19703303008
47,SC-SCSA_PLUS,1369311531360518146,7,5,2210.142852331869
47,SC-SCSA_PLUS,1368932010971004931,8,5,1263.7578422053234
47,SC-SCSA_PLUS,1369298875719311360,9,5,736.7142841106231
47,SC-SCSA_PLUS,1369405604595400711,10,5,327.4285707158325
48,SC-SCSA_PLUS,1322257618178609153,1,4,56649.418128654965
48,SC-SCSA_PLUS,1325738196374876161,2,5,18274.005847953216
48,SC-SCSA_PLUS,1369375444793954323,3,5,14018.506065857884
48,SC-SCSA_PLUS,1369311531360518146,4,5,2210.142852331869
48,SC-SCSA_PLUS,1322257265496334336,5,5,1582.4912280701753
48,SC-SCSA_PLUS,1369405604595400711,6,5,327.4285707158325
48,SC-SCSA_PLUS,1294355303329341442,7,5,231.08823519548974
48,SC-SCSA_PLUS,1369054744786989056,8,4,44.95212765957447
48,SC-SCSA_PLUS,1369297616245231638,9,4,29.96808510638298
48,SC-SCSA_PLUS,1368610152081985537,10,4,7.492021276595745
49,SC-SCSA_PLUS,1322257618178609153,1,2,56649.418128654965
49,SC-SCSA_PLUS,1325738196374876161,2,1,18274.005847953216
49,SC-SCSA_PLUS,1303249708169613313,3,2,4384.285714285715
49,SC-SCSA_PLUS,1322257265496334336,4,3,1582.4912280701753
49,SC-SCSA_PLUS,1368932010971004931,5,5,1263.7578422053234
49,SC-SCSA_PLUS,1294355303329341442,6,5,231.08823519548974
49,SC-SCSA_PLUS,1369054744786989056,7,5,44.95212765957447
49,SC-SCSA_PLUS,1369297616245231638,8,5,29.96808510638298
49,SC-SCSA_PLUS,1368271872002035713,9,5,29.96808510638298
49,SC-SCSA_PLUS,1368610152081985537,10,5,7.492021276595745
50,SC-SCSA_PLUS,1317842770816602114,1,5,341269.0278493058
50,SC-SCSA_PLUS,1344689933978656771,2,5,129283.97152623264
50,SC-SCSA_PLUS,1368909409775149064,3,5,81224.16439670057
50,SC-SCSA_PLUS,1367462925250818061,4,5,36712.47902097902
50,SC-SCSA_PLUS,1369441796925886465,5,5,30912.603119584055
50,SC-SCSA_PLUS,1369048387815899139,6,5,26059.76470588235
50,SC-SCSA_PLUS,1369375444793954323,7,4,14018.506065857884
50,SC-SCSA_PLUS,1369400194513723396,8,4,4553.019064124783
50,SC-SCSA_PLUS,1368932010971004931,9,5,1263.7578422053234
50,SC-SCSA_PLUS,1354118501653483523,10,4,491.63551401869154
51,SC-SCSA_PLUS,1317842770816602114,1,5,341269.0278493058
51,SC-SCSA_PLUS,1354545532044075013,2,1,232688.3410404624
51,SC-SCSA_PLUS,1344689933978656771,3,1,129283.97152623264
51,SC-SCSA_PLUS,1364666742916583427,4,5,23545.5
51,SC-SCSA_PLUS,1367521202042933249,5,5,16823.744
51,SC-SCSA_PLUS,1367300793485828097,6,1,4153.663366336634
51,SC-SCSA_PLUS,1366443197166096385,7,5,2224.1125974299557
51,SC-SCSA_PLUS,1369075493753020420,8,2,428.2908339076498
51,SC-SCSA_PLUS,1369075561981566976,9,2,342.6326671261199
51,SC-SCSA_PLUS,1367237010608431106,10,5,282.75199999999995
53,SC-SCSA_PLUS,1365315820080009221,1,2,1375141.1239487107
53,SC-SCSA_PLUS,1369325020258983936,2,2,762944.3408788282
53,SC-SCSA_PLUS,1354545532044075013,3,1,232688.3410404624
53,SC-SCSA_PLUS,1364666742916583427,4,1,23545.5
53,SC-SCSA_PLUS,1367521202042933249,5,1,16823.744
53,SC-SCSA_PLUS,1367300793485828097,6,1,4153.663366336634
53,SC-SCSA_PLUS,1366443197166096385,7,1,2224.1125974299557
53,SC-SCSA_PLUS,1369075493753020420,8,4,428.2908339076498
53,SC-SCSA_PLUS,1369075561981566976,9,4,342.6326671261199
53,SC-SCSA_PLUS,1367237010608431106,10,1,282.75199999999995
54,SC-SCSA_PLUS,1317842770816602114,1,5,341269.0278493058
54,SC-SCSA_PLUS,1354545532044075013,2,3,232688.3410404624
54,SC-SCSA_PLUS,1344689933978656771,3,4,129283.97152623264
54,SC-SCSA_PLUS,1364666742916583427,4,3,23545.5
54,SC-SCSA_PLUS,1367521202042933249,5,5,16823.744
54,SC-SCSA_PLUS,1367300793485828097,6,3,4153.663366336634
54,SC-SCSA_PLUS,1366443197166096385,7,5,2224.1125974299557
54,SC-SCSA_PLUS,1369075493753020420,8,3,428.2908339076498
54,SC-SCSA_PLUS,1369075561981566976,9,3,342.6326671261199
54,SC-SCSA_PLUS,1367237010608431106,10,3,282.75199999999995
55,SC-SCSA_PLUS,1368245651046207493,1,4,57172.13329452852
55,SC-SCSA_PLUS,1322257618178609153,2,5,56649.418128654965
55,SC-SCSA_PLUS,1325738196374876161,3,4,18274.005847953216
55,SC-SCSA_PLUS,1322257265496334336,4,4,1582.4912280701753
55,SC-SCSA_PLUS,1368932010971004931,5,5,1263.7578422053234
55,SC-SCSA_PLUS,1294355303329341442,6,4,231.08823519548974
55,SC-SCSA_PLUS,1369054744786989056,7,4,44.95212765957447
55,SC-SCSA_PLUS,1369297616245231638,8,4,29.96808510638298
55,SC-SCSA_PLUS,1368271872002035713,9,4,29.96808510638298
55,SC-SCSA_PLUS,1368610152081985537,10,4,7.492021276595745
57,SC-SCSA_PLUS,1286599815967776768,1,5,235336.6568240152
57,SC-SCSA_PLUS,1369441796925886465,2,5,30912.603119584055
57,SC-SCSA_PLUS,1369375444793954323,3,5,14018.506065857884
57,SC-SCSA_PLUS,1351483359244005376,4,5,7801.273756282779
57,SC-SCSA_PLUS,1369400194513723396,5,5,4553.019064124783
57,SC-SCSA_PLUS,1369311531360518146,6,5,2210.142852331869
57,SC-SCSA_PLUS,1369326799709212680,7,5,1964.571424294995
57,SC-SCSA_PLUS,1300884239626522624,8,5,1539.22665928217
57,SC-SCSA_PLUS,1369298875719311360,9,5,736.7142841106231
57,SC-SCSA_PLUS,1369405604595400711,10,5,327.4285707158325
58,SC-SCSA_PLUS,1364666742916583427,1,5,23545.5
58,SC-SCSA_PLUS,1367521202042933249,2,5,16823.744
58,SC-SCSA_PLUS,1367300793485828097,3,5,4153.663366336634
58,SC-SCSA_PLUS,1366443197166096385,4,5,2224.1125974299557
58,SC-SCSA_PLUS,1369075493753020420,5,5,428.2908339076498
58,SC-SCSA_PLUS,1349377838722519040,6,5,403.42499999489866
58,SC-SCSA_PLUS,1369075561981566976,7,5,342.6326671261199
58,SC-SCSA_PLUS,1362776603047165957,8,5,326.4932432432432
58,SC-SCSA_PLUS,1367237010608431106,9,5,282.75199999999995
58,SC-SCSA_PLUS,1349380288783253504,10,5,134.47499999829955
59,SC-SCSA_PLUS,1317842770816602114,1,5,341269.0278493058
59,SC-SCSA_PLUS,1354545532044075013,2,5,232688.3410404624
59,SC-SCSA_PLUS,1344689933978656771,3,5,129283.97152623264
59,SC-SCSA_PLUS,1364666742916583427,4,5,23545.5
59,SC-SCSA_PLUS,1367521202042933249,5,5,16823.744
59,SC-SCSA_PLUS,1367300793485828097,6,5,4153.663366336634
59,SC-SCSA_PLUS,1366443197166096385,7,5,2224.1125974299557
59,SC-SCSA_PLUS,1369075493753020420,8,5,428.2908339076498
59,SC-SCSA_PLUS,1369075561981566976,9,5,342.6326671261199
59,SC-SCSA_PLUS,1367237010608431106,10,5,282.75199999999995
60,SC-SCSA_PLUS,1317842770816602114,1,5,341269.0278493058
60,SC-SCSA_PLUS,1354545532044075013,2,5,232688.3410404624
60,SC-SCSA_PLUS,1344689933978656771,3,5,129283.97152623264
60,SC-SCSA_PLUS,1364666742916583427,4,5,23545.5
60,SC-SCSA_PLUS,1367521202042933249,5,5,16823.744
60,SC-SCSA_PLUS,1367300793485828097,6,5,4153.663366336634
60,SC-SCSA_PLUS,1366443197166096385,7,5,2224.1125974299557
60,SC-SCSA_PLUS,1369075493753020420,8,5,428.2908339076498
60,SC-SCSA_PLUS,1369075561981566976,9,5,342.6326671261199
60,SC-SCSA_PLUS,1367237010608431106,10,5,282.75199999999995
61,SC-SCSA_PLUS,1317842770816602114,1,5,341269.0278493058
61,SC-SCSA_PLUS,1354545532044075013,2,4,232688.3410404624
61,SC-SCSA_PLUS,1344689933978656771,3,4,129283.97152623264
61,SC-SCSA_PLUS,1367947939579006979,4,4,827.3413705583757
61,SC-SCSA_PLUS,1368080635655450627,5,4,214.28571428354783
61,SC-SCSA_PLUS,1367946026674352134,6,5,135.0761421319797
61,SC-SCSA_PLUS,1248277743118086144,7,3,91.94594594594597
61,SC-SCSA_PLUS,1248251408333172738,8,4,61.297297297297305
61,SC-SCSA_PLUS,1242251884007534592,9,4,30.648648648648653
61,SC-SCSA_PLUS,1369169111478005763,10,4,17.85714285696232
62,SC-SCSA_PLUS,1337020338916499463,1,3,44598795.10593316
62,SC-SCSA_PLUS,1337022746824499203,2,3,12363804.480589364
62,SC-SCSA_PLUS,1337021907464499204,3,3,10961673.02520912
62,SC-SCSA_PLUS,1362083047785439239,4,3,4919910.654248447
62,SC-SCSA_PLUS,1331748997124534274,5,3,3838752.9610934705
62,SC-SCSA_PLUS,1365315820080009221,6,3,1375141.1239487107
62,SC-SCSA_PLUS,1369325020258983936,7,4,762944.3408788282
62,SC-SCSA_PLUS,1294010972055592962,8,3,361614.94793473615
62,SC-SCSA_PLUS,1354545532044075013,9,3,232688.3410404624
62,SC-SCSA_PLUS,1355167587638906880,10,3,68542.19703303008
63,SC-SCSA_PLUS,1362085735063572482,1,5,57893.62712665407
63,SC-SCSA_PLUS,1362074171832958980,2,4,50801.98015122874
63,SC-SCSA_PLUS,1359577321695547392,3,5,33395.21030245747
63,SC-SCSA_PLUS,1369441796925886465,4,4,30912.603119584055
63,SC-SCSA_PLUS,1369441796925886465,5,5,30912.603119584055
63,SC-SCSA_PLUS,1369048387815899139,6,5,26059.76470588235
63,SC-SCSA_PLUS,1369048387815899139,7,5,26059.76470588235
63,SC-SCSA_PLUS,1369355243406954501,8,5,18152.168110918545
63,SC-SCSA_PLUS,1369355243406954501,9,5,18152.168110918545
63,SC-SCSA_PLUS,1369375444793954323,10,5,14018.506065857884
66,SC-SCSA_PLUS,1365113385658970113,1,5,660260.7135714545
66,SC-SCSA_PLUS,1317810926133874689,2,5,57020.31438273145
66,SC-SCSA_PLUS,1283912982200631298,3,5,47047.37142857143
66,SC-SCSA_PLUS,1318667750408036352,4,5,12863.951020408163
66,SC-SCSA_PLUS,1354565152939544576,5,5,7769.855791240652
66,SC-SCSA_PLUS,1344784297316786177,6,5,2000.646748681898
66,SC-SCSA_PLUS,1340975456644939777,7,5,1670.21875
66,SC-SCSA_PLUS,1349377838722519040,8,5,403.42499999489866
66,SC-SCSA_PLUS,1366167129754537984,9,2,310.73893805309734
66,SC-SCSA_PLUS,1349380288783253504,10,5,134.47499999829955
67,SC-SCSA_PLUS,1362085735063572482,1,4,57893.62712665407
67,SC-SCSA_PLUS,1362074171832958980,2,4,50801.98015122874
67,SC-SCSA_PLUS,1359577321695547392,3,5,33395.21030245747
67,SC-SCSA_PLUS,1369614175048249346,4,4,6524.903225806452
67,SC-SCSA_PLUS,1369311531360518146,5,3,2210.142852331869
67,SC-SCSA_PLUS,1369326799709212680,6,3,1964.571424294995
67,SC-SCSA_PLUS,1369298875719311360,7,3,736.7142841106231
67,SC-SCSA_PLUS,1369315042236174343,8,4,491.14285607374876
67,SC-SCSA_PLUS,1369405604595400711,9,3,327.4285707158325
67,SC-SCSA_PLUS,1362776603047165957,10,3,326.4932432432432
68,SC-SCSA_PLUS,1364607745270423556,1,5,16215752.540466014
68,SC-SCSA_PLUS,1336810117057179649,2,5,1433618.5800818051
68,SC-SCSA_PLUS,1365315820080009221,3,5,1375141.1239487107
68,SC-SCSA_PLUS,1336964656792035329,4,3,1356492.80132359
68,SC-SCSA_PLUS,1369325020258983936,5,5,762944.3408788282
68,SC-SCSA_PLUS,1350483251291451392,6,5,271554.3661823295
68,SC-SCSA_PLUS,1337318168277241857,7,3,171518.5229100602
68,SC-SCSA_PLUS,1342062601535164416,8,5,79101.90177252586
68,SC-SCSA_PLUS,1359932980974657536,9,5,67655.93701663932
68,SC-SCSA_PLUS,1336059119174897665,10,5,58474.26666666667
70,SC-SCSA_PLUS,1369441796925886465,1,5,30912.603119584055
70,SC-SCSA_PLUS,1369048387815899139,2,5,26059.76470588235
70,SC-SCSA_PLUS,1369355243406954501,3,5,18152.168110918545
70,SC-SCSA_PLUS,1369375444793954323,4,5,14018.506065857884
70,SC-SCSA_PLUS,1369400194513723396,5,5,4553.019064124783
70,SC-SCSA_PLUS,1349377838722519040,6,3,403.42499999489866
70,SC-SCSA_PLUS,1362776603047165957,7,4,326.4932432432432
70,SC-SCSA_PLUS,1349380288783253504,8,3,134.47499999829955
70,SC-SCSA_PLUS,1354011094751260673,9,3,89.64999999886638
70,SC-SCSA_PLUS,1353672852747284480,10,3,0.0
71,SC-SCSA_PLUS,1336810117057179649,1,5,1433618.5800818051
71,SC-SCSA_PLUS,1365315820080009221,2,5,1375141.1239487107
71,SC-SCSA_PLUS,1336964656792035329,3,5,1356492.80132359
71,SC-SCSA_PLUS,1369325020258983936,4,5,762944.3408788282
71,SC-SCSA_PLUS,1317842770816602114,5,5,341269.0278493058
71,SC-SCSA_PLUS,1354545532044075013,6,5,232688.3410404624
71,SC-SCSA_PLUS,1337318168277241857,7,5,171518.5229100602
71,SC-SCSA_PLUS,1344689933978656771,8,5,129283.97152623264
71,SC-SCSA_PLUS,1365327872643260420,9,5,27627.144629808354
71,SC-SCSA_PLUS,1367963978421264385,10,5,134.87636943750104
72,SC-SCSA_PLUS,1369441796925886465,1,5,30912.603119584055
72,SC-SCSA_PLUS,1369375444793954323,2,5,14018.506065857884
72,SC-SCSA_PLUS,1354520696358137868,3,5,2844.8323699421967
72,SC-SCSA_PLUS,1356255250680864768,4,5,417.93196060877347
72,SC-SCSA_PLUS,1349377838722519040,5,5,403.42499999489866
72,SC-SCSA_PLUS,1334873913210380298,6,5,225.59777686929795
72,SC-SCSA_PLUS,1326033569555181568,7,3,199.7368420849162
72,SC-SCSA_PLUS,1349380288783253504,8,5,134.47499999829955
72,SC-SCSA_PLUS,1334130051554668547,9,5,52.026677354831236
72,SC-SCSA_PLUS,1354807067232489475,10,5,32.14861235452104
73,SC-SCSA_PLUS,1362085735063572482,1,1,57893.62712665407
73,SC-SCSA_PLUS,1362074171832958980,2,1,50801.98015122874
73,SC-SCSA_PLUS,1359577321695547392,3,1,33395.21030245747
73,SC-SCSA_PLUS,1369614175048249346,4,4,6524.903225806452
73,SC-SCSA_PLUS,1369311531360518146,5,4,2210.142852331869
73,SC-SCSA_PLUS,1369326799709212680,6,3,1964.571424294995
73,SC-SCSA_PLUS,1369298875719311360,7,2,736.7142841106231
73,SC-SCSA_PLUS,1369315042236174343,8,3,491.14285607374876
73,SC-SCSA_PLUS,1369405604595400711,9,4,327.4285707158325
73,SC-SCSA_PLUS,1362776603047165957,10,4,326.4932432432432
74,SC-SCSA_PLUS,1369441796925886465,1,3,30912.603119584055
74,SC-SCSA_PLUS,1369048387815899139,2,3,26059.76470588235
74,SC-SCSA_PLUS,1369355243406954501,3,3,18152.168110918545
74,SC-SCSA_PLUS,1369375444793954323,4,2,14018.506065857884
74,SC-SCSA_PLUS,1369400194513723396,5,4,4553.019064124783
74,SC-SCSA_PLUS,1369311531360518146,6,4,2210.142852331869
74,SC-SCSA_PLUS,1369326799709212680,7,4,1964.571424294995
74,SC-SCSA_PLUS,1369298875719311360,8,3,736.7142841106231
74,SC-SCSA_PLUS,1369405604595400711,9,4,327.4285707158325
74,SC-SCSA_PLUS,1362776603047165957,10,3,326.4932432432432
76,SC-SCSA_PLUS,1337020338916499463,1,5,44598795.10593316
76,SC-SCSA_PLUS,1337022746824499203,2,4,12363804.480589364
76,SC-SCSA_PLUS,1337021907464499204,3,5,10961673.02520912
76,SC-SCSA_PLUS,1273231711908872193,4,5,6568571.705077315
76,SC-SCSA_PLUS,1362083047785439239,5,5,4919910.654248447
76,SC-SCSA_PLUS,1331748997124534274,6,5,3838752.9610934705
76,SC-SCSA_PLUS,1334711453211889665,7,5,1485057.0304682776
76,SC-SCSA_PLUS,1334726779903168512,8,5,895424.5065219518
76,SC-SCSA_PLUS,1294010972055592962,9,4,361614.94793473615
76,SC-SCSA_PLUS,1355167587638906880,10,5,68542.19703303008
77,SC-SCSA_PLUS,1369614175048249346,1,5,6524.903225806452
77,SC-SCSA_PLUS,1369311531360518146,2,4,2210.142852331869
77,SC-SCSA_PLUS,1369326799709212680,3,4,1964.571424294995
77,SC-SCSA_PLUS,1369298875719311360,4,4,736.7142841106231
77,SC-SCSA_PLUS,1349377838722519040,5,4,403.42499999489866
77,SC-SCSA_PLUS,1369405604595400711,6,5,327.4285707158325
77,SC-SCSA_PLUS,1362776603047165957,7,4,326.4932432432432
77,SC-SCSA_PLUS,1349380288783253504,8,5,134.47499999829955
77,SC-SCSA_PLUS,1354011094751260673,9,4,89.64999999886638
77,SC-SCSA_PLUS,1353672852747284480,10,5,0.0
78,SC-SCSA_PLUS,1367113993815547906,1,2,394003.1996812173
78,SC-SCSA_PLUS,1368909409775149064,2,1,81224.16439670057
78,SC-SCSA_PLUS,1368245651046207493,3,3,57172.13329452852
78,SC-SCSA_PLUS,1367462925250818061,4,1,36712.47902097902
78,SC-SCSA_PLUS,1368580185642110982,5,2,26338.185314685317
78,SC-SCSA_PLUS,1303249708169613313,6,1,4384.285714285715
78,SC-SCSA_PLUS,1366499073671454725,7,2,1755.609057782405
78,SC-SCSA_PLUS,1368932010971004931,8,2,1263.7578422053234
78,SC-SCSA_PLUS,1324374402750767104,9,1,1010.0412371134021
78,SC-SCSA_PLUS,1319402828285108225,10,2,583.5793814432989
79,SC-SCSA_PLUS,1273231711908872193,1,4,6568571.705077315
79,SC-SCSA_PLUS,1095067826061262848,2,5,4837831.476983234
79,SC-SCSA_PLUS,1350483251291451392,3,5,271554.3661823295
79,SC-SCSA_PLUS,1182112257708306433,4,5,156639.83707565616
79,SC-SCSA_PLUS,1336059119174897665,5,5,58474.26666666667
79,SC-SCSA_PLUS,1366561763962073092,6,5,19575.987670898438
79,SC-SCSA_PLUS,1359597695548153864,7,3,4852.12
79,SC-SCSA_PLUS,1365320876510560258,8,4,1624.4435881627621
79,SC-SCSA_PLUS,1338584496489172992,9,4,358.5
79,SC-SCSA_PLUS,1364683920965578753,10,4,37.453125
81,SC-SCSA_PLUS,1367113993815547906,1,5,394003.1996812173
81,SC-SCSA_PLUS,1350483251291451392,2,5,271554.3661823295
81,SC-SCSA_PLUS,1368909409775149064,3,5,81224.16439670057
81,SC-SCSA_PLUS,1367462925250818061,4,5,36712.47902097902
81,SC-SCSA_PLUS,1368649404702408707,5,5,28708.17482517483
81,SC-SCSA_PLUS,1368580185642110982,6,5,26338.185314685317
81,SC-SCSA_PLUS,1359597695548153864,7,5,4852.12
81,SC-SCSA_PLUS,1366499073671454725,8,5,1755.609057782405
81,SC-SCSA_PLUS,1368932010971004931,9,5,1263.7578422053234
81,SC-SCSA_PLUS,1362776603047165957,10,5,326.4932432432432
1,SC-SCSA_PLUS_V3,1336964656792035329,1,2,1.571054823647996
1,SC-SCSA_PLUS_V3,1365327872643260420,2,1,1.266392654155191
1,SC-SCSA_PLUS_V3,1336810117057179649,3,3,1.0720030643812404
1,SC-SCSA_PLUS_V3,1344689933978656771,4,5,0.579147458086167
1,SC-SCSA_PLUS_V3,1369441796925886465,5,3,0.370517095900714
1,SC-SCSA_PLUS_V3,1369325020258983936,6,5,0.34364021505209297
1,SC-SCSA_PLUS_V3,1369375444793954323,7,5,0.32762382003458496
1,SC-SCSA_PLUS_V3,1365315820080009221,8,4,0.06429507896269028
1,SC-SCSA_PLUS_V3,1317842770816602114,9,3,0.036825190895878365
1,SC-SCSA_PLUS_V3,1369400194513723396,10,4,-0.053546368691624935
2,SC-SCSA_PLUS_V3,1362074171832958980,1,3,1.9782294111797167
2,SC-SCSA_PLUS_V3,1362776603047165957,2,2,1.6550590658248516
2,SC-SCSA_PLUS_V3,1362085735063572482,3,3,0.8822905818186336
2,SC-SCSA_PLUS_V3,1359577321695547392,4,3,0.7422847473734989
2,SC-SCSA_PLUS_V3,1369048387815899139,5,2,0.44337431720349446
2,SC-SCSA_PLUS_V3,1369614175048249346,6,4,0.40982746995796543
2,SC-SCSA_PLUS_V3,1369441796925886465,7,2,0.370517095900714
2,SC-SCSA_PLUS_V3,1369375444793954323,8,3,0.32762382003458496
2,SC-SCSA_PLUS_V3,1369355243406954501,9,2,0.0653632784150107
2,SC-SCSA_PLUS_V3,1369400194513723396,10,4,-0.053546368691624935
3,SC-SCSA_PLUS_V3,1369075493753020420,1,2,4.866327358172855
3,SC-SCSA_PLUS_V3,1369075561981566976,2,2,3.966294735209799
3,SC-SCSA_PLUS_V3,1367300793485828097,3,3,2.8091701339500426
3,SC-SCSA_PLUS_V3,1303249708169613313,4,2,1.656562767991547
3,SC-SCSA_PLUS_V3,1366443197166096385,5,4,1.5957772464231668
3,SC-SCSA_PLUS_V3,1367237010608431106,6,3,1.4178615926113103
3,SC-SCSA_PLUS_V3,1369325020258983936,7,3,0.34364021505209297
3,SC-SCSA_PLUS_V3,1367521202042933249,8,5,0.06594581157947739
3,SC-SCSA_PLUS_V3,1365315820080009221,9,4,0.06429507896269028
3,SC-SCSA_PLUS_V3,1364666742916583427,10,3,0.0416769232374319
4,SC-SCSA_PLUS_V3,1349380288783253504,1,2,2.9377052758709996
4,SC-SCSA_PLUS_V3,1349377838722519040,2,2,2.872215233545066
4,SC-SCSA_PLUS_V3,1362776603047165957,3,5,1.6550590658248516
4,SC-SCSA_PLUS_V3,1354011094751260673,4,4,1.1497042623352942
4,SC-SCSA_PLUS_V3,1353672852747284480,5,4,0.7262639556751396
4,SC-SCSA_PLUS_V3,1369048387815899139,6,5,0.44337431720349446
4,SC-SCSA_PLUS_V3,1369441796925886465,7,3,0.370517095900714
4,SC-SCSA_PLUS_V3,1369375444793954323,8,5,0.32762382003458496
4,SC-SCSA_PLUS_V3,1369355243406954501,9,5,0.0653632784150107
4,SC-SCSA_PLUS_V3,1369400194513723396,10,5,-0.053546368691624935
5,SC-SCSA_PLUS_V3,1362074171832958980,1,3,1.9782294111797167
5,SC-SCSA_PLUS_V3,1362776603047165957,2,5,1.6550590658248516
5,SC-SCSA_PLUS_V3,1362085735063572482,3,1,0.8822905818186336
5,SC-SCSA_PLUS_V3,1359577321695547392,4,1,0.7422847473734989
5,SC-SCSA_PLUS_V3,1369048387815899139,5,4,0.44337431720349446
5,SC-SCSA_PLUS_V3,1369614175048249346,6,4,0.40982746995796543
5,SC-SCSA_PLUS_V3,1369441796925886465,7,5,0.370517095900714
5,SC-SCSA_PLUS_V3,1369375444793954323,8,5,0.32762382003458496
5,SC-SCSA_PLUS_V3,1369355243406954501,9,5,0.0653632784150107
5,SC-SCSA_PLUS_V3,1369400194513723396,10,5,-0.053546368691624935
6,SC-SCSA_PLUS_V3,1369298875719311360,1,5,2.9539182119378724
6,SC-SCSA_PLUS_V3,1294010972055592962,2,3,2.035093293921306
6,SC-SCSA_PLUS_V3,1362083047785439239,3,4,1.5442247406586809
6,SC-SCSA_PLUS_V3,1331748997124534274,4,4,1.0087351659907693
6,SC-SCSA_PLUS_V3,1355167587638906880,5,3,0.9907334379796805
6,SC-SCSA_PLUS_V3,1337020338916499463,6,2,0.6773682017926828
6,SC-SCSA_PLUS_V3,1344689933978656771,7,4,0.579147458086167
6,SC-SCSA_PLUS_V3,1369405604595400711,8,5,0.4694281195039614
6,SC-SCSA_PLUS_V3,1369311531360518146,9,5,0.29693122632029073
6,SC-SCSA_PLUS_V3,1317842770816602114,10,5,0.036825190895878365
7,SC-SCSA_PLUS_V3,1362776603047165957,1,4,1.6550590658248516
7,SC-SCSA_PLUS_V3,1336964656792035329,2,3,1.571054823647996
7,SC-SCSA_PLUS_V3,1367462925250818061,3,5,1.568127367575519
7,SC-SCSA_PLUS_V3,1337318168277241857,4,3,1.2701424764186433
7,SC-SCSA_PLUS_V3,1365327872643260420,5,4,1.266392654155191
7,SC-SCSA_PLUS_V3,1336810117057179649,6,4,1.0720030643812404
7,SC-SCSA_PLUS_V3,1369325020258983936,7,3,0.34364021505209297
7,SC-SCSA_PLUS_V3,1365315820080009221,8,4,0.06429507896269028
7,SC-SCSA_PLUS_V3,1368909409775149064,9,4,-0.024880417434035396
7,SC-SCSA_PLUS_V3,1368932010971004931,10,4,-0.04163160287156896
8,SC-SCSA_PLUS_V3,1294010972055592962,1,4,2.035093293921306
8,SC-SCSA_PLUS_V3,1362083047785439239,2,4,1.5442247406586809
8,SC-SCSA_PLUS_V3,1334711453211889665,3,4,1.3709463623508418
8,SC-SCSA_PLUS_V3,1331748997124534274,4,4,1.0087351659907693
8,SC-SCSA_PLUS_V3,1355167587638906880,5,4,0.9907334379796805
8,SC-SCSA_PLUS_V3,1337020338916499463,6,4,0.6773682017926828
8,SC-SCSA_PLUS_V3,1350483251291451392,7,5,0.5593227083243486
8,SC-SCSA_PLUS_V3,1334726779903168512,8,4,0.554356279479248
8,SC-SCSA_PLUS_V3,1337022746824499203,9,4,0.49913594604732003
8,SC-SCSA_PLUS_V3,1337021907464499204,10,4,0.38593984581836027
9,SC-SCSA_PLUS_V3,1095067826061262848,1,1,4.03569133165186
9,SC-SCSA_PLUS_V3,1366561763962073092,2,1,2.043043396755269
9,SC-SCSA_PLUS_V3,1364683920965578753,3,1,1.8662733123316722
9,SC-SCSA_PLUS_V3,1336059119174897665,4,4,1.7947100594525833
9,SC-SCSA_PLUS_V3,1359597695548153864,5,4,1.100707150092452
9,SC-SCSA_PLUS_V3,1273231711908872193,6,1,0.9735581793930556
9,SC-SCSA_PLUS_V3,1338584496489172992,7,3,0.9667887052703605
9,SC-SCSA_PLUS_V3,1365320876510560258,8,4,0.9664637404231338
9,SC-SCSA_PLUS_V3,1182112257708306433,9,1,0.6888617405736613
9,SC-SCSA_PLUS_V3,1350483251291451392,10,5,0.5593227083243486
10,SC-SCSA_PLUS_V3,1336964656792035329,1,4,1.571054823647996
10,SC-SCSA_PLUS_V3,1367462925250818061,2,4,1.568127367575519
10,SC-SCSA_PLUS_V3,1337318168277241857,3,3,1.2701424764186433
10,SC-SCSA_PLUS_V3,1365327872643260420,4,3,1.266392654155191
10,SC-SCSA_PLUS_V3,1336810117057179649,5,4,1.0720030643812404
10,SC-SCSA_PLUS_V3,1350483251291451392,6,5,0.5593227083243486
10,SC-SCSA_PLUS_V3,1369325020258983936,7,4,0.34364021505209297
10,SC-SCSA_PLUS_V3,1365315820080009221,8,4,0.06429507896269028
10,SC-SCSA_PLUS_V3,1368909409775149064,9,5,-0.024880417434035396
10,SC-SCSA_PLUS_V3,1368932010971004931,10,5,-0.04163160287156896
11,SC-SCSA_PLUS_V3,1366167129754537984,1,1,4.6358247485639135
11,SC-SCSA_PLUS_V3,1342062601535164416,2,5,2.836559947556042
11,SC-SCSA_PLUS_V3,1294010972055592962,3,5,2.035093293921306
11,SC-SCSA_PLUS_V3,1294010972055592962,4,4,2.035093293921306
11,SC-SCSA_PLUS_V3,1336059119174897665,5,5,1.7947100594525833
11,SC-SCSA_PLUS_V3,1362776603047165957,6,3,1.6550590658248516
11,SC-SCSA_PLUS_V3,1362083047785439239,7,5,1.5442247406586809
11,SC-SCSA_PLUS_V3,1362083047785439239,8,5,1.5442247406586809
11,SC-SCSA_PLUS_V3,1365113385658970113,9,1,1.375750302901188
11,SC-SCSA_PLUS_V3,1334711453211889665,10,3,1.3709463623508418
12,SC-SCSA_PLUS_V3,1361511252103729153,1,5,2.9704583694753004
12,SC-SCSA_PLUS_V3,1361586402484514816,2,2,2.62241929992557
12,SC-SCSA_PLUS_V3,1361857937518465025,3,5,2.17216032487323
12,SC-SCSA_PLUS_V3,1361853779025403905,4,2,2.133907246722885
12,SC-SCSA_PLUS_V3,1366197120064192513,5,5,1.956816827042046
12,SC-SCSA_PLUS_V3,1366910062711685124,6,5,1.9097615889632178
12,SC-SCSA_PLUS_V3,1349749578095075328,7,5,1.8216099157475347
12,SC-SCSA_PLUS_V3,1365037827298238464,8,2,1.7192023177927216
12,SC-SCSA_PLUS_V3,1365109273240473600,9,3,1.4576665393617012
12,SC-SCSA_PLUS_V3,1301164188136431616,10,5,0.9576782232237883
13,SC-SCSA_PLUS_V3,1366167129754537984,1,2,4.6358247485639135
13,SC-SCSA_PLUS_V3,1362776603047165957,2,2,1.6550590658248516
13,SC-SCSA_PLUS_V3,1336964656792035329,3,1,1.571054823647996
13,SC-SCSA_PLUS_V3,1363551492486008834,4,1,1.4369555090305288
13,SC-SCSA_PLUS_V3,1365113385658970113,5,1,1.375750302901188
13,SC-SCSA_PLUS_V3,1337318168277241857,6,1,1.2701424764186433
13,SC-SCSA_PLUS_V3,1365327872643260420,7,1,1.266392654155191
13,SC-SCSA_PLUS_V3,1336810117057179649,8,4,1.0720030643812404
13,SC-SCSA_PLUS_V3,1369325020258983936,9,4,0.34364021505209297
13,SC-SCSA_PLUS_V3,1365315820080009221,10,4,0.06429507896269028
15,SC-SCSA_PLUS_V3,1366167129754537984,1,4,4.6358247485639135
15,SC-SCSA_PLUS_V3,1361511252103729153,2,5,2.9704583694753004
15,SC-SCSA_PLUS_V3,1361586402484514816,3,3,2.62241929992557
15,SC-SCSA_PLUS_V3,1361857937518465025,4,3,2.17216032487323
15,SC-SCSA_PLUS_V3,1361853779025403905,5,5,2.133907246722885
15,SC-SCSA_PLUS_V3,1366121589478154243,6,4,2.005799641053633
15,SC-SCSA_PLUS_V3,1349749578095075328,7,3,1.8216099157475347
15,SC-SCSA_PLUS_V3,1365109273240473600,8,3,1.4576665393617012
15,SC-SCSA_PLUS_V3,1365113385658970113,9,3,1.375750302901188
15,SC-SCSA_PLUS_V3,1301164188136431616,10,3,0.9576782232237883
16,SC-SCSA_PLUS_V3,1366499073671454725,1,2,2.367598513632216
16,SC-SCSA_PLUS_V3,1303249708169613313,2,1,1.656562767991547
16,SC-SCSA_PLUS_V3,1367462925250818061,3,1,1.568127367575519
16,SC-SCSA_PLUS_V3,1367113993815547906,4,4,1.5501020125593652
16,SC-SCSA_PLUS_V3,1324374402750767104,5,1,1.3086761791425776
16,SC-SCSA_PLUS_V3,1368580185642110982,6,5,1.2678028719555423
16,SC-SCSA_PLUS_V3,1319402828285108225,7,1,1.1261404712749272
16,SC-SCSA_PLUS_V3,1368245651046207493,8,5,0.5866489305081412
16,SC-SCSA_PLUS_V3,1368909409775149064,9,2,-0.024880417434035396
16,SC-SCSA_PLUS_V3,1368932010971004931,10,1,-0.04163160287156896
17,SC-SCSA_PLUS_V3,1366167129754537984,1,1,4.6358247485639135
17,SC-SCSA_PLUS_V3,1336964656792035329,2,2,1.571054823647996
17,SC-SCSA_PLUS_V3,1363551492486008834,3,2,1.4369555090305288
17,SC-SCSA_PLUS_V3,1365113385658970113,4,1,1.375750302901188
17,SC-SCSA_PLUS_V3,1337318168277241857,5,2,1.2701424764186433
17,SC-SCSA_PLUS_V3,1365327872643260420,6,2,1.266392654155191
17,SC-SCSA_PLUS_V3,1336810117057179649,7,2,1.0720030643812404
17,SC-SCSA_PLUS_V3,1369325020258983936,8,2,0.34364021505209297
17,SC-SCSA_PLUS_V3,1365315820080009221,9,2,0.06429507896269028
17,SC-SCSA_PLUS_V3,1344784297316786177,10,5,-0.12150626312506724
18,SC-SCSA_PLUS_V3,1361511252103729153,1,1,2.9704583694753004
18,SC-SCSA_PLUS_V3,1361586402484514816,2,1,2.62241929992557
18,SC-SCSA_PLUS_V3,1361857937518465025,3,1,2.17216032487323
18,SC-SCSA_PLUS_V3,1361853779025403905,4,1,2.133907246722885
18,SC-SCSA_PLUS_V3,1366121589478154243,5,2,2.005799641053633
18,SC-SCSA_PLUS_V3,1349749578095075328,6,1,1.8216099157475347
18,SC-SCSA_PLUS_V3,1365109273240473600,7,1,1.4576665393617012
18,SC-SCSA_PLUS_V3,1273231711908872193,8,3,0.9735581793930556
18,SC-SCSA_PLUS_V3,1301164188136431616,9,3,0.9576782232237883
18,SC-SCSA_PLUS_V3,1344689933978656771,10,3,0.579147458086167
19,SC-SCSA_PLUS_V3,1369298875719311360,1,4,2.9539182119378724
19,SC-SCSA_PLUS_V3,1349380288783253504,2,4,2.9377052758709996
19,SC-SCSA_PLUS_V3,1349377838722519040,3,4,2.872215233545066
19,SC-SCSA_PLUS_V3,1369326799709212680,4,4,0.8087706434471126
19,SC-SCSA_PLUS_V3,1369405604595400711,5,4,0.4694281195039614
19,SC-SCSA_PLUS_V3,1369048387815899139,6,3,0.44337431720349446
19,SC-SCSA_PLUS_V3,1369441796925886465,7,4,0.370517095900714
19,SC-SCSA_PLUS_V3,1369375444793954323,8,4,0.32762382003458496
19,SC-SCSA_PLUS_V3,1369311531360518146,9,4,0.29693122632029073
19,SC-SCSA_PLUS_V3,1369400194513723396,10,4,-0.053546368691624935
20,SC-SCSA_PLUS_V3,1354118501653483523,1,1,2.7152169680428013
20,SC-SCSA_PLUS_V3,1366499073671454725,2,3,2.367598513632216
20,SC-SCSA_PLUS_V3,1362776603047165957,3,5,1.6550590658248516
20,SC-SCSA_PLUS_V3,1367462925250818061,4,1,1.568127367575519
20,SC-SCSA_PLUS_V3,1367113993815547906,5,4,1.5501020125593652
20,SC-SCSA_PLUS_V3,1368580185642110982,6,1,1.2678028719555423
20,SC-SCSA_PLUS_V3,1344689933978656771,7,2,0.579147458086167
20,SC-SCSA_PLUS_V3,1317842770816602114,8,3,0.036825190895878365
20,SC-SCSA_PLUS_V3,1368909409775149064,9,3,-0.024880417434035396
20,SC-SCSA_PLUS_V3,1368932010971004931,10,2,-0.04163160287156896
21,SC-SCSA_PLUS_V3,1369075493753020420,1,4,4.866327358172855
21,SC-SCSA_PLUS_V3,1369075561981566976,2,4,3.966294735209799
21,SC-SCSA_PLUS_V3,1367300793485828097,3,5,2.8091701339500426
21,SC-SCSA_PLUS_V3,1366443197166096385,4,1,1.5957772464231668
21,SC-SCSA_PLUS_V3,1344689933978656771,5,2,0.579147458086167
21,SC-SCSA_PLUS_V3,1369325020258983936,6,2,0.34364021505209297
21,SC-SCSA_PLUS_V3,1367521202042933249,7,5,0.06594581157947739
21,SC-SCSA_PLUS_V3,1365315820080009221,8,2,0.06429507896269028
21,SC-SCSA_PLUS_V3,1364666742916583427,9,3,0.0416769232374319
21,SC-SCSA_PLUS_V3,1317842770816602114,10,5,0.036825190895878365
22,SC-SCSA_PLUS_V3,1369075493753020420,1,5,4.866327358172855
22,SC-SCSA_PLUS_V3,1369075561981566976,2,5,3.966294735209799
22,SC-SCSA_PLUS_V3,1367300793485828097,3,3,2.8091701339500426
22,SC-SCSA_PLUS_V3,1362776603047165957,4,3,1.6550590658248516
22,SC-SCSA_PLUS_V3,1366443197166096385,5,2,1.5957772464231668
22,SC-SCSA_PLUS_V3,1367237010608431106,6,3,1.4178615926113103
22,SC-SCSA_PLUS_V3,1368641210533830657,7,5,0.4580853566741631
22,SC-SCSA_PLUS_V3,1369375444793954323,8,5,0.32762382003458496
22,SC-SCSA_PLUS_V3,1367521202042933249,9,5,0.06594581157947739
22,SC-SCSA_PLUS_V3,1364666742916583427,10,3,0.0416769232374319
23,SC-SCSA_PLUS_V3,1294010972055592962,1,3,2.035093293921306
23,SC-SCSA_PLUS_V3,1362083047785439239,2,3,1.5442247406586809
23,SC-SCSA_PLUS_V3,1334711453211889665,3,3,1.3709463623508418
23,SC-SCSA_PLUS_V3,1331748997124534274,4,3,1.0087351659907693
23,SC-SCSA_PLUS_V3,1355167587638906880,5,3,0.9907334379796805
23,SC-SCSA_PLUS_V3,1337020338916499463,6,3,0.6773682017926828
23,SC-SCSA_PLUS_V3,1350483251291451392,7,5,0.5593227083243486
23,SC-SCSA_PLUS_V3,1334726779903168512,8,3,0.554356279479248
23,SC-SCSA_PLUS_V3,1337022746824499203,9,3,0.49913594604732003
23,SC-SCSA_PLUS_V3,1337021907464499204,10,3,0.38593984581836027
24,SC-SCSA_PLUS_V3,1362776603047165957,1,5,1.6550590658248516
24,SC-SCSA_PLUS_V3,1336964656792035329,2,2,1.571054823647996
24,SC-SCSA_PLUS_V3,1346517996760666117,3,5,1.5670723940005504
24,SC-SCSA_PLUS_V3,1363551492486008834,4,4,1.4369555090305288
24,SC-SCSA_PLUS_V3,1337318168277241857,5,3,1.2701424764186433
24,SC-SCSA_PLUS_V3,1365327872643260420,6,4,1.266392654155191
24,SC-SCSA_PLUS_V3,1336810117057179649,7,2,1.0720030643812404
24,SC-SCSA_PLUS_V3,1369325020258983936,8,5,0.34364021505209297
24,SC-SCSA_PLUS_V3,1364607745270423556,9,4,0.06771940752478592
24,SC-SCSA_PLUS_V3,1365315820080009221,10,4,0.06429507896269028
25,SC-SCSA_PLUS_V3,1349380288783253504,1,1,2.9377052758709996
25,SC-SCSA_PLUS_V3,1349377838722519040,2,1,2.872215233545066
25,SC-SCSA_PLUS_V3,1362776603047165957,3,5,1.6550590658248516
25,SC-SCSA_PLUS_V3,1354011094751260673,4,4,1.1497042623352942
25,SC-SCSA_PLUS_V3,1353672852747284480,5,4,0.7262639556751396
25,SC-SCSA_PLUS_V3,1369048387815899139,6,5,0.44337431720349446
25,SC-SCSA_PLUS_V3,1369441796925886465,7,5,0.370517095900714
25,SC-SCSA_PLUS_V3,1369375444793954323,8,5,0.32762382003458496
25,SC-SCSA_PLUS_V3,1369355243406954501,9,5,0.0653632784150107
25,SC-SCSA_PLUS_V3,1369400194513723396,10,5,-0.053546368691624935
26,SC-SCSA_PLUS_V3,1349380288783253504,1,4,2.9377052758709996
26,SC-SCSA_PLUS_V3,1349377838722519040,2,4,2.872215233545066
26,SC-SCSA_PLUS_V3,1342062601535164416,3,3,2.836559947556042
26,SC-SCSA_PLUS_V3,1336059119174897665,4,3,1.7947100594525833
26,SC-SCSA_PLUS_V3,1362776603047165957,5,4,1.6550590658248516
26,SC-SCSA_PLUS_V3,1354011094751260673,6,4,1.1497042623352942
26,SC-SCSA_PLUS_V3,1359597695548153864,7,4,1.100707150092452
26,SC-SCSA_PLUS_V3,1353672852747284480,8,3,0.7262639556751396
26,SC-SCSA_PLUS_V3,1350483251291451392,9,4,0.5593227083243486
26,SC-SCSA_PLUS_V3,1369614175048249346,10,4,0.40982746995796543
27,SC-SCSA_PLUS_V3,1349380288783253504,1,5,2.9377052758709996
27,SC-SCSA_PLUS_V3,1349377838722519040,2,5,2.872215233545066
27,SC-SCSA_PLUS_V3,1362776603047165957,3,5,1.6550590658248516
27,SC-SCSA_PLUS_V3,1354011094751260673,4,5,1.1497042623352942
27,SC-SCSA_PLUS_V3,1353672852747284480,5,3,0.7262639556751396
27,SC-SCSA_PLUS_V3,1369048387815899139,6,4,0.44337431720349446
27,SC-SCSA_PLUS_V3,1369441796925886465,7,5,0.370517095900714
27,SC-SCSA_PLUS_V3,1369375444793954323,8,5,0.32762382003458496
27,SC-SCSA_PLUS_V3,1369355243406954501,9,5,0.0653632784150107
27,SC-SCSA_PLUS_V3,1369400194513723396,10,5,-0.053546368691624935
28,SC-SCSA_PLUS_V3,1354118501653483523,1,1,2.7152169680428013
28,SC-SCSA_PLUS_V3,1336964656792035329,2,1,1.571054823647996
28,SC-SCSA_PLUS_V3,1337318168277241857,3,1,1.2701424764186433
28,SC-SCSA_PLUS_V3,1365327872643260420,4,1,1.266392654155191
28,SC-SCSA_PLUS_V3,1336810117057179649,5,3,1.0720030643812404
28,SC-SCSA_PLUS_V3,1344689933978656771,6,1,0.579147458086167
28,SC-SCSA_PLUS_V3,1350483251291451392,7,5,0.5593227083243486
28,SC-SCSA_PLUS_V3,1369325020258983936,8,1,0.34364021505209297
28,SC-SCSA_PLUS_V3,1365315820080009221,9,1,0.06429507896269028
28,SC-SCSA_PLUS_V3,1317842770816602114,10,3,0.036825190895878365
29,SC-SCSA_PLUS_V3,1369075493753020420,1,5,4.866327358172855
29,SC-SCSA_PLUS_V3,1369075561981566976,2,5,3.966294735209799
29,SC-SCSA_PLUS_V3,1367300793485828097,3,4,2.8091701339500426
29,SC-SCSA_PLUS_V3,1248251408333172738,4,3,1.5663168987707978
29,SC-SCSA_PLUS_V3,1362083047785439239,5,5,1.5442247406586809
29,SC-SCSA_PLUS_V3,1248277743118086144,6,3,1.3755903317296125
29,SC-SCSA_PLUS_V3,1337020338916499463,7,3,0.6773682017926828
29,SC-SCSA_PLUS_V3,1369169111478005763,8,3,0.5534486983292197
29,SC-SCSA_PLUS_V3,1367521202042933249,9,4,0.06594581157947739
29,SC-SCSA_PLUS_V3,1364666742916583427,10,5,0.0416769232374319
30,SC-SCSA_PLUS_V3,1369075493753020420,1,4,4.866327358172855
30,SC-SCSA_PLUS_V3,1369075561981566976,2,4,3.966294735209799
30,SC-SCSA_PLUS_V3,1367300793485828097,3,3,2.8091701339500426
30,SC-SCSA_PLUS_V3,1362776603047165957,4,4,1.6550590658248516
30,SC-SCSA_PLUS_V3,1369034842222985216,5,4,1.6051355995903052
30,SC-SCSA_PLUS_V3,1366443197166096385,6,2,1.5957772464231668
30,SC-SCSA_PLUS_V3,1367237010608431106,7,2,1.4178615926113103
30,SC-SCSA_PLUS_V3,1368641210533830657,8,4,0.4580853566741631
30,SC-SCSA_PLUS_V3,1367521202042933249,9,4,0.06594581157947739
30,SC-SCSA_PLUS_V3,1364666742916583427,10,3,0.0416769232374319
31,SC-SCSA_PLUS_V3,1362776603047165957,1,5,1.6550590658248516
31,SC-SCSA_PLUS_V3,1336964656792035329,2,3,1.571054823647996
31,SC-SCSA_PLUS_V3,1363551492486008834,3,2,1.4369555090305288
31,SC-SCSA_PLUS_V3,1283912982200631298,4,3,1.270796976260368
31,SC-SCSA_PLUS_V3,1337318168277241857,5,5,1.2701424764186433
31,SC-SCSA_PLUS_V3,1365327872643260420,6,3,1.266392654155191
31,SC-SCSA_PLUS_V3,1336810117057179649,7,4,1.0720030643812404
31,SC-SCSA_PLUS_V3,1318667750408036352,8,2,0.9979718760114398
31,SC-SCSA_PLUS_V3,1369325020258983936,9,3,0.34364021505209297
31,SC-SCSA_PLUS_V3,1365315820080009221,10,4,0.06429507896269028
32,SC-SCSA_PLUS_V3,1362074171832958980,1,1,1.9782294111797167
32,SC-SCSA_PLUS_V3,1362776603047165957,2,2,1.6550590658248516
32,SC-SCSA_PLUS_V3,1362085735063572482,3,2,0.8822905818186336
32,SC-SCSA_PLUS_V3,1359577321695547392,4,1,0.7422847473734989
32,SC-SCSA_PLUS_V3,1369048387815899139,5,2,0.44337431720349446
32,SC-SCSA_PLUS_V3,1369614175048249346,6,3,0.40982746995796543
32,SC-SCSA_PLUS_V3,1369441796925886465,7,2,0.370517095900714
32,SC-SCSA_PLUS_V3,1369375444793954323,8,3,0.32762382003458496
32,SC-SCSA_PLUS_V3,1369355243406954501,9,1,0.0653632784150107
32,SC-SCSA_PLUS_V3,1369400194513723396,10,2,-0.053546368691624935
33,SC-SCSA_PLUS_V3,1369298875719311360,1,4,2.9539182119378724
33,SC-SCSA_PLUS_V3,1362776603047165957,2,3,1.6550590658248516
33,SC-SCSA_PLUS_V3,1369326799709212680,3,2,0.8087706434471126
33,SC-SCSA_PLUS_V3,1369405604595400711,4,4,0.4694281195039614
33,SC-SCSA_PLUS_V3,1369048387815899139,5,4,0.44337431720349446
33,SC-SCSA_PLUS_V3,1369441796925886465,6,4,0.370517095900714
33,SC-SCSA_PLUS_V3,1369375444793954323,7,4,0.32762382003458496
33,SC-SCSA_PLUS_V3,1369311531360518146,8,4,0.29693122632029073
33,SC-SCSA_PLUS_V3,1369355243406954501,9,3,0.0653632784150107
33,SC-SCSA_PLUS_V3,1369400194513723396,10,4,-0.053546368691624935
34,SC-SCSA_PLUS_V3,1369298875719311360,1,4,2.9539182119378724
34,SC-SCSA_PLUS_V3,1362776603047165957,2,2,1.6550590658248516
34,SC-SCSA_PLUS_V3,1369326799709212680,3,3,0.8087706434471126
34,SC-SCSA_PLUS_V3,1369405604595400711,4,3,0.4694281195039614
34,SC-SCSA_PLUS_V3,1369048387815899139,5,3,0.44337431720349446
34,SC-SCSA_PLUS_V3,1369441796925886465,6,4,0.370517095900714
34,SC-SCSA_PLUS_V3,1369375444793954323,7,2,0.32762382003458496
34,SC-SCSA_PLUS_V3,1369311531360518146,8,3,0.29693122632029073
34,SC-SCSA_PLUS_V3,1369355243406954501,9,3,0.0653632784150107
34,SC-SCSA_PLUS_V3,1369400194513723396,10,1,-0.053546368691624935
35,SC-SCSA_PLUS_V3,1349380288783253504,1,3,2.9377052758709996
35,SC-SCSA_PLUS_V3,1349377838722519040,2,3,2.872215233545066
35,SC-SCSA_PLUS_V3,1354118501653483523,3,1,2.7152169680428013
35,SC-SCSA_PLUS_V3,1151605021345083392,4,4,1.8717106455124346
35,SC-SCSA_PLUS_V3,1362776603047165957,5,3,1.6550590658248516
35,SC-SCSA_PLUS_V3,1265629710941388800,6,1,0.6455665092278164
35,SC-SCSA_PLUS_V3,1344689933978656771,7,1,0.579147458086167
35,SC-SCSA_PLUS_V3,1361046993158692866,8,2,0.1349586639325719
35,SC-SCSA_PLUS_V3,1317842770816602114,9,2,0.036825190895878365
35,SC-SCSA_PLUS_V3,1357381035852521474,10,1,-0.24367969396655684
36,SC-SCSA_PLUS_V3,1369075493753020420,1,4,4.866327358172855
36,SC-SCSA_PLUS_V3,1095067826061262848,2,4,4.03569133165186
36,SC-SCSA_PLUS_V3,1369075561981566976,3,4,3.966294735209799
36,SC-SCSA_PLUS_V3,1367300793485828097,4,5,2.8091701339500426
36,SC-SCSA_PLUS_V3,1366561763962073092,5,3,2.043043396755269
36,SC-SCSA_PLUS_V3,1364683920965578753,6,3,1.8662733123316722
36,SC-SCSA_PLUS_V3,1336059119174897665,7,4,1.7947100594525833
36,SC-SCSA_PLUS_V3,1366443197166096385,8,3,1.5957772464231668
36,SC-SCSA_PLUS_V3,1359597695548153864,9,4,1.100707150092452
36,SC-SCSA_PLUS_V3,1273231711908872193,10,4,0.9735581793930556
37,SC-SCSA_PLUS_V3,1294010972055592962,1,4,2.035093293921306
37,SC-SCSA_PLUS_V3,1362083047785439239,2,4,1.5442247406586809
37,SC-SCSA_PLUS_V3,1331748997124534274,3,5,1.0087351659907693
37,SC-SCSA_PLUS_V3,1355167587638906880,4,3,0.9907334379796805
37,SC-SCSA_PLUS_V3,1337020338916499463,5,4,0.6773682017926828
37,SC-SCSA_PLUS_V3,1344689933978656771,6,1,0.579147458086167
37,SC-SCSA_PLUS_V3,1337022746824499203,7,4,0.49913594604732003
37,SC-SCSA_PLUS_V3,1337021907464499204,8,5,0.38593984581836027
37,SC-SCSA_PLUS_V3,1354545532044075013,9,1,0.10019810817747134
37,SC-SCSA_PLUS_V3,1317842770816602114,10,2,0.036825190895878365
38,SC-SCSA_PLUS_V3,1369298875719311360,1,5,2.9539182119378724
38,SC-SCSA_PLUS_V3,1349380288783253504,2,5,2.9377052758709996
38,SC-SCSA_PLUS_V3,1349377838722519040,3,5,2.872215233545066
38,SC-SCSA_PLUS_V3,1362074171832958980,4,3,1.9782294111797167
38,SC-SCSA_PLUS_V3,1354011094751260673,5,5,1.1497042623352942
38,SC-SCSA_PLUS_V3,1369326799709212680,6,5,0.8087706434471126
38,SC-SCSA_PLUS_V3,1353672852747284480,7,5,0.7262639556751396
38,SC-SCSA_PLUS_V3,1369405604595400711,8,5,0.4694281195039614
38,SC-SCSA_PLUS_V3,1369311531360518146,9,5,0.29693122632029073
38,SC-SCSA_PLUS_V3,1369315042236174343,10,4,0.046414384283107485
39,SC-SCSA_PLUS_V3,1369075493753020420,1,5,4.866327358172855
39,SC-SCSA_PLUS_V3,1369075561981566976,2,5,3.966294735209799
39,SC-SCSA_PLUS_V3,1349380288783253504,3,5,2.9377052758709996
39,SC-SCSA_PLUS_V3,1349377838722519040,4,5,2.872215233545066
39,SC-SCSA_PLUS_V3,1367300793485828097,5,5,2.8091701339500426
39,SC-SCSA_PLUS_V3,1366443197166096385,6,5,1.5957772464231668
39,SC-SCSA_PLUS_V3,1367237010608431106,7,5,1.4178615926113103
39,SC-SCSA_PLUS_V3,1368641210533830657,8,3,0.4580853566741631
39,SC-SCSA_PLUS_V3,1367521202042933249,9,5,0.06594581157947739
39,SC-SCSA_PLUS_V3,1364666742916583427,10,3,0.0416769232374319
40,SC-SCSA_PLUS_V3,1366167129754537984,1,2,4.6358247485639135
40,SC-SCSA_PLUS_V3,1294010972055592962,2,5,2.035093293921306
40,SC-SCSA_PLUS_V3,1362083047785439239,3,3,1.5442247406586809
40,SC-SCSA_PLUS_V3,1365113385658970113,4,2,1.375750302901188
40,SC-SCSA_PLUS_V3,1331748997124534274,5,2,1.0087351659907693
40,SC-SCSA_PLUS_V3,1355167587638906880,6,2,0.9907334379796805
40,SC-SCSA_PLUS_V3,1337020338916499463,7,5,0.6773682017926828
40,SC-SCSA_PLUS_V3,1350483251291451392,8,5,0.5593227083243486
40,SC-SCSA_PLUS_V3,1337022746824499203,9,5,0.49913594604732003
40,SC-SCSA_PLUS_V3,1337021907464499204,10,5,0.38593984581836027
41,SC-SCSA_PLUS_V3,1369075493753020420,1,5,4.866327358172855
41,SC-SCSA_PLUS_V3,1369075561981566976,2,5,3.966294735209799
41,SC-SCSA_PLUS_V3,1367300793485828097,3,4,2.8091701339500426
41,SC-SCSA_PLUS_V3,1294010972055592962,4,1,2.035093293921306
41,SC-SCSA_PLUS_V3,1362776603047165957,5,1,1.6550590658248516
41,SC-SCSA_PLUS_V3,1362776603047165957,6,2,1.6550590658248516
41,SC-SCSA_PLUS_V3,1366443197166096385,7,3,1.5957772464231668
41,SC-SCSA_PLUS_V3,1362083047785439239,8,4,1.5442247406586809
41,SC-SCSA_PLUS_V3,1367237010608431106,9,3,1.4178615926113103
41,SC-SCSA_PLUS_V3,1331748997124534274,10,3,1.0087351659907693
42,SC-SCSA_PLUS_V3,1369075493753020420,1,2,4.866327358172855
42,SC-SCSA_PLUS_V3,1369075561981566976,2,2,3.966294735209799
42,SC-SCSA_PLUS_V3,1367300793485828097,3,1,2.8091701339500426
42,SC-SCSA_PLUS_V3,1368080635655450627,4,5,1.9607284507698166
42,SC-SCSA_PLUS_V3,1366443197166096385,5,5,1.5957772464231668
42,SC-SCSA_PLUS_V3,1248251408333172738,6,2,1.5663168987707978
42,SC-SCSA_PLUS_V3,1248277743118086144,7,2,1.3755903317296125
42,SC-SCSA_PLUS_V3,1369169111478005763,8,2,0.5534486983292197
42,SC-SCSA_PLUS_V3,1367521202042933249,9,5,0.06594581157947739
42,SC-SCSA_PLUS_V3,1364666742916583427,10,5,0.0416769232374319
43,SC-SCSA_PLUS_V3,1294010972055592962,1,5,2.035093293921306
43,SC-SCSA_PLUS_V3,1362083047785439239,2,5,1.5442247406586809
43,SC-SCSA_PLUS_V3,1331748997124534274,3,5,1.0087351659907693
43,SC-SCSA_PLUS_V3,1355167587638906880,4,5,0.9907334379796805
43,SC-SCSA_PLUS_V3,1337020338916499463,5,5,0.6773682017926828
43,SC-SCSA_PLUS_V3,1368245651046207493,6,5,0.5866489305081412
43,SC-SCSA_PLUS_V3,1350483251291451392,7,5,0.5593227083243486
43,SC-SCSA_PLUS_V3,1334726779903168512,8,5,0.554356279479248
43,SC-SCSA_PLUS_V3,1337022746824499203,9,5,0.49913594604732003
43,SC-SCSA_PLUS_V3,1337021907464499204,10,5,0.38593984581836027
44,SC-SCSA_PLUS_V3,1354118501653483523,1,4,2.7152169680428013
44,SC-SCSA_PLUS_V3,1283912982200631298,2,5,1.270796976260368
44,SC-SCSA_PLUS_V3,1318667750408036352,3,5,0.9979718760114398
44,SC-SCSA_PLUS_V3,1344689933978656771,4,5,0.579147458086167
44,SC-SCSA_PLUS_V3,1369048387815899139,5,5,0.44337431720349446
44,SC-SCSA_PLUS_V3,1369441796925886465,6,5,0.370517095900714
44,SC-SCSA_PLUS_V3,1369375444793954323,7,5,0.32762382003458496
44,SC-SCSA_PLUS_V3,1369355243406954501,8,5,0.0653632784150107
44,SC-SCSA_PLUS_V3,1317842770816602114,9,5,0.036825190895878365
44,SC-SCSA_PLUS_V3,1369400194513723396,10,5,-0.053546368691624935
45,SC-SCSA_PLUS_V3,1242106541999783936,1,4,5.662511712946472
45,SC-SCSA_PLUS_V3,1362360519626227713,2,4,3.0663826200476336
45,SC-SCSA_PLUS_V3,1303249708169613313,3,5,1.656562767991547
45,SC-SCSA_PLUS_V3,1367462925250818061,4,4,1.568127367575519
45,SC-SCSA_PLUS_V3,1308393354120421376,5,5,1.5662050344894891
45,SC-SCSA_PLUS_V3,1324374402750767104,6,5,1.3086761791425776
45,SC-SCSA_PLUS_V3,1241401189721350145,7,3,0.8507958902403298
45,SC-SCSA_PLUS_V3,1327954760251662337,8,5,0.22082515333070718
45,SC-SCSA_PLUS_V3,1368909409775149064,9,4,-0.024880417434035396
45,SC-SCSA_PLUS_V3,1368932010971004931,10,5,-0.04163160287156896
46,SC-SCSA_PLUS_V3,1369298875719311360,1,5,2.9539182119378724
46,SC-SCSA_PLUS_V3,1362776603047165957,2,5,1.6550590658248516
46,SC-SCSA_PLUS_V3,1369326799709212680,3,5,0.8087706434471126
46,SC-SCSA_PLUS_V3,1369405604595400711,4,5,0.4694281195039614
46,SC-SCSA_PLUS_V3,1369048387815899139,5,4,0.44337431720349446
46,SC-SCSA_PLUS_V3,1369441796925886465,6,5,0.370517095900714
46,SC-SCSA_PLUS_V3,1369375444793954323,7,5,0.32762382003458496
46,SC-SCSA_PLUS_V3,1369311531360518146,8,5,0.29693122632029073
46,SC-SCSA_PLUS_V3,1369355243406954501,9,2,0.0653632784150107
46,SC-SCSA_PLUS_V3,1369400194513723396,10,5,-0.053546368691624935
47,SC-SCSA_PLUS_V3,1369298875719311360,1,5,2.9539182119378724
47,SC-SCSA_PLUS_V3,1294010972055592962,2,5,2.035093293921306
47,SC-SCSA_PLUS_V3,1362083047785439239,3,5,1.5442247406586809
47,SC-SCSA_PLUS_V3,1331748997124534274,4,5,1.0087351659907693
47,SC-SCSA_PLUS_V3,1355167587638906880,5,1,0.9907334379796805
47,SC-SCSA_PLUS_V3,1337020338916499463,6,5,0.6773682017926828
47,SC-SCSA_PLUS_V3,1369405604595400711,7,5,0.4694281195039614
47,SC-SCSA_PLUS_V3,1337021907464499204,8,5,0.38593984581836027
47,SC-SCSA_PLUS_V3,1369311531360518146,9,5,0.29693122632029073
47,SC-SCSA_PLUS_V3,1368932010971004931,10,5,-0.04163160287156896
48,SC-SCSA_PLUS_V3,1322257618178609153,1,4,2.65662952016622
48,SC-SCSA_PLUS_V3,1322257265496334336,2,5,2.6301939020332257
48,SC-SCSA_PLUS_V3,1368610152081985537,3,4,2.0326660865509374
48,SC-SCSA_PLUS_V3,1369297616245231638,4,4,1.8817039449431046
48,SC-SCSA_PLUS_V3,1325738196374876161,5,5,1.567894466853565
48,SC-SCSA_PLUS_V3,1369054744786989056,6,4,1.5186631373542319
48,SC-SCSA_PLUS_V3,1294355303329341442,7,5,1.279841606735861
48,SC-SCSA_PLUS_V3,1369405604595400711,8,5,0.4694281195039614
48,SC-SCSA_PLUS_V3,1369375444793954323,9,5,0.32762382003458496
48,SC-SCSA_PLUS_V3,1369311531360518146,10,5,0.29693122632029073
49,SC-SCSA_PLUS_V3,1322257618178609153,1,2,2.65662952016622
49,SC-SCSA_PLUS_V3,1322257265496334336,2,3,2.6301939020332257
49,SC-SCSA_PLUS_V3,1368610152081985537,3,5,2.0326660865509374
49,SC-SCSA_PLUS_V3,1369297616245231638,4,5,1.8817039449431046
49,SC-SCSA_PLUS_V3,1303249708169613313,5,2,1.656562767991547
49,SC-SCSA_PLUS_V3,1325738196374876161,6,1,1.567894466853565
49,SC-SCSA_PLUS_V3,1369054744786989056,7,5,1.5186631373542319
49,SC-SCSA_PLUS_V3,1294355303329341442,8,5,1.279841606735861
49,SC-SCSA_PLUS_V3,1368271872002035713,9,5,0.7191645817000624
49,SC-SCSA_PLUS_V3,1368932010971004931,10,5,-0.04163160287156896
50,SC-SCSA_PLUS_V3,1354118501653483523,1,4,2.7152169680428013
50,SC-SCSA_PLUS_V3,1367462925250818061,2,5,1.568127367575519
50,SC-SCSA_PLUS_V3,1344689933978656771,3,5,0.579147458086167
50,SC-SCSA_PLUS_V3,1369048387815899139,4,5,0.44337431720349446
50,SC-SCSA_PLUS_V3,1369441796925886465,5,5,0.370517095900714
50,SC-SCSA_PLUS_V3,1369375444793954323,6,4,0.32762382003458496
50,SC-SCSA_PLUS_V3,1317842770816602114,7,5,0.036825190895878365
50,SC-SCSA_PLUS_V3,1368909409775149064,8,5,-0.024880417434035396
50,SC-SCSA_PLUS_V3,1368932010971004931,9,5,-0.04163160287156896
50,SC-SCSA_PLUS_V3,1369400194513723396,10,4,-0.053546368691624935
51,SC-SCSA_PLUS_V3,1369075493753020420,1,2,4.866327358172855
51,SC-SCSA_PLUS_V3,1369075561981566976,2,2,3.966294735209799
51,SC-SCSA_PLUS_V3,1367300793485828097,3,1,2.8091701339500426
51,SC-SCSA_PLUS_V3,1366443197166096385,4,5,1.5957772464231668
51,SC-SCSA_PLUS_V3,1367237010608431106,5,5,1.4178615926113103
51,SC-SCSA_PLUS_V3,1344689933978656771,6,1,0.579147458086167
51,SC-SCSA_PLUS_V3,1354545532044075013,7,1,0.10019810817747134
51,SC-SCSA_PLUS_V3,1367521202042933249,8,5,0.06594581157947739
51,SC-SCSA_PLUS_V3,1364666742916583427,9,5,0.0416769232374319
51,SC-SCSA_PLUS_V3,1317842770816602114,10,5,0.036825190895878365
53,SC-SCSA_PLUS_V3,1369075493753020420,1,4,4.866327358172855
53,SC-SCSA_PLUS_V3,1369075561981566976,2,4,3.966294735209799
53,SC-SCSA_PLUS_V3,1367300793485828097,3,1,2.8091701339500426
53,SC-SCSA_PLUS_V3,1366443197166096385,4,1,1.5957772464231668
53,SC-SCSA_PLUS_V3,1367237010608431106,5,1,1.4178615926113103
53,SC-SCSA_PLUS_V3,1369325020258983936,6,2,0.34364021505209297
53,SC-SCSA_PLUS_V3,1354545532044075013,7,1,0.10019810817747134
53,SC-SCSA_PLUS_V3,1367521202042933249,8,1,0.06594581157947739
53,SC-SCSA_PLUS_V3,1365315820080009221,9,2,0.06429507896269028
53,SC-SCSA_PLUS_V3,1364666742916583427,10,1,0.0416769232374319
54,SC-SCSA_PLUS_V3,1369075493753020420,1,3,4.866327358172855
54,SC-SCSA_PLUS_V3,1369075561981566976,2,3,3.966294735209799
54,SC-SCSA_PLUS_V3,1367300793485828097,3,3,2.8091701339500426
54,SC-SCSA_PLUS_V3,1366443197166096385,4,5,1.5957772464231668
54,SC-SCSA_PLUS_V3,1367237010608431106,5,3,1.4178615926113103
54,SC-SCSA_PLUS_V3,1344689933978656771,6,4,0.579147458086167
54,SC-SCSA_PLUS_V3,1354545532044075013,7,3,0.10019810817747134
54,SC-SCSA_PLUS_V3,1367521202042933249,8,5,0.06594581157947739
54,SC-SCSA_PLUS_V3,1364666742916583427,9,3,0.0416769232374319
54,SC-SCSA_PLUS_V3,1317842770816602114,10,5,0.036825190895878365
55,SC-SCSA_PLUS_V3,1322257618178609153,1,5,2.65662952016622
55,SC-SCSA_PLUS_V3,1322257265496334336,2,4,2.6301939020332257
55,SC-SCSA_PLUS_V3,1368610152081985537,3,4,2.0326660865509374
55,SC-SCSA_PLUS_V3,1369297616245231638,4,4,1.8817039449431046
55,SC-SCSA_PLUS_V3,1325738196374876161,5,4,1.567894466853565
55,SC-SCSA_PLUS_V3,1369054744786989056,6,4,1.5186631373542319
55,SC-SCSA_PLUS_V3,1294355303329341442,7,4,1.279841606735861
55,SC-SCSA_PLUS_V3,1368271872002035713,8,4,0.7191645817000624
55,SC-SCSA_PLUS_V3,1368245651046207493,9,4,0.5866489305081412
55,SC-SCSA_PLUS_V3,1368932010971004931,10,5,-0.04163160287156896
57,SC-SCSA_PLUS_V3,1369298875719311360,1,5,2.9539182119378724
57,SC-SCSA_PLUS_V3,1351483359244005376,2,5,2.470483137163598
57,SC-SCSA_PLUS_V3,1369326799709212680,3,5,0.8087706434471126
57,SC-SCSA_PLUS_V3,1286599815967776768,4,5,0.7391441946482652
57,SC-SCSA_PLUS_V3,1369405604595400711,5,5,0.4694281195039614
57,SC-SCSA_PLUS_V3,1300884239626522624,6,5,0.42636344478670946
57,SC-SCSA_PLUS_V3,1369441796925886465,7,5,0.370517095900714
57,SC-SCSA_PLUS_V3,1369375444793954323,8,5,0.32762382003458496
57,SC-SCSA_PLUS_V3,1369311531360518146,9,5,0.29693122632029073
57,SC-SCSA_PLUS_V3,1369400194513723396,10,5,-0.053546368691624935
58,SC-SCSA_PLUS_V3,1369075493753020420,1,5,4.866327358172855
58,SC-SCSA_PLUS_V3,1369075561981566976,2,5,3.966294735209799
58,SC-SCSA_PLUS_V3,1349380288783253504,3,5,2.9377052758709996
58,SC-SCSA_PLUS_V3,1349377838722519040,4,5,2.872215233545066
58,SC-SCSA_PLUS_V3,1367300793485828097,5,5,2.8091701339500426
58,SC-SCSA_PLUS_V3,1362776603047165957,6,5,1.6550590658248516
58,SC-SCSA_PLUS_V3,1366443197166096385,7,5,1.5957772464231668
58,SC-SCSA_PLUS_V3,1367237010608431106,8,5,1.4178615926113103
58,SC-SCSA_PLUS_V3,1367521202042933249,9,5,0.06594581157947739
58,SC-SCSA_PLUS_V3,1364666742916583427,10,5,0.0416769232374319
59,SC-SCSA_PLUS_V3,1369075493753020420,1,5,4.866327358172855
59,SC-SCSA_PLUS_V3,1369075561981566976,2,5,3.966294735209799
59,SC-SCSA_PLUS_V3,1367300793485828097,3,5,2.8091701339500426
59,SC-SCSA_PLUS_V3,1366443197166096385,4,5,1.5957772464231668
59,SC-SCSA_PLUS_V3,1367237010608431106,5,5,1.4178615926113103
59,SC-SCSA_PLUS_V3,1344689933978656771,6,5,0.579147458086167
59,SC-SCSA_PLUS_V3,1354545532044075013,7,5,0.10019810817747134
59,SC-SCSA_PLUS_V3,1367521202042933249,8,5,0.06594581157947739
59,SC-SCSA_PLUS_V3,1364666742916583427,9,5,0.0416769232374319
59,SC-SCSA_PLUS_V3,1317842770816602114,10,5,0.036825190895878365
60,SC-SCSA_PLUS_V3,1369075493753020420,1,5,4.866327358172855
60,SC-SCSA_PLUS_V3,1369075561981566976,2,5,3.966294735209799
60,SC-SCSA_PLUS_V3,1367300793485828097,3,5,2.8091701339500426
60,SC-SCSA_PLUS_V3,1366443197166096385,4,5,1.5957772464231668
60,SC-SCSA_PLUS_V3,1367237010608431106,5,5,1.4178615926113103
60,SC-SCSA_PLUS_V3,1344689933978656771,6,5,0.579147458086167
60,SC-SCSA_PLUS_V3,1354545532044075013,7,5,0.10019810817747134
60,SC-SCSA_PLUS_V3,1367521202042933249,8,5,0.06594581157947739
60,SC-SCSA_PLUS_V3,1364666742916583427,9,5,0.0416769232374319
60,SC-SCSA_PLUS_V3,1317842770816602114,10,5,0.036825190895878365
61,SC-SCSA_PLUS_V3,1368080635655450627,1,4,1.9607284507698166
61,SC-SCSA_PLUS_V3,1248251408333172738,2,4,1.5663168987707978
61,SC-SCSA_PLUS_V3,1248277743118086144,3,3,1.3755903317296125
61,SC-SCSA_PLUS_V3,1242251884007534592,4,4,0.773481873058599
61,SC-SCSA_PLUS_V3,1344689933978656771,5,4,0.579147458086167
61,SC-SCSA_PLUS_V3,1369169111478005763,6,4,0.5534486983292197
61,SC-SCSA_PLUS_V3,1354545532044075013,7,4,0.10019810817747134
61,SC-SCSA_PLUS_V3,1317842770816602114,8,5,0.036825190895878365
61,SC-SCSA_PLUS_V3,1367947939579006979,9,4,-0.030313260564815366
61,SC-SCSA_PLUS_V3,1367946026674352134,10,5,-0.1042158531728413
62,SC-SCSA_PLUS_V3,1294010972055592962,1,3,2.035093293921306
62,SC-SCSA_PLUS_V3,1362083047785439239,2,3,1.5442247406586809
62,SC-SCSA_PLUS_V3,1331748997124534274,3,3,1.0087351659907693
62,SC-SCSA_PLUS_V3,1355167587638906880,4,3,0.9907334379796805
62,SC-SCSA_PLUS_V3,1337020338916499463,5,3,0.6773682017926828
62,SC-SCSA_PLUS_V3,1337022746824499203,6,3,0.49913594604732003
62,SC-SCSA_PLUS_V3,1337021907464499204,7,3,0.38593984581836027
62,SC-SCSA_PLUS_V3,1369325020258983936,8,4,0.34364021505209297
62,SC-SCSA_PLUS_V3,1354545532044075013,9,3,0.10019810817747134
62,SC-SCSA_PLUS_V3,1365315820080009221,10,3,0.06429507896269028
63,SC-SCSA_PLUS_V3,1349380288783253504,1,2,2.9377052758709996
63,SC-SCSA_PLUS_V3,1349377838722519040,2,2,2.872215233545066
63,SC-SCSA_PLUS_V3,1362074171832958980,3,4,1.9782294111797167
63,SC-SCSA_PLUS_V3,1362776603047165957,4,5,1.6550590658248516
63,SC-SCSA_PLUS_V3,1362776603047165957,5,3,1.6550590658248516
63,SC-SCSA_PLUS_V3,1354011094751260673,6,5,1.1497042623352942
63,SC-SCSA_PLUS_V3,1362085735063572482,7,5,0.8822905818186336
63,SC-SCSA_PLUS_V3,1359577321695547392,8,5,0.7422847473734989
63,SC-SCSA_PLUS_V3,1353672852747284480,9,5,0.7262639556751396
63,SC-SCSA_PLUS_V3,1369048387815899139,10,5,0.44337431720349446
66,SC-SCSA_PLUS_V3,1366167129754537984,1,2,4.6358247485639135
66,SC-SCSA_PLUS_V3,1349380288783253504,2,5,2.9377052758709996
66,SC-SCSA_PLUS_V3,1349377838722519040,3,5,2.872215233545066
66,SC-SCSA_PLUS_V3,1340975456644939777,4,5,2.248908896365343
66,SC-SCSA_PLUS_V3,1365113385658970113,5,5,1.375750302901188
66,SC-SCSA_PLUS_V3,1283912982200631298,6,5,1.270796976260368
66,SC-SCSA_PLUS_V3,1318667750408036352,7,5,0.9979718760114398
66,SC-SCSA_PLUS_V3,1317810926133874689,8,5,0.6739662531913994
66,SC-SCSA_PLUS_V3,1354565152939544576,9,5,0.6093309140512084
66,SC-SCSA_PLUS_V3,1344784297316786177,10,5,-0.12150626312506724
67,SC-SCSA_PLUS_V3,1369298875719311360,1,3,2.9539182119378724
67,SC-SCSA_PLUS_V3,1362074171832958980,2,4,1.9782294111797167
67,SC-SCSA_PLUS_V3,1362776603047165957,3,3,1.6550590658248516
67,SC-SCSA_PLUS_V3,1362085735063572482,4,4,0.8822905818186336
67,SC-SCSA_PLUS_V3,1369326799709212680,5,3,0.8087706434471126
67,SC-SCSA_PLUS_V3,1359577321695547392,6,5,0.7422847473734989
67,SC-SCSA_PLUS_V3,1369405604595400711,7,3,0.4694281195039614
67,SC-SCSA_PLUS_V3,1369614175048249346,8,4,0.40982746995796543
67,SC-SCSA_PLUS_V3,1369311531360518146,9,3,0.29693122632029073
67,SC-SCSA_PLUS_V3,1369315042236174343,10,4,0.046414384283107485
68,SC-SCSA_PLUS_V3,1342062601535164416,1,5,2.836559947556042
68,SC-SCSA_PLUS_V3,1336059119174897665,2,5,1.7947100594525833
68,SC-SCSA_PLUS_V3,1362776603047165957,3,3,1.6550590658248516
68,SC-SCSA_PLUS_V3,1362776603047165957,4,5,1.6550590658248516
68,SC-SCSA_PLUS_V3,1336964656792035329,5,3,1.571054823647996
68,SC-SCSA_PLUS_V3,1346517996760666117,6,5,1.5670723940005504
68,SC-SCSA_PLUS_V3,1363551492486008834,7,3,1.4369555090305288
68,SC-SCSA_PLUS_V3,1337318168277241857,8,3,1.2701424764186433
68,SC-SCSA_PLUS_V3,1365327872643260420,9,5,1.266392654155191
68,SC-SCSA_PLUS_V3,1359597695548153864,10,5,1.100707150092452
70,SC-SCSA_PLUS_V3,1349380288783253504,1,3,2.9377052758709996
70,SC-SCSA_PLUS_V3,1349377838722519040,2,3,2.872215233545066
70,SC-SCSA_PLUS_V3,1362776603047165957,3,4,1.6550590658248516
70,SC-SCSA_PLUS_V3,1354011094751260673,4,3,1.1497042623352942
70,SC-SCSA_PLUS_V3,1353672852747284480,5,3,0.7262639556751396
70,SC-SCSA_PLUS_V3,1369048387815899139,6,5,0.44337431720349446
70,SC-SCSA_PLUS_V3,1369441796925886465,7,5,0.370517095900714
70,SC-SCSA_PLUS_V3,1369375444793954323,8,5,0.32762382003458496
70,SC-SCSA_PLUS_V3,1369355243406954501,9,5,0.0653632784150107
70,SC-SCSA_PLUS_V3,1369400194513723396,10,5,-0.053546368691624935
71,SC-SCSA_PLUS_V3,1336964656792035329,1,5,1.571054823647996
71,SC-SCSA_PLUS_V3,1337318168277241857,2,5,1.2701424764186433
71,SC-SCSA_PLUS_V3,1365327872643260420,3,5,1.266392654155191
71,SC-SCSA_PLUS_V3,1367963978421264385,4,5,1.109118469000219
71,SC-SCSA_PLUS_V3,1336810117057179649,5,5,1.0720030643812404
71,SC-SCSA_PLUS_V3,1344689933978656771,6,5,0.579147458086167
71,SC-SCSA_PLUS_V3,1369325020258983936,7,5,0.34364021505209297
71,SC-SCSA_PLUS_V3,1354545532044075013,8,5,0.10019810817747134
71,SC-SCSA_PLUS_V3,1365315820080009221,9,5,0.06429507896269028
71,SC-SCSA_PLUS_V3,1317842770816602114,10,5,0.036825190895878365
72,SC-SCSA_PLUS_V3,1349380288783253504,1,5,2.9377052758709996
72,SC-SCSA_PLUS_V3,1349377838722519040,2,5,2.872215233545066
72,SC-SCSA_PLUS_V3,1354520696358137868,3,5,2.2425740148001623
72,SC-SCSA_PLUS_V3,1334130051554668547,4,5,1.695569652097102
72,SC-SCSA_PLUS_V3,1334873913210380298,5,5,1.5416979134967987
72,SC-SCSA_PLUS_V3,1356255250680864768,6,5,1.3755708515318914
72,SC-SCSA_PLUS_V3,1354807067232489475,7,5,0.9280336895331613
72,SC-SCSA_PLUS_V3,1326033569555181568,8,3,0.47045792788513424
72,SC-SCSA_PLUS_V3,1369441796925886465,9,5,0.370517095900714
72,SC-SCSA_PLUS_V3,1369375444793954323,10,5,0.32762382003458496
73,SC-SCSA_PLUS_V3,1369298875719311360,1,2,2.9539182119378724
73,SC-SCSA_PLUS_V3,1362074171832958980,2,1,1.9782294111797167
73,SC-SCSA_PLUS_V3,1362776603047165957,3,4,1.6550590658248516
73,SC-SCSA_PLUS_V3,1362085735063572482,4,1,0.8822905818186336
73,SC-SCSA_PLUS_V3,1369326799709212680,5,3,0.8087706434471126
73,SC-SCSA_PLUS_V3,1359577321695547392,6,1,0.7422847473734989
73,SC-SCSA_PLUS_V3,1369405604595400711,7,4,0.4694281195039614
73,SC-SCSA_PLUS_V3,1369614175048249346,8,4,0.40982746995796543
73,SC-SCSA_PLUS_V3,1369311531360518146,9,4,0.29693122632029073
73,SC-SCSA_PLUS_V3,1369315042236174343,10,3,0.046414384283107485
74,SC-SCSA_PLUS_V3,1369298875719311360,1,3,2.9539182119378724
74,SC-SCSA_PLUS_V3,1362776603047165957,2,3,1.6550590658248516
74,SC-SCSA_PLUS_V3,1369326799709212680,3,4,0.8087706434471126
74,SC-SCSA_PLUS_V3,1369405604595400711,4,4,0.4694281195039614
74,SC-SCSA_PLUS_V3,1369048387815899139,5,3,0.44337431720349446
74,SC-SCSA_PLUS_V3,1369441796925886465,6,3,0.370517095900714
74,SC-SCSA_PLUS_V3,1369375444793954323,7,2,0.32762382003458496
74,SC-SCSA_PLUS_V3,1369311531360518146,8,4,0.29693122632029073
74,SC-SCSA_PLUS_V3,1369355243406954501,9,3,0.0653632784150107
74,SC-SCSA_PLUS_V3,1369400194513723396,10,4,-0.053546368691624935
76,SC-SCSA_PLUS_V3,1294010972055592962,1,4,2.035093293921306
76,SC-SCSA_PLUS_V3,1362083047785439239,2,5,1.5442247406586809
76,SC-SCSA_PLUS_V3,1334711453211889665,3,5,1.3709463623508418
76,SC-SCSA_PLUS_V3,1331748997124534274,4,5,1.0087351659907693
76,SC-SCSA_PLUS_V3,1355167587638906880,5,5,0.9907334379796805
76,SC-SCSA_PLUS_V3,1273231711908872193,6,5,0.9735581793930556
76,SC-SCSA_PLUS_V3,1337020338916499463,7,5,0.6773682017926828
76,SC-SCSA_PLUS_V3,1334726779903168512,8,5,0.554356279479248
76,SC-SCSA_PLUS_V3,1337022746824499203,9,4,0.49913594604732003
76,SC-SCSA_PLUS_V3,1337021907464499204,10,5,0.38593984581836027
77,SC-SCSA_PLUS_V3,1369298875719311360,1,4,2.9539182119378724
77,SC-SCSA_PLUS_V3,1349380288783253504,2,5,2.9377052758709996
77,SC-SCSA_PLUS_V3,1349377838722519040,3,4,2.872215233545066
77,SC-SCSA_PLUS_V3,1362776603047165957,4,4,1.6550590658248516
77,SC-SCSA_PLUS_V3,1354011094751260673,5,4,1.1497042623352942
77,SC-SCSA_PLUS_V3,1369326799709212680,6,4,0.8087706434471126
77,SC-SCSA_PLUS_V3,1353672852747284480,7,5,0.7262639556751396
77,SC-SCSA_PLUS_V3,1369405604595400711,8,5,0.4694281195039614
77,SC-SCSA_PLUS_V3,1369614175048249346,9,5,0.40982746995796543
77,SC-SCSA_PLUS_V3,1369311531360518146,10,4,0.29693122632029073
78,SC-SCSA_PLUS_V3,1366499073671454725,1,2,2.367598513632216
78,SC-SCSA_PLUS_V3,1303249708169613313,2,1,1.656562767991547
78,SC-SCSA_PLUS_V3,1367462925250818061,3,1,1.568127367575519
78,SC-SCSA_PLUS_V3,1367113993815547906,4,2,1.5501020125593652
78,SC-SCSA_PLUS_V3,1324374402750767104,5,1,1.3086761791425776
78,SC-SCSA_PLUS_V3,1368580185642110982,6,2,1.2678028719555423
78,SC-SCSA_PLUS_V3,1319402828285108225,7,2,1.1261404712749272
78,SC-SCSA_PLUS_V3,1368245651046207493,8,3,0.5866489305081412
78,SC-SCSA_PLUS_V3,1368909409775149064,9,1,-0.024880417434035396
78,SC-SCSA_PLUS_V3,1368932010971004931,10,2,-0.04163160287156896
79,SC-SCSA_PLUS_V3,1095067826061262848,1,5,4.03569133165186
79,SC-SCSA_PLUS_V3,1366561763962073092,2,5,2.043043396755269
79,SC-SCSA_PLUS_V3,1364683920965578753,3,4,1.8662733123316722
79,SC-SCSA_PLUS_V3,1336059119174897665,4,5,1.7947100594525833
79,SC-SCSA_PLUS_V3,1359597695548153864,5,3,1.100707150092452
79,SC-SCSA_PLUS_V3,1273231711908872193,6,4,0.9735581793930556
79,SC-SCSA_PLUS_V3,1338584496489172992,7,4,0.9667887052703605
79,SC-SCSA_PLUS_V3,1365320876510560258,8,4,0.9664637404231338
79,SC-SCSA_PLUS_V3,1182112257708306433,9,5,0.6888617405736613
79,SC-SCSA_PLUS_V3,1350483251291451392,10,5,0.5593227083243486
81,SC-SCSA_PLUS_V3,1366499073671454725,1,5,2.367598513632216
81,SC-SCSA_PLUS_V3,1362776603047165957,2,5,1.6550590658248516
81,SC-SCSA_PLUS_V3,1367462925250818061,3,5,1.568127367575519
81,SC-SCSA_PLUS_V3,1367113993815547906,4,5,1.5501020125593652
81,SC-SCSA_PLUS_V3,1368649404702408707,5,5,1.2678149042883131
81,SC-SCSA_PLUS_V3,1368580185642110982,6,5,1.2678028719555423
81,SC-SCSA_PLUS_V3,1359597695548153864,7,5,1.100707150092452
81,SC-SCSA_PLUS_V3,1350483251291451392,8,5,0.5593227083243486
81,SC-SCSA_PLUS_V3,1368909409775149064,9,5,-0.024880417434035396
81,SC-SCSA_PLUS_V3,1368932010971004931,10,5,-0.04163160287156896
1,SCSA-STATE_ART,1364607745270423556,1,5,0.15814341714407787
1,SCSA-STATE_ART,1339525827118194689,2,4,-0.03887995582502068
1,SCSA-STATE_ART,1337077938076979205,3,3,-0.1514914697726787
1,SCSA-STATE_ART,1367882927384768524,4,5,-0.15329852445505293
1,SCSA-STATE_ART,1336793663792406530,5,2,-0.15899590429959662
1,SCSA-STATE_ART,1369386818169372680,6,5,-0.16196945948694028
1,SCSA-STATE_ART,1369383214062665731,7,2,-0.1619771478345075
1,SCSA-STATE_ART,1363551492486008834,8,1,-0.1622242890101785
1,SCSA-STATE_ART,1369372321736232963,9,1,-0.1623682998941281
1,SCSA-STATE_ART,1354118501653483523,10,1,-0.1626934571397117
2,SCSA-STATE_ART,1365007905318133766,1,4,-0.13768873889958996
2,SCSA-STATE_ART,1366709656974942211,2,5,-0.1394375052243632
2,SCSA-STATE_ART,1361701236395958278,3,4,-0.14446510344358682
2,SCSA-STATE_ART,1369441382973272064,4,4,-0.14736864841342553
2,SCSA-STATE_ART,1364579317964034050,5,5,-0.1485508750733014
2,SCSA-STATE_ART,1361388306106318857,6,4,-0.15475331088110703
2,SCSA-STATE_ART,1369030160943611907,7,4,-0.1604686032774996
2,SCSA-STATE_ART,1366932843067277314,8,3,-0.1612231545723697
2,SCSA-STATE_ART,1369292125641269258,9,4,-0.1619979259031211
2,SCSA-STATE_ART,1369458171467591683,10,3,-0.1620526925449209
3,SCSA-STATE_ART,1364607745270423556,1,2,0.15814341714407787
3,SCSA-STATE_ART,1337077938076979205,2,3,-0.1514914697726787
3,SCSA-STATE_ART,1367894335233142789,3,3,-0.15839433111823875
3,SCSA-STATE_ART,1336793663792406530,4,3,-0.15899590429959662
3,SCSA-STATE_ART,1363941648812675075,5,4,-0.1600253654296599
3,SCSA-STATE_ART,1369383214062665731,6,3,-0.1619771478345075
3,SCSA-STATE_ART,1368286394792046596,7,3,-0.162271572345154
3,SCSA-STATE_ART,1365327872643260420,8,3,-0.1623579599275923
3,SCSA-STATE_ART,1324374402750767104,9,5,-0.16264838872816453
3,SCSA-STATE_ART,1367315410106736640,10,3,-0.1629176563950277
4,SCSA-STATE_ART,1369441382973272064,1,5,-0.14736864841342553
4,SCSA-STATE_ART,1369495249417101312,2,3,-0.14994155545922294
4,SCSA-STATE_ART,1369226601972563972,3,5,-0.16125601151625013
4,SCSA-STATE_ART,1368622654870192131,4,5,-0.16142646892113027
4,SCSA-STATE_ART,1369438033892806663,5,5,-0.1614420235489199
4,SCSA-STATE_ART,1369619124318580736,6,5,-0.16155752799471415
4,SCSA-STATE_ART,1369458171467591683,7,4,-0.1620526925449209
4,SCSA-STATE_ART,1364851499042537474,8,2,-0.16221524869930015
4,SCSA-STATE_ART,1352554075657801732,9,1,-0.16254188299511702
4,SCSA-STATE_ART,1352937076669476864,10,2,-0.16285043917309297
5,SCSA-STATE_ART,1365007905318133766,1,2,-0.13768873889958996
5,SCSA-STATE_ART,1366709656974942211,2,3,-0.1394375052243632
5,SCSA-STATE_ART,1361701236395958278,3,2,-0.14446510344358682
5,SCSA-STATE_ART,1369441382973272064,4,4,-0.14736864841342553
5,SCSA-STATE_ART,1364579317964034050,5,3,-0.1485508750733014
5,SCSA-STATE_ART,1361388306106318857,6,2,-0.15475331088110703
5,SCSA-STATE_ART,1369030160943611907,7,3,-0.1604686032774996
5,SCSA-STATE_ART,1366932843067277314,8,2,-0.1612231545723697
5,SCSA-STATE_ART,1369292125641269258,9,3,-0.1619979259031211
5,SCSA-STATE_ART,1369458171467591683,10,4,-0.1620526925449209
6,SCSA-STATE_ART,1337022746824499203,1,2,1.522513486320188
6,SCSA-STATE_ART,1351920546011893761,2,2,1.3654915218742583
6,SCSA-STATE_ART,1365416645624143873,3,3,1.352063197003944
6,SCSA-STATE_ART,1337463904566456320,4,2,1.2925489724102472
6,SCSA-STATE_ART,1358843515149504514,5,3,0.18714062376005267
6,SCSA-STATE_ART,1331744604891344896,6,2,0.16271656809978113
6,SCSA-STATE_ART,1339525827118194689,7,5,-0.03887995582502068
6,SCSA-STATE_ART,1353502767352926208,8,3,-0.08581479228989936
6,SCSA-STATE_ART,1357375687967997959,9,1,-0.1322147295008666
6,SCSA-STATE_ART,1354118501653483523,10,5,-0.1626934571397117
7,SCSA-STATE_ART,1364607745270423556,1,2,0.15814341714407787
7,SCSA-STATE_ART,1337077938076979205,2,2,-0.1514914697726787
7,SCSA-STATE_ART,1367882927384768524,3,4,-0.15329852445505293
7,SCSA-STATE_ART,1336793663792406530,4,3,-0.15899590429959662
7,SCSA-STATE_ART,1336596712857743361,5,3,-0.16087383216849266
7,SCSA-STATE_ART,1369386818169372680,6,5,-0.16196945948694028
7,SCSA-STATE_ART,1369383214062665731,7,3,-0.1619771478345075
7,SCSA-STATE_ART,1363551492486008834,8,3,-0.1622242890101785
7,SCSA-STATE_ART,1369337343270862853,9,2,-0.16230574715285712
7,SCSA-STATE_ART,1369372321736232963,10,4,-0.1623682998941281
8,SCSA-STATE_ART,1351920546011893761,1,4,1.3654915218742583
8,SCSA-STATE_ART,1365416645624143873,2,4,1.352063197003944
8,SCSA-STATE_ART,1337463904566456320,3,4,1.2925489724102472
8,SCSA-STATE_ART,1358843677582401536,4,3,0.9431325564939711
8,SCSA-STATE_ART,1331741612402237443,5,3,0.2669490359302921
8,SCSA-STATE_ART,1358843515149504514,6,4,0.18714062376005267
8,SCSA-STATE_ART,1331744604891344896,7,4,0.16271656809978113
8,SCSA-STATE_ART,1353502767352926208,8,4,-0.08581479228989936
8,SCSA-STATE_ART,1290659734639521798,9,5,-0.09388391124280858
8,SCSA-STATE_ART,1357375687967997959,10,4,-0.1322147295008666
9,SCSA-STATE_ART,1321455751567532032,1,5,-0.06056330978192362
9,SCSA-STATE_ART,1333873034114064385,2,5,-0.10490736571346042
9,SCSA-STATE_ART,1343729046891347968,3,5,-0.14388723828005037
9,SCSA-STATE_ART,1359932980974657536,4,5,-0.15478179878195203
9,SCSA-STATE_ART,1366115959623331844,5,1,-0.1567167050255976
9,SCSA-STATE_ART,1347619092417548288,6,5,-0.15679240711867998
9,SCSA-STATE_ART,1362069293790162946,7,4,-0.15775414054742581
9,SCSA-STATE_ART,1360346403873181707,8,4,-0.15888531885611126
9,SCSA-STATE_ART,1364624807220948994,9,1,-0.16009886210320087
9,SCSA-STATE_ART,1362872757109809152,10,1,-0.16234826693959664
10,SCSA-STATE_ART,1364607745270423556,1,3,0.15814341714407787
10,SCSA-STATE_ART,1337077938076979205,2,3,-0.1514914697726787
10,SCSA-STATE_ART,1367882927384768524,3,5,-0.15329852445505293
10,SCSA-STATE_ART,1336793663792406530,4,3,-0.15899590429959662
10,SCSA-STATE_ART,1336596712857743361,5,3,-0.16087383216849266
10,SCSA-STATE_ART,1369386818169372680,6,4,-0.16196945948694028
10,SCSA-STATE_ART,1369383214062665731,7,4,-0.1619771478345075
10,SCSA-STATE_ART,1363551492486008834,8,4,-0.1622242890101785
10,SCSA-STATE_ART,1369337343270862853,9,4,-0.16230574715285712
10,SCSA-STATE_ART,1369372321736232963,10,4,-0.1623682998941281
11,SCSA-STATE_ART,1351920546011893761,1,4,1.3654915218742583
11,SCSA-STATE_ART,1351920546011893761,2,2,1.3654915218742583
11,SCSA-STATE_ART,1365416645624143873,3,5,1.352063197003944
11,SCSA-STATE_ART,1365416645624143873,4,2,1.352063197003944
11,SCSA-STATE_ART,1337463904566456320,5,5,1.2925489724102472
11,SCSA-STATE_ART,1337463904566456320,6,4,1.2925489724102472
11,SCSA-STATE_ART,1358843677582401536,7,2,0.9431325564939711
11,SCSA-STATE_ART,1358843677582401536,8,4,0.9431325564939711
11,SCSA-STATE_ART,1331741612402237443,9,4,0.2669490359302921
11,SCSA-STATE_ART,1331741612402237443,10,2,0.2669490359302921
12,SCSA-STATE_ART,1360286991011639302,1,5,-0.15276467557114853
12,SCSA-STATE_ART,1367532398825648130,2,5,-0.16121993792220848
12,SCSA-STATE_ART,1326033569555181568,3,2,-0.16176880523581905
12,SCSA-STATE_ART,1365812811721543685,4,3,-0.16214249633973823
12,SCSA-STATE_ART,1356255352145272832,5,5,-0.16226691210726413
12,SCSA-STATE_ART,1354807067232489475,6,5,-0.16228781583418495
12,SCSA-STATE_ART,1334873913210380298,7,5,-0.1623400502829117
12,SCSA-STATE_ART,1365811680815554560,8,3,-0.1623518282442769
12,SCSA-STATE_ART,1365784358217523201,9,3,-0.16255381942680683
12,SCSA-STATE_ART,1334130051554668547,10,5,-0.1629176563950277
13,SCSA-STATE_ART,1364607745270423556,1,4,0.15814341714407787
13,SCSA-STATE_ART,1337077938076979205,2,3,-0.1514914697726787
13,SCSA-STATE_ART,1367882927384768524,3,4,-0.15329852445505293
13,SCSA-STATE_ART,1336793663792406530,4,4,-0.15899590429959662
13,SCSA-STATE_ART,1336596712857743361,5,1,-0.16087383216849266
13,SCSA-STATE_ART,1354565152939544576,6,1,-0.1617418991725094
13,SCSA-STATE_ART,1369386818169372680,7,5,-0.16196945948694028
13,SCSA-STATE_ART,1369383214062665731,8,2,-0.1619771478345075
13,SCSA-STATE_ART,1369337343270862853,9,1,-0.16230574715285712
13,SCSA-STATE_ART,1369372321736232963,10,1,-0.1623682998941281
15,SCSA-STATE_ART,1364664823984779267,1,4,-0.08505591236422134
15,SCSA-STATE_ART,1368297763524448256,2,3,-0.08835546243868034
15,SCSA-STATE_ART,1317810926133874689,3,4,-0.12918411232001803
15,SCSA-STATE_ART,1366380504736534529,4,4,-0.1406106114477888
15,SCSA-STATE_ART,1360286991011639302,5,3,-0.15276467557114853
15,SCSA-STATE_ART,1359941706951524353,6,3,-0.15816124696838108
15,SCSA-STATE_ART,1318667750408036352,7,3,-0.15914967195903287
15,SCSA-STATE_ART,1349743109832372225,8,4,-0.1617186298039415
15,SCSA-STATE_ART,1354565152939544576,9,5,-0.1617418991725094
15,SCSA-STATE_ART,1283518830950510593,10,4,-0.1621187040011568
16,SCSA-STATE_ART,1368561200754270210,1,1,0.38100997072506226
16,SCSA-STATE_ART,1366232555037462531,2,3,0.16494129552663925
16,SCSA-STATE_ART,1319343716801236992,3,5,-0.14673009956013566
16,SCSA-STATE_ART,1367531774012751878,4,1,-0.15555461865822937
16,SCSA-STATE_ART,1368933410085945345,5,1,-0.158241675314955
16,SCSA-STATE_ART,1345510484213075968,6,1,-0.16148089480623054
16,SCSA-STATE_ART,1326736922199257089,7,1,-0.1615990631356641
16,SCSA-STATE_ART,1368584215403655171,8,1,-0.16250993603289163
16,SCSA-STATE_ART,1367649223601238016,9,1,-0.162515760155467
16,SCSA-STATE_ART,1367170047081402380,10,1,-0.1626959818520871
17,SCSA-STATE_ART,1364607745270423556,1,5,0.15814341714407787
17,SCSA-STATE_ART,1337077938076979205,2,2,-0.1514914697726787
17,SCSA-STATE_ART,1367882927384768524,3,3,-0.15329852445505293
17,SCSA-STATE_ART,1336793663792406530,4,2,-0.15899590429959662
17,SCSA-STATE_ART,1336596712857743361,5,1,-0.16087383216849266
17,SCSA-STATE_ART,1354565152939544576,6,1,-0.1617418991725094
17,SCSA-STATE_ART,1369386818169372680,7,2,-0.16196945948694028
17,SCSA-STATE_ART,1369383214062665731,8,2,-0.1619771478345075
17,SCSA-STATE_ART,1369337343270862853,9,1,-0.16230574715285712
17,SCSA-STATE_ART,1369372321736232963,10,2,-0.1623682998941281
18,SCSA-STATE_ART,1339525827118194689,1,4,-0.03887995582502068
18,SCSA-STATE_ART,1182112257708306433,2,2,-0.04383045009819281
18,SCSA-STATE_ART,1368297763524448256,3,2,-0.08835546243868034
18,SCSA-STATE_ART,1358569998885785609,4,1,-0.12286192243370794
18,SCSA-STATE_ART,1366380504736534529,5,2,-0.1406106114477888
18,SCSA-STATE_ART,1360286991011639302,6,1,-0.15276467557114853
18,SCSA-STATE_ART,1359941706951524353,7,1,-0.15816124696838108
18,SCSA-STATE_ART,1349743109832372225,8,1,-0.1617186298039415
18,SCSA-STATE_ART,1362127981234188288,9,3,-0.16245315686916328
18,SCSA-STATE_ART,1354118501653483523,10,1,-0.1626934571397117
19,SCSA-STATE_ART,1369441382973272064,1,3,-0.14736864841342553
19,SCSA-STATE_ART,1369495249417101312,2,4,-0.14994155545922294
19,SCSA-STATE_ART,1369015794248671233,3,4,-0.16113379848586523
19,SCSA-STATE_ART,1369355243406954501,4,4,-0.16119039123784681
19,SCSA-STATE_ART,1369395335769038849,5,4,-0.16179179271649785
19,SCSA-STATE_ART,1369315042236174343,6,4,-0.16204525126394473
19,SCSA-STATE_ART,1364851499042537474,7,4,-0.16221524869930015
19,SCSA-STATE_ART,1353672852747284480,8,4,-0.16236036771834148
19,SCSA-STATE_ART,1352554075657801732,9,4,-0.16254188299511702
19,SCSA-STATE_ART,1352937076669476864,10,4,-0.16285043917309297
20,SCSA-STATE_ART,1368561200754270210,1,4,0.38100997072506226
20,SCSA-STATE_ART,1339525827118194689,2,1,-0.03887995582502068
20,SCSA-STATE_ART,1367497561645457427,3,1,-0.12649337531736587
20,SCSA-STATE_ART,1361046993158692866,4,1,-0.14924817255877695
20,SCSA-STATE_ART,1362196066431627265,5,1,-0.1519540540161951
20,SCSA-STATE_ART,1368760443498532864,6,2,-0.15946241638005518
20,SCSA-STATE_ART,1364697022847209478,7,1,-0.16042395551412714
20,SCSA-STATE_ART,1367496989215248388,8,2,-0.1607300799151481
20,SCSA-STATE_ART,1369458171467591683,9,5,-0.1620526925449209
20,SCSA-STATE_ART,1368777274506571779,10,1,-0.16232276360057277
21,SCSA-STATE_ART,1364607745270423556,1,1,0.15814341714407787
21,SCSA-STATE_ART,1337077938076979205,2,1,-0.1514914697726787
21,SCSA-STATE_ART,1367894335233142789,3,3,-0.15839433111823875
21,SCSA-STATE_ART,1336793663792406530,4,3,-0.15899590429959662
21,SCSA-STATE_ART,1363941648812675075,5,4,-0.1600253654296599
21,SCSA-STATE_ART,1369383214062665731,6,1,-0.1619771478345075
21,SCSA-STATE_ART,1368286394792046596,7,1,-0.162271572345154
21,SCSA-STATE_ART,1365327872643260420,8,1,-0.1623579599275923
21,SCSA-STATE_ART,1354118501653483523,9,2,-0.1626934571397117
21,SCSA-STATE_ART,1367315410106736640,10,1,-0.1629176563950277
22,SCSA-STATE_ART,1369441796925886465,1,4,-0.15743537047928802
22,SCSA-STATE_ART,1369017812165881859,2,2,-0.1582114667319785
22,SCSA-STATE_ART,1367894335233142789,3,5,-0.15839433111823875
22,SCSA-STATE_ART,1363941648812675075,4,5,-0.1600253654296599
22,SCSA-STATE_ART,1367912923641737216,5,4,-0.16052254522173293
22,SCSA-STATE_ART,1367930915733835777,6,5,-0.1610679610426875
22,SCSA-STATE_ART,1368286394792046596,7,2,-0.162271572345154
22,SCSA-STATE_ART,1367604109113655297,8,3,-0.16257688954591829
22,SCSA-STATE_ART,1369034842222985216,9,5,-0.16285972135834859
22,SCSA-STATE_ART,1367315410106736640,10,1,-0.1629176563950277
23,SCSA-STATE_ART,1351920546011893761,1,3,1.3654915218742583
23,SCSA-STATE_ART,1365416645624143873,2,3,1.352063197003944
23,SCSA-STATE_ART,1337463904566456320,3,3,1.2925489724102472
23,SCSA-STATE_ART,1358843677582401536,4,3,0.9431325564939711
23,SCSA-STATE_ART,1331741612402237443,5,3,0.2669490359302921
23,SCSA-STATE_ART,1358843515149504514,6,3,0.18714062376005267
23,SCSA-STATE_ART,1331744604891344896,7,3,0.16271656809978113
23,SCSA-STATE_ART,1353502767352926208,8,3,-0.08581479228989936
23,SCSA-STATE_ART,1290659734639521798,9,3,-0.09388391124280858
23,SCSA-STATE_ART,1357375687967997959,10,3,-0.1322147295008666
24,SCSA-STATE_ART,1337077938076979205,1,3,-0.1514914697726787
24,SCSA-STATE_ART,1367882927384768524,2,5,-0.15329852445505293
24,SCSA-STATE_ART,1336793663792406530,3,5,-0.15899590429959662
24,SCSA-STATE_ART,1336596712857743361,4,3,-0.16087383216849266
24,SCSA-STATE_ART,1365320876510560258,5,5,-0.1618194753125917
24,SCSA-STATE_ART,1369386818169372680,6,3,-0.16196945948694028
24,SCSA-STATE_ART,1369383214062665731,7,3,-0.1619771478345075
24,SCSA-STATE_ART,1369307525489844228,8,2,-0.16209495315586772
24,SCSA-STATE_ART,1369337343270862853,9,4,-0.16230574715285712
24,SCSA-STATE_ART,1369372321736232963,10,4,-0.1623682998941281
25,SCSA-STATE_ART,1369441382973272064,1,5,-0.14736864841342553
25,SCSA-STATE_ART,1369495249417101312,2,5,-0.14994155545922294
25,SCSA-STATE_ART,1369226601972563972,3,4,-0.16125601151625013
25,SCSA-STATE_ART,1368622654870192131,4,4,-0.16142646892113027
25,SCSA-STATE_ART,1369438033892806663,5,4,-0.1614420235489199
25,SCSA-STATE_ART,1369619124318580736,6,4,-0.16155752799471415
25,SCSA-STATE_ART,1369458171467591683,7,5,-0.1620526925449209
25,SCSA-STATE_ART,1364851499042537474,8,5,-0.16221524869930015
25,SCSA-STATE_ART,1352554075657801732,9,2,-0.16254188299511702
25,SCSA-STATE_ART,1352937076669476864,10,4,-0.16285043917309297
26,SCSA-STATE_ART,1321455751567532032,1,3,-0.06056330978192362
26,SCSA-STATE_ART,1333873034114064385,2,3,-0.10490736571346042
26,SCSA-STATE_ART,1320142365038817281,3,3,-0.11130999141045847
26,SCSA-STATE_ART,1338592930022363139,4,3,-0.1462227479128133
26,SCSA-STATE_ART,1359932980974657536,5,4,-0.15478179878195203
26,SCSA-STATE_ART,1362069293790162946,6,4,-0.15775414054742581
26,SCSA-STATE_ART,1369226601972563972,7,3,-0.16125601151625013
26,SCSA-STATE_ART,1368622654870192131,8,3,-0.16142646892113027
26,SCSA-STATE_ART,1369458171467591683,9,4,-0.1620526925449209
26,SCSA-STATE_ART,1352554075657801732,10,1,-0.16254188299511702
27,SCSA-STATE_ART,1369441382973272064,1,5,-0.14736864841342553
27,SCSA-STATE_ART,1369495249417101312,2,4,-0.14994155545922294
27,SCSA-STATE_ART,1369226601972563972,3,5,-0.16125601151625013
27,SCSA-STATE_ART,1368622654870192131,4,5,-0.16142646892113027
27,SCSA-STATE_ART,1369438033892806663,5,4,-0.1614420235489199
27,SCSA-STATE_ART,1369619124318580736,6,4,-0.16155752799471415
27,SCSA-STATE_ART,1369458171467591683,7,5,-0.1620526925449209
27,SCSA-STATE_ART,1364851499042537474,8,4,-0.16221524869930015
27,SCSA-STATE_ART,1352554075657801732,9,5,-0.16254188299511702
27,SCSA-STATE_ART,1352937076669476864,10,4,-0.16285043917309297
28,SCSA-STATE_ART,1364607745270423556,1,1,0.15814341714407787
28,SCSA-STATE_ART,1339525827118194689,2,3,-0.03887995582502068
28,SCSA-STATE_ART,1337077938076979205,3,1,-0.1514914697726787
28,SCSA-STATE_ART,1367882927384768524,4,5,-0.15329852445505293
28,SCSA-STATE_ART,1336793663792406530,5,2,-0.15899590429959662
28,SCSA-STATE_ART,1369386818169372680,6,1,-0.16196945948694028
28,SCSA-STATE_ART,1369383214062665731,7,1,-0.1619771478345075
28,SCSA-STATE_ART,1363551492486008834,8,1,-0.1622242890101785
28,SCSA-STATE_ART,1369337343270862853,9,1,-0.16230574715285712
28,SCSA-STATE_ART,1369372321736232963,10,1,-0.1623682998941281
29,SCSA-STATE_ART,1337022746824499203,1,4,1.522513486320188
29,SCSA-STATE_ART,1351920546011893761,2,3,1.3654915218742583
29,SCSA-STATE_ART,1365416645624143873,3,3,1.352063197003944
29,SCSA-STATE_ART,1337463904566456320,4,3,1.2925489724102472
29,SCSA-STATE_ART,1353502767352926208,5,3,-0.08581479228989936
29,SCSA-STATE_ART,1367894335233142789,6,4,-0.15839433111823875
29,SCSA-STATE_ART,1363941648812675075,7,4,-0.1600253654296599
29,SCSA-STATE_ART,1367947939579006979,8,5,-0.16007096412379945
29,SCSA-STATE_ART,1367946026674352134,9,4,-0.16240198778797424
29,SCSA-STATE_ART,1366443197166096385,10,5,-0.1624720926413561
30,SCSA-STATE_ART,1369017812165881859,1,3,-0.1582114667319785
30,SCSA-STATE_ART,1367894335233142789,2,4,-0.15839433111823875
30,SCSA-STATE_ART,1363941648812675075,3,5,-0.1600253654296599
30,SCSA-STATE_ART,1367912923641737216,4,4,-0.16052254522173293
30,SCSA-STATE_ART,1367565062328623104,5,3,-0.1608099338205883
30,SCSA-STATE_ART,1367930915733835777,6,4,-0.1610679610426875
30,SCSA-STATE_ART,1365320876510560258,7,5,-0.1618194753125917
30,SCSA-STATE_ART,1368286394792046596,8,4,-0.162271572345154
30,SCSA-STATE_ART,1367604109113655297,9,4,-0.16257688954591829
30,SCSA-STATE_ART,1367315410106736640,10,4,-0.1629176563950277
31,SCSA-STATE_ART,1364607745270423556,1,4,0.15814341714407787
31,SCSA-STATE_ART,1364664823984779267,2,3,-0.08505591236422134
31,SCSA-STATE_ART,1303840025000509448,3,2,-0.1037733167114671
31,SCSA-STATE_ART,1317810926133874689,4,3,-0.12918411232001803
31,SCSA-STATE_ART,1337077938076979205,5,4,-0.1514914697726787
31,SCSA-STATE_ART,1336793663792406530,6,3,-0.15899590429959662
31,SCSA-STATE_ART,1369386818169372680,7,4,-0.16196945948694028
31,SCSA-STATE_ART,1369383214062665731,8,2,-0.1619771478345075
31,SCSA-STATE_ART,1283518830950510593,9,2,-0.1621187040011568
31,SCSA-STATE_ART,1369372321736232963,10,1,-0.1623682998941281
32,SCSA-STATE_ART,1365007905318133766,1,1,-0.13768873889958996
32,SCSA-STATE_ART,1366709656974942211,2,3,-0.1394375052243632
32,SCSA-STATE_ART,1361701236395958278,3,4,-0.14446510344358682
32,SCSA-STATE_ART,1369441382973272064,4,3,-0.14736864841342553
32,SCSA-STATE_ART,1364579317964034050,5,2,-0.1485508750733014
32,SCSA-STATE_ART,1361388306106318857,6,2,-0.15475331088110703
32,SCSA-STATE_ART,1369030160943611907,7,1,-0.1604686032774996
32,SCSA-STATE_ART,1366932843067277314,8,2,-0.1612231545723697
32,SCSA-STATE_ART,1369292125641269258,9,3,-0.1619979259031211
32,SCSA-STATE_ART,1369458171467591683,10,4,-0.1620526925449209
33,SCSA-STATE_ART,1369441382973272064,1,4,-0.14736864841342553
33,SCSA-STATE_ART,1369495249417101312,2,4,-0.14994155545922294
33,SCSA-STATE_ART,1369015794248671233,3,4,-0.16113379848586523
33,SCSA-STATE_ART,1369226601972563972,4,4,-0.16125601151625013
33,SCSA-STATE_ART,1368622654870192131,5,4,-0.16142646892113027
33,SCSA-STATE_ART,1369438033892806663,6,4,-0.1614420235489199
33,SCSA-STATE_ART,1369619124318580736,7,4,-0.16155752799471415
33,SCSA-STATE_ART,1369395335769038849,8,3,-0.16179179271649785
33,SCSA-STATE_ART,1369315042236174343,9,3,-0.16204525126394473
33,SCSA-STATE_ART,1369458171467591683,10,3,-0.1620526925449209
34,SCSA-STATE_ART,1369441382973272064,1,4,-0.14736864841342553
34,SCSA-STATE_ART,1369495249417101312,2,3,-0.14994155545922294
34,SCSA-STATE_ART,1369015794248671233,3,2,-0.16113379848586523
34,SCSA-STATE_ART,1369226601972563972,4,2,-0.16125601151625013
34,SCSA-STATE_ART,1368622654870192131,5,2,-0.16142646892113027
34,SCSA-STATE_ART,1369438033892806663,6,4,-0.1614420235489199
34,SCSA-STATE_ART,1369619124318580736,7,4,-0.16155752799471415
34,SCSA-STATE_ART,1369395335769038849,8,4,-0.16179179271649785
34,SCSA-STATE_ART,1369315042236174343,9,4,-0.16204525126394473
34,SCSA-STATE_ART,1369458171467591683,10,2,-0.1620526925449209
35,SCSA-STATE_ART,1339525827118194689,1,3,-0.03887995582502068
35,SCSA-STATE_ART,1362196066431627265,2,3,-0.1519540540161951
35,SCSA-STATE_ART,1368760443498532864,3,2,-0.15946241638005518
35,SCSA-STATE_ART,1364697022847209478,4,3,-0.16042395551412714
35,SCSA-STATE_ART,1367496989215248388,5,2,-0.1607300799151481
35,SCSA-STATE_ART,1362484293650567168,6,3,-0.16161452111700966
35,SCSA-STATE_ART,1369458171467591683,7,1,-0.1620526925449209
35,SCSA-STATE_ART,1368777274506571779,8,1,-0.16232276360057277
35,SCSA-STATE_ART,1353672852747284480,9,2,-0.16236036771834148
35,SCSA-STATE_ART,1368744769686540290,10,2,-0.16247909751163947
36,SCSA-STATE_ART,1364607745270423556,1,5,0.15814341714407787
36,SCSA-STATE_ART,1321455751567532032,2,5,-0.06056330978192362
36,SCSA-STATE_ART,1333873034114064385,3,5,-0.10490736571346042
36,SCSA-STATE_ART,1343729046891347968,4,3,-0.14388723828005037
36,SCSA-STATE_ART,1337077938076979205,5,5,-0.1514914697726787
36,SCSA-STATE_ART,1359932980974657536,6,5,-0.15478179878195203
36,SCSA-STATE_ART,1366115959623331844,7,3,-0.1567167050255976
36,SCSA-STATE_ART,1347619092417548288,8,5,-0.15679240711867998
36,SCSA-STATE_ART,1362069293790162946,9,4,-0.15775414054742581
36,SCSA-STATE_ART,1367894335233142789,10,3,-0.15839433111823875
37,SCSA-STATE_ART,1351920546011893761,1,4,1.3654915218742583
37,SCSA-STATE_ART,1365416645624143873,2,2,1.352063197003944
37,SCSA-STATE_ART,1337463904566456320,3,4,1.2925489724102472
37,SCSA-STATE_ART,1331744604891344896,4,4,0.16271656809978113
37,SCSA-STATE_ART,1339525827118194689,5,5,-0.03887995582502068
37,SCSA-STATE_ART,1353502767352926208,6,3,-0.08581479228989936
37,SCSA-STATE_ART,1357375687967997959,7,3,-0.1322147295008666
37,SCSA-STATE_ART,1364321423901085698,8,1,-0.1618289919260795
37,SCSA-STATE_ART,1368984433026596867,9,3,-0.16254001199801418
37,SCSA-STATE_ART,1354118501653483523,10,1,-0.1626934571397117
38,SCSA-STATE_ART,1365007905318133766,1,4,-0.13768873889958996
38,SCSA-STATE_ART,1366709656974942211,2,4,-0.1394375052243632
38,SCSA-STATE_ART,1361701236395958278,3,4,-0.14446510344358682
38,SCSA-STATE_ART,1364579317964034050,4,3,-0.1485508750733014
38,SCSA-STATE_ART,1361388306106318857,5,4,-0.15475331088110703
38,SCSA-STATE_ART,1359577321695547392,6,4,-0.1599066147603767
38,SCSA-STATE_ART,1369030160943611907,7,4,-0.1604686032774996
38,SCSA-STATE_ART,1366932843067277314,8,4,-0.1612231545723697
38,SCSA-STATE_ART,1369395335769038849,9,4,-0.16179179271649785
38,SCSA-STATE_ART,1369292125641269258,10,4,-0.1619979259031211
39,SCSA-STATE_ART,1364664823984779267,1,4,-0.08505591236422134
39,SCSA-STATE_ART,1317810926133874689,2,5,-0.12918411232001803
39,SCSA-STATE_ART,1369017812165881859,3,5,-0.1582114667319785
39,SCSA-STATE_ART,1367894335233142789,4,4,-0.15839433111823875
39,SCSA-STATE_ART,1318667750408036352,5,5,-0.15914967195903287
39,SCSA-STATE_ART,1363941648812675075,6,4,-0.1600253654296599
39,SCSA-STATE_ART,1283518830950510593,7,5,-0.1621187040011568
39,SCSA-STATE_ART,1368286394792046596,8,5,-0.162271572345154
39,SCSA-STATE_ART,1369034842222985216,9,5,-0.16285972135834859
39,SCSA-STATE_ART,1367315410106736640,10,5,-0.1629176563950277
40,SCSA-STATE_ART,1351920546011893761,1,5,1.3654915218742583
40,SCSA-STATE_ART,1365416645624143873,2,5,1.352063197003944
40,SCSA-STATE_ART,1337463904566456320,3,3,1.2925489724102472
40,SCSA-STATE_ART,1358843677582401536,4,2,0.9431325564939711
40,SCSA-STATE_ART,1331741612402237443,5,5,0.2669490359302921
40,SCSA-STATE_ART,1358843515149504514,6,2,0.18714062376005267
40,SCSA-STATE_ART,1331744604891344896,7,2,0.16271656809978113
40,SCSA-STATE_ART,1353502767352926208,8,2,-0.08581479228989936
40,SCSA-STATE_ART,1357375687967997959,9,5,-0.1322147295008666
40,SCSA-STATE_ART,1354565152939544576,10,1,-0.1617418991725094
41,SCSA-STATE_ART,1351920546011893761,1,2,1.3654915218742583
41,SCSA-STATE_ART,1365416645624143873,2,2,1.352063197003944
41,SCSA-STATE_ART,1337463904566456320,3,1,1.2925489724102472
41,SCSA-STATE_ART,1331741612402237443,4,1,0.2669490359302921
41,SCSA-STATE_ART,1358843515149504514,5,1,0.18714062376005267
41,SCSA-STATE_ART,1331744604891344896,6,1,0.16271656809978113
41,SCSA-STATE_ART,1339525827118194689,7,4,-0.03887995582502068
41,SCSA-STATE_ART,1353502767352926208,8,1,-0.08581479228989936
41,SCSA-STATE_ART,1357375687967997959,9,2,-0.1322147295008666
41,SCSA-STATE_ART,1369017812165881859,10,3,-0.1582114667319785
42,SCSA-STATE_ART,1354545532044075013,1,2,-0.11405258037001766
42,SCSA-STATE_ART,1288988861092245505,2,1,-0.1272630928080207
42,SCSA-STATE_ART,1367894335233142789,3,5,-0.15839433111823875
42,SCSA-STATE_ART,1367949455262060544,4,2,-0.15977182834802614
42,SCSA-STATE_ART,1363941648812675075,5,5,-0.1600253654296599
42,SCSA-STATE_ART,1367947939579006979,6,5,-0.16007096412379945
42,SCSA-STATE_ART,1368286394792046596,7,1,-0.162271572345154
42,SCSA-STATE_ART,1367946026674352134,8,5,-0.16240198778797424
42,SCSA-STATE_ART,1369034842222985216,9,1,-0.16285972135834859
42,SCSA-STATE_ART,1367315410106736640,10,1,-0.1629176563950277
43,SCSA-STATE_ART,1351920546011893761,1,3,1.3654915218742583
43,SCSA-STATE_ART,1365416645624143873,2,3,1.352063197003944
43,SCSA-STATE_ART,1337463904566456320,3,3,1.2925489724102472
43,SCSA-STATE_ART,1358843677582401536,4,5,0.9431325564939711
43,SCSA-STATE_ART,1331741612402237443,5,5,0.2669490359302921
43,SCSA-STATE_ART,1358843515149504514,6,3,0.18714062376005267
43,SCSA-STATE_ART,1331744604891344896,7,3,0.16271656809978113
43,SCSA-STATE_ART,1353502767352926208,8,5,-0.08581479228989936
43,SCSA-STATE_ART,1357375687967997959,9,3,-0.1322147295008666
43,SCSA-STATE_ART,1368933410085945345,10,3,-0.158241675314955
44,SCSA-STATE_ART,1339525827118194689,1,5,-0.03887995582502068
44,SCSA-STATE_ART,1364664823984779267,2,3,-0.08505591236422134
44,SCSA-STATE_ART,1303840025000509448,3,3,-0.1037733167114671
44,SCSA-STATE_ART,1368217898095964166,4,5,-0.12218713890080873
44,SCSA-STATE_ART,1317810926133874689,5,5,-0.12918411232001803
44,SCSA-STATE_ART,1327398719789150214,6,5,-0.15075844474203384
44,SCSA-STATE_ART,1291862297665626112,7,5,-0.1523232706653703
44,SCSA-STATE_ART,1317811466339221509,8,4,-0.15725057835839867
44,SCSA-STATE_ART,1283518830950510593,9,5,-0.1621187040011568
44,SCSA-STATE_ART,1368777274506571779,10,2,-0.16232276360057277
45,SCSA-STATE_ART,1334044250942676993,1,4,0.24587580698988856
45,SCSA-STATE_ART,1328417466272321537,2,5,-0.03595674113291622
45,SCSA-STATE_ART,1351283213403095045,3,5,-0.07770552646839846
45,SCSA-STATE_ART,1167050866521780224,4,3,-0.0784511079453341
45,SCSA-STATE_ART,1367971795790397440,5,5,-0.1218683756480156
45,SCSA-STATE_ART,1340409077751566338,6,3,-0.14618371861017496
45,SCSA-STATE_ART,1319343716801236992,7,5,-0.14673009956013566
45,SCSA-STATE_ART,1350843455128399879,8,3,-0.16040625651359405
45,SCSA-STATE_ART,1234157609395146753,9,3,-0.16154684351616758
45,SCSA-STATE_ART,1319402828285108225,10,5,-0.16190339242230234
46,SCSA-STATE_ART,1369441382973272064,1,4,-0.14736864841342553
46,SCSA-STATE_ART,1369495249417101312,2,4,-0.14994155545922294
46,SCSA-STATE_ART,1369015794248671233,3,3,-0.16113379848586523
46,SCSA-STATE_ART,1369226601972563972,4,3,-0.16125601151625013
46,SCSA-STATE_ART,1368622654870192131,5,3,-0.16142646892113027
46,SCSA-STATE_ART,1369438033892806663,6,4,-0.1614420235489199
46,SCSA-STATE_ART,1369619124318580736,7,4,-0.16155752799471415
46,SCSA-STATE_ART,1369395335769038849,8,3,-0.16179179271649785
46,SCSA-STATE_ART,1369315042236174343,9,3,-0.16204525126394473
46,SCSA-STATE_ART,1369458171467591683,10,4,-0.1620526925449209
47,SCSA-STATE_ART,1337022746824499203,1,5,1.522513486320188
47,SCSA-STATE_ART,1351920546011893761,2,5,1.3654915218742583
47,SCSA-STATE_ART,1365416645624143873,3,5,1.352063197003944
47,SCSA-STATE_ART,1337463904566456320,4,5,1.2925489724102472
47,SCSA-STATE_ART,1358843677582401536,5,5,0.9431325564939711
47,SCSA-STATE_ART,1331741612402237443,6,5,0.2669490359302921
47,SCSA-STATE_ART,1358843515149504514,7,5,0.18714062376005267
47,SCSA-STATE_ART,1331744604891344896,8,5,0.16271656809978113
47,SCSA-STATE_ART,1353502767352926208,9,5,-0.08581479228989936
47,SCSA-STATE_ART,1357375687967997959,10,1,-0.1322147295008666
48,SCSA-STATE_ART,1325498916847153153,1,5,-0.13803297204395518
48,SCSA-STATE_ART,1369441796925886465,2,5,-0.15743537047928802
48,SCSA-STATE_ART,1368177229285502976,3,4,-0.16182241199789368
48,SCSA-STATE_ART,1368494502336475136,4,4,-0.16195271414451481
48,SCSA-STATE_ART,1347166067995660290,5,2,-0.16214332514295748
48,SCSA-STATE_ART,1369367452661014538,6,4,-0.16225265796888877
48,SCSA-STATE_ART,1368300490895818755,7,4,-0.16229611476412525
48,SCSA-STATE_ART,1368271872002035713,8,4,-0.16277895100296028
48,SCSA-STATE_ART,1363181398908141579,9,3,-0.1627944949747454
48,SCSA-STATE_ART,1299756201509613568,10,3,-0.16302276469284072
49,SCSA-STATE_ART,1322257618178609153,1,5,-0.07952053956161123
49,SCSA-STATE_ART,1368932010971004931,2,5,-0.1613441685603854
49,SCSA-STATE_ART,1322257265496334336,3,2,-0.16136645088243978
49,SCSA-STATE_ART,1369054744786989056,4,2,-0.1617422157751127
49,SCSA-STATE_ART,1368177229285502976,5,5,-0.16182241199789368
49,SCSA-STATE_ART,1324374402750767104,6,5,-0.16264838872816453
49,SCSA-STATE_ART,1368271872002035713,7,5,-0.16277895100296028
49,SCSA-STATE_ART,1363181398908141579,8,1,-0.1627944949747454
49,SCSA-STATE_ART,1369297616245231638,9,1,-0.16287743470709765
49,SCSA-STATE_ART,1299756201509613568,10,1,-0.16302276469284072
50,SCSA-STATE_ART,1368561200754270210,1,5,0.38100997072506226
50,SCSA-STATE_ART,1367113993815547906,2,5,-0.029761322530998134
50,SCSA-STATE_ART,1339525827118194689,3,4,-0.03887995582502068
50,SCSA-STATE_ART,1367497561645457427,4,3,-0.12649337531736587
50,SCSA-STATE_ART,1361046993158692866,5,5,-0.14924817255877695
50,SCSA-STATE_ART,1362196066431627265,6,4,-0.1519540540161951
50,SCSA-STATE_ART,1368760443498532864,7,5,-0.15946241638005518
50,SCSA-STATE_ART,1364697022847209478,8,5,-0.16042395551412714
50,SCSA-STATE_ART,1369355243406954501,9,4,-0.16119039123784681
50,SCSA-STATE_ART,1368777274506571779,10,5,-0.16232276360057277
51,SCSA-STATE_ART,1339525827118194689,1,5,-0.03887995582502068
51,SCSA-STATE_ART,1369017812165881859,2,5,-0.1582114667319785
51,SCSA-STATE_ART,1367894335233142789,3,1,-0.15839433111823875
51,SCSA-STATE_ART,1363941648812675075,4,1,-0.1600253654296599
51,SCSA-STATE_ART,1364321423901085698,5,1,-0.1618289919260795
51,SCSA-STATE_ART,1368286394792046596,6,1,-0.162271572345154
51,SCSA-STATE_ART,1368984433026596867,7,1,-0.16254001199801418
51,SCSA-STATE_ART,1354118501653483523,8,5,-0.1626934571397117
51,SCSA-STATE_ART,1369034842222985216,9,1,-0.16285972135834859
51,SCSA-STATE_ART,1367315410106736640,10,1,-0.1629176563950277
53,SCSA-STATE_ART,1364607745270423556,1,1,0.15814341714407787
53,SCSA-STATE_ART,1337077938076979205,2,1,-0.1514914697726787
53,SCSA-STATE_ART,1367894335233142789,3,1,-0.15839433111823875
53,SCSA-STATE_ART,1336793663792406530,4,1,-0.15899590429959662
53,SCSA-STATE_ART,1363941648812675075,5,1,-0.1600253654296599
53,SCSA-STATE_ART,1369383214062665731,6,1,-0.1619771478345075
53,SCSA-STATE_ART,1368286394792046596,7,1,-0.162271572345154
53,SCSA-STATE_ART,1365327872643260420,8,1,-0.1623579599275923
53,SCSA-STATE_ART,1369034842222985216,9,1,-0.16285972135834859
53,SCSA-STATE_ART,1367315410106736640,10,1,-0.1629176563950277
54,SCSA-STATE_ART,1339525827118194689,1,3,-0.03887995582502068
54,SCSA-STATE_ART,1369017812165881859,2,3,-0.1582114667319785
54,SCSA-STATE_ART,1367894335233142789,3,2,-0.15839433111823875
54,SCSA-STATE_ART,1363941648812675075,4,2,-0.1600253654296599
54,SCSA-STATE_ART,1364321423901085698,5,4,-0.1618289919260795
54,SCSA-STATE_ART,1368286394792046596,6,4,-0.162271572345154
54,SCSA-STATE_ART,1368984433026596867,7,3,-0.16254001199801418
54,SCSA-STATE_ART,1354118501653483523,8,4,-0.1626934571397117
54,SCSA-STATE_ART,1369034842222985216,9,4,-0.16285972135834859
54,SCSA-STATE_ART,1367315410106736640,10,2,-0.1629176563950277
55,SCSA-STATE_ART,1325498916847153153,1,5,-0.13803297204395518
55,SCSA-STATE_ART,1368933410085945345,2,5,-0.158241675314955
55,SCSA-STATE_ART,1368177229285502976,3,5,-0.16182241199789368
55,SCSA-STATE_ART,1346121159134343168,4,5,-0.16186461272667968
55,SCSA-STATE_ART,1368494502336475136,5,5,-0.16195271414451481
55,SCSA-STATE_ART,1347166067995660290,6,5,-0.16214332514295748
55,SCSA-STATE_ART,1369367452661014538,7,5,-0.16225265796888877
55,SCSA-STATE_ART,1368300490895818755,8,5,-0.16229611476412525
55,SCSA-STATE_ART,1363181398908141579,9,5,-0.1627944949747454
55,SCSA-STATE_ART,1299756201509613568,10,5,-0.16302276469284072
57,SCSA-STATE_ART,1319651956579762176,1,5,0.540657599943253
57,SCSA-STATE_ART,1296511004063473667,2,5,0.12649332540461908
57,SCSA-STATE_ART,1238211420388569088,3,5,0.035204797282406115
57,SCSA-STATE_ART,1365047360934526982,4,4,-0.031031400135387684
57,SCSA-STATE_ART,1291094964185825281,5,5,-0.05939902422868242
57,SCSA-STATE_ART,1070275243552489472,6,4,-0.0871359296670186
57,SCSA-STATE_ART,1369395335769038849,7,4,-0.16179179271649785
57,SCSA-STATE_ART,1369315042236174343,8,4,-0.16204525126394473
57,SCSA-STATE_ART,1247840496569012225,9,4,-0.16207168416000065
57,SCSA-STATE_ART,764216312134590466,10,4,-0.16224994610086999
58,SCSA-STATE_ART,1368641210533830657,1,5,-0.1492307220489527
58,SCSA-STATE_ART,1369017812165881859,2,5,-0.1582114667319785
58,SCSA-STATE_ART,1367894335233142789,3,5,-0.15839433111823875
58,SCSA-STATE_ART,1363941648812675075,4,5,-0.1600253654296599
58,SCSA-STATE_ART,1367912923641737216,5,5,-0.16052254522173293
58,SCSA-STATE_ART,1367930915733835777,6,4,-0.1610679610426875
58,SCSA-STATE_ART,1368286394792046596,7,5,-0.162271572345154
58,SCSA-STATE_ART,1367604109113655297,8,5,-0.16257688954591829
58,SCSA-STATE_ART,1369034842222985216,9,5,-0.16285972135834859
58,SCSA-STATE_ART,1367315410106736640,10,5,-0.1629176563950277
60,SCSA-STATE_ART,1339525827118194689,1,5,-0.03887995582502068
60,SCSA-STATE_ART,1369017812165881859,2,5,-0.1582114667319785
60,SCSA-STATE_ART,1367894335233142789,3,5,-0.15839433111823875
60,SCSA-STATE_ART,1363941648812675075,4,5,-0.1600253654296599
60,SCSA-STATE_ART,1364321423901085698,5,5,-0.1618289919260795
60,SCSA-STATE_ART,1368286394792046596,6,5,-0.162271572345154
60,SCSA-STATE_ART,1368984433026596867,7,5,-0.16254001199801418
60,SCSA-STATE_ART,1354118501653483523,8,5,-0.1626934571397117
60,SCSA-STATE_ART,1369034842222985216,9,5,-0.16285972135834859
60,SCSA-STATE_ART,1367315410106736640,10,5,-0.1629176563950277
61,SCSA-STATE_ART,1339525827118194689,1,3,-0.03887995582502068
61,SCSA-STATE_ART,1288988861092245505,2,3,-0.1272630928080207
61,SCSA-STATE_ART,1367949455262060544,3,3,-0.15977182834802614
61,SCSA-STATE_ART,1364321423901085698,4,4,-0.1618289919260795
61,SCSA-STATE_ART,1358610352313757697,5,3,-0.16197188963713427
61,SCSA-STATE_ART,1242143080616087552,6,2,-0.162394680611172
61,SCSA-STATE_ART,1368984433026596867,7,2,-0.16254001199801418
61,SCSA-STATE_ART,1354118501653483523,8,5,-0.1626934571397117
61,SCSA-STATE_ART,1358615407775649792,9,2,-0.16291985464561376
61,SCSA-STATE_ART,1357706176864129027,10,2,-0.1629386445344312
62,SCSA-STATE_ART,1351920546011893761,1,3,1.3654915218742583
62,SCSA-STATE_ART,1365416645624143873,2,3,1.352063197003944
62,SCSA-STATE_ART,1337463904566456320,3,3,1.2925489724102472
62,SCSA-STATE_ART,1331744604891344896,4,1,0.16271656809978113
62,SCSA-STATE_ART,1364607745270423556,5,3,0.15814341714407787
62,SCSA-STATE_ART,1353502767352926208,6,3,-0.08581479228989936
62,SCSA-STATE_ART,1337077938076979205,7,3,-0.1514914697726787
62,SCSA-STATE_ART,1336793663792406530,8,2,-0.15899590429959662
62,SCSA-STATE_ART,1369383214062665731,9,2,-0.1619771478345075
62,SCSA-STATE_ART,1365327872643260420,10,3,-0.1623579599275923
63,SCSA-STATE_ART,1365007905318133766,1,5,-0.13768873889958996
63,SCSA-STATE_ART,1366709656974942211,2,4,-0.1394375052243632
63,SCSA-STATE_ART,1361701236395958278,3,3,-0.14446510344358682
63,SCSA-STATE_ART,1369441382973272064,4,2,-0.14736864841342553
63,SCSA-STATE_ART,1369441382973272064,5,5,-0.14736864841342553
63,SCSA-STATE_ART,1364579317964034050,6,5,-0.1485508750733014
63,SCSA-STATE_ART,1369495249417101312,7,5,-0.14994155545922294
63,SCSA-STATE_ART,1361388306106318857,8,3,-0.15475331088110703
63,SCSA-STATE_ART,1369030160943611907,9,5,-0.1604686032774996
63,SCSA-STATE_ART,1366932843067277314,10,2,-0.1612231545723697
66,SCSA-STATE_ART,1321799645652307969,1,5,0.050249781870906354
66,SCSA-STATE_ART,1364664823984779267,2,5,-0.08505591236422134
66,SCSA-STATE_ART,1303840025000509448,3,4,-0.1037733167114671
66,SCSA-STATE_ART,1368217898095964166,4,5,-0.12218713890080873
66,SCSA-STATE_ART,1365629350721249281,5,5,-0.14877194258128032
66,SCSA-STATE_ART,1327398719789150214,6,2,-0.15075844474203384
66,SCSA-STATE_ART,1291862297665626112,7,2,-0.1523232706653703
66,SCSA-STATE_ART,1308893236723953665,8,5,-0.15252486827059736
66,SCSA-STATE_ART,1317811466339221509,9,3,-0.15725057835839867
66,SCSA-STATE_ART,1283518830950510593,10,2,-0.1621187040011568
68,SCSA-STATE_ART,1321455751567532032,1,5,-0.06056330978192362
68,SCSA-STATE_ART,1333873034114064385,2,5,-0.10490736571346042
68,SCSA-STATE_ART,1320142365038817281,3,5,-0.11130999141045847
68,SCSA-STATE_ART,1338592930022363139,4,5,-0.1462227479128133
68,SCSA-STATE_ART,1337077938076979205,5,5,-0.1514914697726787
68,SCSA-STATE_ART,1367882927384768524,6,3,-0.15329852445505293
68,SCSA-STATE_ART,1347619092417548288,7,5,-0.15679240711867998
68,SCSA-STATE_ART,1362069293790162946,8,5,-0.15775414054742581
68,SCSA-STATE_ART,1360346403873181707,9,4,-0.15888531885611126
68,SCSA-STATE_ART,1336793663792406530,10,5,-0.15899590429959662
70,SCSA-STATE_ART,1369441382973272064,1,5,-0.14736864841342553
70,SCSA-STATE_ART,1369495249417101312,2,5,-0.14994155545922294
70,SCSA-STATE_ART,1369226601972563972,3,3,-0.16125601151625013
70,SCSA-STATE_ART,1368622654870192131,4,3,-0.16142646892113027
70,SCSA-STATE_ART,1369438033892806663,5,3,-0.1614420235489199
70,SCSA-STATE_ART,1369619124318580736,6,4,-0.16155752799471415
70,SCSA-STATE_ART,1369458171467591683,7,3,-0.1620526925449209
70,SCSA-STATE_ART,1364851499042537474,8,2,-0.16221524869930015
70,SCSA-STATE_ART,1352554075657801732,9,3,-0.16254188299511702
70,SCSA-STATE_ART,1352937076669476864,10,3,-0.16285043917309297
71,SCSA-STATE_ART,1364607745270423556,1,5,0.15814341714407787
71,SCSA-STATE_ART,1339525827118194689,2,5,-0.03887995582502068
71,SCSA-STATE_ART,1337077938076979205,3,4,-0.1514914697726787
71,SCSA-STATE_ART,1336793663792406530,4,4,-0.15899590429959662
71,SCSA-STATE_ART,1364321423901085698,5,5,-0.1618289919260795
71,SCSA-STATE_ART,1369386818169372680,6,5,-0.16196945948694028
71,SCSA-STATE_ART,1369383214062665731,7,4,-0.1619771478345075
71,SCSA-STATE_ART,1369372321736232963,8,5,-0.1623682998941281
71,SCSA-STATE_ART,1368984433026596867,9,5,-0.16254001199801418
71,SCSA-STATE_ART,1354118501653483523,10,4,-0.1626934571397117
72,SCSA-STATE_ART,1356662728111181824,1,5,-0.15636658402863085
72,SCSA-STATE_ART,1343929726579187713,2,5,-0.1599771740171698
72,SCSA-STATE_ART,1365767910543691777,3,5,-0.1599904658832262
72,SCSA-STATE_ART,1367532398825648130,4,5,-0.16121993792220848
72,SCSA-STATE_ART,1312137847378386944,5,5,-0.1616324460308844
72,SCSA-STATE_ART,1334873804582121475,6,5,-0.16205234793294093
72,SCSA-STATE_ART,1354446870312005635,7,5,-0.16205658248384164
72,SCSA-STATE_ART,1355169402128363523,8,5,-0.16218026382673795
72,SCSA-STATE_ART,1356255352145272832,9,5,-0.16226691210726413
72,SCSA-STATE_ART,1329861315624660993,10,5,-0.16283159977455564
73,SCSA-STATE_ART,1365007905318133766,1,4,-0.13768873889958996
73,SCSA-STATE_ART,1366709656974942211,2,1,-0.1394375052243632
73,SCSA-STATE_ART,1361701236395958278,3,1,-0.14446510344358682
73,SCSA-STATE_ART,1364579317964034050,4,2,-0.1485508750733014
73,SCSA-STATE_ART,1361388306106318857,5,3,-0.15475331088110703
73,SCSA-STATE_ART,1369030160943611907,6,2,-0.1604686032774996
73,SCSA-STATE_ART,1366932843067277314,7,1,-0.1612231545723697
73,SCSA-STATE_ART,1369395335769038849,8,5,-0.16179179271649785
73,SCSA-STATE_ART,1369292125641269258,9,5,-0.1619979259031211
73,SCSA-STATE_ART,1369458171467591683,10,1,-0.1620526925449209
74,SCSA-STATE_ART,1369441382973272064,1,4,-0.14736864841342553
74,SCSA-STATE_ART,1369495249417101312,2,5,-0.14994155545922294
74,SCSA-STATE_ART,1369015794248671233,3,4,-0.16113379848586523
74,SCSA-STATE_ART,1369226601972563972,4,4,-0.16125601151625013
74,SCSA-STATE_ART,1368622654870192131,5,3,-0.16142646892113027
74,SCSA-STATE_ART,1369438033892806663,6,4,-0.1614420235489199
74,SCSA-STATE_ART,1369619124318580736,7,5,-0.16155752799471415
74,SCSA-STATE_ART,1369395335769038849,8,4,-0.16179179271649785
74,SCSA-STATE_ART,1369315042236174343,9,5,-0.16204525126394473
74,SCSA-STATE_ART,1369458171467591683,10,5,-0.1620526925449209
76,SCSA-STATE_ART,1351920546011893761,1,2,1.3654915218742583
76,SCSA-STATE_ART,1365416645624143873,2,2,1.352063197003944
76,SCSA-STATE_ART,1337463904566456320,3,2,1.2925489724102472
76,SCSA-STATE_ART,1358843677582401536,4,5,0.9431325564939711
76,SCSA-STATE_ART,1331741612402237443,5,4,0.2669490359302921
76,SCSA-STATE_ART,1358843515149504514,6,4,0.18714062376005267
76,SCSA-STATE_ART,1331744604891344896,7,2,0.16271656809978113
76,SCSA-STATE_ART,1353502767352926208,8,2,-0.08581479228989936
76,SCSA-STATE_ART,1290659734639521798,9,4,-0.09388391124280858
76,SCSA-STATE_ART,1357375687967997959,10,2,-0.1322147295008666
77,SCSA-STATE_ART,1369015794248671233,1,5,-0.16113379848586523
77,SCSA-STATE_ART,1369226601972563972,2,5,-0.16125601151625013
77,SCSA-STATE_ART,1368622654870192131,3,4,-0.16142646892113027
77,SCSA-STATE_ART,1369438033892806663,4,5,-0.1614420235489199
77,SCSA-STATE_ART,1369619124318580736,5,5,-0.16155752799471415
77,SCSA-STATE_ART,1369395335769038849,6,5,-0.16179179271649785
77,SCSA-STATE_ART,1369315042236174343,7,3,-0.16204525126394473
77,SCSA-STATE_ART,1369458171467591683,8,4,-0.1620526925449209
77,SCSA-STATE_ART,1364851499042537474,9,5,-0.16221524869930015
77,SCSA-STATE_ART,1352554075657801732,10,5,-0.16254188299511702
78,SCSA-STATE_ART,1368561200754270210,1,4,0.38100997072506226
78,SCSA-STATE_ART,1366232555037462531,2,4,0.16494129552663925
78,SCSA-STATE_ART,1319343716801236992,3,2,-0.14673009956013566
78,SCSA-STATE_ART,1367531774012751878,4,1,-0.15555461865822937
78,SCSA-STATE_ART,1368933410085945345,5,1,-0.158241675314955
78,SCSA-STATE_ART,1345510484213075968,6,1,-0.16148089480623054
78,SCSA-STATE_ART,1326736922199257089,7,1,-0.1615990631356641
78,SCSA-STATE_ART,1368584215403655171,8,1,-0.16250993603289163
78,SCSA-STATE_ART,1367649223601238016,9,2,-0.162515760155467
78,SCSA-STATE_ART,1367170047081402380,10,1,-0.1626959818520871
79,SCSA-STATE_ART,1321455751567532032,1,5,-0.06056330978192362
79,SCSA-STATE_ART,1333873034114064385,2,3,-0.10490736571346042
79,SCSA-STATE_ART,1343729046891347968,3,5,-0.14388723828005037
79,SCSA-STATE_ART,1359932980974657536,4,4,-0.15478179878195203
79,SCSA-STATE_ART,1366115959623331844,5,5,-0.1567167050255976
79,SCSA-STATE_ART,1347619092417548288,6,5,-0.15679240711867998
79,SCSA-STATE_ART,1362069293790162946,7,5,-0.15775414054742581
79,SCSA-STATE_ART,1360346403873181707,8,4,-0.15888531885611126
79,SCSA-STATE_ART,1364624807220948994,9,5,-0.16009886210320087
79,SCSA-STATE_ART,1362872757109809152,10,4,-0.16234826693959664
81,SCSA-STATE_ART,1368561200754270210,1,5,0.38100997072506226
81,SCSA-STATE_ART,1367822755769573377,2,5,-0.0647045687104689
81,SCSA-STATE_ART,1368170081633644548,3,4,-0.08482021680225563
81,SCSA-STATE_ART,1333873034114064385,4,5,-0.10490736571346042
81,SCSA-STATE_ART,1367497561645457427,5,5,-0.12649337531736587
81,SCSA-STATE_ART,1369367467001315336,6,4,-0.1288669931501002
81,SCSA-STATE_ART,1368501683219693570,7,5,-0.13797545345684709
81,SCSA-STATE_ART,1359932980974657536,8,5,-0.15478179878195203
81,SCSA-STATE_ART,1362069293790162946,9,5,-0.15775414054742581
81,SCSA-STATE_ART,1369458171467591683,10,5,-0.1620526925449209
1,SCSA-SCSA_PLUS,1364607745270423556,1,5,16215752.540466014
1,SCSA-SCSA_PLUS,1339525827118194689,2,4,1853464.3586304272
1,SCSA-SCSA_PLUS,1337077938076979205,3,3,732119.3326899214
1,SCSA-SCSA_PLUS,1336793663792406530,4,2,254860.40920998206
1,SCSA-SCSA_PLUS,1369383214062665731,5,2,7404.10119840213
1,SCSA-SCSA_PLUS,1367882927384768524,6,5,6152.355814551376
1,SCSA-SCSA_PLUS,1369386818169372680,7,5,4077.6209498446515
1,SCSA-SCSA_PLUS,1363551492486008834,8,1,952.1052631578947
1,SCSA-SCSA_PLUS,1369372321736232963,9,1,643.8348868175765
1,SCSA-SCSA_PLUS,1354118501653483523,10,1,491.63551401869154
2,SCSA-SCSA_PLUS,1366709656974942211,1,5,418183.68748714984
2,SCSA-SCSA_PLUS,1364579317964034050,2,5,217120.07714668638
2,SCSA-SCSA_PLUS,1365007905318133766,3,4,162978.94139886578
2,SCSA-SCSA_PLUS,1369441382973272064,4,4,107189.98439482367
2,SCSA-SCSA_PLUS,1361701236395958278,5,4,84092.01981287837
2,SCSA-SCSA_PLUS,1361388306106318857,6,4,43138.78345389674
2,SCSA-SCSA_PLUS,1366932843067277314,7,3,1891.1058601134216
2,SCSA-SCSA_PLUS,1369030160943611907,8,4,571.2540235266576
2,SCSA-SCSA_PLUS,1369292125641269258,9,4,553.9772727264801
2,SCSA-SCSA_PLUS,1369458171467591683,10,3,189.9782608695652
3,SCSA-SCSA_PLUS,1364607745270423556,1,2,16215752.540466014
3,SCSA-SCSA_PLUS,1337077938076979205,2,3,732119.3326899214
3,SCSA-SCSA_PLUS,1336793663792406530,3,3,254860.40920998206
3,SCSA-SCSA_PLUS,1367894335233142789,4,3,47732.75298554368
3,SCSA-SCSA_PLUS,1365327872643260420,5,3,27627.144629808354
3,SCSA-SCSA_PLUS,1363941648812675075,6,4,12990.936517913262
3,SCSA-SCSA_PLUS,1369383214062665731,7,3,7404.10119840213
3,SCSA-SCSA_PLUS,1324374402750767104,8,5,1010.0412371134021
3,SCSA-SCSA_PLUS,1367315410106736640,9,3,80.9940159574468
3,SCSA-SCSA_PLUS,1368286394792046596,10,3,80.9940159574468
4,SCSA-SCSA_PLUS,1369495249417101312,1,3,251290.35773392743
4,SCSA-SCSA_PLUS,1369441382973272064,2,5,107189.98439482367
4,SCSA-SCSA_PLUS,1368622654870192131,3,5,16277.22972972973
4,SCSA-SCSA_PLUS,1369226601972563972,4,5,14106.932432432433
4,SCSA-SCSA_PLUS,1369619124318580736,5,5,8138.614864864865
4,SCSA-SCSA_PLUS,1369438033892806663,6,5,7596.04054054054
4,SCSA-SCSA_PLUS,1369458171467591683,7,4,189.9782608695652
4,SCSA-SCSA_PLUS,1352554075657801732,8,1,134.47499999829955
4,SCSA-SCSA_PLUS,1352937076669476864,9,2,134.47499999829955
4,SCSA-SCSA_PLUS,1364851499042537474,10,2,44.82499999943319
5,SCSA-SCSA_PLUS,1366709656974942211,1,3,418183.68748714984
5,SCSA-SCSA_PLUS,1364579317964034050,2,3,217120.07714668638
5,SCSA-SCSA_PLUS,1365007905318133766,3,2,162978.94139886578
5,SCSA-SCSA_PLUS,1369441382973272064,4,4,107189.98439482367
5,SCSA-SCSA_PLUS,1361701236395958278,5,2,84092.01981287837
5,SCSA-SCSA_PLUS,1361388306106318857,6,2,43138.78345389674
5,SCSA-SCSA_PLUS,1366932843067277314,7,2,1891.1058601134216
5,SCSA-SCSA_PLUS,1369030160943611907,8,3,571.2540235266576
5,SCSA-SCSA_PLUS,1369292125641269258,9,3,553.9772727264801
5,SCSA-SCSA_PLUS,1369458171467591683,10,4,189.9782608695652
6,SCSA-SCSA_PLUS,1365416645624143873,1,3,33422393.402930923
6,SCSA-SCSA_PLUS,1351920546011893761,2,2,32592626.92315913
6,SCSA-SCSA_PLUS,1337463904566456320,3,2,21200077.665325265
6,SCSA-SCSA_PLUS,1337022746824499203,4,2,12363804.480589364
6,SCSA-SCSA_PLUS,1331744604891344896,5,2,4873339.126826466
6,SCSA-SCSA_PLUS,1358843515149504514,6,3,2128072.6032182914
6,SCSA-SCSA_PLUS,1339525827118194689,7,5,1853464.3586304272
6,SCSA-SCSA_PLUS,1353502767352926208,8,3,103455.24514384067
6,SCSA-SCSA_PLUS,1357375687967997959,9,1,20702.33684394784
6,SCSA-SCSA_PLUS,1354118501653483523,10,5,491.63551401869154
7,SCSA-SCSA_PLUS,1364607745270423556,1,2,16215752.540466014
7,SCSA-SCSA_PLUS,1337077938076979205,2,2,732119.3326899214
7,SCSA-SCSA_PLUS,1336793663792406530,3,3,254860.40920998206
7,SCSA-SCSA_PLUS,1336596712857743361,4,3,89097.54143113195
7,SCSA-SCSA_PLUS,1369383214062665731,5,3,7404.10119840213
7,SCSA-SCSA_PLUS,1369337343270862853,6,2,6760.2663115845535
7,SCSA-SCSA_PLUS,1367882927384768524,7,4,6152.355814551376
7,SCSA-SCSA_PLUS,1369386818169372680,8,5,4077.6209498446515
7,SCSA-SCSA_PLUS,1363551492486008834,9,3,952.1052631578947
7,SCSA-SCSA_PLUS,1369372321736232963,10,4,643.8348868175765
8,SCSA-SCSA_PLUS,1365416645624143873,1,4,33422393.402930923
8,SCSA-SCSA_PLUS,1351920546011893761,2,4,32592626.92315913
8,SCSA-SCSA_PLUS,1337463904566456320,3,4,21200077.665325265
8,SCSA-SCSA_PLUS,1331741612402237443,4,3,5386883.709092482
8,SCSA-SCSA_PLUS,1331744604891344896,5,4,4873339.126826466
8,SCSA-SCSA_PLUS,1358843677582401536,6,3,4188016.4499835065
8,SCSA-SCSA_PLUS,1358843515149504514,7,4,2128072.6032182914
8,SCSA-SCSA_PLUS,1290659734639521798,8,5,225579.10658283567
8,SCSA-SCSA_PLUS,1353502767352926208,9,4,103455.24514384067
8,SCSA-SCSA_PLUS,1357375687967997959,10,4,20702.33684394784
9,SCSA-SCSA_PLUS,1333873034114064385,1,5,879154.9339700022
9,SCSA-SCSA_PLUS,1321455751567532032,2,5,444556.2739043824
9,SCSA-SCSA_PLUS,1359932980974657536,3,5,67655.93701663932
9,SCSA-SCSA_PLUS,1362069293790162946,4,4,39812.26666666666
9,SCSA-SCSA_PLUS,1347619092417548288,5,5,35218.48623853211
9,SCSA-SCSA_PLUS,1343729046891347968,6,5,25695.72972972973
9,SCSA-SCSA_PLUS,1366115959623331844,7,1,15081.612670898438
9,SCSA-SCSA_PLUS,1364624807220948994,8,1,6486.1204833984375
9,SCSA-SCSA_PLUS,1360346403873181707,9,4,4647.14241676942
9,SCSA-SCSA_PLUS,1362872757109809152,10,1,1292.1328125
10,SCSA-SCSA_PLUS,1364607745270423556,1,3,16215752.540466014
10,SCSA-SCSA_PLUS,1337077938076979205,2,3,732119.3326899214
10,SCSA-SCSA_PLUS,1336793663792406530,3,3,254860.40920998206
10,SCSA-SCSA_PLUS,1336596712857743361,4,3,89097.54143113195
10,SCSA-SCSA_PLUS,1369383214062665731,5,4,7404.10119840213
10,SCSA-SCSA_PLUS,1369337343270862853,6,4,6760.2663115845535
10,SCSA-SCSA_PLUS,1367882927384768524,7,5,6152.355814551376
10,SCSA-SCSA_PLUS,1369386818169372680,8,4,4077.6209498446515
10,SCSA-SCSA_PLUS,1363551492486008834,9,4,952.1052631578947
10,SCSA-SCSA_PLUS,1369372321736232963,10,4,643.8348868175765
11,SCSA-SCSA_PLUS,1365416645624143873,1,5,33422393.402930923
11,SCSA-SCSA_PLUS,1365416645624143873,2,2,33422393.402930923
11,SCSA-SCSA_PLUS,1351920546011893761,3,4,32592626.92315913
11,SCSA-SCSA_PLUS,1351920546011893761,4,2,32592626.92315913
11,SCSA-SCSA_PLUS,1337463904566456320,5,5,21200077.665325265
11,SCSA-SCSA_PLUS,1337463904566456320,6,4,21200077.665325265
11,SCSA-SCSA_PLUS,1331741612402237443,7,4,5386883.709092482
11,SCSA-SCSA_PLUS,1331741612402237443,8,2,5386883.709092482
11,SCSA-SCSA_PLUS,1331744604891344896,9,2,4873339.126826466
11,SCSA-SCSA_PLUS,1331744604891344896,10,5,4873339.126826466
12,SCSA-SCSA_PLUS,1360286991011639302,1,5,18861.824387558492
12,SCSA-SCSA_PLUS,1367532398825648130,2,5,812.8092485549133
12,SCSA-SCSA_PLUS,1334873913210380298,3,5,225.59777686929795
12,SCSA-SCSA_PLUS,1326033569555181568,4,2,199.7368420849162
12,SCSA-SCSA_PLUS,1365811680815554560,5,3,134.93935847700823
12,SCSA-SCSA_PLUS,1365812811721543685,6,3,89.95957231800548
12,SCSA-SCSA_PLUS,1334130051554668547,7,5,52.026677354831236
12,SCSA-SCSA_PLUS,1354807067232489475,8,5,32.14861235452104
12,SCSA-SCSA_PLUS,1356255352145272832,9,5,16.07430617726052
12,SCSA-SCSA_PLUS,1365784358217523201,10,3,0.0
13,SCSA-SCSA_PLUS,1364607745270423556,1,4,16215752.540466014
13,SCSA-SCSA_PLUS,1337077938076979205,2,3,732119.3326899214
13,SCSA-SCSA_PLUS,1336793663792406530,3,4,254860.40920998206
13,SCSA-SCSA_PLUS,1336596712857743361,4,1,89097.54143113195
13,SCSA-SCSA_PLUS,1354565152939544576,5,1,7769.855791240652
13,SCSA-SCSA_PLUS,1369383214062665731,6,2,7404.10119840213
13,SCSA-SCSA_PLUS,1369337343270862853,7,1,6760.2663115845535
13,SCSA-SCSA_PLUS,1367882927384768524,8,4,6152.355814551376
13,SCSA-SCSA_PLUS,1369386818169372680,9,5,4077.6209498446515
13,SCSA-SCSA_PLUS,1369372321736232963,10,1,643.8348868175765
15,SCSA-SCSA_PLUS,1364664823984779267,1,4,344719.9945493769
15,SCSA-SCSA_PLUS,1368297763524448256,2,3,306098.976
15,SCSA-SCSA_PLUS,1366380504736534529,3,4,83593.536
15,SCSA-SCSA_PLUS,1317810926133874689,4,4,57020.31438273145
15,SCSA-SCSA_PLUS,1359941706951524353,5,3,23333.05367464905
15,SCSA-SCSA_PLUS,1360286991011639302,6,3,18861.824387558492
15,SCSA-SCSA_PLUS,1318667750408036352,7,3,12863.951020408163
15,SCSA-SCSA_PLUS,1354565152939544576,8,5,7769.855791240652
15,SCSA-SCSA_PLUS,1283518830950510593,9,4,6296.494497959184
15,SCSA-SCSA_PLUS,1349743109832372225,10,4,594.2603305785124
16,SCSA-SCSA_PLUS,1368561200754270210,1,1,2921778.878933111
16,SCSA-SCSA_PLUS,1366232555037462531,2,3,317153.8904249127
16,SCSA-SCSA_PLUS,1319343716801236992,3,5,34341.40206185567
16,SCSA-SCSA_PLUS,1326736922199257089,4,1,8649.754612749895
16,SCSA-SCSA_PLUS,1368933410085945345,5,1,5441.794871794871
16,SCSA-SCSA_PLUS,1367531774012751878,6,1,1054.752895977647
16,SCSA-SCSA_PLUS,1345510484213075968,7,1,348.75
16,SCSA-SCSA_PLUS,1368584215403655171,8,1,171.40691489361703
16,SCSA-SCSA_PLUS,1367649223601238016,9,1,27.15447919115918
16,SCSA-SCSA_PLUS,1367170047081402380,10,1,19.65156794425087
17,SCSA-SCSA_PLUS,1364607745270423556,1,5,16215752.540466014
17,SCSA-SCSA_PLUS,1337077938076979205,2,2,732119.3326899214
17,SCSA-SCSA_PLUS,1336793663792406530,3,2,254860.40920998206
17,SCSA-SCSA_PLUS,1336596712857743361,4,1,89097.54143113195
17,SCSA-SCSA_PLUS,1354565152939544576,5,1,7769.855791240652
17,SCSA-SCSA_PLUS,1369383214062665731,6,2,7404.10119840213
17,SCSA-SCSA_PLUS,1369337343270862853,7,1,6760.2663115845535
17,SCSA-SCSA_PLUS,1367882927384768524,8,3,6152.355814551376
17,SCSA-SCSA_PLUS,1369386818169372680,9,2,4077.6209498446515
17,SCSA-SCSA_PLUS,1369372321736232963,10,2,643.8348868175765
18,SCSA-SCSA_PLUS,1339525827118194689,1,4,1853464.3586304272
18,SCSA-SCSA_PLUS,1368297763524448256,2,2,306098.976
18,SCSA-SCSA_PLUS,1182112257708306433,3,2,156639.83707565616
18,SCSA-SCSA_PLUS,1366380504736534529,4,2,83593.536
18,SCSA-SCSA_PLUS,1359941706951524353,5,1,23333.05367464905
18,SCSA-SCSA_PLUS,1358569998885785609,6,1,19553.514929282348
18,SCSA-SCSA_PLUS,1360286991011639302,7,1,18861.824387558492
18,SCSA-SCSA_PLUS,1349743109832372225,8,1,594.2603305785124
18,SCSA-SCSA_PLUS,1354118501653483523,9,1,491.63551401869154
18,SCSA-SCSA_PLUS,1362127981234188288,10,3,7.896361676485673
19,SCSA-SCSA_PLUS,1369495249417101312,1,4,251290.35773392743
19,SCSA-SCSA_PLUS,1369441382973272064,2,3,107189.98439482367
19,SCSA-SCSA_PLUS,1369355243406954501,3,4,18152.168110918545
19,SCSA-SCSA_PLUS,1369015794248671233,4,4,3301.714285714281
19,SCSA-SCSA_PLUS,1369315042236174343,5,4,491.14285607374876
19,SCSA-SCSA_PLUS,1352937076669476864,6,4,134.47499999829955
19,SCSA-SCSA_PLUS,1352554075657801732,7,4,134.47499999829955
19,SCSA-SCSA_PLUS,1369395335769038849,8,4,103.17073170731707
19,SCSA-SCSA_PLUS,1364851499042537474,9,4,44.82499999943319
19,SCSA-SCSA_PLUS,1353672852747284480,10,4,0.0
20,SCSA-SCSA_PLUS,1368561200754270210,1,4,2921778.878933111
20,SCSA-SCSA_PLUS,1339525827118194689,2,1,1853464.3586304272
20,SCSA-SCSA_PLUS,1367497561645457427,3,1,222954.90393832047
20,SCSA-SCSA_PLUS,1362196066431627265,4,1,51593.96945337621
20,SCSA-SCSA_PLUS,1361046993158692866,5,1,46626.98713826367
20,SCSA-SCSA_PLUS,1364697022847209478,6,1,9620.73151125402
20,SCSA-SCSA_PLUS,1368760443498532864,7,2,3575.2442996742675
20,SCSA-SCSA_PLUS,1367496989215248388,8,2,3298.0549065420555
20,SCSA-SCSA_PLUS,1368777274506571779,9,1,726.2214983713355
20,SCSA-SCSA_PLUS,1369458171467591683,10,5,189.9782608695652
21,SCSA-SCSA_PLUS,1364607745270423556,1,1,16215752.540466014
21,SCSA-SCSA_PLUS,1337077938076979205,2,1,732119.3326899214
21,SCSA-SCSA_PLUS,1336793663792406530,3,3,254860.40920998206
21,SCSA-SCSA_PLUS,1367894335233142789,4,3,47732.75298554368
21,SCSA-SCSA_PLUS,1365327872643260420,5,1,27627.144629808354
21,SCSA-SCSA_PLUS,1363941648812675075,6,4,12990.936517913262
21,SCSA-SCSA_PLUS,1369383214062665731,7,1,7404.10119840213
21,SCSA-SCSA_PLUS,1354118501653483523,8,2,491.63551401869154
21,SCSA-SCSA_PLUS,1367315410106736640,9,1,80.9940159574468
21,SCSA-SCSA_PLUS,1368286394792046596,10,1,80.9940159574468
22,SCSA-SCSA_PLUS,1367894335233142789,1,5,47732.75298554368
22,SCSA-SCSA_PLUS,1369441796925886465,2,4,30912.603119584055
22,SCSA-SCSA_PLUS,1363941648812675075,3,5,12990.936517913262
22,SCSA-SCSA_PLUS,1367930915733835777,4,5,12633.387806411061
22,SCSA-SCSA_PLUS,1367912923641737216,5,4,5643.039764359352
22,SCSA-SCSA_PLUS,1369017812165881859,6,2,5442.976
22,SCSA-SCSA_PLUS,1367604109113655297,7,3,1837.888
22,SCSA-SCSA_PLUS,1369034842222985216,8,5,344.64000000000004
22,SCSA-SCSA_PLUS,1368286394792046596,9,2,80.9940159574468
22,SCSA-SCSA_PLUS,1367315410106736640,10,1,80.9940159574468
23,SCSA-SCSA_PLUS,1365416645624143873,1,3,33422393.402930923
23,SCSA-SCSA_PLUS,1351920546011893761,2,3,32592626.92315913
23,SCSA-SCSA_PLUS,1337463904566456320,3,3,21200077.665325265
23,SCSA-SCSA_PLUS,1331741612402237443,4,3,5386883.709092482
23,SCSA-SCSA_PLUS,1331744604891344896,5,3,4873339.126826466
23,SCSA-SCSA_PLUS,1358843677582401536,6,3,4188016.4499835065
23,SCSA-SCSA_PLUS,1358843515149504514,7,3,2128072.6032182914
23,SCSA-SCSA_PLUS,1290659734639521798,8,3,225579.10658283567
23,SCSA-SCSA_PLUS,1353502767352926208,9,3,103455.24514384067
23,SCSA-SCSA_PLUS,1357375687967997959,10,3,20702.33684394784
24,SCSA-SCSA_PLUS,1337077938076979205,1,3,732119.3326899214
24,SCSA-SCSA_PLUS,1336793663792406530,2,5,254860.40920998206
24,SCSA-SCSA_PLUS,1336596712857743361,3,3,89097.54143113195
24,SCSA-SCSA_PLUS,1369307525489844228,4,2,19636.964047936082
24,SCSA-SCSA_PLUS,1369383214062665731,5,3,7404.10119840213
24,SCSA-SCSA_PLUS,1369337343270862853,6,4,6760.2663115845535
24,SCSA-SCSA_PLUS,1367882927384768524,7,5,6152.355814551376
24,SCSA-SCSA_PLUS,1369386818169372680,8,3,4077.6209498446515
24,SCSA-SCSA_PLUS,1365320876510560258,9,5,1624.4435881627621
24,SCSA-SCSA_PLUS,1369372321736232963,10,4,643.8348868175765
25,SCSA-SCSA_PLUS,1369495249417101312,1,5,251290.35773392743
25,SCSA-SCSA_PLUS,1369441382973272064,2,5,107189.98439482367
25,SCSA-SCSA_PLUS,1368622654870192131,3,4,16277.22972972973
25,SCSA-SCSA_PLUS,1369226601972563972,4,4,14106.932432432433
25,SCSA-SCSA_PLUS,1369619124318580736,5,4,8138.614864864865
25,SCSA-SCSA_PLUS,1369438033892806663,6,4,7596.04054054054
25,SCSA-SCSA_PLUS,1369458171467591683,7,5,189.9782608695652
25,SCSA-SCSA_PLUS,1352554075657801732,8,2,134.47499999829955
25,SCSA-SCSA_PLUS,1352937076669476864,9,4,134.47499999829955
25,SCSA-SCSA_PLUS,1364851499042537474,10,5,44.82499999943319
26,SCSA-SCSA_PLUS,1333873034114064385,1,3,879154.9339700022
26,SCSA-SCSA_PLUS,1321455751567532032,2,3,444556.2739043824
26,SCSA-SCSA_PLUS,1320142365038817281,3,3,352425.0804429341
26,SCSA-SCSA_PLUS,1359932980974657536,4,4,67655.93701663932
26,SCSA-SCSA_PLUS,1362069293790162946,5,4,39812.26666666666
26,SCSA-SCSA_PLUS,1368622654870192131,6,3,16277.22972972973
26,SCSA-SCSA_PLUS,1369226601972563972,7,3,14106.932432432433
26,SCSA-SCSA_PLUS,1338592930022363139,8,3,12233.572962041071
26,SCSA-SCSA_PLUS,1369458171467591683,9,4,189.9782608695652
26,SCSA-SCSA_PLUS,1352554075657801732,10,1,134.47499999829955
27,SCSA-SCSA_PLUS,1369495249417101312,1,4,251290.35773392743
27,SCSA-SCSA_PLUS,1369441382973272064,2,5,107189.98439482367
27,SCSA-SCSA_PLUS,1368622654870192131,3,5,16277.22972972973
27,SCSA-SCSA_PLUS,1369226601972563972,4,5,14106.932432432433
27,SCSA-SCSA_PLUS,1369619124318580736,5,4,8138.614864864865
27,SCSA-SCSA_PLUS,1369438033892806663,6,4,7596.04054054054
27,SCSA-SCSA_PLUS,1369458171467591683,7,5,189.9782608695652
27,SCSA-SCSA_PLUS,1352554075657801732,8,5,134.47499999829955
27,SCSA-SCSA_PLUS,1352937076669476864,9,4,134.47499999829955
27,SCSA-SCSA_PLUS,1364851499042537474,10,4,44.82499999943319
28,SCSA-SCSA_PLUS,1364607745270423556,1,1,16215752.540466014
28,SCSA-SCSA_PLUS,1339525827118194689,2,3,1853464.3586304272
28,SCSA-SCSA_PLUS,1337077938076979205,3,1,732119.3326899214
28,SCSA-SCSA_PLUS,1336793663792406530,4,2,254860.40920998206
28,SCSA-SCSA_PLUS,1369383214062665731,5,1,7404.10119840213
28,SCSA-SCSA_PLUS,1369337343270862853,6,1,6760.2663115845535
28,SCSA-SCSA_PLUS,1367882927384768524,7,5,6152.355814551376
28,SCSA-SCSA_PLUS,1369386818169372680,8,1,4077.6209498446515
28,SCSA-SCSA_PLUS,1363551492486008834,9,1,952.1052631578947
28,SCSA-SCSA_PLUS,1369372321736232963,10,1,643.8348868175765
29,SCSA-SCSA_PLUS,1365416645624143873,1,3,33422393.402930923
29,SCSA-SCSA_PLUS,1351920546011893761,2,3,32592626.92315913
29,SCSA-SCSA_PLUS,1337463904566456320,3,3,21200077.665325265
29,SCSA-SCSA_PLUS,1337022746824499203,4,4,12363804.480589364
29,SCSA-SCSA_PLUS,1353502767352926208,5,3,103455.24514384067
29,SCSA-SCSA_PLUS,1367894335233142789,6,4,47732.75298554368
29,SCSA-SCSA_PLUS,1363941648812675075,7,4,12990.936517913262
29,SCSA-SCSA_PLUS,1366443197166096385,8,5,2224.1125974299557
29,SCSA-SCSA_PLUS,1367947939579006979,9,5,827.3413705583757
29,SCSA-SCSA_PLUS,1367946026674352134,10,4,135.0761421319797
30,SCSA-SCSA_PLUS,1367894335233142789,1,4,47732.75298554368
30,SCSA-SCSA_PLUS,1363941648812675075,2,5,12990.936517913262
30,SCSA-SCSA_PLUS,1367930915733835777,3,4,12633.387806411061
30,SCSA-SCSA_PLUS,1367912923641737216,4,4,5643.039764359352
30,SCSA-SCSA_PLUS,1369017812165881859,5,3,5442.976
30,SCSA-SCSA_PLUS,1367604109113655297,6,4,1837.888
30,SCSA-SCSA_PLUS,1367565062328623104,7,3,1700.8743351063831
30,SCSA-SCSA_PLUS,1365320876510560258,8,5,1624.4435881627621
30,SCSA-SCSA_PLUS,1367315410106736640,9,4,80.9940159574468
30,SCSA-SCSA_PLUS,1368286394792046596,10,4,80.9940159574468
31,SCSA-SCSA_PLUS,1364607745270423556,1,4,16215752.540466014
31,SCSA-SCSA_PLUS,1337077938076979205,2,4,732119.3326899214
31,SCSA-SCSA_PLUS,1364664823984779267,3,3,344719.9945493769
31,SCSA-SCSA_PLUS,1336793663792406530,4,3,254860.40920998206
31,SCSA-SCSA_PLUS,1303840025000509448,5,2,116485.11568215035
31,SCSA-SCSA_PLUS,1317810926133874689,6,3,57020.31438273145
31,SCSA-SCSA_PLUS,1369383214062665731,7,2,7404.10119840213
31,SCSA-SCSA_PLUS,1283518830950510593,8,2,6296.494497959184
31,SCSA-SCSA_PLUS,1369386818169372680,9,4,4077.6209498446515
31,SCSA-SCSA_PLUS,1369372321736232963,10,1,643.8348868175765
32,SCSA-SCSA_PLUS,1366709656974942211,1,3,418183.68748714984
32,SCSA-SCSA_PLUS,1364579317964034050,2,2,217120.07714668638
32,SCSA-SCSA_PLUS,1365007905318133766,3,1,162978.94139886578
32,SCSA-SCSA_PLUS,1369441382973272064,4,3,107189.98439482367
32,SCSA-SCSA_PLUS,1361701236395958278,5,4,84092.01981287837
32,SCSA-SCSA_PLUS,1361388306106318857,6,2,43138.78345389674
32,SCSA-SCSA_PLUS,1366932843067277314,7,2,1891.1058601134216
32,SCSA-SCSA_PLUS,1369030160943611907,8,1,571.2540235266576
32,SCSA-SCSA_PLUS,1369292125641269258,9,3,553.9772727264801
32,SCSA-SCSA_PLUS,1369458171467591683,10,4,189.9782608695652
33,SCSA-SCSA_PLUS,1369495249417101312,1,4,251290.35773392743
33,SCSA-SCSA_PLUS,1369441382973272064,2,4,107189.98439482367
33,SCSA-SCSA_PLUS,1368622654870192131,3,4,16277.22972972973
33,SCSA-SCSA_PLUS,1369226601972563972,4,4,14106.932432432433
33,SCSA-SCSA_PLUS,1369619124318580736,5,4,8138.614864864865
33,SCSA-SCSA_PLUS,1369438033892806663,6,4,7596.04054054054
33,SCSA-SCSA_PLUS,1369015794248671233,7,4,3301.714285714281
33,SCSA-SCSA_PLUS,1369315042236174343,8,3,491.14285607374876
33,SCSA-SCSA_PLUS,1369458171467591683,9,3,189.9782608695652
33,SCSA-SCSA_PLUS,1369395335769038849,10,3,103.17073170731707
34,SCSA-SCSA_PLUS,1369495249417101312,1,3,251290.35773392743
34,SCSA-SCSA_PLUS,1369441382973272064,2,4,107189.98439482367
34,SCSA-SCSA_PLUS,1368622654870192131,3,2,16277.22972972973
34,SCSA-SCSA_PLUS,1369226601972563972,4,2,14106.932432432433
34,SCSA-SCSA_PLUS,1369619124318580736,5,4,8138.614864864865
34,SCSA-SCSA_PLUS,1369438033892806663,6,4,7596.04054054054
34,SCSA-SCSA_PLUS,1369015794248671233,7,2,3301.714285714281
34,SCSA-SCSA_PLUS,1369315042236174343,8,4,491.14285607374876
34,SCSA-SCSA_PLUS,1369458171467591683,9,2,189.9782608695652
34,SCSA-SCSA_PLUS,1369395335769038849,10,4,103.17073170731707
35,SCSA-SCSA_PLUS,1339525827118194689,1,3,1853464.3586304272
35,SCSA-SCSA_PLUS,1362196066431627265,2,3,51593.96945337621
35,SCSA-SCSA_PLUS,1364697022847209478,3,3,9620.73151125402
35,SCSA-SCSA_PLUS,1368760443498532864,4,2,3575.2442996742675
35,SCSA-SCSA_PLUS,1367496989215248388,5,2,3298.0549065420555
35,SCSA-SCSA_PLUS,1362484293650567168,6,3,3132.331189710611
35,SCSA-SCSA_PLUS,1368777274506571779,7,1,726.2214983713355
35,SCSA-SCSA_PLUS,1369458171467591683,8,1,189.9782608695652
35,SCSA-SCSA_PLUS,1368744769686540290,9,2,148.9685124864278
35,SCSA-SCSA_PLUS,1353672852747284480,10,2,0.0
36,SCSA-SCSA_PLUS,1364607745270423556,1,5,16215752.540466014
36,SCSA-SCSA_PLUS,1333873034114064385,2,5,879154.9339700022
36,SCSA-SCSA_PLUS,1337077938076979205,3,5,732119.3326899214
36,SCSA-SCSA_PLUS,1321455751567532032,4,5,444556.2739043824
36,SCSA-SCSA_PLUS,1336793663792406530,5,5,254860.40920998206
36,SCSA-SCSA_PLUS,1359932980974657536,6,5,67655.93701663932
36,SCSA-SCSA_PLUS,1367894335233142789,7,3,47732.75298554368
36,SCSA-SCSA_PLUS,1362069293790162946,8,4,39812.26666666666
36,SCSA-SCSA_PLUS,1347619092417548288,9,5,35218.48623853211
36,SCSA-SCSA_PLUS,1365327872643260420,10,5,27627.144629808354
37,SCSA-SCSA_PLUS,1365416645624143873,1,2,33422393.402930923
37,SCSA-SCSA_PLUS,1351920546011893761,2,4,32592626.92315913
37,SCSA-SCSA_PLUS,1337463904566456320,3,4,21200077.665325265
37,SCSA-SCSA_PLUS,1331744604891344896,4,4,4873339.126826466
37,SCSA-SCSA_PLUS,1339525827118194689,5,5,1853464.3586304272
37,SCSA-SCSA_PLUS,1353502767352926208,6,3,103455.24514384067
37,SCSA-SCSA_PLUS,1357375687967997959,7,3,20702.33684394784
37,SCSA-SCSA_PLUS,1354118501653483523,8,1,491.63551401869154
37,SCSA-SCSA_PLUS,1368984433026596867,9,3,81.9924926878627
37,SCSA-SCSA_PLUS,1364321423901085698,10,1,29.972526541666902
38,SCSA-SCSA_PLUS,1366709656974942211,1,4,418183.68748714984
38,SCSA-SCSA_PLUS,1364579317964034050,2,3,217120.07714668638
38,SCSA-SCSA_PLUS,1365007905318133766,3,4,162978.94139886578
38,SCSA-SCSA_PLUS,1361701236395958278,4,4,84092.01981287837
38,SCSA-SCSA_PLUS,1361388306106318857,5,4,43138.78345389674
38,SCSA-SCSA_PLUS,1359577321695547392,6,4,33395.21030245747
38,SCSA-SCSA_PLUS,1366932843067277314,7,4,1891.1058601134216
38,SCSA-SCSA_PLUS,1369030160943611907,8,4,571.2540235266576
38,SCSA-SCSA_PLUS,1369292125641269258,9,4,553.9772727264801
38,SCSA-SCSA_PLUS,1369395335769038849,10,4,103.17073170731707
39,SCSA-SCSA_PLUS,1364664823984779267,1,4,344719.9945493769
39,SCSA-SCSA_PLUS,1317810926133874689,2,5,57020.31438273145
39,SCSA-SCSA_PLUS,1367894335233142789,3,4,47732.75298554368
39,SCSA-SCSA_PLUS,1363941648812675075,4,4,12990.936517913262
39,SCSA-SCSA_PLUS,1318667750408036352,5,5,12863.951020408163
39,SCSA-SCSA_PLUS,1283518830950510593,6,5,6296.494497959184
39,SCSA-SCSA_PLUS,1369017812165881859,7,5,5442.976
39,SCSA-SCSA_PLUS,1369034842222985216,8,5,344.64000000000004
39,SCSA-SCSA_PLUS,1367315410106736640,9,5,80.9940159574468
39,SCSA-SCSA_PLUS,1368286394792046596,10,5,80.9940159574468
40,SCSA-SCSA_PLUS,1365416645624143873,1,5,33422393.402930923
40,SCSA-SCSA_PLUS,1351920546011893761,2,5,32592626.92315913
40,SCSA-SCSA_PLUS,1337463904566456320,3,3,21200077.665325265
40,SCSA-SCSA_PLUS,1331741612402237443,4,5,5386883.709092482
40,SCSA-SCSA_PLUS,1331744604891344896,5,2,4873339.126826466
40,SCSA-SCSA_PLUS,1358843677582401536,6,2,4188016.4499835065
40,SCSA-SCSA_PLUS,1358843515149504514,7,2,2128072.6032182914
40,SCSA-SCSA_PLUS,1353502767352926208,8,2,103455.24514384067
40,SCSA-SCSA_PLUS,1357375687967997959,9,5,20702.33684394784
40,SCSA-SCSA_PLUS,1354565152939544576,10,1,7769.855791240652
41,SCSA-SCSA_PLUS,1365416645624143873,1,2,33422393.402930923
41,SCSA-SCSA_PLUS,1351920546011893761,2,2,32592626.92315913
41,SCSA-SCSA_PLUS,1337463904566456320,3,1,21200077.665325265
41,SCSA-SCSA_PLUS,1331741612402237443,4,1,5386883.709092482
41,SCSA-SCSA_PLUS,1331744604891344896,5,1,4873339.126826466
41,SCSA-SCSA_PLUS,1358843515149504514,6,1,2128072.6032182914
41,SCSA-SCSA_PLUS,1339525827118194689,7,4,1853464.3586304272
41,SCSA-SCSA_PLUS,1353502767352926208,8,1,103455.24514384067
41,SCSA-SCSA_PLUS,1367894335233142789,9,3,47732.75298554368
41,SCSA-SCSA_PLUS,1357375687967997959,10,2,20702.33684394784
42,SCSA-SCSA_PLUS,1288988861092245505,1,1,248619.15032035485
42,SCSA-SCSA_PLUS,1354545532044075013,2,2,232688.3410404624
42,SCSA-SCSA_PLUS,1367894335233142789,3,5,47732.75298554368
42,SCSA-SCSA_PLUS,1363941648812675075,4,5,12990.936517913262
42,SCSA-SCSA_PLUS,1367947939579006979,5,5,827.3413705583757
42,SCSA-SCSA_PLUS,1369034842222985216,6,1,344.64000000000004
42,SCSA-SCSA_PLUS,1367949455262060544,7,2,306.5491803278689
42,SCSA-SCSA_PLUS,1367946026674352134,8,5,135.0761421319797
42,SCSA-SCSA_PLUS,1367315410106736640,9,1,80.9940159574468
42,SCSA-SCSA_PLUS,1368286394792046596,10,1,80.9940159574468
43,SCSA-SCSA_PLUS,1365416645624143873,1,3,33422393.402930923
43,SCSA-SCSA_PLUS,1351920546011893761,2,3,32592626.92315913
43,SCSA-SCSA_PLUS,1337463904566456320,3,3,21200077.665325265
43,SCSA-SCSA_PLUS,1331741612402237443,4,5,5386883.709092482
43,SCSA-SCSA_PLUS,1331744604891344896,5,3,4873339.126826466
43,SCSA-SCSA_PLUS,1358843677582401536,6,5,4188016.4499835065
43,SCSA-SCSA_PLUS,1358843515149504514,7,3,2128072.6032182914
43,SCSA-SCSA_PLUS,1353502767352926208,8,5,103455.24514384067
43,SCSA-SCSA_PLUS,1357375687967997959,9,3,20702.33684394784
43,SCSA-SCSA_PLUS,1368933410085945345,10,3,5441.794871794871
44,SCSA-SCSA_PLUS,1339525827118194689,1,5,1853464.3586304272
44,SCSA-SCSA_PLUS,1364664823984779267,2,3,344719.9945493769
44,SCSA-SCSA_PLUS,1303840025000509448,3,3,116485.11568215035
44,SCSA-SCSA_PLUS,1317810926133874689,4,5,57020.31438273145
44,SCSA-SCSA_PLUS,1291862297665626112,5,5,45765.54857311636
44,SCSA-SCSA_PLUS,1368217898095964166,6,5,44770.60900058446
44,SCSA-SCSA_PLUS,1327398719789150214,7,5,25135.702425938467
44,SCSA-SCSA_PLUS,1283518830950510593,8,5,6296.494497959184
44,SCSA-SCSA_PLUS,1317811466339221509,9,4,2627.528207550533
44,SCSA-SCSA_PLUS,1368777274506571779,10,2,726.2214983713355
45,SCSA-SCSA_PLUS,1328417466272321537,1,5,123293.26897998268
45,SCSA-SCSA_PLUS,1334044250942676993,2,4,78457.51217950578
45,SCSA-SCSA_PLUS,1351283213403095045,3,5,68413.15774474488
45,SCSA-SCSA_PLUS,1167050866521780224,4,3,58346.37770095073
45,SCSA-SCSA_PLUS,1367971795790397440,5,5,34470.28110480124
45,SCSA-SCSA_PLUS,1319343716801236992,6,5,34341.40206185567
45,SCSA-SCSA_PLUS,1340409077751566338,7,3,13616.44128209975
45,SCSA-SCSA_PLUS,1350843455128399879,8,3,2382.837551020408
45,SCSA-SCSA_PLUS,1319402828285108225,9,5,583.5793814432989
45,SCSA-SCSA_PLUS,1234157609395146753,10,3,466.5506958250497
46,SCSA-SCSA_PLUS,1369495249417101312,1,4,251290.35773392743
46,SCSA-SCSA_PLUS,1369441382973272064,2,4,107189.98439482367
46,SCSA-SCSA_PLUS,1368622654870192131,3,3,16277.22972972973
46,SCSA-SCSA_PLUS,1369226601972563972,4,3,14106.932432432433
46,SCSA-SCSA_PLUS,1369619124318580736,5,4,8138.614864864865
46,SCSA-SCSA_PLUS,1369438033892806663,6,4,7596.04054054054
46,SCSA-SCSA_PLUS,1369015794248671233,7,3,3301.714285714281
46,SCSA-SCSA_PLUS,1369315042236174343,8,3,491.14285607374876
46,SCSA-SCSA_PLUS,1369458171467591683,9,4,189.9782608695652
46,SCSA-SCSA_PLUS,1369395335769038849,10,3,103.17073170731707
47,SCSA-SCSA_PLUS,1365416645624143873,1,5,33422393.402930923
47,SCSA-SCSA_PLUS,1351920546011893761,2,5,32592626.92315913
47,SCSA-SCSA_PLUS,1337463904566456320,3,5,21200077.665325265
47,SCSA-SCSA_PLUS,1337022746824499203,4,5,12363804.480589364
47,SCSA-SCSA_PLUS,1331741612402237443,5,5,5386883.709092482
47,SCSA-SCSA_PLUS,1331744604891344896,6,5,4873339.126826466
47,SCSA-SCSA_PLUS,1358843677582401536,7,5,4188016.4499835065
47,SCSA-SCSA_PLUS,1358843515149504514,8,5,2128072.6032182914
47,SCSA-SCSA_PLUS,1353502767352926208,9,5,103455.24514384067
47,SCSA-SCSA_PLUS,1357375687967997959,10,1,20702.33684394784
48,SCSA-SCSA_PLUS,1325498916847153153,1,5,135755.1403508772
48,SCSA-SCSA_PLUS,1369441796925886465,2,5,30912.603119584055
48,SCSA-SCSA_PLUS,1369367452661014538,3,4,292.18882978723406
48,SCSA-SCSA_PLUS,1368300490895818755,4,4,149.8404255319149
48,SCSA-SCSA_PLUS,1363181398908141579,5,3,69.4035874439462
48,SCSA-SCSA_PLUS,1368177229285502976,6,4,44.95212765957447
48,SCSA-SCSA_PLUS,1368271872002035713,7,4,29.96808510638298
48,SCSA-SCSA_PLUS,1368494502336475136,8,4,22.476063829787236
48,SCSA-SCSA_PLUS,1347166067995660290,9,2,5.990842180555633
48,SCSA-SCSA_PLUS,1299756201509613568,10,3,0.0
49,SCSA-SCSA_PLUS,1322257618178609153,1,5,56649.418128654965
49,SCSA-SCSA_PLUS,1322257265496334336,2,2,1582.4912280701753
49,SCSA-SCSA_PLUS,1368932010971004931,3,5,1263.7578422053234
49,SCSA-SCSA_PLUS,1324374402750767104,4,5,1010.0412371134021
49,SCSA-SCSA_PLUS,1363181398908141579,5,1,69.4035874439462
49,SCSA-SCSA_PLUS,1369054744786989056,6,2,44.95212765957447
49,SCSA-SCSA_PLUS,1368177229285502976,7,5,44.95212765957447
49,SCSA-SCSA_PLUS,1369297616245231638,8,1,29.96808510638298
49,SCSA-SCSA_PLUS,1368271872002035713,9,5,29.96808510638298
49,SCSA-SCSA_PLUS,1299756201509613568,10,1,0.0
50,SCSA-SCSA_PLUS,1368561200754270210,1,5,2921778.878933111
50,SCSA-SCSA_PLUS,1339525827118194689,2,4,1853464.3586304272
50,SCSA-SCSA_PLUS,1367113993815547906,3,5,394003.1996812173
50,SCSA-SCSA_PLUS,1367497561645457427,4,3,222954.90393832047
50,SCSA-SCSA_PLUS,1362196066431627265,5,4,51593.96945337621
50,SCSA-SCSA_PLUS,1361046993158692866,6,5,46626.98713826367
50,SCSA-SCSA_PLUS,1369355243406954501,7,4,18152.168110918545
50,SCSA-SCSA_PLUS,1364697022847209478,8,5,9620.73151125402
50,SCSA-SCSA_PLUS,1368760443498532864,9,5,3575.2442996742675
50,SCSA-SCSA_PLUS,1368777274506571779,10,5,726.2214983713355
51,SCSA-SCSA_PLUS,1339525827118194689,1,5,1853464.3586304272
51,SCSA-SCSA_PLUS,1367894335233142789,2,1,47732.75298554368
51,SCSA-SCSA_PLUS,1363941648812675075,3,1,12990.936517913262
51,SCSA-SCSA_PLUS,1369017812165881859,4,5,5442.976
51,SCSA-SCSA_PLUS,1354118501653483523,5,5,491.63551401869154
51,SCSA-SCSA_PLUS,1369034842222985216,6,1,344.64000000000004
51,SCSA-SCSA_PLUS,1368984433026596867,7,1,81.9924926878627
51,SCSA-SCSA_PLUS,1367315410106736640,8,1,80.9940159574468
51,SCSA-SCSA_PLUS,1368286394792046596,9,1,80.9940159574468
51,SCSA-SCSA_PLUS,1364321423901085698,10,1,29.972526541666902
53,SCSA-SCSA_PLUS,1364607745270423556,1,1,16215752.540466014
53,SCSA-SCSA_PLUS,1337077938076979205,2,1,732119.3326899214
53,SCSA-SCSA_PLUS,1336793663792406530,3,1,254860.40920998206
53,SCSA-SCSA_PLUS,1367894335233142789,4,1,47732.75298554368
53,SCSA-SCSA_PLUS,1365327872643260420,5,1,27627.144629808354
53,SCSA-SCSA_PLUS,1363941648812675075,6,1,12990.936517913262
53,SCSA-SCSA_PLUS,1369383214062665731,7,1,7404.10119840213
53,SCSA-SCSA_PLUS,1369034842222985216,8,1,344.64000000000004
53,SCSA-SCSA_PLUS,1367315410106736640,9,1,80.9940159574468
53,SCSA-SCSA_PLUS,1368286394792046596,10,1,80.9940159574468
54,SCSA-SCSA_PLUS,1339525827118194689,1,3,1853464.3586304272
54,SCSA-SCSA_PLUS,1367894335233142789,2,2,47732.75298554368
54,SCSA-SCSA_PLUS,1363941648812675075,3,2,12990.936517913262
54,SCSA-SCSA_PLUS,1369017812165881859,4,3,5442.976
54,SCSA-SCSA_PLUS,1354118501653483523,5,4,491.63551401869154
54,SCSA-SCSA_PLUS,1369034842222985216,6,4,344.64000000000004
54,SCSA-SCSA_PLUS,1368984433026596867,7,3,81.9924926878627
54,SCSA-SCSA_PLUS,1367315410106736640,8,2,80.9940159574468
54,SCSA-SCSA_PLUS,1368286394792046596,9,4,80.9940159574468
54,SCSA-SCSA_PLUS,1364321423901085698,10,4,29.972526541666902
55,SCSA-SCSA_PLUS,1325498916847153153,1,5,135755.1403508772
55,SCSA-SCSA_PLUS,1368933410085945345,2,5,5441.794871794871
55,SCSA-SCSA_PLUS,1369367452661014538,3,5,292.18882978723406
55,SCSA-SCSA_PLUS,1368300490895818755,4,5,149.8404255319149
55,SCSA-SCSA_PLUS,1363181398908141579,5,5,69.4035874439462
55,SCSA-SCSA_PLUS,1368177229285502976,6,5,44.95212765957447
55,SCSA-SCSA_PLUS,1346121159134343168,7,5,44.93131635416725
55,SCSA-SCSA_PLUS,1368494502336475136,8,5,22.476063829787236
55,SCSA-SCSA_PLUS,1347166067995660290,9,5,5.990842180555633
55,SCSA-SCSA_PLUS,1299756201509613568,10,5,0.0
57,SCSA-SCSA_PLUS,1319651956579762176,1,5,360303.318046875
57,SCSA-SCSA_PLUS,1296511004063473667,2,5,344671.0600606976
57,SCSA-SCSA_PLUS,1291094964185825281,3,5,123860.93728927849
57,SCSA-SCSA_PLUS,1365047360934526982,4,4,50301.529537532784
57,SCSA-SCSA_PLUS,1070275243552489472,5,4,43159.70836548851
57,SCSA-SCSA_PLUS,1238211420388569088,6,5,42254.6463820771
57,SCSA-SCSA_PLUS,1369315042236174343,7,4,491.14285607374876
57,SCSA-SCSA_PLUS,1247840496569012225,8,4,362.0454545454545
57,SCSA-SCSA_PLUS,764216312134590466,9,4,359.43056318551214
57,SCSA-SCSA_PLUS,1369395335769038849,10,4,103.17073170731707
58,SCSA-SCSA_PLUS,1367894335233142789,1,5,47732.75298554368
58,SCSA-SCSA_PLUS,1368641210533830657,2,5,14146.65142857143
58,SCSA-SCSA_PLUS,1363941648812675075,3,5,12990.936517913262
58,SCSA-SCSA_PLUS,1367930915733835777,4,4,12633.387806411061
58,SCSA-SCSA_PLUS,1367912923641737216,5,5,5643.039764359352
58,SCSA-SCSA_PLUS,1369017812165881859,6,5,5442.976
58,SCSA-SCSA_PLUS,1367604109113655297,7,5,1837.888
58,SCSA-SCSA_PLUS,1369034842222985216,8,5,344.64000000000004
58,SCSA-SCSA_PLUS,1367315410106736640,9,5,80.9940159574468
58,SCSA-SCSA_PLUS,1368286394792046596,10,5,80.9940159574468
60,SCSA-SCSA_PLUS,1339525827118194689,1,5,1853464.3586304272
60,SCSA-SCSA_PLUS,1367894335233142789,2,5,47732.75298554368
60,SCSA-SCSA_PLUS,1363941648812675075,3,5,12990.936517913262
60,SCSA-SCSA_PLUS,1369017812165881859,4,5,5442.976
60,SCSA-SCSA_PLUS,1354118501653483523,5,5,491.63551401869154
60,SCSA-SCSA_PLUS,1369034842222985216,6,5,344.64000000000004
60,SCSA-SCSA_PLUS,1368984433026596867,7,5,81.9924926878627
60,SCSA-SCSA_PLUS,1367315410106736640,8,5,80.9940159574468
60,SCSA-SCSA_PLUS,1368286394792046596,9,5,80.9940159574468
60,SCSA-SCSA_PLUS,1364321423901085698,10,5,29.972526541666902
61,SCSA-SCSA_PLUS,1339525827118194689,1,3,1853464.3586304272
61,SCSA-SCSA_PLUS,1288988861092245505,2,3,248619.15032035485
61,SCSA-SCSA_PLUS,1358610352313757697,3,3,1489.6820809248554
61,SCSA-SCSA_PLUS,1354118501653483523,4,5,491.63551401869154
61,SCSA-SCSA_PLUS,1367949455262060544,5,3,306.5491803278689
61,SCSA-SCSA_PLUS,1357706176864129027,6,2,241.63258232235643
61,SCSA-SCSA_PLUS,1358615407775649792,7,2,131.59297633329697
61,SCSA-SCSA_PLUS,1242143080616087552,8,2,91.94594594594597
61,SCSA-SCSA_PLUS,1368984433026596867,9,2,81.9924926878627
61,SCSA-SCSA_PLUS,1364321423901085698,10,4,29.972526541666902
62,SCSA-SCSA_PLUS,1365416645624143873,1,3,33422393.402930923
62,SCSA-SCSA_PLUS,1351920546011893761,2,3,32592626.92315913
62,SCSA-SCSA_PLUS,1337463904566456320,3,3,21200077.665325265
62,SCSA-SCSA_PLUS,1364607745270423556,4,3,16215752.540466014
62,SCSA-SCSA_PLUS,1331744604891344896,5,1,4873339.126826466
62,SCSA-SCSA_PLUS,1337077938076979205,6,3,732119.3326899214
62,SCSA-SCSA_PLUS,1336793663792406530,7,2,254860.40920998206
62,SCSA-SCSA_PLUS,1353502767352926208,8,3,103455.24514384067
62,SCSA-SCSA_PLUS,1365327872643260420,9,3,27627.144629808354
62,SCSA-SCSA_PLUS,1369383214062665731,10,2,7404.10119840213
63,SCSA-SCSA_PLUS,1366709656974942211,1,4,418183.68748714984
63,SCSA-SCSA_PLUS,1369495249417101312,2,5,251290.35773392743
63,SCSA-SCSA_PLUS,1364579317964034050,3,5,217120.07714668638
63,SCSA-SCSA_PLUS,1365007905318133766,4,5,162978.94139886578
63,SCSA-SCSA_PLUS,1369441382973272064,5,5,107189.98439482367
63,SCSA-SCSA_PLUS,1369441382973272064,6,2,107189.98439482367
63,SCSA-SCSA_PLUS,1361701236395958278,7,3,84092.01981287837
63,SCSA-SCSA_PLUS,1361388306106318857,8,3,43138.78345389674
63,SCSA-SCSA_PLUS,1368622654870192131,9,5,16277.22972972973
63,SCSA-SCSA_PLUS,1369226601972563972,10,2,14106.932432432433
66,SCSA-SCSA_PLUS,1364664823984779267,1,5,344719.9945493769
66,SCSA-SCSA_PLUS,1321799645652307969,2,5,293462.4257156608
66,SCSA-SCSA_PLUS,1303840025000509448,3,4,116485.11568215035
66,SCSA-SCSA_PLUS,1308893236723953665,4,5,47480.98775510204
66,SCSA-SCSA_PLUS,1291862297665626112,5,2,45765.54857311636
66,SCSA-SCSA_PLUS,1368217898095964166,6,5,44770.60900058446
66,SCSA-SCSA_PLUS,1365629350721249281,7,5,26384.303797468358
66,SCSA-SCSA_PLUS,1327398719789150214,8,2,25135.702425938467
66,SCSA-SCSA_PLUS,1283518830950510593,9,2,6296.494497959184
66,SCSA-SCSA_PLUS,1317811466339221509,10,3,2627.528207550533
68,SCSA-SCSA_PLUS,1333873034114064385,1,5,879154.9339700022
68,SCSA-SCSA_PLUS,1337077938076979205,2,5,732119.3326899214
68,SCSA-SCSA_PLUS,1321455751567532032,3,5,444556.2739043824
68,SCSA-SCSA_PLUS,1320142365038817281,4,5,352425.0804429341
68,SCSA-SCSA_PLUS,1336793663792406530,5,5,254860.40920998206
68,SCSA-SCSA_PLUS,1336596712857743361,6,4,89097.54143113195
68,SCSA-SCSA_PLUS,1362069293790162946,7,5,39812.26666666666
68,SCSA-SCSA_PLUS,1347619092417548288,8,5,35218.48623853211
68,SCSA-SCSA_PLUS,1369307525489844228,9,2,19636.964047936082
68,SCSA-SCSA_PLUS,1368622654870192131,10,5,16277.22972972973
70,SCSA-SCSA_PLUS,1369495249417101312,1,5,251290.35773392743
70,SCSA-SCSA_PLUS,1369441382973272064,2,5,107189.98439482367
70,SCSA-SCSA_PLUS,1368622654870192131,3,3,16277.22972972973
70,SCSA-SCSA_PLUS,1369226601972563972,4,3,14106.932432432433
70,SCSA-SCSA_PLUS,1369619124318580736,5,4,8138.614864864865
70,SCSA-SCSA_PLUS,1369438033892806663,6,3,7596.04054054054
70,SCSA-SCSA_PLUS,1369458171467591683,7,3,189.9782608695652
70,SCSA-SCSA_PLUS,1352554075657801732,8,3,134.47499999829955
70,SCSA-SCSA_PLUS,1352937076669476864,9,3,134.47499999829955
70,SCSA-SCSA_PLUS,1364851499042537474,10,2,44.82499999943319
71,SCSA-SCSA_PLUS,1364607745270423556,1,5,16215752.540466014
71,SCSA-SCSA_PLUS,1339525827118194689,2,5,1853464.3586304272
71,SCSA-SCSA_PLUS,1337077938076979205,3,4,732119.3326899214
71,SCSA-SCSA_PLUS,1336793663792406530,4,4,254860.40920998206
71,SCSA-SCSA_PLUS,1369383214062665731,5,4,7404.10119840213
71,SCSA-SCSA_PLUS,1369386818169372680,6,5,4077.6209498446515
71,SCSA-SCSA_PLUS,1369372321736232963,7,5,643.8348868175765
71,SCSA-SCSA_PLUS,1354118501653483523,8,4,491.63551401869154
71,SCSA-SCSA_PLUS,1368984433026596867,9,5,81.9924926878627
71,SCSA-SCSA_PLUS,1364321423901085698,10,5,29.972526541666902
72,SCSA-SCSA_PLUS,1365767910543691777,1,5,2754.5202312138726
72,SCSA-SCSA_PLUS,1356662728111181824,2,5,877.6400359066427
72,SCSA-SCSA_PLUS,1367532398825648130,3,5,812.8092485549133
72,SCSA-SCSA_PLUS,1343929726579187713,4,5,514.3777976723367
72,SCSA-SCSA_PLUS,1334873804582121475,5,5,80.3715308863026
72,SCSA-SCSA_PLUS,1354446870312005635,6,5,64.29722470904208
72,SCSA-SCSA_PLUS,1312137847378386944,7,5,28.799891040168568
72,SCSA-SCSA_PLUS,1356255352145272832,8,5,16.07430617726052
72,SCSA-SCSA_PLUS,1355169402128363523,9,5,16.07430617726052
72,SCSA-SCSA_PLUS,1329861315624660993,10,5,16.07430617726052
73,SCSA-SCSA_PLUS,1366709656974942211,1,1,418183.68748714984
73,SCSA-SCSA_PLUS,1364579317964034050,2,2,217120.07714668638
73,SCSA-SCSA_PLUS,1365007905318133766,3,4,162978.94139886578
73,SCSA-SCSA_PLUS,1361701236395958278,4,1,84092.01981287837
73,SCSA-SCSA_PLUS,1361388306106318857,5,3,43138.78345389674
73,SCSA-SCSA_PLUS,1366932843067277314,6,1,1891.1058601134216
73,SCSA-SCSA_PLUS,1369030160943611907,7,2,571.2540235266576
73,SCSA-SCSA_PLUS,1369292125641269258,8,5,553.9772727264801
73,SCSA-SCSA_PLUS,1369458171467591683,9,1,189.9782608695652
73,SCSA-SCSA_PLUS,1369395335769038849,10,5,103.17073170731707
74,SCSA-SCSA_PLUS,1369495249417101312,1,5,251290.35773392743
74,SCSA-SCSA_PLUS,1369441382973272064,2,4,107189.98439482367
74,SCSA-SCSA_PLUS,1368622654870192131,3,3,16277.22972972973
74,SCSA-SCSA_PLUS,1369226601972563972,4,4,14106.932432432433
74,SCSA-SCSA_PLUS,1369619124318580736,5,5,8138.614864864865
74,SCSA-SCSA_PLUS,1369438033892806663,6,4,7596.04054054054
74,SCSA-SCSA_PLUS,1369015794248671233,7,4,3301.714285714281
74,SCSA-SCSA_PLUS,1369315042236174343,8,5,491.14285607374876
74,SCSA-SCSA_PLUS,1369458171467591683,9,5,189.9782608695652
74,SCSA-SCSA_PLUS,1369395335769038849,10,4,103.17073170731707
76,SCSA-SCSA_PLUS,1365416645624143873,1,2,33422393.402930923
76,SCSA-SCSA_PLUS,1351920546011893761,2,2,32592626.92315913
76,SCSA-SCSA_PLUS,1337463904566456320,3,2,21200077.665325265
76,SCSA-SCSA_PLUS,1331741612402237443,4,4,5386883.709092482
76,SCSA-SCSA_PLUS,1331744604891344896,5,2,4873339.126826466
76,SCSA-SCSA_PLUS,1358843677582401536,6,5,4188016.4499835065
76,SCSA-SCSA_PLUS,1358843515149504514,7,4,2128072.6032182914
76,SCSA-SCSA_PLUS,1290659734639521798,8,4,225579.10658283567
76,SCSA-SCSA_PLUS,1353502767352926208,9,2,103455.24514384067
76,SCSA-SCSA_PLUS,1357375687967997959,10,2,20702.33684394784
77,SCSA-SCSA_PLUS,1368622654870192131,1,4,16277.22972972973
77,SCSA-SCSA_PLUS,1369226601972563972,2,5,14106.932432432433
77,SCSA-SCSA_PLUS,1369619124318580736,3,5,8138.614864864865
77,SCSA-SCSA_PLUS,1369438033892806663,4,5,7596.04054054054
77,SCSA-SCSA_PLUS,1369015794248671233,5,5,3301.714285714281
77,SCSA-SCSA_PLUS,1369315042236174343,6,3,491.14285607374876
77,SCSA-SCSA_PLUS,1369458171467591683,7,4,189.9782608695652
77,SCSA-SCSA_PLUS,1352554075657801732,8,5,134.47499999829955
77,SCSA-SCSA_PLUS,1369395335769038849,9,5,103.17073170731707
77,SCSA-SCSA_PLUS,1364851499042537474,10,5,44.82499999943319
78,SCSA-SCSA_PLUS,1368561200754270210,1,4,2921778.878933111
78,SCSA-SCSA_PLUS,1366232555037462531,2,4,317153.8904249127
78,SCSA-SCSA_PLUS,1319343716801236992,3,2,34341.40206185567
78,SCSA-SCSA_PLUS,1326736922199257089,4,1,8649.754612749895
78,SCSA-SCSA_PLUS,1368933410085945345,5,1,5441.794871794871
78,SCSA-SCSA_PLUS,1367531774012751878,6,1,1054.752895977647
78,SCSA-SCSA_PLUS,1345510484213075968,7,1,348.75
78,SCSA-SCSA_PLUS,1368584215403655171,8,1,171.40691489361703
78,SCSA-SCSA_PLUS,1367649223601238016,9,2,27.15447919115918
78,SCSA-SCSA_PLUS,1367170047081402380,10,1,19.65156794425087
79,SCSA-SCSA_PLUS,1333873034114064385,1,3,879154.9339700022
79,SCSA-SCSA_PLUS,1321455751567532032,2,5,444556.2739043824
79,SCSA-SCSA_PLUS,1359932980974657536,3,4,67655.93701663932
79,SCSA-SCSA_PLUS,1362069293790162946,4,5,39812.26666666666
79,SCSA-SCSA_PLUS,1347619092417548288,5,5,35218.48623853211
79,SCSA-SCSA_PLUS,1343729046891347968,6,5,25695.72972972973
79,SCSA-SCSA_PLUS,1366115959623331844,7,5,15081.612670898438
79,SCSA-SCSA_PLUS,1364624807220948994,8,5,6486.1204833984375
79,SCSA-SCSA_PLUS,1360346403873181707,9,4,4647.14241676942
79,SCSA-SCSA_PLUS,1362872757109809152,10,4,1292.1328125
81,SCSA-SCSA_PLUS,1368561200754270210,1,5,2921778.878933111
81,SCSA-SCSA_PLUS,1333873034114064385,2,5,879154.9339700022
81,SCSA-SCSA_PLUS,1367822755769573377,3,5,511984.57105731824
81,SCSA-SCSA_PLUS,1369367467001315336,4,4,370399.9836590363
81,SCSA-SCSA_PLUS,1368501683219693570,5,5,326253.65034965036
81,SCSA-SCSA_PLUS,1368170081633644548,6,4,278183.1083916084
81,SCSA-SCSA_PLUS,1367497561645457427,7,5,222954.90393832047
81,SCSA-SCSA_PLUS,1359932980974657536,8,5,67655.93701663932
81,SCSA-SCSA_PLUS,1362069293790162946,9,5,39812.26666666666
81,SCSA-SCSA_PLUS,1369458171467591683,10,5,189.9782608695652
1,SCSA-SCSA_PLUS_V3,1354118501653483523,1,1,2.7152169680428013
1,SCSA-SCSA_PLUS_V3,1363551492486008834,2,1,1.4369555090305288
1,SCSA-SCSA_PLUS_V3,1336793663792406530,3,2,1.167193202573491
1,SCSA-SCSA_PLUS_V3,1337077938076979205,4,3,1.0265591845909863
1,SCSA-SCSA_PLUS_V3,1369372321736232963,5,1,0.2600110383628038
1,SCSA-SCSA_PLUS_V3,1369383214062665731,6,2,0.21231615172448642
1,SCSA-SCSA_PLUS_V3,1367882927384768524,7,5,0.18593245686818094
1,SCSA-SCSA_PLUS_V3,1339525827118194689,8,4,0.1847967637226858
1,SCSA-SCSA_PLUS_V3,1364607745270423556,9,5,0.06771940752478592
1,SCSA-SCSA_PLUS_V3,1369386818169372680,10,5,0.04311492828944865
2,SCSA-SCSA_PLUS_V3,1366932843067277314,1,3,1.6588000129821743
2,SCSA-SCSA_PLUS_V3,1369292125641269258,2,4,1.3481581010724641
2,SCSA-SCSA_PLUS_V3,1369030160943611907,3,4,1.198637540914666
2,SCSA-SCSA_PLUS_V3,1365007905318133766,4,4,1.0798822875777956
2,SCSA-SCSA_PLUS_V3,1361388306106318857,5,4,1.079869301197609
2,SCSA-SCSA_PLUS_V3,1361701236395958278,6,4,0.804326926603381
2,SCSA-SCSA_PLUS_V3,1369441382973272064,7,4,0.5719339171309006
2,SCSA-SCSA_PLUS_V3,1366709656974942211,8,5,0.5015178426844257
2,SCSA-SCSA_PLUS_V3,1364579317964034050,9,5,0.45500127547424424
2,SCSA-SCSA_PLUS_V3,1369458171467591683,10,3,0.3207896837680568
3,SCSA-SCSA_PLUS_V3,1324374402750767104,1,5,1.3086761791425776
3,SCSA-SCSA_PLUS_V3,1365327872643260420,2,3,1.266392654155191
3,SCSA-SCSA_PLUS_V3,1336793663792406530,3,3,1.167193202573491
3,SCSA-SCSA_PLUS_V3,1368286394792046596,4,3,1.0362793849416732
3,SCSA-SCSA_PLUS_V3,1337077938076979205,5,3,1.0265591845909863
3,SCSA-SCSA_PLUS_V3,1367315410106736640,6,3,0.7444674222775549
3,SCSA-SCSA_PLUS_V3,1369383214062665731,7,3,0.21231615172448642
3,SCSA-SCSA_PLUS_V3,1363941648812675075,8,4,0.10728016499249413
3,SCSA-SCSA_PLUS_V3,1364607745270423556,9,2,0.06771940752478592
3,SCSA-SCSA_PLUS_V3,1367894335233142789,10,3,-0.050049024130570774
4,SCSA-SCSA_PLUS_V3,1369226601972563972,1,5,1.2922935271072034
4,SCSA-SCSA_PLUS_V3,1368622654870192131,2,5,1.232908549103502
4,SCSA-SCSA_PLUS_V3,1369619124318580736,3,5,1.0882287630382734
4,SCSA-SCSA_PLUS_V3,1369438033892806663,4,5,0.9319087893455738
4,SCSA-SCSA_PLUS_V3,1369495249417101312,5,3,0.6094909287974192
4,SCSA-SCSA_PLUS_V3,1369441382973272064,6,5,0.5719339171309006
4,SCSA-SCSA_PLUS_V3,1364851499042537474,7,2,0.511474026778284
4,SCSA-SCSA_PLUS_V3,1352937076669476864,8,2,0.3459659341952648
4,SCSA-SCSA_PLUS_V3,1369458171467591683,9,4,0.3207896837680568
4,SCSA-SCSA_PLUS_V3,1352554075657801732,10,1,0.08944720469565196
5,SCSA-SCSA_PLUS_V3,1366932843067277314,1,2,1.6588000129821743
5,SCSA-SCSA_PLUS_V3,1369292125641269258,2,3,1.3481581010724641
5,SCSA-SCSA_PLUS_V3,1369030160943611907,3,3,1.198637540914666
5,SCSA-SCSA_PLUS_V3,1365007905318133766,4,2,1.0798822875777956
5,SCSA-SCSA_PLUS_V3,1361388306106318857,5,2,1.079869301197609
5,SCSA-SCSA_PLUS_V3,1361701236395958278,6,2,0.804326926603381
5,SCSA-SCSA_PLUS_V3,1369441382973272064,7,4,0.5719339171309006
5,SCSA-SCSA_PLUS_V3,1366709656974942211,8,3,0.5015178426844257
5,SCSA-SCSA_PLUS_V3,1364579317964034050,9,3,0.45500127547424424
5,SCSA-SCSA_PLUS_V3,1369458171467591683,10,4,0.3207896837680568
6,SCSA-SCSA_PLUS_V3,1354118501653483523,1,5,2.7152169680428013
6,SCSA-SCSA_PLUS_V3,1331744604891344896,2,2,1.112893877299948
6,SCSA-SCSA_PLUS_V3,1337463904566456320,3,2,0.8155706822986476
6,SCSA-SCSA_PLUS_V3,1358843515149504514,4,3,0.5357901947684937
6,SCSA-SCSA_PLUS_V3,1337022746824499203,5,2,0.49913594604732003
6,SCSA-SCSA_PLUS_V3,1353502767352926208,6,3,0.3967179499554073
6,SCSA-SCSA_PLUS_V3,1357375687967997959,7,1,0.331924419841852
6,SCSA-SCSA_PLUS_V3,1365416645624143873,8,3,0.3275571515790408
6,SCSA-SCSA_PLUS_V3,1351920546011893761,9,2,0.23300483120727078
6,SCSA-SCSA_PLUS_V3,1339525827118194689,10,5,0.1847967637226858
7,SCSA-SCSA_PLUS_V3,1363551492486008834,1,3,1.4369555090305288
7,SCSA-SCSA_PLUS_V3,1336793663792406530,2,3,1.167193202573491
7,SCSA-SCSA_PLUS_V3,1337077938076979205,3,2,1.0265591845909863
7,SCSA-SCSA_PLUS_V3,1336596712857743361,4,3,0.6823369706410553
7,SCSA-SCSA_PLUS_V3,1369372321736232963,5,4,0.2600110383628038
7,SCSA-SCSA_PLUS_V3,1369337343270862853,6,2,0.25794465882554235
7,SCSA-SCSA_PLUS_V3,1369383214062665731,7,3,0.21231615172448642
7,SCSA-SCSA_PLUS_V3,1367882927384768524,8,4,0.18593245686818094
7,SCSA-SCSA_PLUS_V3,1364607745270423556,9,2,0.06771940752478592
7,SCSA-SCSA_PLUS_V3,1369386818169372680,10,5,0.04311492828944865
8,SCSA-SCSA_PLUS_V3,1331744604891344896,1,4,1.112893877299948
8,SCSA-SCSA_PLUS_V3,1331741612402237443,2,3,0.9963338639209485
8,SCSA-SCSA_PLUS_V3,1290659734639521798,3,5,0.9113687911734216
8,SCSA-SCSA_PLUS_V3,1337463904566456320,4,4,0.8155706822986476
8,SCSA-SCSA_PLUS_V3,1358843677582401536,5,3,0.6295054879118872
8,SCSA-SCSA_PLUS_V3,1358843515149504514,6,4,0.5357901947684937
8,SCSA-SCSA_PLUS_V3,1353502767352926208,7,4,0.3967179499554073
8,SCSA-SCSA_PLUS_V3,1357375687967997959,8,4,0.331924419841852
8,SCSA-SCSA_PLUS_V3,1365416645624143873,9,4,0.3275571515790408
8,SCSA-SCSA_PLUS_V3,1351920546011893761,10,4,0.23300483120727078
9,SCSA-SCSA_PLUS_V3,1364624807220948994,1,1,1.961813706706049
9,SCSA-SCSA_PLUS_V3,1366115959623331844,2,1,1.7512802893487376
9,SCSA-SCSA_PLUS_V3,1333873034114064385,3,5,1.7419312994202771
9,SCSA-SCSA_PLUS_V3,1362069293790162946,4,4,1.4584666247599851
9,SCSA-SCSA_PLUS_V3,1321455751567532032,5,5,1.248016843570163
9,SCSA-SCSA_PLUS_V3,1343729046891347968,6,5,1.2207485353571699
9,SCSA-SCSA_PLUS_V3,1360346403873181707,7,4,0.667160403679602
9,SCSA-SCSA_PLUS_V3,1362872757109809152,8,1,0.5875506571272201
9,SCSA-SCSA_PLUS_V3,1347619092417548288,9,5,0.2423936347502989
9,SCSA-SCSA_PLUS_V3,1359932980974657536,10,5,0.186971450705317
10,SCSA-SCSA_PLUS_V3,1363551492486008834,1,4,1.4369555090305288
10,SCSA-SCSA_PLUS_V3,1336793663792406530,2,3,1.167193202573491
10,SCSA-SCSA_PLUS_V3,1337077938076979205,3,3,1.0265591845909863
10,SCSA-SCSA_PLUS_V3,1336596712857743361,4,3,0.6823369706410553
10,SCSA-SCSA_PLUS_V3,1369372321736232963,5,4,0.2600110383628038
10,SCSA-SCSA_PLUS_V3,1369337343270862853,6,4,0.25794465882554235
10,SCSA-SCSA_PLUS_V3,1369383214062665731,7,4,0.21231615172448642
10,SCSA-SCSA_PLUS_V3,1367882927384768524,8,5,0.18593245686818094
10,SCSA-SCSA_PLUS_V3,1364607745270423556,9,3,0.06771940752478592
10,SCSA-SCSA_PLUS_V3,1369386818169372680,10,4,0.04311492828944865
11,SCSA-SCSA_PLUS_V3,1333873034114064385,1,3,1.7419312994202771
11,SCSA-SCSA_PLUS_V3,1362069293790162946,2,5,1.4584666247599851
11,SCSA-SCSA_PLUS_V3,1369226601972563972,3,4,1.2922935271072034
11,SCSA-SCSA_PLUS_V3,1321455751567532032,4,5,1.248016843570163
11,SCSA-SCSA_PLUS_V3,1368622654870192131,5,4,1.232908549103502
11,SCSA-SCSA_PLUS_V3,1331744604891344896,6,2,1.112893877299948
11,SCSA-SCSA_PLUS_V3,1331744604891344896,7,5,1.112893877299948
11,SCSA-SCSA_PLUS_V3,1338592930022363139,8,5,1.0414461337133725
11,SCSA-SCSA_PLUS_V3,1331741612402237443,9,4,0.9963338639209485
11,SCSA-SCSA_PLUS_V3,1331741612402237443,10,2,0.9963338639209485
12,SCSA-SCSA_PLUS_V3,1365784358217523201,1,3,1.7800711772296347
12,SCSA-SCSA_PLUS_V3,1334130051554668547,2,5,1.695569652097102
12,SCSA-SCSA_PLUS_V3,1334873913210380298,3,5,1.5416979134967987
12,SCSA-SCSA_PLUS_V3,1365812811721543685,4,3,1.5381633355986581
12,SCSA-SCSA_PLUS_V3,1360286991011639302,5,5,1.448908094651099
12,SCSA-SCSA_PLUS_V3,1365811680815554560,6,3,1.2847517115654985
12,SCSA-SCSA_PLUS_V3,1354807067232489475,7,5,0.9280336895331613
12,SCSA-SCSA_PLUS_V3,1356255352145272832,8,5,0.6875398424886751
12,SCSA-SCSA_PLUS_V3,1367532398825648130,9,5,0.539958686236552
12,SCSA-SCSA_PLUS_V3,1326033569555181568,10,2,0.47045792788513424
13,SCSA-SCSA_PLUS_V3,1336793663792406530,1,4,1.167193202573491
13,SCSA-SCSA_PLUS_V3,1337077938076979205,2,3,1.0265591845909863
13,SCSA-SCSA_PLUS_V3,1336596712857743361,3,1,0.6823369706410553
13,SCSA-SCSA_PLUS_V3,1354565152939544576,4,1,0.6093309140512084
13,SCSA-SCSA_PLUS_V3,1369372321736232963,5,1,0.2600110383628038
13,SCSA-SCSA_PLUS_V3,1369337343270862853,6,1,0.25794465882554235
13,SCSA-SCSA_PLUS_V3,1369383214062665731,7,2,0.21231615172448642
13,SCSA-SCSA_PLUS_V3,1367882927384768524,8,4,0.18593245686818094
13,SCSA-SCSA_PLUS_V3,1364607745270423556,9,4,0.06771940752478592
13,SCSA-SCSA_PLUS_V3,1369386818169372680,10,5,0.04311492828944865
15,SCSA-SCSA_PLUS_V3,1349743109832372225,1,4,2.0665022148523926
15,SCSA-SCSA_PLUS_V3,1360286991011639302,2,3,1.448908094651099
15,SCSA-SCSA_PLUS_V3,1359941706951524353,3,3,1.267250302074562
15,SCSA-SCSA_PLUS_V3,1318667750408036352,4,3,0.9979718760114398
15,SCSA-SCSA_PLUS_V3,1283518830950510593,5,4,0.6770280482527609
15,SCSA-SCSA_PLUS_V3,1317810926133874689,6,4,0.6739662531913994
15,SCSA-SCSA_PLUS_V3,1354565152939544576,7,5,0.6093309140512084
15,SCSA-SCSA_PLUS_V3,1368297763524448256,8,3,0.26964272224266517
15,SCSA-SCSA_PLUS_V3,1366380504736534529,9,4,0.1666961953825071
15,SCSA-SCSA_PLUS_V3,1364664823984779267,10,4,-0.014835790876553536
16,SCSA-SCSA_PLUS_V3,1345510484213075968,1,1,2.1292907541591752
16,SCSA-SCSA_PLUS_V3,1366232555037462531,2,3,1.6071564680228752
16,SCSA-SCSA_PLUS_V3,1326736922199257089,3,1,1.1994483521939485
16,SCSA-SCSA_PLUS_V3,1367649223601238016,4,1,1.1137830723456472
16,SCSA-SCSA_PLUS_V3,1319343716801236992,5,5,0.9797499501059507
16,SCSA-SCSA_PLUS_V3,1368584215403655171,6,1,0.44905017748663656
16,SCSA-SCSA_PLUS_V3,1367170047081402380,7,1,0.43262023827599305
16,SCSA-SCSA_PLUS_V3,1368933410085945345,8,1,0.3136657160443221
16,SCSA-SCSA_PLUS_V3,1367531774012751878,9,1,0.25021185442009536
16,SCSA-SCSA_PLUS_V3,1368561200754270210,10,1,0.1628687325014879
17,SCSA-SCSA_PLUS_V3,1336793663792406530,1,2,1.167193202573491
17,SCSA-SCSA_PLUS_V3,1337077938076979205,2,2,1.0265591845909863
17,SCSA-SCSA_PLUS_V3,1336596712857743361,3,1,0.6823369706410553
17,SCSA-SCSA_PLUS_V3,1354565152939544576,4,1,0.6093309140512084
17,SCSA-SCSA_PLUS_V3,1369372321736232963,5,2,0.2600110383628038
17,SCSA-SCSA_PLUS_V3,1369337343270862853,6,1,0.25794465882554235
17,SCSA-SCSA_PLUS_V3,1369383214062665731,7,2,0.21231615172448642
17,SCSA-SCSA_PLUS_V3,1367882927384768524,8,3,0.18593245686818094
17,SCSA-SCSA_PLUS_V3,1364607745270423556,9,5,0.06771940752478592
17,SCSA-SCSA_PLUS_V3,1369386818169372680,10,2,0.04311492828944865
18,SCSA-SCSA_PLUS_V3,1354118501653483523,1,1,2.7152169680428013
18,SCSA-SCSA_PLUS_V3,1349743109832372225,2,1,2.0665022148523926
18,SCSA-SCSA_PLUS_V3,1362127981234188288,3,3,1.644843728358529
18,SCSA-SCSA_PLUS_V3,1360286991011639302,4,1,1.448908094651099
18,SCSA-SCSA_PLUS_V3,1359941706951524353,5,1,1.267250302074562
18,SCSA-SCSA_PLUS_V3,1182112257708306433,6,2,0.6888617405736613
18,SCSA-SCSA_PLUS_V3,1358569998885785609,7,1,0.28253992666237476
18,SCSA-SCSA_PLUS_V3,1368297763524448256,8,2,0.26964272224266517
18,SCSA-SCSA_PLUS_V3,1339525827118194689,9,4,0.1847967637226858
18,SCSA-SCSA_PLUS_V3,1366380504736534529,10,2,0.1666961953825071
19,SCSA-SCSA_PLUS_V3,1369015794248671233,1,4,0.9909261809490948
19,SCSA-SCSA_PLUS_V3,1369395335769038849,2,4,0.8194617876382176
19,SCSA-SCSA_PLUS_V3,1353672852747284480,3,4,0.7262639556751396
19,SCSA-SCSA_PLUS_V3,1369495249417101312,4,4,0.6094909287974192
19,SCSA-SCSA_PLUS_V3,1369441382973272064,5,3,0.5719339171309006
19,SCSA-SCSA_PLUS_V3,1364851499042537474,6,4,0.511474026778284
19,SCSA-SCSA_PLUS_V3,1352937076669476864,7,4,0.3459659341952648
19,SCSA-SCSA_PLUS_V3,1352554075657801732,8,4,0.08944720469565196
19,SCSA-SCSA_PLUS_V3,1369355243406954501,9,4,0.0653632784150107
19,SCSA-SCSA_PLUS_V3,1369315042236174343,10,4,0.046414384283107485
20,SCSA-SCSA_PLUS_V3,1364697022847209478,1,1,1.099845541674749
20,SCSA-SCSA_PLUS_V3,1367497561645457427,2,1,0.9687231050285712
20,SCSA-SCSA_PLUS_V3,1368760443498532864,3,2,0.376559545886762
20,SCSA-SCSA_PLUS_V3,1368777274506571779,4,1,0.3391228331218986
20,SCSA-SCSA_PLUS_V3,1369458171467591683,5,5,0.3207896837680568
20,SCSA-SCSA_PLUS_V3,1362196066431627265,6,1,0.2215632875952643
20,SCSA-SCSA_PLUS_V3,1339525827118194689,7,1,0.1847967637226858
20,SCSA-SCSA_PLUS_V3,1368561200754270210,8,4,0.1628687325014879
20,SCSA-SCSA_PLUS_V3,1367496989215248388,9,2,0.15931282038502687
20,SCSA-SCSA_PLUS_V3,1361046993158692866,10,1,0.1349586639325719
21,SCSA-SCSA_PLUS_V3,1354118501653483523,1,2,2.7152169680428013
21,SCSA-SCSA_PLUS_V3,1365327872643260420,2,1,1.266392654155191
21,SCSA-SCSA_PLUS_V3,1336793663792406530,3,3,1.167193202573491
21,SCSA-SCSA_PLUS_V3,1368286394792046596,4,1,1.0362793849416732
21,SCSA-SCSA_PLUS_V3,1337077938076979205,5,1,1.0265591845909863
21,SCSA-SCSA_PLUS_V3,1367315410106736640,6,1,0.7444674222775549
21,SCSA-SCSA_PLUS_V3,1369383214062665731,7,1,0.21231615172448642
21,SCSA-SCSA_PLUS_V3,1363941648812675075,8,4,0.10728016499249413
21,SCSA-SCSA_PLUS_V3,1364607745270423556,9,1,0.06771940752478592
21,SCSA-SCSA_PLUS_V3,1367894335233142789,10,3,-0.050049024130570774
22,SCSA-SCSA_PLUS_V3,1369034842222985216,1,5,1.6051355995903052
22,SCSA-SCSA_PLUS_V3,1369017812165881859,2,2,1.1192311314602645
22,SCSA-SCSA_PLUS_V3,1368286394792046596,3,2,1.0362793849416732
22,SCSA-SCSA_PLUS_V3,1367604109113655297,4,3,0.8582683302197434
22,SCSA-SCSA_PLUS_V3,1367315410106736640,5,1,0.7444674222775549
22,SCSA-SCSA_PLUS_V3,1369441796925886465,6,4,0.370517095900714
22,SCSA-SCSA_PLUS_V3,1367912923641737216,7,4,0.2188091883310141
22,SCSA-SCSA_PLUS_V3,1363941648812675075,8,5,0.10728016499249413
22,SCSA-SCSA_PLUS_V3,1367894335233142789,9,5,-0.050049024130570774
22,SCSA-SCSA_PLUS_V3,1367930915733835777,10,5,-0.20031951814933593
23,SCSA-SCSA_PLUS_V3,1331744604891344896,1,3,1.112893877299948
23,SCSA-SCSA_PLUS_V3,1331741612402237443,2,3,0.9963338639209485
23,SCSA-SCSA_PLUS_V3,1290659734639521798,3,3,0.9113687911734216
23,SCSA-SCSA_PLUS_V3,1337463904566456320,4,3,0.8155706822986476
23,SCSA-SCSA_PLUS_V3,1358843677582401536,5,3,0.6295054879118872
23,SCSA-SCSA_PLUS_V3,1358843515149504514,6,3,0.5357901947684937
23,SCSA-SCSA_PLUS_V3,1353502767352926208,7,3,0.3967179499554073
23,SCSA-SCSA_PLUS_V3,1357375687967997959,8,3,0.331924419841852
23,SCSA-SCSA_PLUS_V3,1365416645624143873,9,3,0.3275571515790408
23,SCSA-SCSA_PLUS_V3,1351920546011893761,10,3,0.23300483120727078
24,SCSA-SCSA_PLUS_V3,1336793663792406530,1,5,1.167193202573491
24,SCSA-SCSA_PLUS_V3,1337077938076979205,2,3,1.0265591845909863
24,SCSA-SCSA_PLUS_V3,1365320876510560258,3,5,0.9664637404231338
24,SCSA-SCSA_PLUS_V3,1336596712857743361,4,3,0.6823369706410553
24,SCSA-SCSA_PLUS_V3,1369372321736232963,5,4,0.2600110383628038
24,SCSA-SCSA_PLUS_V3,1369337343270862853,6,4,0.25794465882554235
24,SCSA-SCSA_PLUS_V3,1369383214062665731,7,3,0.21231615172448642
24,SCSA-SCSA_PLUS_V3,1367882927384768524,8,5,0.18593245686818094
24,SCSA-SCSA_PLUS_V3,1369386818169372680,9,3,0.04311492828944865
24,SCSA-SCSA_PLUS_V3,1369307525489844228,10,2,0.01773837737341341
25,SCSA-SCSA_PLUS_V3,1369226601972563972,1,4,1.2922935271072034
25,SCSA-SCSA_PLUS_V3,1368622654870192131,2,4,1.232908549103502
25,SCSA-SCSA_PLUS_V3,1369619124318580736,3,4,1.0882287630382734
25,SCSA-SCSA_PLUS_V3,1369438033892806663,4,4,0.9319087893455738
25,SCSA-SCSA_PLUS_V3,1369495249417101312,5,5,0.6094909287974192
25,SCSA-SCSA_PLUS_V3,1369441382973272064,6,5,0.5719339171309006
25,SCSA-SCSA_PLUS_V3,1364851499042537474,7,5,0.511474026778284
25,SCSA-SCSA_PLUS_V3,1352937076669476864,8,4,0.3459659341952648
25,SCSA-SCSA_PLUS_V3,1369458171467591683,9,5,0.3207896837680568
25,SCSA-SCSA_PLUS_V3,1352554075657801732,10,2,0.08944720469565196
26,SCSA-SCSA_PLUS_V3,1333873034114064385,1,3,1.7419312994202771
26,SCSA-SCSA_PLUS_V3,1362069293790162946,2,4,1.4584666247599851
26,SCSA-SCSA_PLUS_V3,1369226601972563972,3,3,1.2922935271072034
26,SCSA-SCSA_PLUS_V3,1321455751567532032,4,3,1.248016843570163
26,SCSA-SCSA_PLUS_V3,1368622654870192131,5,3,1.232908549103502
26,SCSA-SCSA_PLUS_V3,1338592930022363139,6,3,1.0414461337133725
26,SCSA-SCSA_PLUS_V3,1320142365038817281,7,3,0.6910630304462398
26,SCSA-SCSA_PLUS_V3,1369458171467591683,8,4,0.3207896837680568
26,SCSA-SCSA_PLUS_V3,1359932980974657536,9,4,0.186971450705317
26,SCSA-SCSA_PLUS_V3,1352554075657801732,10,1,0.08944720469565196
27,SCSA-SCSA_PLUS_V3,1369226601972563972,1,5,1.2922935271072034
27,SCSA-SCSA_PLUS_V3,1368622654870192131,2,5,1.232908549103502
27,SCSA-SCSA_PLUS_V3,1369619124318580736,3,4,1.0882287630382734
27,SCSA-SCSA_PLUS_V3,1369438033892806663,4,4,0.9319087893455738
27,SCSA-SCSA_PLUS_V3,1369495249417101312,5,4,0.6094909287974192
27,SCSA-SCSA_PLUS_V3,1369441382973272064,6,5,0.5719339171309006
27,SCSA-SCSA_PLUS_V3,1364851499042537474,7,4,0.511474026778284
27,SCSA-SCSA_PLUS_V3,1352937076669476864,8,4,0.3459659341952648
27,SCSA-SCSA_PLUS_V3,1369458171467591683,9,5,0.3207896837680568
27,SCSA-SCSA_PLUS_V3,1352554075657801732,10,5,0.08944720469565196
28,SCSA-SCSA_PLUS_V3,1363551492486008834,1,1,1.4369555090305288
28,SCSA-SCSA_PLUS_V3,1336793663792406530,2,2,1.167193202573491
28,SCSA-SCSA_PLUS_V3,1337077938076979205,3,1,1.0265591845909863
28,SCSA-SCSA_PLUS_V3,1369372321736232963,4,1,0.2600110383628038
28,SCSA-SCSA_PLUS_V3,1369337343270862853,5,1,0.25794465882554235
28,SCSA-SCSA_PLUS_V3,1369383214062665731,6,1,0.21231615172448642
28,SCSA-SCSA_PLUS_V3,1367882927384768524,7,5,0.18593245686818094
28,SCSA-SCSA_PLUS_V3,1339525827118194689,8,3,0.1847967637226858
28,SCSA-SCSA_PLUS_V3,1364607745270423556,9,1,0.06771940752478592
28,SCSA-SCSA_PLUS_V3,1369386818169372680,10,1,0.04311492828944865
29,SCSA-SCSA_PLUS_V3,1366443197166096385,1,5,1.5957772464231668
29,SCSA-SCSA_PLUS_V3,1337463904566456320,2,3,0.8155706822986476
29,SCSA-SCSA_PLUS_V3,1337022746824499203,3,4,0.49913594604732003
29,SCSA-SCSA_PLUS_V3,1353502767352926208,4,3,0.3967179499554073
29,SCSA-SCSA_PLUS_V3,1365416645624143873,5,3,0.3275571515790408
29,SCSA-SCSA_PLUS_V3,1351920546011893761,6,3,0.23300483120727078
29,SCSA-SCSA_PLUS_V3,1363941648812675075,7,4,0.10728016499249413
29,SCSA-SCSA_PLUS_V3,1367947939579006979,8,5,-0.030313260564815366
29,SCSA-SCSA_PLUS_V3,1367894335233142789,9,4,-0.050049024130570774
29,SCSA-SCSA_PLUS_V3,1367946026674352134,10,4,-0.1042158531728413
30,SCSA-SCSA_PLUS_V3,1369017812165881859,1,3,1.1192311314602645
30,SCSA-SCSA_PLUS_V3,1368286394792046596,2,4,1.0362793849416732
30,SCSA-SCSA_PLUS_V3,1365320876510560258,3,5,0.9664637404231338
30,SCSA-SCSA_PLUS_V3,1367604109113655297,4,4,0.8582683302197434
30,SCSA-SCSA_PLUS_V3,1367315410106736640,5,4,0.7444674222775549
30,SCSA-SCSA_PLUS_V3,1367912923641737216,6,4,0.2188091883310141
30,SCSA-SCSA_PLUS_V3,1363941648812675075,7,5,0.10728016499249413
30,SCSA-SCSA_PLUS_V3,1367894335233142789,8,4,-0.050049024130570774
30,SCSA-SCSA_PLUS_V3,1367930915733835777,9,4,-0.20031951814933593
30,SCSA-SCSA_PLUS_V3,1367565062328623104,10,3,-0.34678494751102207
31,SCSA-SCSA_PLUS_V3,1336793663792406530,1,3,1.167193202573491
31,SCSA-SCSA_PLUS_V3,1337077938076979205,2,4,1.0265591845909863
31,SCSA-SCSA_PLUS_V3,1283518830950510593,3,2,0.6770280482527609
31,SCSA-SCSA_PLUS_V3,1317810926133874689,4,3,0.6739662531913994
31,SCSA-SCSA_PLUS_V3,1303840025000509448,5,2,0.630573910126294
31,SCSA-SCSA_PLUS_V3,1369372321736232963,6,1,0.2600110383628038
31,SCSA-SCSA_PLUS_V3,1369383214062665731,7,2,0.21231615172448642
31,SCSA-SCSA_PLUS_V3,1364607745270423556,8,4,0.06771940752478592
31,SCSA-SCSA_PLUS_V3,1369386818169372680,9,4,0.04311492828944865
31,SCSA-SCSA_PLUS_V3,1364664823984779267,10,3,-0.014835790876553536
32,SCSA-SCSA_PLUS_V3,1366932843067277314,1,2,1.6588000129821743
32,SCSA-SCSA_PLUS_V3,1369292125641269258,2,3,1.3481581010724641
32,SCSA-SCSA_PLUS_V3,1369030160943611907,3,1,1.198637540914666
32,SCSA-SCSA_PLUS_V3,1365007905318133766,4,1,1.0798822875777956
32,SCSA-SCSA_PLUS_V3,1361388306106318857,5,2,1.079869301197609
32,SCSA-SCSA_PLUS_V3,1361701236395958278,6,4,0.804326926603381
32,SCSA-SCSA_PLUS_V3,1369441382973272064,7,3,0.5719339171309006
32,SCSA-SCSA_PLUS_V3,1366709656974942211,8,3,0.5015178426844257
32,SCSA-SCSA_PLUS_V3,1364579317964034050,9,2,0.45500127547424424
32,SCSA-SCSA_PLUS_V3,1369458171467591683,10,4,0.3207896837680568
33,SCSA-SCSA_PLUS_V3,1369226601972563972,1,4,1.2922935271072034
33,SCSA-SCSA_PLUS_V3,1368622654870192131,2,4,1.232908549103502
33,SCSA-SCSA_PLUS_V3,1369619124318580736,3,4,1.0882287630382734
33,SCSA-SCSA_PLUS_V3,1369015794248671233,4,4,0.9909261809490948
33,SCSA-SCSA_PLUS_V3,1369438033892806663,5,4,0.9319087893455738
33,SCSA-SCSA_PLUS_V3,1369395335769038849,6,3,0.8194617876382176
33,SCSA-SCSA_PLUS_V3,1369495249417101312,7,4,0.6094909287974192
33,SCSA-SCSA_PLUS_V3,1369441382973272064,8,4,0.5719339171309006
33,SCSA-SCSA_PLUS_V3,1369458171467591683,9,3,0.3207896837680568
33,SCSA-SCSA_PLUS_V3,1369315042236174343,10,3,0.046414384283107485
34,SCSA-SCSA_PLUS_V3,1369226601972563972,1,2,1.2922935271072034
34,SCSA-SCSA_PLUS_V3,1368622654870192131,2,2,1.232908549103502
34,SCSA-SCSA_PLUS_V3,1369619124318580736,3,4,1.0882287630382734
34,SCSA-SCSA_PLUS_V3,1369015794248671233,4,2,0.9909261809490948
34,SCSA-SCSA_PLUS_V3,1369438033892806663,5,4,0.9319087893455738
34,SCSA-SCSA_PLUS_V3,1369395335769038849,6,4,0.8194617876382176
34,SCSA-SCSA_PLUS_V3,1369495249417101312,7,3,0.6094909287974192
34,SCSA-SCSA_PLUS_V3,1369441382973272064,8,4,0.5719339171309006
34,SCSA-SCSA_PLUS_V3,1369458171467591683,9,2,0.3207896837680568
34,SCSA-SCSA_PLUS_V3,1369315042236174343,10,4,0.046414384283107485
35,SCSA-SCSA_PLUS_V3,1364697022847209478,1,3,1.099845541674749
35,SCSA-SCSA_PLUS_V3,1353672852747284480,2,2,0.7262639556751396
35,SCSA-SCSA_PLUS_V3,1368760443498532864,3,2,0.376559545886762
35,SCSA-SCSA_PLUS_V3,1368777274506571779,4,1,0.3391228331218986
35,SCSA-SCSA_PLUS_V3,1369458171467591683,5,1,0.3207896837680568
35,SCSA-SCSA_PLUS_V3,1362196066431627265,6,3,0.2215632875952643
35,SCSA-SCSA_PLUS_V3,1362484293650567168,7,3,0.20082183849855006
35,SCSA-SCSA_PLUS_V3,1339525827118194689,8,3,0.1847967637226858
35,SCSA-SCSA_PLUS_V3,1367496989215248388,9,2,0.15931282038502687
35,SCSA-SCSA_PLUS_V3,1368744769686540290,10,2,0.05876550860144342
36,SCSA-SCSA_PLUS_V3,1354118501653483523,1,3,2.7152169680428013
36,SCSA-SCSA_PLUS_V3,1364624807220948994,2,3,1.961813706706049
36,SCSA-SCSA_PLUS_V3,1366115959623331844,3,3,1.7512802893487376
36,SCSA-SCSA_PLUS_V3,1333873034114064385,4,5,1.7419312994202771
36,SCSA-SCSA_PLUS_V3,1362069293790162946,5,4,1.4584666247599851
36,SCSA-SCSA_PLUS_V3,1365327872643260420,6,5,1.266392654155191
36,SCSA-SCSA_PLUS_V3,1321455751567532032,7,5,1.248016843570163
36,SCSA-SCSA_PLUS_V3,1343729046891347968,8,3,1.2207485353571699
36,SCSA-SCSA_PLUS_V3,1336793663792406530,9,5,1.167193202573491
36,SCSA-SCSA_PLUS_V3,1368286394792046596,10,5,1.0362793849416732
37,SCSA-SCSA_PLUS_V3,1354118501653483523,1,1,2.7152169680428013
37,SCSA-SCSA_PLUS_V3,1331744604891344896,2,4,1.112893877299948
37,SCSA-SCSA_PLUS_V3,1337463904566456320,3,4,0.8155706822986476
37,SCSA-SCSA_PLUS_V3,1353502767352926208,4,3,0.3967179499554073
37,SCSA-SCSA_PLUS_V3,1364321423901085698,5,1,0.345427660168139
37,SCSA-SCSA_PLUS_V3,1357375687967997959,6,3,0.331924419841852
37,SCSA-SCSA_PLUS_V3,1365416645624143873,7,2,0.3275571515790408
37,SCSA-SCSA_PLUS_V3,1351920546011893761,8,4,0.23300483120727078
37,SCSA-SCSA_PLUS_V3,1339525827118194689,9,5,0.1847967637226858
37,SCSA-SCSA_PLUS_V3,1368984433026596867,10,3,-0.0037886131102697305
38,SCSA-SCSA_PLUS_V3,1366932843067277314,1,4,1.6588000129821743
38,SCSA-SCSA_PLUS_V3,1369292125641269258,2,4,1.3481581010724641
38,SCSA-SCSA_PLUS_V3,1369030160943611907,3,4,1.198637540914666
38,SCSA-SCSA_PLUS_V3,1365007905318133766,4,4,1.0798822875777956
38,SCSA-SCSA_PLUS_V3,1361388306106318857,5,4,1.079869301197609
38,SCSA-SCSA_PLUS_V3,1369395335769038849,6,4,0.8194617876382176
38,SCSA-SCSA_PLUS_V3,1361701236395958278,7,4,0.804326926603381
38,SCSA-SCSA_PLUS_V3,1359577321695547392,8,4,0.7422847473734989
38,SCSA-SCSA_PLUS_V3,1366709656974942211,9,4,0.5015178426844257
38,SCSA-SCSA_PLUS_V3,1364579317964034050,10,3,0.45500127547424424
39,SCSA-SCSA_PLUS_V3,1369034842222985216,1,5,1.6051355995903052
39,SCSA-SCSA_PLUS_V3,1369017812165881859,2,5,1.1192311314602645
39,SCSA-SCSA_PLUS_V3,1368286394792046596,3,5,1.0362793849416732
39,SCSA-SCSA_PLUS_V3,1318667750408036352,4,5,0.9979718760114398
39,SCSA-SCSA_PLUS_V3,1367315410106736640,5,5,0.7444674222775549
39,SCSA-SCSA_PLUS_V3,1283518830950510593,6,5,0.6770280482527609
39,SCSA-SCSA_PLUS_V3,1317810926133874689,7,5,0.6739662531913994
39,SCSA-SCSA_PLUS_V3,1363941648812675075,8,4,0.10728016499249413
39,SCSA-SCSA_PLUS_V3,1364664823984779267,9,4,-0.014835790876553536
39,SCSA-SCSA_PLUS_V3,1367894335233142789,10,4,-0.050049024130570774
40,SCSA-SCSA_PLUS_V3,1331744604891344896,1,2,1.112893877299948
40,SCSA-SCSA_PLUS_V3,1331741612402237443,2,5,0.9963338639209485
40,SCSA-SCSA_PLUS_V3,1337463904566456320,3,3,0.8155706822986476
40,SCSA-SCSA_PLUS_V3,1358843677582401536,4,2,0.6295054879118872
40,SCSA-SCSA_PLUS_V3,1354565152939544576,5,1,0.6093309140512084
40,SCSA-SCSA_PLUS_V3,1358843515149504514,6,2,0.5357901947684937
40,SCSA-SCSA_PLUS_V3,1353502767352926208,7,2,0.3967179499554073
40,SCSA-SCSA_PLUS_V3,1357375687967997959,8,5,0.331924419841852
40,SCSA-SCSA_PLUS_V3,1365416645624143873,9,5,0.3275571515790408
40,SCSA-SCSA_PLUS_V3,1351920546011893761,10,5,0.23300483120727078
41,SCSA-SCSA_PLUS_V3,1354118501653483523,1,3,2.7152169680428013
41,SCSA-SCSA_PLUS_V3,1369034842222985216,2,2,1.6051355995903052
41,SCSA-SCSA_PLUS_V3,1369017812165881859,3,3,1.1192311314602645
41,SCSA-SCSA_PLUS_V3,1331744604891344896,4,1,1.112893877299948
41,SCSA-SCSA_PLUS_V3,1368286394792046596,5,1,1.0362793849416732
41,SCSA-SCSA_PLUS_V3,1331741612402237443,6,1,0.9963338639209485
41,SCSA-SCSA_PLUS_V3,1367604109113655297,7,2,0.8582683302197434
41,SCSA-SCSA_PLUS_V3,1337463904566456320,8,1,0.8155706822986476
41,SCSA-SCSA_PLUS_V3,1367315410106736640,9,1,0.7444674222775549
41,SCSA-SCSA_PLUS_V3,1358843515149504514,10,1,0.5357901947684937
42,SCSA-SCSA_PLUS_V3,1369034842222985216,1,1,1.6051355995903052
42,SCSA-SCSA_PLUS_V3,1367949455262060544,2,2,1.1820245901402078
42,SCSA-SCSA_PLUS_V3,1368286394792046596,3,1,1.0362793849416732
42,SCSA-SCSA_PLUS_V3,1288988861092245505,4,1,0.9971201008759726
42,SCSA-SCSA_PLUS_V3,1367315410106736640,5,1,0.7444674222775549
42,SCSA-SCSA_PLUS_V3,1363941648812675075,6,5,0.10728016499249413
42,SCSA-SCSA_PLUS_V3,1354545532044075013,7,2,0.10019810817747134
42,SCSA-SCSA_PLUS_V3,1367947939579006979,8,5,-0.030313260564815366
42,SCSA-SCSA_PLUS_V3,1367894335233142789,9,5,-0.050049024130570774
42,SCSA-SCSA_PLUS_V3,1367946026674352134,10,5,-0.1042158531728413
43,SCSA-SCSA_PLUS_V3,1331744604891344896,1,3,1.112893877299948
43,SCSA-SCSA_PLUS_V3,1331741612402237443,2,5,0.9963338639209485
43,SCSA-SCSA_PLUS_V3,1337463904566456320,3,3,0.8155706822986476
43,SCSA-SCSA_PLUS_V3,1358843677582401536,4,5,0.6295054879118872
43,SCSA-SCSA_PLUS_V3,1358843515149504514,5,3,0.5357901947684937
43,SCSA-SCSA_PLUS_V3,1353502767352926208,6,5,0.3967179499554073
43,SCSA-SCSA_PLUS_V3,1357375687967997959,7,3,0.331924419841852
43,SCSA-SCSA_PLUS_V3,1365416645624143873,8,3,0.3275571515790408
43,SCSA-SCSA_PLUS_V3,1368933410085945345,9,3,0.3136657160443221
43,SCSA-SCSA_PLUS_V3,1351920546011893761,10,3,0.23300483120727078
44,SCSA-SCSA_PLUS_V3,1327398719789150214,1,5,0.6858138188552843
44,SCSA-SCSA_PLUS_V3,1283518830950510593,2,5,0.6770280482527609
44,SCSA-SCSA_PLUS_V3,1317810926133874689,3,5,0.6739662531913994
44,SCSA-SCSA_PLUS_V3,1303840025000509448,4,3,0.630573910126294
44,SCSA-SCSA_PLUS_V3,1291862297665626112,5,5,0.6135451398291055
44,SCSA-SCSA_PLUS_V3,1317811466339221509,6,4,0.5288551969709856
44,SCSA-SCSA_PLUS_V3,1368777274506571779,7,2,0.3391228331218986
44,SCSA-SCSA_PLUS_V3,1339525827118194689,8,5,0.1847967637226858
44,SCSA-SCSA_PLUS_V3,1368217898095964166,9,5,0.08826642069931996
44,SCSA-SCSA_PLUS_V3,1364664823984779267,10,3,-0.014835790876553536
45,SCSA-SCSA_PLUS_V3,1350843455128399879,1,3,1.1618856126947954
45,SCSA-SCSA_PLUS_V3,1319402828285108225,2,5,1.1261404712749272
45,SCSA-SCSA_PLUS_V3,1367971795790397440,3,5,1.0163026822651595
45,SCSA-SCSA_PLUS_V3,1234157609395146753,4,3,0.9810669759850367
45,SCSA-SCSA_PLUS_V3,1319343716801236992,5,5,0.9797499501059507
45,SCSA-SCSA_PLUS_V3,1340409077751566338,6,3,0.7732977844665827
45,SCSA-SCSA_PLUS_V3,1334044250942676993,7,4,0.7649499826665267
45,SCSA-SCSA_PLUS_V3,1328417466272321537,8,5,0.3192805334566195
45,SCSA-SCSA_PLUS_V3,1167050866521780224,9,3,0.1290204508112968
45,SCSA-SCSA_PLUS_V3,1351283213403095045,10,5,-0.18743665916754834
46,SCSA-SCSA_PLUS_V3,1369226601972563972,1,3,1.2922935271072034
46,SCSA-SCSA_PLUS_V3,1368622654870192131,2,3,1.232908549103502
46,SCSA-SCSA_PLUS_V3,1369619124318580736,3,4,1.0882287630382734
46,SCSA-SCSA_PLUS_V3,1369015794248671233,4,3,0.9909261809490948
46,SCSA-SCSA_PLUS_V3,1369438033892806663,5,4,0.9319087893455738
46,SCSA-SCSA_PLUS_V3,1369395335769038849,6,3,0.8194617876382176
46,SCSA-SCSA_PLUS_V3,1369495249417101312,7,4,0.6094909287974192
46,SCSA-SCSA_PLUS_V3,1369441382973272064,8,4,0.5719339171309006
46,SCSA-SCSA_PLUS_V3,1369458171467591683,9,4,0.3207896837680568
46,SCSA-SCSA_PLUS_V3,1369315042236174343,10,3,0.046414384283107485
47,SCSA-SCSA_PLUS_V3,1331744604891344896,1,5,1.112893877299948
47,SCSA-SCSA_PLUS_V3,1331741612402237443,2,5,0.9963338639209485
47,SCSA-SCSA_PLUS_V3,1337463904566456320,3,5,0.8155706822986476
47,SCSA-SCSA_PLUS_V3,1358843677582401536,4,5,0.6295054879118872
47,SCSA-SCSA_PLUS_V3,1358843515149504514,5,5,0.5357901947684937
47,SCSA-SCSA_PLUS_V3,1337022746824499203,6,5,0.49913594604732003
47,SCSA-SCSA_PLUS_V3,1353502767352926208,7,5,0.3967179499554073
47,SCSA-SCSA_PLUS_V3,1357375687967997959,8,1,0.331924419841852
47,SCSA-SCSA_PLUS_V3,1365416645624143873,9,5,0.3275571515790408
47,SCSA-SCSA_PLUS_V3,1351920546011893761,10,5,0.23300483120727078
48,SCSA-SCSA_PLUS_V3,1368494502336475136,1,4,1.6182934886151936
48,SCSA-SCSA_PLUS_V3,1363181398908141579,2,3,1.266268736490703
48,SCSA-SCSA_PLUS_V3,1299756201509613568,3,3,1.266223082547084
48,SCSA-SCSA_PLUS_V3,1347166067995660290,4,2,1.143421929171729
48,SCSA-SCSA_PLUS_V3,1369367452661014538,5,4,0.8676767855400378
48,SCSA-SCSA_PLUS_V3,1368177229285502976,6,4,0.8205027380517301
48,SCSA-SCSA_PLUS_V3,1368271872002035713,7,4,0.7191645817000624
48,SCSA-SCSA_PLUS_V3,1369441796925886465,8,5,0.370517095900714
48,SCSA-SCSA_PLUS_V3,1325498916847153153,9,5,0.3133898620403182
48,SCSA-SCSA_PLUS_V3,1368300490895818755,10,4,-0.3362735700203139
49,SCSA-SCSA_PLUS_V3,1322257618178609153,1,5,2.65662952016622
49,SCSA-SCSA_PLUS_V3,1322257265496334336,2,2,2.6301939020332257
49,SCSA-SCSA_PLUS_V3,1369297616245231638,3,1,1.8817039449431046
49,SCSA-SCSA_PLUS_V3,1369054744786989056,4,2,1.5186631373542319
49,SCSA-SCSA_PLUS_V3,1324374402750767104,5,5,1.3086761791425776
49,SCSA-SCSA_PLUS_V3,1363181398908141579,6,1,1.266268736490703
49,SCSA-SCSA_PLUS_V3,1299756201509613568,7,1,1.266223082547084
49,SCSA-SCSA_PLUS_V3,1368177229285502976,8,5,0.8205027380517301
49,SCSA-SCSA_PLUS_V3,1368271872002035713,9,5,0.7191645817000624
49,SCSA-SCSA_PLUS_V3,1368932010971004931,10,5,-0.04163160287156896
50,SCSA-SCSA_PLUS_V3,1367113993815547906,1,5,1.5501020125593652
50,SCSA-SCSA_PLUS_V3,1364697022847209478,2,5,1.099845541674749
50,SCSA-SCSA_PLUS_V3,1367497561645457427,3,3,0.9687231050285712
50,SCSA-SCSA_PLUS_V3,1368760443498532864,4,5,0.376559545886762
50,SCSA-SCSA_PLUS_V3,1368777274506571779,5,5,0.3391228331218986
50,SCSA-SCSA_PLUS_V3,1362196066431627265,6,4,0.2215632875952643
50,SCSA-SCSA_PLUS_V3,1339525827118194689,7,4,0.1847967637226858
50,SCSA-SCSA_PLUS_V3,1368561200754270210,8,5,0.1628687325014879
50,SCSA-SCSA_PLUS_V3,1361046993158692866,9,5,0.1349586639325719
50,SCSA-SCSA_PLUS_V3,1369355243406954501,10,4,0.0653632784150107
51,SCSA-SCSA_PLUS_V3,1354118501653483523,1,5,2.7152169680428013
51,SCSA-SCSA_PLUS_V3,1369034842222985216,2,1,1.6051355995903052
51,SCSA-SCSA_PLUS_V3,1369017812165881859,3,5,1.1192311314602645
51,SCSA-SCSA_PLUS_V3,1368286394792046596,4,1,1.0362793849416732
51,SCSA-SCSA_PLUS_V3,1367315410106736640,5,1,0.7444674222775549
51,SCSA-SCSA_PLUS_V3,1364321423901085698,6,1,0.345427660168139
51,SCSA-SCSA_PLUS_V3,1339525827118194689,7,5,0.1847967637226858
51,SCSA-SCSA_PLUS_V3,1363941648812675075,8,1,0.10728016499249413
51,SCSA-SCSA_PLUS_V3,1368984433026596867,9,1,-0.0037886131102697305
51,SCSA-SCSA_PLUS_V3,1367894335233142789,10,1,-0.050049024130570774
53,SCSA-SCSA_PLUS_V3,1369034842222985216,1,1,1.6051355995903052
53,SCSA-SCSA_PLUS_V3,1365327872643260420,2,1,1.266392654155191
53,SCSA-SCSA_PLUS_V3,1336793663792406530,3,1,1.167193202573491
53,SCSA-SCSA_PLUS_V3,1368286394792046596,4,1,1.0362793849416732
53,SCSA-SCSA_PLUS_V3,1337077938076979205,5,1,1.0265591845909863
53,SCSA-SCSA_PLUS_V3,1367315410106736640,6,1,0.7444674222775549
53,SCSA-SCSA_PLUS_V3,1369383214062665731,7,1,0.21231615172448642
53,SCSA-SCSA_PLUS_V3,1363941648812675075,8,1,0.10728016499249413
53,SCSA-SCSA_PLUS_V3,1364607745270423556,9,1,0.06771940752478592
53,SCSA-SCSA_PLUS_V3,1367894335233142789,10,1,-0.050049024130570774
54,SCSA-SCSA_PLUS_V3,1354118501653483523,1,4,2.7152169680428013
54,SCSA-SCSA_PLUS_V3,1369034842222985216,2,4,1.6051355995903052
54,SCSA-SCSA_PLUS_V3,1369017812165881859,3,3,1.1192311314602645
54,SCSA-SCSA_PLUS_V3,1368286394792046596,4,4,1.0362793849416732
54,SCSA-SCSA_PLUS_V3,1367315410106736640,5,2,0.7444674222775549
54,SCSA-SCSA_PLUS_V3,1364321423901085698,6,4,0.345427660168139
54,SCSA-SCSA_PLUS_V3,1339525827118194689,7,3,0.1847967637226858
54,SCSA-SCSA_PLUS_V3,1363941648812675075,8,2,0.10728016499249413
54,SCSA-SCSA_PLUS_V3,1368984433026596867,9,3,-0.0037886131102697305
54,SCSA-SCSA_PLUS_V3,1367894335233142789,10,2,-0.050049024130570774
55,SCSA-SCSA_PLUS_V3,1368494502336475136,1,5,1.6182934886151936
55,SCSA-SCSA_PLUS_V3,1346121159134343168,2,5,1.3293154913751122
55,SCSA-SCSA_PLUS_V3,1363181398908141579,3,5,1.266268736490703
55,SCSA-SCSA_PLUS_V3,1299756201509613568,4,5,1.266223082547084
55,SCSA-SCSA_PLUS_V3,1347166067995660290,5,5,1.143421929171729
55,SCSA-SCSA_PLUS_V3,1369367452661014538,6,5,0.8676767855400378
55,SCSA-SCSA_PLUS_V3,1368177229285502976,7,5,0.8205027380517301
55,SCSA-SCSA_PLUS_V3,1368933410085945345,8,5,0.3136657160443221
55,SCSA-SCSA_PLUS_V3,1325498916847153153,9,5,0.3133898620403182
55,SCSA-SCSA_PLUS_V3,1368300490895818755,10,5,-0.3362735700203139
57,SCSA-SCSA_PLUS_V3,1247840496569012225,1,4,2.166431603981181
57,SCSA-SCSA_PLUS_V3,1369395335769038849,2,4,0.8194617876382176
57,SCSA-SCSA_PLUS_V3,1296511004063473667,3,5,0.7529801667215819
57,SCSA-SCSA_PLUS_V3,1070275243552489472,4,4,0.5664796506766296
57,SCSA-SCSA_PLUS_V3,1365047360934526982,5,4,0.5522531169040266
57,SCSA-SCSA_PLUS_V3,764216312134590466,6,4,0.49119346096361716
57,SCSA-SCSA_PLUS_V3,1238211420388569088,7,5,0.3256991374372566
57,SCSA-SCSA_PLUS_V3,1319651956579762176,8,5,0.2568116536333468
57,SCSA-SCSA_PLUS_V3,1291094964185825281,9,5,0.22166782451908473
57,SCSA-SCSA_PLUS_V3,1369315042236174343,10,4,0.046414384283107485
58,SCSA-SCSA_PLUS_V3,1369034842222985216,1,5,1.6051355995903052
58,SCSA-SCSA_PLUS_V3,1369017812165881859,2,5,1.1192311314602645
58,SCSA-SCSA_PLUS_V3,1368286394792046596,3,5,1.0362793849416732
58,SCSA-SCSA_PLUS_V3,1367604109113655297,4,5,0.8582683302197434
58,SCSA-SCSA_PLUS_V3,1367315410106736640,5,5,0.7444674222775549
58,SCSA-SCSA_PLUS_V3,1368641210533830657,6,5,0.4580853566741631
58,SCSA-SCSA_PLUS_V3,1367912923641737216,7,5,0.2188091883310141
58,SCSA-SCSA_PLUS_V3,1363941648812675075,8,5,0.10728016499249413
58,SCSA-SCSA_PLUS_V3,1367894335233142789,9,5,-0.050049024130570774
58,SCSA-SCSA_PLUS_V3,1367930915733835777,10,4,-0.20031951814933593
60,SCSA-SCSA_PLUS_V3,1354118501653483523,1,5,2.7152169680428013
60,SCSA-SCSA_PLUS_V3,1369034842222985216,2,5,1.6051355995903052
60,SCSA-SCSA_PLUS_V3,1369017812165881859,3,5,1.1192311314602645
60,SCSA-SCSA_PLUS_V3,1368286394792046596,4,5,1.0362793849416732
60,SCSA-SCSA_PLUS_V3,1367315410106736640,5,5,0.7444674222775549
60,SCSA-SCSA_PLUS_V3,1364321423901085698,6,5,0.345427660168139
60,SCSA-SCSA_PLUS_V3,1339525827118194689,7,5,0.1847967637226858
60,SCSA-SCSA_PLUS_V3,1363941648812675075,8,5,0.10728016499249413
60,SCSA-SCSA_PLUS_V3,1368984433026596867,9,5,-0.0037886131102697305
60,SCSA-SCSA_PLUS_V3,1367894335233142789,10,5,-0.050049024130570774
61,SCSA-SCSA_PLUS_V3,1354118501653483523,1,5,2.7152169680428013
61,SCSA-SCSA_PLUS_V3,1242143080616087552,2,2,1.5663486993634175
61,SCSA-SCSA_PLUS_V3,1367949455262060544,3,3,1.1820245901402078
61,SCSA-SCSA_PLUS_V3,1288988861092245505,4,3,0.9971201008759726
61,SCSA-SCSA_PLUS_V3,1357706176864129027,5,2,0.8961980641882769
61,SCSA-SCSA_PLUS_V3,1358610352313757697,6,3,0.3717646854763743
61,SCSA-SCSA_PLUS_V3,1364321423901085698,7,4,0.345427660168139
61,SCSA-SCSA_PLUS_V3,1339525827118194689,8,3,0.1847967637226858
61,SCSA-SCSA_PLUS_V3,1358615407775649792,9,2,0.18192816359889577
61,SCSA-SCSA_PLUS_V3,1368984433026596867,10,2,-0.0037886131102697305
62,SCSA-SCSA_PLUS_V3,1365327872643260420,1,3,1.266392654155191
62,SCSA-SCSA_PLUS_V3,1336793663792406530,2,2,1.167193202573491
62,SCSA-SCSA_PLUS_V3,1331744604891344896,3,1,1.112893877299948
62,SCSA-SCSA_PLUS_V3,1337077938076979205,4,3,1.0265591845909863
62,SCSA-SCSA_PLUS_V3,1337463904566456320,5,3,0.8155706822986476
62,SCSA-SCSA_PLUS_V3,1353502767352926208,6,3,0.3967179499554073
62,SCSA-SCSA_PLUS_V3,1365416645624143873,7,3,0.3275571515790408
62,SCSA-SCSA_PLUS_V3,1351920546011893761,8,3,0.23300483120727078
62,SCSA-SCSA_PLUS_V3,1369383214062665731,9,2,0.21231615172448642
62,SCSA-SCSA_PLUS_V3,1364607745270423556,10,3,0.06771940752478592
63,SCSA-SCSA_PLUS_V3,1366932843067277314,1,2,1.6588000129821743
63,SCSA-SCSA_PLUS_V3,1369292125641269258,2,5,1.3481581010724641
63,SCSA-SCSA_PLUS_V3,1369226601972563972,3,2,1.2922935271072034
63,SCSA-SCSA_PLUS_V3,1368622654870192131,4,5,1.232908549103502
63,SCSA-SCSA_PLUS_V3,1369030160943611907,5,5,1.198637540914666
63,SCSA-SCSA_PLUS_V3,1369619124318580736,6,5,1.0882287630382734
63,SCSA-SCSA_PLUS_V3,1365007905318133766,7,5,1.0798822875777956
63,SCSA-SCSA_PLUS_V3,1361388306106318857,8,3,1.079869301197609
63,SCSA-SCSA_PLUS_V3,1369438033892806663,9,5,0.9319087893455738
63,SCSA-SCSA_PLUS_V3,1361701236395958278,10,3,0.804326926603381
66,SCSA-SCSA_PLUS_V3,1321799645652307969,1,5,1.7554338370768687
66,SCSA-SCSA_PLUS_V3,1365629350721249281,2,5,1.3545456874397988
66,SCSA-SCSA_PLUS_V3,1327398719789150214,3,2,0.6858138188552843
66,SCSA-SCSA_PLUS_V3,1283518830950510593,4,2,0.6770280482527609
66,SCSA-SCSA_PLUS_V3,1303840025000509448,5,4,0.630573910126294
66,SCSA-SCSA_PLUS_V3,1291862297665626112,6,2,0.6135451398291055
66,SCSA-SCSA_PLUS_V3,1317811466339221509,7,3,0.5288551969709856
66,SCSA-SCSA_PLUS_V3,1308893236723953665,8,5,0.2846765834075129
66,SCSA-SCSA_PLUS_V3,1368217898095964166,9,5,0.08826642069931996
66,SCSA-SCSA_PLUS_V3,1364664823984779267,10,5,-0.014835790876553536
68,SCSA-SCSA_PLUS_V3,1333873034114064385,1,5,1.7419312994202771
68,SCSA-SCSA_PLUS_V3,1362069293790162946,2,5,1.4584666247599851
68,SCSA-SCSA_PLUS_V3,1369226601972563972,3,5,1.2922935271072034
68,SCSA-SCSA_PLUS_V3,1321455751567532032,4,5,1.248016843570163
68,SCSA-SCSA_PLUS_V3,1368622654870192131,5,5,1.232908549103502
68,SCSA-SCSA_PLUS_V3,1336793663792406530,6,5,1.167193202573491
68,SCSA-SCSA_PLUS_V3,1338592930022363139,7,5,1.0414461337133725
68,SCSA-SCSA_PLUS_V3,1337077938076979205,8,5,1.0265591845909863
68,SCSA-SCSA_PLUS_V3,1365320876510560258,9,4,0.9664637404231338
68,SCSA-SCSA_PLUS_V3,1320142365038817281,10,5,0.6910630304462398
70,SCSA-SCSA_PLUS_V3,1369226601972563972,1,3,1.2922935271072034
70,SCSA-SCSA_PLUS_V3,1368622654870192131,2,3,1.232908549103502
70,SCSA-SCSA_PLUS_V3,1369619124318580736,3,4,1.0882287630382734
70,SCSA-SCSA_PLUS_V3,1369438033892806663,4,3,0.9319087893455738
70,SCSA-SCSA_PLUS_V3,1369495249417101312,5,5,0.6094909287974192
70,SCSA-SCSA_PLUS_V3,1369441382973272064,6,5,0.5719339171309006
70,SCSA-SCSA_PLUS_V3,1364851499042537474,7,2,0.511474026778284
70,SCSA-SCSA_PLUS_V3,1352937076669476864,8,3,0.3459659341952648
70,SCSA-SCSA_PLUS_V3,1369458171467591683,9,3,0.3207896837680568
70,SCSA-SCSA_PLUS_V3,1352554075657801732,10,3,0.08944720469565196
71,SCSA-SCSA_PLUS_V3,1354118501653483523,1,4,2.7152169680428013
71,SCSA-SCSA_PLUS_V3,1336793663792406530,2,4,1.167193202573491
71,SCSA-SCSA_PLUS_V3,1337077938076979205,3,4,1.0265591845909863
71,SCSA-SCSA_PLUS_V3,1364321423901085698,4,5,0.345427660168139
71,SCSA-SCSA_PLUS_V3,1369372321736232963,5,5,0.2600110383628038
71,SCSA-SCSA_PLUS_V3,1369383214062665731,6,4,0.21231615172448642
71,SCSA-SCSA_PLUS_V3,1339525827118194689,7,5,0.1847967637226858
71,SCSA-SCSA_PLUS_V3,1364607745270423556,8,5,0.06771940752478592
71,SCSA-SCSA_PLUS_V3,1369386818169372680,9,5,0.04311492828944865
71,SCSA-SCSA_PLUS_V3,1368984433026596867,10,5,-0.0037886131102697305
72,SCSA-SCSA_PLUS_V3,1329861315624660993,1,5,0.9482658291940979
72,SCSA-SCSA_PLUS_V3,1355169402128363523,2,5,0.7306858206080997
72,SCSA-SCSA_PLUS_V3,1356662728111181824,3,5,0.7055345300078889
72,SCSA-SCSA_PLUS_V3,1356255352145272832,4,5,0.6875398424886751
72,SCSA-SCSA_PLUS_V3,1354446870312005635,5,5,0.6404890815525649
72,SCSA-SCSA_PLUS_V3,1312137847378386944,6,5,0.6245503800727563
72,SCSA-SCSA_PLUS_V3,1334873804582121475,7,5,0.5616898635031321
72,SCSA-SCSA_PLUS_V3,1367532398825648130,8,5,0.539958686236552
72,SCSA-SCSA_PLUS_V3,1365767910543691777,9,5,0.24089138237852958
72,SCSA-SCSA_PLUS_V3,1343929726579187713,10,5,-0.13802067126729173
73,SCSA-SCSA_PLUS_V3,1366932843067277314,1,1,1.6588000129821743
73,SCSA-SCSA_PLUS_V3,1369292125641269258,2,5,1.3481581010724641
73,SCSA-SCSA_PLUS_V3,1369030160943611907,3,2,1.198637540914666
73,SCSA-SCSA_PLUS_V3,1365007905318133766,4,4,1.0798822875777956
73,SCSA-SCSA_PLUS_V3,1361388306106318857,5,3,1.079869301197609
73,SCSA-SCSA_PLUS_V3,1369395335769038849,6,5,0.8194617876382176
73,SCSA-SCSA_PLUS_V3,1361701236395958278,7,1,0.804326926603381
73,SCSA-SCSA_PLUS_V3,1366709656974942211,8,1,0.5015178426844257
73,SCSA-SCSA_PLUS_V3,1364579317964034050,9,2,0.45500127547424424
73,SCSA-SCSA_PLUS_V3,1369458171467591683,10,1,0.3207896837680568
74,SCSA-SCSA_PLUS_V3,1369226601972563972,1,4,1.2922935271072034
74,SCSA-SCSA_PLUS_V3,1368622654870192131,2,3,1.232908549103502
74,SCSA-SCSA_PLUS_V3,1369619124318580736,3,5,1.0882287630382734
74,SCSA-SCSA_PLUS_V3,1369015794248671233,4,4,0.9909261809490948
74,SCSA-SCSA_PLUS_V3,1369438033892806663,5,4,0.9319087893455738
74,SCSA-SCSA_PLUS_V3,1369395335769038849,6,4,0.8194617876382176
74,SCSA-SCSA_PLUS_V3,1369495249417101312,7,5,0.6094909287974192
74,SCSA-SCSA_PLUS_V3,1369441382973272064,8,4,0.5719339171309006
74,SCSA-SCSA_PLUS_V3,1369458171467591683,9,5,0.3207896837680568
74,SCSA-SCSA_PLUS_V3,1369315042236174343,10,5,0.046414384283107485
76,SCSA-SCSA_PLUS_V3,1331744604891344896,1,2,1.112893877299948
76,SCSA-SCSA_PLUS_V3,1331741612402237443,2,4,0.9963338639209485
76,SCSA-SCSA_PLUS_V3,1290659734639521798,3,4,0.9113687911734216
76,SCSA-SCSA_PLUS_V3,1337463904566456320,4,2,0.8155706822986476
76,SCSA-SCSA_PLUS_V3,1358843677582401536,5,5,0.6295054879118872
76,SCSA-SCSA_PLUS_V3,1358843515149504514,6,4,0.5357901947684937
76,SCSA-SCSA_PLUS_V3,1353502767352926208,7,2,0.3967179499554073
76,SCSA-SCSA_PLUS_V3,1357375687967997959,8,2,0.331924419841852
76,SCSA-SCSA_PLUS_V3,1365416645624143873,9,2,0.3275571515790408
76,SCSA-SCSA_PLUS_V3,1351920546011893761,10,2,0.23300483120727078
77,SCSA-SCSA_PLUS_V3,1369226601972563972,1,5,1.2922935271072034
77,SCSA-SCSA_PLUS_V3,1368622654870192131,2,4,1.232908549103502
77,SCSA-SCSA_PLUS_V3,1369619124318580736,3,5,1.0882287630382734
77,SCSA-SCSA_PLUS_V3,1369015794248671233,4,5,0.9909261809490948
77,SCSA-SCSA_PLUS_V3,1369438033892806663,5,5,0.9319087893455738
77,SCSA-SCSA_PLUS_V3,1369395335769038849,6,5,0.8194617876382176
77,SCSA-SCSA_PLUS_V3,1364851499042537474,7,5,0.511474026778284
77,SCSA-SCSA_PLUS_V3,1369458171467591683,8,4,0.3207896837680568
77,SCSA-SCSA_PLUS_V3,1352554075657801732,9,5,0.08944720469565196
77,SCSA-SCSA_PLUS_V3,1369315042236174343,10,3,0.046414384283107485
78,SCSA-SCSA_PLUS_V3,1345510484213075968,1,1,2.1292907541591752
78,SCSA-SCSA_PLUS_V3,1366232555037462531,2,4,1.6071564680228752
78,SCSA-SCSA_PLUS_V3,1326736922199257089,3,1,1.1994483521939485
78,SCSA-SCSA_PLUS_V3,1367649223601238016,4,2,1.1137830723456472
78,SCSA-SCSA_PLUS_V3,1319343716801236992,5,2,0.9797499501059507
78,SCSA-SCSA_PLUS_V3,1368584215403655171,6,1,0.44905017748663656
78,SCSA-SCSA_PLUS_V3,1367170047081402380,7,1,0.43262023827599305
78,SCSA-SCSA_PLUS_V3,1368933410085945345,8,1,0.3136657160443221
78,SCSA-SCSA_PLUS_V3,1367531774012751878,9,1,0.25021185442009536
78,SCSA-SCSA_PLUS_V3,1368561200754270210,10,4,0.1628687325014879
79,SCSA-SCSA_PLUS_V3,1364624807220948994,1,5,1.961813706706049
79,SCSA-SCSA_PLUS_V3,1366115959623331844,2,5,1.7512802893487376
79,SCSA-SCSA_PLUS_V3,1333873034114064385,3,3,1.7419312994202771
79,SCSA-SCSA_PLUS_V3,1362069293790162946,4,5,1.4584666247599851
79,SCSA-SCSA_PLUS_V3,1321455751567532032,5,5,1.248016843570163
79,SCSA-SCSA_PLUS_V3,1343729046891347968,6,5,1.2207485353571699
79,SCSA-SCSA_PLUS_V3,1360346403873181707,7,4,0.667160403679602
79,SCSA-SCSA_PLUS_V3,1362872757109809152,8,4,0.5875506571272201
79,SCSA-SCSA_PLUS_V3,1347619092417548288,9,5,0.2423936347502989
79,SCSA-SCSA_PLUS_V3,1359932980974657536,10,4,0.186971450705317
81,SCSA-SCSA_PLUS_V3,1333873034114064385,1,5,1.7419312994202771
81,SCSA-SCSA_PLUS_V3,1362069293790162946,2,5,1.4584666247599851
81,SCSA-SCSA_PLUS_V3,1367497561645457427,3,5,0.9687231050285712
81,SCSA-SCSA_PLUS_V3,1369367467001315336,4,4,0.703703801355223
81,SCSA-SCSA_PLUS_V3,1368170081633644548,5,4,0.6970288434928659
81,SCSA-SCSA_PLUS_V3,1368501683219693570,6,5,0.5671786267242478
81,SCSA-SCSA_PLUS_V3,1369458171467591683,7,5,0.3207896837680568
81,SCSA-SCSA_PLUS_V3,1367822755769573377,8,5,0.19869071608015884
81,SCSA-SCSA_PLUS_V3,1359932980974657536,9,5,0.186971450705317
81,SCSA-SCSA_PLUS_V3,1368561200754270210,10,5,0.1628687325014879
